event,pc_time_s,controller_timestamp,robot_mode,axis,target_speed_deg_s,target_delta_deg,selected_actual_deg_s,speed_error_deg_s,command_interval_ms,command_latency_ms,target_x,target_y,target_z,target_rx,target_ry,target_rz,actual_x,actual_y,actual_z,actual_rx,actual_ry,actual_rz,tcp_vx,tcp_vy,tcp_vz,tcp_wx,tcp_wy,tcp_wz,response
feedback,0.009674,1786439797727,5,Ry,0.000000,0.000000,0.008669,0.008669,,,435.909576,-66.846169,179.602417,-160.574951,58.523895,-163.261093,435.909180,-66.846695,179.602188,-160.574951,58.523869,-163.261139,-0.051557,-0.138633,-0.067903,-0.005623,0.005352,-0.019566,
command,0.000014,,,Ry,5.000000,15.000000,,,,11.606,435.909576,-66.846169,179.602417,-160.574951,58.523895,-163.261093,,,,,,,,,,,,,"0,{1468},RelMovLTool(0.000000,0.000000,0.000000,0.000000,15.000000,0.000000,a=30,v=23,cp=0);"
feedback,0.014286,1786439797735,7,Ry,5.000000,15.000000,0.006284,-4.993716,,,435.909576,-66.846169,179.602417,-160.574951,58.523895,-163.261093,435.909546,-66.846199,179.602524,-160.575134,58.523975,-163.261261,-0.021889,-0.029559,-0.006021,0.018163,0.002967,-0.019358,
feedback,0.022436,1786439797744,7,Ry,5.000000,15.000000,0.012693,-4.987307,,,435.909576,-66.846169,179.602417,-160.574951,58.523895,-163.261093,435.909088,-66.846825,179.602097,-160.574875,58.523857,-163.261093,-0.101744,-0.056436,-0.066721,-0.019706,0.013053,0.000929,
feedback,0.030848,1786439797752,7,Ry,5.000000,15.000000,-0.017909,-5.017909,,,435.909576,-66.846169,179.602417,-160.574951,58.523895,-163.261093,435.909851,-66.846382,179.602570,-160.574936,58.523994,-163.261093,0.131061,0.016760,0.040330,-0.001889,-0.017175,0.005729,
feedback,0.038938,1786439797756,7,Ry,5.000000,15.000000,-0.020294,-5.020294,,,435.909576,-66.846169,179.602417,-160.574951,58.523895,-163.261093,435.909760,-66.846222,179.602676,-160.574982,58.523975,-163.261124,0.072500,0.096138,0.125141,0.015950,-0.018964,0.009319,
feedback,0.047244,1786439797765,7,Ry,5.000000,15.000000,0.007351,-4.992649,,,435.909576,-66.846169,179.602417,-160.574951,58.523895,-163.261093,435.909515,-66.846588,179.602554,-160.574905,58.523941,-163.261093,-0.087456,-0.123363,-0.052178,-0.015002,0.004793,-0.015152,
feedback,0.055550,1786439797773,7,Ry,5.000000,15.000000,-0.014828,-5.014828,,,435.909576,-66.846169,179.602417,-160.574951,58.523895,-163.261093,435.909943,-66.845978,179.602783,-160.575089,58.524014,-163.261169,0.088476,0.195442,0.032990,0.026572,-0.010742,0.024471,
feedback,0.063593,1786439797782,7,Ry,5.000000,15.000000,0.011625,-4.988375,,,435.909576,-66.846169,179.602417,-160.574951,58.523895,-163.261093,435.909546,-66.846199,179.602524,-160.574966,58.523941,-163.261063,-0.049823,0.032775,-0.082447,-0.016274,0.014208,0.013629,
feedback,0.071906,1786439797790,7,Ry,5.000000,15.000000,0.002510,-4.997490,,,435.909576,-66.846169,179.602417,-160.574951,58.523895,-163.261093,435.910400,-66.845734,179.603043,-160.575104,58.523956,-163.261169,0.070413,-0.053197,0.071366,0.003433,0.001155,-0.007899,
feedback,0.079763,1786439797799,7,Ry,5.000000,15.000000,0.083065,-4.916935,,,435.909576,-66.846169,179.602417,-160.574951,58.523895,-163.261093,435.912262,-66.845398,179.605347,-160.575180,58.523491,-163.261322,0.233019,0.034046,0.328627,-0.029394,0.081693,-0.015048,
feedback,0.088088,1786439797807,7,Ry,5.000000,15.000000,0.267162,-4.732838,,,435.909576,-66.846169,179.602417,-160.574951,58.523895,-163.261093,435.916718,-66.843140,179.610626,-160.575729,58.521851,-163.261810,0.575489,0.359364,0.804470,-0.016287,0.270232,-0.005963,
feedback,0.096249,1786439797815,7,Ry,5.000000,15.000000,0.665578,-4.334422,,,435.909576,-66.846169,179.602417,-160.574951,58.523895,-163.261093,435.917633,-66.843323,179.616653,-160.576950,58.517193,-163.263443,0.051930,0.111407,0.767521,-0.072280,0.664206,-0.066014,
feedback,0.104577,1786439797824,7,Ry,5.000000,15.000000,0.956487,-4.043513,,,435.909576,-66.846169,179.602417,-160.574951,58.523895,-163.261093,435.918396,-66.842506,179.622925,-160.579636,58.510326,-163.266586,0.117453,0.056562,0.741428,-0.078238,0.949260,-0.124673,
feedback,0.112509,1786439797832,7,Ry,5.000000,15.000000,1.153843,-3.846157,,,435.909576,-66.846169,179.602417,-160.574951,58.523895,-163.261093,435.918823,-66.842461,179.629196,-160.583694,58.501678,-163.271576,0.238149,0.124540,0.875178,-0.036636,1.138500,-0.187963,
feedback,0.121123,1786439797841,7,Ry,5.000000,15.000000,1.341832,-3.658168,,,435.909576,-66.846169,179.602417,-160.574951,58.523895,-163.261093,435.917267,-66.843880,179.635254,-160.590439,58.486446,-163.279922,-0.108965,-0.135765,0.408925,-0.077359,1.321909,-0.230381,
feedback,0.129124,1786439797849,7,Ry,5.000000,15.000000,1.348875,-3.651125,,,435.909576,-66.846169,179.602417,-160.574951,58.523895,-163.261093,435.916077,-66.844849,179.637360,-160.595779,58.476101,-163.286362,-0.071837,-0.012310,0.231859,-0.008907,1.328815,-0.231777,
feedback,0.137237,1786439797857,7,Ry,5.000000,15.000000,1.477609,-3.522391,,,435.909576,-66.846169,179.602417,-160.574951,58.523895,-163.261093,435.913055,-66.847061,179.636917,-160.601166,58.465134,-163.293091,-0.518357,-0.323097,-0.147843,-0.058064,1.451972,-0.274654,
feedback,0.145263,1786439797866,7,Ry,5.000000,15.000000,1.856113,-3.143887,,,435.909576,-66.846169,179.602417,-160.574951,58.523895,-163.261093,435.906189,-66.849564,179.634125,-160.607483,58.451794,-163.300659,-1.111382,-0.456112,-0.490759,-0.117609,1.833407,-0.291163,
feedback,0.153202,1786439797874,7,Ry,5.000000,15.000000,2.385474,-2.614526,,,435.909576,-66.846169,179.602417,-160.574951,58.523895,-163.261093,435.896667,-66.854012,179.628632,-160.615402,58.434490,-163.310410,-1.276962,-0.616074,-0.723984,-0.130002,2.353186,-0.391815,
feedback,0.161332,1786439797883,7,Ry,5.000000,15.000000,2.853451,-2.146549,,,435.909576,-66.846169,179.602417,-160.574951,58.523895,-163.261093,435.886993,-66.858871,179.623489,-160.625412,58.413841,-163.322617,-1.252661,-0.585687,-0.686421,-0.102436,2.810818,-0.491421,
feedback,0.169742,1786439797891,7,Ry,5.000000,15.000000,3.218354,-1.781646,,,435.909576,-66.846169,179.602417,-160.574951,58.523895,-163.261093,435.880219,-66.862167,179.619598,-160.637405,58.390038,-163.336960,-0.678917,-0.209888,-0.488050,-0.117701,3.179682,-0.500915,
feedback,0.178066,1786439797899,7,Ry,5.000000,15.000000,3.481795,-1.518205,,,435.909576,-66.846169,179.602417,-160.574951,58.523895,-163.261093,435.880737,-66.863533,179.620377,-160.651306,58.364075,-163.353821,0.343769,-0.004015,0.316243,-0.025600,3.422004,-0.643673,
feedback,0.186164,1786439797904,7,Ry,5.000000,15.000000,3.546242,-1.453758,,,435.909576,-66.846169,179.602417,-160.574951,58.523895,-163.261093,435.885864,-66.862740,179.622314,-160.659149,58.350769,-163.363220,1.281585,0.197034,0.485329,0.034621,3.481504,-0.677357,
feedback,0.195988,1786439797912,7,Ry,5.000000,15.000000,3.677671,-1.322329,,,435.909576,-66.846169,179.602417,-160.574951,58.523895,-163.261093,435.898529,-66.858574,179.629395,-160.676178,58.323803,-163.383331,1.515103,0.490795,0.713103,0.081780,3.613165,-0.687557,
feedback,0.202763,1786439797920,7,Ry,5.000000,15.000000,3.613980,-1.386020,,,435.909576,-66.846169,179.602417,-160.574951,58.523895,-163.261093,435.911255,-66.849876,179.633179,-160.702911,58.282444,-163.413544,1.463422,1.016313,0.651094,0.178320,3.570655,-0.561933,
feedback,0.211184,1786439797929,7,Ry,5.000000,15.000000,3.965855,-1.034145,,,435.909576,-66.846169,179.602417,-160.574951,58.523895,-163.261093,435.917084,-66.833282,179.632629,-160.723953,58.253155,-163.433228,0.608822,2.432426,-0.210535,0.335496,4.007647,-0.110267,
feedback,0.218689,1786439797937,7,Ry,5.000000,15.000000,4.134225,-0.865775,,,435.909576,-66.846169,179.602417,-160.574951,58.523895,-163.261093,435.923462,-66.821777,179.634583,-160.744278,58.222187,-163.453659,0.898291,0.778155,0.475545,0.063412,4.098808,-0.562626,
feedback,0.227260,1786439797946,7,Ry,5.000000,15.000000,4.443424,-0.556576,,,435.909576,-66.846169,179.602417,-160.574951,58.523895,-163.261093,435.931671,-66.821762,179.640198,-160.762741,58.189411,-163.475876,0.984786,-0.150696,0.682239,-0.028526,4.361115,-0.855516,
feedback,0.235325,1786439797954,7,Ry,5.000000,15.000000,4.790738,-0.209262,,,435.909576,-66.846169,179.602417,-160.574951,58.523895,-163.261093,435.934845,-66.824104,179.642014,-160.781067,58.153557,-163.498337,0.210961,-0.460639,0.134170,-0.111674,4.708778,-0.883872,
feedback,0.245163,1786439797963,7,Ry,5.000000,15.000000,5.152805,0.152805,,,435.909576,-66.846169,179.602417,-160.574951,58.523895,-163.261093,435.933167,-66.827690,179.640411,-160.799881,58.114891,-163.521225,-0.207787,-0.408497,-0.256709,-0.188568,5.077691,-0.876698,
feedback,0.251783,1786439797971,7,Ry,5.000000,15.000000,5.123183,0.123183,,,435.909576,-66.846169,179.602417,-160.574951,58.523895,-163.261093,435.936768,-66.829140,179.642807,-160.818878,58.075878,-163.544434,0.588459,-0.058541,0.323277,-0.196673,5.048585,-0.871175,
feedback,0.260780,1786439797979,7,Ry,5.000000,15.000000,5.047624,0.047624,,,435.909576,-66.846169,179.602417,-160.574951,58.523895,-163.261093,435.945526,-66.826530,179.649765,-160.839081,58.037430,-163.568649,1.304120,0.563129,0.967630,-0.057559,4.974186,-0.858068,
feedback,0.267951,1786439797988,7,Ry,5.000000,15.000000,4.869989,-0.130011,,,435.909576,-66.846169,179.602417,-160.574951,58.523895,-163.261093,435.955322,-66.823746,179.659073,-160.859406,58.000195,-163.593094,1.214353,0.345033,1.233169,0.012909,4.784677,-0.909866,
feedback,0.276458,1786439797996,7,Ry,5.000000,15.000000,4.860626,-0.139374,,,435.909576,-66.846169,179.602417,-160.574951,58.523895,-163.261093,435.959137,-66.823471,179.664474,-160.880203,57.962440,-163.618164,0.750189,0.018014,0.905445,0.036875,4.767882,-0.951178,
feedback,0.284004,1786439798005,7,Ry,5.000000,15.000000,4.860142,-0.139858,,,435.909576,-66.846169,179.602417,-160.574951,58.523895,-163.261093,435.968597,-66.819473,179.671982,-160.916672,57.907959,-163.661133,0.929591,0.443774,0.633181,0.267051,4.762322,-0.980018,
feedback,0.293322,1786439798013,7,Ry,5.000000,15.000000,4.709958,-0.290042,,,435.909576,-66.846169,179.602417,-160.574951,58.523895,-163.261093,435.980194,-66.816078,179.679367,-160.940155,57.872952,-163.688919,1.646236,0.536156,1.029567,0.254082,4.612660,-0.963913,
feedback,0.302697,1786439798021,7,Ry,5.000000,15.000000,4.866229,-0.133771,,,435.909576,-66.846169,179.602417,-160.574951,58.523895,-163.261093,435.986816,-66.814590,179.682907,-160.963257,57.837318,-163.716293,0.557715,0.070860,0.285813,0.171491,4.771747,-0.961604,
feedback,0.308731,1786439798030,7,Ry,5.000000,15.000000,5.088782,0.088782,,,435.909576,-66.846169,179.602417,-160.574951,58.523895,-163.261093,435.981903,-66.818001,179.680389,-160.985962,57.799706,-163.743546,-0.867257,-0.447661,-0.551432,0.103876,4.992201,-0.992971,
feedback,0.316819,1786439798038,7,Ry,5.000000,15.000000,5.206163,0.206163,,,435.909576,-66.846169,179.602417,-160.574951,58.523895,-163.261093,435.975037,-66.820854,179.677322,-161.008163,57.760956,-163.770142,-0.850389,-0.199356,-0.412781,0.045120,5.120483,-0.941402,
feedback,0.326214,1786439798043,7,Ry,5.000000,15.000000,5.265395,0.265395,,,435.909576,-66.846169,179.602417,-160.574951,58.523895,-163.261093,435.971191,-66.821815,179.675049,-161.019287,57.741100,-163.783310,-0.960383,-0.241507,-0.562224,0.038049,5.180727,-0.940843,
feedback,0.333225,1786439798051,7,Ry,5.000000,15.000000,5.396696,0.396696,,,435.909576,-66.846169,179.602417,-160.574951,58.523895,-163.261093,435.960480,-66.824547,179.668320,-161.041504,57.700642,-163.809479,-1.615572,-0.472166,-1.074711,-0.009926,5.317299,-0.922427,
feedback,0.341316,1786439798059,7,Ry,5.000000,15.000000,5.449576,0.449576,,,435.909576,-66.846169,179.602417,-160.574951,58.523895,-163.261093,435.946014,-66.829918,179.658203,-161.063019,57.659393,-163.835052,-1.895925,-0.571564,-1.320335,-0.073971,5.377090,-0.887857,
feedback,0.349796,1786439798068,7,Ry,5.000000,15.000000,5.584148,0.584148,,,435.909576,-66.846169,179.602417,-160.574951,58.523895,-163.261093,435.925629,-66.838097,179.643082,-161.082581,57.616795,-163.858429,-2.817465,-1.084755,-2.089536,-0.223094,5.521131,-0.845923,
feedback,0.357931,1786439798077,7,Ry,5.000000,15.000000,5.217844,0.217844,,,435.909576,-66.846169,179.602417,-160.574951,58.523895,-163.261093,435.912170,-66.843407,179.632355,-161.115662,57.556637,-163.897858,-0.540873,-0.271117,-0.479767,0.137590,5.117492,-1.025638,
feedback,0.366285,1786439798085,7,Ry,5.000000,15.000000,4.992353,-0.007647,,,435.909576,-66.846169,179.602417,-160.574951,58.523895,-163.261093,435.908600,-66.845932,179.629883,-161.138535,57.518654,-163.925491,-0.263919,-0.333339,-0.122635,0.177019,4.882407,-1.060328,
feedback,0.374842,1786439798093,7,Ry,5.000000,15.000000,5.109619,0.109619,,,435.909576,-66.846169,179.602417,-160.574951,58.523895,-163.261093,435.899719,-66.848465,179.625763,-161.161514,57.480293,-163.952850,-1.238283,-0.235660,-0.538344,0.151395,5.016651,-0.974276,
feedback,0.383392,1786439798102,7,Ry,5.000000,15.000000,4.882697,-0.117303,,,435.909576,-66.846169,179.602417,-160.574951,58.523895,-163.261093,435.896912,-66.848335,179.625839,-161.184555,57.443439,-163.980042,0.119460,0.094444,0.299311,0.221380,4.784616,-0.983423,
feedback,0.391378,1786439798110,7,Ry,5.000000,15.000000,4.799235,-0.200765,,,435.909576,-66.846169,179.602417,-160.574951,58.523895,-163.261093,435.905182,-66.845245,179.632553,-161.207550,57.408344,-164.007111,1.293614,0.468589,1.070998,0.250534,4.706003,-0.948601,
feedback,0.399408,1786439798119,7,Ry,5.000000,15.000000,4.951151,-0.048849,,,435.909576,-66.846169,179.602417,-160.574951,58.523895,-163.261093,435.909698,-66.844467,179.636520,-161.229401,57.371567,-164.032898,0.401075,-0.074095,0.364904,0.116250,4.861208,-0.943278,
feedback,0.407569,1786439798127,7,Ry,5.000000,15.000000,5.144160,0.144160,,,435.909576,-66.846169,179.602417,-160.574951,58.523895,-163.261093,435.906982,-66.845673,179.635910,-161.250565,57.333260,-164.058014,-0.616745,-0.146340,-0.294388,0.022125,5.067126,-0.886918,
feedback,0.417002,1786439798136,7,Ry,5.000000,15.000000,5.164480,0.164480,,,435.909576,-66.846169,179.602417,-160.574951,58.523895,-163.261093,435.905518,-66.846794,179.635361,-161.272278,57.294518,-164.083954,-0.225443,-0.086522,-0.030237,0.070161,5.079120,-0.935929,
feedback,0.423306,1786439798144,7,Ry,5.000000,15.000000,5.101090,0.101090,,,435.909576,-66.846169,179.602417,-160.574951,58.523895,-163.261093,435.911041,-66.842751,179.639801,-161.294327,57.256184,-164.109436,0.672217,0.669464,0.564415,0.136909,5.034358,-0.824600,
feedback,0.431743,1786439798152,7,Ry,5.000000,15.000000,5.231048,0.231048,,,435.909576,-66.846169,179.602417,-160.574951,58.523895,-163.261093,435.914215,-66.837936,179.644470,-161.326920,57.197884,-164.147079,-0.292941,0.155577,0.047003,0.043752,5.155254,-0.887458,
feedback,0.439697,1786439798161,7,Ry,5.000000,15.000000,5.087062,0.087062,,,435.909576,-66.846169,179.602417,-160.574951,58.523895,-163.261093,435.913818,-66.836380,179.646072,-161.348068,57.159050,-164.171814,0.134346,0.311095,0.313457,0.088018,5.013935,-0.859712,
feedback,0.447765,1786439798169,7,Ry,5.000000,15.000000,4.970271,-0.029729,,,435.909576,-66.846169,179.602417,-160.574951,58.523895,-163.261093,435.918732,-66.831253,179.650085,-161.370865,57.121532,-164.197678,0.792487,0.904496,0.659617,0.232358,4.909343,-0.780157,
feedback,0.456083,1786439798177,7,Ry,5.000000,15.000000,4.834290,-0.165710,,,435.909576,-66.846169,179.602417,-160.574951,58.523895,-163.261093,435.930481,-66.825890,179.656387,-161.391312,57.084663,-164.221405,1.536431,0.611454,0.922046,0.083203,4.761537,-0.835503,
feedback,0.466892,1786439798186,7,Ry,5.000000,15.000000,4.807166,-0.192834,,,435.909576,-66.846169,179.602417,-160.574951,58.523895,-163.261093,435.941498,-66.821587,179.662888,-161.411118,57.048683,-164.244644,0.964289,0.424287,0.595796,0.037544,4.737978,-0.812912,
feedback,0.472880,1786439798194,7,Ry,5.000000,15.000000,4.623562,-0.376438,,,435.909576,-66.846169,179.602417,-160.574951,58.523895,-163.261093,435.953156,-66.816643,179.668457,-161.431076,57.013081,-164.267899,1.799802,0.766466,0.845456,0.071775,4.560173,-0.763914,
feedback,0.480606,1786439798198,7,Ry,5.000000,15.000000,4.742627,-0.257373,,,435.909576,-66.846169,179.602417,-160.574951,58.523895,-163.261093,435.959045,-66.813797,179.671875,-161.440842,56.995140,-164.279236,1.469893,0.710293,0.857109,0.063759,4.677008,-0.786987,
feedback,0.488745,1786439798207,7,Ry,5.000000,15.000000,4.947228,-0.052772,,,435.909576,-66.846169,179.602417,-160.574951,58.523895,-163.261093,435.970551,-66.809494,179.677628,-161.459534,56.958725,-164.301315,0.972882,0.293902,0.610773,-0.009834,4.871170,-0.864187,
feedback,0.496972,1786439798215,7,Ry,5.000000,15.000000,4.963748,-0.036252,,,435.909576,-66.846169,179.602417,-160.574951,58.523895,-163.261093,435.974152,-66.807838,179.679504,-161.477493,56.920715,-164.322800,0.612720,0.227582,0.387830,-0.158448,4.902545,-0.781306,
feedback,0.505248,1786439798224,7,Ry,5.000000,15.000000,5.224827,0.224827,,,435.909576,-66.846169,179.602417,-160.574951,58.523895,-163.261093,435.967987,-66.809532,179.673813,-161.494583,56.880383,-164.343201,-0.854716,-0.303156,-0.688469,-0.228317,5.168851,-0.774449,
feedback,0.513139,1786439798232,7,Ry,5.000000,15.000000,5.437594,0.437594,,,435.909576,-66.846169,179.602417,-160.574951,58.523895,-163.261093,435.953491,-66.815353,179.663132,-161.510178,56.838188,-164.362198,-1.972410,-0.910938,-1.329710,-0.433499,5.388162,-0.755923,
feedback,0.524500,1786439798240,7,Ry,5.000000,15.000000,5.364839,0.364839,,,435.909576,-66.846169,179.602417,-160.574951,58.523895,-163.261093,435.939148,-66.821976,179.649979,-161.534073,56.775414,-164.391312,-1.042215,-0.519855,-1.010572,-0.343873,5.315856,-0.747007,
feedback,0.531022,1786439798249,7,Ry,5.000000,15.000000,5.421095,0.421095,,,435.909576,-66.846169,179.602417,-160.574951,58.523895,-163.261093,435.927246,-66.825645,179.638504,-161.551483,56.733437,-164.411926,-1.443197,-0.466604,-1.641670,-0.279467,5.371667,-0.754456,
feedback,0.537727,1786439798257,7,Ry,5.000000,15.000000,5.431085,0.431085,,,435.909576,-66.846169,179.602417,-160.574951,58.523895,-163.261093,435.913147,-66.829643,179.624008,-161.568390,56.691452,-164.431946,-1.973926,-0.429572,-2.056726,-0.308308,5.392032,-0.696473,
feedback,0.545986,1786439798266,7,Ry,5.000000,15.000000,5.388125,0.388125,,,435.909576,-66.846169,179.602417,-160.574951,58.523895,-163.261093,435.898682,-66.834396,179.609970,-161.586136,56.650146,-164.453400,-2.080309,-0.770884,-1.978761,-0.254711,5.322618,-0.842777,
feedback,0.554420,1786439798274,7,Ry,5.000000,15.000000,5.053873,0.053873,,,435.909576,-66.846169,179.602417,-160.574951,58.523895,-163.261093,435.899078,-66.833969,179.604279,-161.603821,56.611515,-164.474823,-0.029068,-0.010111,-0.780100,-0.126208,4.983977,-0.838490,
feedback,0.562436,1786439798282,7,Ry,5.000000,15.000000,4.983847,-0.016153,,,435.909576,-66.846169,179.602417,-160.574951,58.523895,-163.261093,435.902740,-66.833511,179.600082,-161.621887,56.573524,-164.496719,0.260080,-0.071945,-0.555042,-0.074211,4.909376,-0.858339,
feedback,0.570686,1786439798291,7,Ry,5.000000,15.000000,5.160058,0.160058,,,435.909576,-66.846169,179.602417,-160.574951,58.523895,-163.261093,435.900055,-66.834816,179.590866,-161.640121,56.535088,-164.518555,-0.912402,-0.498222,-1.296191,-0.093648,5.085522,-0.874108,
feedback,0.581260,1786439798299,7,Ry,5.000000,15.000000,5.165812,0.165812,,,435.909576,-66.846169,179.602417,-160.574951,58.523895,-163.261093,435.893646,-66.837097,179.583344,-161.658524,56.496067,-164.540558,-0.678802,-0.325784,-0.599176,-0.065720,5.091838,-0.871439,
feedback,0.586973,1786439798308,7,Ry,5.000000,15.000000,5.058866,0.058866,,,435.909576,-66.846169,179.602417,-160.574951,58.523895,-163.261093,435.894562,-66.838387,179.583282,-161.676788,56.457764,-164.562790,0.159554,-0.187734,0.124487,-0.071170,4.982419,-0.876101,
feedback,0.595368,1786439798316,7,Ry,5.000000,15.000000,5.061486,0.061486,,,435.909576,-66.846169,179.602417,-160.574951,58.523895,-163.261093,435.896179,-66.838585,179.584991,-161.695099,56.419056,-164.584961,0.284888,0.141346,0.280222,-0.030113,4.990551,-0.845107,
feedback,0.603843,1786439798324,7,Ry,5.000000,15.000000,5.271780,0.271780,,,435.909576,-66.846169,179.602417,-160.574951,58.523895,-163.261093,435.889191,-66.842445,179.582565,-161.712769,56.378700,-164.606583,-0.921623,-0.396959,-0.294600,-0.147894,5.200401,-0.865953,
feedback,0.612219,1786439798333,7,Ry,5.000000,15.000000,5.078570,0.078570,,,435.909576,-66.846169,179.602417,-160.574951,58.523895,-163.261093,435.883423,-66.841461,179.584229,-161.739975,56.318913,-164.638824,0.276700,0.441059,0.649840,-0.093773,5.018935,-0.782517,
feedback,0.619765,1786439798341,7,Ry,5.000000,15.000000,5.079644,0.079644,,,435.909576,-66.846169,179.602417,-160.574951,58.523895,-163.261093,435.889038,-66.839386,179.591537,-161.758118,56.280422,-164.660599,0.489902,0.237542,0.638010,-0.099940,5.014830,-0.811952,
feedback,0.628563,1786439798349,7,Ry,5.000000,15.000000,5.084525,0.084525,,,435.909576,-66.846169,179.602417,-160.574951,58.523895,-163.261093,435.892242,-66.839188,179.596100,-161.775665,56.241837,-164.682083,-0.033961,-0.093749,0.174191,-0.128290,5.012584,-0.852747,
feedback,0.636529,1786439798358,7,Ry,5.000000,15.000000,4.972295,-0.027705,,,435.909576,-66.846169,179.602417,-160.574951,58.523895,-163.261093,435.895081,-66.839058,179.599014,-161.793579,56.203709,-164.703903,0.562532,0.073996,0.384853,-0.031993,4.893891,-0.879626,
feedback,0.644551,1786439798362,7,Ry,5.000000,15.000000,4.781909,-0.218091,,,435.909576,-66.846169,179.602417,-160.574951,58.523895,-163.261093,435.900452,-66.837646,179.603088,-161.802811,56.185612,-164.715042,1.345019,0.353704,1.025324,0.044402,4.702264,-0.870058,
feedback,0.653519,1786439798370,7,Ry,5.000000,15.000000,4.682531,-0.317469,,,435.909576,-66.846169,179.602417,-160.574951,58.523895,-163.261093,435.916962,-66.833534,179.612000,-161.821640,56.149998,-164.737976,2.299826,0.481074,1.195246,0.135280,4.588485,-0.943039,
feedback,0.661154,1786439798379,7,Ry,5.000000,15.000000,4.723668,-0.276332,,,435.909576,-66.846169,179.602417,-160.574951,58.523895,-163.261093,435.933197,-66.828667,179.619263,-161.840271,56.114555,-164.760468,1.741876,0.580737,0.637417,0.053270,4.647872,-0.843147,
feedback,0.669598,1786439798387,7,Ry,5.000000,15.000000,4.874766,-0.125234,,,435.909576,-66.846169,179.602417,-160.574951,58.523895,-163.261093,435.942535,-66.825203,179.620102,-161.861115,56.078289,-164.785400,0.852864,0.497584,-0.121471,0.300800,4.775640,-0.988778,
feedback,0.677075,1786439798396,7,Ry,5.000000,15.000000,4.930623,-0.069377,,,435.909576,-66.846169,179.602417,-160.574951,58.523895,-163.261093,435.947693,-66.823532,179.618301,-161.882919,56.040928,-164.811859,0.884235,0.169908,-0.061354,0.226711,4.818587,-1.066809,
feedback,0.685481,1786439798404,7,Ry,5.000000,15.000000,4.958686,-0.041314,,,435.909576,-66.846169,179.602417,-160.574951,58.523895,-163.261093,435.953247,-66.824013,179.620117,-161.902893,56.003330,-164.836838,0.864368,-0.096472,0.450838,0.123713,4.846597,-1.069514,
feedback,0.695233,1786439798413,7,Ry,5.000000,15.000000,5.394370,0.394370,,,435.909576,-66.846169,179.602417,-160.574951,58.523895,-163.261093,435.944122,-66.830330,179.616272,-161.932144,55.943432,-164.873322,-1.680879,-0.716635,-0.907358,0.008984,5.303735,-0.985957,
feedback,0.701753,1786439798421,7,Ry,5.000000,15.000000,5.402876,0.402876,,,435.909576,-66.846169,179.602417,-160.574951,58.523895,-163.261093,435.931885,-66.833817,179.609421,-161.952881,55.902981,-164.898132,-1.970805,-0.636220,-1.169220,0.070617,5.316218,-0.964167,
feedback,0.710487,1786439798429,7,Ry,5.000000,15.000000,5.153049,0.153049,,,435.909576,-66.846169,179.602417,-160.574951,58.523895,-163.261093,435.919739,-66.839188,179.603912,-161.972626,55.862976,-164.922409,-1.007787,-0.408597,-0.208140,0.060268,5.060804,-0.973984,
feedback,0.718042,1786439798438,7,Ry,5.000000,15.000000,5.135104,0.135104,,,435.909576,-66.846169,179.602417,-160.574951,58.523895,-163.261093,435.912720,-66.841591,179.601501,-161.991760,55.823158,-164.945663,-0.438378,-0.267074,-0.002218,0.002829,5.048253,-0.941813,
feedback,0.727504,1786439798446,7,Ry,5.000000,15.000000,5.038429,0.038429,,,435.909576,-66.846169,179.602417,-160.574951,58.523895,-163.261093,435.909637,-66.841591,179.600845,-162.010391,55.784210,-164.967926,-0.211616,0.063551,0.115429,-0.019547,4.968306,-0.838495,
feedback,0.734770,1786439798455,7,Ry,5.000000,15.000000,5.047846,0.047846,,,435.909576,-66.846169,179.602417,-160.574951,58.523895,-163.261093,435.905914,-66.842354,179.597839,-162.029236,55.745934,-164.990616,-0.532609,-0.098808,-0.452699,0.083276,4.966204,-0.904656,
feedback,0.743157,1786439798463,7,Ry,5.000000,15.000000,5.107560,0.107560,,,435.909576,-66.846169,179.602417,-160.574951,58.523895,-163.261093,435.896881,-66.844215,179.590576,-162.049332,55.707409,-165.014542,-1.150057,0.010115,-1.001383,0.177094,5.031940,-0.875738,
feedback,0.752897,1786439798472,7,Ry,5.000000,15.000000,4.809837,-0.190163,,,435.909576,-66.846169,179.602417,-160.574951,58.523895,-163.261093,435.898010,-66.843193,179.589737,-162.069977,55.670879,-165.039291,0.660117,0.212495,0.164647,0.251843,4.708431,-0.995952,
feedback,0.759294,1786439798480,7,Ry,5.000000,15.000000,5.063140,0.063140,,,435.909576,-66.846169,179.602417,-160.574951,58.523895,-163.261093,435.898773,-66.844490,179.587738,-162.090118,55.633533,-165.063980,-0.219113,-0.114899,-0.630037,0.165899,4.967260,-0.986752,
feedback,0.767475,1786439798488,7,Ry,5.000000,15.000000,5.248975,0.248975,,,435.909576,-66.846169,179.602417,-160.574951,58.523895,-163.261093,435.888062,-66.849411,179.577728,-162.120926,55.575378,-165.101440,-1.321233,-0.506660,-0.945133,0.132589,5.150709,-1.016551,
feedback,0.776627,1786439798497,7,Ry,5.000000,15.000000,5.152402,0.152402,,,435.909576,-66.846169,179.602417,-160.574951,58.523895,-163.261093,435.881592,-66.850609,179.574020,-162.141205,55.536160,-165.125763,-0.360166,0.070208,-0.152203,0.133574,5.068264,-0.927938,
feedback,0.783894,1786439798505,7,Ry,5.000000,15.000000,5.130767,0.130767,,,435.909576,-66.846169,179.602417,-160.574951,58.523895,-163.261093,435.882538,-66.849388,179.575241,-162.160904,55.497211,-165.149475,0.192113,0.193936,0.254836,0.080631,5.046896,-0.924541,
feedback,0.792872,1786439798514,7,Ry,5.000000,15.000000,5.191237,0.191237,,,435.909576,-66.846169,179.602417,-160.574951,58.523895,-163.261093,435.879730,-66.850464,179.575439,-162.179382,55.457825,-165.171982,-0.495327,-0.113446,-0.025594,0.006829,5.113169,-0.896912,
feedback,0.800098,1786439798518,7,Ry,5.000000,15.000000,5.355673,0.355673,,,435.909576,-66.846169,179.602417,-160.574951,58.523895,-163.261093,435.872314,-66.851753,179.572876,-162.197937,55.417698,-165.194336,-1.231021,-0.260968,-0.433657,-0.033175,5.280371,-0.895604,
feedback,0.808707,1786439798526,7,Ry,5.000000,15.000000,5.020228,0.020228,,,435.909576,-66.846169,179.602417,-160.574951,58.523895,-163.261093,435.873383,-66.850296,179.574127,-162.207214,55.398624,-165.205414,0.268981,0.363250,0.317155,0.055163,4.946322,-0.858331,
feedback,0.816932,1786439798535,7,Ry,5.000000,15.000000,4.954589,-0.045411,,,435.909576,-66.846169,179.602417,-160.574951,58.523895,-163.261093,435.879089,-66.847702,179.580505,-162.225525,55.360287,-165.227448,1.141394,0.457509,0.992416,0.032842,4.879855,-0.857297,
feedback,0.825022,1786439798543,7,Ry,5.000000,15.000000,4.849286,-0.150714,,,435.909576,-66.846169,179.602417,-160.574951,58.523895,-163.261093,435.889252,-66.845169,179.587479,-162.243607,55.323177,-165.249451,1.516931,0.434690,0.914920,0.075289,4.768437,-0.882782,
feedback,0.833307,1786439798551,7,Ry,5.000000,15.000000,4.770159,-0.229841,,,435.909576,-66.846169,179.602417,-160.574951,58.523895,-163.261093,435.897552,-66.843132,179.591660,-162.262039,55.286736,-165.271912,1.340238,0.336137,0.636212,0.120357,4.681219,-0.921780,
feedback,0.841147,1786439798560,7,Ry,5.000000,15.000000,4.720159,-0.279841,,,435.909576,-66.846169,179.602417,-160.574951,58.523895,-163.261093,435.908813,-66.840759,179.597641,-162.280807,55.250275,-165.294998,1.971769,0.498192,1.100947,0.183220,4.623775,-0.959638,
feedback,0.849728,1786439798568,7,Ry,5.000000,15.000000,4.427946,-0.572054,,,435.909576,-66.846169,179.602417,-160.574951,58.523895,-163.261093,435.933594,-66.833527,179.612015,-162.298584,55.216412,-165.316742,3.566573,1.020654,2.055544,0.061648,4.347384,-0.844339,
feedback,0.857724,1786439798577,7,Ry,5.000000,15.000000,4.995620,-0.004380,,,435.909576,-66.846169,179.602417,-160.574951,58.523895,-163.261093,435.947083,-66.827049,179.619598,-162.325104,55.160622,-165.348587,0.229748,0.372164,0.061471,-0.032278,4.932160,-0.796894,
feedback,0.866306,1786439798585,7,Ry,5.000000,15.000000,5.107080,0.107080,,,435.909576,-66.846169,179.602417,-160.574951,58.523895,-163.261093,435.950287,-66.822998,179.621857,-162.341736,55.121845,-165.368256,0.081539,0.361768,0.042878,-0.094637,5.052468,-0.756425,
feedback,0.876024,1786439798593,7,Ry,5.000000,15.000000,5.165695,0.165695,,,435.909576,-66.846169,179.602417,-160.574951,58.523895,-163.261093,435.949005,-66.822960,179.622818,-162.358612,55.082291,-165.388748,-0.214297,-0.173112,0.225823,-0.041899,5.089485,-0.884152,
feedback,0.882476,1786439798602,7,Ry,5.000000,15.000000,5.155084,0.155084,,,435.909576,-66.846169,179.602417,-160.574951,58.523895,-163.261093,435.948669,-66.824722,179.625259,-162.374100,55.042458,-165.408005,-0.108972,-0.259142,0.343038,-0.236026,5.097564,-0.777196,
feedback,0.890810,1786439798610,7,Ry,5.000000,15.000000,5.290751,0.290751,,,435.909576,-66.846169,179.602417,-160.574951,58.523895,-163.261093,435.941589,-66.830002,179.624954,-162.389786,55.001919,-165.427795,-1.128186,-0.672338,-0.147821,-0.166011,5.219044,-0.869562,
feedback,0.899905,1786439798618,7,Ry,5.000000,15.000000,5.233911,0.233911,,,435.909576,-66.846169,179.602417,-160.574951,58.523895,-163.261093,435.929382,-66.834702,179.621704,-162.404083,54.960754,-165.445419,-1.388241,-0.489371,-0.241401,-0.299276,5.186032,-0.729395,
feedback,0.906534,1786439798627,7,Ry,5.000000,15.000000,5.159759,0.159759,,,435.909576,-66.846169,179.602417,-160.574951,58.523895,-163.261093,435.919312,-66.837334,179.618088,-162.418808,54.920475,-165.463104,-0.910953,-0.267936,-0.308530,-0.254331,5.114240,-0.709510,
feedback,0.914571,1786439798635,7,Ry,5.000000,15.000000,4.972609,-0.027391,,,435.909576,-66.846169,179.602417,-160.574951,58.523895,-163.261093,435.919037,-66.836098,179.619888,-162.433563,54.881638,-165.480865,0.188021,0.353131,0.351231,-0.155579,4.924013,-0.710603,
feedback,0.924331,1786439798644,7,Ry,5.000000,15.000000,4.917707,-0.082293,,,435.909576,-66.846169,179.602417,-160.574951,58.523895,-163.261093,435.920532,-66.834801,179.622177,-162.448929,54.843861,-165.499557,0.065709,0.096863,0.233967,-0.107841,4.856858,-0.775309,
feedback,0.933578,1786439798652,7,Ry,5.000000,15.000000,5.021913,0.021913,,,435.909576,-66.846169,179.602417,-160.574951,58.523895,-163.261093,435.916626,-66.835083,179.618576,-162.464584,54.805386,-165.518478,-0.796805,-0.219333,-0.609995,-0.127862,4.960917,-0.785253,
feedback,0.939318,1786439798660,7,Ry,5.000000,15.000000,5.007278,0.007278,,,435.909576,-66.846169,179.602417,-160.574951,58.523895,-163.261093,435.909393,-66.837494,179.610474,-162.480759,54.767021,-165.538162,-1.027329,-0.378528,-1.258689,-0.098775,4.943836,-0.797848,
feedback,0.947634,1786439798669,7,Ry,5.000000,15.000000,5.222937,0.222937,,,435.909576,-66.846169,179.602417,-160.574951,58.523895,-163.261093,435.906769,-66.840004,179.605270,-162.504608,54.708385,-165.567673,-0.488636,-0.462950,-0.682237,-0.142904,5.150073,-0.870133,
feedback,0.955831,1786439798677,7,Ry,5.000000,15.000000,5.372653,0.372653,,,435.909576,-66.846169,179.602417,-160.574951,58.523895,-163.261093,435.896912,-66.844177,179.595413,-162.520813,54.667545,-165.587708,-1.643948,-0.832638,-1.557460,-0.142083,5.298934,-0.888079,
feedback,0.964638,1786439798682,7,Ry,5.000000,15.000000,5.225931,0.225931,,,435.909576,-66.846169,179.602417,-160.574951,58.523895,-163.261093,435.892944,-66.846664,179.590759,-162.528717,54.647453,-165.597717,-0.994424,-0.621938,-1.159320,-0.143969,5.149304,-0.891722,
feedback,0.972167,1786439798690,7,Ry,5.000000,15.000000,5.345298,0.345298,,,435.909576,-66.846169,179.602417,-160.574951,58.523895,-163.261093,435.878845,-66.850525,179.582062,-162.545319,54.605576,-165.617981,-1.281655,-0.225928,-0.708275,-0.115069,5.283757,-0.816661,
feedback,0.980966,1786439798698,7,Ry,5.000000,15.000000,5.096278,0.096278,,,435.909576,-66.846169,179.602417,-160.574951,58.523895,-163.261093,435.877380,-66.849876,179.583420,-162.561798,54.565987,-165.637924,0.246002,0.352142,0.500799,-0.018881,5.033617,-0.801272,
feedback,0.988785,1786439798707,7,Ry,5.000000,15.000000,5.185530,0.185530,,,435.909576,-66.846169,179.602417,-160.574951,58.523895,-163.261093,435.874542,-66.849579,179.585541,-162.577881,54.526337,-165.657593,-0.554011,-0.288092,0.201310,-0.153628,5.110034,-0.881739,
feedback,0.997341,1786439798715,7,Ry,5.000000,15.000000,5.175921,0.175921,,,435.909576,-66.846169,179.602417,-160.574951,58.523895,-163.261093,435.867340,-66.852402,179.583405,-162.593430,54.486355,-165.676941,-0.798712,-0.147845,-0.179430,-0.133797,5.112519,-0.812374,
feedback,1.005073,1786439798724,7,Ry,5.000000,15.000000,4.979509,-0.020491,,,435.909576,-66.846169,179.602417,-160.574951,58.523895,-163.261093,435.867676,-66.852501,179.584793,-162.609833,54.447727,-165.697067,0.474360,-0.046404,0.511842,-0.020847,4.900674,-0.882719,
feedback,1.013827,1786439798732,7,Ry,5.000000,15.000000,4.680057,-0.319943,,,435.909576,-66.846169,179.602417,-160.574951,58.523895,-163.261093,435.882751,-66.848808,179.594360,-162.626404,54.411385,-165.717545,2.349412,0.575901,1.468858,0.094633,4.596479,-0.883457,
feedback,1.021770,1786439798740,7,Ry,5.000000,15.000000,4.798456,-0.201544,,,435.909576,-66.846169,179.602417,-160.574951,58.523895,-163.261093,435.900208,-66.844650,179.601776,-162.650803,54.356762,-165.747482,0.992299,0.183139,0.070025,0.017600,4.726801,-0.826207,
feedback,1.029541,1786439798749,7,Ry,5.000000,15.000000,4.685721,-0.314279,,,435.909576,-66.846169,179.602417,-160.574951,58.523895,-163.261093,435.914032,-66.839836,179.607758,-162.667313,54.320736,-165.767624,1.948815,0.716760,0.915688,0.074191,4.609385,-0.842904,
feedback,1.038007,1786439798757,7,Ry,5.000000,15.000000,4.713554,-0.286446,,,435.909576,-66.846169,179.602417,-160.574951,58.523895,-163.261093,435.929352,-66.835411,179.614883,-162.684387,54.284996,-165.788803,2.037745,0.625088,0.878172,0.117850,4.627312,-0.901507,
feedback,1.046252,1786439798766,7,Ry,5.000000,15.000000,4.928234,-0.071766,,,435.909576,-66.846169,179.602417,-160.574951,58.523895,-163.261093,435.943878,-66.828690,179.622543,-162.700974,54.247875,-165.808899,1.309728,0.668569,0.616794,-0.003342,4.861258,-0.811024,
feedback,1.054315,1786439798774,7,Ry,5.000000,15.000000,5.101615,0.101615,,,435.909576,-66.846169,179.602417,-160.574951,58.523895,-163.261093,435.946198,-66.828232,179.622971,-162.717590,54.208984,-165.829437,0.093063,-0.080275,0.105304,0.022371,5.017076,-0.925767,
feedback,1.062307,1786439798782,7,Ry,5.000000,15.000000,5.231222,0.231222,,,435.909576,-66.846169,179.602417,-160.574951,58.523895,-163.261093,435.942902,-66.828407,179.621765,-162.736511,54.169487,-165.852631,-0.263645,0.231102,-0.106053,0.163486,5.141932,-0.964128,
feedback,1.070556,1786439798791,7,Ry,5.000000,15.000000,5.131970,0.131970,,,435.909576,-66.846169,179.602417,-160.574951,58.523895,-163.261093,435.938721,-66.831894,179.620529,-162.754486,54.129852,-165.875443,-0.074562,-0.269585,0.033084,0.083287,5.030114,-1.026630,
feedback,1.078873,1786439798799,7,Ry,5.000000,15.000000,5.174462,0.174462,,,435.909576,-66.846169,179.602417,-160.574951,58.523895,-163.261093,435.937256,-66.834518,179.621399,-162.772598,54.090324,-165.898560,0.010187,-0.367711,0.128864,0.113153,5.065619,-1.069972,
feedback,1.087531,1786439798808,7,Ry,5.000000,15.000000,5.065828,0.065828,,,435.909576,-66.846169,179.602417,-160.574951,58.523895,-163.261093,435.935486,-66.836327,179.620453,-162.791092,54.051502,-165.921646,0.007255,-0.091835,-0.019648,0.163984,4.967289,-1.002055,
feedback,1.095229,1786439798816,7,Ry,5.000000,15.000000,5.329569,0.329569,,,435.909576,-66.846169,179.602417,-160.574951,58.523895,-163.261093,435.923737,-66.841263,179.612198,-162.808929,54.010933,-165.944046,-1.602288,-0.585549,-1.192955,0.076397,5.237469,-0.988606,
feedback,1.103533,1786439798824,7,Ry,5.000000,15.000000,5.058004,0.058004,,,435.909576,-66.846169,179.602417,-160.574951,58.523895,-163.261093,435.915985,-66.842384,179.604156,-162.835861,53.952576,-165.977234,-0.129758,0.093182,-0.502854,0.094645,4.969915,-0.942103,
feedback,1.111599,1786439798833,7,Ry,5.000000,15.000000,4.906762,-0.093238,,,435.909576,-66.846169,179.602417,-160.574951,58.523895,-163.261093,435.917816,-66.840942,179.600952,-162.853760,53.914867,-165.999237,0.728689,0.419480,-0.163166,0.156487,4.819458,-0.924422,
feedback,1.119877,1786439798841,7,Ry,5.000000,15.000000,4.882158,-0.117842,,,435.909576,-66.846169,179.602417,-160.574951,58.523895,-163.261093,435.919922,-66.840477,179.596222,-162.870850,53.877640,-166.020187,0.307546,0.119724,-0.643136,0.058752,4.807073,-0.852967,
feedback,1.127914,1786439798846,7,Ry,5.000000,15.000000,5.243860,0.243860,,,435.909576,-66.846169,179.602417,-160.574951,58.523895,-163.261093,435.908112,-66.844177,179.581879,-162.887665,53.837177,-166.040741,-1.465618,-0.317412,-1.842073,0.014639,5.174747,-0.850734,
feedback,1.136097,1786439798854,7,Ry,5.000000,15.000000,5.242920,0.242920,,,435.909576,-66.846169,179.602417,-160.574951,58.523895,-163.261093,435.903564,-66.845268,179.574768,-162.896606,53.817211,-166.051636,-1.136645,-0.274058,-1.776170,0.075831,5.161901,-0.918183,
feedback,1.144821,1786439798862,7,Ry,5.000000,15.000000,5.313637,0.313637,,,435.909576,-66.846169,179.602417,-160.574951,58.523895,-163.261093,435.896393,-66.846886,179.563629,-162.914230,53.776913,-166.073212,-0.987992,-0.224304,-1.244110,0.068347,5.231418,-0.931179,
feedback,1.152255,1786439798871,7,Ry,5.000000,15.000000,5.335425,0.335425,,,435.909576,-66.846169,179.602417,-160.574951,58.523895,-163.261093,435.889923,-66.849998,179.555328,-162.931931,53.736595,-166.095276,-1.201208,-0.394612,-1.149908,0.055787,5.251562,-0.942403,
feedback,1.161068,1786439798879,7,Ry,5.000000,15.000000,5.407031,0.407031,,,435.909576,-66.846169,179.602417,-160.574951,58.523895,-163.261093,435.874969,-66.855293,179.546524,-162.949203,53.695244,-166.116913,-1.962293,-0.749660,-1.011377,-0.023091,5.319830,-0.967602,
feedback,1.168697,1786439798887,7,Ry,5.000000,15.000000,5.140248,0.140248,,,435.909576,-66.846169,179.602417,-160.574951,58.523895,-163.261093,435.866974,-66.855087,179.543823,-162.966736,53.655430,-166.138382,-0.548721,0.190982,0.059941,0.095493,5.057129,-0.921107,
feedback,1.177549,1786439798896,7,Ry,5.000000,15.000000,5.189551,0.189551,,,435.909576,-66.846169,179.602417,-160.574951,58.523895,-163.261093,435.866699,-66.852417,179.548096,-162.984726,53.616642,-166.160156,0.021800,0.306452,0.552247,0.149527,5.105892,-0.928490,
feedback,1.184939,1786439798904,7,Ry,5.000000,15.000000,5.139717,0.139717,,,435.909576,-66.846169,179.602417,-160.574951,58.523895,-163.261093,435.861542,-66.853477,179.552078,-163.011230,53.558556,-166.192581,-0.897044,-0.391806,0.028377,0.093272,5.052788,-0.942686,
feedback,1.193684,1786439798913,7,Ry,5.000000,15.000000,4.899138,-0.100862,,,435.909576,-66.846169,179.602417,-160.574951,58.523895,-163.261093,435.860748,-66.854103,179.554840,-163.028671,53.520775,-166.213791,0.186345,0.031661,0.705610,0.128107,4.820128,-0.876707,
feedback,1.201323,1786439798921,7,Ry,5.000000,15.000000,4.708048,-0.291952,,,435.909576,-66.846169,179.602417,-160.574951,58.523895,-163.261093,435.871613,-66.851433,179.565338,-163.045456,53.484657,-166.234558,1.664999,0.446862,1.590300,0.114353,4.626133,-0.876483,
feedback,1.209914,1786439798929,7,Ry,5.000000,15.000000,4.636917,-0.363083,,,435.909576,-66.846169,179.602417,-160.574951,58.523895,-163.261093,435.890656,-66.845421,179.576889,-163.062164,53.449627,-166.255127,2.144284,0.562376,1.324923,0.135633,4.551105,-0.892387,
feedback,1.217868,1786439798938,7,Ry,5.000000,15.000000,4.777625,-0.222375,,,435.909576,-66.846169,179.602417,-160.574951,58.523895,-163.261093,435.905457,-66.839714,179.584183,-163.078522,53.414200,-166.275452,1.375514,0.712321,0.560529,0.106386,4.697218,-0.874009,
feedback,1.227690,1786439798946,7,Ry,5.000000,15.000000,5.031645,0.031645,,,435.909576,-66.846169,179.602417,-160.574951,58.523895,-163.261093,435.916687,-66.833336,179.586929,-163.095016,53.377224,-166.295517,0.877962,0.652099,-0.129711,0.093737,4.954920,-0.875313,
feedback,1.234254,1786439798955,7,Ry,5.000000,15.000000,4.983415,-0.016585,,,435.909576,-66.846169,179.602417,-160.574951,58.523895,-163.261093,435.927185,-66.827652,179.589020,-163.111496,53.339367,-166.315826,1.389099,0.855213,0.444681,0.023902,4.914261,-0.828135,
feedback,1.242445,1786439798963,7,Ry,5.000000,15.000000,5.026456,0.026456,,,435.909576,-66.846169,179.602417,-160.574951,58.523895,-163.261093,435.935944,-66.822906,179.593445,-163.127594,53.300961,-166.335403,0.965912,0.638660,0.682973,0.035698,4.962142,-0.804410,
feedback,1.250995,1786439798971,7,Ry,5.000000,15.000000,5.209972,0.209972,,,435.909576,-66.846169,179.602417,-160.574951,58.523895,-163.261093,435.935364,-66.822891,179.593918,-163.142578,53.260967,-166.353867,-0.289315,-0.161574,-0.090980,-0.099706,5.142715,-0.837204,
feedback,1.259137,1786439798980,7,Ry,5.000000,15.000000,5.158288,0.158288,,,435.909576,-66.846169,179.602417,-160.574951,58.523895,-163.261093,435.934082,-66.822075,179.595322,-163.157410,53.221264,-166.372101,-0.154065,0.093846,0.185698,-0.096202,5.101382,-0.773914,
feedback,1.267020,1786439798988,7,Ry,5.000000,15.000000,5.161660,0.161660,,,435.909576,-66.846169,179.602417,-160.574951,58.523895,-163.261093,435.931427,-66.824486,179.595306,-163.172485,53.181259,-166.391068,-0.109561,-0.062202,0.115435,-0.061391,5.095154,-0.828701,
feedback,1.276584,1786439798997,7,Ry,5.000000,15.000000,5.035623,0.035623,,,435.909576,-66.846169,179.602417,-160.574951,58.523895,-163.261093,435.931824,-66.827301,179.601334,-163.194550,53.122849,-166.418961,-0.105967,-0.182342,0.215042,-0.033487,4.964880,-0.841741,
feedback,1.283553,1786439799005,7,Ry,5.000000,15.000000,5.041212,0.041212,,,435.909576,-66.846169,179.602417,-160.574951,58.523895,-163.261093,435.926178,-66.830231,179.602676,-163.208908,53.083523,-166.437134,-0.667961,-0.327111,0.162656,-0.088456,4.971290,-0.837578,
feedback,1.291813,1786439799013,7,Ry,5.000000,15.000000,4.913905,-0.086095,,,435.909576,-66.846169,179.602417,-160.574951,58.523895,-163.261093,435.923309,-66.830147,179.602737,-163.222809,53.045143,-166.454208,-0.161228,0.112082,0.136473,-0.143765,4.861362,-0.727806,
feedback,1.300345,1786439799022,7,Ry,5.000000,15.000000,4.848073,-0.151927,,,435.909576,-66.846169,179.602417,-160.574951,58.523895,-163.261093,435.924561,-66.828651,179.605453,-163.234848,53.006657,-166.469467,0.595555,0.479106,0.414781,-0.232098,4.805119,-0.667636,
feedback,1.308272,1786439799026,7,Ry,5.000000,15.000000,4.811370,-0.188630,,,435.909576,-66.846169,179.602417,-160.574951,58.523895,-163.261093,435.926788,-66.826309,179.606476,-163.241714,52.988045,-166.477661,0.554399,0.583329,0.256950,-0.085353,4.765116,-0.683173,
feedback,1.317016,1786439799034,7,Ry,5.000000,15.000000,5.016508,0.016508,,,435.909576,-66.846169,179.602417,-160.574951,58.523895,-163.261093,435.926392,-66.825195,179.604126,-163.254929,52.949799,-166.494141,-0.409347,0.007117,-0.471752,-0.161009,4.961344,-0.751652,
feedback,1.324990,1786439799043,7,Ry,5.000000,15.000000,5.289230,0.289230,,,435.909576,-66.846169,179.602417,-160.574951,58.523895,-163.261093,435.917725,-66.827209,179.598724,-163.268143,52.909950,-166.510590,-1.828148,-0.520806,-0.980763,-0.233402,5.236158,-0.763607,
feedback,1.333432,1786439799051,7,Ry,5.000000,15.000000,5.273085,0.273085,,,435.909576,-66.846169,179.602417,-160.574951,58.523895,-163.261093,435.906769,-66.831131,179.594406,-163.281830,52.869617,-166.528183,-1.633452,-0.655777,-0.705831,-0.193312,5.201904,-0.864929,
feedback,1.341769,1786439799059,7,Ry,5.000000,15.000000,5.242092,0.242092,,,435.909576,-66.846169,179.602417,-160.574951,58.523895,-163.261093,435.902405,-66.834167,179.595551,-163.295532,52.829746,-166.545914,-1.197453,-0.662371,-0.237466,-0.189703,5.178020,-0.821906,
feedback,1.349624,1786439799068,7,Ry,5.000000,15.000000,5.323315,0.323315,,,435.909576,-66.846169,179.602417,-160.574951,58.523895,-163.261093,435.886230,-66.843025,179.592392,-163.316269,52.768375,-166.572403,-1.738535,-1.085356,-0.509323,-0.190918,5.249231,-0.885769,
feedback,1.357591,1786439799077,7,Ry,5.000000,15.000000,5.367647,0.367647,,,435.909576,-66.846169,179.602417,-160.574951,58.523895,-163.261093,435.870392,-66.847099,179.586121,-163.330231,52.726868,-166.590027,-2.059018,-0.436620,-0.839734,-0.162878,5.311024,-0.790679,
feedback,1.366385,1786439799085,7,Ry,5.000000,15.000000,5.036769,0.036769,,,435.909576,-66.846169,179.602417,-160.574951,58.523895,-163.261093,435.868469,-66.847130,179.587646,-163.344284,52.687164,-166.607986,0.361920,0.373968,0.577239,-0.076900,4.967635,-0.832705,
feedback,1.373864,1786439799094,7,Ry,5.000000,15.000000,5.224397,0.224397,,,435.909576,-66.846169,179.602417,-160.574951,58.523895,-163.261093,435.868530,-66.846169,179.587799,-163.358505,52.647797,-166.625748,-0.587973,-0.188763,-0.109168,-0.127204,5.159112,-0.827269,
feedback,1.382191,1786439799103,7,Ry,5.000000,15.000000,5.028436,0.028436,,,435.909576,-66.846169,179.602417,-160.574951,58.523895,-163.261093,435.866974,-66.845879,179.586838,-163.373138,52.608982,-166.643951,-0.320524,0.172249,-0.337103,-0.019697,4.970638,-0.767772,
feedback,1.390416,1786439799111,7,Ry,5.000000,15.000000,4.867885,-0.132115,,,435.909576,-66.846169,179.602417,-160.574951,58.523895,-163.261093,435.872681,-66.842377,179.588928,-163.387405,52.571480,-166.661713,0.825401,0.525111,0.394158,0.016312,4.801342,-0.803310,
feedback,1.398604,1786439799120,7,Ry,5.000000,15.000000,4.704023,-0.295977,,,435.909576,-66.846169,179.602417,-160.574951,58.523895,-163.261093,435.889008,-66.835602,179.597809,-163.402695,52.535812,-166.680588,2.075236,0.748460,1.217307,0.114159,4.622888,-0.871761,
feedback,1.406371,1786439799124,7,Ry,5.000000,15.000000,4.518427,-0.481573,,,435.909576,-66.846169,179.602417,-160.574951,58.523895,-163.261093,435.900482,-66.833321,179.604584,-163.410233,52.518730,-166.690414,2.868174,0.569890,1.696965,0.132324,4.419066,-0.958834,
feedback,1.415425,1786439799132,7,Ry,5.000000,15.000000,4.859447,-0.140553,,,435.909576,-66.846169,179.602417,-160.574951,58.523895,-163.261093,435.916595,-66.830414,179.615921,-163.433197,52.464241,-166.719543,0.725783,0.255857,0.736180,0.086541,4.782802,-0.859881,
feedback,1.422755,1786439799141,7,Ry,5.000000,15.000000,4.919776,-0.080224,,,435.909576,-66.846169,179.602417,-160.574951,58.523895,-163.261093,435.923004,-66.828720,179.623581,-163.447357,52.426617,-166.737671,0.726867,0.382676,1.001067,-0.016916,4.856441,-0.789631,
feedback,1.431561,1786439799149,7,Ry,5.000000,15.000000,5.019355,0.019355,,,435.909576,-66.846169,179.602417,-160.574951,58.523895,-163.261093,435.931335,-66.826279,179.634964,-163.462326,52.389061,-166.756378,0.701458,0.203218,1.363567,0.051142,4.939324,-0.893041,
feedback,1.439025,1786439799158,7,Ry,5.000000,15.000000,5.098546,0.098546,,,435.909576,-66.846169,179.602417,-160.574951,58.523895,-163.261093,435.936218,-66.824623,179.642746,-163.477341,52.350376,-166.775116,0.277379,0.173053,0.745988,-0.015576,5.032041,-0.823250,
feedback,1.448052,1786439799166,7,Ry,5.000000,15.000000,5.102353,0.102353,,,435.909576,-66.846169,179.602417,-160.574951,58.523895,-163.261093,435.935333,-66.824356,179.647339,-163.491714,52.311054,-166.793350,-0.137110,0.221313,0.647097,-0.029583,5.036817,-0.818080,
feedback,1.455288,1786439799174,7,Ry,5.000000,15.000000,5.143370,0.143370,,,435.909576,-66.846169,179.602417,-160.574951,58.523895,-163.261093,435.933838,-66.822746,179.649353,-163.505814,52.271301,-166.810989,-0.163313,0.106590,0.328509,-0.101278,5.076402,-0.829733,
feedback,1.463317,1786439799183,7,Ry,5.000000,15.000000,4.964752,-0.035248,,,435.909576,-66.846169,179.602417,-160.574951,58.523895,-163.261093,435.938812,-66.820099,179.654861,-163.522202,52.233170,-166.831314,0.815243,0.374430,0.850432,0.259151,4.867356,-0.986866,
feedback,1.471921,1786439799191,7,Ry,5.000000,15.000000,5.085017,0.085017,,,435.909576,-66.846169,179.602417,-160.574951,58.523895,-163.261093,435.940552,-66.821213,179.655579,-163.538437,52.194786,-166.852524,0.017114,-0.219691,-0.038831,0.107242,4.979389,-1.043944,
feedback,1.480510,1786439799200,7,Ry,5.000000,15.000000,5.036682,0.036682,,,435.909576,-66.846169,179.602417,-160.574951,58.523895,-163.261093,435.937561,-66.823425,179.648209,-163.554550,52.155991,-166.873276,-0.236620,-0.264817,-1.119790,0.101989,4.937626,-1.002453,
feedback,1.488691,1786439799208,7,Ry,5.000000,15.000000,5.141108,0.141108,,,435.909576,-66.846169,179.602417,-160.574951,58.523895,-163.261093,435.930969,-66.825600,179.637711,-163.571030,52.116489,-166.894104,-0.860270,-0.499754,-1.403878,0.065457,5.043876,-1.001235,
feedback,1.496158,1786439799216,7,Ry,5.000000,15.000000,4.893454,-0.106546,,,435.909576,-66.846169,179.602417,-160.574951,58.523895,-163.261093,435.934387,-66.824356,179.634796,-163.586975,52.079018,-166.914261,0.529493,0.089439,-0.236624,0.104876,4.799877,-0.958864,
feedback,1.505294,1786439799225,7,Ry,5.000000,15.000000,4.973546,-0.026454,,,435.909576,-66.846169,179.602417,-160.574951,58.523895,-163.261093,435.938690,-66.823387,179.635590,-163.611282,52.023556,-166.945175,-0.214683,-0.118950,-0.089548,0.171664,4.873436,-1.002946,
feedback,1.512646,1786439799233,7,Ry,5.000000,15.000000,5.167179,0.167179,,,435.909576,-66.846169,179.602417,-160.574951,58.523895,-163.261093,435.932129,-66.827095,179.632477,-163.627151,51.984802,-166.965729,-0.914292,-0.524480,-0.184400,0.013471,5.068079,-1.014128,
feedback,1.521082,1786439799242,7,Ry,5.000000,15.000000,5.364401,0.364401,,,435.909576,-66.846169,179.602417,-160.574951,58.523895,-163.261093,435.917297,-66.832413,179.624649,-163.641800,51.944000,-166.984650,-1.732674,-0.668460,-0.747746,-0.079492,5.282283,-0.935028,
feedback,1.529197,1786439799250,7,Ry,5.000000,15.000000,5.232473,0.232473,,,435.909576,-66.846169,179.602417,-160.574951,58.523895,-163.261093,435.911102,-66.833786,179.622498,-163.655914,51.903698,-167.002457,-0.654067,-0.059788,-0.205227,-0.068592,5.167067,-0.828694,
feedback,1.537493,1786439799259,7,Ry,5.000000,15.000000,5.339990,0.339990,,,435.909576,-66.846169,179.602417,-160.574951,58.523895,-163.261093,435.900146,-66.838463,179.618912,-163.670959,51.862583,-167.021912,-1.383898,-0.617102,-0.373471,0.010180,5.250657,-0.973830,
feedback,1.544992,1786439799263,7,Ry,5.000000,15.000000,5.305773,0.305773,,,435.909576,-66.846169,179.602417,-160.574951,58.523895,-163.261093,435.894257,-66.841064,179.617294,-163.678314,51.842228,-167.031631,-1.480140,-0.650859,-0.400611,-0.034927,5.214357,-0.982643,
feedback,1.553593,1786439799271,7,Ry,5.000000,15.000000,5.520789,0.520789,,,435.909576,-66.846169,179.602417,-160.574951,58.523895,-163.261093,435.877838,-66.846947,179.609436,-163.693420,51.800964,-167.051178,-2.617982,-0.757366,-1.196541,-0.049140,5.440877,-0.936202,
feedback,1.561391,1786439799280,7,Ry,5.000000,15.000000,5.249068,0.249068,,,435.909576,-66.846169,179.602417,-160.574951,58.523895,-163.261093,435.867676,-66.849922,179.603699,-163.708725,51.760464,-167.070679,-1.108138,-0.381464,-0.510584,0.025902,5.164913,-0.936507,
feedback,1.569655,1786439799288,7,Ry,5.000000,15.000000,5.162879,0.162879,,,435.909576,-66.846169,179.602417,-160.574951,58.523895,-163.261093,435.868439,-66.851830,179.602707,-163.724472,51.721531,-167.091263,-0.380868,-0.621724,-0.282360,0.019035,5.055914,-1.058356,
feedback,1.577949,1786439799297,7,Ry,5.000000,15.000000,4.973028,-0.026972,,,435.909576,-66.846169,179.602417,-160.574951,58.523895,-163.261093,435.873230,-66.851357,179.601471,-163.748672,51.664749,-167.122589,0.258669,0.160299,-0.118171,0.177366,4.873420,-1.000010,
feedback,1.586238,1786439799305,7,Ry,5.000000,15.000000,4.801116,-0.198884,,,435.909576,-66.846169,179.602417,-160.574951,58.523895,-163.261093,435.880035,-66.849762,179.604294,-163.764084,51.627941,-167.142654,1.206136,0.425757,0.585623,0.186258,4.703918,-0.971291,
feedback,1.594313,1786439799313,7,Ry,5.000000,15.000000,4.601712,-0.398288,,,435.909576,-66.846169,179.602417,-160.574951,58.523895,-163.261093,435.898804,-66.843536,179.614426,-163.779999,51.593117,-167.162811,2.572801,0.842498,1.449217,0.248659,4.505877,-0.946102,
feedback,1.602516,1786439799322,7,Ry,5.000000,15.000000,4.733383,-0.266617,,,435.909576,-66.846169,179.602417,-160.574951,58.523895,-163.261093,435.911133,-66.841942,179.620300,-163.794846,51.556847,-167.182327,1.617182,0.252747,0.797145,0.123069,4.633901,-0.978363,
feedback,1.611523,1786439799330,7,Ry,5.000000,15.000000,4.927492,-0.072508,,,435.909576,-66.846169,179.602417,-160.574951,58.523895,-163.261093,435.915192,-66.842682,179.619598,-163.809769,51.518784,-167.201813,0.666347,-0.106064,0.005843,0.083539,4.833199,-0.965904,
feedback,1.618836,1786439799339,7,Ry,5.000000,15.000000,5.100627,0.100627,,,435.909576,-66.846169,179.602417,-160.574951,58.523895,-163.261093,435.916534,-66.842102,179.619415,-163.824081,51.479046,-167.220261,0.360480,0.111964,0.289236,-0.006039,5.021321,-0.896029,
feedback,1.627126,1786439799347,7,Ry,5.000000,15.000000,5.162273,0.162273,,,435.909576,-66.846169,179.602417,-160.574951,58.523895,-163.261093,435.922974,-66.839966,179.619766,-163.837891,51.439426,-167.238205,0.732667,0.102224,0.189682,-0.063937,5.079574,-0.920710,
feedback,1.635265,1786439799355,7,Ry,5.000000,15.000000,5.192140,0.192140,,,435.909576,-66.846169,179.602417,-160.574951,58.523895,-163.261093,435.924927,-66.840218,179.618622,-163.852020,51.399460,-167.256729,0.141903,0.106003,-0.288987,0.002714,5.112973,-0.903231,
feedback,1.643381,1786439799364,7,Ry,5.000000,15.000000,5.303347,0.303347,,,435.909576,-66.846169,179.602417,-160.574951,58.523895,-163.261093,435.922363,-66.839478,179.611633,-163.866348,51.358738,-167.275055,-0.418071,0.024229,-0.941038,-0.061315,5.229622,-0.882109,
feedback,1.651642,1786439799372,7,Ry,5.000000,15.000000,5.191990,0.191990,,,435.909576,-66.846169,179.602417,-160.574951,58.523895,-163.261093,435.924438,-66.839470,179.607330,-163.879456,51.318562,-167.292328,0.221348,0.009226,-0.630567,-0.161681,5.121506,-0.854048,
feedback,1.659952,1786439799381,7,Ry,5.000000,15.000000,5.053040,0.053040,,,435.909576,-66.846169,179.602417,-160.574951,58.523895,-163.261093,435.928864,-66.838730,179.606339,-163.899414,51.259506,-167.318176,0.525981,0.089979,-0.048419,-0.089759,4.984147,-0.832822,
feedback,1.668228,1786439799389,7,Ry,5.000000,15.000000,5.049808,0.049808,,,435.909576,-66.846169,179.602417,-160.574951,58.523895,-163.261093,435.927124,-66.841164,179.603287,-163.912491,51.220596,-167.335358,-0.366568,-0.167118,-0.485820,-0.049359,4.980248,-0.836299,
feedback,1.676858,1786439799397,7,Ry,5.000000,15.000000,5.010740,0.010740,,,435.909576,-66.846169,179.602417,-160.574951,58.523895,-163.261093,435.922333,-66.844048,179.597427,-163.925125,51.181499,-167.352051,-0.428353,-0.427089,-0.561294,-0.098711,4.930271,-0.894815,
feedback,1.684441,1786439799406,7,Ry,5.000000,15.000000,4.794606,-0.205394,,,435.909576,-66.846169,179.602417,-160.574951,58.523895,-163.261093,435.922760,-66.846634,179.597137,-163.937576,51.143780,-167.368958,0.894564,-0.109151,0.408963,-0.018766,4.705801,-0.923157,
feedback,1.693749,1786439799414,7,Ry,5.000000,15.000000,4.783487,-0.216513,,,435.909576,-66.846169,179.602417,-160.574951,58.523895,-163.261093,435.927765,-66.846939,179.601471,-163.950058,51.106575,-167.385498,0.979605,0.102048,0.956887,-0.054673,4.709855,-0.836124,
feedback,1.700728,1786439799422,7,Ry,5.000000,15.000000,4.976429,-0.023571,,,435.909576,-66.846169,179.602417,-160.574951,58.523895,-163.261093,435.928497,-66.848671,179.603958,-163.961899,51.068314,-167.401245,-0.137933,-0.363069,0.260080,-0.171628,4.908384,-0.821377,
feedback,1.710385,1786439799427,7,Ry,5.000000,15.000000,5.126893,0.126893,,,435.909576,-66.846169,179.602417,-160.574951,58.523895,-163.261093,435.925232,-66.850494,179.602600,-163.967529,51.048321,-167.408676,-0.820140,-0.456100,-0.339125,-0.228824,5.071019,-0.765535,
feedback,1.716978,1786439799435,7,Ry,5.000000,15.000000,5.494314,0.494314,,,435.909576,-66.846169,179.602417,-160.574951,58.523895,-163.261093,435.910614,-66.855431,179.594406,-163.978180,51.006676,-167.422745,-2.432691,-0.909251,-1.434477,-0.388823,5.447713,-0.745159,
feedback,1.725610,1786439799445,7,Ry,5.000000,15.000000,5.304856,0.304856,,,435.909576,-66.846169,179.602417,-160.574951,58.523895,-163.261093,435.895569,-66.861938,179.582687,-163.995041,50.943932,-167.445206,-0.613900,-0.397600,-0.767743,-0.205965,5.243710,-0.810988,
feedback,1.733935,1786439799454,7,Ry,5.000000,15.000000,5.376144,0.376144,,,435.909576,-66.846169,179.602417,-160.574951,58.523895,-163.261093,435.884460,-66.868019,179.576584,-164.006989,50.902287,-167.461273,-1.623485,-0.920653,-0.799558,-0.214377,5.305369,-0.871809,
feedback,1.741593,1786439799462,7,Ry,5.000000,15.000000,5.323792,0.323792,,,435.909576,-66.846169,179.602417,-160.574951,58.523895,-163.261093,435.869568,-66.875252,179.571609,-164.018417,50.860630,-167.476898,-1.878101,-0.940117,-0.642325,-0.268095,5.257191,-0.843578,
feedback,1.750505,1786439799471,7,Ry,5.000000,15.000000,5.028906,0.028906,,,435.909576,-66.846169,179.602417,-160.574951,58.523895,-163.261093,435.862305,-66.877090,179.569565,-164.031418,50.820621,-167.493347,-0.232896,0.127559,0.204292,-0.043211,4.971618,-0.764966,
feedback,1.758410,1786439799479,7,Ry,5.000000,15.000000,4.903875,-0.096125,,,435.909576,-66.846169,179.602417,-160.574951,58.523895,-163.261093,435.864349,-66.878250,179.575043,-164.043839,50.781742,-167.509888,0.760425,-0.119289,1.004581,-0.052616,4.820981,-0.899104,
feedback,1.766516,1786439799488,7,Ry,5.000000,15.000000,4.914729,-0.085271,,,435.909576,-66.846169,179.602417,-160.574951,58.523895,-163.261093,435.868774,-66.878731,179.580276,-164.056839,50.744102,-167.526871,0.378548,-0.045832,0.396089,-0.000751,4.837893,-0.865725,
feedback,1.774403,1786439799496,7,Ry,5.000000,15.000000,4.811678,-0.188322,,,435.909576,-66.846169,179.602417,-160.574951,58.523895,-163.261093,435.872559,-66.878601,179.585556,-164.069214,50.706638,-167.543457,0.687740,0.065031,0.839258,-0.042011,4.730565,-0.880935,
feedback,1.782614,1786439799500,7,Ry,5.000000,15.000000,4.595432,-0.404568,,,435.909576,-66.846169,179.602417,-160.574951,58.523895,-163.261093,435.895447,-66.872116,179.602966,-164.090012,50.653763,-167.569962,2.399863,0.574733,1.526134,0.122883,4.509755,-0.887855,
feedback,1.790902,1786439799509,7,Ry,5.000000,15.000000,4.687790,-0.312210,,,435.909576,-66.846169,179.602417,-160.574951,58.523895,-163.261093,435.903900,-66.868912,179.608170,-164.097198,50.635872,-167.578873,2.107927,0.799432,1.307057,0.151101,4.612849,-0.835108,
feedback,1.799112,1786439799517,7,Ry,5.000000,15.000000,4.932774,-0.067226,,,435.909576,-66.846169,179.602417,-160.574951,58.523895,-163.261093,435.910736,-66.868256,179.612228,-164.110458,50.598209,-167.596085,0.584525,0.143662,0.372198,-0.009332,4.859530,-0.846956,
feedback,1.808621,1786439799526,7,Ry,5.000000,15.000000,5.010015,0.010015,,,435.909576,-66.846169,179.602417,-160.574951,58.523895,-163.261093,435.914612,-66.865837,179.615265,-164.123535,50.559608,-167.612473,0.491814,0.323289,0.579609,-0.046577,4.949223,-0.783166,
feedback,1.815622,1786439799534,7,Ry,5.000000,15.000000,4.977968,-0.022032,,,435.909576,-66.846169,179.602417,-160.574951,58.523895,-163.261093,435.921356,-66.864029,179.623703,-164.135925,50.521038,-167.628723,0.943914,0.067646,1.232782,-0.095455,4.899096,-0.882809,
feedback,1.823304,1786439799542,7,Ry,5.000000,15.000000,5.101652,0.101652,,,435.909576,-66.846169,179.602417,-160.574951,58.523895,-163.261093,435.932770,-66.862213,179.636658,-164.148941,50.483154,-167.645859,0.479226,-0.260711,1.327476,-0.046835,5.018048,-0.920448,
feedback,1.831822,1786439799551,7,Ry,5.000000,15.000000,5.118265,0.118265,,,435.909576,-66.846169,179.602417,-160.574951,58.523895,-163.261093,435.933380,-66.864197,179.641846,-164.161438,50.443851,-167.662430,-0.211068,-0.202148,0.430751,-0.079532,5.049167,-0.839719,
feedback,1.840715,1786439799559,7,Ry,5.000000,15.000000,5.142512,0.142512,,,435.909576,-66.846169,179.602417,-160.574951,58.523895,-163.261093,435.931854,-66.864304,179.643448,-164.174088,50.403908,-167.678711,-0.023948,0.097629,0.211015,-0.071355,5.080882,-0.799525,
feedback,1.847975,1786439799567,7,Ry,5.000000,15.000000,5.197245,0.197245,,,435.909576,-66.846169,179.602417,-160.574951,58.523895,-163.261093,435.933167,-66.864967,179.645370,-164.186203,50.364529,-167.694916,-0.246017,-0.225717,0.036735,-0.107953,5.123824,-0.871122,
feedback,1.856378,1786439799576,7,Ry,5.000000,15.000000,5.068383,0.068383,,,435.909576,-66.846169,179.602417,-160.574951,58.523895,-163.261093,435.937500,-66.865677,179.647400,-164.198273,50.325569,-167.711060,0.325509,-0.190254,0.070178,-0.107977,4.997197,-0.847179,
feedback,1.864822,1786439799584,7,Ry,5.000000,15.000000,4.947476,-0.052524,,,435.909576,-66.846169,179.602417,-160.574951,58.523895,-163.261093,435.938904,-66.866348,179.645615,-164.211502,50.286968,-167.728134,0.288724,0.146531,-0.045891,0.041051,4.876408,-0.835929,
feedback,1.872710,1786439799593,7,Ry,5.000000,15.000000,5.133247,0.133247,,,435.909576,-66.846169,179.602417,-160.574951,58.523895,-163.261093,435.930054,-66.867188,179.631973,-164.231598,50.227825,-167.754013,-0.932932,-0.039233,-1.261426,0.041306,5.052936,-0.904557,
feedback,1.881149,1786439799601,7,Ry,5.000000,15.000000,4.855675,-0.144325,,,435.909576,-66.846169,179.602417,-160.574951,58.523895,-163.261093,435.935547,-66.861717,179.630630,-164.247192,50.190987,-167.773483,0.760277,0.627619,-0.140298,0.251633,4.764095,-0.944095,
feedback,1.888784,1786439799609,7,Ry,5.000000,15.000000,4.959083,-0.040917,,,435.909576,-66.846169,179.602417,-160.574951,58.523895,-163.261093,435.939087,-66.857704,179.631638,-164.262756,50.153728,-167.793106,0.129396,0.440964,0.088570,0.231726,4.868291,-0.948681,
feedback,1.897540,1786439799618,7,Ry,5.000000,15.000000,5.090329,0.090329,,,435.909576,-66.846169,179.602417,-160.574951,58.523895,-163.261093,435.934631,-66.854912,179.630783,-164.278015,50.115108,-167.812103,-0.738620,0.396486,-0.100019,0.189246,5.008748,-0.907980,
feedback,1.905913,1786439799626,7,Ry,5.000000,15.000000,5.277447,0.277447,,,435.909576,-66.846169,179.602417,-160.574951,58.523895,-163.261093,435.919586,-66.857353,179.626297,-164.292496,50.074894,-167.830627,-2.211252,-0.467246,-0.710663,0.054482,5.191618,-0.948451,
feedback,1.914106,1786439799635,7,Ry,5.000000,15.000000,5.220606,0.220606,,,435.909576,-66.846169,179.602417,-160.574951,58.523895,-163.261093,435.907349,-66.861000,179.623932,-164.306671,50.034519,-167.849182,-1.064790,-0.385131,0.000051,0.043627,5.130890,-0.965508,
feedback,1.921547,1786439799643,7,Ry,5.000000,15.000000,5.193086,0.193086,,,435.909576,-66.846169,179.602417,-160.574951,58.523895,-163.261093,435.899811,-66.864777,179.623688,-164.320801,49.994427,-167.868134,-0.526419,-0.295844,-0.003927,0.077428,5.093076,-1.021440,
feedback,1.931014,1786439799651,7,Ry,5.000000,15.000000,5.376763,0.376763,,,435.909576,-66.846169,179.602417,-160.574951,58.523895,-163.261093,435.888031,-66.870712,179.621017,-164.334442,49.953690,-167.886749,-1.796635,-0.958932,-0.622670,-0.029337,5.277948,-1.030772,
feedback,1.937832,1786439799660,7,Ry,5.000000,15.000000,5.248379,0.248379,,,435.909576,-66.846169,179.602417,-160.574951,58.523895,-163.261093,435.874084,-66.875420,179.614426,-164.347351,49.912472,-167.903809,-1.109391,-0.332794,-0.553399,-0.027783,5.171640,-0.894401,
feedback,1.946210,1786439799664,7,Ry,5.000000,15.000000,5.194568,0.194568,,,435.909576,-66.846169,179.602417,-160.574951,58.523895,-163.261093,435.871643,-66.875320,179.612167,-164.353821,49.892391,-167.912109,-0.613703,0.024506,-0.558685,-0.034049,5.126847,-0.838573,
feedback,1.954370,1786439799672,7,Ry,5.000000,15.000000,5.078349,0.078349,,,435.909576,-66.846169,179.602417,-160.574951,58.523895,-163.261093,435.874939,-66.874077,179.610931,-164.366135,49.853107,-167.928345,0.604084,0.288831,-0.228568,-0.044737,5.008292,-0.841647,
feedback,1.963569,1786439799681,7,Ry,5.000000,15.000000,5.103741,0.103741,,,435.909576,-66.846169,179.602417,-160.574951,58.523895,-163.261093,435.874786,-66.871109,179.604843,-164.386749,49.794861,-167.954895,-0.160424,0.239381,-0.628600,0.079201,5.017670,-0.934607,
feedback,1.970547,1786439799689,7,Ry,5.000000,15.000000,4.807726,-0.192274,,,435.909576,-66.846169,179.602417,-160.574951,58.523895,-163.261093,435.879028,-66.868172,179.606201,-164.400635,49.757744,-167.973099,0.850657,0.435211,0.497607,0.160722,4.712029,-0.963231,
feedback,1.978706,1786439799698,7,Ry,5.000000,15.000000,4.563603,-0.436397,,,435.909576,-66.846169,179.602417,-160.574951,58.523895,-163.261093,435.897217,-66.861221,179.615158,-164.415344,49.722828,-167.991791,2.641889,0.858379,1.364358,0.265312,4.464960,-0.958537,
feedback,1.986793,1786439799706,7,Ry,5.000000,15.000000,4.843652,-0.156348,,,435.909576,-66.846169,179.602417,-160.574951,58.523895,-163.261093,435.913544,-66.855339,179.624069,-164.430557,49.687119,-168.011185,1.493325,0.540087,0.617893,0.241830,4.745645,-0.979444,
feedback,1.994988,1786439799714,7,Ry,5.000000,15.000000,5.010406,0.010406,,,435.909576,-66.846169,179.602417,-160.574951,58.523895,-163.261093,435.918823,-66.854591,179.626831,-164.445663,49.649509,-168.030869,0.316350,0.034537,0.154333,0.167158,4.911585,-0.998693,
feedback,2.003407,1786439799723,7,Ry,5.000000,15.000000,4.996929,-0.003071,,,435.909576,-66.846169,179.602417,-160.574951,58.523895,-163.261093,435.925110,-66.853043,179.631775,-164.459747,49.611500,-168.049622,0.769652,0.177380,0.622537,0.112043,4.898770,-0.993804,
feedback,2.012236,1786439799731,7,Ry,5.000000,15.000000,4.984829,-0.015171,,,435.909576,-66.846169,179.602417,-160.574951,58.523895,-163.261093,435.935883,-66.849319,179.642517,-164.473755,49.573879,-168.067886,1.161669,0.502076,1.241665,0.134106,4.899520,-0.919826,
feedback,2.020163,1786439799739,7,Ry,5.000000,15.000000,5.204125,0.204125,,,435.909576,-66.846169,179.602417,-160.574951,58.523895,-163.261093,435.939911,-66.848328,179.646347,-164.487183,49.534370,-168.085632,0.125442,-0.006392,0.090359,0.047506,5.116857,-0.950200,
feedback,2.027750,1786439799748,7,Ry,5.000000,15.000000,5.272380,0.272380,,,435.909576,-66.846169,179.602417,-160.574951,58.523895,-163.261093,435.936890,-66.848686,179.643906,-164.500504,49.493984,-168.102951,-0.643994,-0.198953,-0.504965,0.004999,5.195297,-0.898422,
feedback,2.035861,1786439799756,7,Ry,5.000000,15.000000,5.275172,0.275172,,,435.909576,-66.846169,179.602417,-160.574951,58.523895,-163.261093,435.932648,-66.850296,179.638901,-164.513153,49.453148,-168.119675,-0.480255,-0.206449,-0.633805,-0.050981,5.199168,-0.892595,
feedback,2.044506,1786439799764,7,Ry,5.000000,15.000000,5.093865,0.093865,,,435.909576,-66.846169,179.602417,-160.574951,58.523895,-163.261093,435.933716,-66.849403,179.636887,-164.531677,49.393707,-168.144272,0.278878,-0.101214,0.006989,-0.062367,5.010305,-0.919619,
feedback,2.052255,1786439799773,7,Ry,5.000000,15.000000,5.032461,0.032461,,,435.909576,-66.846169,179.602417,-160.574951,58.523895,-163.261093,435.937042,-66.849770,179.636749,-164.544601,49.355354,-168.161652,0.550639,-0.031811,-0.009084,0.080609,4.937925,-0.976386,
feedback,2.060762,1786439799781,7,Ry,5.000000,15.000000,5.090089,0.090089,,,435.909576,-66.846169,179.602417,-160.574951,58.523895,-163.261093,435.935486,-66.850395,179.631760,-164.557724,49.316525,-168.178864,-0.564077,-0.117641,-0.839592,0.034263,5.012858,-0.883292,
feedback,2.068848,1786439799790,7,Ry,5.000000,15.000000,4.960046,-0.039954,,,435.909576,-66.846169,179.602417,-160.574951,58.523895,-163.261093,435.933258,-66.849083,179.625763,-164.571991,49.278156,-168.196976,-0.063686,0.169117,-0.573890,0.181834,4.869429,-0.947724,
feedback,2.076922,1786439799798,7,Ry,5.000000,15.000000,4.995608,-0.004392,,,435.909576,-66.846169,179.602417,-160.574951,58.523895,-163.261093,435.936493,-66.848923,179.621964,-164.585205,49.240349,-168.214584,0.201052,-0.102731,-0.481213,0.074963,4.905462,-0.948272,
feedback,2.086014,1786439799806,7,Ry,5.000000,15.000000,5.057855,0.057855,,,435.909576,-66.846169,179.602417,-160.574951,58.523895,-163.261093,435.933411,-66.848709,179.613678,-164.597717,49.200722,-168.230820,0.154919,0.285857,-0.687792,0.015172,4.990695,-0.823339,
feedback,2.093167,1786439799815,7,Ry,5.000000,15.000000,5.433403,0.433403,,,435.909576,-66.846169,179.602417,-160.574951,58.523895,-163.261093,435.922546,-66.852913,179.600494,-164.608871,49.159363,-168.245758,-1.936057,-0.974062,-1.946160,-0.238117,5.366630,-0.854237,
feedback,2.101588,1786439799823,7,Ry,5.000000,15.000000,5.488410,0.488410,,,435.909576,-66.846169,179.602417,-160.574951,58.523895,-163.261093,435.904541,-66.856522,179.582275,-164.620102,49.116234,-168.260345,-2.115349,-0.369188,-2.116814,-0.257805,5.450338,-0.696218,
feedback,2.110740,1786439799832,7,Ry,5.000000,15.000000,5.355440,0.355440,,,435.909576,-66.846169,179.602417,-160.574951,58.523895,-163.261093,435.893738,-66.857574,179.573669,-164.632080,49.074268,-168.275681,-1.093858,0.034873,-0.685943,-0.083700,5.300949,-0.777596,
feedback,2.117996,1786439799840,7,Ry,5.000000,15.000000,5.349173,0.349173,,,435.909576,-66.846169,179.602417,-160.574951,58.523895,-163.261093,435.883270,-66.862732,179.568436,-164.643051,49.032867,-168.290863,-1.619233,-0.631173,-0.842832,-0.156393,5.282309,-0.847291,
feedback,2.126170,1786439799844,7,Ry,5.000000,15.000000,5.352840,0.352840,,,435.909576,-66.846169,179.602417,-160.574951,58.523895,-163.261093,435.875885,-66.863815,179.564514,-164.648788,49.011963,-168.298080,-1.852355,-0.269871,-0.973341,-0.141467,5.307304,-0.726629,
feedback,2.134627,1786439799853,7,Ry,5.000000,15.000000,5.160018,0.160018,,,435.909576,-66.846169,179.602417,-160.574951,58.523895,-163.261093,435.862061,-66.863693,179.559128,-164.664856,48.950108,-168.317871,-0.621686,0.114109,-0.107617,-0.160432,5.121798,-0.668281,
feedback,2.142740,1786439799861,7,Ry,5.000000,15.000000,4.907850,-0.092150,,,435.909576,-66.846169,179.602417,-160.574951,58.523895,-163.261093,435.864990,-66.855843,179.562302,-164.676346,48.910896,-168.330597,0.761922,1.203987,0.640948,-0.024433,4.897834,-0.486269,
feedback,2.150575,1786439799869,7,Ry,5.000000,15.000000,4.962481,-0.037519,,,435.909576,-66.846169,179.602417,-160.574951,58.523895,-163.261093,435.866516,-66.852501,179.566055,-164.687973,48.871933,-168.344788,0.514861,0.496119,0.333057,-0.039947,4.920360,-0.673086,
feedback,2.159049,1786439799878,7,Ry,5.000000,15.000000,5.004203,0.004203,,,435.909576,-66.846169,179.602417,-160.574951,58.523895,-163.261093,435.864288,-66.849762,179.560715,-164.700226,48.832607,-168.359451,-0.076206,0.355896,-0.484331,-0.027171,4.957779,-0.701130,
feedback,2.167104,1786439799886,7,Ry,5.000000,15.000000,4.812264,-0.187736,,,435.909576,-66.846169,179.602417,-160.574951,58.523895,-163.261093,435.871552,-66.843185,179.557907,-164.712479,48.794468,-168.374146,1.822979,1.098511,0.034583,0.097671,4.759647,-0.719509,
feedback,2.175416,1786439799895,7,Ry,5.000000,15.000000,4.688959,-0.311041,,,435.909576,-66.846169,179.602417,-160.574951,58.523895,-163.261093,435.891418,-66.834854,179.561432,-164.724579,48.758263,-168.389236,2.600425,1.099660,0.662708,0.070759,4.630974,-0.739139,
feedback,2.184066,1786439799903,7,Ry,5.000000,15.000000,4.814417,-0.185583,,,435.909576,-66.846169,179.602417,-160.574951,58.523895,-163.261093,435.905579,-66.830360,179.568024,-164.736282,48.721401,-168.404495,1.424900,0.390163,0.720080,0.009606,4.742994,-0.826273,
feedback,2.192536,1786439799911,7,Ry,5.000000,15.000000,4.910193,-0.089807,,,435.909576,-66.846169,179.602417,-160.574951,58.523895,-163.261093,435.912476,-66.826233,179.573242,-164.748001,48.683437,-168.419205,0.987229,0.505950,0.757461,-0.032119,4.852757,-0.755323,
feedback,2.200295,1786439799920,7,Ry,5.000000,15.000000,5.018266,0.018266,,,435.909576,-66.846169,179.602417,-160.574951,58.523895,-163.261093,435.917603,-66.822411,179.578094,-164.759460,48.644520,-168.433853,0.650797,0.632898,0.707137,-0.030175,4.966399,-0.733200,
feedback,2.208581,1786439799928,7,Ry,5.000000,15.000000,4.938829,-0.061171,,,435.909576,-66.846169,179.602417,-160.574951,58.523895,-163.261093,435.926880,-66.819794,179.586014,-164.770676,48.605961,-168.448792,1.391336,0.351541,1.045665,-0.032620,4.869180,-0.827074,
feedback,2.216769,1786439799936,7,Ry,5.000000,15.000000,5.081054,0.081054,,,435.909576,-66.846169,179.602417,-160.574951,58.523895,-163.261093,435.927734,-66.822182,179.592178,-164.788010,48.546261,-168.472321,0.034706,-0.204832,0.674891,-0.039344,5.008904,-0.853694,
feedback,2.224856,1786439799945,7,Ry,5.000000,15.000000,5.130850,0.130850,,,435.909576,-66.846169,179.602417,-160.574951,58.523895,-163.261093,435.925964,-66.822121,179.593002,-164.799683,48.506142,-168.487701,-0.033041,-0.068151,0.299788,-0.060974,5.059441,-0.853832,
feedback,2.233642,1786439799953,7,Ry,5.000000,15.000000,5.132241,0.132241,,,435.909576,-66.846169,179.602417,-160.574951,58.523895,-163.261093,435.925262,-66.824341,179.592667,-164.810501,48.465969,-168.502869,0.243669,0.010895,0.100069,-0.116878,5.063279,-0.840039,
feedback,2.241717,1786439799962,7,Ry,5.000000,15.000000,5.047793,0.047793,,,435.909576,-66.846169,179.602417,-160.574951,58.523895,-163.261093,435.928162,-66.824623,179.594025,-164.821579,48.426796,-168.518112,0.248667,-0.031997,0.183347,-0.087627,4.974011,-0.859994,
feedback,2.249532,1786439799970,7,Ry,5.000000,15.000000,5.005427,0.005427,,,435.909576,-66.846169,179.602417,-160.574951,58.523895,-163.261093,435.927765,-66.827621,179.594971,-164.832230,48.388084,-168.533371,-0.190470,-0.332448,0.017522,-0.100915,4.923821,-0.900618,
feedback,2.258563,1786439799978,7,Ry,5.000000,15.000000,5.035881,0.035881,,,435.909576,-66.846169,179.602417,-160.574951,58.523895,-163.261093,435.922638,-66.830444,179.592422,-164.843353,48.349148,-168.548691,-0.797440,-0.354096,-0.311874,-0.074101,4.961633,-0.861606,
feedback,2.266435,1786439799987,7,Ry,5.000000,15.000000,4.817055,-0.182945,,,435.909576,-66.846169,179.602417,-160.574951,58.523895,-163.261093,435.923950,-66.829422,179.593964,-164.854843,48.311481,-168.563751,0.463234,0.189481,0.325768,0.015686,4.748221,-0.811849,
feedback,2.274543,1786439799995,7,Ry,5.000000,15.000000,4.923070,-0.076930,,,435.909576,-66.846169,179.602417,-160.574951,58.523895,-163.261093,435.927643,-66.830368,179.596268,-164.866104,48.274193,-168.579147,0.116534,-0.189879,0.098440,-0.037417,4.848955,-0.851012,
feedback,2.283680,1786439799999,7,Ry,5.000000,15.000000,5.025299,0.025299,,,435.909576,-66.846169,179.602417,-160.574951,58.523895,-163.261093,435.926239,-66.830856,179.595230,-164.872177,48.254799,-168.587082,-0.354971,-0.122365,-0.253720,0.032177,4.952940,-0.850072,
feedback,2.290765,1786439800013,7,Ry,5.000000,15.000000,5.336938,0.336938,,,435.909576,-66.846169,179.602417,-160.574951,58.523895,-163.261093,435.906616,-66.835808,179.580078,-164.896286,48.173866,-168.618744,-1.671583,-0.255726,-1.248077,-0.015386,5.276966,-0.807108,
feedback,2.299557,1786439800017,7,Ry,5.000000,15.000000,5.324767,0.324767,,,435.909576,-66.846169,179.602417,-160.574951,58.523895,-163.261093,435.901703,-66.836990,179.576370,-164.901871,48.153160,-168.626266,-1.233901,-0.296865,-0.925032,-0.108570,5.258790,-0.839986,
feedback,2.307575,1786439800025,7,Ry,5.000000,15.000000,5.324449,0.324449,,,435.909576,-66.846169,179.602417,-160.574951,58.523895,-163.261093,435.894867,-66.838806,179.571671,-164.914444,48.112259,-168.643143,-0.815660,-0.124755,-0.673245,0.107104,5.233031,-0.984351,
feedback,2.315961,1786439800034,7,Ry,5.000000,15.000000,5.426955,0.426955,,,435.909576,-66.846169,179.602417,-160.574951,58.523895,-163.261093,435.882782,-66.843239,179.564484,-164.927917,48.071079,-168.661407,-1.839606,-0.766101,-1.237191,0.061847,5.323942,-1.058995,
feedback,2.323640,1786439800042,7,Ry,5.000000,15.000000,5.393823,0.393823,,,435.909576,-66.846169,179.602417,-160.574951,58.523895,-163.261093,435.867645,-66.847961,179.556915,-164.941010,48.029709,-168.679199,-1.940721,-0.561274,-0.924982,0.048687,5.303461,-0.984379,
feedback,2.331279,1786439800050,7,Ry,5.000000,15.000000,5.068726,0.068726,,,435.909576,-66.846169,179.602417,-160.574951,58.523895,-163.261093,435.861816,-66.850204,179.559219,-164.953629,47.990204,-168.696472,-0.302551,-0.178357,0.635747,0.093119,4.971663,-0.993938,
feedback,2.340200,1786439800059,7,Ry,5.000000,15.000000,4.932449,-0.067551,,,435.909576,-66.846169,179.602417,-160.574951,58.523895,-163.261093,435.866028,-66.850937,179.568298,-164.966385,47.952435,-168.713760,0.525626,0.046371,1.198792,0.136019,4.841970,-0.944718,
feedback,2.347988,1786439800067,7,Ry,5.000000,15.000000,4.902214,-0.097786,,,435.909576,-66.846169,179.602417,-160.574951,58.523895,-163.261093,435.866760,-66.851585,179.573608,-164.979538,47.914669,-168.731293,0.367741,0.098729,0.604654,0.181953,4.805881,-0.975292,
feedback,2.356371,1786439800075,7,Ry,5.000000,15.000000,4.831763,-0.168237,,,435.909576,-66.846169,179.602417,-160.574951,58.523895,-163.261093,435.867767,-66.850891,179.578003,-164.992981,47.877327,-168.748932,0.500009,0.236354,0.888524,0.183244,4.741797,-0.933027,
feedback,2.365738,1786439800084,7,Ry,5.000000,15.000000,4.609382,-0.390618,,,435.909576,-66.846169,179.602417,-160.574951,58.523895,-163.261093,435.879883,-66.846832,179.587799,-165.005905,47.841560,-168.766022,2.210900,0.830935,1.433555,0.216545,4.519499,-0.913108,
feedback,2.372645,1786439800092,7,Ry,5.000000,15.000000,4.589120,-0.410880,,,435.909576,-66.846169,179.602417,-160.574951,58.523895,-163.261093,435.901123,-66.840080,179.598877,-165.019073,47.806835,-168.783371,2.654173,0.649395,1.378361,0.181535,4.488878,-0.970082,
feedback,2.380975,1786439800101,7,Ry,5.000000,15.000000,5.036896,0.036896,,,435.909576,-66.846169,179.602417,-160.574951,58.523895,-163.261093,435.911987,-66.835976,179.598312,-165.036163,47.749653,-168.806030,0.249915,0.015259,-0.263265,-0.038400,4.965085,-0.847916,
feedback,2.389200,1786439800109,7,Ry,5.000000,15.000000,5.011411,0.011411,,,435.909576,-66.846169,179.602417,-160.574951,58.523895,-163.261093,435.919281,-66.833519,179.600296,-165.047897,47.711117,-168.821823,0.637034,0.142389,0.439448,0.057671,4.925634,-0.924938,
feedback,2.397664,1786439800118,7,Ry,5.000000,15.000000,4.932703,-0.067297,,,435.909576,-66.846169,179.602417,-160.574951,58.523895,-163.261093,435.928131,-66.831558,179.608521,-165.060471,47.673183,-168.839096,1.222356,0.173585,1.281600,0.143030,4.827332,-1.029231,
feedback,2.405561,1786439800127,7,Ry,5.000000,15.000000,5.129842,0.129842,,,435.909576,-66.846169,179.602417,-160.574951,58.523895,-163.261093,435.931061,-66.831528,179.614914,-165.073059,47.634262,-168.856293,0.035928,-0.248468,0.534994,0.086869,5.028272,-1.024900,
feedback,2.414336,1786439800135,7,Ry,5.000000,15.000000,5.225879,0.225879,,,435.909576,-66.846169,179.602417,-160.574951,58.523895,-163.261093,435.928680,-66.832596,179.616409,-165.085846,47.594593,-168.873657,-0.562473,-0.184691,-0.059024,0.087366,5.131975,-0.989809,
feedback,2.424455,1786439800144,7,Ry,5.000000,15.000000,5.158766,0.158766,,,435.909576,-66.846169,179.602417,-160.574951,58.523895,-163.261093,435.929047,-66.834404,179.620621,-165.098297,47.555344,-168.891144,-0.093269,-0.330315,0.488096,0.072889,5.052551,-1.053792,
feedback,2.430675,1786439800148,7,Ry,5.000000,15.000000,5.010506,0.010506,,,435.909576,-66.846169,179.602417,-160.574951,58.523895,-163.261093,435.930847,-66.834732,179.623932,-165.104660,47.536198,-168.900024,0.442918,-0.082416,0.833444,0.131667,4.903187,-1.047086,
feedback,2.438170,1786439800156,7,Ry,5.000000,15.000000,4.973689,-0.026311,,,435.909576,-66.846169,179.602417,-160.574951,58.523895,-163.261093,435.934296,-66.836563,179.630875,-165.117188,47.498367,-168.918030,0.248782,-0.324365,0.762476,0.116069,4.857047,-1.096779,
feedback,2.446279,1786439800165,7,Ry,5.000000,15.000000,5.171067,0.171067,,,435.909576,-66.846169,179.602417,-160.574951,58.523895,-163.261093,435.928253,-66.838776,179.629593,-165.135086,47.439598,-168.942703,-1.076398,-0.414898,-0.661622,0.024194,5.080983,-0.963340,
feedback,2.454401,1786439800173,7,Ry,5.000000,15.000000,5.057471,0.057471,,,435.909576,-66.846169,179.602417,-160.574951,58.523895,-163.261093,435.924744,-66.838470,179.624786,-165.147659,47.400928,-168.959427,-0.457292,-0.144842,-0.599901,0.091475,4.965648,-0.963254,
feedback,2.462798,1786439800181,7,Ry,5.000000,15.000000,4.916557,-0.083443,,,435.909576,-66.846169,179.602417,-160.574951,58.523895,-163.261093,435.927460,-66.837486,179.623749,-165.160202,47.363239,-168.976242,0.442913,0.113052,-0.146795,0.152924,4.824637,-0.951451,
feedback,2.471044,1786439800190,7,Ry,5.000000,15.000000,4.956561,-0.043439,,,435.909576,-66.846169,179.602417,-160.574951,58.523895,-163.261093,435.931580,-66.837524,179.622559,-165.172318,47.326187,-168.992676,0.298417,0.110193,-0.288605,0.097708,4.874711,-0.897816,
feedback,2.479763,1786439800198,7,Ry,5.000000,15.000000,5.040224,0.040224,,,435.909576,-66.846169,179.602417,-160.574951,58.523895,-163.261093,435.929993,-66.835602,179.620621,-165.184128,47.287609,-169.007980,-0.379316,0.207928,-0.338735,0.025978,4.974717,-0.812388,
feedback,2.487570,1786439800207,7,Ry,5.000000,15.000000,5.266549,0.266549,,,435.909576,-66.846169,179.602417,-160.574951,58.523895,-163.261093,435.919220,-66.836304,179.613953,-165.195770,47.247250,-169.023224,-1.592635,-0.239447,-1.007704,-0.018397,5.198340,-0.847529,
feedback,2.495898,1786439800215,7,Ry,5.000000,15.000000,5.200764,0.200764,,,435.909576,-66.846169,179.602417,-160.574951,58.523895,-163.261093,435.912567,-66.838799,179.610062,-165.207031,47.206795,-169.038696,-0.577203,-0.293176,-0.371970,-0.013302,5.120605,-0.909627,
feedback,2.503745,1786439800223,7,Ry,5.000000,15.000000,5.477868,0.477868,,,435.909576,-66.846169,179.602417,-160.574951,58.523895,-163.261093,435.903595,-66.842705,179.603729,-165.218826,47.165661,-169.055008,-1.690217,-0.729824,-0.948930,-0.028245,5.386959,-0.994889,
feedback,2.512890,1786439800232,7,Ry,5.000000,15.000000,5.556195,0.556195,,,435.909576,-66.846169,179.602417,-160.574951,58.523895,-163.261093,435.887909,-66.847084,179.592773,-165.230072,47.122887,-169.070374,-2.215683,-0.314529,-1.821179,-0.071445,5.496673,-0.823559,
feedback,2.519930,1786439800240,7,Ry,5.000000,15.000000,5.431742,0.431742,,,435.909576,-66.846169,179.602417,-160.574951,58.523895,-163.261093,435.871277,-66.850426,179.577377,-165.239899,47.079964,-169.083542,-1.935934,-0.500083,-2.018162,-0.215651,5.383853,-0.746710,
feedback,2.529202,1786439800249,7,Ry,5.000000,15.000000,5.175832,0.175832,,,435.909576,-66.846169,179.602417,-160.574951,58.523895,-163.261093,435.864807,-66.851326,179.570038,-165.255692,47.018017,-169.105164,-0.144773,-0.113511,-0.128482,-0.143034,5.111143,-0.819671,
feedback,2.536092,1786439800257,7,Ry,5.000000,15.000000,5.049163,0.049163,,,435.909576,-66.846169,179.602417,-160.574951,58.523895,-163.261093,435.864380,-66.850769,179.571594,-165.266144,46.978592,-169.118942,-0.121430,-0.004504,0.194701,-0.051958,4.986859,-0.795038,
feedback,2.545328,1786439800265,7,Ry,5.000000,15.000000,5.040172,0.040172,,,435.909576,-66.846169,179.602417,-160.574951,58.523895,-163.261093,435.862274,-66.850113,179.572083,-165.276886,46.939541,-169.133118,-0.432848,0.253005,-0.136389,-0.067784,4.994274,-0.701138,
feedback,2.552542,1786439800274,7,Ry,5.000000,15.000000,4.762106,-0.237894,,,435.909576,-66.846169,179.602417,-160.574951,58.523895,-163.261093,435.873291,-66.844078,179.580582,-165.287689,46.902527,-169.146973,1.427491,0.701269,1.124539,0.051998,4.698227,-0.778865,
feedback,2.561066,1786439800282,7,Ry,5.000000,15.000000,4.574135,-0.425865,,,435.909576,-66.846169,179.602417,-160.574951,58.523895,-163.261093,435.892517,-66.836113,179.593140,-165.298355,46.866917,-169.160675,2.518488,1.085735,1.522120,0.083807,4.511527,-0.755222,
feedback,2.569043,1786439800290,7,Ry,5.000000,15.000000,4.822850,-0.177150,,,435.909576,-66.846169,179.602417,-160.574951,58.523895,-163.261093,435.904785,-66.831551,179.599243,-165.308350,46.830193,-169.173904,1.182926,0.615904,0.544288,-0.070177,4.777655,-0.678130,
feedback,2.578066,1786439800299,7,Ry,5.000000,15.000000,4.906700,-0.093300,,,435.909576,-66.846169,179.602417,-160.574951,58.523895,-163.261093,435.911865,-66.830467,179.600983,-165.316833,46.791748,-169.185806,1.013420,0.240347,0.080194,-0.171615,4.865713,-0.661580,
feedback,2.585254,1786439800307,7,Ry,5.000000,15.000000,5.094076,0.094076,,,435.909576,-66.846169,179.602417,-160.574951,58.523895,-163.261093,435.919678,-66.828583,179.598679,-165.325974,46.752357,-169.198318,0.733901,0.042405,-0.228958,-0.186659,5.038167,-0.762635,
feedback,2.593580,1786439800311,7,Ry,5.000000,15.000000,5.032593,0.032593,,,435.909576,-66.846169,179.602417,-160.574951,58.523895,-163.261093,435.926544,-66.827286,179.599548,-165.330566,46.732731,-169.204926,1.714155,0.323673,0.219962,-0.145273,4.967006,-0.812186,
feedback,2.601716,1786439800320,7,Ry,5.000000,15.000000,5.053980,0.053980,,,435.909576,-66.846169,179.602417,-160.574951,58.523895,-163.261093,435.930939,-66.826584,179.601807,-165.339951,46.692989,-169.217941,0.589741,0.245334,0.607149,-0.099938,5.001287,-0.740919,
feedback,2.610124,1786439800328,7,Ry,5.000000,15.000000,5.150275,0.150275,,,435.909576,-66.846169,179.602417,-160.574951,58.523895,-163.261093,435.927063,-66.824577,179.602768,-165.349792,46.652306,-169.231049,-0.135562,0.459690,0.311370,-0.084744,5.099611,-0.737839,
feedback,2.618477,1786439800337,7,Ry,5.000000,15.000000,5.055836,0.055836,,,435.909576,-66.846169,179.602417,-160.574951,58.523895,-163.261093,435.930115,-66.823730,179.611694,-165.364609,46.593311,-169.251801,0.284431,-0.032820,0.990200,-0.058216,4.982957,-0.855608,
feedback,2.626230,1786439800345,7,Ry,5.000000,15.000000,5.031188,0.031188,,,435.909576,-66.846169,179.602417,-160.574951,58.523895,-163.261093,435.932587,-66.823288,179.617035,-165.374557,46.553989,-169.265533,0.221632,0.157322,0.643675,-0.016620,4.962820,-0.827892,
feedback,2.634762,1786439800353,7,Ry,5.000000,15.000000,5.266738,0.266738,,,435.909576,-66.846169,179.602417,-160.574951,58.523895,-163.261093,435.928345,-66.824730,179.617874,-165.384186,46.514069,-169.279144,-1.170682,-0.292937,-0.113055,-0.140421,5.206927,-0.799889,
feedback,2.642442,1786439800362,7,Ry,5.000000,15.000000,5.085884,0.085884,,,435.909576,-66.846169,179.602417,-160.574951,58.523895,-163.261093,435.922180,-66.827217,179.615692,-165.394348,46.474537,-169.293228,-0.858357,-0.461087,-0.434626,-0.058005,5.012150,-0.863080,
feedback,2.650988,1786439800370,7,Ry,5.000000,15.000000,5.015542,0.015542,,,435.909576,-66.846169,179.602417,-160.574951,58.523895,-163.261093,435.919617,-66.830574,179.611618,-165.404312,46.435299,-169.307648,-0.025895,-0.223319,-0.457765,-0.044375,4.934594,-0.897848,
feedback,2.659451,1786439800378,7,Ry,5.000000,15.000000,4.893733,-0.106267,,,435.909576,-66.846169,179.602417,-160.574951,58.523895,-163.261093,435.923492,-66.830704,179.610504,-165.414841,46.397198,-169.322403,0.831874,0.151283,-0.058364,0.010301,4.812826,-0.886995,
feedback,2.667157,1786439800387,7,Ry,5.000000,15.000000,4.878051,-0.121949,,,435.909576,-66.846169,179.602417,-160.574951,58.523895,-163.261093,435.925385,-66.829544,179.609146,-165.425461,46.359341,-169.336899,0.088144,-0.014866,-0.098491,-0.010446,4.801509,-0.860859,
feedback,2.675189,1786439800395,7,Ry,5.000000,15.000000,5.085376,0.085376,,,435.909576,-66.846169,179.602417,-160.574951,58.523895,-163.261093,435.918640,-66.830391,179.603287,-165.435944,46.320145,-169.351089,-1.239642,-0.181240,-0.774587,-0.016054,5.021245,-0.808618,
feedback,2.683327,1786439800404,7,Ry,5.000000,15.000000,5.067401,0.067401,,,435.909576,-66.846169,179.602417,-160.574951,58.523895,-163.261093,435.910187,-66.833221,179.598984,-165.445923,46.280479,-169.364960,-0.677301,-0.141179,-0.315616,-0.039245,5.001897,-0.814813,
feedback,2.691491,1786439800412,7,Ry,5.000000,15.000000,5.156165,0.156165,,,435.909576,-66.846169,179.602417,-160.574951,58.523895,-163.261093,435.905914,-66.835472,179.598236,-165.455566,46.240456,-169.378845,-0.526462,-0.359304,-0.139954,-0.117061,5.079987,-0.883047,
feedback,2.699569,1786439800421,7,Ry,5.000000,15.000000,5.416661,0.416661,,,435.909576,-66.846169,179.602417,-160.574951,58.523895,-163.261093,435.889526,-66.842392,179.590210,-165.469849,46.178146,-169.399445,-1.944603,-0.899281,-1.014884,-0.213070,5.345041,-0.879915,
feedback,2.707995,1786439800429,7,Ry,5.000000,15.000000,5.423846,0.423846,,,435.909576,-66.846169,179.602417,-160.574951,58.523895,-163.261093,435.874817,-66.848457,179.581207,-165.479050,46.135971,-169.412796,-1.922482,-0.963749,-1.240873,-0.240136,5.353312,-0.874350,
feedback,2.716240,1786439800437,7,Ry,5.000000,15.000000,5.295157,0.295157,,,435.909576,-66.846169,179.602417,-160.574951,58.523895,-163.261093,435.869049,-66.850914,179.576523,-165.488281,46.094524,-169.426010,-0.564911,-0.225472,-0.445479,-0.144291,5.232996,-0.815725,
feedback,2.724506,1786439800446,7,Ry,5.000000,15.000000,5.192726,0.192726,,,435.909576,-66.846169,179.602417,-160.574951,58.523895,-163.261093,435.868835,-66.851387,179.574890,-165.497726,46.054054,-169.439560,-0.208446,-0.049349,-0.370028,-0.126086,5.128211,-0.820120,
feedback,2.732561,1786439800454,7,Ry,5.000000,15.000000,5.276520,0.276520,,,435.909576,-66.846169,179.602417,-160.574951,58.523895,-163.261093,435.863922,-66.852448,179.573166,-165.507675,46.013805,-169.453583,-1.230806,-0.383009,-0.255584,-0.098759,5.204140,-0.872050,
feedback,2.740777,1786439800463,7,Ry,5.000000,15.000000,4.886874,-0.113126,,,435.909576,-66.846169,179.602417,-160.574951,58.523895,-163.261093,435.865021,-66.850624,179.576950,-165.518219,45.975342,-169.467896,0.549753,0.453517,0.702115,0.068719,4.815842,-0.830487,
feedback,2.748902,1786439800467,7,Ry,5.000000,15.000000,4.671041,-0.328959,,,435.909576,-66.846169,179.602417,-160.574951,58.523895,-163.261093,435.878784,-66.847527,179.588806,-165.528946,45.938911,-169.482925,2.137682,0.483317,1.623605,0.108198,4.575742,-0.949136,
feedback,2.758439,1786439800475,7,Ry,5.000000,15.000000,4.657581,-0.342419,,,435.909576,-66.846169,179.602417,-160.574951,58.523895,-163.261093,435.887634,-66.845451,179.594635,-165.535217,45.921242,-169.491669,2.207858,0.518343,1.459141,0.268096,4.542595,-1.059692,
feedback,2.765218,1786439800484,7,Ry,5.000000,15.000000,4.649140,-0.350860,,,435.909576,-66.846169,179.602417,-160.574951,58.523895,-163.261093,435.900299,-66.842033,179.603256,-165.547501,45.885712,-169.508698,1.547124,0.461558,0.985850,0.209063,4.543018,-1.008662,
feedback,2.773607,1786439800492,7,Ry,5.000000,15.000000,4.688943,-0.311057,,,435.909576,-66.846169,179.602417,-160.574951,58.523895,-163.261093,435.913361,-66.839935,179.611786,-165.559158,45.850220,-169.525467,1.872859,0.423838,1.077049,0.221685,4.573407,-1.065515,
feedback,2.781619,1786439800501,7,Ry,5.000000,15.000000,4.812936,-0.187064,,,435.909576,-66.846169,179.602417,-160.574951,58.523895,-163.261093,435.938080,-66.835968,179.624695,-165.576920,45.795616,-169.551025,2.049436,0.299889,1.035561,0.181994,4.697928,-1.073348,
feedback,2.790041,1786439800509,7,Ry,5.000000,15.000000,5.003268,0.003268,,,435.909576,-66.846169,179.602417,-160.574951,58.523895,-163.261093,435.945740,-66.835068,179.629608,-165.588165,45.757317,-169.567215,0.687593,0.121111,0.675759,0.086953,4.905712,-0.991012,
feedback,2.798165,1786439800518,7,Ry,5.000000,15.000000,5.070768,0.070768,,,435.909576,-66.846169,179.602417,-160.574951,58.523895,-163.261093,435.945068,-66.833832,179.632065,-165.599472,45.717964,-169.583115,-0.048606,0.089701,0.675538,0.057329,4.975476,-0.984073,
feedback,2.806442,1786439800526,7,Ry,5.000000,15.000000,5.069142,0.069142,,,435.909576,-66.846169,179.602417,-160.574951,58.523895,-163.261093,435.945007,-66.834778,179.639236,-165.610229,45.678921,-169.598862,-0.119271,-0.226069,0.832552,0.024835,4.969971,-1.005929,
feedback,2.814719,1786439800534,7,Ry,5.000000,15.000000,5.005256,0.005256,,,435.909576,-66.846169,179.602417,-160.574951,58.523895,-163.261093,435.945770,-66.836182,179.645370,-165.620605,45.639996,-169.614075,0.126100,-0.017322,0.735898,0.070612,4.912863,-0.961894,
feedback,2.822874,1786439800543,7,Ry,5.000000,15.000000,5.200915,0.200915,,,435.909576,-66.846169,179.602417,-160.574951,58.523895,-163.261093,435.942474,-66.838150,179.648285,-165.631607,45.599785,-169.629883,-0.605917,-0.260867,0.123549,0.050819,5.106046,-0.993057,
feedback,2.830995,1786439800551,7,Ry,5.000000,15.000000,5.182120,0.182120,,,435.909576,-66.846169,179.602417,-160.574951,58.523895,-163.261093,435.934143,-66.842918,179.646744,-165.641006,45.559429,-169.643997,-1.119360,-0.628741,-0.355944,-0.131894,5.103003,-0.902095,
feedback,2.839510,1786439800560,7,Ry,5.000000,15.000000,5.124097,0.124097,,,435.909576,-66.846169,179.602417,-160.574951,58.523895,-163.261093,435.924377,-66.849670,179.644806,-165.650513,45.519394,-169.658615,-1.022985,-0.785662,-0.209923,-0.072063,5.028247,-0.991910,
feedback,2.847273,1786439800568,7,Ry,5.000000,15.000000,4.998815,-0.001185,,,435.909576,-66.846169,179.602417,-160.574951,58.523895,-163.261093,435.924896,-66.850739,179.644852,-165.661362,45.481033,-169.674225,0.292420,-0.079469,0.193947,0.097432,4.895148,-1.025236,
feedback,2.855778,1786439800576,7,Ry,5.000000,15.000000,4.956487,-0.043513,,,435.909576,-66.846169,179.602417,-160.574951,58.523895,-163.261093,435.927460,-66.852745,179.645096,-165.671921,45.443138,-169.690079,0.146805,-0.166467,-0.128918,0.086100,4.850642,-1.033887,
feedback,2.863635,1786439800585,7,Ry,5.000000,15.000000,4.974482,-0.025518,,,435.909576,-66.846169,179.602417,-160.574951,58.523895,-163.261093,435.923187,-66.855576,179.638474,-165.688797,45.385983,-169.714417,-0.733667,-0.296992,-0.850511,0.114475,4.874453,-1.002460,
feedback,2.871936,1786439800593,7,Ry,5.000000,15.000000,5.070871,0.070871,,,435.909576,-66.846169,179.602417,-160.574951,58.523895,-163.261093,435.915100,-66.859215,179.632278,-165.700195,45.347084,-169.730743,-0.761517,-0.459869,-0.655052,0.123668,4.963993,-1.049736,
feedback,2.879958,1786439800602,7,Ry,5.000000,15.000000,5.064614,0.064614,,,435.909576,-66.846169,179.602417,-160.574951,58.523895,-163.261093,435.913849,-66.860229,179.630951,-165.711029,45.308331,-169.746506,-0.211681,-0.255677,-0.211111,0.024420,4.963387,-1.017218,
feedback,2.888298,1786439800606,7,Ry,5.000000,15.000000,5.157839,0.157839,,,435.909576,-66.846169,179.602417,-160.574951,58.523895,-163.261093,435.911896,-66.860733,179.628952,-165.716293,45.288383,-169.753998,-0.485405,-0.126748,-0.497616,0.023675,5.071696,-0.939793,
feedback,2.896451,1786439800615,7,Ry,5.000000,15.000000,5.337208,0.337208,,,435.909576,-66.846169,179.602417,-160.574951,58.523895,-163.261093,435.902893,-66.864830,179.620483,-165.726151,45.247231,-169.768631,-1.162725,-0.463590,-1.256822,-0.079952,5.254867,-0.934007,
feedback,2.904968,1786439800623,7,Ry,5.000000,15.000000,5.330653,0.330653,,,435.909576,-66.846169,179.602417,-160.574951,58.523895,-163.261093,435.890961,-66.869911,179.611191,-165.735474,45.205368,-169.782791,-1.093686,-0.569754,-0.771073,-0.147754,5.247506,-0.938069,
feedback,2.912856,1786439800631,7,Ry,5.000000,15.000000,5.297545,0.297545,,,435.909576,-66.846169,179.602417,-160.574951,58.523895,-163.261093,435.886292,-66.871666,179.604248,-165.745483,45.163940,-169.797409,-0.215784,0.000870,-0.804133,-0.022453,5.218316,-0.912828,
feedback,2.921026,1786439800640,7,Ry,5.000000,15.000000,5.353026,0.353026,,,435.909576,-66.846169,179.602417,-160.574951,58.523895,-163.261093,435.881195,-66.872620,179.595566,-165.755341,45.122124,-169.811340,-0.764607,-0.232218,-0.946351,-0.079562,5.281956,-0.871449,
feedback,2.929223,1786439800648,7,Ry,5.000000,15.000000,5.353045,0.353045,,,435.909576,-66.846169,179.602417,-160.574951,58.523895,-163.261093,435.869202,-66.875259,179.583633,-165.765244,45.079887,-169.825500,-1.337113,-0.192412,-1.254926,-0.027363,5.277022,-0.899497,
feedback,2.939238,1786439800656,7,Ry,5.000000,15.000000,5.136909,0.136909,,,435.909576,-66.846169,179.602417,-160.574951,58.523895,-163.261093,435.868134,-66.875015,179.582062,-165.774994,45.040279,-169.839554,-0.158960,-0.203444,0.123391,-0.039353,5.049544,-0.944928,
feedback,2.945670,1786439800665,7,Ry,5.000000,15.000000,4.803465,-0.196535,,,435.909576,-66.846169,179.602417,-160.574951,58.523895,-163.261093,435.886719,-66.870583,179.595963,-165.789810,44.984367,-169.861069,1.720704,0.630609,1.169091,0.085928,4.724751,-0.866574,
feedback,2.953805,1786439800673,7,Ry,5.000000,15.000000,4.792006,-0.207994,,,435.909576,-66.846169,179.602417,-160.574951,58.523895,-163.261093,435.897034,-66.866814,179.603180,-165.801056,44.947666,-169.876450,1.017538,0.292616,0.934360,0.239253,4.689771,-0.998833,
feedback,2.962799,1786439800682,7,Ry,5.000000,15.000000,4.569314,-0.430686,,,435.909576,-66.846169,179.602417,-160.574951,58.523895,-163.261093,435.909912,-66.862213,179.612228,-165.812225,44.911770,-169.891602,2.196828,0.802370,1.643465,0.198151,4.484531,-0.880394,
feedback,2.969906,1786439800690,7,Ry,5.000000,15.000000,4.598141,-0.401859,,,435.909576,-66.846169,179.602417,-160.574951,58.523895,-163.261093,435.930054,-66.855713,179.621368,-165.822815,44.876591,-169.905991,2.442015,0.770296,1.313501,0.129142,4.515309,-0.871931,
feedback,2.978369,1786439800698,7,Ry,5.000000,15.000000,4.898944,-0.101056,,,435.909576,-66.846169,179.602417,-160.574951,58.523895,-163.261093,435.948059,-66.849380,179.627594,-165.832779,44.839813,-169.919739,1.384588,0.548137,0.211928,-0.010208,4.831320,-0.812104,
feedback,2.986201,1786439800707,7,Ry,5.000000,15.000000,5.107352,0.107352,,,435.909576,-66.846169,179.602417,-160.574951,58.523895,-163.261093,435.954071,-66.847565,179.625183,-165.841858,44.800491,-169.932617,0.286268,0.092003,-0.359859,-0.083124,5.041170,-0.822235,
feedback,2.995340,1786439800715,7,Ry,5.000000,15.000000,5.137831,0.137831,,,435.909576,-66.846169,179.602417,-160.574951,58.523895,-163.261093,435.952026,-66.849747,179.624542,-165.850418,44.760220,-169.945404,-0.087956,-0.262645,0.084961,-0.112669,5.062883,-0.874674,
feedback,3.002547,1786439800724,7,Ry,5.000000,15.000000,5.199290,0.199290,,,435.909576,-66.846169,179.602417,-160.574951,58.523895,-163.261093,435.948242,-66.851021,179.623825,-165.859222,44.719631,-169.958054,-0.403597,-0.087325,-0.024061,-0.177074,5.148299,-0.744200,
feedback,3.011008,1786439800732,7,Ry,5.000000,15.000000,5.203334,0.203334,,,435.909576,-66.846169,179.602417,-160.574951,58.523895,-163.261093,435.946045,-66.851631,179.625504,-165.867783,44.678806,-169.970535,-0.274056,-0.040172,0.281907,-0.149604,5.145089,-0.785677,
feedback,3.019251,1786439800740,7,Ry,5.000000,15.000000,5.308526,0.308526,,,435.909576,-66.846169,179.602417,-160.574951,58.523895,-163.261093,435.933380,-66.857857,179.621674,-165.879852,44.616604,-169.988800,-1.181531,-0.421602,-0.324819,-0.138017,5.247532,-0.810467,
feedback,3.027430,1786439800749,7,Ry,5.000000,15.000000,5.180106,0.180106,,,435.909576,-66.846169,179.602417,-160.574951,58.523895,-163.261093,435.921875,-66.862442,179.619522,-165.887558,44.575371,-170.000381,-1.089610,-0.331913,-0.268502,-0.185503,5.128984,-0.743298,
feedback,3.035291,1786439800753,7,Ry,5.000000,15.000000,5.147093,0.147093,,,435.909576,-66.846169,179.602417,-160.574951,58.523895,-163.261093,435.917236,-66.864326,179.617050,-165.891449,44.555176,-170.006149,-1.158418,-0.470739,-0.612349,-0.194200,5.092525,-0.759957,
feedback,3.043487,1786439800762,7,Ry,5.000000,15.000000,4.780880,-0.219120,,,435.909576,-66.846169,179.602417,-160.574951,58.523895,-163.261093,435.918121,-66.865585,179.615509,-165.899109,44.517216,-170.017563,0.032408,-0.190815,-0.286545,-0.148249,4.722631,-0.748743,
feedback,3.052536,1786439800770,7,Ry,5.000000,15.000000,4.528270,-0.471730,,,435.909576,-66.846169,179.602417,-160.574951,58.523895,-163.261093,435.918457,-66.864059,179.611069,-165.906433,44.481438,-170.027985,-0.131864,0.163088,-0.732037,-0.157525,4.486523,-0.633092,
feedback,3.060372,1786439800778,7,Ry,5.000000,15.000000,4.332015,-0.667985,,,435.909576,-66.846169,179.602417,-160.574951,58.523895,-163.261093,435.913544,-66.864616,179.603394,-165.913727,44.447140,-170.038010,-0.834503,-0.035197,-1.088698,-0.085541,4.295896,-0.583977,
feedback,3.068322,1786439800787,7,Ry,5.000000,15.000000,4.112157,-0.887843,,,435.909576,-66.846169,179.602417,-160.574951,58.523895,-163.261093,435.906189,-66.865639,179.594864,-165.921234,44.414997,-170.048309,-1.088610,-0.209002,-1.003109,-0.036299,4.059124,-0.660576,
feedback,3.076584,1786439800795,7,Ry,5.000000,15.000000,3.660545,-1.339455,,,435.909576,-66.846169,179.602417,-160.574951,58.523895,-163.261093,435.906525,-66.864388,179.591843,-165.928329,44.386009,-170.058090,0.121942,0.198682,-0.234258,-0.006845,3.614244,-0.582879,
feedback,3.084783,1786439800804,7,Ry,5.000000,15.000000,3.681367,-1.318633,,,435.909576,-66.846169,179.602417,-160.574951,58.523895,-163.261093,435.906952,-66.864700,179.591553,-165.935196,44.357544,-170.067917,-0.128100,-0.098246,-0.018975,-0.003299,3.624984,-0.641839,
feedback,3.092804,1786439800812,7,Ry,5.000000,15.000000,3.725200,-1.274800,,,435.909576,-66.846169,179.602417,-160.574951,58.523895,-163.261093,435.903198,-66.864716,179.588974,-165.942215,44.328560,-170.077499,-0.453084,-0.047371,-0.317017,0.002980,3.677642,-0.595659,
feedback,3.101103,1786439800821,7,Ry,5.000000,15.000000,3.869964,-1.130036,,,435.909576,-66.846169,179.602417,-160.574951,58.523895,-163.261093,435.893951,-66.867874,179.585464,-165.951431,44.283909,-170.090958,-1.060611,-0.261501,-0.505432,-0.099187,3.829962,-0.565536,
feedback,3.109661,1786439800829,7,Ry,5.000000,15.000000,3.596044,-1.403956,,,435.909576,-66.846169,179.602417,-160.574951,58.523895,-163.261093,435.888641,-66.868340,179.582504,-165.957352,44.255638,-170.099533,-0.810911,-0.113069,-0.436013,-0.137485,3.555435,-0.544994,
feedback,3.118320,1786439800837,7,Ry,5.000000,15.000000,3.057378,-1.942622,,,435.909576,-66.846169,179.602417,-160.574951,58.523895,-163.261093,435.889771,-66.867317,179.581726,-165.962204,44.231346,-170.106567,-0.207115,0.020717,-0.205682,-0.092936,3.024018,-0.456745,
feedback,3.126051,1786439800846,7,Ry,5.000000,15.000000,2.520426,-2.479574,,,435.909576,-66.846169,179.602417,-160.574951,58.523895,-163.261093,435.890991,-66.865204,179.581207,-165.967285,44.210712,-170.113419,0.242740,0.243482,0.016695,0.043871,2.486214,-0.414557,
feedback,3.134173,1786439800854,7,Ry,5.000000,15.000000,2.061683,-2.938317,,,435.909576,-66.846169,179.602417,-160.574951,58.523895,-163.261093,435.893097,-66.863739,179.582169,-165.970856,44.193897,-170.118301,0.076982,-0.030647,0.138539,-0.088468,2.039574,-0.305801,
feedback,3.142564,1786439800862,7,Ry,5.000000,15.000000,1.554828,-3.445172,,,435.909576,-66.846169,179.602417,-160.574951,58.523895,-163.261093,435.893982,-66.863663,179.583267,-165.973816,44.180962,-170.122681,-0.009864,0.105173,0.138281,0.021264,1.531447,-0.268633,
feedback,3.149948,1786439800871,7,Ry,5.000000,15.000000,1.267953,-3.732047,,,435.909576,-66.846169,179.602417,-160.574951,58.523895,-163.261093,435.892059,-66.863182,179.582977,-165.976471,44.170563,-170.126114,-0.307371,0.063437,0.114585,-0.007019,1.260307,-0.154357,
feedback,3.158535,1786439800879,7,Ry,5.000000,15.000000,1.234519,-3.765481,,,435.909576,-66.846169,179.602417,-160.574951,58.523895,-163.261093,435.887024,-66.864754,179.582336,-165.978577,44.160946,-170.128906,-0.671640,-0.265432,-0.048559,-0.030273,1.221522,-0.181744,
feedback,3.166517,1786439800887,7,Ry,5.000000,15.000000,1.166806,-3.833194,,,435.909576,-66.846169,179.602417,-160.574951,58.523895,-163.261093,435.882629,-66.866791,179.582901,-165.980942,44.151695,-170.132431,-0.469167,-0.217121,0.136351,0.034695,1.141391,-0.246182,
feedback,3.174583,1786439800896,7,Ry,5.000000,15.000000,1.024103,-3.975897,,,435.909576,-66.846169,179.602417,-160.574951,58.523895,-163.261093,435.881470,-66.867126,179.584946,-165.983582,44.143452,-170.136017,-0.016945,-0.020963,0.247962,0.042393,1.004434,-0.201133,
feedback,3.183359,1786439800904,7,Ry,5.000000,15.000000,0.639436,-4.360564,,,435.909576,-66.846169,179.602417,-160.574951,58.523895,-163.261093,435.883820,-66.865608,179.587723,-165.986542,44.134628,-170.139572,0.400921,0.278357,0.292459,0.043910,0.632216,-0.096903,
feedback,3.190956,1786439800913,7,Ry,5.000000,15.000000,0.431745,-4.568255,,,435.909576,-66.846169,179.602417,-160.574951,58.523895,-163.261093,435.885223,-66.864281,179.589111,-165.988190,44.130909,-170.141541,0.173062,0.125293,0.161298,0.056323,0.419738,-0.105848,
feedback,3.199212,1786439800921,7,Ry,5.000000,15.000000,0.174898,-4.825102,,,435.909576,-66.846169,179.602417,-160.574951,58.523895,-163.261093,435.888397,-66.861610,179.591949,-165.989624,44.129295,-170.142960,0.409304,0.450033,0.300119,0.080592,0.175107,-0.014139,
feedback,3.207281,1786439800925,7,Ry,5.000000,15.000000,0.087681,-4.912319,,,435.909576,-66.846169,179.602417,-160.574951,58.523895,-163.261093,435.890015,-66.860504,179.593216,-165.990112,44.129005,-170.143356,0.404227,0.277145,0.318086,0.076261,0.087154,-0.010673,
feedback,3.215473,1786439800934,7,Ry,5.000000,15.000000,-0.016810,-5.016810,,,435.909576,-66.846169,179.602417,-160.574951,58.523895,-163.261093,435.891144,-66.859467,179.594513,-165.990784,44.129002,-170.143890,0.141588,0.207092,0.184386,0.054761,-0.015995,0.006084,
feedback,3.223975,1786439800942,7,Ry,5.000000,15.000000,0.006525,-4.993475,,,435.909576,-66.846169,179.602417,-160.574951,58.523895,-163.261093,435.891479,-66.860016,179.594391,-165.991074,44.129120,-170.144226,-0.013618,-0.064073,-0.065852,0.024166,0.005412,-0.006880,
feedback,3.231806,1786439800950,7,Ry,5.000000,15.000000,-0.013146,-5.013146,,,435.909576,-66.846169,179.602417,-160.574951,58.523895,-163.261093,435.891144,-66.860367,179.594070,-165.991364,44.129158,-170.144577,-0.008411,-0.097000,-0.038573,-0.000569,-0.017036,-0.020899,
feedback,3.240299,1786439800959,7,Ry,5.000000,15.000000,0.003402,-4.996598,,,435.909576,-66.846169,179.602417,-160.574951,58.523895,-163.261093,435.891235,-66.860214,179.593750,-165.991714,44.129139,-170.144852,0.047423,0.032669,-0.075297,0.019338,0.003848,0.002228,
feedback,3.248433,1786439800967,7,Ry,5.000000,15.000000,-0.017826,-5.017826,,,435.909576,-66.846169,179.602417,-160.574951,58.523895,-163.261093,435.891663,-66.859451,179.593582,-165.992050,44.129234,-170.145050,0.121113,0.083867,0.056936,0.030568,-0.019000,-0.005095,
feedback,3.256404,1786439800975,7,Ry,5.000000,15.000000,-0.028762,-5.028762,,,435.909576,-66.846169,179.602417,-160.574951,58.523895,-163.261093,435.891815,-66.859444,179.593903,-165.992264,44.129353,-170.145233,0.081858,0.043824,0.160836,0.034773,-0.029657,-0.002554,
feedback,3.264621,1786439800984,7,Ry,5.000000,15.000000,0.003962,-4.996038,,,435.909576,-66.846169,179.602417,-160.574951,58.523895,-163.261093,435.891937,-66.858757,179.593338,-165.992569,44.129406,-170.145447,-0.056054,0.187700,-0.096087,0.043504,0.009260,0.029681,
feedback,3.273581,1786439800992,5,Ry,5.000000,15.000000,-0.008727,-5.008727,,,435.909576,-66.846169,179.602417,-160.574951,58.523895,-163.261093,435.892365,-66.858574,179.594238,-165.992889,44.129593,-170.145752,0.042232,0.053304,0.057136,0.033253,-0.008496,0.002071,
