event,pc_time_s,controller_timestamp,robot_mode,axis,target_speed_deg_s,target_delta_deg,selected_actual_deg_s,speed_error_deg_s,command_interval_ms,command_latency_ms,target_x,target_y,target_z,target_rx,target_ry,target_rz,actual_x,actual_y,actual_z,actual_rx,actual_ry,actual_rz,tcp_vx,tcp_vy,tcp_vz,tcp_wx,tcp_wy,tcp_wz,response
feedback,0.005355,1786414237895,5,Rx,0.000000,0.000000,0.041199,0.041199,,,250.000397,-134.999725,480.000092,-90.000000,89.999969,-89.999916,250.000259,-135.000122,480.000153,-45.000000,89.999962,-45.000027,-0.033071,-0.121520,0.231291,0.006866,-0.048065,-0.041199,
command,0.000013,,,Rx,50.000000,150.000000,,,,9.731,250.000397,-134.999725,480.000092,-90.000000,89.999969,-89.999916,,,,,,,,,,,,,"0,{1347},RelMovLTool(0.000000,0.000000,0.000000,150.000000,0.000000,0.000000,a=30,v=100,cp=0);"
feedback,0.012532,1786414237903,7,Rx,50.000000,150.000000,0.006866,-49.993134,,,250.000397,-134.999725,480.000092,-90.000000,89.999969,-89.999916,249.999756,-134.999756,479.999969,-63.434948,89.999939,-63.434895,-0.157117,0.008868,0.049618,-0.013733,-0.020599,-0.006866,
feedback,0.020835,1786414237907,7,Rx,50.000000,150.000000,-0.006866,-50.006866,,,250.000397,-134.999725,480.000092,-90.000000,89.999969,-89.999916,250.000107,-134.999802,479.999969,-135.000031,89.999962,-134.999939,-0.082691,0.049375,0.068789,0.000000,-0.006866,0.006866,
feedback,0.029188,1786414237921,9,Rx,50.000000,150.000000,-0.006866,-50.006866,,,250.000397,-134.999725,480.000092,-90.000000,89.999969,-89.999916,250.000107,-134.999802,479.999969,-135.000031,89.999962,-134.999939,-0.082691,0.049375,0.068789,0.000000,-0.006866,0.006866,
feedback,0.037268,1786414237930,9,Rx,50.000000,150.000000,0.034332,-49.965668,,,250.000397,-134.999725,480.000092,-90.000000,89.999969,-89.999916,250.000610,-135.000092,480.000061,-161.565002,89.999916,-161.565063,0.098157,-0.091560,0.009342,0.006866,0.020599,-0.034332,
feedback,0.045736,1786414237934,9,Rx,50.000000,150.000000,-0.034332,-50.034332,,,250.000397,-134.999725,480.000092,-90.000000,89.999969,-89.999916,250.000214,-134.999802,480.000031,-153.434998,89.999939,-153.434906,-0.099593,0.072145,-0.010303,0.000000,-0.006866,0.034332,
feedback,0.054048,1786414237943,9,Rx,50.000000,150.000000,-0.020599,-50.020599,,,250.000397,-134.999725,480.000092,-90.000000,89.999969,-89.999916,249.999985,-134.999710,480.000305,-33.690144,89.999901,-33.690006,-0.084489,0.051053,0.130388,-0.013733,-0.034332,0.020599,
feedback,0.062434,1786414237952,9,Rx,50.000000,150.000000,-0.013733,-50.013733,,,250.000397,-134.999725,480.000092,-90.000000,89.999969,-89.999916,250.000031,-134.999786,480.000183,-45.000069,89.999924,-44.999931,-0.057886,0.021092,0.020375,-0.013733,-0.013733,0.013733,
feedback,0.070523,1786414237961,9,Rx,50.000000,150.000000,-0.034332,-50.034332,,,250.000397,-134.999725,480.000092,-90.000000,89.999969,-89.999916,250.000153,-134.999710,479.999847,90.000000,89.999969,90.000137,-0.013306,0.072145,-0.049132,0.006866,-0.006866,0.034332,
feedback,0.078952,1786414237969,9,Rx,50.000000,150.000000,-0.006866,-50.006866,,,250.000397,-134.999725,480.000092,-90.000000,89.999969,-89.999916,250.000565,-134.999710,479.999146,179.999893,89.999779,-179.999969,0.056801,0.010546,-0.241119,-0.000000,0.054932,0.006866,
feedback,0.086988,1786414237977,9,Rx,50.000000,150.000000,-0.027466,-50.027466,,,250.000397,-134.999725,480.000092,-90.000000,89.999969,-89.999916,250.000504,-134.999710,479.999512,-146.310013,89.999901,-146.309875,-0.001798,0.022770,0.010546,-0.006866,-0.006866,0.027466,
feedback,0.095252,1786414237986,9,Rx,50.000000,150.000000,0.006866,-49.993134,,,250.000397,-134.999725,480.000092,-90.000000,89.999969,-89.999916,250.000259,-134.999908,479.999725,-161.565094,89.999916,-161.565048,-0.085925,-0.010546,0.180481,-0.013733,-0.041199,-0.006866,
feedback,0.103462,1786414237994,9,Rx,50.000000,150.000000,0.000000,-50.000000,,,250.000397,-134.999725,480.000092,-90.000000,89.999969,-89.999916,249.999756,-134.999832,479.999817,-116.565056,89.999939,-116.565002,-0.113974,0.019414,0.030203,0.006866,-0.020599,-0.000000,
feedback,0.111525,1786414238002,9,Rx,50.000000,150.000000,-0.006866,-50.006866,,,250.000397,-134.999725,480.000092,-90.000000,89.999969,-89.999916,250.000092,-134.999908,480.000031,-90.000000,89.999969,-89.999947,0.031634,0.049375,-0.079093,0.000000,-0.000000,0.006866,
feedback,0.119773,1786414238011,9,Rx,50.000000,150.000000,-0.020599,-50.020599,,,250.000397,-134.999725,480.000092,-90.000000,89.999969,-89.999916,250.000336,-134.999680,479.999908,-116.565063,89.999939,-116.564949,0.073703,0.051053,-0.008868,-0.006866,-0.006866,0.020599,
feedback,0.127713,1786414238019,9,Rx,50.000000,150.000000,0.013733,-49.986267,,,250.000397,-134.999725,480.000092,-90.000000,89.999969,-89.999916,250.000092,-134.999832,479.999603,179.999969,89.999893,-179.999969,-0.117208,-0.040507,-0.011263,-0.000000,0.006866,-0.013733,
feedback,0.136151,1786414238028,9,Rx,50.000000,150.000000,-0.000000,-50.000000,,,250.000397,-134.999725,480.000092,-90.000000,89.999969,-89.999916,250.000214,-134.999924,479.998962,-172.874954,89.999779,-172.874954,-0.017264,-0.019414,-0.220744,0.000000,0.041199,-0.000000,
feedback,0.144216,1786414238036,9,Rx,50.000000,150.000000,-0.006866,-50.006866,,,250.000397,-134.999725,480.000092,-90.000000,89.999969,-89.999916,250.000153,-134.999832,480.000031,-90.000000,89.999969,-89.999947,0.044941,0.029961,-0.029961,-0.000000,0.006866,0.006866,
feedback,0.152770,1786414238045,9,Rx,50.000000,150.000000,-0.013733,-50.013733,,,250.000397,-134.999725,480.000092,-90.000000,89.999969,-89.999916,250.000610,-134.999878,479.999207,-170.537766,89.999832,-170.537674,0.127270,0.001678,-0.189349,0.000000,0.034332,0.013733,
feedback,0.160758,1786414238045,9,Rx,50.000000,150.000000,-0.006866,-50.006866,,,250.000397,-134.999725,480.000092,-90.000000,89.999969,-89.999916,250.000153,-134.999756,479.999817,-146.309982,89.999901,-146.309875,-0.112889,0.029961,0.148842,-0.006866,-0.020599,0.006866,
feedback,0.169006,1786414238045,9,Rx,50.000000,150.000000,-0.006866,-50.006866,,,250.000397,-134.999725,480.000092,-90.000000,89.999969,-89.999916,250.000153,-134.999756,479.999817,-146.309982,89.999901,-146.309875,-0.112889,0.029961,0.148842,-0.006866,-0.020599,0.006866,
feedback,0.177101,1786414238068,9,Rx,50.000000,150.000000,-0.000000,-50.000000,,,250.000397,-134.999725,480.000092,-90.000000,89.999969,-89.999916,250.000443,-135.000000,479.999664,146.309937,89.999901,146.309937,0.057886,-0.000000,0.030678,0.020599,-0.006866,-0.000000,
feedback,0.185761,1786414238077,9,Rx,50.000000,150.000000,-0.000000,-50.000000,,,250.000397,-134.999725,480.000092,-90.000000,89.999969,-89.999916,250.001022,-134.999908,479.999573,-168.690125,89.999863,-168.690063,0.186241,-0.019415,0.011020,-0.006866,0.006866,0.000000,
feedback,0.193555,1786414238085,9,Rx,50.000000,150.000000,-0.034332,-50.034332,,,250.000397,-134.999725,480.000092,-90.000000,89.999969,-89.999916,250.000443,-134.999664,479.999451,179.999863,89.999893,-179.999969,0.085563,0.052731,-0.220027,0.006867,0.041199,0.034332,
feedback,0.202206,1786414238094,9,Rx,50.000000,150.000000,0.006866,-49.993134,,,250.000397,-134.999725,480.000092,-90.000000,89.999969,-89.999916,250.000214,-134.999832,479.999695,153.434921,89.999939,153.434982,0.013658,-0.010546,-0.119599,-0.000000,0.013733,-0.006866,
feedback,0.210104,1786414238099,9,Rx,50.000000,150.000000,0.006866,-49.993134,,,250.000397,-134.999725,480.000092,-90.000000,89.999969,-89.999916,250.000732,-134.999954,479.999634,165.963730,89.999886,165.963760,0.128355,-0.029961,-0.019658,0.000000,0.013733,-0.006866,
feedback,0.218523,1786414238108,9,Rx,50.000000,150.000000,0.006866,-49.993134,,,250.000397,-134.999725,480.000092,-90.000000,89.999969,-89.999916,249.999863,-134.999878,480.000061,-0.000000,89.999969,0.000027,-0.100667,-0.010546,0.079335,0.000000,-0.013733,-0.006866,
feedback,0.226199,1786414238116,9,Rx,50.000000,150.000000,0.013733,-49.986267,,,250.000397,-134.999725,480.000092,-90.000000,89.999969,-89.999916,250.000031,-135.000046,480.000183,-26.565029,89.999939,-26.565056,0.012583,-0.040507,-0.029961,0.006866,0.006866,-0.013733,
feedback,0.234786,1786414238125,9,Rx,50.000000,150.000000,0.013733,-49.986267,,,250.000397,-134.999725,480.000092,-90.000000,89.999969,-89.999916,250.000687,-134.999893,479.999908,-179.999924,89.999969,-179.999939,0.002159,-0.001678,0.131106,0.000000,-0.034332,-0.013733,
feedback,0.242610,1786414238134,9,Rx,50.000000,150.000000,-0.006866,-50.006866,,,250.000397,-134.999725,480.000092,-90.000000,89.999969,-89.999916,250.000793,-134.999725,479.999268,168.690048,89.999863,168.690125,0.071905,0.010546,-0.049375,0.013733,0.006866,0.006866,
feedback,0.250792,1786414238142,9,Rx,50.000000,150.000000,-0.000000,-50.000000,,,250.000397,-134.999725,480.000092,-90.000000,89.999969,-89.999916,250.000488,-135.000076,479.999542,-165.963776,89.999886,-165.963776,0.169700,-0.038829,-0.028526,0.006866,0.006866,-0.000000,
feedback,0.259147,1786414238151,9,Rx,50.000000,150.000000,0.006866,-49.993134,,,250.000397,-134.999725,480.000092,-90.000000,89.999969,-89.999916,250.000381,-134.999908,480.000336,-0.000055,89.999947,-0.000000,0.128716,-0.029961,0.070942,0.000000,-0.006866,-0.006866,
feedback,0.267182,1786414238159,9,Rx,50.000000,150.000000,-0.013733,-50.013733,,,250.000397,-134.999725,480.000092,-90.000000,89.999969,-89.999916,250.000320,-134.999802,479.999207,-170.537735,89.999832,-170.537643,0.029475,0.040507,-0.261251,-0.006866,0.054932,0.013733,
feedback,0.275382,1786414238168,9,Rx,50.000000,150.000000,0.013733,-49.986267,,,250.000397,-134.999725,480.000092,-90.000000,89.999969,-89.999916,250.000443,-134.999954,480.000031,-90.000000,89.999969,-89.999969,0.025528,-0.059921,-0.020375,-0.000000,0.013733,-0.013733,
feedback,0.283580,1786414238176,9,Rx,50.000000,150.000000,0.006866,-49.993134,,,250.000397,-134.999725,480.000092,-90.000000,89.999969,-89.999916,250.000214,-134.999878,479.999695,-116.565048,89.999878,-116.565025,0.042420,-0.010546,-0.149560,-0.020599,0.020599,-0.006866,
feedback,0.292608,1786414238184,9,Rx,50.000000,150.000000,0.006866,-49.993134,,,250.000397,-134.999725,480.000092,-90.000000,89.999969,-89.999916,250.000275,-134.999832,479.999908,179.999969,89.999969,-179.999969,0.055365,-0.029961,-0.139974,-0.000000,0.027466,-0.006866,
feedback,0.299771,1786414238189,9,Rx,50.000000,150.000000,0.006866,-49.993134,,,250.000397,-134.999725,480.000092,-90.000000,89.999969,-89.999916,250.000381,-134.999954,479.999817,-116.565056,89.999939,-116.565033,0.026964,-0.029961,-0.019414,-0.013733,-0.000000,-0.006866,
feedback,0.308153,1786414238197,9,Rx,50.000000,150.000000,0.000000,-50.000000,,,250.000397,-134.999725,480.000092,-90.000000,89.999969,-89.999916,250.000214,-134.999756,479.999695,-135.000046,89.999924,-134.999924,-0.057163,-0.000000,0.150520,0.006866,-0.034332,-0.000000,
feedback,0.316424,1786414238206,9,Rx,50.000000,150.000000,0.013733,-49.986267,,,250.000397,-134.999725,480.000092,-90.000000,89.999969,-89.999916,250.000626,-134.999878,479.999695,-135.000000,89.999847,-134.999969,0.142736,-0.040507,-0.060164,-0.020599,0.027466,-0.013733,
feedback,0.325235,1786414238214,9,Rx,50.000000,150.000000,0.013733,-49.986267,,,250.000397,-134.999725,480.000092,-90.000000,89.999969,-89.999916,250.000626,-134.999847,479.999695,-179.999939,89.999947,-179.999939,-0.072628,-0.021092,0.021335,0.006866,-0.027466,-0.013733,
feedback,0.332848,1786414238223,9,Rx,50.000000,150.000000,-0.006866,-50.006866,,,250.000397,-134.999725,480.000092,-90.000000,89.999969,-89.999916,250.000488,-135.000076,479.999390,-143.130127,89.999863,-143.130127,0.112528,-0.008868,-0.188389,0.000000,0.020599,0.006866,
feedback,0.341145,1786414238231,9,Rx,50.000000,150.000000,0.020599,-49.979401,,,250.000397,-134.999725,480.000092,-90.000000,89.999969,-89.999916,249.999985,-135.000092,480.000153,-71.565048,89.999916,-71.565102,-0.042782,-0.031638,0.110014,0.000000,-0.020599,-0.020599,
feedback,0.349297,1786414238240,9,Rx,50.000000,150.000000,-0.013733,-50.013733,,,250.000397,-134.999725,480.000092,-90.000000,89.999969,-89.999916,250.000107,-134.999924,479.999969,-116.565048,89.999939,-116.565048,-0.129430,0.021092,0.109296,0.006866,-0.020599,0.013733,
feedback,0.358510,1786414238248,9,Rx,50.000000,150.000000,-0.020599,-50.020599,,,250.000397,-134.999725,480.000092,-90.000000,89.999969,-89.999916,249.999863,-134.999786,479.999908,-135.000061,89.999962,-134.999924,-0.104624,-0.007191,0.009829,0.020599,-0.006866,0.020599,
feedback,0.365502,1786414238256,9,Rx,50.000000,150.000000,0.034332,-49.965668,,,250.000397,-134.999725,480.000092,-90.000000,89.999969,-89.999916,250.000031,-135.000168,480.000397,-53.130093,89.999863,-53.130146,0.054652,-0.091560,0.091317,-0.006866,-0.020599,-0.034332,
feedback,0.374693,1786414238265,9,Rx,50.000000,150.000000,-0.000000,-50.000000,,,250.000397,-134.999725,480.000092,-90.000000,89.999969,-89.999916,250.000732,-134.999756,479.999939,-153.435013,89.999939,-153.434906,0.142013,-0.019414,-0.139257,-0.000000,0.027466,0.000000,
feedback,0.381920,1786414238273,9,Rx,50.000000,150.000000,-0.027466,-50.027466,,,250.000397,-134.999725,480.000092,-90.000000,89.999969,-89.999916,250.000687,-134.999680,479.999542,-143.130142,89.999863,-143.130020,0.057524,0.042185,-0.059921,-0.006866,0.013733,0.027466,
feedback,0.391288,1786414238282,9,Rx,50.000000,150.000000,-0.006866,-50.006866,,,250.000397,-134.999725,480.000092,-90.000000,89.999969,-89.999916,250.000153,-134.999878,480.000031,-90.000000,89.999916,-89.999969,-0.001798,-0.008868,0.010546,-0.006866,-0.006866,0.006866,
feedback,0.398260,1786414238290,9,Rx,50.000000,150.000000,0.000000,-50.000000,,,250.000397,-134.999725,480.000092,-90.000000,89.999969,-89.999916,250.000107,-134.999832,480.000336,-56.309940,89.999901,-56.309887,0.058247,0.000000,0.070224,0.000000,-0.006866,0.000000,
feedback,0.407268,1786414238299,9,Rx,50.000000,150.000000,-0.013733,-50.013733,,,250.000397,-134.999725,480.000092,-90.000000,89.999969,-89.999916,250.000153,-134.999710,480.000183,-90.000000,89.999969,-89.999863,-0.086648,0.021092,-0.051770,-0.013733,0.020599,0.013733,
feedback,0.414959,1786414238303,9,Rx,50.000000,150.000000,0.020599,-49.979401,,,250.000397,-134.999725,480.000092,-90.000000,89.999969,-89.999916,250.000229,-134.999756,480.000336,-90.000000,89.999916,-89.999947,0.016540,-0.012224,0.039546,-0.013733,-0.000000,-0.020599,
feedback,0.423363,1786414238312,9,Rx,50.000000,150.000000,0.006866,-49.993134,,,250.000397,-134.999725,480.000092,-90.000000,89.999969,-89.999916,250.000504,-134.999878,479.999664,-146.309937,89.999901,-146.309906,-0.043505,-0.010546,0.030921,-0.020599,-0.020599,-0.006866,
feedback,0.431040,1786414238321,9,Rx,50.000000,150.000000,0.013733,-49.986267,,,250.000397,-134.999725,480.000092,-90.000000,89.999969,-89.999916,250.000214,-135.000000,479.999908,-116.565048,89.999939,-116.565048,0.054290,-0.059921,0.000717,-0.006866,-0.000000,-0.013733,
feedback,0.440318,1786414238329,9,Rx,50.000000,150.000000,-0.000000,-50.000000,,,250.000397,-134.999725,480.000092,-90.000000,89.999969,-89.999916,250.000381,-134.999802,479.999786,-135.000031,89.999924,-134.999939,-0.000362,-0.000000,-0.090599,-0.006866,0.020599,0.000000,
feedback,0.447582,1786414238337,9,Rx,50.000000,150.000000,0.013733,-49.986267,,,250.000397,-134.999725,480.000092,-90.000000,89.999969,-89.999916,250.000443,-134.999878,479.999084,-173.659897,89.999748,-173.659805,-0.002883,-0.040507,-0.261251,-0.000000,0.054932,-0.013733,
feedback,0.455712,1786414238346,9,Rx,50.000000,150.000000,0.000000,-50.000000,,,250.000397,-134.999725,480.000092,-90.000000,89.999969,-89.999916,250.000671,-134.999832,480.000092,-90.000000,89.999969,-89.999947,0.029485,0.000000,0.151238,0.000000,-0.034332,-0.000000,
feedback,0.464175,1786414238354,9,Rx,50.000000,150.000000,0.013733,-49.986267,,,250.000397,-134.999725,480.000092,-90.000000,89.999969,-89.999916,250.000443,-134.999878,480.000183,-26.565052,89.999939,-26.565023,0.060045,-0.001678,0.110731,-0.006866,-0.020599,-0.013733,
feedback,0.472241,1786414238362,9,Rx,50.000000,150.000000,-0.006866,-50.006866,,,250.000397,-134.999725,480.000092,-90.000000,89.999969,-89.999916,250.000275,-134.999802,479.999908,179.999939,89.999969,-179.999969,-0.025528,0.049375,0.020375,0.006866,-0.013733,0.006866,
feedback,0.482041,1786414238371,9,Rx,50.000000,150.000000,0.027466,-49.972534,,,250.000397,-134.999725,480.000092,-90.000000,89.999969,-89.999916,250.000381,-134.999878,479.999786,-180.000000,89.999947,-179.999969,0.055365,-0.061599,-0.139974,0.006866,0.027466,-0.027466,
feedback,0.488486,1786414238379,9,Rx,50.000000,150.000000,-0.013733,-50.013733,,,250.000397,-134.999725,480.000092,-90.000000,89.999969,-89.999916,250.000214,-134.999878,479.999908,-104.036247,89.999886,-104.036163,0.056450,0.001678,0.080770,-0.020599,-0.013733,0.013733,
feedback,0.497494,1786414238387,9,Rx,50.000000,150.000000,0.000000,-50.000000,,,250.000397,-134.999725,480.000092,-90.000000,89.999969,-89.999916,250.000336,-134.999878,479.999786,-172.603241,90.000000,-172.603210,0.071905,0.000000,0.001678,0.000000,-0.013733,-0.000000,
feedback,0.504502,1786414238396,9,Rx,50.000000,150.000000,-0.006866,-50.006866,,,250.000397,-134.999725,480.000092,-90.000000,89.999969,-89.999916,249.999985,-134.999832,479.999725,-135.000015,89.999886,-134.999954,-0.014743,0.010546,-0.101145,-0.013733,0.027466,0.006866,
feedback,0.513301,1786414238405,9,Rx,50.000000,150.000000,0.006866,-49.993134,,,250.000397,-134.999725,480.000092,-90.000000,89.999969,-89.999916,250.000336,-134.999802,479.999542,-153.434921,89.999878,-153.434906,0.030198,0.008868,-0.131106,-0.013733,0.034332,-0.006866,
feedback,0.521303,1786414238413,9,Rx,50.000000,150.000000,0.013733,-49.986267,,,250.000397,-134.999725,480.000092,-90.000000,89.999969,-89.999916,250.000381,-134.999802,479.999420,179.999939,89.999863,-179.999969,-0.060045,-0.040507,-0.110731,0.006866,0.020599,-0.013733,
feedback,0.529511,1786414238422,9,Rx,50.000000,150.000000,-0.006866,-50.006866,,,250.000397,-134.999725,480.000092,-90.000000,89.999969,-89.999916,250.000488,-134.999908,479.999512,-168.690125,89.999863,-168.690063,0.070108,-0.008868,-0.089882,0.000000,0.020599,0.006866,
feedback,0.537377,1786414238430,9,Rx,50.000000,150.000000,-0.000000,-50.000000,,,250.000397,-134.999725,480.000092,-90.000000,89.999969,-89.999916,250.000092,-134.999756,479.999664,-116.565071,89.999939,-116.564957,0.014020,0.000000,-0.080053,-0.006866,0.013733,0.000000,
feedback,0.546670,1786414238434,9,Rx,50.000000,150.000000,-0.006866,-50.006866,,,250.000397,-134.999725,480.000092,-90.000000,89.999969,-89.999916,250.000397,-134.999756,479.999939,90.000000,89.999969,90.000053,0.104986,0.049375,0.029718,0.013733,0.006866,0.006866,
feedback,0.554254,1786414238447,9,Rx,50.000000,150.000000,0.006866,-49.993134,,,250.000397,-134.999725,480.000092,-90.000000,89.999969,-89.999916,250.000153,-134.999832,479.999847,-90.000000,89.999969,-89.999947,-0.070831,0.008868,0.010789,0.006866,-0.020599,-0.006866,
feedback,0.562917,1786414238451,9,Rx,50.000000,150.000000,0.013733,-49.986267,,,250.000397,-134.999725,480.000092,-90.000000,89.999969,-89.999916,249.999741,-135.000000,480.000214,18.434948,89.999916,18.434948,-0.102465,-0.040507,0.089882,0.013733,-0.020599,-0.013733,
feedback,0.570584,1786414238459,9,Rx,50.000000,150.000000,0.013733,-49.986267,,,250.000397,-134.999725,480.000092,-90.000000,89.999969,-89.999916,250.000107,-134.999878,479.999969,-180.000000,89.999969,-179.999969,-0.085564,-0.021092,0.168974,0.020599,-0.020599,-0.013733,
feedback,0.579915,1786414238468,9,Rx,50.000000,150.000000,0.020599,-49.979401,,,250.000397,-134.999725,480.000092,-90.000000,89.999969,-89.999916,250.000504,-134.999756,479.999512,-161.565125,89.999916,-161.565018,-0.018338,-0.070467,-0.080053,0.006866,0.013733,-0.020599,
feedback,0.586990,1786414238476,9,Rx,50.000000,150.000000,-0.000000,-50.000000,,,250.000397,-134.999725,480.000092,-90.000000,89.999969,-89.999916,250.000504,-134.999756,479.999878,-40.213211,90.000000,-40.213100,0.000000,0.000000,0.051053,0.006866,-0.020599,0.000000,
feedback,0.595813,1786414238485,9,Rx,50.000000,150.000000,-0.020599,-50.020599,,,250.000397,-134.999725,480.000092,-90.000000,89.999969,-89.999916,250.000275,-134.999710,479.999908,-135.000061,89.999962,-134.999924,-0.074064,0.012224,0.020375,0.000000,-0.013733,0.020599,
feedback,0.603043,1786414238493,9,Rx,50.000000,150.000000,-0.000000,-50.000000,,,250.000397,-134.999725,480.000092,-90.000000,89.999969,-89.999916,250.000381,-134.999832,479.998901,-172.875015,89.999779,-172.874954,0.054641,-0.019414,-0.270119,-0.013733,0.048065,0.000000,
feedback,0.611469,1786414238501,9,Rx,50.000000,150.000000,-0.000000,-50.000000,,,250.000397,-134.999725,480.000092,-90.000000,89.999969,-89.999916,250.000397,-134.999725,479.999939,90.000000,89.999969,90.000084,0.001798,0.019414,0.091560,0.006866,-0.034332,-0.000000,
feedback,0.619343,1786414238510,9,Rx,50.000000,150.000000,0.000000,-50.000000,,,250.000397,-134.999725,480.000092,-90.000000,89.999969,-89.999916,250.000107,-134.999680,480.000153,-45.000027,89.999962,-44.999916,-0.026603,0.019414,0.110014,-0.006866,-0.020599,-0.000000,
feedback,0.627399,1786414238519,9,Rx,50.000000,150.000000,-0.020599,-50.020599,,,250.000397,-134.999725,480.000092,-90.000000,89.999969,-89.999916,249.999756,-134.999634,480.000336,-0.000165,89.999947,0.000027,-0.101743,0.012224,0.220027,0.006866,-0.041199,0.020599,
feedback,0.635911,1786414238528,9,Rx,50.000000,150.000000,0.020599,-49.979401,,,250.000397,-134.999725,480.000092,-90.000000,89.999969,-89.999916,250.000275,-134.999802,479.999756,-135.000031,89.999962,-134.999939,-0.012945,-0.012224,-0.009586,-0.000000,-0.006866,-0.020599,
feedback,0.644057,1786414238536,9,Rx,50.000000,150.000000,0.020599,-49.979401,,,250.000397,-134.999725,480.000092,-90.000000,89.999969,-89.999916,250.000214,-134.999878,479.999908,-108.434959,89.999916,-108.434875,-0.047100,-0.070467,-0.050092,-0.013733,0.006866,-0.020599,
feedback,0.652416,1786414238545,9,Rx,50.000000,150.000000,0.006866,-49.993134,,,250.000397,-134.999725,480.000092,-90.000000,89.999969,-89.999916,250.000778,-134.999954,479.999451,-161.565079,89.999825,-161.565048,0.101029,-0.010546,-0.039790,-0.000000,0.013733,-0.006866,
feedback,0.660841,1786414238549,9,Rx,50.000000,150.000000,0.000000,-50.000000,,,250.000397,-134.999725,480.000092,-90.000000,89.999969,-89.999916,250.000381,-134.999954,479.999298,-153.434967,89.999878,-153.434937,-0.101752,0.000000,-0.039303,-0.000000,-0.013733,-0.000000,
feedback,0.669048,1786414238557,9,Rx,50.000000,150.000000,-0.013733,-50.013733,,,250.000397,-134.999725,480.000092,-90.000000,89.999969,-89.999916,250.000275,-134.999680,479.999329,-168.690125,89.999863,-168.690018,-0.027688,0.040507,-0.059678,-0.006866,-0.000000,0.013733,
feedback,0.676377,1786414238566,9,Rx,50.000000,150.000000,0.006866,-49.993134,,,250.000397,-134.999725,480.000092,-90.000000,89.999969,-89.999916,250.000046,-134.999878,480.000305,-63.434948,89.999939,-63.434921,-0.012222,0.008868,0.069507,-0.013733,-0.006866,-0.006866,
feedback,0.684964,1786414238574,9,Rx,50.000000,150.000000,-0.006866,-50.006866,,,250.000397,-134.999725,480.000092,-90.000000,89.999969,-89.999916,250.000381,-134.999878,479.999969,-135.000046,89.999962,-134.999954,0.185879,-0.008868,-0.079579,0.000000,0.027466,0.006866,
feedback,0.692875,1786414238582,9,Rx,50.000000,150.000000,-0.000000,-50.000000,,,250.000397,-134.999725,480.000092,-90.000000,89.999969,-89.999916,250.000275,-134.999802,479.999908,-116.565063,89.999939,-116.564980,0.044579,0.019414,-0.069507,-0.006866,0.006866,0.000000,
feedback,0.701171,1786414238591,9,Rx,50.000000,150.000000,0.013733,-49.986267,,,250.000397,-134.999725,480.000092,-90.000000,89.999969,-89.999916,250.000504,-134.999878,479.999664,180.000000,89.999916,-179.999969,-0.014019,-0.021092,0.080053,0.006866,-0.013733,-0.013733,
feedback,0.709207,1786414238599,9,Rx,50.000000,150.000000,-0.000000,-50.000000,,,250.000397,-134.999725,480.000092,-90.000000,89.999969,-89.999916,250.000259,-134.999878,479.999725,-161.565125,89.999916,-161.565048,-0.002521,-0.019414,-0.170652,0.000000,0.034332,0.000000,
feedback,0.717427,1786414238608,9,Rx,50.000000,150.000000,0.013733,-49.986267,,,250.000397,-134.999725,480.000092,-90.000000,89.999969,-89.999916,250.000046,-134.999924,479.999634,-153.434921,89.999939,-153.434921,-0.202058,-0.021092,0.079579,0.006866,-0.027466,-0.013733,
feedback,0.725703,1786414238616,9,Rx,50.000000,150.000000,0.020599,-49.979401,,,250.000397,-134.999725,480.000092,-90.000000,89.999969,-89.999916,250.000381,-134.999969,479.999634,-153.434906,89.999939,-153.434937,0.104263,0.007191,-0.049375,-0.000000,0.006866,-0.020599,
feedback,0.734315,1786414238625,9,Rx,50.000000,150.000000,-0.006866,-50.006866,,,250.000397,-134.999725,480.000092,-90.000000,89.999969,-89.999916,250.000031,-135.000031,480.000031,-90.000000,89.999916,-89.999969,-0.116846,-0.008868,0.079336,-0.020599,-0.013733,0.006866,
feedback,0.742462,1786414238633,9,Rx,50.000000,150.000000,-0.006866,-50.006866,,,250.000397,-134.999725,480.000092,-90.000000,89.999969,-89.999916,250.000732,-134.999756,479.999634,-153.435013,89.999939,-153.434906,0.086286,0.010546,-0.038829,0.006866,0.000000,0.006866,
feedback,0.750047,1786414238642,9,Rx,50.000000,150.000000,0.020599,-49.979401,,,250.000397,-134.999725,480.000092,-90.000000,89.999969,-89.999916,250.000381,-135.000046,479.999634,-165.963730,89.999886,-165.963760,-0.001436,-0.051053,-0.000960,-0.000000,0.013733,-0.020599,
feedback,0.758122,1786414238647,9,Rx,50.000000,150.000000,-0.027466,-50.027466,,,250.000397,-134.999725,480.000092,-90.000000,89.999969,-89.999916,250.000397,-134.999725,479.999939,-147.116653,90.000000,-147.116577,0.003595,0.081013,0.081013,0.006866,-0.027466,0.027466,
feedback,0.766556,1786414238655,9,Rx,50.000000,150.000000,-0.013733,-50.013733,,,250.000397,-134.999725,480.000092,-90.000000,89.999969,-89.999916,249.999802,-134.999878,479.999847,-135.000046,89.999924,-134.999954,-0.144172,0.021092,0.008151,-0.013733,0.006866,0.013733,
feedback,0.774747,1786414238664,9,Rx,50.000000,150.000000,-0.013733,-50.013733,,,250.000397,-134.999725,480.000092,-90.000000,89.999969,-89.999916,250.000687,-134.999680,479.999542,-153.434998,89.999878,-153.434875,0.044941,0.040507,-0.029961,0.000000,0.006866,0.013733,
feedback,0.782788,1786414238673,9,Rx,50.000000,150.000000,0.013733,-49.986267,,,250.000397,-134.999725,480.000092,-90.000000,89.999969,-89.999916,250.000214,-134.999832,480.000061,-135.000061,89.999962,-134.999939,-0.031996,-0.059921,0.039546,-0.006866,-0.000000,-0.013733,
feedback,0.791726,1786414238681,9,Rx,50.000000,150.000000,-0.000000,-50.000000,,,250.000397,-134.999725,480.000092,-90.000000,89.999969,-89.999916,250.000488,-134.999908,479.999176,179.999939,89.999863,-180.000000,0.065789,-0.058244,-0.198935,-0.006866,0.027466,0.000000,
feedback,0.799036,1786414238690,9,Rx,50.000000,150.000000,0.020599,-49.979401,,,250.000397,-134.999725,480.000092,-90.000000,89.999969,-89.999916,250.000671,-134.999832,479.999207,-170.537704,89.999832,-170.537643,0.026241,-0.051053,-0.200613,-0.000000,0.041199,-0.020599,
feedback,0.808200,1786414238699,9,Rx,50.000000,150.000000,-0.020599,-50.020599,,,250.000397,-134.999725,480.000092,-90.000000,89.999969,-89.999916,250.000610,-134.999710,479.999542,179.999893,89.999893,-179.999969,0.088445,0.051053,-0.009829,0.000000,0.006866,0.020599,
feedback,0.815407,1786414238707,9,Rx,50.000000,150.000000,-0.013733,-50.013733,,,250.000397,-134.999725,480.000092,-90.000000,89.999969,-89.999916,250.000229,-134.999725,480.000031,90.000000,89.999969,90.000084,0.045302,0.040507,0.111691,-0.006866,-0.034332,0.013733,
feedback,0.824689,1786414238715,9,Rx,50.000000,150.000000,0.006866,-49.993134,,,250.000397,-134.999725,480.000092,-90.000000,89.999969,-89.999916,250.000443,-134.999908,479.999664,179.999939,89.999916,180.000000,-0.045664,-0.029961,-0.100185,0.000000,0.013733,-0.006866,
feedback,0.832015,1786414238724,9,Rx,50.000000,150.000000,-0.013733,-50.013733,,,250.000397,-134.999725,480.000092,-90.000000,89.999969,-89.999916,249.999878,-134.999588,480.000183,90.000000,89.999969,90.000168,-0.098509,0.040507,0.108336,0.006866,-0.006866,0.013733,
feedback,0.840851,1786414238732,9,Rx,50.000000,150.000000,0.013733,-49.986267,,,250.000397,-134.999725,480.000092,-90.000000,89.999969,-89.999916,250.000336,-134.999802,479.999573,161.565002,89.999916,161.565079,0.012222,-0.040507,-0.069507,0.013733,0.006866,-0.013733,
feedback,0.848525,1786414238740,9,Rx,50.000000,150.000000,-0.027466,-50.027466,,,250.000397,-134.999725,480.000092,-90.000000,89.999969,-89.999916,250.000748,-134.999466,479.999908,134.999939,89.999962,135.000137,0.046738,0.081014,0.010546,0.013733,-0.006866,0.027466,
feedback,0.857822,1786414238749,9,Rx,50.000000,150.000000,0.006866,-49.993134,,,250.000397,-134.999725,480.000092,-90.000000,89.999969,-89.999916,250.000381,-134.999832,479.999786,-135.000015,89.999924,-134.999954,-0.044941,-0.029961,0.029961,0.000000,-0.006866,-0.006866,
feedback,0.864692,1786414238757,9,Rx,50.000000,150.000000,-0.020599,-50.020599,,,250.000397,-134.999725,480.000092,-90.000000,89.999969,-89.999916,250.000275,-134.999664,480.000061,-135.000061,89.999962,-134.999908,-0.028762,0.031638,0.029961,0.000000,-0.006866,0.020599,
feedback,0.873760,1786414238766,9,Rx,50.000000,150.000000,-0.020599,-50.020599,,,250.000397,-134.999725,480.000092,-90.000000,89.999969,-89.999916,250.000793,-134.999756,479.999817,179.999924,89.999969,-179.999969,0.158553,0.031638,-0.048658,0.006866,0.006866,0.020599,
feedback,0.881741,1786414238770,9,Rx,50.000000,150.000000,0.000000,-50.000000,,,250.000397,-134.999725,480.000092,-90.000000,89.999969,-89.999916,250.000107,-134.999756,479.999969,134.999954,89.999962,135.000061,-0.172934,-0.000000,0.038112,0.006866,0.000000,-0.000000,
feedback,0.890559,1786414238778,9,Rx,50.000000,150.000000,0.013733,-49.986267,,,250.000397,-134.999725,480.000092,-90.000000,89.999969,-89.999916,250.000488,-134.999954,479.999695,-153.434967,89.999939,-153.434937,0.084127,-0.040507,-0.169935,-0.000000,0.034332,-0.013733,
feedback,0.897751,1786414238787,9,Rx,50.000000,150.000000,-0.013733,-50.013733,,,250.000397,-134.999725,480.000092,-90.000000,89.999969,-89.999916,250.000458,-134.999634,480.000305,-45.000042,89.999962,-44.999905,0.045302,0.040507,0.009586,-0.000000,0.006866,0.013733,
feedback,0.905963,1786414238796,9,Rx,50.000000,150.000000,0.000000,-50.000000,,,250.000397,-134.999725,480.000092,-90.000000,89.999969,-89.999916,250.000107,-134.999588,480.000305,-45.000053,89.999962,-44.999889,-0.042420,-0.000000,0.149560,0.000000,-0.020599,-0.000000,
feedback,0.914283,1786414238804,9,Rx,50.000000,150.000000,-0.006866,-50.006866,,,250.000397,-134.999725,480.000092,-90.000000,89.999969,-89.999916,250.000610,-134.999802,479.998871,179.999939,89.999809,-179.999969,0.056439,0.010546,-0.229613,0.013733,0.034332,0.006866,
feedback,0.922049,1786414238813,9,Rx,50.000000,150.000000,-0.020599,-50.020599,,,250.000397,-134.999725,480.000092,-90.000000,89.999969,-89.999916,249.999878,-134.999634,480.000366,-45.000084,89.999962,-44.999889,-0.113603,0.031638,0.329080,-0.006866,-0.048065,0.020599,
feedback,0.931168,1786414238821,9,Rx,50.000000,150.000000,-0.000000,-50.000000,,,250.000397,-134.999725,480.000092,-90.000000,89.999969,-89.999916,250.000031,-134.999832,480.000031,26.564962,89.999939,26.565073,-0.102827,-0.019414,0.050335,-0.000000,-0.020599,-0.000000,
feedback,0.938400,1786414238829,9,Rx,50.000000,150.000000,-0.000000,-50.000000,,,250.000397,-134.999725,480.000092,-90.000000,89.999969,-89.999916,250.000153,-134.999664,480.000031,90.000000,89.999969,90.000168,-0.028401,-0.000000,0.120560,0.013733,-0.027466,0.000000,
feedback,0.947179,1786414238838,9,Rx,50.000000,150.000000,0.020599,-49.979401,,,250.000397,-134.999725,480.000092,-90.000000,89.999969,-89.999916,250.000458,-134.999725,479.999786,-153.434967,89.999939,-153.434891,0.072267,-0.031638,-0.009829,-0.006866,0.006866,-0.020599,
feedback,0.955063,1786414238846,9,Rx,50.000000,150.000000,0.034332,-49.965668,,,250.000397,-134.999725,480.000092,-90.000000,89.999969,-89.999916,250.000031,-135.000031,480.000031,-15.298391,90.000000,-15.298364,-0.204930,-0.091559,0.179763,0.006866,-0.041199,-0.034332,
feedback,0.963945,1786414238855,9,Rx,50.000000,150.000000,-0.000000,-50.000000,,,250.000397,-134.999725,480.000092,-90.000000,89.999969,-89.999916,250.000153,-134.999878,479.999695,179.999924,89.999947,-180.000000,-0.045302,-0.019414,-0.060638,0.000000,0.013733,0.000000,
feedback,0.971150,1786414238863,9,Rx,50.000000,150.000000,-0.006866,-50.006866,,,250.000397,-134.999725,480.000092,-90.000000,89.999969,-89.999916,250.000504,-134.999756,479.999817,146.309875,89.999901,146.309982,-0.028039,0.010546,0.109053,0.020599,-0.006866,0.006866,
feedback,0.979761,1786414238871,9,Rx,50.000000,150.000000,0.013733,-49.986267,,,250.000397,-134.999725,480.000092,-90.000000,89.999969,-89.999916,250.000610,-134.999908,479.999054,179.999939,89.999832,-180.000000,0.054642,-0.040507,-0.219067,0.006866,0.027466,-0.013733,
feedback,0.988356,1786414238880,9,Rx,50.000000,150.000000,-0.000000,-50.000000,,,250.000397,-134.999725,480.000092,-90.000000,89.999969,-89.999916,249.999817,-134.999710,480.000031,90.000000,89.999969,90.000137,-0.130152,-0.000000,0.030203,0.006866,-0.020599,0.000000,
feedback,0.996571,1786414238888,9,Rx,50.000000,150.000000,0.006866,-49.993134,,,250.000397,-134.999725,480.000092,-90.000000,89.999969,-89.999916,249.999924,-134.999756,479.999908,134.999954,89.999962,135.000061,-0.088084,-0.029961,0.049375,0.013733,-0.006866,-0.006866,
feedback,1.004279,1786414238893,9,Rx,50.000000,150.000000,0.013733,-49.986267,,,250.000397,-134.999725,480.000092,-90.000000,89.999969,-89.999916,249.999924,-134.999878,480.000092,90.000000,89.999969,90.000084,-0.104263,-0.059921,0.100428,0.013733,-0.027466,-0.013733,
feedback,1.014322,1786414238901,9,Rx,50.000000,150.000000,-0.020599,-50.020599,,,250.000397,-134.999725,480.000092,-90.000000,89.999969,-89.999916,250.000336,-134.999588,479.999908,179.999893,89.999969,-179.999939,-0.084489,0.051053,0.079336,-0.006866,-0.013733,0.020599,
feedback,1.020437,1786414238910,9,Rx,50.000000,150.000000,-0.013733,-50.013733,,,250.000397,-134.999725,480.000092,-90.000000,89.999969,-89.999916,250.000626,-134.999634,479.999908,134.999924,89.999962,135.000107,0.101029,0.021092,-0.039789,0.013733,0.013733,0.013733,
feedback,1.029715,1786414238919,9,Rx,50.000000,150.000000,-0.020599,-50.020599,,,250.000397,-134.999725,480.000092,-90.000000,89.999969,-89.999916,250.000000,-134.999588,480.000427,-0.000110,89.999947,0.000055,-0.082330,0.070467,0.210441,-0.006866,-0.048065,0.020599,
feedback,1.036720,1786414238927,9,Rx,50.000000,150.000000,-0.034332,-50.034332,,,250.000397,-134.999725,480.000092,-90.000000,89.999969,-89.999916,250.000107,-134.999588,479.999969,-0.000110,89.999969,0.000055,-0.023008,0.110974,0.191027,0.000000,-0.048065,0.034332,
feedback,1.045756,1786414238935,9,Rx,50.000000,150.000000,0.013733,-49.986267,,,250.000397,-134.999725,480.000092,-90.000000,89.999969,-89.999916,250.000275,-134.999756,479.999756,179.999924,89.999969,-179.999969,0.057524,-0.021092,-0.059921,0.006866,0.013733,-0.013733,
feedback,1.053364,1786414238944,9,Rx,50.000000,150.000000,0.000000,-50.000000,,,250.000397,-134.999725,480.000092,-90.000000,89.999969,-89.999916,250.000107,-134.999802,480.000183,-26.565096,89.999939,-26.565012,-0.016179,-0.019414,0.051053,0.000000,-0.020599,0.000000,
feedback,1.062320,1786414238952,9,Rx,50.000000,150.000000,0.006866,-49.993134,,,250.000397,-134.999725,480.000092,-90.000000,89.999969,-89.999916,250.000107,-134.999664,480.000336,-26.565161,89.999939,-26.564997,-0.016179,-0.029961,0.000000,-0.006866,-0.000000,-0.006866,
feedback,1.069704,1786414238961,9,Rx,50.000000,150.000000,-0.006866,-50.006866,,,250.000397,-134.999725,480.000092,-90.000000,89.999969,-89.999916,249.999924,-134.999756,480.000275,-0.000082,89.999947,0.000027,-0.174732,-0.008868,0.099710,-0.000000,-0.027466,0.006866,
feedback,1.077524,1786414238969,9,Rx,50.000000,150.000000,0.013733,-49.986267,,,250.000397,-134.999725,480.000092,-90.000000,89.999969,-89.999916,250.000092,-135.000031,479.999695,153.434906,89.999939,153.434937,-0.135907,-0.079336,-0.079810,0.000000,-0.000000,-0.013733,
feedback,1.085842,1786414238977,9,Rx,50.000000,150.000000,-0.006866,-50.006866,,,250.000397,-134.999725,480.000092,-90.000000,89.999969,-89.999916,250.000153,-134.999710,480.000031,90.000000,89.999969,90.000137,-0.028039,0.010546,0.160106,0.006866,-0.027466,0.006866,
feedback,1.094832,1786414238986,9,Rx,50.000000,150.000000,-0.000000,-50.000000,,,250.000397,-134.999725,480.000092,-90.000000,89.999969,-89.999916,250.000443,-134.999664,479.999817,-135.000076,89.999962,-134.999908,0.072267,0.000000,-0.009829,-0.006866,0.006866,0.000000,
feedback,1.103053,1786414238994,9,Rx,50.000000,150.000000,-0.006866,-50.006866,,,250.000397,-134.999725,480.000092,-90.000000,89.999969,-89.999916,250.000610,-134.999664,479.999176,179.999863,89.999809,-179.999969,0.098508,-0.008868,-0.210442,0.000000,0.048065,0.006866,
feedback,1.111065,1786414239003,9,Rx,50.000000,150.000000,0.000000,-50.000000,,,250.000397,-134.999725,480.000092,-90.000000,89.999969,-89.999916,250.000732,-134.999710,479.999268,168.689957,89.999863,168.690094,0.100306,0.000000,-0.118882,-0.000000,0.013733,-0.000000,
feedback,1.119498,1786414239012,9,Rx,50.000000,150.000000,-0.013733,-50.013733,,,250.000397,-134.999725,480.000092,-90.000000,89.999969,-89.999916,250.000565,-134.999756,479.999329,179.999924,89.999863,-179.999969,0.057162,0.021092,-0.150520,0.000000,0.034332,0.013733,
feedback,1.127545,1786414239020,9,Rx,50.000000,150.000000,-0.006866,-50.006866,,,250.000397,-134.999725,480.000092,-90.000000,89.999969,-89.999916,250.000275,-134.999664,479.999908,-116.565079,89.999939,-116.564911,0.045664,0.029961,0.049132,-0.006866,0.006866,0.006866,
feedback,1.135748,1786414239028,9,Rx,50.000000,150.000000,-0.013733,-50.013733,,,250.000397,-134.999725,480.000092,-90.000000,89.999969,-89.999916,249.999863,-134.999634,480.000061,-45.000084,89.999962,-44.999889,-0.014743,0.021092,-0.050092,-0.013733,0.006866,0.013733,
feedback,1.143891,1786414239033,9,Rx,50.000000,150.000000,0.034332,-49.965668,,,250.000397,-134.999725,480.000092,-90.000000,89.999969,-89.999916,250.000214,-134.999756,479.999664,-161.565048,89.999916,-161.565002,0.088084,-0.033316,-0.100428,-0.000000,0.027466,-0.034332,
feedback,1.152343,1786414239041,9,Rx,50.000000,150.000000,0.006866,-49.993134,,,250.000397,-134.999725,480.000092,-90.000000,89.999969,-89.999916,250.000046,-134.999710,480.000153,-0.000110,89.999969,0.000027,-0.086638,-0.029961,0.360719,0.013733,-0.068665,-0.006866,
feedback,1.160164,1786414239050,9,Rx,50.000000,150.000000,-0.020599,-50.020599,,,250.000397,-134.999725,480.000092,-90.000000,89.999969,-89.999916,250.000854,-134.999512,479.999268,164.054459,89.999802,164.054672,0.074064,0.051053,-0.020375,0.006866,0.013733,0.020599,
feedback,1.168547,1786414239058,9,Rx,50.000000,150.000000,0.013733,-49.986267,,,250.000397,-134.999725,480.000092,-90.000000,89.999969,-89.999916,250.000031,-134.999878,479.999817,-116.565071,89.999939,-116.564987,-0.016179,-0.040507,-0.000000,-0.000000,-0.000000,-0.013733,
feedback,1.176606,1786414239066,9,Rx,50.000000,150.000000,-0.006866,-50.006866,,,250.000397,-134.999725,480.000092,-90.000000,89.999969,-89.999916,250.000641,-134.999512,479.999817,-161.565125,89.999916,-161.564957,0.090243,0.049375,0.030678,-0.006866,-0.006866,0.006866,
feedback,1.184740,1786414239075,9,Rx,50.000000,150.000000,-0.006866,-50.006866,,,250.000397,-134.999725,480.000092,-90.000000,89.999969,-89.999916,250.000458,-134.999588,479.999786,-153.435043,89.999939,-153.434875,0.102826,0.029961,-0.050336,0.006866,0.020599,0.006866,
feedback,1.192847,1786414239083,9,Rx,50.000000,150.000000,-0.006866,-50.006866,,,250.000397,-134.999725,480.000092,-90.000000,89.999969,-89.999916,250.000214,-134.999542,479.999847,-172.744202,90.000000,-172.744019,0.015094,0.029961,-0.169692,-0.000000,0.020599,0.006866,
feedback,1.201303,1786414239092,9,Rx,50.000000,150.000000,0.020599,-49.979401,,,250.000397,-134.999725,480.000092,-90.000000,89.999969,-89.999916,249.999680,-134.999908,479.999817,-135.000031,89.999962,-134.999969,-0.131589,-0.051053,0.029243,-0.013733,-0.006866,-0.020599,
feedback,1.209402,1786414239100,9,Rx,50.000000,150.000000,-0.013733,-50.013733,,,250.000397,-134.999725,480.000092,-90.000000,89.999969,-89.999916,250.000214,-134.999786,480.000092,-45.000069,89.999924,-44.999931,0.014381,0.021092,0.061599,-0.006866,-0.027466,0.013733,
feedback,1.217787,1786414239108,9,Rx,50.000000,150.000000,-0.013733,-50.013733,,,250.000397,-134.999725,480.000092,-90.000000,89.999969,-89.999916,250.000565,-134.999802,479.999512,-168.690125,89.999863,-168.690033,0.102826,0.040507,-0.050336,0.000000,0.020599,0.013733,
feedback,1.225919,1786414239117,9,Rx,50.000000,150.000000,0.020599,-49.979401,,,250.000397,-134.999725,480.000092,-90.000000,89.999969,-89.999916,250.000458,-134.999725,479.999786,-153.434967,89.999939,-153.434891,0.044941,-0.012224,-0.029961,-0.006866,0.006866,-0.020599,
feedback,1.234080,1786414239126,9,Rx,50.000000,150.000000,0.041199,-49.958801,,,250.000397,-134.999725,480.000092,-90.000000,89.999969,-89.999916,250.000168,-134.999756,480.000702,-0.000000,89.999863,0.000055,-0.013297,-0.063277,0.261251,0.006867,-0.054932,-0.041199,
feedback,1.242088,1786414239135,9,Rx,50.000000,150.000000,-0.027466,-50.027466,,,250.000397,-134.999725,480.000092,-90.000000,89.999969,-89.999916,250.000504,-134.999664,480.000031,-90.000000,89.999947,-89.999832,-0.030198,0.022770,0.131106,-0.020599,-0.034332,0.027466,
feedback,1.250126,1786414239143,9,Rx,50.000000,150.000000,-0.000000,-50.000000,,,250.000397,-134.999725,480.000092,-90.000000,89.999969,-89.999916,250.000504,-134.999710,479.999664,-135.000061,89.999886,-134.999924,0.000362,0.000000,0.039546,-0.027466,-0.000000,0.000000,
feedback,1.258744,1786414239151,9,Rx,50.000000,150.000000,-0.006866,-50.006866,,,250.000397,-134.999725,480.000092,-90.000000,89.999969,-89.999916,250.000732,-134.999588,479.999573,179.999893,89.999916,-179.999939,0.016540,0.029961,0.039546,0.006866,0.000000,0.006866,
feedback,1.266735,1786414239155,9,Rx,50.000000,150.000000,0.000000,-50.000000,,,250.000397,-134.999725,480.000092,-90.000000,89.999969,-89.999916,250.000168,-134.999588,479.999817,179.999893,89.999969,-179.999939,-0.144172,-0.000000,0.059204,0.000000,-0.013733,0.000000,
feedback,1.275638,1786414239164,9,Rx,50.000000,150.000000,0.000000,-50.000000,,,250.000397,-134.999725,480.000092,-90.000000,89.999969,-89.999916,250.000443,-134.999832,480.000031,-155.531601,90.000000,-155.531494,-0.044579,-0.019414,0.120560,0.000000,-0.027466,-0.000000,
feedback,1.283135,1786414239172,9,Rx,50.000000,150.000000,-0.013733,-50.013733,,,250.000397,-134.999725,480.000092,-90.000000,89.999969,-89.999916,250.000381,-134.999786,479.999451,165.963623,89.999886,165.963760,-0.014743,0.021092,-0.050092,0.006866,0.006866,0.013733,
feedback,1.291937,1786414239181,9,Rx,50.000000,150.000000,0.020599,-49.979401,,,250.000397,-134.999725,480.000092,-90.000000,89.999969,-89.999916,250.000443,-134.999878,479.999664,-146.309982,89.999901,-146.309906,0.216077,-0.031638,-0.108579,-0.027466,0.020599,-0.020599,
feedback,1.299481,1786414239189,9,Rx,50.000000,150.000000,0.034332,-49.965668,,,250.000397,-134.999725,480.000092,-90.000000,89.999969,-89.999916,250.000336,-134.999802,480.000305,18.434900,89.999916,18.434982,-0.015456,-0.072145,0.181198,0.006867,-0.041199,-0.034332,
feedback,1.308743,1786414239197,9,Rx,50.000000,150.000000,-0.013733,-50.013733,,,250.000397,-134.999725,480.000092,-90.000000,89.999969,-89.999916,250.000626,-134.999588,479.999329,-168.690170,89.999863,-168.690002,0.042781,0.021092,-0.110014,-0.006866,0.020599,0.013733,
feedback,1.315998,1786414239206,9,Rx,50.000000,150.000000,-0.000000,-50.000000,,,250.000397,-134.999725,480.000092,-90.000000,89.999969,-89.999916,250.000504,-134.999634,479.999634,179.999924,89.999893,-179.999939,0.028401,0.000000,-0.120560,-0.006866,0.027466,0.000000,
feedback,1.325508,1786414239214,9,Rx,50.000000,150.000000,-0.006866,-50.006866,,,250.000397,-134.999725,480.000092,-90.000000,89.999969,-89.999916,250.000626,-134.999710,479.999695,165.963654,89.999886,165.963791,0.044579,0.029961,-0.120560,0.006866,0.027466,0.006866,
feedback,1.332360,1786414239223,9,Rx,50.000000,150.000000,0.000000,-50.000000,,,250.000397,-134.999725,480.000092,-90.000000,89.999969,-89.999916,250.000336,-134.999710,479.999725,146.309860,89.999901,146.309998,-0.057524,-0.000000,0.008868,0.020599,0.006867,-0.000000,
feedback,1.341462,1786414239232,9,Rx,50.000000,150.000000,0.000000,-50.000000,,,250.000397,-134.999725,480.000092,-90.000000,89.999969,-89.999916,250.000793,-134.999710,479.999634,179.999893,89.999893,-179.999969,0.084850,-0.019414,-0.039790,0.000000,0.013733,-0.000000,
feedback,1.349003,1786414239240,9,Rx,50.000000,150.000000,-0.020599,-50.020599,,,250.000397,-134.999725,480.000092,-90.000000,89.999969,-89.999916,250.000275,-134.999756,479.999908,-135.000046,89.999962,-134.999924,0.016179,0.051053,-0.051053,-0.000000,0.020599,0.020599,
feedback,1.357903,1786414239248,9,Rx,50.000000,150.000000,-0.013733,-50.013733,,,250.000397,-134.999725,480.000092,-90.000000,89.999969,-89.999916,250.000092,-134.999878,480.000031,-90.000000,89.999969,-89.999916,-0.115049,0.021092,0.170895,-0.006866,-0.048065,0.013733,
feedback,1.365309,1786414239257,9,Rx,50.000000,150.000000,-0.006866,-50.006866,,,250.000397,-134.999725,480.000092,-90.000000,89.999969,-89.999916,249.999939,-134.999542,480.000580,-0.000137,89.999893,0.000055,-0.042782,0.010546,0.110014,-0.006866,-0.020599,0.006866,
feedback,1.373930,1786414239265,9,Rx,50.000000,150.000000,-0.000000,-50.000000,,,250.000397,-134.999725,480.000092,-90.000000,89.999969,-89.999916,250.000153,-134.999786,479.999329,-168.690201,89.999863,-168.690063,-0.060407,-0.019414,-0.150277,-0.006866,0.020599,0.000000,
feedback,1.382221,1786414239273,9,Rx,50.000000,150.000000,-0.006866,-50.006866,,,250.000397,-134.999725,480.000092,-90.000000,89.999969,-89.999916,250.000092,-134.999832,480.000397,-18.435047,89.999916,-18.434938,-0.013297,0.010546,0.210198,-0.006866,-0.034332,0.006866,
feedback,1.389871,1786414239282,9,Rx,50.000000,150.000000,-0.013733,-50.013733,,,250.000397,-134.999725,480.000092,-90.000000,89.999969,-89.999916,250.000275,-134.999588,479.999847,179.999893,89.999947,-179.999939,-0.057524,0.021092,0.008868,0.000000,0.006866,0.013733,
feedback,1.398256,1786414239290,9,Rx,50.000000,150.000000,0.006866,-49.993134,,,250.000397,-134.999725,480.000092,-90.000000,89.999969,-89.999916,250.000397,-134.999680,479.999573,161.565002,89.999916,161.565109,0.058599,0.008868,-0.149560,0.006866,0.020599,-0.006866,
feedback,1.405978,1786414239295,9,Rx,50.000000,150.000000,-0.013733,-50.013733,,,250.000397,-134.999725,480.000092,-90.000000,89.999969,-89.999916,250.000320,-134.999710,479.999207,179.999893,89.999832,-179.999969,0.100305,0.021092,-0.169935,0.000000,0.034332,0.013733,
feedback,1.415277,1786414239303,9,Rx,50.000000,150.000000,-0.000000,-50.000000,,,250.000397,-134.999725,480.000092,-90.000000,89.999969,-89.999916,250.000336,-134.999634,479.999756,134.999954,89.999962,135.000092,0.002159,0.019414,0.131106,0.006866,-0.034332,-0.000000,
feedback,1.422345,1786414239312,9,Rx,50.000000,150.000000,0.000000,-50.000000,,,250.000397,-134.999725,480.000092,-90.000000,89.999969,-89.999916,250.000565,-134.999634,479.999512,-161.565125,89.999916,-161.564987,0.045302,0.019415,0.060638,-0.006866,-0.013733,0.000000,
feedback,1.431822,1786414239320,9,Rx,50.000000,150.000000,0.013733,-49.986267,,,250.000397,-134.999725,480.000092,-90.000000,89.999969,-89.999916,250.000671,-134.999710,479.999207,-170.537781,89.999832,-170.537643,0.127270,-0.040507,-0.189349,-0.006866,0.034332,-0.013733,
feedback,1.438552,1786414239329,9,Rx,50.000000,150.000000,-0.013733,-50.013733,,,250.000397,-134.999725,480.000092,-90.000000,89.999969,-89.999916,250.000259,-134.999710,479.999725,179.999802,89.999916,-180.000000,0.057524,0.021092,-0.059921,-0.006866,0.013733,0.013733,
feedback,1.446912,1786414239337,9,Rx,50.000000,150.000000,0.027466,-49.972534,,,250.000397,-134.999725,480.000092,-90.000000,89.999969,-89.999916,249.999985,-134.999756,480.000305,18.434875,89.999916,18.434984,-0.157831,-0.042185,0.280909,-0.006866,-0.068665,-0.027466,
feedback,1.455259,1786414239346,9,Rx,50.000000,150.000000,0.006866,-49.993134,,,250.000397,-134.999725,480.000092,-90.000000,89.999969,-89.999916,250.000107,-134.999710,480.000336,-0.000110,89.999947,0.000027,0.015104,-0.010546,0.140692,0.000000,-0.027466,-0.006866,
feedback,1.464444,1786414239354,9,Rx,50.000000,150.000000,0.020599,-49.979401,,,250.000397,-134.999725,480.000092,-90.000000,89.999969,-89.999916,249.999573,-134.999878,480.000244,-90.000000,89.999969,-89.999916,-0.160351,-0.051053,0.059204,0.000000,-0.013733,-0.020599,
feedback,1.471431,1786414239362,9,Rx,50.000000,150.000000,0.006866,-49.993134,,,250.000397,-134.999725,480.000092,-90.000000,89.999969,-89.999916,250.000168,-134.999466,479.999969,-45.000053,89.999962,-44.999863,0.017253,0.028283,-0.038586,0.000000,-0.013733,-0.006866,
feedback,1.480211,1786414239371,9,Rx,50.000000,150.000000,0.020599,-49.979401,,,250.000397,-134.999725,480.000092,-90.000000,89.999969,-89.999916,250.000397,-134.999680,480.000458,-0.000055,89.999916,0.000055,0.160712,-0.012224,0.082448,0.006867,-0.027466,-0.020599,
feedback,1.487654,1786414239379,9,Rx,50.000000,150.000000,-0.020599,-50.020599,,,250.000397,-134.999725,480.000092,-90.000000,89.999969,-89.999916,250.000565,-134.999542,479.999512,146.309845,89.999901,146.310028,0.116484,0.051053,-0.118882,0.006866,0.013733,0.020599,
feedback,1.496819,1786414239387,9,Rx,50.000000,150.000000,0.006866,-49.993134,,,250.000397,-134.999725,480.000092,-90.000000,89.999969,-89.999916,250.000443,-134.999664,479.999634,-165.963882,89.999886,-165.963715,-0.044579,-0.029961,0.018454,-0.006866,0.013733,-0.006866,
feedback,1.504247,1786414239396,9,Rx,50.000000,150.000000,-0.006866,-50.006866,,,250.000397,-134.999725,480.000092,-90.000000,89.999969,-89.999916,250.000092,-134.999756,479.999817,179.999924,89.999969,-179.999969,-0.084850,0.029961,0.039789,0.000000,-0.013733,0.006866,
feedback,1.513631,1786414239404,9,Rx,50.000000,150.000000,-0.034332,-50.034332,,,250.000397,-134.999725,480.000092,-90.000000,89.999969,-89.999916,250.000580,-134.999435,479.999969,179.999863,89.999969,-179.999924,0.078021,0.110974,0.049132,-0.006866,0.006866,0.034332,
feedback,1.520714,1786414239413,9,Rx,50.000000,150.000000,0.013733,-49.986267,,,250.000397,-134.999725,480.000092,-90.000000,89.999969,-89.999916,250.000153,-134.999802,479.999847,-151.209122,90.000000,-151.209030,-0.057886,-0.021092,0.020375,0.000000,-0.013733,-0.013733,
feedback,1.529586,1786414239421,9,Rx,50.000000,150.000000,-0.020599,-50.020599,,,250.000397,-134.999725,480.000092,-90.000000,89.999969,-89.999916,250.000046,-134.999542,479.999939,17.186453,90.000000,17.186644,-0.030198,0.012224,0.131106,-0.006866,-0.034332,0.020599,
feedback,1.537001,1786414239429,9,Rx,50.000000,150.000000,0.020599,-49.979401,,,250.000397,-134.999725,480.000092,-90.000000,89.999969,-89.999916,250.000031,-134.999908,479.999817,179.999939,89.999969,-180.000000,-0.073703,-0.051053,0.059921,-0.006866,-0.013733,-0.020599,
feedback,1.545382,1786414239434,9,Rx,50.000000,150.000000,-0.020599,-50.020599,,,250.000397,-134.999725,480.000092,-90.000000,89.999969,-89.999916,250.000671,-134.999710,479.999756,161.564957,89.999916,161.565094,0.160712,0.051053,-0.019658,0.006866,0.013733,0.020599,
feedback,1.553267,1786414239442,9,Rx,50.000000,150.000000,-0.006866,-50.006866,,,250.000397,-134.999725,480.000092,-90.000000,89.999969,-89.999916,250.000504,-134.999710,479.999512,161.564957,89.999916,161.565094,0.042782,0.010546,-0.058961,0.006866,0.000000,0.006866,
feedback,1.561409,1786414239450,9,Rx,50.000000,150.000000,0.006866,-49.993134,,,250.000397,-134.999725,480.000092,-90.000000,89.999969,-89.999916,250.000504,-134.999725,479.999084,179.999969,89.999809,-179.999939,0.015817,0.008868,-0.090599,0.006866,0.020599,-0.006866,
feedback,1.569852,1786414239459,9,Rx,50.000000,150.000000,0.006866,-49.993134,,,250.000397,-134.999725,480.000092,-90.000000,89.999969,-89.999916,250.000275,-134.999802,479.999908,134.999969,89.999962,135.000061,0.014381,-0.010546,-0.040507,0.013733,0.013733,-0.006866,
feedback,1.577744,1786414239467,9,Rx,50.000000,150.000000,-0.000000,-50.000000,,,250.000397,-134.999725,480.000092,-90.000000,89.999969,-89.999916,250.000214,-134.999680,479.999664,161.565002,89.999916,161.565109,-0.043143,-0.000000,0.019414,-0.006866,-0.000000,0.000000,
feedback,1.585923,1786414239475,9,Rx,50.000000,150.000000,0.020599,-49.979401,,,250.000397,-134.999725,480.000092,-90.000000,89.999969,-89.999916,250.000214,-134.999954,479.999908,-135.000015,89.999962,-134.999985,-0.075862,-0.070467,-0.071185,-0.006866,0.020599,-0.020599,
feedback,1.594165,1786414239484,9,Rx,50.000000,150.000000,0.020599,-49.979401,,,250.000397,-134.999725,480.000092,-90.000000,89.999969,-89.999916,250.000153,-134.999802,479.999817,-161.565094,89.999916,-161.565018,-0.088445,-0.051053,-0.041224,-0.006866,0.013733,-0.020599,
feedback,1.602187,1786414239493,9,Rx,50.000000,150.000000,-0.006866,-50.006866,,,250.000397,-134.999725,480.000092,-90.000000,89.999969,-89.999916,250.000259,-134.999832,479.999939,-90.000000,89.999969,-89.999893,-0.032719,-0.028283,-0.039546,0.000000,0.000000,0.006866,
feedback,1.610986,1786414239502,9,Rx,50.000000,150.000000,-0.006866,-50.006866,,,250.000397,-134.999725,480.000092,-90.000000,89.999969,-89.999916,250.000381,-134.999756,480.000000,-63.434967,89.999939,-63.434856,0.043505,0.010546,0.122238,-0.006866,-0.041199,0.006866,
feedback,1.618557,1786414239511,9,Rx,50.000000,150.000000,0.013733,-49.986267,,,250.000397,-134.999725,480.000092,-90.000000,89.999969,-89.999916,249.999924,-134.999832,480.000275,26.565029,89.999939,26.565084,-0.216078,-0.021092,0.159631,0.013733,-0.041199,-0.013733,
feedback,1.626741,1786414239519,9,Rx,50.000000,150.000000,-0.000000,-50.000000,,,250.000397,-134.999725,480.000092,-90.000000,89.999969,-89.999916,250.000092,-134.999802,479.999603,165.963699,89.999886,165.963791,-0.099231,0.019414,0.029243,0.006866,-0.006866,-0.000000,
feedback,1.634895,1786414239524,9,Rx,50.000000,150.000000,-0.013733,-50.013733,,,250.000397,-134.999725,480.000092,-90.000000,89.999969,-89.999916,250.000214,-134.999634,479.999847,90.000000,89.999969,90.000137,0.030560,0.040507,0.061599,0.000000,-0.027466,0.013733,
feedback,1.644053,1786414239533,9,Rx,50.000000,150.000000,-0.006866,-50.006866,,,250.000397,-134.999725,480.000092,-90.000000,89.999969,-89.999916,250.000793,-134.999634,479.999207,-172.875061,89.999779,-172.874924,0.114686,0.010546,-0.210442,0.006866,0.048065,0.006866,
feedback,1.651199,1786414239542,9,Rx,50.000000,150.000000,-0.013733,-50.013733,,,250.000397,-134.999725,480.000092,-90.000000,89.999969,-89.999916,250.000580,-134.999512,479.999451,179.999924,89.999893,-179.999924,0.092041,0.079336,0.020132,0.006866,0.000000,0.013733,
feedback,1.660112,1786414239550,9,Rx,50.000000,150.000000,-0.006866,-50.006866,,,250.000397,-134.999725,480.000092,-90.000000,89.999969,-89.999916,250.000214,-134.999756,480.000427,-0.000082,89.999893,0.000027,0.029485,0.010546,0.151238,0.006866,-0.034332,0.006866,
feedback,1.667579,1786414239558,9,Rx,50.000000,150.000000,-0.000000,-50.000000,,,250.000397,-134.999725,480.000092,-90.000000,89.999969,-89.999916,250.000214,-134.999786,479.999695,-165.963882,89.999886,-165.963745,-0.117208,-0.019414,-0.011263,0.000000,0.006866,0.000000,
feedback,1.676424,1786414239567,9,Rx,50.000000,150.000000,0.027466,-49.972534,,,250.000397,-134.999725,480.000092,-90.000000,89.999969,-89.999916,250.000610,-134.999878,479.999207,-170.537766,89.999832,-170.537674,0.068310,-0.081014,-0.079336,-0.000000,0.013733,-0.027466,
feedback,1.683835,1786414239575,9,Rx,50.000000,150.000000,-0.006866,-50.006866,,,250.000397,-134.999725,480.000092,-90.000000,89.999969,-89.999916,249.999985,-134.999756,480.000092,-90.000000,89.999916,-89.999893,-0.112528,0.029960,0.239441,-0.006866,-0.041199,0.006866,
feedback,1.691940,1786414239583,9,Rx,50.000000,150.000000,0.027466,-49.972534,,,250.000397,-134.999725,480.000092,-90.000000,89.999969,-89.999916,250.000381,-134.999802,479.999786,-153.434998,89.999939,-153.434906,-0.001798,-0.061599,0.010546,-0.000000,-0.006866,-0.027466,
feedback,1.700133,1786414239592,9,Rx,50.000000,150.000000,-0.000000,-50.000000,,,250.000397,-134.999725,480.000092,-90.000000,89.999969,-89.999916,250.000443,-134.999664,480.000031,-0.000137,89.999947,0.000027,-0.028762,-0.000000,0.081013,0.000000,-0.027466,0.000000,
feedback,1.709069,1786414239600,9,Rx,50.000000,150.000000,-0.006866,-50.006866,,,250.000397,-134.999725,480.000092,-90.000000,89.999969,-89.999916,250.000610,-134.999710,479.999756,134.999939,89.999962,135.000076,0.145970,0.029961,-0.018697,0.013733,0.000000,0.006866,
feedback,1.717009,1786414239609,9,Rx,50.000000,150.000000,0.020599,-49.979401,,,250.000397,-134.999725,480.000092,-90.000000,89.999969,-89.999916,249.999924,-134.999786,479.999939,90.000000,89.999969,90.000137,0.023008,-0.089882,-0.088921,0.006866,0.006866,-0.020599,
feedback,1.726054,1786414239618,9,Rx,50.000000,150.000000,0.013733,-49.986267,,,250.000397,-134.999725,480.000092,-90.000000,89.999969,-89.999916,250.000153,-134.999802,479.999847,-90.000000,89.999969,-89.999916,-0.187315,-0.021092,0.129671,0.006866,-0.034332,-0.013733,
feedback,1.733317,1786414239626,9,Rx,50.000000,150.000000,-0.027466,-50.027466,,,250.000397,-134.999725,480.000092,-90.000000,89.999969,-89.999916,250.000504,-134.999664,479.999664,179.999863,89.999916,-179.999969,0.061119,0.081013,-0.081013,0.000000,0.027466,0.027466,
feedback,1.742252,1786414239630,9,Rx,50.000000,150.000000,0.000000,-50.000000,,,250.000397,-134.999725,480.000092,-90.000000,89.999969,-89.999916,249.999985,-134.999664,480.000244,-90.000000,89.999947,-89.999832,-0.129068,-0.000000,0.148842,-0.013733,-0.020599,0.000000,
feedback,1.750310,1786414239639,9,Rx,50.000000,150.000000,0.006866,-49.993134,,,250.000397,-134.999725,480.000092,-90.000000,89.999969,-89.999916,250.000229,-134.999634,479.999817,146.309875,89.999901,146.310013,-0.014381,-0.010546,-0.061599,0.013733,0.027466,-0.006866,
feedback,1.758023,1786414239647,9,Rx,50.000000,150.000000,-0.000000,-50.000000,,,250.000397,-134.999725,480.000092,-90.000000,89.999969,-89.999916,250.000046,-134.999634,480.000153,44.999916,89.999962,45.000111,-0.145608,-0.019415,0.109296,0.006866,-0.020599,0.000000,
feedback,1.766130,1786414239656,9,Rx,50.000000,150.000000,0.000000,-50.000000,,,250.000397,-134.999725,480.000092,-90.000000,89.999969,-89.999916,250.000381,-134.999786,479.999268,179.999863,89.999809,180.000000,0.040984,-0.019414,-0.150520,0.006866,0.034332,-0.000000,
feedback,1.775139,1786414239664,9,Rx,50.000000,150.000000,-0.000000,-50.000000,,,250.000397,-134.999725,480.000092,-90.000000,89.999969,-89.999916,250.000320,-134.999786,480.000153,44.999931,89.999962,45.000069,0.043866,0.000000,0.161784,0.013733,-0.041199,0.000000,
feedback,1.782588,1786414239673,9,Rx,50.000000,150.000000,0.006866,-49.993134,,,250.000397,-134.999725,480.000092,-90.000000,89.999969,-89.999916,250.000565,-134.999756,479.999695,179.999924,89.999947,-179.999969,0.014381,-0.010546,-0.040507,-0.000000,0.013733,-0.006866,
feedback,1.791473,1786414239681,9,Rx,50.000000,150.000000,-0.000000,-50.000000,,,250.000397,-134.999725,480.000092,-90.000000,89.999969,-89.999916,250.000320,-134.999832,479.999420,-158.198685,89.999855,-158.198578,0.013296,0.000000,-0.261251,-0.013733,0.054932,0.000000,
feedback,1.799110,1786414239690,9,Rx,50.000000,150.000000,-0.006866,-50.006866,,,250.000397,-134.999725,480.000092,-90.000000,89.999969,-89.999916,250.000397,-134.999588,480.000092,-119.072266,90.000000,-119.072098,0.031283,0.029961,0.089639,0.006866,-0.006866,0.006866,
feedback,1.807815,1786414239698,9,Rx,50.000000,150.000000,0.013733,-49.986267,,,250.000397,-134.999725,480.000092,-90.000000,89.999969,-89.999916,250.000153,-134.999802,479.999512,179.999939,89.999916,-179.999969,-0.043866,-0.021092,-0.110731,0.006866,0.020599,-0.013733,
feedback,1.815436,1786414239706,9,Rx,50.000000,150.000000,-0.020599,-50.020599,,,250.000397,-134.999725,480.000092,-90.000000,89.999969,-89.999916,250.000732,-134.999634,479.999420,-146.309982,89.999901,-146.309845,0.133025,0.070468,-0.028283,-0.006866,-0.006866,0.020599,
feedback,1.824492,1786414239715,9,Rx,50.000000,150.000000,0.027466,-49.972534,,,250.000397,-134.999725,480.000092,-90.000000,89.999969,-89.999916,250.000046,-134.999802,480.000305,-75.963760,89.999886,-75.963676,0.029124,-0.042184,0.009586,-0.020599,0.006866,-0.027466,
feedback,1.831917,1786414239723,9,Rx,50.000000,150.000000,0.006866,-49.993134,,,250.000397,-134.999725,480.000092,-90.000000,89.999969,-89.999916,250.000092,-134.999802,479.999817,179.999939,89.999969,-179.999969,-0.014381,-0.010546,-0.010546,0.013733,0.006866,-0.006866,
feedback,1.840803,1786414239732,9,Rx,50.000000,150.000000,0.000000,-50.000000,,,250.000397,-134.999725,480.000092,-90.000000,89.999969,-89.999916,250.000031,-134.999878,479.999969,-135.000046,89.999962,-134.999954,-0.017615,-0.038829,0.050092,0.000000,-0.006866,0.000000,
feedback,1.848349,1786414239740,9,Rx,50.000000,150.000000,-0.000000,-50.000000,,,250.000397,-134.999725,480.000092,-90.000000,89.999969,-89.999916,250.000549,-134.999878,479.999390,-165.963837,89.999886,-165.963745,0.230097,0.000000,-0.188632,-0.006866,0.034332,0.000000,
feedback,1.856553,1786414239749,9,Rx,50.000000,150.000000,-0.013733,-50.013733,,,250.000397,-134.999725,480.000092,-90.000000,89.999969,-89.999916,250.000397,-134.999802,479.999573,-161.565033,89.999916,-161.565002,-0.010786,0.059921,0.019414,0.000000,-0.000000,0.013733,
feedback,1.865082,1786414239753,9,Rx,50.000000,150.000000,-0.027466,-50.027466,,,250.000397,-134.999725,480.000092,-90.000000,89.999969,-89.999916,250.000336,-134.999634,479.999756,-135.000046,89.999962,-134.999908,-0.014381,0.042184,0.040507,0.000000,-0.013733,0.027466,
feedback,1.872621,1786414239762,9,Rx,50.000000,150.000000,0.006866,-49.993134,,,250.000397,-134.999725,480.000092,-90.000000,89.999969,-89.999916,250.000381,-134.999954,479.999634,165.963730,89.999886,165.963760,0.112176,-0.049375,-0.019658,0.020599,0.013733,-0.006866,
feedback,1.880797,1786414239771,9,Rx,50.000000,150.000000,0.006866,-49.993134,,,250.000397,-134.999725,480.000092,-90.000000,89.999969,-89.999916,250.000214,-134.999832,479.999847,-153.434967,89.999939,-153.434921,0.043505,-0.010546,0.020132,-0.006866,-0.000000,-0.006866,
feedback,1.889242,1786414239780,9,Rx,50.000000,150.000000,-0.006866,-50.006866,,,250.000397,-134.999725,480.000092,-90.000000,89.999969,-89.999916,250.000443,-134.999832,479.999451,-165.963776,89.999886,-165.963730,0.057524,0.010546,-0.059921,-0.013733,0.013733,0.006866,
feedback,1.897716,1786414239788,9,Rx,50.000000,150.000000,0.013733,-49.986267,,,250.000397,-134.999725,480.000092,-90.000000,89.999969,-89.999916,250.000214,-134.999878,480.000214,-0.000000,89.999969,0.000027,-0.031635,-0.059921,0.130145,0.000000,-0.020599,-0.013733,
feedback,1.905278,1786414239797,9,Rx,50.000000,150.000000,-0.027466,-50.027466,,,250.000397,-134.999725,480.000092,-90.000000,89.999969,-89.999916,250.000214,-134.999832,479.999908,-135.000061,89.999962,-134.999939,0.058247,0.042184,0.070224,0.000000,-0.006866,0.027466,
feedback,1.914003,1786414239805,9,Rx,50.000000,150.000000,-0.013733,-50.013733,,,250.000397,-134.999725,480.000092,-90.000000,89.999969,-89.999916,250.000275,-134.999802,480.000092,-0.000055,89.999947,0.000027,-0.014020,0.021092,0.131106,0.000000,-0.034332,0.013733,
feedback,1.922056,1786414239813,9,Rx,50.000000,150.000000,-0.000000,-50.000000,,,250.000397,-134.999725,480.000092,-90.000000,89.999969,-89.999916,249.999634,-134.999908,479.999786,-153.434998,89.999939,-153.434937,-0.043505,0.000000,-0.071185,0.006866,0.020599,-0.000000,
feedback,1.930201,1786414239822,9,Rx,50.000000,150.000000,0.027466,-49.972534,,,250.000397,-134.999725,480.000092,-90.000000,89.999969,-89.999916,250.000046,-134.999832,479.999969,-45.000015,89.999962,-44.999958,-0.031996,-0.081013,0.090599,0.006866,-0.020599,-0.027466,
feedback,1.938017,1786414239830,9,Rx,50.000000,150.000000,-0.027466,-50.027466,,,250.000397,-134.999725,480.000092,-90.000000,89.999969,-89.999916,250.000153,-134.999802,480.000031,-39.985027,90.000000,-39.984947,-0.027326,0.061599,-0.020132,0.006866,0.000000,0.027466,
feedback,1.946847,1786414239838,9,Rx,50.000000,150.000000,0.013733,-49.986267,,,250.000397,-134.999725,480.000092,-90.000000,89.999969,-89.999916,250.000443,-135.000000,479.999878,-13.699176,90.000000,-13.699176,0.157117,-0.040507,0.001435,0.013733,0.000000,-0.013733,
feedback,1.954492,1786414239847,9,Rx,50.000000,150.000000,0.006866,-49.993134,,,250.000397,-134.999725,480.000092,-90.000000,89.999969,-89.999916,250.000092,-135.000031,479.999847,179.999939,89.999947,179.999969,-0.061120,-0.049375,0.029961,0.006866,-0.006866,-0.006866,
feedback,1.962557,1786414239851,9,Rx,50.000000,150.000000,-0.000000,-50.000000,,,250.000397,-134.999725,480.000092,-90.000000,89.999969,-89.999916,250.000549,-134.999954,479.999542,-153.434967,89.999878,-153.434937,0.116846,0.019415,-0.079336,-0.013733,0.013733,0.000000,
feedback,1.970768,1786414239860,9,Rx,50.000000,150.000000,-0.000000,-50.000000,,,250.000397,-134.999725,480.000092,-90.000000,89.999969,-89.999916,249.999924,-135.000046,479.999573,-146.309906,89.999901,-146.309937,-0.072267,-0.000000,-0.041224,-0.013733,0.013733,0.000000,
feedback,1.979477,1786414239868,9,Rx,50.000000,150.000000,-0.027466,-50.027466,,,250.000397,-134.999725,480.000092,-90.000000,89.999969,-89.999916,250.000046,-134.999588,480.000092,-90.000000,89.999947,-89.999832,0.001797,0.061599,-0.010546,0.006866,0.006866,0.027466,
feedback,1.987422,1786414239877,9,Rx,50.000000,150.000000,0.006866,-49.993134,,,250.000397,-134.999725,480.000092,-90.000000,89.999969,-89.999916,250.000336,-134.999832,480.000305,-45.000015,89.999886,-44.999958,0.185879,-0.029961,-0.028526,-0.006866,0.006866,-0.006866,
feedback,1.996460,1786414239885,9,Rx,50.000000,150.000000,-0.000000,-50.000000,,,250.000397,-134.999725,480.000092,-90.000000,89.999969,-89.999916,250.000046,-134.999802,480.000153,-63.434959,89.999939,-63.434879,0.042782,0.000000,-0.110014,-0.000000,0.020599,0.000000,
feedback,2.003889,1786414239894,9,Rx,50.000000,150.000000,-0.000000,-50.000000,,,250.000397,-134.999725,480.000092,-90.000000,89.999969,-89.999916,250.000381,-134.999832,479.999420,-168.690094,89.999863,-168.690033,0.145246,0.019415,-0.199895,-0.000000,0.041199,-0.000000,
feedback,2.012673,1786414239903,9,Rx,50.000000,150.000000,0.020599,-49.979401,,,250.000397,-134.999725,480.000092,-90.000000,89.999969,-89.999916,250.000504,-134.999832,479.999817,179.999969,89.999916,-179.999969,0.014743,-0.031638,0.050092,-0.006866,-0.006866,-0.020599,
feedback,2.020073,1786414239912,9,Rx,50.000000,150.000000,-0.020599,-50.020599,,,250.000397,-134.999725,480.000092,-90.000000,89.999969,-89.999916,250.000168,-134.999588,480.000031,-0.000110,89.999947,0.000055,-0.039548,0.070467,0.100428,0.020599,-0.027466,0.020599,
feedback,2.028698,1786414239920,9,Rx,50.000000,150.000000,0.006866,-49.993134,,,250.000397,-134.999725,480.000092,-90.000000,89.999969,-89.999916,250.000626,-134.999725,479.999847,-153.434967,89.999939,-153.434891,0.045302,0.008868,0.060638,0.006866,-0.013733,-0.006866,
feedback,2.036718,1786414239929,9,Rx,50.000000,150.000000,-0.000000,-50.000000,,,250.000397,-134.999725,480.000092,-90.000000,89.999969,-89.999916,250.000214,-134.999878,479.999847,-135.000000,89.999924,-134.999969,0.045302,0.019414,0.009586,-0.013733,0.006866,0.000000,
feedback,2.044424,1786414239937,9,Rx,50.000000,150.000000,0.006866,-49.993134,,,250.000397,-134.999725,480.000092,-90.000000,89.999969,-89.999916,250.000381,-134.999832,479.999451,-123.690079,89.999901,-123.690018,0.040622,-0.029961,-0.139014,-0.013733,0.013733,-0.006866,
feedback,2.053037,1786414239945,9,Rx,50.000000,150.000000,-0.013733,-50.013733,,,250.000397,-134.999725,480.000092,-90.000000,89.999969,-89.999916,250.000092,-134.999756,479.999603,-165.963837,89.999886,-165.963730,-0.115410,0.021092,-0.021810,0.013733,0.013733,0.013733,
feedback,2.060968,1786414239950,9,Rx,50.000000,150.000000,0.013733,-49.986267,,,250.000397,-134.999725,480.000092,-90.000000,89.999969,-89.999916,250.000214,-134.999832,480.000061,-63.434956,89.999939,-63.434898,0.029124,-0.021092,0.111691,-0.006866,-0.034332,-0.013733,
feedback,2.069318,1786414239958,9,Rx,50.000000,150.000000,-0.000000,-50.000000,,,250.000397,-134.999725,480.000092,-90.000000,89.999969,-89.999916,250.000549,-134.999786,479.999908,179.999863,89.999969,180.000000,0.113612,-0.019415,-0.018697,0.000000,0.000000,0.000000,
feedback,2.077305,1786414239967,9,Rx,50.000000,150.000000,-0.000000,-50.000000,,,250.000397,-134.999725,480.000092,-90.000000,89.999969,-89.999916,250.000336,-134.999725,479.999908,-116.565056,89.999939,-116.564972,0.042782,0.000000,-0.110014,-0.006866,0.020599,0.000000,
feedback,2.085594,1786414239975,9,Rx,50.000000,150.000000,-0.027466,-50.027466,,,250.000397,-134.999725,480.000092,-90.000000,89.999969,-89.999916,250.000275,-134.999588,479.999908,-0.000110,89.999969,0.000055,0.047461,0.081013,0.140692,0.000000,-0.027466,0.027466,
feedback,2.093603,1786414239984,9,Rx,50.000000,150.000000,0.006866,-49.993134,,,250.000397,-134.999725,480.000092,-90.000000,89.999969,-89.999916,250.000793,-134.999832,479.999451,-165.963776,89.999886,-165.963730,0.043143,-0.010546,-0.019415,0.006866,0.000000,-0.006866,
feedback,2.101857,1786414239992,9,Rx,50.000000,150.000000,-0.027466,-50.027466,,,250.000397,-134.999725,480.000092,-90.000000,89.999969,-89.999916,250.000336,-134.999634,480.000092,-90.000000,89.999969,-89.999809,-0.026242,0.061599,0.149560,0.000000,-0.020599,0.027466,
feedback,2.110804,1786414240000,9,Rx,50.000000,150.000000,0.006866,-49.993134,,,250.000397,-134.999725,480.000092,-90.000000,89.999969,-89.999916,250.000565,-134.999802,479.999542,-153.434998,89.999939,-153.434906,0.172573,-0.010546,-0.128711,-0.006866,0.020599,-0.006866,
feedback,2.118253,1786414240009,9,Rx,50.000000,150.000000,-0.006866,-50.006866,,,250.000397,-134.999725,480.000092,-90.000000,89.999969,-89.999916,250.000793,-134.999588,479.999939,179.999893,89.999947,-179.999939,-0.013658,0.010546,0.119599,0.006866,-0.013733,0.006866,
feedback,2.126467,1786414240018,9,Rx,50.000000,150.000000,-0.006866,-50.006866,,,250.000397,-134.999725,480.000092,-90.000000,89.999969,-89.999916,250.000107,-134.999710,479.999969,-116.565071,89.999939,-116.564934,-0.077298,-0.047697,0.029961,0.000000,-0.006866,0.006866,
feedback,2.134519,1786414240026,9,Rx,50.000000,150.000000,0.013733,-49.986267,,,250.000397,-134.999725,480.000092,-90.000000,89.999969,-89.999916,250.000275,-134.999878,480.000061,-116.565048,89.999939,-116.565025,-0.043856,-0.040507,0.199652,0.000000,-0.027466,-0.013733,
feedback,2.143627,1786414240034,9,Rx,50.000000,150.000000,-0.034332,-50.034332,,,250.000397,-134.999725,480.000092,-90.000000,89.999969,-89.999916,249.999756,-134.999756,480.000702,-0.000082,89.999863,0.000027,-0.113251,0.072145,0.160349,0.013733,-0.041199,0.034332,
feedback,2.150791,1786414240043,9,Rx,50.000000,150.000000,-0.000000,-50.000000,,,250.000397,-134.999725,480.000092,-90.000000,89.999969,-89.999916,250.000458,-134.999756,480.000305,-45.000000,89.999962,-44.999947,0.045302,0.019415,0.009586,-0.000000,0.006866,-0.000000,
feedback,2.159736,1786414240051,9,Rx,50.000000,150.000000,0.006866,-49.993134,,,250.000397,-134.999725,480.000092,-90.000000,89.999969,-89.999916,250.000290,-134.999634,480.000397,-33.690067,89.999901,-33.689983,-0.039548,0.028283,0.100428,-0.013733,-0.027466,-0.006866,
feedback,2.167298,1786414240059,9,Rx,50.000000,150.000000,-0.013733,-50.013733,,,250.000397,-134.999725,480.000092,-90.000000,89.999969,-89.999916,250.000168,-134.999634,479.999817,-116.565071,89.999939,-116.564934,-0.057886,0.021092,-0.030678,-0.006866,0.006866,0.013733,
feedback,2.176058,1786414240068,9,Rx,50.000000,150.000000,0.006866,-49.993134,,,250.000397,-134.999725,480.000092,-90.000000,89.999969,-89.999916,250.000336,-134.999680,479.999908,179.999939,89.999969,-179.999939,-0.101029,-0.010546,-0.011263,0.006866,0.006866,-0.006866,
feedback,2.183478,1786414240076,9,Rx,50.000000,150.000000,0.000000,-50.000000,,,250.000397,-134.999725,480.000092,-90.000000,89.999969,-89.999916,249.999588,-134.999802,480.000610,-11.309985,89.999863,-11.309903,-0.186593,-0.000000,0.259816,0.000000,-0.054932,0.000000,
feedback,2.192680,1786414240080,9,Rx,50.000000,150.000000,-0.000000,-50.000000,,,250.000397,-134.999725,480.000092,-90.000000,89.999969,-89.999916,250.000549,-134.999908,479.999390,179.999939,89.999893,180.000000,0.098508,-0.019415,-0.159389,0.000000,0.027466,0.000000,
feedback,2.200103,1786414240089,9,Rx,50.000000,150.000000,0.034332,-49.965668,,,250.000397,-134.999725,480.000092,-90.000000,89.999969,-89.999916,250.000443,-135.000122,480.000031,-90.000000,89.999969,-90.000084,-0.028039,-0.052731,0.160106,-0.006866,-0.027466,-0.034332,
feedback,2.208096,1786414240097,9,Rx,50.000000,150.000000,0.006866,-49.993134,,,250.000397,-134.999725,480.000092,-90.000000,89.999969,-89.999916,250.000504,-134.999878,479.999664,180.000000,89.999916,-179.999969,0.055365,-0.029961,-0.088921,0.006866,0.006866,-0.006866,
feedback,2.216393,1786414240106,9,Rx,50.000000,150.000000,-0.006866,-50.006866,,,250.000397,-134.999725,480.000092,-90.000000,89.999969,-89.999916,249.999863,-134.999878,480.000275,-0.000082,89.999947,-0.000000,-0.100306,0.010546,0.169935,0.006866,-0.034332,0.006866,
feedback,2.224265,1786414240115,9,Rx,50.000000,150.000000,0.006866,-49.993134,,,250.000397,-134.999725,480.000092,-90.000000,89.999969,-89.999916,250.000320,-134.999878,479.999786,179.999924,89.999947,-180.000000,-0.044579,-0.029961,0.069507,0.000000,-0.006866,-0.006866,
feedback,2.232818,1786414240124,9,Rx,50.000000,150.000000,0.013733,-49.986267,,,250.000397,-134.999725,480.000092,-90.000000,89.999969,-89.999916,250.000565,-134.999832,480.000061,-0.000028,89.999969,0.000027,-0.102104,-0.040507,0.129428,0.006866,-0.020599,-0.013733,
feedback,2.240725,1786414240132,9,Rx,50.000000,150.000000,-0.020599,-50.020599,,,250.000397,-134.999725,480.000092,-90.000000,89.999969,-89.999916,250.000275,-134.999588,479.999695,179.999893,89.999947,-179.999939,0.074064,0.051053,0.081731,0.000000,-0.027466,0.020599,
feedback,2.249000,1786414240141,9,Rx,50.000000,150.000000,0.006866,-49.993134,,,250.000397,-134.999725,480.000092,-90.000000,89.999969,-89.999916,250.000214,-134.999802,479.999695,153.434906,89.999939,153.434982,-0.086648,-0.010546,0.050335,0.006866,-0.020599,-0.006866,
feedback,2.257543,1786414240150,9,Rx,50.000000,150.000000,-0.006866,-50.006866,,,250.000397,-134.999725,480.000092,-90.000000,89.999969,-89.999916,249.999924,-134.999802,480.000092,-26.565096,89.999939,-26.565012,-0.144534,0.010546,0.070710,0.000000,-0.034332,0.006866,
feedback,2.265501,1786414240154,9,Rx,50.000000,150.000000,0.013733,-49.986267,,,250.000397,-134.999725,480.000092,-90.000000,89.999969,-89.999916,250.000320,-134.999954,479.999786,179.999969,89.999947,-180.000000,0.099231,-0.040507,-0.080296,0.006866,0.027466,-0.013733,
feedback,2.273783,1786414240164,9,Rx,50.000000,150.000000,-0.000000,-50.000000,,,250.000397,-134.999725,480.000092,-90.000000,89.999969,-89.999916,250.000046,-134.999802,480.000336,-0.000055,89.999893,0.000027,-0.014381,-0.000000,0.040507,0.006866,-0.013733,0.000000,
feedback,2.282102,1786414240172,9,Rx,50.000000,150.000000,0.006866,-49.993134,,,250.000397,-134.999725,480.000092,-90.000000,89.999969,-89.999916,249.999939,-134.999725,480.000275,-0.000027,89.999893,0.000055,-0.039548,0.028283,0.100428,0.000000,-0.027466,-0.006866,
feedback,2.290195,1786414240181,9,Rx,50.000000,150.000000,-0.006866,-50.006866,,,250.000397,-134.999725,480.000092,-90.000000,89.999969,-89.999916,250.000168,-134.999756,480.000183,0.000000,89.999947,0.000055,-0.053568,0.049375,0.180481,0.006867,-0.041199,0.006866,
feedback,2.298523,1786414240190,9,Rx,50.000000,150.000000,0.013733,-49.986267,,,250.000397,-134.999725,480.000092,-90.000000,89.999969,-89.999916,250.000107,-134.999756,480.000336,-26.565117,89.999939,-26.565008,-0.028401,-0.021092,0.120560,0.000000,-0.027466,-0.013733,
feedback,2.306323,1786414240199,9,Rx,50.000000,150.000000,-0.006866,-50.006866,,,250.000397,-134.999725,480.000092,-90.000000,89.999969,-89.999916,250.000443,-134.999878,480.000031,90.000000,89.999969,90.000084,0.012945,-0.008868,0.060639,0.006866,-0.013733,0.006866,
feedback,2.314455,1786414240203,9,Rx,50.000000,150.000000,0.000000,-50.000000,,,250.000397,-134.999725,480.000092,-90.000000,89.999969,-89.999916,250.000458,-134.999725,479.999786,153.434921,89.999939,153.435013,-0.027688,0.019414,-0.110731,0.020599,0.020599,-0.000000,
feedback,2.322732,1786414240212,9,Rx,50.000000,150.000000,-0.013733,-50.013733,,,250.000397,-134.999725,480.000092,-90.000000,89.999969,-89.999916,250.000153,-134.999710,480.000397,-0.000110,89.999916,0.000027,-0.073342,0.001678,0.150520,-0.006866,-0.034332,0.013733,
feedback,2.330820,1786414240221,9,Rx,50.000000,150.000000,-0.013733,-50.013733,,,250.000397,-134.999725,480.000092,-90.000000,89.999969,-89.999916,250.000381,-134.999878,479.999451,165.963684,89.999886,165.963760,0.172211,0.021092,-0.219310,0.000000,0.041199,0.013733,
feedback,2.339288,1786414240230,9,Rx,50.000000,150.000000,-0.006866,-50.006866,,,250.000397,-134.999725,480.000092,-90.000000,89.999969,-89.999916,250.000153,-134.999878,479.999695,179.999924,89.999947,-180.000000,-0.144172,0.010546,0.059204,0.000000,-0.013733,0.006866,
feedback,2.347562,1786414240239,9,Rx,50.000000,150.000000,-0.006866,-50.006866,,,250.000397,-134.999725,480.000092,-90.000000,89.999969,-89.999916,250.000092,-134.999756,479.999664,116.565033,89.999939,116.565147,-0.102827,-0.008868,-0.000717,0.020599,0.000000,0.006866,
feedback,2.355814,1786414240247,9,Rx,50.000000,150.000000,-0.013733,-50.013733,,,250.000397,-134.999725,480.000092,-90.000000,89.999969,-89.999916,250.000153,-134.999756,480.000031,90.000000,89.999969,90.000107,-0.100306,0.021092,0.169935,0.006866,-0.034332,0.013733,
feedback,2.364218,1786414240255,9,Rx,50.000000,150.000000,-0.013733,-50.013733,,,250.000397,-134.999725,480.000092,-90.000000,89.999969,-89.999916,250.000061,-134.999557,480.000275,26.565008,89.999939,26.565145,0.033794,0.079336,-0.050092,0.006866,0.006866,0.013733,
feedback,2.372264,1786414240264,9,Rx,50.000000,150.000000,-0.034332,-50.034332,,,250.000397,-134.999725,480.000092,-90.000000,89.999969,-89.999916,250.000610,-134.999634,479.999542,-165.963913,89.999886,-165.963715,0.086286,0.052731,-0.089882,-0.006866,0.020599,0.034332,
feedback,2.380258,1786414240272,9,Rx,50.000000,150.000000,-0.027466,-50.027466,,,250.000397,-134.999725,480.000092,-90.000000,89.999969,-89.999916,250.000397,-134.999634,480.000458,-0.000082,89.999916,0.000055,-0.126910,0.061599,0.279948,0.000000,-0.054932,0.027466,
feedback,2.388729,1786414240281,9,Rx,50.000000,150.000000,-0.006866,-50.006866,,,250.000397,-134.999725,480.000092,-90.000000,89.999969,-89.999916,250.000397,-134.999680,479.999939,-153.962250,90.000000,-153.962143,0.014020,0.010546,-0.080053,0.006866,0.013733,0.006866,
feedback,2.397181,1786414240289,9,Rx,50.000000,150.000000,-0.000000,-50.000000,,,250.000397,-134.999725,480.000092,-90.000000,89.999969,-89.999916,250.000381,-134.999969,480.000336,-14.036192,89.999886,-14.036220,0.119005,0.038829,0.000717,-0.013733,0.000000,-0.000000,
feedback,2.405045,1786414240293,9,Rx,50.000000,150.000000,-0.027466,-50.027466,,,250.000397,-134.999725,480.000092,-90.000000,89.999969,-89.999916,250.000259,-134.999878,479.999573,161.564972,89.999916,161.565063,-0.031283,0.022770,-0.191744,0.013733,0.048065,0.027466,
feedback,2.413371,1786414240302,9,Rx,50.000000,150.000000,0.006866,-49.993134,,,250.000397,-134.999725,480.000092,-90.000000,89.999969,-89.999916,250.000717,-134.999908,479.999298,179.999939,89.999893,-180.000000,0.098146,-0.029961,-0.198935,-0.006866,0.027466,-0.006866,
feedback,2.421533,1786414240310,9,Rx,50.000000,150.000000,0.000000,-50.000000,,,250.000397,-134.999725,480.000092,-90.000000,89.999969,-89.999916,250.000488,-134.999878,479.999542,153.434875,89.999939,153.434967,0.010063,-0.038829,-0.149560,0.013733,0.020599,-0.000000,
feedback,2.430550,1786414240319,9,Rx,50.000000,150.000000,-0.006866,-50.006866,,,250.000397,-134.999725,480.000092,-90.000000,89.999969,-89.999916,250.000504,-134.999802,479.999298,179.999939,89.999832,-179.999969,-0.029847,0.010546,-0.241837,-0.013733,0.054932,0.006866,
feedback,2.437419,1786414240327,9,Rx,50.000000,150.000000,-0.020599,-50.020599,,,250.000397,-134.999725,480.000092,-90.000000,89.999969,-89.999916,250.000748,-134.999542,479.999756,179.999863,89.999916,-179.999939,0.029124,0.031638,0.060638,0.006866,-0.013733,0.020599,
feedback,2.446216,1786414240336,9,Rx,50.000000,150.000000,-0.013733,-50.013733,,,250.000397,-134.999725,480.000092,-90.000000,89.999969,-89.999916,250.000458,-134.999634,479.999786,153.434875,89.999939,153.435013,0.058599,0.040507,-0.149560,0.013733,0.020599,0.013733,
feedback,2.453672,1786414240345,9,Rx,50.000000,150.000000,-0.000000,-50.000000,,,250.000397,-134.999725,480.000092,-90.000000,89.999969,-89.999916,250.000092,-134.999878,480.000031,-90.000000,89.999947,-89.999916,0.057886,-0.000000,-0.020375,-0.013733,0.013733,-0.000000,
feedback,2.462360,1786414240353,9,Rx,50.000000,150.000000,0.041199,-49.958801,,,250.000397,-134.999725,480.000092,-90.000000,89.999969,-89.999916,250.000259,-134.999954,479.999573,179.999969,89.999916,-180.000000,0.012222,-0.082691,-0.120560,-0.006867,0.027466,-0.041199,
feedback,2.470168,1786414240362,9,Rx,50.000000,150.000000,-0.027466,-50.027466,,,250.000397,-134.999725,480.000092,-90.000000,89.999969,-89.999916,250.000259,-134.999878,479.999939,90.000000,89.999969,90.000084,0.044941,0.061599,0.021092,0.006866,-0.013733,0.027466,
feedback,2.479153,1786414240370,9,Rx,50.000000,150.000000,-0.006866,-50.006866,,,250.000397,-134.999725,480.000092,-90.000000,89.999969,-89.999916,250.000336,-134.999680,479.999908,134.999969,89.999962,135.000076,0.016540,0.029961,0.090599,0.000000,-0.020599,0.006866,
feedback,2.486539,1786414240379,9,Rx,50.000000,150.000000,-0.006866,-50.006866,,,250.000397,-134.999725,480.000092,-90.000000,89.999969,-89.999916,250.000336,-134.999802,479.999786,-90.000084,90.000000,-90.000000,-0.012945,0.029961,-0.009586,0.000000,-0.006866,0.006866,
feedback,2.494806,1786414240387,9,Rx,50.000000,150.000000,-0.000000,-50.000000,,,250.000397,-134.999725,480.000092,-90.000000,89.999969,-89.999916,250.000046,-134.999802,479.999969,44.999973,89.999962,45.000053,-0.160351,-0.019415,0.059204,0.006866,-0.013733,0.000000,
feedback,2.502823,1786414240395,9,Rx,50.000000,150.000000,0.006866,-49.993134,,,250.000397,-134.999725,480.000092,-90.000000,89.999969,-89.999916,250.000732,-134.999710,479.999786,153.434860,89.999939,153.434998,0.129791,-0.010546,-0.069750,0.013733,0.020599,-0.006866,
feedback,2.511235,1786414240400,9,Rx,50.000000,150.000000,0.006866,-49.993134,,,250.000397,-134.999725,480.000092,-90.000000,89.999969,-89.999916,250.000381,-134.999756,480.000000,-0.000082,89.999969,0.000027,-0.086648,-0.010546,0.050336,-0.006866,-0.020599,-0.006866,
feedback,2.519082,1786414240408,9,Rx,50.000000,150.000000,0.000000,-50.000000,,,250.000397,-134.999725,480.000092,-90.000000,89.999969,-89.999916,250.000092,-134.999878,480.000031,90.000000,89.999969,90.000084,0.043143,-0.000000,-0.070467,0.006866,0.020599,0.000000,
feedback,2.527440,1786414240416,9,Rx,50.000000,150.000000,0.013733,-49.986267,,,250.000397,-134.999725,480.000092,-90.000000,89.999969,-89.999916,250.000671,-134.999832,479.999420,161.565033,89.999916,161.565079,0.113251,-0.040507,-0.058244,0.006866,0.000000,-0.013733,
feedback,2.535369,1786414240425,9,Rx,50.000000,150.000000,-0.020599,-50.020599,,,250.000397,-134.999725,480.000092,-90.000000,89.999969,-89.999916,250.000336,-134.999680,479.999756,179.999939,89.999969,-179.999939,0.016892,0.070467,-0.129185,0.006866,0.006866,0.020599,
feedback,2.544805,1786414240433,9,Rx,50.000000,150.000000,0.006866,-49.993134,,,250.000397,-134.999725,480.000092,-90.000000,89.999969,-89.999916,250.000549,-134.999908,479.999756,179.999939,89.999969,180.000000,0.070831,-0.029961,0.091316,0.006866,-0.020599,-0.006866,
feedback,2.551800,1786414240442,9,Rx,50.000000,150.000000,-0.006866,-50.006866,,,250.000397,-134.999725,480.000092,-90.000000,89.999969,-89.999916,250.000458,-134.999680,479.999786,179.999939,89.999947,-179.999939,0.074064,0.029961,-0.020375,-0.006866,0.013733,0.006866,
feedback,2.560966,1786414240450,9,Rx,50.000000,150.000000,-0.006866,-50.006866,,,250.000397,-134.999725,480.000092,-90.000000,89.999969,-89.999916,250.000153,-134.999802,479.999847,-151.209122,90.000000,-151.209030,-0.030921,-0.008868,0.000960,-0.013733,-0.013733,0.006866,
feedback,2.568040,1786414240459,9,Rx,50.000000,150.000000,-0.000000,-50.000000,,,250.000397,-134.999725,480.000092,-90.000000,89.999969,-89.999916,250.000275,-134.999878,479.999908,-180.000000,89.999969,-179.999969,0.029124,0.000000,0.009586,-0.000000,0.006866,-0.000000,
feedback,2.576406,1786414240468,9,Rx,50.000000,150.000000,-0.006866,-50.006866,,,250.000397,-134.999725,480.000092,-90.000000,89.999969,-89.999916,250.000732,-134.999878,479.999786,-180.000000,89.999947,-179.999969,0.100667,0.010546,-0.079336,0.000000,0.013733,0.006866,
feedback,2.584231,1786414240476,9,Rx,50.000000,150.000000,-0.000000,-50.000000,,,250.000397,-134.999725,480.000092,-90.000000,89.999969,-89.999916,250.000854,-134.999756,479.999298,179.999924,89.999832,-179.999969,0.143810,0.000000,-0.200856,0.013733,0.054932,-0.000000,
feedback,2.593620,1786414240485,9,Rx,50.000000,150.000000,0.013733,-49.986267,,,250.000397,-134.999725,480.000092,-90.000000,89.999969,-89.999916,250.000336,-134.999802,479.999725,-161.565094,89.999916,-161.565018,-0.060045,-0.040507,-0.161784,-0.013733,0.041199,-0.013733,
feedback,2.600865,1786414240493,9,Rx,50.000000,150.000000,0.013733,-49.986267,,,250.000397,-134.999725,480.000092,-90.000000,89.999969,-89.999916,250.000214,-134.999908,479.999695,179.999939,89.999893,-180.000000,0.039548,-0.059921,-0.100428,-0.006866,0.027466,-0.013733,
feedback,2.609187,1786414240502,9,Rx,50.000000,150.000000,-0.020599,-50.020599,,,250.000397,-134.999725,480.000092,-90.000000,89.999969,-89.999916,249.999985,-134.999878,480.000305,44.999958,89.999962,45.000042,-0.043143,0.031638,0.019414,0.013733,0.000000,0.020599,
feedback,2.617345,1786414240510,9,Rx,50.000000,150.000000,-0.020599,-50.020599,,,250.000397,-134.999725,480.000092,-90.000000,89.999969,-89.999916,250.000732,-134.999802,479.999420,168.690018,89.999863,168.690094,0.016179,0.051053,0.000000,0.006866,0.000000,0.020599,
feedback,2.626701,1786414240518,9,Rx,50.000000,150.000000,-0.000000,-50.000000,,,250.000397,-134.999725,480.000092,-90.000000,89.999969,-89.999916,250.000381,-134.999832,479.999786,153.434921,89.999939,153.434982,0.000362,0.000000,0.090599,0.034332,-0.020599,-0.000000,
feedback,2.633794,1786414240523,9,Rx,50.000000,150.000000,-0.013733,-50.013733,,,250.000397,-134.999725,480.000092,-90.000000,89.999969,-89.999916,250.000610,-134.999756,479.999756,-135.000046,89.999962,-134.999939,0.057524,0.021092,-0.008868,-0.013733,-0.006866,0.013733,
feedback,2.643063,1786414240531,9,Rx,50.000000,150.000000,-0.006866,-50.006866,,,250.000397,-134.999725,480.000092,-90.000000,89.999969,-89.999916,250.000793,-134.999710,479.999451,179.999893,89.999893,-179.999969,0.127270,-0.008868,-0.240402,0.006866,0.054932,0.006866,
feedback,2.650069,1786414240539,9,Rx,50.000000,150.000000,0.013733,-49.986267,,,250.000397,-134.999725,480.000092,-90.000000,89.999969,-89.999916,250.000336,-134.999756,479.999939,90.000000,89.999969,90.000107,0.057524,-0.021092,-0.059921,-0.000000,0.013733,-0.013733,
feedback,2.658917,1786414240548,9,Rx,50.000000,150.000000,-0.000000,-50.000000,,,250.000397,-134.999725,480.000092,-90.000000,89.999969,-89.999916,250.000504,-134.999756,480.000031,-161.816193,90.000000,-161.816086,0.113974,-0.019414,0.020849,-0.000000,0.000000,0.000000,
feedback,2.666508,1786414240556,9,Rx,50.000000,150.000000,-0.006866,-50.006866,,,250.000397,-134.999725,480.000092,-90.000000,89.999969,-89.999916,250.000214,-134.999802,479.999542,-153.434998,89.999939,-153.434906,0.044218,0.029961,-0.160106,-0.000000,0.027466,0.006866,
feedback,2.674922,1786414240564,9,Rx,50.000000,150.000000,-0.000000,-50.000000,,,250.000397,-134.999725,480.000092,-90.000000,89.999969,-89.999916,250.000275,-134.999786,480.000458,18.434826,89.999916,18.434963,-0.029476,-0.019414,0.261251,-0.000000,-0.054932,0.000000,
feedback,2.683145,1786414240573,9,Rx,50.000000,150.000000,0.000000,-50.000000,,,250.000397,-134.999725,480.000092,-90.000000,89.999969,-89.999916,250.000153,-134.999802,479.999512,179.999939,89.999916,-179.999969,-0.116133,-0.000000,-0.049849,0.000000,-0.006866,-0.000000,
feedback,2.691514,1786414240582,9,Rx,50.000000,150.000000,0.020599,-49.979401,,,250.000397,-134.999725,480.000092,-90.000000,89.999969,-89.999916,250.000336,-134.999802,479.999939,-90.000000,89.999969,-89.999916,0.000000,-0.031638,-0.000000,-0.000000,0.000000,-0.020599,
feedback,2.699901,1786414240590,9,Rx,50.000000,150.000000,0.013733,-49.986267,,,250.000397,-134.999725,480.000092,-90.000000,89.999969,-89.999916,250.000381,-134.999832,479.999817,-135.000061,89.999962,-134.999939,-0.032357,-0.059921,0.051053,0.000000,-0.020599,-0.013733,
feedback,2.708029,1786414240599,9,Rx,50.000000,150.000000,-0.000000,-50.000000,,,250.000397,-134.999725,480.000092,-90.000000,89.999969,-89.999916,249.999985,-134.999802,480.000305,-0.000055,89.999916,0.000027,-0.115049,-0.000000,0.119842,0.000000,-0.027466,0.000000,
feedback,2.716522,1786414240607,9,Rx,50.000000,150.000000,0.006866,-49.993134,,,250.000397,-134.999725,480.000092,-90.000000,89.999969,-89.999916,250.000275,-134.999802,479.999756,179.999939,89.999969,-179.999969,-0.028762,-0.010546,0.081013,0.000000,-0.027466,-0.006866,
feedback,2.724571,1786414240616,9,Rx,50.000000,150.000000,0.006866,-49.993134,,,250.000397,-134.999725,480.000092,-90.000000,89.999969,-89.999916,250.000793,-134.999802,479.999298,-153.434998,89.999878,-153.434906,0.156032,-0.029961,-0.168257,-0.006866,0.020599,-0.006866,
feedback,2.733893,1786414240624,9,Rx,50.000000,150.000000,-0.020599,-50.020599,,,250.000397,-134.999725,480.000092,-90.000000,89.999969,-89.999916,250.000336,-134.999588,479.999756,179.999893,89.999969,-179.999939,0.017253,0.070467,-0.089639,0.013733,0.006866,0.020599,
feedback,2.741130,1786414240632,9,Rx,50.000000,150.000000,0.027466,-49.972534,,,250.000397,-134.999725,480.000092,-90.000000,89.999969,-89.999916,250.000275,-134.999756,479.999847,-153.434952,89.999939,-153.434891,-0.158192,-0.042185,0.139257,0.000000,-0.027466,-0.027466,
feedback,2.749281,1786414240641,9,Rx,50.000000,150.000000,-0.006866,-50.006866,,,250.000397,-134.999725,480.000092,-90.000000,89.999969,-89.999916,250.000458,-134.999680,480.000153,-0.000055,89.999969,0.000055,0.000723,0.010546,0.130145,0.000000,-0.020599,0.006866,
feedback,2.757071,1786414240649,9,Rx,50.000000,150.000000,0.027466,-49.972534,,,250.000397,-134.999725,480.000092,-90.000000,89.999969,-89.999916,249.999985,-134.999878,480.000305,0.000000,89.999916,0.000027,-0.187316,-0.042185,0.129671,0.006867,-0.034332,-0.027466,
feedback,2.765864,1786414240653,9,Rx,50.000000,150.000000,-0.020599,-50.020599,,,250.000397,-134.999725,480.000092,-90.000000,89.999969,-89.999916,250.000504,-134.999756,480.000214,-18.435022,89.999916,-18.434914,0.129791,0.031638,-0.018697,-0.006866,-0.000000,0.020599,
feedback,2.773127,1786414240662,9,Rx,50.000000,150.000000,0.006866,-49.993134,,,250.000397,-134.999725,480.000092,-90.000000,89.999969,-89.999916,250.000046,-134.999802,480.000488,-0.000055,89.999893,0.000027,-0.100306,-0.010546,0.169935,0.006866,-0.034332,-0.006866,
feedback,2.781283,1786414240671,9,Rx,50.000000,150.000000,0.006866,-49.993134,,,250.000397,-134.999725,480.000092,-90.000000,89.999969,-89.999916,249.999985,-134.999878,479.999786,163.923904,90.000000,163.923935,-0.130514,-0.010546,-0.060396,-0.000000,-0.000000,-0.006866,
feedback,2.789619,1786414240679,9,Rx,50.000000,150.000000,0.013733,-49.986267,,,250.000397,-134.999725,480.000092,-90.000000,89.999969,-89.999916,250.000320,-135.000000,480.000000,-0.000000,89.999969,-0.000000,-0.058960,-0.040507,0.110014,0.006866,-0.020599,-0.013733,
feedback,2.798542,1786414240688,9,Rx,50.000000,150.000000,-0.006866,-50.006866,,,250.000397,-134.999725,480.000092,-90.000000,89.999969,-89.999916,249.999924,-134.999832,480.000458,18.434851,89.999916,18.434959,-0.190188,-0.028283,0.229856,0.013733,-0.048065,0.006866,
feedback,2.805785,1786414240696,9,Rx,50.000000,150.000000,0.027466,-49.972534,,,250.000397,-134.999725,480.000092,-90.000000,89.999969,-89.999916,250.000107,-134.999802,479.999634,-153.434921,89.999939,-153.434906,-0.012945,-0.022770,-0.060638,-0.006867,0.013733,-0.027466,
feedback,2.814311,1786414240705,9,Rx,50.000000,150.000000,-0.006866,-50.006866,,,250.000397,-134.999725,480.000092,-90.000000,89.999969,-89.999916,250.000336,-134.999802,479.999573,-161.565094,89.999916,-161.565018,0.044941,0.029961,-0.029961,-0.000000,0.006866,0.006866,
feedback,2.822238,1786414240713,9,Rx,50.000000,150.000000,0.013733,-49.986267,,,250.000397,-134.999725,480.000092,-90.000000,89.999969,-89.999916,250.000046,-134.999924,479.999817,-63.434944,89.999939,-63.434944,0.073703,-0.001678,-0.008868,-0.006866,-0.006866,-0.013733,
feedback,2.830103,1786414240722,9,Rx,50.000000,150.000000,-0.020599,-50.020599,,,250.000397,-134.999725,480.000092,-90.000000,89.999969,-89.999916,250.000565,-134.999588,479.999878,-30.833040,90.000000,-30.832876,-0.070108,0.051053,0.089882,0.006866,-0.020599,0.020599,
feedback,2.838293,1786414240730,9,Rx,50.000000,150.000000,0.006866,-49.993134,,,250.000397,-134.999725,480.000092,-90.000000,89.999969,-89.999916,250.000153,-134.999756,480.000214,-33.690125,89.999901,-33.690014,-0.102465,-0.029961,0.140935,-0.013733,-0.041199,-0.006866,
feedback,2.846610,1786414240738,9,Rx,50.000000,150.000000,-0.000000,-50.000000,,,250.000397,-134.999725,480.000092,-90.000000,89.999969,-89.999916,250.000626,-134.999756,479.999908,179.999924,89.999969,-179.999969,0.044941,0.019415,-0.029961,0.013733,0.006866,-0.000000,
feedback,2.854918,1786414240747,9,Rx,50.000000,150.000000,0.013733,-49.986267,,,250.000397,-134.999725,480.000092,-90.000000,89.999969,-89.999916,249.999924,-134.999802,479.999725,179.999939,89.999969,-179.999969,0.087361,-0.001678,-0.179520,-0.000000,0.027466,-0.013733,
feedback,2.863047,1786414240755,9,Rx,50.000000,150.000000,0.020599,-49.979401,,,250.000397,-134.999725,480.000092,-90.000000,89.999969,-89.999916,250.000320,-135.000000,479.999786,153.434952,89.999939,153.434952,-0.001798,-0.051053,0.010546,0.020599,-0.006866,-0.020599,
feedback,2.871568,1786414240763,9,Rx,50.000000,150.000000,0.006866,-49.993134,,,250.000397,-134.999725,480.000092,-90.000000,89.999969,-89.999916,250.000565,-134.999802,479.999695,179.999939,89.999947,-179.999969,0.072267,-0.010546,-0.009829,-0.000000,0.006866,-0.006866,
feedback,2.879396,1786414240772,9,Rx,50.000000,150.000000,-0.000000,-50.000000,,,250.000397,-134.999725,480.000092,-90.000000,89.999969,-89.999916,250.000443,-134.999756,480.000153,179.999924,89.999969,-179.999969,0.058247,0.000000,0.070224,0.006866,-0.006866,-0.000000,
feedback,2.888063,1786414240780,9,Rx,50.000000,150.000000,0.020599,-49.979401,,,250.000397,-134.999725,480.000092,-90.000000,89.999969,-89.999916,249.999863,-134.999786,480.000427,-26.565161,89.999939,-26.565023,-0.030198,-0.051053,0.080053,0.000000,-0.013733,-0.020599,
feedback,2.896338,1786414240789,9,Rx,50.000000,150.000000,0.006866,-49.993134,,,250.000397,-134.999725,480.000092,-90.000000,89.999969,-89.999916,250.000275,-134.999756,479.999908,-135.000046,89.999962,-134.999924,-0.042420,-0.010546,0.200613,-0.013733,-0.041199,-0.006866,
feedback,2.904348,1786414240793,9,Rx,50.000000,150.000000,0.013733,-49.986267,,,250.000397,-134.999725,480.000092,-90.000000,89.999969,-89.999916,250.000153,-134.999832,479.999817,179.999969,89.999916,-179.999969,-0.028762,-0.021092,-0.021092,0.006866,0.013733,-0.013733,
feedback,2.912420,1786414240802,9,Rx,50.000000,150.000000,-0.013733,-50.013733,,,250.000397,-134.999725,480.000092,-90.000000,89.999969,-89.999916,250.000504,-134.999756,479.999298,179.999924,89.999832,-179.999969,0.071905,0.021092,-0.049375,0.000000,0.006866,0.013733,
feedback,2.920677,1786414240810,9,Rx,50.000000,150.000000,0.006866,-49.993134,,,250.000397,-134.999725,480.000092,-90.000000,89.999969,-89.999916,250.000793,-134.999878,479.999298,180.000000,89.999893,-179.999969,0.230097,-0.010546,-0.188632,0.006866,0.034332,-0.006866,
feedback,2.928803,1786414240818,9,Rx,50.000000,150.000000,0.006866,-49.993134,,,250.000397,-134.999725,480.000092,-90.000000,89.999969,-89.999916,250.000458,-134.999725,480.000153,-63.434956,89.999939,-63.434872,0.117208,0.008868,-0.039789,-0.013733,0.013733,-0.006866,
feedback,2.937231,1786414240827,9,Rx,50.000000,150.000000,0.013733,-49.986267,,,250.000397,-134.999725,480.000092,-90.000000,89.999969,-89.999916,249.999817,-134.999756,480.000031,-90.000000,89.999969,-89.999893,-0.115049,-0.021092,0.068789,0.000000,-0.006866,-0.013733,
feedback,2.945120,1786414240835,9,Rx,50.000000,150.000000,0.034332,-49.965668,,,250.000397,-134.999725,480.000092,-90.000000,89.999969,-89.999916,249.999969,-135.000046,479.999969,45.000015,89.999962,44.999985,-0.074787,-0.072145,-0.109771,0.000000,0.006866,-0.034332,
feedback,2.953358,1786414240844,9,Rx,50.000000,150.000000,0.034332,-49.965668,,,250.000397,-134.999725,480.000092,-90.000000,89.999969,-89.999916,250.000443,-134.999954,479.999664,179.999969,89.999916,180.000000,-0.048536,-0.110974,-0.000000,0.006866,0.000000,-0.034332,
feedback,2.961586,1786414240852,9,Rx,50.000000,150.000000,0.006866,-49.993134,,,250.000397,-134.999725,480.000092,-90.000000,89.999969,-89.999916,249.999863,-134.999756,480.000061,-63.434967,89.999939,-63.434856,-0.061481,-0.049375,-0.060639,-0.020599,0.013733,-0.006866,
feedback,2.969791,1786414240860,9,Rx,50.000000,150.000000,-0.013733,-50.013733,,,250.000397,-134.999725,480.000092,-90.000000,89.999969,-89.999916,250.000153,-134.999878,479.999847,-153.435013,89.999939,-153.434937,-0.017976,-0.017737,-0.091559,0.000000,0.034332,0.013733,
feedback,2.977973,1786414240869,9,Rx,50.000000,150.000000,-0.006866,-50.006866,,,250.000397,-134.999725,480.000092,-90.000000,89.999969,-89.999916,250.000046,-134.999710,479.999969,-0.000110,89.999969,0.000027,-0.088446,-0.008868,0.060882,0.006866,-0.027466,0.006866,
feedback,2.986302,1786414240877,9,Rx,50.000000,150.000000,-0.034332,-50.034332,,,250.000397,-134.999725,480.000092,-90.000000,89.999969,-89.999916,250.000046,-134.999542,480.000305,-18.435072,89.999916,-18.434879,-0.097073,0.091559,0.109296,0.006866,-0.020599,0.034332,
feedback,2.994476,1786414240886,9,Rx,50.000000,150.000000,-0.006866,-50.006866,,,250.000397,-134.999725,480.000092,-90.000000,89.999969,-89.999916,250.000275,-134.999725,480.000061,-45.000015,89.999962,-44.999931,0.072980,0.029961,-0.139014,0.006866,0.013733,0.006866,
feedback,3.002639,1786414240895,9,Rx,50.000000,150.000000,-0.041199,-50.041199,,,250.000397,-134.999725,480.000092,-90.000000,89.999969,-89.999916,250.000351,-134.999435,480.000214,-0.000137,89.999969,0.000082,-0.008989,0.121520,0.059921,0.006866,-0.013733,0.041199,
feedback,3.011129,1786414240904,9,Rx,50.000000,150.000000,-0.000000,-50.000000,,,250.000397,-134.999725,480.000092,-90.000000,89.999969,-89.999916,249.999969,-135.000000,480.000031,26.564985,89.999939,26.565041,-0.061481,-0.038829,-0.009586,0.006866,-0.006866,0.000000,
feedback,3.019022,1786414240908,9,Rx,50.000000,150.000000,-0.006866,-50.006866,,,250.000397,-134.999725,480.000092,-90.000000,89.999969,-89.999916,250.000153,-134.999802,480.000214,33.690029,89.999901,33.690113,0.047100,0.049375,0.050092,0.006866,-0.006866,0.006866,
feedback,3.028329,1786414240917,9,Rx,50.000000,150.000000,-0.013733,-50.013733,,,250.000397,-134.999725,480.000092,-90.000000,89.999969,-89.999916,249.999527,-134.999756,480.000427,-0.000082,89.999893,0.000027,-0.103188,0.001678,-0.040264,-0.000000,-0.000000,0.013733,
feedback,3.036296,1786414240925,9,Rx,50.000000,150.000000,0.013733,-49.986267,,,250.000397,-134.999725,480.000092,-90.000000,89.999969,-89.999916,250.000092,-134.999924,479.999084,-179.999969,89.999809,-179.999969,0.027677,-0.021092,-0.250705,-0.000000,0.048065,-0.013733,
feedback,3.044639,1786414240934,9,Rx,50.000000,150.000000,0.006866,-49.993134,,,250.000397,-134.999725,480.000092,-90.000000,89.999969,-89.999916,250.000031,-134.999908,479.999969,-135.000031,89.999962,-134.999969,-0.030560,-0.029961,-0.061599,-0.000000,0.027466,-0.006866,
feedback,3.051602,1786414240942,9,Rx,50.000000,150.000000,0.027466,-49.972534,,,250.000397,-134.999725,480.000092,-90.000000,89.999969,-89.999916,250.000381,-134.999924,479.999786,-134.999985,89.999924,-134.999985,-0.071544,-0.042185,0.088921,-0.013733,-0.006866,-0.027466,
feedback,3.060937,1786414240951,9,Rx,50.000000,150.000000,-0.013733,-50.013733,,,250.000397,-134.999725,480.000092,-90.000000,89.999969,-89.999916,250.000381,-134.999756,479.999420,-168.690140,89.999863,-168.690033,-0.030560,0.001678,-0.010546,0.006867,0.006866,0.013733,
feedback,3.068098,1786414240959,9,Rx,50.000000,150.000000,-0.020599,-50.020599,,,250.000397,-134.999725,480.000092,-90.000000,89.999969,-89.999916,250.000336,-134.999588,479.999908,-135.000061,89.999962,-134.999893,0.045302,0.051053,0.060639,0.006866,-0.013733,0.020599,
feedback,3.076653,1786414240968,9,Rx,50.000000,150.000000,-0.006866,-50.006866,,,250.000397,-134.999725,480.000092,-90.000000,89.999969,-89.999916,250.000031,-134.999878,479.999969,-116.565071,89.999939,-116.564987,0.070469,-0.008868,-0.050335,-0.027466,0.020599,0.006866,
feedback,3.084422,1786414240976,9,Rx,50.000000,150.000000,-0.000000,-50.000000,,,250.000397,-134.999725,480.000092,-90.000000,89.999969,-89.999916,250.000137,-135.000031,479.999908,-135.000031,89.999962,-135.000000,0.026964,-0.019414,-0.070467,0.000000,0.020599,0.000000,
feedback,3.092524,1786414240985,9,Rx,50.000000,150.000000,0.000000,-50.000000,,,250.000397,-134.999725,480.000092,-90.000000,89.999969,-89.999916,249.999863,-134.999802,480.000061,-63.434959,89.999939,-63.434879,0.015817,0.019414,-0.039546,0.000000,-0.000000,-0.000000,
feedback,3.100608,1786414240993,9,Rx,50.000000,150.000000,-0.013733,-50.013733,,,250.000397,-134.999725,480.000092,-90.000000,89.999969,-89.999916,250.000610,-134.999832,479.999390,179.999893,89.999832,-180.000000,0.099231,0.001678,-0.080296,0.020599,0.027466,0.013733,
feedback,3.109937,1786414240998,9,Rx,50.000000,150.000000,0.000000,-50.000000,,,250.000397,-134.999725,480.000092,-90.000000,89.999969,-89.999916,250.000336,-134.999756,479.999725,-161.565125,89.999916,-161.565018,-0.070108,0.019414,0.089882,-0.006866,-0.020599,0.000000,
feedback,3.117528,1786414241006,9,Rx,50.000000,150.000000,-0.006866,-50.006866,,,250.000397,-134.999725,480.000092,-90.000000,89.999969,-89.999916,250.000381,-134.999741,479.999817,-116.565086,89.999939,-116.564919,0.186954,0.010546,-0.169218,-0.006866,0.034332,0.006866,
feedback,3.125355,1786414241015,9,Rx,50.000000,150.000000,-0.006866,-50.006866,,,250.000397,-134.999725,480.000092,-90.000000,89.999969,-89.999916,250.000214,-134.999786,480.000061,179.999863,89.999969,-180.000000,0.043866,0.010546,0.059678,0.000000,0.000000,0.006866,
feedback,3.133474,1786414241023,9,Rx,50.000000,150.000000,-0.027466,-50.027466,,,250.000397,-134.999725,480.000092,-90.000000,89.999969,-89.999916,249.999985,-134.999664,480.000305,-0.000137,89.999916,0.000027,-0.026242,0.061599,0.200613,-0.006866,-0.041199,0.027466,
feedback,3.142720,1786414241032,9,Rx,50.000000,150.000000,0.027466,-49.972534,,,250.000397,-134.999725,480.000092,-90.000000,89.999969,-89.999916,250.000381,-134.999908,479.999268,-171.869949,89.999809,-171.869904,0.010424,-0.081013,-0.110014,-0.006867,0.020599,-0.027466,
feedback,3.149927,1786414241040,9,Rx,50.000000,150.000000,-0.020599,-50.020599,,,250.000397,-134.999725,480.000092,-90.000000,89.999969,-89.999916,250.000336,-134.999588,479.999908,134.999939,89.999962,135.000107,0.088084,0.051053,0.001678,0.006866,-0.013733,0.020599,
feedback,3.158782,1786414241048,9,Rx,50.000000,150.000000,0.020599,-49.979401,,,250.000397,-134.999725,480.000092,-90.000000,89.999969,-89.999916,249.999863,-134.999908,480.000275,26.565008,89.999939,26.565062,-0.046377,-0.070467,0.080053,0.006866,-0.013733,-0.020599,
feedback,3.166734,1786414241057,9,Rx,50.000000,150.000000,0.013733,-49.986267,,,250.000397,-134.999725,480.000092,-90.000000,89.999969,-89.999916,249.999573,-134.999908,480.000671,-0.000055,89.999832,-0.000000,-0.133025,-0.059921,0.130388,0.006866,-0.034332,-0.013733,
feedback,3.175010,1786414241065,9,Rx,50.000000,150.000000,-0.006866,-50.006866,,,250.000397,-134.999725,480.000092,-90.000000,89.999969,-89.999916,250.000031,-134.999954,479.999451,179.999893,89.999832,179.999969,-0.117931,-0.008868,-0.141409,0.000000,0.027466,0.006866,
feedback,3.184453,1786414241073,9,Rx,50.000000,150.000000,0.006866,-49.993134,,,250.000397,-134.999725,480.000092,-90.000000,89.999969,-89.999916,250.000153,-134.999802,479.999298,179.999939,89.999832,-179.999969,-0.043505,-0.010546,-0.020132,0.006866,0.000000,-0.006866,
feedback,3.190740,1786414241082,9,Rx,50.000000,150.000000,0.006866,-49.993134,,,250.000397,-134.999725,480.000092,-90.000000,89.999969,-89.999916,250.000610,-134.999802,479.999542,-143.130142,89.999863,-143.130051,0.144534,-0.010546,0.031395,-0.027466,-0.006866,-0.006866,
feedback,3.200199,1786414241090,9,Rx,50.000000,150.000000,0.006866,-49.993134,,,250.000397,-134.999725,480.000092,-90.000000,89.999969,-89.999916,249.999924,-134.999756,480.000275,-26.565117,89.999939,-26.565008,-0.045302,-0.029961,-0.009586,-0.006866,-0.006866,-0.006866,
feedback,3.208173,1786414241099,9,Rx,50.000000,150.000000,-0.000000,-50.000000,,,250.000397,-134.999725,480.000092,-90.000000,89.999969,-89.999916,250.000214,-134.999710,479.999695,-153.435043,89.999939,-153.434906,-0.059683,-0.019414,-0.020132,-0.006866,-0.000000,0.000000,
feedback,3.215732,1786414241107,9,Rx,50.000000,150.000000,0.000000,-50.000000,,,250.000397,-134.999725,480.000092,-90.000000,89.999969,-89.999916,250.000687,-134.999588,479.999542,179.999893,89.999893,-179.999939,0.086286,0.000000,-0.089882,0.013733,0.020599,-0.000000,
feedback,3.223750,1786414241116,9,Rx,50.000000,150.000000,-0.013733,-50.013733,,,250.000397,-134.999725,480.000092,-90.000000,89.999969,-89.999916,250.000214,-134.999664,479.999695,179.999863,89.999947,-179.999969,0.028401,0.021092,-0.069507,0.000000,0.006866,0.013733,
feedback,3.232070,1786414241124,9,Rx,50.000000,150.000000,0.013733,-49.986267,,,250.000397,-134.999725,480.000092,-90.000000,89.999969,-89.999916,250.000259,-134.999878,479.999207,179.999924,89.999832,-180.000000,0.069746,-0.040507,-0.180481,0.013733,0.041199,-0.013733,
feedback,3.239802,1786414241132,9,Rx,50.000000,150.000000,-0.013733,-50.013733,,,250.000397,-134.999725,480.000092,-90.000000,89.999969,-89.999916,250.000214,-134.999664,480.000061,-0.000137,89.999969,0.000027,0.041346,0.001678,-0.008868,0.006866,-0.006866,0.013733,
feedback,3.248273,1786414241141,9,Rx,50.000000,150.000000,-0.034332,-50.034332,,,250.000397,-134.999725,480.000092,-90.000000,89.999969,-89.999916,250.000214,-134.999908,479.999908,-135.000031,89.999962,-134.999969,0.000723,0.052731,0.130145,0.000000,-0.020599,0.034332,
feedback,3.256281,1786414241145,9,Rx,50.000000,150.000000,0.020599,-49.979401,,,250.000397,-134.999725,480.000092,-90.000000,89.999969,-89.999916,250.000153,-135.000092,480.000061,45.000027,89.999962,44.999973,-0.131589,-0.051053,0.080296,0.006866,-0.027466,-0.020599,
feedback,3.264810,1786414241153,9,Rx,50.000000,150.000000,-0.048065,-50.048065,,,250.000397,-134.999725,480.000092,-90.000000,89.999969,-89.999916,250.000458,-134.999634,479.999786,-153.435013,89.999939,-153.434875,0.075500,0.112652,-0.070467,-0.013733,0.020599,0.048065,
feedback,3.272674,1786414241162,9,Rx,50.000000,150.000000,-0.020599,-50.020599,,,250.000397,-134.999725,480.000092,-90.000000,89.999969,-89.999916,249.999924,-134.999786,480.000092,-90.000000,89.999969,-89.999863,-0.116485,0.012224,0.118882,-0.000000,-0.013733,0.020599,
feedback,3.281014,1786414241170,9,Rx,50.000000,150.000000,-0.027466,-50.027466,,,250.000397,-134.999725,480.000092,-90.000000,89.999969,-89.999916,250.000214,-134.999664,480.000061,-45.000069,89.999962,-44.999905,-0.014381,0.042184,0.091560,-0.006866,-0.034332,0.027466,
feedback,3.288963,1786414241179,9,Rx,50.000000,150.000000,-0.020599,-50.020599,,,250.000397,-134.999725,480.000092,-90.000000,89.999969,-89.999916,250.000336,-134.999756,479.999573,179.999924,89.999916,-179.999969,0.103901,0.070467,-0.191027,0.013733,0.048065,0.020599,
feedback,3.297031,1786414241187,9,Rx,50.000000,150.000000,-0.013733,-50.013733,,,250.000397,-134.999725,480.000092,-90.000000,89.999969,-89.999916,249.999695,-134.999710,479.999969,-45.000053,89.999962,-44.999916,-0.188038,0.021092,-0.000475,-0.013733,-0.013733,0.013733,
feedback,3.305233,1786414241195,9,Rx,50.000000,150.000000,-0.006866,-50.006866,,,250.000397,-134.999725,480.000092,-90.000000,89.999969,-89.999916,250.000504,-134.999634,479.999451,-165.963837,89.999886,-165.963699,0.028401,0.010546,-0.069507,-0.006866,0.006866,0.006866,
feedback,3.314972,1786414241204,9,Rx,50.000000,150.000000,0.006866,-49.993134,,,250.000397,-134.999725,480.000092,-90.000000,89.999969,-89.999916,250.000092,-134.999802,479.999817,-116.565063,89.999939,-116.564980,-0.115410,-0.010546,0.080296,-0.006866,-0.027466,-0.006866,
feedback,3.321848,1786414241213,9,Rx,50.000000,150.000000,0.006866,-49.993134,,,250.000397,-134.999725,480.000092,-90.000000,89.999969,-89.999916,250.000092,-134.999878,479.999817,-161.565125,89.999916,-161.565048,-0.119005,-0.049375,-0.000717,0.006866,0.000000,-0.006866,
feedback,3.330517,1786414241222,9,Rx,50.000000,150.000000,0.006866,-49.993134,,,250.000397,-134.999725,480.000092,-90.000000,89.999969,-89.999916,250.000320,-134.999878,479.999634,153.434875,89.999939,153.434967,0.040984,-0.029961,-0.099467,0.006866,0.013733,-0.006866,
feedback,3.338049,1786414241230,9,Rx,50.000000,150.000000,0.027466,-49.972534,,,250.000397,-134.999725,480.000092,-90.000000,89.999969,-89.999916,249.999802,-134.999832,479.999847,-153.435043,89.999939,-153.434921,-0.134109,-0.081013,-0.141409,0.006866,0.027466,-0.027466,
feedback,3.346753,1786414241239,9,Rx,50.000000,150.000000,-0.006866,-50.006866,,,250.000397,-134.999725,480.000092,-90.000000,89.999969,-89.999916,250.000214,-134.999802,479.999542,-153.434998,89.999939,-153.434906,-0.014743,0.010546,0.000960,0.000000,-0.013733,0.006866,
feedback,3.354600,1786414241243,9,Rx,50.000000,150.000000,0.000000,-50.000000,,,250.000397,-134.999725,480.000092,-90.000000,89.999969,-89.999916,249.999695,-134.999802,480.000305,-63.434959,89.999939,-63.434879,-0.128707,-0.000000,0.188389,-0.006866,-0.020599,-0.000000,
feedback,3.363222,1786414241253,9,Rx,50.000000,150.000000,0.013733,-49.986267,,,250.000397,-134.999725,480.000092,-90.000000,89.999969,-89.999916,249.999634,-134.999878,480.000488,-14.036321,89.999886,-14.036239,-0.246276,-0.040507,0.290737,0.000000,-0.075531,-0.013733,
feedback,3.370738,1786414241261,9,Rx,50.000000,150.000000,0.000000,-50.000000,,,250.000397,-134.999725,480.000092,-90.000000,89.999969,-89.999916,250.000275,-134.999588,480.000061,-63.434971,89.999939,-63.434807,0.043143,0.000000,-0.019414,-0.013733,-0.000000,-0.000000,
feedback,3.379740,1786414241271,9,Rx,50.000000,150.000000,0.006867,-49.993133,,,250.000397,-134.999725,480.000092,-90.000000,89.999969,-89.999916,250.000107,-134.999756,480.000336,-45.000042,89.999924,-44.999931,-0.029476,-0.029961,0.261251,-0.013733,-0.054932,-0.006866,
feedback,3.387231,1786414241279,9,Rx,50.000000,150.000000,-0.000000,-50.000000,,,250.000397,-134.999725,480.000092,-90.000000,89.999969,-89.999916,250.000504,-134.999802,480.000031,-90.000000,89.999969,-89.999916,0.115049,0.000000,-0.068790,-0.006866,0.006866,0.000000,
feedback,3.395313,1786414241288,9,Rx,50.000000,150.000000,0.020599,-49.979401,,,250.000397,-134.999725,480.000092,-90.000000,89.999969,-89.999916,250.000687,-134.999680,479.999695,-165.963806,89.999886,-165.963699,0.071905,-0.031638,-0.100428,-0.000000,0.027466,-0.020599,
feedback,3.403939,1786414241293,9,Rx,50.000000,150.000000,-0.006866,-50.006866,,,250.000397,-134.999725,480.000092,-90.000000,89.999969,-89.999916,250.000610,-134.999664,479.999390,-153.435059,89.999878,-153.434891,0.043856,0.029961,-0.199652,-0.000000,0.027466,0.006866,
feedback,3.411866,1786414241302,9,Rx,50.000000,150.000000,0.013733,-49.986267,,,250.000397,-134.999725,480.000092,-90.000000,89.999969,-89.999916,250.000397,-134.999680,479.999725,-161.565094,89.999916,-161.564987,0.028762,-0.021092,-0.029961,0.006866,0.006866,-0.013733,
feedback,3.420229,1786414241310,9,Rx,50.000000,150.000000,0.006866,-49.993134,,,250.000397,-134.999725,480.000092,-90.000000,89.999969,-89.999916,250.000153,-134.999756,479.999664,179.999924,89.999916,-179.999969,-0.071905,-0.010546,0.049375,-0.000000,-0.006866,-0.006866,
feedback,3.428207,1786414241319,9,Rx,50.000000,150.000000,0.027466,-49.972534,,,250.000397,-134.999725,480.000092,-90.000000,89.999969,-89.999916,250.000565,-134.999756,480.000031,-90.000000,89.999947,-89.999947,0.115410,-0.042184,-0.029243,-0.006866,0.006866,-0.027466,
feedback,3.436486,1786414241328,9,Rx,50.000000,150.000000,-0.000000,-50.000000,,,250.000397,-134.999725,480.000092,-90.000000,89.999969,-89.999916,250.000336,-134.999634,480.000061,-116.565071,89.999939,-116.564934,-0.026965,0.019414,0.019414,-0.000000,0.000000,0.000000,
feedback,3.444806,1786414241337,9,Rx,50.000000,150.000000,0.006866,-49.993134,,,250.000397,-134.999725,480.000092,-90.000000,89.999969,-89.999916,250.000549,-134.999878,479.999390,-153.435013,89.999878,-153.434937,0.142013,-0.029961,-0.088204,-0.013733,0.006866,-0.006866,
feedback,3.453262,1786414241346,9,Rx,50.000000,150.000000,0.000000,-50.000000,,,250.000397,-134.999725,480.000092,-90.000000,89.999969,-89.999916,250.000092,-134.999786,480.000031,-4.727185,90.000000,-4.727047,-0.003595,-0.038829,-0.029961,0.013733,0.006866,-0.000000,
feedback,3.461299,1786414241350,9,Rx,50.000000,150.000000,0.013733,-49.986267,,,250.000397,-134.999725,480.000092,-90.000000,89.999969,-89.999916,250.000275,-134.999802,479.999695,-165.963806,89.999886,-165.963730,0.044941,-0.001678,-0.081013,-0.006867,0.027466,-0.013733,
feedback,3.469212,1786414241358,9,Rx,50.000000,150.000000,-0.006866,-50.006866,,,250.000397,-134.999725,480.000092,-90.000000,89.999969,-89.999916,250.000214,-134.999664,480.000031,-153.435059,89.999939,-153.434891,-0.073342,-0.008868,0.048415,0.000000,0.006866,0.006866,
feedback,3.477387,1786414241367,9,Rx,50.000000,150.000000,0.000000,-50.000000,,,250.000397,-134.999725,480.000092,-90.000000,89.999969,-89.999916,249.999863,-134.999832,480.000427,-56.309967,89.999901,-56.309856,-0.089882,-0.038829,0.110974,-0.020599,-0.034332,-0.000000,
feedback,3.485672,1786414241375,9,Rx,50.000000,150.000000,0.006866,-49.993134,,,250.000397,-134.999725,480.000092,-90.000000,89.999969,-89.999916,249.999969,-134.999878,479.999634,-153.435013,89.999939,-153.434937,-0.060045,-0.029961,-0.110731,-0.000000,0.020599,-0.006866,
feedback,3.493727,1786414241384,9,Rx,50.000000,150.000000,0.006866,-49.993134,,,250.000397,-134.999725,480.000092,-90.000000,89.999969,-89.999916,250.000687,-134.999634,480.000061,-135.000046,89.999962,-134.999908,0.000361,-0.010546,0.039546,-0.006866,-0.000000,-0.006866,
feedback,3.501883,1786414241392,9,Rx,50.000000,150.000000,0.006866,-49.993134,,,250.000397,-134.999725,480.000092,-90.000000,89.999969,-89.999916,250.000198,-134.999954,479.999939,-164.435516,90.000000,-164.435440,0.053568,-0.049375,-0.078375,0.000000,0.000000,-0.006866,
feedback,3.510036,1786414241400,9,Rx,50.000000,150.000000,-0.006866,-50.006866,,,250.000397,-134.999725,480.000092,-90.000000,89.999969,-89.999916,250.000092,-134.999786,479.999512,179.999863,89.999916,-180.000000,-0.060045,-0.008868,-0.110731,0.006866,0.020599,0.006866,
feedback,3.518378,1786414241409,9,Rx,50.000000,150.000000,0.020599,-49.979401,,,250.000397,-134.999725,480.000092,-90.000000,89.999969,-89.999916,250.000153,-134.999878,479.999695,-153.435013,89.999939,-153.434937,-0.077298,-0.089882,-0.021092,0.006866,0.013733,-0.020599,
feedback,3.526816,1786414241417,9,Rx,50.000000,150.000000,-0.013733,-50.013733,,,250.000397,-134.999725,480.000092,-90.000000,89.999969,-89.999916,250.000107,-134.999634,480.000153,-45.000042,89.999962,-44.999905,-0.069746,0.040507,0.129428,0.013733,-0.020599,0.013733,
feedback,3.535146,1786414241425,9,Rx,50.000000,150.000000,0.006866,-49.993134,,,250.000397,-134.999725,480.000092,-90.000000,89.999969,-89.999916,250.000336,-134.999756,479.999542,-153.434952,89.999878,-153.434891,0.030198,0.008868,-0.080053,-0.013733,0.013733,-0.006866,
feedback,3.543064,1786414241434,9,Rx,50.000000,150.000000,-0.000000,-50.000000,,,250.000397,-134.999725,480.000092,-90.000000,89.999969,-89.999916,250.000214,-134.999756,480.000214,-45.000042,89.999962,-44.999931,0.043143,0.000000,-0.070467,-0.000000,0.020599,-0.000000,
feedback,3.551397,1786414241442,9,Rx,50.000000,150.000000,0.006866,-49.993134,,,250.000397,-134.999725,480.000092,-90.000000,89.999969,-89.999916,250.000046,-134.999710,480.000153,-45.000053,89.999962,-44.999916,-0.145247,-0.029961,0.199895,0.000000,-0.041199,-0.006866,
feedback,3.559818,1786414241451,9,Rx,50.000000,150.000000,-0.013733,-50.013733,,,250.000397,-134.999725,480.000092,-90.000000,89.999969,-89.999916,250.000336,-134.999512,479.999908,-135.000076,89.999962,-134.999863,0.030198,0.040507,-0.080053,-0.000000,0.013733,0.013733,
feedback,3.567775,1786414241460,9,Rx,50.000000,150.000000,-0.020599,-50.020599,,,250.000397,-134.999725,480.000092,-90.000000,89.999969,-89.999916,250.000397,-134.999512,479.999725,179.999832,89.999916,-179.999939,0.087722,0.051053,-0.191027,0.020599,0.048065,0.020599,
feedback,3.576876,1786414241469,9,Rx,50.000000,150.000000,0.000000,-50.000000,,,250.000397,-134.999725,480.000092,-90.000000,89.999969,-89.999916,250.000046,-134.999588,480.000092,-90.000000,89.999969,-89.999832,-0.026603,0.019414,0.110014,0.013733,-0.020599,-0.000000,
feedback,3.584462,1786414241473,9,Rx,50.000000,150.000000,0.020599,-49.979401,,,250.000397,-134.999725,480.000092,-90.000000,89.999969,-89.999916,249.999969,-134.999878,479.999969,-63.434967,89.999939,-63.434883,-0.018338,-0.070467,-0.029000,-0.006866,-0.006866,-0.020599,
feedback,3.592790,1786414241481,9,Rx,50.000000,150.000000,0.020599,-49.979401,,,250.000397,-134.999725,480.000092,-90.000000,89.999969,-89.999916,250.000275,-134.999802,479.999756,-135.000031,89.999962,-134.999939,0.011860,-0.051053,-0.109053,-0.006866,0.006866,-0.020599,
feedback,3.600615,1786414241490,9,Rx,50.000000,150.000000,0.000000,-50.000000,,,250.000397,-134.999725,480.000092,-90.000000,89.999969,-89.999916,250.000214,-134.999756,479.999542,-123.690094,89.999901,-123.689980,-0.099593,0.019414,-0.010303,-0.013733,-0.006866,0.000000,
feedback,3.608603,1786414241498,9,Rx,50.000000,150.000000,0.006866,-49.993134,,,250.000397,-134.999725,480.000092,-90.000000,89.999969,-89.999916,250.000259,-134.999832,479.999939,-143.720016,90.000000,-143.719910,-0.147767,-0.049375,0.080296,0.013733,-0.027466,-0.006866,
feedback,3.617101,1786414241507,9,Rx,50.000000,150.000000,0.006866,-49.993134,,,250.000397,-134.999725,480.000092,-90.000000,89.999969,-89.999916,249.999802,-135.000031,480.000275,-26.565096,89.999939,-26.565067,-0.001798,-0.029961,0.010546,-0.006866,-0.006866,-0.006866,
feedback,3.624894,1786414241515,9,Rx,50.000000,150.000000,-0.013733,-50.013733,,,250.000397,-134.999725,480.000092,-90.000000,89.999969,-89.999916,249.999878,-134.999512,480.000549,-18.435097,89.999916,-18.434877,-0.127271,0.040507,0.189349,0.006866,-0.034332,0.013733,
feedback,3.634383,1786414241523,9,Rx,50.000000,150.000000,-0.000000,-50.000000,,,250.000397,-134.999725,480.000092,-90.000000,89.999969,-89.999916,250.000275,-134.999664,479.999908,179.999863,89.999969,-179.999969,-0.057524,-0.000000,0.110974,0.006866,-0.034332,-0.000000,
feedback,3.641427,1786414241532,9,Rx,50.000000,150.000000,-0.013733,-50.013733,,,250.000397,-134.999725,480.000092,-90.000000,89.999969,-89.999916,249.999985,-134.999710,480.000092,-90.000000,89.999969,-89.999863,-0.111815,0.059921,0.059204,0.000000,-0.013733,0.013733,
feedback,3.650462,1786414241540,9,Rx,50.000000,150.000000,-0.013733,-50.013733,,,250.000397,-134.999725,480.000092,-90.000000,89.999969,-89.999916,250.000000,-134.999390,480.000214,-45.000084,89.999962,-44.999836,-0.127632,0.040506,0.098750,0.006866,-0.013733,0.013733,
feedback,3.658058,1786414241549,9,Rx,50.000000,150.000000,0.020599,-49.979401,,,250.000397,-134.999725,480.000092,-90.000000,89.999969,-89.999916,250.000320,-134.999954,480.000305,-63.434956,89.999939,-63.434925,0.087009,-0.031638,0.091316,-0.013733,-0.020599,-0.020599,
feedback,3.666597,1786414241557,9,Rx,50.000000,150.000000,0.013733,-49.986267,,,250.000397,-134.999725,480.000092,-90.000000,89.999969,-89.999916,250.000153,-134.999802,479.999817,179.999939,89.999916,-179.999969,-0.156756,-0.001678,0.038112,0.013733,0.000000,-0.013733,
feedback,3.674069,1786414241566,9,Rx,50.000000,150.000000,0.006866,-49.993134,,,250.000397,-134.999725,480.000092,-90.000000,89.999969,-89.999916,249.999863,-134.999756,480.000061,-0.000082,89.999969,0.000027,-0.072267,-0.010546,0.060881,0.006866,-0.027466,-0.006866,
feedback,3.682929,1786414241575,9,Rx,50.000000,150.000000,-0.013733,-50.013733,,,250.000397,-134.999725,480.000092,-90.000000,89.999969,-89.999916,250.000290,-134.999512,480.000031,-90.000000,89.999947,-89.999832,-0.054652,0.059921,-0.040264,-0.000000,0.000000,0.013733,
feedback,3.690500,1786414241579,9,Rx,50.000000,150.000000,0.020599,-49.979401,,,250.000397,-134.999725,480.000092,-90.000000,89.999969,-89.999916,250.000214,-134.999802,480.000061,-0.000055,89.999969,0.000027,-0.017976,-0.070467,0.010546,0.013733,-0.006866,-0.020599,
feedback,3.699051,1786414241588,9,Rx,50.000000,150.000000,0.006866,-49.993134,,,250.000397,-134.999725,480.000092,-90.000000,89.999969,-89.999916,250.000397,-134.999680,480.000092,-90.000000,89.999947,-89.999893,0.030921,0.008868,0.101145,-0.013733,-0.027466,-0.006866,
feedback,3.706624,1786414241597,9,Rx,50.000000,150.000000,-0.006866,-50.006866,,,250.000397,-134.999725,480.000092,-90.000000,89.999969,-89.999916,250.000336,-134.999634,480.000275,-26.565117,89.999939,-26.564980,0.014742,0.010546,0.050092,0.013733,-0.006866,0.006866,
feedback,3.715688,1786414241606,9,Rx,50.000000,150.000000,-0.006866,-50.006866,,,250.000397,-134.999725,480.000092,-90.000000,89.999969,-89.999916,250.000504,-134.999756,479.999664,-161.565125,89.999916,-161.565018,0.014381,0.010546,-0.040507,-0.006866,0.013733,0.006866,
feedback,3.723234,1786414241614,9,Rx,50.000000,150.000000,-0.013733,-50.013733,,,250.000397,-134.999725,480.000092,-90.000000,89.999969,-89.999916,250.000443,-134.999756,479.999969,179.999924,89.999969,-179.999969,0.131950,0.040507,0.010303,0.006866,0.006866,0.013733,
feedback,3.732422,1786414241623,9,Rx,50.000000,150.000000,-0.020599,-50.020599,,,250.000397,-134.999725,480.000092,-90.000000,89.999969,-89.999916,250.000626,-134.999588,479.999847,-123.690102,89.999901,-123.689934,0.071905,0.031638,-0.049375,-0.013733,0.006866,0.020599,
feedback,3.739546,1786414241632,9,Rx,50.000000,150.000000,0.006866,-49.993134,,,250.000397,-134.999725,480.000092,-90.000000,89.999969,-89.999916,250.000046,-134.999710,479.999939,-153.435043,89.999939,-153.434906,-0.145608,-0.029961,0.058243,-0.006866,-0.000000,-0.006866,
feedback,3.749248,1786414241641,9,Rx,50.000000,150.000000,0.006866,-49.993134,,,250.000397,-134.999725,480.000092,-90.000000,89.999969,-89.999916,250.000397,-134.999756,479.999939,-155.728546,90.000000,-155.728485,0.045302,0.008868,0.060639,0.006866,-0.013733,-0.006866,
feedback,3.757002,1786414241645,9,Rx,50.000000,150.000000,-0.006866,-50.006866,,,250.000397,-134.999725,480.000092,-90.000000,89.999969,-89.999916,250.000626,-134.999725,479.999512,-168.690094,89.999863,-168.690018,0.057524,0.010546,-0.110974,-0.006866,0.034332,0.006866,
feedback,3.765694,1786414241654,9,Rx,50.000000,150.000000,-0.027466,-50.027466,,,250.000397,-134.999725,480.000092,-90.000000,89.999969,-89.999916,250.000046,-134.999542,480.000458,-45.000069,89.999886,-44.999878,0.015104,0.042184,0.140692,-0.006866,-0.027466,0.027466,
feedback,3.772748,1786414241662,9,Rx,50.000000,150.000000,0.020599,-49.979401,,,250.000397,-134.999725,480.000092,-90.000000,89.999969,-89.999916,250.000229,-134.999802,480.000031,-90.000000,89.999969,-89.999969,-0.032357,-0.070467,0.000000,0.000000,-0.000000,-0.020599,
feedback,3.781965,1786414241670,9,Rx,50.000000,150.000000,-0.013733,-50.013733,,,250.000397,-134.999725,480.000092,-90.000000,89.999969,-89.999916,250.000565,-134.999756,479.999847,-123.690094,89.999901,-123.689980,0.101029,0.021092,0.011263,-0.006866,-0.006866,0.013733,
feedback,3.789059,1786414241679,9,Rx,50.000000,150.000000,0.013733,-49.986267,,,250.000397,-134.999725,480.000092,-90.000000,89.999969,-89.999916,250.000153,-134.999878,480.000031,-37.925682,90.000000,-37.925655,-0.057886,-0.021092,0.020375,0.013733,-0.013733,-0.013733,
feedback,3.798513,1786414241687,9,Rx,50.000000,150.000000,0.020599,-49.979401,,,250.000397,-134.999725,480.000092,-90.000000,89.999969,-89.999916,250.000214,-134.999954,479.999908,-116.565056,89.999939,-116.565025,0.012222,-0.051053,-0.069507,-0.013733,0.006866,-0.020599,
feedback,3.805195,1786414241696,9,Rx,50.000000,150.000000,-0.000000,-50.000000,,,250.000397,-134.999725,480.000092,-90.000000,89.999969,-89.999916,250.000214,-134.999802,479.999695,-135.000031,89.999924,-134.999939,0.028039,0.000000,-0.160106,-0.000000,0.027466,0.000000,
feedback,3.813594,1786414241704,9,Rx,50.000000,150.000000,0.013733,-49.986267,,,250.000397,-134.999725,480.000092,-90.000000,89.999969,-89.999916,250.000275,-134.999832,480.000275,-26.565073,89.999939,-26.565018,-0.043143,-0.021092,0.070467,-0.006866,-0.020599,-0.013733,
feedback,3.821698,1786414241712,9,Rx,50.000000,150.000000,0.006866,-49.993134,,,250.000397,-134.999725,480.000092,-90.000000,89.999969,-89.999916,249.999863,-134.999878,480.000092,-0.000082,89.999947,-0.000000,-0.102465,-0.029961,0.089882,0.013733,-0.020599,-0.006866,
feedback,3.829591,1786414241721,9,Rx,50.000000,150.000000,-0.006866,-50.006866,,,250.000397,-134.999725,480.000092,-90.000000,89.999969,-89.999916,250.000565,-134.999588,479.999146,-161.565155,89.999825,-161.564987,0.101380,0.029961,-0.259573,-0.000000,0.041199,0.006866,
feedback,3.837839,1786414241729,9,Rx,50.000000,150.000000,-0.006866,-50.006866,,,250.000397,-134.999725,480.000092,-90.000000,89.999969,-89.999916,250.000504,-134.999756,479.999664,-146.309982,89.999901,-146.309875,0.055726,-0.008868,-0.100428,-0.006866,0.027466,0.006866,
feedback,3.846584,1786414241738,9,Rx,50.000000,150.000000,-0.020599,-50.020599,,,250.000397,-134.999725,480.000092,-90.000000,89.999969,-89.999916,249.999939,-134.999542,480.000000,-153.435059,89.999939,-153.434860,-0.082330,0.070467,0.108336,0.006866,-0.006866,0.020599,
feedback,3.854139,1786414241747,9,Rx,50.000000,150.000000,-0.006866,-50.006866,,,250.000397,-134.999725,480.000092,-90.000000,89.999969,-89.999916,250.000275,-134.999710,479.999908,-116.565071,89.999939,-116.564934,0.057163,0.010546,-0.099467,-0.013733,0.013733,0.006866,
feedback,3.862488,1786414241755,9,Rx,50.000000,150.000000,-0.013733,-50.013733,,,250.000397,-134.999725,480.000092,-90.000000,89.999969,-89.999916,250.000977,-134.999634,479.999512,-168.690140,89.999863,-168.690002,0.161074,0.040507,0.070941,0.000000,-0.006866,0.013733,
feedback,3.871147,1786414241763,9,Rx,50.000000,150.000000,-0.020599,-50.020599,,,250.000397,-134.999725,480.000092,-90.000000,89.999969,-89.999916,250.000504,-134.999542,479.999969,-135.000061,89.999962,-134.999878,0.043143,0.031638,-0.019414,-0.006866,-0.000000,0.020599,
feedback,3.879176,1786414241772,9,Rx,50.000000,150.000000,0.006866,-49.993134,,,250.000397,-134.999725,480.000092,-90.000000,89.999969,-89.999916,250.000336,-134.999756,480.000092,-90.000000,89.999969,-89.999893,0.072628,-0.010546,0.029718,-0.000000,0.006866,-0.006866,
feedback,3.887516,1786414241776,9,Rx,50.000000,150.000000,-0.006866,-50.006866,,,250.000397,-134.999725,480.000092,-90.000000,89.999969,-89.999916,249.999527,-134.999710,480.000427,-14.036346,89.999886,-14.036209,-0.202058,0.010546,0.079578,0.000000,-0.027466,0.006866,
feedback,3.895361,1786414241784,9,Rx,50.000000,150.000000,-0.027466,-50.027466,,,250.000397,-134.999725,480.000092,-90.000000,89.999969,-89.999916,250.000381,-134.999710,479.999634,-135.000061,89.999924,-134.999924,-0.000000,0.042184,0.000000,0.006866,0.000000,0.027466,
feedback,3.903565,1786414241793,9,Rx,50.000000,150.000000,0.013733,-49.986267,,,250.000397,-134.999725,480.000092,-90.000000,89.999969,-89.999916,250.000092,-134.999741,479.999847,-90.000000,89.999969,-89.999832,-0.047461,-0.059921,-0.038586,0.000000,-0.013733,-0.013733,
feedback,3.912419,1786414241801,9,Rx,50.000000,150.000000,-0.020599,-50.020599,,,250.000397,-134.999725,480.000092,-90.000000,89.999969,-89.999916,250.000168,-134.999634,479.999969,134.999954,89.999962,135.000092,0.001798,0.051053,-0.010546,0.013733,0.006866,0.020599,
feedback,3.920078,1786414241810,9,Rx,50.000000,150.000000,0.013733,-49.986267,,,250.000397,-134.999725,480.000092,-90.000000,89.999969,-89.999916,250.000443,-134.999954,479.999451,170.537659,89.999832,170.537674,0.014381,-0.021092,-0.040507,0.006866,0.013733,-0.013733,
feedback,3.928254,1786414241818,9,Rx,50.000000,150.000000,-0.020599,-50.020599,,,250.000397,-134.999725,480.000092,-90.000000,89.999969,-89.999916,250.000092,-134.999710,479.999817,179.999893,89.999969,-179.999969,0.001075,0.051053,-0.089639,0.000000,0.006866,0.020599,
feedback,3.936318,1786414241827,9,Rx,50.000000,150.000000,-0.000000,-50.000000,,,250.000397,-134.999725,480.000092,-90.000000,89.999969,-89.999916,250.000336,-134.999756,479.999725,-146.309982,89.999901,-146.309875,0.001798,0.019414,-0.010546,-0.006866,0.006866,0.000000,
feedback,3.945111,1786414241835,9,Rx,50.000000,150.000000,0.013733,-49.986267,,,250.000397,-134.999725,480.000092,-90.000000,89.999969,-89.999916,249.999863,-134.999878,480.000610,-11.310012,89.999863,-11.309929,-0.103540,-0.059921,0.230573,0.000000,-0.048065,-0.013733,
feedback,3.952640,1786414241843,9,Rx,50.000000,150.000000,0.034332,-49.965668,,,250.000397,-134.999725,480.000092,-90.000000,89.999969,-89.999916,250.000107,-134.999832,479.999969,-135.000015,89.999962,-134.999954,-0.086648,-0.052731,-0.000717,0.006866,0.000000,-0.034332,
feedback,3.961454,1786414241852,9,Rx,50.000000,150.000000,-0.000000,-50.000000,,,250.000397,-134.999725,480.000092,-90.000000,89.999969,-89.999916,250.000854,-134.999634,479.999207,-168.690140,89.999718,-168.690002,0.130152,0.000000,-0.081257,-0.000000,0.041199,-0.000000,
feedback,3.969021,1786414241860,9,Rx,50.000000,150.000000,0.027466,-49.972534,,,250.000397,-134.999725,480.000092,-90.000000,89.999969,-89.999916,249.999924,-134.999802,480.000427,-26.565096,89.999939,-26.565012,-0.059322,-0.061599,0.019414,-0.013733,-0.000000,-0.027466,
feedback,3.978330,1786414241868,9,Rx,50.000000,150.000000,-0.027466,-50.027466,,,250.000397,-134.999725,480.000092,-90.000000,89.999969,-89.999916,250.000381,-134.999664,480.000153,-71.565063,89.999916,-71.564903,-0.016540,0.022770,-0.039546,-0.006866,-0.000000,0.027466,
feedback,3.985217,1786414241877,9,Rx,50.000000,150.000000,-0.006866,-50.006866,,,250.000397,-134.999725,480.000092,-90.000000,89.999969,-89.999916,249.999878,-134.999634,480.000366,-45.000042,89.999886,-44.999905,-0.098870,0.029960,0.119842,0.000000,-0.027466,0.006866,
feedback,3.994286,1786414241885,9,Rx,50.000000,150.000000,-0.020599,-50.020599,,,250.000397,-134.999725,480.000092,-90.000000,89.999969,-89.999916,249.999878,-134.999725,480.000366,-18.434973,89.999916,-18.434891,-0.097434,0.070467,0.069750,0.000000,-0.020599,0.020599,
feedback,4.001771,1786414241894,9,Rx,50.000000,150.000000,0.013733,-49.986267,,,250.000397,-134.999725,480.000092,-90.000000,89.999969,-89.999916,250.000259,-134.999908,479.999939,-90.000000,89.999969,-89.999947,-0.017976,-0.059921,0.010546,0.006866,-0.006866,-0.013733,
feedback,4.009820,1786414241902,9,Rx,50.000000,150.000000,0.006866,-49.993134,,,250.000397,-134.999725,480.000092,-90.000000,89.999969,-89.999916,249.999878,-134.999634,480.000183,-90.000000,89.999969,-89.999863,-0.099231,0.008868,-0.021810,-0.000000,0.013733,-0.006866,
feedback,4.017886,1786414241907,9,Rx,50.000000,150.000000,0.000000,-50.000000,,,250.000397,-134.999725,480.000092,-90.000000,89.999969,-89.999916,250.000046,-134.999634,479.999939,-90.000000,89.999969,-89.999863,0.042782,0.000000,-0.058961,0.000000,-0.000000,0.000000,
feedback,4.026827,1786414241916,9,Rx,50.000000,150.000000,-0.006866,-50.006866,,,250.000397,-134.999725,480.000092,-90.000000,89.999969,-89.999916,250.000046,-134.999725,480.000092,-90.000000,89.999969,-89.999916,-0.127994,0.029960,0.059204,0.000000,-0.013733,0.006866,
feedback,4.034583,1786414241925,9,Rx,50.000000,150.000000,-0.013733,-50.013733,,,250.000397,-134.999725,480.000092,-90.000000,89.999969,-89.999916,249.999985,-134.999832,480.000336,-36.869968,89.999863,-36.869858,-0.102465,0.001678,0.140935,-0.006866,-0.041199,0.013733,
feedback,4.042729,1786414241934,9,Rx,50.000000,150.000000,-0.013733,-50.013733,,,250.000397,-134.999725,480.000092,-90.000000,89.999969,-89.999916,250.000565,-134.999710,479.999329,-149.036331,89.999840,-149.036194,0.015817,0.040507,-0.090599,0.000000,0.020599,0.013733,
feedback,4.051248,1786414241942,9,Rx,50.000000,150.000000,-0.006866,-50.006866,,,250.000397,-134.999725,480.000092,-90.000000,89.999969,-89.999916,250.000381,-134.999756,479.999573,-158.198654,89.999855,-158.198547,0.145608,0.029961,-0.160349,0.013733,0.041199,0.006866,
feedback,4.059682,1786414241951,9,Rx,50.000000,150.000000,0.013733,-49.986267,,,250.000397,-134.999725,480.000092,-90.000000,89.999969,-89.999916,250.000381,-134.999756,479.999939,-153.435013,89.999939,-153.434906,0.156756,-0.040507,-0.089165,-0.000000,0.020599,-0.013733,
feedback,4.067747,1786414241960,9,Rx,50.000000,150.000000,0.020599,-49.979401,,,250.000397,-134.999725,480.000092,-90.000000,89.999969,-89.999916,250.000214,-134.999802,480.000214,-45.000027,89.999962,-44.999947,-0.087723,-0.051053,0.139974,-0.006866,-0.027466,-0.020599,
feedback,4.076484,1786414241964,9,Rx,50.000000,150.000000,0.020599,-49.979401,,,250.000397,-134.999725,480.000092,-90.000000,89.999969,-89.999916,250.000916,-134.999878,479.999878,-153.434952,89.999939,-153.434921,0.144895,-0.031638,0.070941,0.006866,-0.006866,-0.020599,
feedback,4.084003,1786414241972,9,Rx,50.000000,150.000000,-0.006866,-50.006866,,,250.000397,-134.999725,480.000092,-90.000000,89.999969,-89.999916,250.000320,-134.999954,480.000153,-135.000061,89.999962,-134.999969,-0.005031,-0.047697,0.020132,-0.006866,-0.000000,0.006866,
feedback,4.091848,1786414241981,9,Rx,50.000000,150.000000,-0.027466,-50.027466,,,250.000397,-134.999725,480.000092,-90.000000,89.999969,-89.999916,250.000275,-134.999710,479.999908,179.999893,89.999969,-179.999969,0.118644,0.081013,-0.038829,0.000000,-0.000000,0.027466,
feedback,4.101182,1786414241989,9,Rx,50.000000,150.000000,-0.000000,-50.000000,,,250.000397,-134.999725,480.000092,-90.000000,89.999969,-89.999916,250.000336,-134.999634,480.000061,-116.565071,89.999939,-116.564934,0.016902,0.019414,0.079093,-0.000000,-0.000000,0.000000,
feedback,4.107898,1786414241998,9,Rx,50.000000,150.000000,0.013733,-49.986267,,,250.000397,-134.999725,480.000092,-90.000000,89.999969,-89.999916,250.000504,-134.999634,479.999451,-153.435013,89.999878,-153.434875,0.231533,-0.001678,-0.289777,-0.000000,0.061798,-0.013733,
feedback,4.116781,1786414242006,9,Rx,50.000000,150.000000,-0.000000,-50.000000,,,250.000397,-134.999725,480.000092,-90.000000,89.999969,-89.999916,250.000565,-134.999634,479.999512,-161.565125,89.999916,-161.564987,0.145246,0.019415,-0.199895,0.013733,0.041199,-0.000000,
feedback,4.124287,1786414242015,9,Rx,50.000000,150.000000,-0.000000,-50.000000,,,250.000397,-134.999725,480.000092,-90.000000,89.999969,-89.999916,250.000870,-134.999512,479.999786,-123.690094,89.999901,-123.689926,0.159989,0.019415,-0.149803,-0.013733,0.034332,0.000000,
feedback,4.133178,1786414242023,9,Rx,50.000000,150.000000,-0.013733,-50.013733,,,250.000397,-134.999725,480.000092,-90.000000,89.999969,-89.999916,250.000687,-134.999588,480.000061,179.999893,89.999969,-179.999939,0.175093,0.040507,-0.111217,0.013733,0.048065,0.013733,
feedback,4.140569,1786414242031,9,Rx,50.000000,150.000000,-0.006866,-50.006866,,,250.000397,-134.999725,480.000092,-90.000000,89.999969,-89.999916,250.000854,-134.999756,479.999664,-161.565125,89.999916,-161.565018,0.071905,0.010546,-0.049375,0.006866,0.006866,0.006866,
feedback,4.149954,1786414242040,9,Rx,50.000000,150.000000,-0.000000,-50.000000,,,250.000397,-134.999725,480.000092,-90.000000,89.999969,-89.999916,250.000092,-134.999664,480.000031,-0.000137,89.999947,0.000027,-0.128355,0.019414,0.019657,0.006866,-0.013733,0.000000,
feedback,4.156785,1786414242048,9,Rx,50.000000,150.000000,-0.006866,-50.006866,,,250.000397,-134.999725,480.000092,-90.000000,89.999969,-89.999916,250.000275,-134.999680,479.999695,-153.434998,89.999939,-153.434875,-0.056088,0.029961,0.009829,-0.006866,-0.006866,0.006866,
feedback,4.166052,1786414242057,9,Rx,50.000000,150.000000,-0.013733,-50.013733,,,250.000397,-134.999725,480.000092,-90.000000,89.999969,-89.999916,250.000107,-134.999756,479.999969,-135.000046,89.999962,-134.999924,0.014020,0.021092,-0.131106,0.006866,0.034332,0.013733,
feedback,4.173385,1786414242065,9,Rx,50.000000,150.000000,0.027466,-49.972534,,,250.000397,-134.999725,480.000092,-90.000000,89.999969,-89.999916,250.000381,-134.999802,479.999786,-135.000031,89.999924,-134.999939,-0.062917,-0.100428,-0.010546,-0.006866,0.006866,-0.027466,
feedback,4.182352,1786414242073,9,Rx,50.000000,150.000000,0.006866,-49.993134,,,250.000397,-134.999725,480.000092,-90.000000,89.999969,-89.999916,250.000092,-134.999832,479.999817,-116.565056,89.999939,-116.565002,-0.086286,-0.010546,0.089882,-0.013733,-0.020599,-0.006866,
feedback,4.189943,1786414242082,9,Rx,50.000000,150.000000,-0.013733,-50.013733,,,250.000397,-134.999725,480.000092,-90.000000,89.999969,-89.999916,250.000259,-134.999878,479.999725,-161.565125,89.999916,-161.565048,0.014743,0.021092,0.050092,0.000000,-0.006866,0.013733,
feedback,4.198734,1786414242090,9,Rx,50.000000,150.000000,-0.006866,-50.006866,,,250.000397,-134.999725,480.000092,-90.000000,89.999969,-89.999916,250.000626,-134.999832,479.999908,-116.565056,89.999939,-116.565002,0.000362,0.010546,0.141652,0.000000,-0.041199,0.006866,
feedback,4.206107,1786414242098,9,Rx,50.000000,150.000000,0.020599,-49.979401,,,250.000397,-134.999725,480.000092,-90.000000,89.999969,-89.999916,250.000092,-134.999954,479.999664,-161.565079,89.999916,-161.565048,-0.088807,-0.051053,-0.080770,-0.006866,0.013733,-0.020599,
feedback,4.214317,1786414242107,9,Rx,50.000000,150.000000,0.006866,-49.993134,,,250.000397,-134.999725,480.000092,-90.000000,89.999969,-89.999916,250.000336,-134.999680,479.999542,-165.963806,89.999886,-165.963699,-0.012945,0.008868,-0.060638,-0.000000,0.013733,-0.006866,
feedback,4.222572,1786414242115,9,Rx,50.000000,150.000000,-0.006866,-50.006866,,,250.000397,-134.999725,480.000092,-90.000000,89.999969,-89.999916,250.000336,-134.999588,480.000061,-135.000061,89.999962,-134.999893,0.002159,0.029961,0.029000,-0.006866,0.006866,0.006866,
feedback,4.231840,1786414242123,9,Rx,50.000000,150.000000,0.000000,-50.000000,,,250.000397,-134.999725,480.000092,-90.000000,89.999969,-89.999916,250.000336,-134.999756,479.999939,-90.000000,89.999969,-89.999893,0.014020,0.000000,-0.029000,0.006866,-0.006866,-0.000000,
feedback,4.238861,1786414242128,9,Rx,50.000000,150.000000,-0.006866,-50.006866,,,250.000397,-134.999725,480.000092,-90.000000,89.999969,-89.999916,249.999924,-134.999710,480.000092,-45.000053,89.999924,-44.999916,-0.101029,0.010546,0.039789,-0.006866,-0.013733,0.006866,
feedback,4.247995,1786414242136,9,Rx,50.000000,150.000000,-0.006866,-50.006866,,,250.000397,-134.999725,480.000092,-90.000000,89.999969,-89.999916,250.000626,-134.999802,479.999908,-135.000031,89.999962,-134.999939,0.147767,0.049375,-0.029243,0.006866,0.006866,0.006866,
feedback,4.255630,1786414242145,9,Rx,50.000000,150.000000,-0.006866,-50.006866,,,250.000397,-134.999725,480.000092,-90.000000,89.999969,-89.999916,250.000626,-134.999588,480.000031,-135.000061,89.999924,-134.999893,0.088807,0.029961,0.080770,-0.006866,-0.013733,0.006866,
feedback,4.263681,1786414242153,9,Rx,50.000000,150.000000,-0.000000,-50.000000,,,250.000397,-134.999725,480.000092,-90.000000,89.999969,-89.999916,250.000275,-134.999664,480.000427,-0.000137,89.999947,0.000027,-0.029476,-0.019414,0.210198,0.006866,-0.034332,0.000000,
feedback,4.271384,1786414242161,9,Rx,50.000000,150.000000,0.027466,-49.972534,,,250.000397,-134.999725,480.000092,-90.000000,89.999969,-89.999916,250.000259,-134.999954,479.999725,-161.565079,89.999916,-161.565048,-0.102827,-0.061599,-0.000717,-0.006866,-0.000000,-0.027466,
feedback,4.281163,1786414242170,9,Rx,50.000000,150.000000,-0.013733,-50.013733,,,250.000397,-134.999725,480.000092,-90.000000,89.999969,-89.999916,249.999939,-134.999542,480.000366,-63.434975,89.999939,-63.434784,-0.085564,0.021092,0.168974,-0.013733,-0.020599,0.013733,
feedback,4.287949,1786414242178,9,Rx,50.000000,150.000000,0.013733,-49.986267,,,250.000397,-134.999725,480.000092,-90.000000,89.999969,-89.999916,250.000092,-134.999710,479.999817,179.999893,89.999969,-179.999969,0.013297,-0.021092,-0.159146,0.020599,0.013733,-0.013733,
feedback,4.295944,1786414242187,9,Rx,50.000000,150.000000,0.034332,-49.965668,,,250.000397,-134.999725,480.000092,-90.000000,89.999969,-89.999916,250.000275,-134.999756,480.000061,134.999954,89.999962,135.000061,-0.027678,-0.052731,0.199652,0.013733,-0.027466,-0.034332,
feedback,4.304022,1786414242195,9,Rx,50.000000,150.000000,-0.006866,-50.006866,,,250.000397,-134.999725,480.000092,-90.000000,89.999969,-89.999916,250.000153,-134.999710,479.999664,-161.565155,89.999916,-161.565018,-0.071905,0.010546,0.049375,0.013733,-0.006866,0.006866,
feedback,4.312460,1786414242204,9,Rx,50.000000,150.000000,-0.006866,-50.006866,,,250.000397,-134.999725,480.000092,-90.000000,89.999969,-89.999916,250.000275,-134.999634,480.000061,-135.000076,89.999962,-134.999893,-0.085925,0.010546,0.129428,0.000000,-0.020599,0.006866,
feedback,4.320407,1786414242212,9,Rx,50.000000,150.000000,-0.020599,-50.020599,,,250.000397,-134.999725,480.000092,-90.000000,89.999969,-89.999916,250.000565,-134.999634,479.999817,-161.565125,89.999916,-161.564987,0.032719,0.070467,0.039546,0.006866,0.000000,0.020599,
feedback,4.328428,1786414242220,9,Rx,50.000000,150.000000,0.000000,-50.000000,,,250.000397,-134.999725,480.000092,-90.000000,89.999969,-89.999916,249.999924,-134.999832,480.000458,-18.435047,89.999916,-18.434938,-0.101743,-0.019414,0.168974,-0.000000,-0.020599,-0.000000,
feedback,4.336687,1786414242229,9,Rx,50.000000,150.000000,-0.000000,-50.000000,,,250.000397,-134.999725,480.000092,-90.000000,89.999969,-89.999916,250.000275,-134.999802,479.999756,134.999969,89.999962,135.000061,-0.055727,0.019414,0.100428,0.006866,-0.027466,-0.000000,
feedback,4.345030,1786414242237,9,Rx,50.000000,150.000000,-0.006866,-50.006866,,,250.000397,-134.999725,480.000092,-90.000000,89.999969,-89.999916,250.000671,-134.999710,479.999756,179.999893,89.999916,-179.999969,0.068310,-0.028283,-0.079336,-0.006866,0.013733,0.006866,
feedback,4.353043,1786414242246,9,Rx,50.000000,150.000000,0.013733,-49.986267,,,250.000397,-134.999725,480.000092,-90.000000,89.999969,-89.999916,250.000336,-134.999802,479.999725,-161.565094,89.999916,-161.565018,0.014020,-0.021092,-0.080053,-0.000000,0.013733,-0.013733,
feedback,4.361186,1786414242254,9,Rx,50.000000,150.000000,-0.006866,-50.006866,,,250.000397,-134.999725,480.000092,-90.000000,89.999969,-89.999916,250.000168,-134.999634,479.999817,179.999924,89.999969,-179.999939,-0.083053,0.049375,0.029243,0.006866,-0.006866,0.006866,
feedback,4.369617,1786414242258,9,Rx,50.000000,150.000000,0.006866,-49.993134,,,250.000397,-134.999725,480.000092,-90.000000,89.999969,-89.999916,250.000443,-134.999756,479.999817,179.999924,89.999969,-179.999969,0.070469,-0.029961,0.000717,-0.000000,0.000000,-0.006866,
feedback,4.377850,1786414242267,9,Rx,50.000000,150.000000,0.000000,-50.000000,,,250.000397,-134.999725,480.000092,-90.000000,89.999969,-89.999916,250.000214,-134.999664,480.000061,-45.000069,89.999962,-44.999905,-0.129430,-0.000000,0.160349,0.000000,-0.041199,0.000000,
feedback,4.386083,1786414242276,9,Rx,50.000000,150.000000,0.013733,-49.986267,,,250.000397,-134.999725,480.000092,-90.000000,89.999969,-89.999916,250.000381,-134.999802,480.000000,44.999973,89.999962,45.000053,-0.057163,-0.021092,0.150520,0.006866,-0.034332,-0.013733,
feedback,4.394535,1786414242284,9,Rx,50.000000,150.000000,-0.000000,-50.000000,,,250.000397,-134.999725,480.000092,-90.000000,89.999969,-89.999916,250.000549,-134.999786,479.999390,-153.435059,89.999878,-153.434921,0.038825,-0.038829,-0.179521,0.006866,0.027466,-0.000000,
feedback,4.402389,1786414242293,9,Rx,50.000000,150.000000,0.034332,-49.965668,,,250.000397,-134.999725,480.000092,-90.000000,89.999969,-89.999916,250.000320,-134.999832,479.999634,-153.435043,89.999939,-153.434921,-0.061119,-0.091560,0.081013,-0.000000,-0.027466,-0.034332,
feedback,4.410642,1786414242301,9,Rx,50.000000,150.000000,0.000000,-50.000000,,,250.000397,-134.999725,480.000092,-90.000000,89.999969,-89.999916,249.999985,-134.999832,480.000153,-63.434971,89.999939,-63.434860,-0.070108,0.019414,0.089882,0.000000,-0.020599,-0.000000,
feedback,4.419192,1786414242310,9,Rx,50.000000,150.000000,-0.027466,-50.027466,,,250.000397,-134.999725,480.000092,-90.000000,89.999969,-89.999916,250.000320,-134.999741,480.000153,-63.434982,89.999939,-63.434818,0.030560,0.061599,-0.040507,-0.020599,0.013733,0.027466,
feedback,4.427599,1786414242319,9,Rx,50.000000,150.000000,-0.013733,-50.013733,,,250.000397,-134.999725,480.000092,-90.000000,89.999969,-89.999916,250.000275,-134.999664,480.000275,-45.000069,89.999924,-44.999905,-0.085925,0.021092,0.180481,-0.006866,-0.041199,0.013733,
feedback,4.435587,1786414242327,9,Rx,50.000000,150.000000,-0.034332,-50.034332,,,250.000397,-134.999725,480.000092,-90.000000,89.999969,-89.999916,250.000275,-134.999588,479.999542,-165.963943,89.999886,-165.963715,0.013658,0.052731,-0.170652,-0.006866,0.034332,0.034332,
feedback,4.443670,1786414242336,9,Rx,50.000000,150.000000,-0.006866,-50.006866,,,250.000397,-134.999725,480.000092,-90.000000,89.999969,-89.999916,250.000443,-134.999741,479.999817,-146.310043,89.999901,-146.309875,0.058247,0.010546,0.019171,-0.013733,0.013733,0.006866,
feedback,4.452190,1786414242344,9,Rx,50.000000,150.000000,0.006866,-49.993134,,,250.000397,-134.999725,480.000092,-90.000000,89.999969,-89.999916,250.000397,-134.999634,480.000275,-90.000000,89.999947,-89.999863,-0.054642,0.008868,0.270120,0.000000,-0.048065,-0.006866,
feedback,4.460485,1786414242349,9,Rx,50.000000,150.000000,0.000000,-50.000000,,,250.000397,-134.999725,480.000092,-90.000000,89.999969,-89.999916,250.000229,-134.999634,480.000031,-90.000000,89.999947,-89.999863,-0.043866,-0.000000,-0.059678,0.000000,-0.000000,-0.000000,
feedback,4.467957,1786414242357,9,Rx,50.000000,150.000000,0.027466,-49.972534,,,250.000397,-134.999725,480.000092,-90.000000,89.999969,-89.999916,250.000153,-134.999756,480.000031,90.000000,89.999969,90.000107,-0.073703,-0.061599,0.110974,0.013733,-0.034332,-0.027466,
feedback,4.476600,1786414242365,9,Rx,50.000000,150.000000,0.006866,-49.993134,,,250.000397,-134.999725,480.000092,-90.000000,89.999969,-89.999916,250.000153,-134.999786,480.000214,-63.434975,89.999939,-63.434837,-0.119367,-0.049375,-0.091316,0.006866,0.020599,-0.006866,
feedback,4.484400,1786414242374,9,Rx,50.000000,150.000000,0.006866,-49.993134,,,250.000397,-134.999725,480.000092,-90.000000,89.999969,-89.999916,250.000168,-134.999634,480.000336,-0.000082,89.999947,0.000055,0.045664,0.008868,0.100185,0.006866,-0.013733,-0.006866,
feedback,4.493559,1786414242383,9,Rx,50.000000,150.000000,-0.006866,-50.006866,,,250.000397,-134.999725,480.000092,-90.000000,89.999969,-89.999916,250.000443,-134.999756,479.999634,179.999924,89.999893,-179.999969,0.088445,0.029961,-0.009829,-0.006866,0.006866,0.006866,
feedback,4.500725,1786414242391,9,Rx,50.000000,150.000000,-0.000000,-50.000000,,,250.000397,-134.999725,480.000092,-90.000000,89.999969,-89.999916,250.000153,-134.999832,480.000061,-45.000053,89.999962,-44.999947,0.154235,-0.038829,-0.208764,-0.000000,0.034332,-0.000000,
feedback,4.509228,1786414242399,9,Rx,50.000000,150.000000,0.027466,-49.972534,,,250.000397,-134.999725,480.000092,-90.000000,89.999969,-89.999916,250.000214,-134.999878,480.000366,-45.000000,89.999962,-44.999973,0.072628,-0.042184,0.029718,0.000000,0.006866,-0.027466,
feedback,4.517031,1786414242408,9,Rx,50.000000,150.000000,-0.034332,-50.034332,,,250.000397,-134.999725,480.000092,-90.000000,89.999969,-89.999916,250.000275,-134.999542,480.000275,-0.000220,89.999947,0.000027,0.029846,0.052731,0.190784,0.006866,-0.034332,0.034332,
feedback,4.525246,1786414242416,9,Rx,50.000000,150.000000,0.013733,-49.986267,,,250.000397,-134.999725,480.000092,-90.000000,89.999969,-89.999916,250.000046,-134.999756,479.999786,-153.435013,89.999939,-153.434906,-0.131589,-0.040507,0.029243,0.013733,-0.006866,-0.013733,
feedback,4.533318,1786414242425,9,Rx,50.000000,150.000000,-0.013733,-50.013733,,,250.000397,-134.999725,480.000092,-90.000000,89.999969,-89.999916,250.000275,-134.999710,480.000427,-26.565140,89.999939,-26.565002,0.058247,0.021092,0.070224,-0.006866,-0.006866,0.013733,
feedback,4.542865,1786414242434,9,Rx,50.000000,150.000000,0.006866,-49.993134,,,250.000397,-134.999725,480.000092,-90.000000,89.999969,-89.999916,249.999695,-134.999832,480.000183,-45.000053,89.999924,-44.999947,-0.203855,-0.029961,0.039072,-0.006866,-0.013733,-0.006866,
feedback,4.549923,1786414242438,9,Rx,50.000000,150.000000,-0.006866,-50.006866,,,250.000397,-134.999725,480.000092,-90.000000,89.999969,-89.999916,250.000153,-134.999786,479.999847,179.999863,89.999947,-180.000000,0.115410,0.010546,-0.080296,0.013733,0.027466,0.006866,
feedback,4.558070,1786414242447,9,Rx,50.000000,150.000000,-0.027466,-50.027466,,,250.000397,-134.999725,480.000092,-90.000000,89.999969,-89.999916,250.000397,-134.999542,480.000092,-90.000000,89.999969,-89.999809,0.104985,0.081014,0.080770,0.000000,-0.013733,0.027466,
feedback,4.566678,1786414242456,9,Rx,50.000000,150.000000,-0.027466,-50.027466,,,250.000397,-134.999725,480.000092,-90.000000,89.999969,-89.999916,250.000626,-134.999512,479.999847,179.999832,89.999947,-179.999939,0.129791,0.042185,-0.069750,0.013733,0.020599,0.027466,
feedback,4.575185,1786414242464,9,Rx,50.000000,150.000000,0.006866,-49.993134,,,250.000397,-134.999725,480.000092,-90.000000,89.999969,-89.999916,250.000336,-134.999802,480.000092,-90.000084,90.000000,-90.000000,0.070469,-0.029961,0.000717,0.000000,-0.000000,-0.006866,
feedback,4.582657,1786414242473,9,Rx,50.000000,150.000000,0.006866,-49.993134,,,250.000397,-134.999725,480.000092,-90.000000,89.999969,-89.999916,250.000549,-134.999908,479.999695,-165.963806,89.999886,-165.963760,0.070469,-0.029961,-0.050336,-0.013733,0.020599,-0.006866,
feedback,4.591115,1786414242482,9,Rx,50.000000,150.000000,-0.013733,-50.013733,,,250.000397,-134.999725,480.000092,-90.000000,89.999969,-89.999916,249.999985,-134.999878,480.000153,-45.000042,89.999962,-44.999958,-0.032357,-0.017737,-0.000000,-0.006866,-0.000000,0.013733,
feedback,4.598642,1786414242490,9,Rx,50.000000,150.000000,-0.006866,-50.006866,,,250.000397,-134.999725,480.000092,-90.000000,89.999969,-89.999916,250.000381,-134.999756,480.000153,-45.000042,89.999962,-44.999931,0.030921,0.029961,0.050092,0.013733,-0.006866,0.006866,
feedback,4.606958,1786414242498,9,Rx,50.000000,150.000000,0.013733,-49.986267,,,250.000397,-134.999725,480.000092,-90.000000,89.999969,-89.999916,250.000198,-134.999908,479.999390,179.999939,89.999893,-180.000000,-0.103550,-0.040507,-0.079810,-0.000000,-0.000000,-0.013733,
feedback,4.615641,1786414242507,9,Rx,50.000000,150.000000,0.013733,-49.986267,,,250.000397,-134.999725,480.000092,-90.000000,89.999969,-89.999916,249.999969,-134.999908,479.999786,-123.690086,89.999901,-123.690033,-0.149565,-0.079336,0.039789,-0.013733,-0.013733,-0.013733,
feedback,4.623089,1786414242515,9,Rx,50.000000,150.000000,0.027466,-49.972534,,,250.000397,-134.999725,480.000092,-90.000000,89.999969,-89.999916,250.000092,-134.999832,479.999817,179.999969,89.999969,-179.999969,-0.131227,-0.061599,0.119842,0.006866,-0.027466,-0.027466,
feedback,4.631377,1786414242524,9,Rx,50.000000,150.000000,-0.006866,-50.006866,,,250.000397,-134.999725,480.000092,-90.000000,89.999969,-89.999916,250.000336,-134.999634,479.999908,-135.000046,89.999962,-134.999908,0.043143,0.010546,-0.070467,0.006866,0.020599,0.006866,
feedback,4.639681,1786414242532,9,Rx,50.000000,150.000000,0.020599,-49.979401,,,250.000397,-134.999725,480.000092,-90.000000,89.999969,-89.999916,250.000381,-134.999802,479.999634,-153.434998,89.999939,-153.434906,0.013297,-0.031638,-0.159146,-0.000000,0.013733,-0.020599,
feedback,4.647530,1786414242536,9,Rx,50.000000,150.000000,-0.020599,-50.020599,,,250.000397,-134.999725,480.000092,-90.000000,89.999969,-89.999916,250.000336,-134.999588,479.999908,-135.000061,89.999962,-134.999893,-0.012222,0.051053,0.069507,0.000000,-0.006866,0.020599,
feedback,4.656024,1786414242545,9,Rx,50.000000,150.000000,0.006866,-49.993134,,,250.000397,-134.999725,480.000092,-90.000000,89.999969,-89.999916,250.000046,-134.999756,479.999939,179.999924,89.999947,-179.999969,-0.102465,-0.029961,0.038829,-0.000000,0.000000,-0.006866,
feedback,4.663819,1786414242554,9,Rx,50.000000,150.000000,-0.013733,-50.013733,,,250.000397,-134.999725,480.000092,-90.000000,89.999969,-89.999916,250.000381,-134.999634,479.999786,-153.435074,89.999939,-153.434891,0.014020,0.021092,-0.029000,0.000000,-0.006866,0.013733,
feedback,4.672060,1786414242562,9,Rx,50.000000,150.000000,-0.020599,-50.020599,,,250.000397,-134.999725,480.000092,-90.000000,89.999969,-89.999916,250.000626,-134.999542,479.999512,-168.690201,89.999863,-168.690002,-0.026965,0.051053,0.019415,0.000000,0.000000,0.020599,
feedback,4.680224,1786414242571,9,Rx,50.000000,150.000000,0.034332,-49.965668,,,250.000397,-134.999725,480.000092,-90.000000,89.999969,-89.999916,250.000259,-134.999878,480.000305,-53.130131,89.999863,-53.130051,0.039909,-0.091560,0.041224,-0.020599,-0.013733,-0.034332,
feedback,4.688417,1786414242579,9,Rx,50.000000,150.000000,-0.006866,-50.006866,,,250.000397,-134.999725,480.000092,-90.000000,89.999969,-89.999916,250.000565,-134.999664,479.999847,-153.435059,89.999939,-153.434891,0.115410,0.010546,-0.029243,0.000000,0.006866,0.006866,
feedback,4.696512,1786414242588,9,Rx,50.000000,150.000000,0.013733,-49.986267,,,250.000397,-134.999725,480.000092,-90.000000,89.999969,-89.999916,250.000443,-134.999802,479.999969,179.999939,89.999969,-179.999969,-0.014381,-0.021092,-0.010546,0.006866,0.006866,-0.013733,
feedback,4.704760,1786414242597,9,Rx,50.000000,150.000000,0.000000,-50.000000,,,250.000397,-134.999725,480.000092,-90.000000,89.999969,-89.999916,249.999863,-134.999756,480.000214,-0.000082,89.999969,0.000027,-0.030560,-0.019414,0.040507,0.013733,-0.013733,0.000000,
feedback,4.712892,1786414242605,9,Rx,50.000000,150.000000,0.013733,-49.986267,,,250.000397,-134.999725,480.000092,-90.000000,89.999969,-89.999916,250.000275,-134.999756,479.999542,-165.963837,89.999886,-165.963730,0.055727,-0.040507,-0.049375,0.006866,0.006866,-0.013733,
feedback,4.721113,1786414242614,9,Rx,50.000000,150.000000,-0.027466,-50.027466,,,250.000397,-134.999725,480.000092,-90.000000,89.999969,-89.999916,250.000519,-134.999512,480.000153,-71.565056,89.999916,-71.564896,0.090243,0.081014,0.081731,-0.006866,-0.027466,0.027466,
feedback,4.729208,1786414242622,9,Rx,50.000000,150.000000,0.006866,-49.993134,,,250.000397,-134.999725,480.000092,-90.000000,89.999969,-89.999916,250.000504,-134.999664,480.000031,-90.000000,89.999969,-89.999832,0.144172,-0.010546,-0.008151,0.006866,-0.006866,-0.006866,
feedback,4.737412,1786414242626,9,Rx,50.000000,150.000000,0.013733,-49.986267,,,250.000397,-134.999725,480.000092,-90.000000,89.999969,-89.999916,250.000671,-134.999832,479.999268,179.999893,89.999863,-180.000000,0.040622,-0.040507,-0.190067,0.006866,0.034332,-0.013733,
feedback,4.745836,1786414242635,9,Rx,50.000000,150.000000,-0.013733,-50.013733,,,250.000397,-134.999725,480.000092,-90.000000,89.999969,-89.999916,250.000275,-134.999634,479.999847,-135.000046,89.999924,-134.999908,0.046738,0.059921,-0.040507,0.006866,0.013733,0.013733,
feedback,4.753839,1786414242643,9,Rx,50.000000,150.000000,-0.006866,-50.006866,,,250.000397,-134.999725,480.000092,-90.000000,89.999969,-89.999916,249.999634,-134.999756,480.000610,-33.690125,89.999901,-33.690014,-0.215355,0.010546,0.289777,-0.006866,-0.061798,0.006866,
feedback,4.762095,1786414242652,9,Rx,50.000000,150.000000,-0.006866,-50.006866,,,250.000397,-134.999725,480.000092,-90.000000,89.999969,-89.999916,250.000061,-134.999466,480.000092,-26.565140,89.999939,-26.564947,-0.040271,0.049375,0.021335,0.006867,-0.027466,0.006866,
feedback,4.770203,1786414242660,9,Rx,50.000000,150.000000,-0.006866,-50.006866,,,250.000397,-134.999725,480.000092,-90.000000,89.999969,-89.999916,250.000381,-134.999786,479.999634,-165.963882,89.999886,-165.963745,0.084489,-0.008868,-0.079336,0.006866,0.013733,0.006866,
feedback,4.778950,1786414242668,9,Rx,50.000000,150.000000,-0.013733,-50.013733,,,250.000397,-134.999725,480.000092,-90.000000,89.999969,-89.999916,250.000046,-134.999664,480.000305,-45.000069,89.999962,-44.999905,-0.012222,0.040507,0.120560,0.006866,-0.027466,0.013733,
feedback,4.786551,1786414242677,9,Rx,50.000000,150.000000,0.013733,-49.986267,,,250.000397,-134.999725,480.000092,-90.000000,89.999969,-89.999916,250.000519,-134.999512,479.999939,179.999924,89.999947,-179.999924,0.044941,-0.001678,-0.029961,0.013733,0.006866,-0.013733,
feedback,4.794565,1786414242685,9,Rx,50.000000,150.000000,-0.020599,-50.020599,,,250.000397,-134.999725,480.000092,-90.000000,89.999969,-89.999916,249.999924,-134.999786,479.999573,161.564926,89.999916,161.565063,-0.087009,0.031638,-0.040264,0.013733,0.000000,0.020599,
feedback,4.802819,1786414242694,9,Rx,50.000000,150.000000,0.013733,-49.986267,,,250.000397,-134.999725,480.000092,-90.000000,89.999969,-89.999916,250.000565,-134.999710,479.999512,-168.690170,89.999863,-168.690033,0.113251,-0.040507,-0.160349,-0.000000,0.041199,-0.013733,
feedback,4.811244,1786414242702,9,Rx,50.000000,150.000000,-0.020599,-50.020599,,,250.000397,-134.999725,480.000092,-90.000000,89.999969,-89.999916,250.000046,-134.999542,480.000244,90.000000,89.999969,90.000191,0.045664,0.051053,0.049132,0.020599,0.006867,0.020599,
feedback,4.819501,1786414242711,9,Rx,50.000000,150.000000,-0.013733,-50.013733,,,250.000397,-134.999725,480.000092,-90.000000,89.999969,-89.999916,250.000565,-134.999664,480.000214,-63.434975,89.999939,-63.434811,0.144895,0.021092,0.121994,0.000000,-0.027466,0.013733,
feedback,4.827354,1786414242719,9,Rx,50.000000,150.000000,-0.000000,-50.000000,,,250.000397,-134.999725,480.000092,-90.000000,89.999969,-89.999916,250.000504,-134.999634,479.999817,-135.000046,89.999962,-134.999908,0.130866,0.019415,-0.159389,0.006866,0.027466,-0.000000,
feedback,4.835617,1786414242727,9,Rx,50.000000,150.000000,-0.000000,-50.000000,,,250.000397,-134.999725,480.000092,-90.000000,89.999969,-89.999916,250.000153,-134.999802,480.000031,-39.985027,90.000000,-39.984947,0.101029,0.000000,-0.039789,0.013733,0.013733,0.000000,
feedback,4.843900,1786414242736,9,Rx,50.000000,150.000000,0.013733,-49.986267,,,250.000397,-134.999725,480.000092,-90.000000,89.999969,-89.999916,250.000381,-134.999908,479.999969,179.999939,89.999969,-180.000000,0.127993,-0.040507,-0.059204,0.006866,0.013733,-0.013733,
feedback,4.852096,1786414242744,9,Rx,50.000000,150.000000,-0.013733,-50.013733,,,250.000397,-134.999725,480.000092,-90.000000,89.999969,-89.999916,250.000214,-134.999802,480.000031,-153.434998,89.999939,-153.434906,-0.040984,0.040507,0.048415,0.000000,0.006866,0.013733,
feedback,4.860168,1786414242753,9,Rx,50.000000,150.000000,0.000000,-50.000000,,,250.000397,-134.999725,480.000092,-90.000000,89.999969,-89.999916,250.000336,-134.999710,480.000092,-90.000137,90.000000,-90.000000,0.014381,0.000000,-0.040507,0.013733,0.013733,-0.000000,
feedback,4.868863,1786414242761,9,Rx,50.000000,150.000000,-0.006866,-50.006866,,,250.000397,-134.999725,480.000092,-90.000000,89.999969,-89.999916,249.999863,-134.999741,480.000061,-135.000076,89.999962,-134.999924,-0.102465,-0.008868,0.038829,-0.006866,-0.000000,0.006866,
feedback,4.877389,1786414242765,9,Rx,50.000000,150.000000,-0.000000,-50.000000,,,250.000397,-134.999725,480.000092,-90.000000,89.999969,-89.999916,250.000275,-134.999680,479.999329,179.999939,89.999863,-179.999939,0.056801,0.000000,-0.190066,0.006866,0.034332,-0.000000,
feedback,4.885333,1786414242774,9,Rx,50.000000,150.000000,-0.006866,-50.006866,,,250.000397,-134.999725,480.000092,-90.000000,89.999969,-89.999916,250.000320,-134.999786,479.999420,179.999863,89.999863,180.000000,0.011147,-0.028283,0.020132,0.000000,0.000000,0.006866,
feedback,4.894085,1786414242783,9,Rx,50.000000,150.000000,-0.006866,-50.006866,,,250.000397,-134.999725,480.000092,-90.000000,89.999969,-89.999916,250.000153,-134.999741,479.999847,-135.000076,89.999924,-134.999924,-0.044579,-0.008868,0.069507,0.006866,-0.006866,0.006866,
feedback,4.901576,1786414242791,9,Rx,50.000000,150.000000,0.006866,-49.993134,,,250.000397,-134.999725,480.000092,-90.000000,89.999969,-89.999916,249.999817,-134.999802,480.000549,-18.434998,89.999916,-18.434916,-0.086287,-0.010546,0.038829,0.000000,-0.000000,-0.006866,
feedback,4.909886,1786414242800,9,Rx,50.000000,150.000000,0.020599,-49.979401,,,250.000397,-134.999725,480.000092,-90.000000,89.999969,-89.999916,250.000214,-134.999878,479.999695,-180.000000,89.999947,-179.999969,-0.013306,-0.012224,-0.049132,-0.000000,-0.006866,-0.020599,
feedback,4.917608,1786414242809,9,Rx,50.000000,150.000000,0.013733,-49.986267,,,250.000397,-134.999725,480.000092,-90.000000,89.999969,-89.999916,249.999695,-134.999878,479.999969,-0.000000,89.999969,0.000027,-0.174019,-0.021092,-0.080528,0.000000,0.000000,-0.013733,
feedback,4.925945,1786414242817,9,Rx,50.000000,150.000000,-0.006866,-50.006866,,,250.000397,-134.999725,480.000092,-90.000000,89.999969,-89.999916,250.000504,-134.999786,479.999664,-158.198715,89.999855,-158.198578,-0.003234,-0.028283,0.009586,-0.013733,0.006866,0.006866,
feedback,4.933967,1786414242826,9,Rx,50.000000,150.000000,0.013733,-49.986267,,,250.000397,-134.999725,480.000092,-90.000000,89.999969,-89.999916,250.000504,-134.999802,479.999512,-161.565094,89.999916,-161.565018,-0.043505,-0.021092,-0.020132,-0.000000,-0.000000,-0.013733,
feedback,4.943365,1786414242834,9,Rx,50.000000,150.000000,-0.020599,-50.020599,,,250.000397,-134.999725,480.000092,-90.000000,89.999969,-89.999916,250.000320,-134.999786,479.999786,179.999863,89.999947,-180.000000,-0.000000,0.031638,0.000000,0.006866,0.000000,0.020599,
feedback,4.951518,1786414242843,9,Rx,50.000000,150.000000,-0.006866,-50.006866,,,250.000397,-134.999725,480.000092,-90.000000,89.999969,-89.999916,250.000458,-134.999634,480.000153,-0.000082,89.999969,0.000055,0.016540,0.029961,0.090599,-0.006866,-0.020599,0.006866,
feedback,4.958397,1786414242851,9,Rx,50.000000,150.000000,-0.006866,-50.006866,,,250.000397,-134.999725,480.000092,-90.000000,89.999969,-89.999916,250.000153,-134.999664,480.000397,-18.435072,89.999916,-18.434908,-0.026603,0.029961,0.161066,0.006866,-0.041199,0.006866,
feedback,4.967711,1786414242859,9,Rx,50.000000,150.000000,0.006866,-49.993134,,,250.000397,-134.999725,480.000092,-90.000000,89.999969,-89.999916,250.000504,-134.999710,479.999451,-161.565155,89.999825,-161.565018,-0.013658,-0.010546,0.119599,-0.013733,-0.013733,-0.006866,
feedback,4.975435,1786414242868,9,Rx,50.000000,150.000000,-0.027466,-50.027466,,,250.000397,-134.999725,480.000092,-90.000000,89.999969,-89.999916,250.000275,-134.999634,479.999695,-165.963913,89.999886,-165.963715,0.073703,0.061599,-0.110974,0.006866,0.034332,0.027466,
feedback,4.983864,1786414242872,9,Rx,50.000000,150.000000,-0.020599,-50.020599,,,250.000397,-134.999725,480.000092,-90.000000,89.999969,-89.999916,250.000214,-134.999664,479.999847,179.999863,89.999947,-179.999969,0.087722,0.051053,-0.139974,0.020599,0.027466,0.020599,
feedback,4.991410,1786414242881,9,Rx,50.000000,150.000000,-0.006866,-50.006866,,,250.000397,-134.999725,480.000092,-90.000000,89.999969,-89.999916,250.000107,-134.999542,479.999939,179.999863,89.999947,-179.999939,-0.085212,0.029960,-0.101863,0.006866,0.027466,0.006866,
feedback,4.999372,1786414242890,9,Rx,50.000000,150.000000,-0.020599,-50.020599,,,250.000397,-134.999725,480.000092,-90.000000,89.999969,-89.999916,250.000793,-134.999664,479.999451,179.999863,89.999893,-179.999969,0.059322,0.051053,-0.019415,0.006866,0.000000,0.020599,
feedback,5.008427,1786414242898,9,Rx,50.000000,150.000000,0.006866,-49.993134,,,250.000397,-134.999725,480.000092,-90.000000,89.999969,-89.999916,250.000336,-134.999588,479.999542,-165.963867,89.999886,-165.963699,0.016179,0.008868,-0.000000,-0.000000,-0.000000,-0.006866,
feedback,5.015731,1786414242906,9,Rx,50.000000,150.000000,-0.013733,-50.013733,,,250.000397,-134.999725,480.000092,-90.000000,89.999969,-89.999916,250.000397,-134.999420,480.000092,-90.000000,89.999947,-89.999725,0.014742,0.021092,0.050092,-0.006866,-0.006866,0.013733,
feedback,5.024209,1786414242915,9,Rx,50.000000,150.000000,-0.006866,-50.006866,,,250.000397,-134.999725,480.000092,-90.000000,89.999969,-89.999916,250.000504,-134.999634,479.999817,-161.565201,89.999916,-161.565002,0.112889,-0.008868,-0.199895,0.006866,0.041199,0.006866,
feedback,5.032355,1786414242923,9,Rx,50.000000,150.000000,0.006866,-49.993134,,,250.000397,-134.999725,480.000092,-90.000000,89.999969,-89.999916,250.000443,-134.999756,479.999969,-135.000046,89.999962,-134.999924,0.028401,-0.010546,-0.120560,-0.006866,0.027466,-0.006866,
feedback,5.040472,1786414242932,9,Rx,50.000000,150.000000,0.013733,-49.986267,,,250.000397,-134.999725,480.000092,-90.000000,89.999969,-89.999916,250.000381,-134.999756,479.999786,-123.690094,89.999901,-123.689980,-0.056088,-0.001678,-0.041224,-0.006866,0.013733,-0.013733,
feedback,5.049343,1786414242940,9,Rx,50.000000,150.000000,-0.006866,-50.006866,,,250.000397,-134.999725,480.000092,-90.000000,89.999969,-89.999916,249.999985,-134.999634,480.000458,-33.690182,89.999901,-33.689991,-0.071183,0.010546,0.230573,-0.013733,-0.048065,0.006866,
feedback,5.057431,1786414242948,9,Rx,50.000000,150.000000,-0.020599,-50.020599,,,250.000397,-134.999725,480.000092,-90.000000,89.999969,-89.999916,250.000336,-134.999710,480.000458,-45.000053,89.999886,-44.999916,0.018338,0.070467,0.080053,-0.020599,-0.013733,0.020599,
feedback,5.065692,1786414242957,9,Rx,50.000000,150.000000,-0.006866,-50.006866,,,250.000397,-134.999725,480.000092,-90.000000,89.999969,-89.999916,250.000107,-134.999756,480.000183,-63.434967,89.999878,-63.434856,0.030921,0.029961,0.101145,-0.020599,-0.027466,0.006866,
feedback,5.073256,1786414242965,9,Rx,50.000000,150.000000,-0.006866,-50.006866,,,250.000397,-134.999725,480.000092,-90.000000,89.999969,-89.999916,250.000504,-134.999878,480.000061,-45.000042,89.999962,-44.999958,0.043143,0.010546,-0.019414,0.006866,0.000000,0.006866,
feedback,5.081448,1786414242974,9,Rx,50.000000,150.000000,0.000000,-50.000000,,,250.000397,-134.999725,480.000092,-90.000000,89.999969,-89.999916,250.000214,-134.999680,479.999847,-150.032639,90.000000,-150.032532,0.071544,0.000000,-0.139974,0.013733,0.027466,-0.000000,
feedback,5.089634,1786414242982,9,Rx,50.000000,150.000000,0.013733,-49.986267,,,250.000397,-134.999725,480.000092,-90.000000,89.999969,-89.999916,249.999878,-134.999878,480.000580,-26.565052,89.999878,-26.565023,-0.157831,-0.021092,0.229856,-0.013733,-0.048065,-0.013733,
feedback,5.098367,1786414242986,9,Rx,50.000000,150.000000,-0.020599,-50.020599,,,250.000397,-134.999725,480.000092,-90.000000,89.999969,-89.999916,250.000214,-134.999741,479.999908,-135.000076,89.999962,-134.999924,-0.047100,-0.007191,0.000960,0.006866,-0.013733,0.020599,
feedback,5.105780,1786414242995,9,Rx,50.000000,150.000000,0.027466,-49.972534,,,250.000397,-134.999725,480.000092,-90.000000,89.999969,-89.999916,249.999863,-134.999832,480.000061,-71.565056,89.999916,-71.565002,-0.084850,-0.022770,0.039789,-0.013733,-0.013733,-0.027466,
feedback,5.114659,1786414243004,9,Rx,50.000000,150.000000,0.013733,-49.986267,,,250.000397,-134.999725,480.000092,-90.000000,89.999969,-89.999916,250.000336,-134.999832,479.999725,-146.309952,89.999901,-146.309891,-0.057524,-0.021092,0.059921,-0.013733,-0.013733,-0.013733,
feedback,5.122231,1786414243013,9,Rx,50.000000,150.000000,-0.006866,-50.006866,,,250.000397,-134.999725,480.000092,-90.000000,89.999969,-89.999916,249.999985,-134.999710,480.000458,-0.000110,89.999916,0.000027,0.026965,-0.008868,-0.070467,0.006866,0.020599,0.006866,
feedback,5.131245,1786414243022,9,Rx,50.000000,150.000000,0.013733,-49.986267,,,250.000397,-134.999725,480.000092,-90.000000,89.999969,-89.999916,250.000381,-134.999954,479.999817,-108.434952,89.999916,-108.434921,-0.030560,-0.040507,0.040507,-0.006866,-0.013733,-0.013733,
feedback,5.138782,1786414243030,9,Rx,50.000000,150.000000,-0.000000,-50.000000,,,250.000397,-134.999725,480.000092,-90.000000,89.999969,-89.999916,250.000397,-134.999634,479.999908,-135.000000,89.999962,-134.999924,0.106060,0.058244,-0.059921,0.006866,0.013733,-0.000000,
feedback,5.146822,1786414243039,9,Rx,50.000000,150.000000,0.020599,-49.979401,,,250.000397,-134.999725,480.000092,-90.000000,89.999969,-89.999916,250.000610,-134.999832,479.999542,-165.963776,89.999886,-165.963730,-0.012945,-0.012224,-0.060638,0.020599,0.013733,-0.020599,
feedback,5.155022,1786414243047,9,Rx,50.000000,150.000000,0.000000,-50.000000,,,250.000397,-134.999725,480.000092,-90.000000,89.999969,-89.999916,250.000153,-134.999756,479.999847,-90.000000,89.999969,-89.999893,-0.058247,-0.000000,-0.019171,0.006866,-0.013733,0.000000,
feedback,5.163980,1786414243056,9,Rx,50.000000,150.000000,0.027466,-49.972534,,,250.000397,-134.999725,480.000092,-90.000000,89.999969,-89.999916,250.000336,-134.999878,479.999725,-161.565048,89.999916,-161.565018,-0.015817,-0.061599,0.039546,-0.000000,0.000000,-0.027466,
feedback,5.171519,1786414243064,9,Rx,50.000000,150.000000,-0.013733,-50.013733,,,250.000397,-134.999725,480.000092,-90.000000,89.999969,-89.999916,250.000107,-134.999710,480.000336,-26.565140,89.999939,-26.565002,-0.026603,0.040507,0.110014,0.000000,-0.020599,0.013733,
feedback,5.180130,1786414243069,9,Rx,50.000000,150.000000,-0.013733,-50.013733,,,250.000397,-134.999725,480.000092,-90.000000,89.999969,-89.999916,250.000214,-134.999832,480.000061,-135.000061,89.999962,-134.999939,-0.014381,0.021092,-0.010546,0.000000,0.006866,0.013733,
feedback,5.187783,1786414243077,9,Rx,50.000000,150.000000,-0.006866,-50.006866,,,250.000397,-134.999725,480.000092,-90.000000,89.999969,-89.999916,250.000381,-134.999664,480.000153,-45.000069,89.999962,-44.999905,0.085925,0.010546,-0.129428,0.006866,0.020599,0.006866,
feedback,5.196801,1786414243086,9,Rx,50.000000,150.000000,0.006866,-49.993134,,,250.000397,-134.999725,480.000092,-90.000000,89.999969,-89.999916,250.000320,-134.999802,479.999207,-170.537735,89.999832,-170.537643,0.014381,-0.010546,-0.040507,-0.000000,0.013733,-0.006866,
feedback,5.204036,1786414243094,9,Rx,50.000000,150.000000,-0.000000,-50.000000,,,250.000397,-134.999725,480.000092,-90.000000,89.999969,-89.999916,250.000214,-134.999802,479.999847,-135.000031,89.999924,-134.999939,0.133386,0.038829,-0.039789,-0.000000,0.013733,0.000000,
feedback,5.213182,1786414243102,9,Rx,50.000000,150.000000,0.020599,-49.979401,,,250.000397,-134.999725,480.000092,-90.000000,89.999969,-89.999916,250.000381,-134.999878,479.999451,-153.435013,89.999878,-153.434937,-0.045664,-0.051053,-0.049132,-0.013733,-0.006866,-0.020599,
feedback,5.220663,1786414243111,9,Rx,50.000000,150.000000,0.006866,-49.993134,,,250.000397,-134.999725,480.000092,-90.000000,89.999969,-89.999916,250.000214,-134.999786,479.999542,-165.963882,89.999886,-165.963745,0.139854,-0.049375,-0.270363,0.013733,0.061798,-0.006866,
feedback,5.229572,1786414243119,9,Rx,50.000000,150.000000,-0.048065,-50.048065,,,250.000397,-134.999725,480.000092,-90.000000,89.999969,-89.999916,250.000092,-134.999588,479.999451,-165.963943,89.999886,-165.963715,-0.129791,0.073823,0.069750,0.006867,-0.020599,0.048065,
feedback,5.236819,1786414243128,9,Rx,50.000000,150.000000,0.006867,-49.993133,,,250.000397,-134.999725,480.000092,-90.000000,89.999969,-89.999916,249.999695,-134.999832,480.000336,-45.000053,89.999924,-44.999947,-0.305237,-0.049375,0.298645,-0.006866,-0.054932,-0.006866,
feedback,5.245177,1786414243136,9,Rx,50.000000,150.000000,0.000000,-50.000000,,,250.000397,-134.999725,480.000092,-90.000000,89.999969,-89.999916,249.999573,-134.999832,480.000610,-18.435047,89.999916,-18.434938,-0.143811,-0.000000,0.098750,0.000000,-0.013733,0.000000,
feedback,5.253223,1786414243145,9,Rx,50.000000,150.000000,0.013733,-49.986267,,,250.000397,-134.999725,480.000092,-90.000000,89.999969,-89.999916,250.000031,-135.000000,480.000031,-90.000000,89.999969,-89.999947,-0.089882,-0.059921,0.059921,-0.000000,-0.013733,-0.013733,
feedback,5.261784,1786414243154,9,Rx,50.000000,150.000000,0.006866,-49.993134,,,250.000397,-134.999725,480.000092,-90.000000,89.999969,-89.999916,250.000610,-134.999878,480.000092,-90.000000,89.999969,-89.999916,0.025890,-0.049375,0.121277,0.000000,-0.027466,-0.006866,
feedback,5.269646,1786414243159,9,Rx,50.000000,150.000000,-0.006866,-50.006866,,,250.000397,-134.999725,480.000092,-90.000000,89.999969,-89.999916,250.000153,-134.999756,479.999664,-146.309982,89.999901,-146.309875,-0.114335,0.029961,-0.111448,-0.006866,0.020599,0.006866,
feedback,5.278246,1786414243167,9,Rx,50.000000,150.000000,0.000000,-50.000000,,,250.000397,-134.999725,480.000092,-90.000000,89.999969,-89.999916,250.000153,-134.999756,480.000397,-18.435022,89.999916,-18.434914,-0.100306,-0.000000,0.169935,-0.006866,-0.034332,-0.000000,
feedback,5.286456,1786414243176,9,Rx,50.000000,150.000000,0.006866,-49.993134,,,250.000397,-134.999725,480.000092,-90.000000,89.999969,-89.999916,250.000504,-134.999725,479.999298,-153.434967,89.999878,-153.434891,0.089520,0.028283,-0.099468,-0.020599,0.013733,-0.006866,
feedback,5.294816,1786414243185,9,Rx,50.000000,150.000000,-0.041199,-50.041199,,,250.000397,-134.999725,480.000092,-90.000000,89.999969,-89.999916,250.000504,-134.999710,480.000183,-90.000000,89.999969,-89.999863,0.060045,0.082691,0.110731,0.000000,-0.020599,0.041199,
feedback,5.302850,1786414243193,9,Rx,50.000000,150.000000,0.006866,-49.993134,,,250.000397,-134.999725,480.000092,-90.000000,89.999969,-89.999916,250.000092,-134.999802,479.999664,-135.000031,89.999962,-134.999939,-0.041707,0.008868,0.020375,-0.000000,-0.013733,-0.006866,
feedback,5.311360,1786414243202,9,Rx,50.000000,150.000000,0.006866,-49.993134,,,250.000397,-134.999725,480.000092,-90.000000,89.999969,-89.999916,250.000748,-134.999588,479.999756,-146.310013,89.999901,-146.309845,0.087009,-0.010546,0.091316,-0.013733,-0.020599,-0.006866,
feedback,5.319341,1786414243210,9,Rx,50.000000,150.000000,0.006866,-49.993134,,,250.000397,-134.999725,480.000092,-90.000000,89.999969,-89.999916,249.999924,-134.999756,480.000427,-0.000082,89.999947,0.000027,-0.174009,-0.029961,0.229856,0.000000,-0.048065,-0.006866,
feedback,5.327667,1786414243218,9,Rx,50.000000,150.000000,0.006866,-49.993134,,,250.000397,-134.999725,480.000092,-90.000000,89.999969,-89.999916,250.000214,-134.999954,479.999695,-165.963776,89.999886,-165.963760,0.029124,-0.010546,0.009586,-0.000000,0.006866,-0.006866,
feedback,5.335688,1786414243227,9,Rx,50.000000,150.000000,-0.013733,-50.013733,,,250.000397,-134.999725,480.000092,-90.000000,89.999969,-89.999916,250.000214,-134.999802,479.999908,-45.000027,89.999962,-44.999947,-0.057886,0.021092,0.071428,-0.006866,-0.034332,0.013733,
feedback,5.343281,1786414243235,9,Rx,50.000000,150.000000,-0.013733,-50.013733,,,250.000397,-134.999725,480.000092,-90.000000,89.999969,-89.999916,250.000214,-134.999664,480.000214,-45.000069,89.999962,-44.999905,-0.001798,0.001678,0.010546,-0.013733,-0.006866,0.013733,
feedback,5.351779,1786414243243,9,Rx,50.000000,150.000000,-0.013733,-50.013733,,,250.000397,-134.999725,480.000092,-90.000000,89.999969,-89.999916,250.000214,-134.999756,480.000366,-0.000083,89.999969,0.000027,0.045302,0.040507,0.060639,0.006866,-0.013733,0.013733,
feedback,5.360137,1786414243252,9,Rx,50.000000,150.000000,-0.041199,-50.041199,,,250.000397,-134.999725,480.000092,-90.000000,89.999969,-89.999916,250.000671,-134.999786,479.999268,-158.198715,89.999855,-158.198578,0.174370,0.082691,-0.139257,-0.006866,0.027466,0.041199,
feedback,5.368911,1786414243260,9,Rx,50.000000,150.000000,-0.006866,-50.006866,,,250.000397,-134.999725,480.000092,-90.000000,89.999969,-89.999916,250.000381,-134.999786,479.999786,-153.435059,89.999878,-153.434921,0.043866,0.010546,-0.042428,-0.013733,0.041199,0.006866,
feedback,5.377422,1786414243269,9,Rx,50.000000,150.000000,0.006866,-49.993134,,,250.000397,-134.999725,480.000092,-90.000000,89.999969,-89.999916,250.000916,-134.999542,479.999664,-146.310028,89.999901,-146.309830,0.187315,-0.010546,-0.078619,-0.006866,0.013733,-0.006866,
feedback,5.385162,1786414243278,9,Rx,50.000000,150.000000,0.013733,-49.986267,,,250.000397,-134.999725,480.000092,-90.000000,89.999969,-89.999916,250.000443,-134.999878,479.999664,179.999924,89.999916,180.000000,0.010424,-0.059921,-0.110014,0.000000,0.020599,-0.013733,
feedback,5.393266,1786414243282,9,Rx,50.000000,150.000000,-0.027466,-50.027466,,,250.000397,-134.999725,480.000092,-90.000000,89.999969,-89.999916,250.000397,-134.999466,480.000092,-119.289551,90.000000,-119.289360,-0.015104,0.100428,0.110014,0.000000,-0.020599,0.027466,
feedback,5.402098,1786414243290,9,Rx,50.000000,150.000000,0.020599,-49.979401,,,250.000397,-134.999725,480.000092,-90.000000,89.999969,-89.999916,250.000214,-134.999802,479.999329,-168.690125,89.999863,-168.690033,-0.047100,-0.070467,-0.050092,0.006866,0.006866,-0.020599,
feedback,5.409509,1786414243299,9,Rx,50.000000,150.000000,0.013733,-49.986267,,,250.000397,-134.999725,480.000092,-90.000000,89.999969,-89.999916,250.000565,-134.999588,479.999664,-161.565155,89.999916,-161.564987,0.016540,-0.001678,0.090599,-0.006866,-0.020599,-0.013733,
feedback,5.418314,1786414243307,9,Rx,50.000000,150.000000,0.020599,-49.979401,,,250.000397,-134.999725,480.000092,-90.000000,89.999969,-89.999916,250.000488,-134.999878,479.999146,172.874908,89.999779,172.874985,0.055365,-0.051053,-0.139974,0.020599,0.027466,-0.020599,
feedback,5.426952,1786414243316,9,Rx,50.000000,150.000000,0.013733,-49.986267,,,250.000397,-134.999725,480.000092,-90.000000,89.999969,-89.999916,250.000259,-134.999832,479.999939,-90.000000,89.999947,-89.999893,-0.059683,-0.040507,0.030921,-0.000000,-0.020599,-0.013733,
feedback,5.433885,1786414243324,9,Rx,50.000000,150.000000,-0.013733,-50.013733,,,250.000397,-134.999725,480.000092,-90.000000,89.999969,-89.999916,250.000443,-134.999710,479.999817,-135.000061,89.999962,-134.999924,0.043143,0.021092,-0.019414,-0.006866,-0.000000,0.013733,
feedback,5.441943,1786414243333,9,Rx,50.000000,150.000000,0.006866,-49.993134,,,250.000397,-134.999725,480.000092,-90.000000,89.999969,-89.999916,249.999985,-134.999802,479.999725,-161.565094,89.999916,-161.565018,-0.071905,-0.010546,-0.001678,-0.000000,0.013733,-0.006866,
feedback,5.450510,1786414243341,9,Rx,50.000000,150.000000,0.006866,-49.993134,,,250.000397,-134.999725,480.000092,-90.000000,89.999969,-89.999916,250.000336,-134.999802,479.999908,-135.000031,89.999886,-134.999939,0.072628,-0.010546,-0.021335,-0.013733,0.027466,-0.006866,
feedback,5.458494,1786414243349,9,Rx,50.000000,150.000000,-0.006866,-50.006866,,,250.000397,-134.999725,480.000092,-90.000000,89.999969,-89.999916,250.000381,-134.999664,480.000153,-45.000069,89.999962,-44.999905,-0.026965,0.029961,0.070467,0.006866,-0.020599,0.006866,
feedback,5.467639,1786414243358,9,Rx,50.000000,150.000000,0.000000,-50.000000,,,250.000397,-134.999725,480.000092,-90.000000,89.999969,-89.999916,250.000671,-134.999664,480.000092,90.000000,89.999969,90.000168,0.070831,-0.019414,-0.010789,0.013733,0.020599,0.000000,
feedback,5.475090,1786414243367,9,Rx,50.000000,150.000000,0.006866,-49.993134,,,250.000397,-134.999725,480.000092,-90.000000,89.999969,-89.999916,250.000031,-134.999878,479.999817,-135.000046,89.999962,-134.999954,-0.087371,-0.010546,-0.130863,0.006866,0.020599,-0.006866,
feedback,5.483545,1786414243375,9,Rx,50.000000,150.000000,0.048065,-49.951935,,,250.000397,-134.999725,480.000092,-90.000000,89.999969,-89.999916,250.000214,-134.999924,479.999847,-179.999969,89.999947,-179.999969,-0.016902,-0.093237,-0.130145,0.006866,0.020599,-0.048065,
feedback,5.491525,1786414243383,9,Rx,50.000000,150.000000,-0.006866,-50.006866,,,250.000397,-134.999725,480.000092,-90.000000,89.999969,-89.999916,250.000458,-134.999588,479.999786,-153.435043,89.999939,-153.434875,0.074426,0.029961,0.070224,0.006866,-0.006866,0.006866,
feedback,5.500394,1786414243392,9,Rx,50.000000,150.000000,0.020599,-49.979401,,,250.000397,-134.999725,480.000092,-90.000000,89.999969,-89.999916,250.000031,-134.999878,480.000305,-135.000046,89.999962,-134.999954,-0.015456,-0.051053,0.079093,0.013733,0.000000,-0.020599,
feedback,5.507847,1786414243400,9,Rx,50.000000,150.000000,-0.013733,-50.013733,,,250.000397,-134.999725,480.000092,-90.000000,89.999969,-89.999916,250.000259,-134.999863,479.999420,-158.198730,89.999855,-158.198593,0.095987,-0.017737,-0.330041,0.000000,0.061798,0.013733,
feedback,5.517083,1786414243409,9,Rx,50.000000,150.000000,-0.000000,-50.000000,,,250.000397,-134.999725,480.000092,-90.000000,89.999969,-89.999916,250.000839,-134.999832,479.999695,153.434860,89.999939,153.434967,0.027326,-0.019415,0.071185,0.027466,-0.020599,-0.000000,
feedback,5.524089,1786414243417,9,Rx,50.000000,150.000000,-0.006866,-50.006866,,,250.000397,-134.999725,480.000092,-90.000000,89.999969,-89.999916,250.000565,-134.999588,480.000183,-66.750961,90.000000,-66.750793,0.160712,0.029961,-0.070710,-0.000000,0.034332,0.006866,
feedback,5.533134,1786414243421,9,Rx,50.000000,150.000000,0.006866,-49.993134,,,250.000397,-134.999725,480.000092,-90.000000,89.999969,-89.999916,249.999985,-134.999786,480.000153,-0.000137,89.999969,-0.000000,-0.148129,-0.049375,-0.010303,-0.000000,-0.006866,-0.006866,
feedback,5.540503,1786414243430,9,Rx,50.000000,150.000000,0.020599,-49.979401,,,250.000397,-134.999725,480.000092,-90.000000,89.999969,-89.999916,250.000031,-134.999741,480.000549,11.309774,89.999863,11.309938,-0.090243,-0.070467,0.071428,0.020599,-0.034332,-0.020599,
feedback,5.549224,1786414243438,9,Rx,50.000000,150.000000,0.013733,-49.986267,,,250.000397,-134.999725,480.000092,-90.000000,89.999969,-89.999916,250.000397,-134.999725,480.000092,-90.000000,89.999969,-89.999916,0.030560,-0.001678,-0.040507,-0.006866,0.013733,-0.013733,
feedback,5.556919,1786414243447,9,Rx,50.000000,150.000000,-0.006866,-50.006866,,,250.000397,-134.999725,480.000092,-90.000000,89.999969,-89.999916,250.000565,-134.999664,479.999512,-168.690201,89.999863,-168.690033,0.114325,0.010546,-0.301041,-0.000000,0.068665,0.006866,
feedback,5.566041,1786414243455,9,Rx,50.000000,150.000000,-0.006866,-50.006866,,,250.000397,-134.999725,480.000092,-90.000000,89.999969,-89.999916,250.000214,-134.999588,479.999847,153.434799,89.999939,153.435013,-0.087723,-0.008868,0.088921,0.000000,-0.006866,0.006866,
feedback,5.573475,1786414243464,9,Rx,50.000000,150.000000,0.027466,-49.972534,,,250.000397,-134.999725,480.000092,-90.000000,89.999969,-89.999916,250.000854,-134.999756,479.999817,179.999924,89.999916,-179.999969,0.157117,-0.061599,-0.049619,-0.000000,0.020599,-0.027466,
feedback,5.581591,1786414243472,9,Rx,50.000000,150.000000,-0.013733,-50.013733,,,250.000397,-134.999725,480.000092,-90.000000,89.999969,-89.999916,250.000397,-134.999542,479.999725,161.564926,89.999916,161.565125,-0.012222,0.040507,0.069507,0.006866,-0.006866,0.013733,
feedback,5.589692,1786414243481,9,Rx,50.000000,150.000000,-0.013733,-50.013733,,,250.000397,-134.999725,480.000092,-90.000000,89.999969,-89.999916,250.000320,-134.999908,479.999969,-135.000076,89.999962,-134.999954,-0.001436,0.001678,0.050092,0.006866,-0.006866,0.013733,
feedback,5.597921,1786414243489,9,Rx,50.000000,150.000000,-0.000000,-50.000000,,,250.000397,-134.999725,480.000092,-90.000000,89.999969,-89.999916,249.999817,-134.999756,479.999847,-90.000000,89.999947,-89.999893,-0.027687,0.019414,-0.059678,-0.006866,-0.000000,0.000000,
feedback,5.606518,1786414243497,9,Rx,50.000000,150.000000,0.013733,-49.986267,,,250.000397,-134.999725,480.000092,-90.000000,89.999969,-89.999916,250.000336,-134.999756,480.000092,-79.200005,90.000000,-79.199898,0.057886,-0.021092,0.030678,0.006866,-0.006866,-0.013733,
feedback,5.614963,1786414243506,9,Rx,50.000000,150.000000,0.000000,-50.000000,,,250.000397,-134.999725,480.000092,-90.000000,89.999969,-89.999916,250.000610,-134.999786,479.999390,170.537537,89.999832,170.537674,0.127631,-0.019415,-0.200856,0.006866,0.054932,-0.000000,
feedback,5.622585,1786414243514,9,Rx,50.000000,150.000000,-0.020599,-50.020599,,,250.000397,-134.999725,480.000092,-90.000000,89.999969,-89.999916,250.000504,-134.999634,480.000031,-90.000000,89.999947,-89.999809,0.031283,0.051053,0.140692,-0.013733,-0.027466,0.020599,
feedback,5.631239,1786414243522,9,Rx,50.000000,150.000000,0.013733,-49.986267,,,250.000397,-134.999725,480.000092,-90.000000,89.999969,-89.999916,250.000671,-134.999802,479.999420,-146.309967,89.999901,-146.309891,0.055003,-0.040507,-0.128468,-0.013733,0.006866,-0.013733,
feedback,5.638578,1786414243531,9,Rx,50.000000,150.000000,0.027466,-49.972534,,,250.000397,-134.999725,480.000092,-90.000000,89.999969,-89.999916,250.000153,-134.999786,480.000061,-63.434975,89.999939,-63.434837,-0.061119,-0.081013,0.029961,-0.013733,-0.006866,-0.027466,
feedback,5.646631,1786414243539,9,Rx,50.000000,150.000000,0.013733,-49.986267,,,250.000397,-134.999725,480.000092,-90.000000,89.999969,-89.999916,250.000092,-134.999832,480.000214,18.434851,89.999916,18.434959,-0.016179,-0.040507,0.051053,0.000000,-0.020599,-0.013733,
feedback,5.654882,1786414243548,9,Rx,50.000000,150.000000,0.006866,-49.993134,,,250.000397,-134.999725,480.000092,-90.000000,89.999969,-89.999916,250.000031,-134.999878,480.000702,-21.801481,89.999855,-21.801397,0.042068,-0.029961,0.121277,-0.013733,-0.027466,-0.006866,
feedback,5.663168,1786414243552,9,Rx,50.000000,150.000000,-0.000000,-50.000000,,,250.000397,-134.999725,480.000092,-90.000000,89.999969,-89.999916,250.000610,-134.999802,479.999542,-153.434998,89.999878,-153.434906,0.041345,-0.019414,-0.059921,0.006866,0.013733,-0.000000,
feedback,5.671125,1786414243561,9,Rx,50.000000,150.000000,-0.000000,-50.000000,,,250.000397,-134.999725,480.000092,-90.000000,89.999969,-89.999916,250.000336,-134.999710,479.999725,179.999893,89.999916,-179.999969,-0.117208,-0.019415,-0.011263,0.020599,0.006867,-0.000000,
feedback,5.679311,1786414243569,9,Rx,50.000000,150.000000,-0.020599,-50.020599,,,250.000397,-134.999725,480.000092,-90.000000,89.999969,-89.999916,250.000214,-134.999664,480.000214,-45.000069,89.999962,-44.999905,0.014381,0.031638,-0.040507,0.006866,0.013733,0.020599,
feedback,5.687699,1786414243578,9,Rx,50.000000,150.000000,-0.020599,-50.020599,,,250.000397,-134.999725,480.000092,-90.000000,89.999969,-89.999916,250.000443,-134.999710,480.000336,-26.565140,89.999939,-26.565002,0.015465,0.031638,0.231291,-0.006866,-0.048065,0.020599,
feedback,5.695777,1786414243586,9,Rx,50.000000,150.000000,-0.027466,-50.027466,,,250.000397,-134.999725,480.000092,-90.000000,89.999969,-89.999916,250.000504,-134.999634,479.999817,-161.565201,89.999916,-161.565002,-0.014381,0.042184,-0.010546,0.000000,0.006866,0.027466,
feedback,5.704139,1786414243595,9,Rx,50.000000,150.000000,-0.006866,-50.006866,,,250.000397,-134.999725,480.000092,-90.000000,89.999969,-89.999916,250.000504,-134.999710,480.000183,90.000000,89.999969,90.000137,0.056088,-0.008868,-0.009829,0.020599,0.006867,0.006866,
feedback,5.712001,1786414243603,9,Rx,50.000000,150.000000,0.000000,-50.000000,,,250.000397,-134.999725,480.000092,-90.000000,89.999969,-89.999916,250.000107,-134.999664,480.000488,-26.565161,89.999939,-26.564997,-0.085925,-0.000000,0.129428,0.000000,-0.020599,0.000000,
feedback,5.720394,1786414243611,9,Rx,50.000000,150.000000,-0.020599,-50.020599,,,250.000397,-134.999725,480.000092,-90.000000,89.999969,-89.999916,250.000229,-134.999634,480.000031,-18.252737,90.000000,-18.252600,0.060758,0.070467,-0.120560,0.013733,0.027466,0.020599,
feedback,5.728633,1786414243620,9,Rx,50.000000,150.000000,-0.034332,-50.034332,,,250.000397,-134.999725,480.000092,-90.000000,89.999969,-89.999916,250.001022,-134.999664,479.999390,-170.537811,89.999832,-170.537643,0.145608,0.072145,-0.160349,0.000000,0.041199,0.034332,
feedback,5.736502,1786414243628,9,Rx,50.000000,150.000000,0.034332,-49.965668,,,250.000397,-134.999725,480.000092,-90.000000,89.999969,-89.999916,250.000259,-134.999908,480.000092,-90.000000,89.999969,-89.999947,-0.147045,-0.091560,0.159389,-0.006866,-0.027466,-0.034332,
feedback,5.744907,1786414243636,9,Rx,50.000000,150.000000,0.006866,-49.993134,,,250.000397,-134.999725,480.000092,-90.000000,89.999969,-89.999916,250.000275,-134.999710,480.000092,-26.565140,89.999939,-26.565002,0.043143,-0.010546,0.031638,0.000000,-0.020599,-0.006866,
feedback,5.753074,1786414243645,9,Rx,50.000000,150.000000,0.006866,-49.993134,,,250.000397,-134.999725,480.000092,-90.000000,89.999969,-89.999916,249.999863,-134.999756,479.999847,-135.000046,89.999924,-134.999924,-0.145970,-0.029961,-0.032356,-0.006866,0.020599,-0.006866,
feedback,5.761381,1786414243653,9,Rx,50.000000,150.000000,-0.006867,-50.006867,,,250.000397,-134.999725,480.000092,-90.000000,89.999969,-89.999916,250.000854,-134.999680,479.999451,-135.000031,89.999847,-134.999924,0.163584,0.068790,-0.119843,-0.020599,0.027466,0.006866,
feedback,5.769456,1786414243662,9,Rx,50.000000,150.000000,0.006866,-49.993134,,,250.000397,-134.999725,480.000092,-90.000000,89.999969,-89.999916,250.000290,-134.999603,479.999817,-146.309952,89.999901,-146.309845,-0.054291,0.028283,-0.051770,-0.000000,0.020599,-0.006866,
feedback,5.778581,1786414243670,9,Rx,50.000000,150.000000,-0.006866,-50.006866,,,250.000397,-134.999725,480.000092,-90.000000,89.999969,-89.999916,250.000320,-134.999710,479.999939,-123.690125,89.999901,-123.689934,-0.161787,-0.028283,0.109296,-0.006866,-0.020599,0.006866,
feedback,5.786090,1786414243675,9,Rx,50.000000,150.000000,0.027466,-49.972534,,,250.000397,-134.999725,480.000092,-90.000000,89.999969,-89.999916,250.000259,-134.999878,480.000092,-90.000000,89.999947,-89.999916,-0.014381,-0.042184,0.040507,0.006866,-0.013733,-0.027466,
feedback,5.794923,1786414243684,9,Rx,50.000000,150.000000,0.020599,-49.979401,,,250.000397,-134.999725,480.000092,-90.000000,89.999969,-89.999916,250.000443,-134.999756,479.999451,-165.963837,89.999886,-165.963730,-0.043866,-0.031638,-0.110731,0.006866,0.020599,-0.020599,
feedback,5.802841,1786414243693,9,Rx,50.000000,150.000000,0.020599,-49.979401,,,250.000397,-134.999725,480.000092,-90.000000,89.999969,-89.999916,250.000977,-134.999725,479.999512,-168.690094,89.999863,-168.690018,0.131950,-0.012224,0.010303,-0.000000,0.006866,-0.020599,
feedback,5.810314,1786414243701,9,Rx,50.000000,150.000000,-0.006866,-50.006866,,,250.000397,-134.999725,480.000092,-90.000000,89.999969,-89.999916,249.999756,-134.999634,480.000671,-14.036321,89.999886,-14.036183,-0.170776,0.029960,0.169217,0.006866,-0.034332,0.006866,
feedback,5.819026,1786414243710,9,Rx,50.000000,150.000000,0.000000,-50.000000,,,250.000397,-134.999725,480.000092,-90.000000,89.999969,-89.999916,250.000229,-134.999725,480.000031,-90.000000,89.999947,-89.999916,-0.126919,0.038829,-0.030435,0.006866,-0.006866,-0.000000,
feedback,5.828051,1786414243718,9,Rx,50.000000,150.000000,-0.013733,-50.013733,,,250.000397,-134.999725,480.000092,-90.000000,89.999969,-89.999916,250.000458,-134.999680,480.000305,-71.565056,89.999916,-71.564949,-0.096350,0.059921,0.239442,-0.013733,-0.041199,0.013733,
feedback,5.834729,1786414243726,9,Rx,50.000000,150.000000,-0.000000,-50.000000,,,250.000397,-134.999725,480.000092,-90.000000,89.999969,-89.999916,250.000671,-134.999878,479.999786,-123.690094,89.999901,-123.690010,0.129430,0.000000,-0.109296,-0.013733,0.020599,0.000000,
feedback,5.843775,1786414243735,9,Rx,50.000000,150.000000,-0.013733,-50.013733,,,250.000397,-134.999725,480.000092,-90.000000,89.999969,-89.999916,250.000732,-134.999710,479.999268,-158.198685,89.999855,-158.198547,0.101380,0.040507,-0.208521,0.000000,0.020599,0.013733,
feedback,5.851016,1786414243743,9,Rx,50.000000,150.000000,-0.013733,-50.013733,,,250.000397,-134.999725,480.000092,-90.000000,89.999969,-89.999916,250.000107,-134.999756,480.000336,-26.565117,89.999939,-26.565008,-0.144886,0.001678,0.239442,0.013733,-0.041199,0.013733,
feedback,5.859345,1786414243752,9,Rx,50.000000,150.000000,0.006866,-49.993134,,,250.000397,-134.999725,480.000092,-90.000000,89.999969,-89.999916,250.000626,-134.999832,479.999908,179.999969,89.999969,-179.999969,0.059683,0.008868,0.071185,0.006866,-0.020599,-0.006866,
feedback,5.867319,1786414243760,9,Rx,50.000000,150.000000,-0.013733,-50.013733,,,250.000397,-134.999725,480.000092,-90.000000,89.999969,-89.999916,250.000381,-134.999710,480.000000,-63.434971,89.999939,-63.434834,0.086648,0.021092,0.051770,0.000000,-0.020599,0.013733,
feedback,5.875686,1786414243768,9,Rx,50.000000,150.000000,0.000000,-50.000000,,,250.000397,-134.999725,480.000092,-90.000000,89.999969,-89.999916,250.000748,-134.999802,480.000305,0.000027,89.999916,0.000055,0.074426,0.019415,0.121277,0.006866,-0.027466,0.000000,
feedback,5.884027,1786414243777,9,Rx,50.000000,150.000000,-0.027466,-50.027466,,,250.000397,-134.999725,480.000092,-90.000000,89.999969,-89.999916,250.000336,-134.999512,479.999695,-135.000046,89.999924,-134.999878,0.003234,0.081013,-0.060638,-0.006866,0.013733,0.027466,
feedback,5.892268,1786414243785,9,Rx,50.000000,150.000000,0.034332,-49.965668,,,250.000397,-134.999725,480.000092,-90.000000,89.999969,-89.999916,250.000259,-135.000092,479.999725,-161.565002,89.999916,-161.565063,-0.003957,-0.091560,-0.171612,-0.000000,0.048065,-0.034332,
feedback,5.900704,1786414243794,9,Rx,50.000000,150.000000,-0.034332,-50.034332,,,250.000397,-134.999725,480.000092,-90.000000,89.999969,-89.999916,250.000046,-134.999634,480.000092,-23.172482,90.000000,-23.172344,-0.084489,0.072145,0.028283,0.013733,0.006866,0.034332,
feedback,5.908939,1786414243798,9,Rx,50.000000,150.000000,0.020599,-49.979401,,,250.000397,-134.999725,480.000092,-90.000000,89.999969,-89.999916,250.000336,-134.999832,479.999939,-90.000000,89.999947,-89.999947,0.070108,-0.051053,-0.038829,-0.013733,-0.000000,-0.020599,
feedback,5.916934,1786414243806,9,Rx,50.000000,150.000000,-0.041199,-50.041199,,,250.000397,-134.999725,480.000092,-90.000000,89.999969,-89.999916,250.000565,-134.999634,479.999176,-158.198730,89.999855,-158.198547,0.085563,0.063277,-0.220027,-0.006866,0.041199,0.041199,
feedback,5.925300,1786414243815,9,Rx,50.000000,150.000000,-0.013733,-50.013733,,,250.000397,-134.999725,480.000092,-90.000000,89.999969,-89.999916,250.000214,-134.999756,480.000061,-63.434967,89.999939,-63.434856,-0.070469,0.040507,0.050335,0.006866,-0.020599,0.013733,
feedback,5.933621,1786414243823,9,Rx,50.000000,150.000000,0.020599,-49.979401,,,250.000397,-134.999725,480.000092,-90.000000,89.999969,-89.999916,250.000046,-134.999878,479.999786,153.434952,89.999939,153.434982,-0.101029,-0.031638,-0.011263,0.013733,0.006866,-0.020599,
feedback,5.941743,1786414243832,9,Rx,50.000000,150.000000,0.006866,-49.993134,,,250.000397,-134.999725,480.000092,-90.000000,89.999969,-89.999916,250.000381,-134.999832,479.999634,-153.435043,89.999878,-153.434921,-0.044941,-0.029961,-0.021092,-0.006866,0.013733,-0.006866,
feedback,5.949745,1786414243840,9,Rx,50.000000,150.000000,0.000000,-50.000000,,,250.000397,-134.999725,480.000092,-90.000000,89.999969,-89.999916,250.000381,-134.999741,479.999969,-116.565086,89.999939,-116.564919,-0.028762,0.000000,0.029961,0.000000,-0.006866,0.000000,
feedback,5.957927,1786414243849,9,Rx,50.000000,150.000000,0.027466,-49.972534,,,250.000397,-134.999725,480.000092,-90.000000,89.999969,-89.999916,250.000320,-134.999954,479.999634,-153.434967,89.999939,-153.434937,-0.059683,-0.061599,-0.020132,0.006866,0.000000,-0.027466,
feedback,5.966185,1786414243857,9,Rx,50.000000,150.000000,-0.006866,-50.006866,,,250.000397,-134.999725,480.000092,-90.000000,89.999969,-89.999916,250.000381,-134.999908,480.000336,-26.565096,89.999939,-26.565041,-0.027678,0.010546,0.250705,0.006866,-0.048065,0.006866,
feedback,5.974288,1786414243865,9,Rx,50.000000,150.000000,-0.013733,-50.013733,,,250.000397,-134.999725,480.000092,-90.000000,89.999969,-89.999916,250.000443,-134.999878,479.999664,-146.309982,89.999901,-146.309906,0.057886,0.021092,0.030678,-0.006866,-0.006866,0.013733,
feedback,5.982768,1786414243874,9,Rx,50.000000,150.000000,0.020599,-49.979401,,,250.000397,-134.999725,480.000092,-90.000000,89.999969,-89.999916,250.000046,-134.999924,480.000153,-44.999985,89.999962,-44.999985,-0.115049,-0.031638,0.119842,0.013733,-0.027466,-0.020599,
feedback,5.990570,1786414243882,9,Rx,50.000000,150.000000,0.000000,-50.000000,,,250.000397,-134.999725,480.000092,-90.000000,89.999969,-89.999916,250.000381,-134.999756,480.000153,-63.434967,89.999939,-63.434856,0.000361,0.000000,0.090599,-0.006866,-0.020599,-0.000000,
feedback,5.999013,1786414243891,9,Rx,50.000000,150.000000,-0.013733,-50.013733,,,250.000397,-134.999725,480.000092,-90.000000,89.999969,-89.999916,250.000732,-134.999832,479.999634,-143.130173,89.999863,-143.130066,0.188038,0.021092,0.000474,0.000000,0.013733,0.013733,
feedback,6.007186,1786414243899,9,Rx,50.000000,150.000000,0.006866,-49.993134,,,250.000397,-134.999725,480.000092,-90.000000,89.999969,-89.999916,250.000046,-134.999725,480.000092,-90.000000,89.999969,-89.999916,0.032357,0.028283,0.000000,0.006866,0.000000,-0.006866,
feedback,6.015494,1786414243908,9,Rx,50.000000,150.000000,0.020599,-49.979401,,,250.000397,-134.999725,480.000092,-90.000000,89.999969,-89.999916,250.000031,-135.000076,480.000031,-90.000000,89.999969,-90.000000,-0.048898,-0.089882,-0.039546,0.020599,-0.000000,-0.020599,
feedback,6.023517,1786414243912,9,Rx,50.000000,150.000000,-0.020599,-50.020599,,,250.000397,-134.999725,480.000092,-90.000000,89.999969,-89.999916,250.000381,-134.999802,480.000000,-0.000055,89.999969,0.000027,0.089882,0.070467,-0.008868,0.006866,-0.006866,0.020599,
feedback,6.031989,1786414243921,9,Rx,50.000000,150.000000,-0.006866,-50.006866,,,250.000397,-134.999725,480.000092,-90.000000,89.999969,-89.999916,250.000275,-134.999878,480.000061,-108.434952,89.999916,-108.434921,-0.100668,0.010546,0.079336,-0.013733,-0.013733,0.006866,
feedback,6.040474,1786414243929,9,Rx,50.000000,150.000000,0.006866,-49.993134,,,250.000397,-134.999725,480.000092,-90.000000,89.999969,-89.999916,250.000565,-134.999832,479.999847,-123.690079,89.999901,-123.690018,0.029124,-0.010546,0.009586,-0.013733,0.006866,-0.006866,
feedback,6.048628,1786414243938,9,Rx,50.000000,150.000000,0.013733,-49.986267,,,250.000397,-134.999725,480.000092,-90.000000,89.999969,-89.999916,250.000381,-135.000000,479.999451,-153.434952,89.999878,-153.434952,-0.045664,-0.040507,-0.100185,0.006866,0.013733,-0.013733,
feedback,6.056500,1786414243946,9,Rx,50.000000,150.000000,-0.006866,-50.006866,,,250.000397,-134.999725,480.000092,-90.000000,89.999969,-89.999916,250.000610,-134.999878,479.999390,-153.434952,89.999878,-153.434921,0.056439,0.010546,-0.229613,0.006866,0.034332,0.006866,
feedback,6.064872,1786414243954,9,Rx,50.000000,150.000000,-0.034332,-50.034332,,,250.000397,-134.999725,480.000092,-90.000000,89.999969,-89.999916,250.000107,-134.999588,480.000305,-63.434971,89.999939,-63.434807,0.016540,0.072145,0.039546,-0.000000,0.000000,0.034332,
feedback,6.072924,1786414243963,9,Rx,50.000000,150.000000,0.013733,-49.986267,,,250.000397,-134.999725,480.000092,-90.000000,89.999969,-89.999916,250.000046,-134.999969,480.000092,-153.434906,89.999939,-153.434937,-0.071544,-0.021092,0.037869,0.006866,0.013733,-0.013733,
feedback,6.081339,1786414243971,9,Rx,50.000000,150.000000,-0.006866,-50.006866,,,250.000397,-134.999725,480.000092,-90.000000,89.999969,-89.999916,250.000168,-134.999680,480.000336,-26.565096,89.999939,-26.564985,-0.041346,0.029961,0.059921,-0.006866,-0.013733,0.006866,
feedback,6.089367,1786414243979,9,Rx,50.000000,150.000000,-0.006866,-50.006866,,,250.000397,-134.999725,480.000092,-90.000000,89.999969,-89.999916,250.000381,-134.999832,480.000000,-63.434956,89.999939,-63.434898,0.159989,0.029961,-0.098750,-0.000000,0.013733,0.006866,
feedback,6.097726,1786414243988,9,Rx,50.000000,150.000000,0.000000,-50.000000,,,250.000397,-134.999725,480.000092,-90.000000,89.999969,-89.999916,250.000320,-134.999878,479.999786,179.999924,89.999947,-180.000000,0.070108,-0.019414,-0.089882,0.013733,0.020599,-0.000000,
feedback,6.106206,1786414243996,9,Rx,50.000000,150.000000,0.061798,-49.938202,,,250.000397,-134.999725,480.000092,-90.000000,89.999969,-89.999916,250.000595,-135.000320,479.999634,165.963806,89.999886,165.963699,0.095274,-0.153159,-0.149803,0.027466,0.034332,-0.061798,
feedback,6.114296,1786414244005,9,Rx,50.000000,150.000000,-0.013733,-50.013733,,,250.000397,-134.999725,480.000092,-90.000000,89.999969,-89.999916,250.000565,-134.999634,479.999146,-170.537766,89.999832,-170.537628,0.058598,0.040507,-0.200613,-0.000000,0.041199,0.013733,
feedback,6.122203,1786414244013,9,Rx,50.000000,150.000000,-0.027466,-50.027466,,,250.000397,-134.999725,480.000092,-90.000000,89.999969,-89.999916,250.000107,-134.999512,480.000305,-18.435022,89.999916,-18.434858,0.001436,0.061599,0.000960,-0.006866,-0.013733,0.027466,
feedback,6.130900,1786414244021,9,Rx,50.000000,150.000000,-0.006866,-50.006866,,,250.000397,-134.999725,480.000092,-90.000000,89.999969,-89.999916,250.000748,-134.999756,479.999756,-146.309937,89.999901,-146.309875,0.032357,0.049375,0.051053,-0.006866,-0.020599,0.006866,
feedback,6.138561,1786414244030,9,Rx,50.000000,150.000000,-0.034332,-50.034332,,,250.000397,-134.999725,480.000092,-90.000000,89.999969,-89.999916,250.000153,-134.999878,479.999695,179.999924,89.999947,-180.000000,0.042782,0.052731,-0.110014,0.006866,0.020599,0.034332,
feedback,6.146768,1786414244038,9,Rx,50.000000,150.000000,-0.020599,-50.020599,,,250.000397,-134.999725,480.000092,-90.000000,89.999969,-89.999916,250.000504,-134.999725,479.999634,179.999969,89.999893,-179.999939,0.116846,0.051053,-0.130389,0.013733,0.034332,0.020599,
feedback,6.154619,1786414244047,9,Rx,50.000000,150.000000,0.013733,-49.986267,,,250.000397,-134.999725,480.000092,-90.000000,89.999969,-89.999916,250.000565,-134.999924,480.000397,-44.999985,89.999962,-44.999985,0.087371,-0.021092,0.130863,0.006866,-0.020599,-0.013733,
feedback,6.162803,1786414244055,9,Rx,50.000000,150.000000,-0.006866,-50.006866,,,250.000397,-134.999725,480.000092,-90.000000,89.999969,-89.999916,250.000397,-134.999802,479.999939,-90.000000,89.999947,-89.999969,-0.013306,0.029961,-0.100185,-0.013733,0.013733,0.006866,
feedback,6.171169,1786414244063,9,Rx,50.000000,150.000000,-0.006866,-50.006866,,,250.000397,-134.999725,480.000092,-90.000000,89.999969,-89.999916,250.000214,-134.999756,479.999847,-90.000000,89.999947,-89.999947,0.060758,0.049375,-0.069507,0.006866,0.006866,0.006866,
feedback,6.179322,1786414244072,9,Rx,50.000000,150.000000,0.020599,-49.979401,,,250.000397,-134.999725,480.000092,-90.000000,89.999969,-89.999916,250.000504,-134.999924,479.999298,-161.565033,89.999825,-161.565033,0.172572,-0.031638,-0.230816,-0.000000,0.061798,-0.020599,
feedback,6.187627,1786414244080,9,Rx,50.000000,150.000000,-0.048065,-50.048065,,,250.000397,-134.999725,480.000092,-90.000000,89.999969,-89.999916,250.000168,-134.999680,480.000336,-56.309948,89.999901,-56.309841,-0.010425,0.112652,0.110014,-0.020599,-0.020599,0.048065,
feedback,6.195858,1786414244088,9,Rx,50.000000,150.000000,-0.013733,-50.013733,,,250.000397,-134.999725,480.000092,-90.000000,89.999969,-89.999916,250.000214,-134.999802,480.000061,-45.000027,89.999962,-44.999947,-0.029124,0.021092,-0.009586,0.013733,-0.006866,0.013733,
feedback,6.204140,1786414244093,9,Rx,50.000000,150.000000,0.013733,-49.986267,,,250.000397,-134.999725,480.000092,-90.000000,89.999969,-89.999916,250.000214,-134.999954,479.999908,-135.000015,89.999962,-134.999985,-0.059683,-0.040507,-0.020132,0.013733,0.000000,-0.013733,
feedback,6.212311,1786414244102,9,Rx,50.000000,150.000000,0.013733,-49.986267,,,250.000397,-134.999725,480.000092,-90.000000,89.999969,-89.999916,250.000336,-134.999924,480.000092,-90.000000,89.999947,-90.000000,0.014743,-0.021092,0.050092,0.013733,-0.006866,-0.013733,
feedback,6.220348,1786414244110,9,Rx,50.000000,150.000000,0.013733,-49.986267,,,250.000397,-134.999725,480.000092,-90.000000,89.999969,-89.999916,249.999863,-134.999924,479.999695,-123.690056,89.999901,-123.690056,0.001075,-0.001678,-0.140691,-0.013733,0.027466,-0.013733,
feedback,6.229634,1786414244119,9,Rx,50.000000,150.000000,-0.013733,-50.013733,,,250.000397,-134.999725,480.000092,-90.000000,89.999969,-89.999916,250.000336,-134.999832,479.999939,-90.000000,89.999916,-89.999947,0.016540,0.040507,0.090599,-0.006866,-0.020599,0.013733,
feedback,6.236897,1786414244127,9,Rx,50.000000,150.000000,-0.006866,-50.006866,,,250.000397,-134.999725,480.000092,-90.000000,89.999969,-89.999916,250.000732,-134.999756,479.999634,-135.000046,89.999924,-134.999924,0.100667,0.010546,-0.028283,0.006866,-0.006866,0.006866,
feedback,6.245715,1786414244135,9,Rx,50.000000,150.000000,-0.013733,-50.013733,,,250.000397,-134.999725,480.000092,-90.000000,89.999969,-89.999916,250.000275,-134.999680,479.999695,-123.690086,89.999901,-123.689972,0.087722,0.040507,-0.139974,-0.006866,0.027466,0.013733,
feedback,6.253461,1786414244144,9,Rx,50.000000,150.000000,-0.013733,-50.013733,,,250.000397,-134.999725,480.000092,-90.000000,89.999969,-89.999916,250.000397,-134.999634,479.999939,-90.000000,89.999947,-89.999863,0.044941,0.040507,0.021092,-0.006866,-0.013733,0.013733,
feedback,6.261317,1786414244152,9,Rx,50.000000,150.000000,0.034332,-49.965668,,,250.000397,-134.999725,480.000092,-90.000000,89.999969,-89.999916,250.000153,-134.999908,479.999847,-135.000031,89.999924,-134.999969,-0.145970,-0.072145,0.069750,-0.006866,-0.020599,-0.034332,
feedback,6.269636,1786414244161,9,Rx,50.000000,150.000000,0.000000,-50.000000,,,250.000397,-134.999725,480.000092,-90.000000,89.999969,-89.999916,250.000336,-134.999878,479.999939,-90.000000,89.999969,-89.999969,0.043505,0.000000,0.071185,0.006866,-0.020599,-0.000000,
feedback,6.278336,1786414244169,9,Rx,50.000000,150.000000,-0.000000,-50.000000,,,250.000397,-134.999725,480.000092,-90.000000,89.999969,-89.999916,250.000549,-134.999908,479.999908,179.999939,89.999969,180.000000,0.056088,-0.019415,-0.009829,0.020599,0.006866,-0.000000,
feedback,6.286659,1786414244177,9,Rx,50.000000,150.000000,-0.048065,-50.048065,,,250.000397,-134.999725,480.000092,-90.000000,89.999969,-89.999916,250.000275,-134.999344,479.999695,-153.435165,89.999939,-153.434845,0.130865,0.093237,-0.159389,0.013733,0.027466,0.048065,
feedback,6.294972,1786414244186,9,Rx,50.000000,150.000000,-0.006866,-50.006866,,,250.000397,-134.999725,480.000092,-90.000000,89.999969,-89.999916,250.000107,-134.999878,480.000183,-56.309933,89.999901,-56.309906,-0.057524,0.010546,0.110974,-0.006866,-0.034332,0.006866,
feedback,6.302337,1786414244194,9,Rx,50.000000,150.000000,-0.006866,-50.006866,,,250.000397,-134.999725,480.000092,-90.000000,89.999969,-89.999916,250.000214,-134.999908,480.000061,-116.565063,89.999939,-116.565010,-0.044941,-0.008868,0.029961,0.000000,-0.006866,0.006866,
feedback,6.311189,1786414244203,9,Rx,50.000000,150.000000,0.006866,-49.993134,,,250.000397,-134.999725,480.000092,-90.000000,89.999969,-89.999916,250.000504,-134.999802,479.999512,-146.309967,89.999901,-146.309891,0.068310,-0.049375,-0.079336,0.006866,0.013733,-0.006866,
feedback,6.319277,1786414244207,9,Rx,50.000000,150.000000,-0.000000,-50.000000,,,250.000397,-134.999725,480.000092,-90.000000,89.999969,-89.999916,250.000168,-134.999725,480.000183,-26.565073,89.999939,-26.564991,0.071905,0.000000,-0.049375,-0.000000,0.006866,0.000000,
feedback,6.328444,1786414244217,9,Rx,50.000000,150.000000,-0.000000,-50.000000,,,250.000397,-134.999725,480.000092,-90.000000,89.999969,-89.999916,250.000153,-134.999878,479.999847,-153.435013,89.999939,-153.434937,-0.058960,-0.019414,0.007908,-0.013733,0.020599,0.000000,
feedback,6.335139,1786414244226,9,Rx,50.000000,150.000000,0.020599,-49.979401,,,250.000397,-134.999725,480.000092,-90.000000,89.999969,-89.999916,250.000488,-134.999954,479.999695,179.999969,89.999947,180.000000,0.039548,-0.070467,-0.049375,0.006866,0.006866,-0.020599,
feedback,6.343685,1786414244234,9,Rx,50.000000,150.000000,-0.027466,-50.027466,,,250.000397,-134.999725,480.000092,-90.000000,89.999969,-89.999916,250.000732,-134.999710,479.999939,-135.000061,89.999924,-134.999924,0.132312,0.061599,0.049849,-0.013733,0.006866,0.027466,
feedback,6.352218,1786414244243,9,Rx,50.000000,150.000000,0.013733,-49.986267,,,250.000397,-134.999725,480.000092,-90.000000,89.999969,-89.999916,250.000381,-134.999908,479.999451,-165.963806,89.999886,-165.963760,0.070108,-0.040507,-0.089882,-0.006866,0.020599,-0.013733,
feedback,6.360666,1786414244252,9,Rx,50.000000,150.000000,0.000000,-50.000000,,,250.000397,-134.999725,480.000092,-90.000000,89.999969,-89.999916,249.999924,-134.999832,480.000580,-26.565073,89.999939,-26.565018,-0.098509,0.019414,0.108336,0.013733,-0.006866,0.000000,
feedback,6.367821,1786414244261,9,Rx,50.000000,150.000000,-0.006866,-50.006866,,,250.000397,-134.999725,480.000092,-90.000000,89.999969,-89.999916,250.000443,-134.999878,480.000031,-90.000000,89.999969,-89.999916,0.144534,0.010546,0.031395,0.000000,-0.006866,0.006866,
feedback,6.376089,1786414244265,9,Rx,50.000000,150.000000,0.006866,-49.993134,,,250.000397,-134.999725,480.000092,-90.000000,89.999969,-89.999916,250.000214,-134.999832,480.000214,-45.000015,89.999962,-44.999958,-0.055727,0.008868,0.049375,0.000000,-0.006866,-0.006866,
feedback,6.384813,1786414244274,9,Rx,50.000000,150.000000,-0.013733,-50.013733,,,250.000397,-134.999725,480.000092,-90.000000,89.999969,-89.999916,250.000549,-134.999878,479.999542,-143.130157,89.999863,-143.130066,0.083765,0.001678,-0.209481,-0.013733,0.034332,0.013733,
feedback,6.392373,1786414244283,9,Rx,50.000000,150.000000,-0.013733,-50.013733,,,250.000397,-134.999725,480.000092,-90.000000,89.999969,-89.999916,250.000046,-134.999756,480.000153,-63.434967,89.999939,-63.434856,-0.071544,0.021092,0.139974,-0.006866,-0.027466,0.013733,
feedback,6.401285,1786414244291,9,Rx,50.000000,150.000000,0.020599,-49.979401,,,250.000397,-134.999725,480.000092,-90.000000,89.999969,-89.999916,250.000320,-134.999954,479.999786,-153.434967,89.999939,-153.434937,0.055727,-0.051053,-0.100428,0.006866,0.027466,-0.020599,
feedback,6.409062,1786414244300,9,Rx,50.000000,150.000000,-0.020599,-50.020599,,,250.000397,-134.999725,480.000092,-90.000000,89.999969,-89.999916,250.000336,-134.999756,479.999725,-146.309982,89.999901,-146.309875,0.013658,0.031638,-0.170652,0.027466,0.034332,0.020599,
feedback,6.417867,1786414244308,9,Rx,50.000000,150.000000,-0.013733,-50.013733,,,250.000397,-134.999725,480.000092,-90.000000,89.999969,-89.999916,250.000565,-134.999710,480.000214,-45.000053,89.999962,-44.999916,-0.042782,0.021092,0.110014,0.000000,-0.020599,0.013733,
feedback,6.425163,1786414244317,9,Rx,50.000000,150.000000,0.006866,-49.993134,,,250.000397,-134.999725,480.000092,-90.000000,89.999969,-89.999916,250.000504,-134.999802,480.000031,-90.000000,89.999947,-89.999916,-0.071544,-0.010546,0.139974,0.000000,-0.027466,-0.006866,
feedback,6.434334,1786414244325,9,Rx,50.000000,150.000000,-0.013733,-50.013733,,,250.000397,-134.999725,480.000092,-90.000000,89.999969,-89.999916,250.000748,-134.999634,479.999756,-161.565125,89.999916,-161.564987,0.018338,0.059921,0.080053,0.013733,-0.013733,0.013733,
feedback,6.441781,1786414244334,9,Rx,50.000000,150.000000,0.006866,-49.993134,,,250.000397,-134.999725,480.000092,-90.000000,89.999969,-89.999916,250.000153,-134.999802,480.000031,-90.000000,89.999916,-89.999916,-0.058960,-0.029961,0.110014,-0.006866,-0.020599,-0.006866,
feedback,6.450842,1786414244342,9,Rx,50.000000,150.000000,-0.020599,-50.020599,,,250.000397,-134.999725,480.000092,-90.000000,89.999969,-89.999916,250.000687,-134.999588,479.999176,-171.870010,89.999809,-171.869843,0.044579,0.051053,-0.069507,0.000000,0.006866,0.020599,
feedback,6.457825,1786414244350,9,Rx,50.000000,150.000000,0.013733,-49.986267,,,250.000397,-134.999725,480.000092,-90.000000,89.999969,-89.999916,249.999985,-134.999832,479.999939,-135.000061,89.999924,-134.999939,-0.001436,-0.040507,-0.000960,-0.013733,0.013733,-0.013733,
feedback,6.465810,1786414244359,9,Rx,50.000000,150.000000,0.006866,-49.993134,,,250.000397,-134.999725,480.000092,-90.000000,89.999969,-89.999916,250.000214,-134.999710,479.999847,-153.435043,89.999939,-153.434906,-0.030921,-0.029961,-0.050092,0.006866,0.006866,-0.006866,
feedback,6.474393,1786414244363,9,Rx,50.000000,150.000000,0.000000,-50.000000,,,250.000397,-134.999725,480.000092,-90.000000,89.999969,-89.999916,250.000458,-134.999634,479.999786,179.999924,89.999947,-179.999939,0.073341,0.019415,-0.150520,0.006866,0.034332,-0.000000,
feedback,6.482665,1786414244372,9,Rx,50.000000,150.000000,0.013733,-49.986267,,,250.000397,-134.999725,480.000092,-90.000000,89.999969,-89.999916,250.000107,-134.999725,480.000153,-45.000015,89.999962,-44.999931,-0.086286,-0.021092,0.089882,-0.006866,-0.020599,-0.013733,
feedback,6.490650,1786414244381,9,Rx,50.000000,150.000000,0.013733,-49.986267,,,250.000397,-134.999725,480.000092,-90.000000,89.999969,-89.999916,249.999512,-134.999908,480.000977,-7.125071,89.999779,-7.125016,-0.219312,-0.059921,0.220270,-0.000000,-0.054932,-0.013733,
feedback,6.499168,1786414244390,9,Rx,50.000000,150.000000,0.000000,-50.000000,,,250.000397,-134.999725,480.000092,-90.000000,89.999969,-89.999916,250.000458,-134.999756,479.999786,-180.000000,89.999947,-179.999939,-0.015104,-0.000000,-0.089639,0.006866,0.006866,-0.000000,
feedback,6.507021,1786414244399,9,Rx,50.000000,150.000000,-0.006866,-50.006866,,,250.000397,-134.999725,480.000092,-90.000000,89.999969,-89.999916,250.000565,-134.999588,480.000031,-90.000000,89.999947,-89.999832,0.028762,0.010546,-0.029961,-0.006866,0.006866,0.006866,
feedback,6.515215,1786414244407,9,Rx,50.000000,150.000000,0.013733,-49.986267,,,250.000397,-134.999725,480.000092,-90.000000,89.999969,-89.999916,250.000854,-134.999756,479.999268,-164.054611,89.999802,-164.054550,0.201334,-0.021092,-0.260777,-0.013733,0.068665,-0.013733,
feedback,6.523247,1786414244416,9,Rx,50.000000,150.000000,-0.000000,-50.000000,,,250.000397,-134.999725,480.000092,-90.000000,89.999969,-89.999916,250.000504,-134.999710,479.999664,-135.000061,89.999886,-134.999924,0.028401,0.000000,-0.120560,-0.013733,0.027466,0.000000,
feedback,6.531221,1786414244421,9,Rx,50.000000,150.000000,0.006866,-49.993134,,,250.000397,-134.999725,480.000092,-90.000000,89.999969,-89.999916,250.000381,-134.999832,479.999634,-153.435043,89.999878,-153.434921,-0.030560,-0.029961,-0.010546,0.006866,0.006866,-0.006866,
feedback,6.539579,1786414244429,9,Rx,50.000000,150.000000,0.013733,-49.986267,,,250.000397,-134.999725,480.000092,-90.000000,89.999969,-89.999916,249.999924,-134.999832,480.000427,-0.000027,89.999947,0.000027,-0.028762,-0.021092,0.029961,0.006866,-0.006866,-0.013733,
feedback,6.548396,1786414244438,9,Rx,50.000000,150.000000,-0.020599,-50.020599,,,250.000397,-134.999725,480.000092,-90.000000,89.999969,-89.999916,250.000793,-134.999756,479.999634,-165.963837,89.999886,-165.963730,0.086648,0.031638,-0.050336,0.000000,0.020599,0.020599,
feedback,6.555959,1786414244446,9,Rx,50.000000,150.000000,-0.013733,-50.013733,,,250.000397,-134.999725,480.000092,-90.000000,89.999969,-89.999916,250.000397,-134.999634,479.999573,-146.309982,89.999901,-146.309845,0.014019,0.021092,-0.131106,-0.000000,0.034332,0.013733,
feedback,6.564721,1786414244455,9,Rx,50.000000,150.000000,-0.006866,-50.006866,,,250.000397,-134.999725,480.000092,-90.000000,89.999969,-89.999916,250.000626,-134.999725,480.000031,-135.000015,89.999924,-134.999924,0.101752,0.010546,0.090356,-0.006866,-0.006866,0.006866,
feedback,6.572360,1786414244463,9,Rx,50.000000,150.000000,-0.013733,-50.013733,,,250.000397,-134.999725,480.000092,-90.000000,89.999969,-89.999916,250.000732,-134.999634,479.999573,-161.565125,89.999916,-161.564987,0.174009,0.040507,-0.178803,0.006866,0.027466,0.013733,
feedback,6.580649,1786414244472,9,Rx,50.000000,150.000000,0.027466,-49.972534,,,250.000397,-134.999725,480.000092,-90.000000,89.999969,-89.999916,249.999847,-135.000122,479.999939,-13.497326,90.000000,-13.497354,-0.017263,-0.061599,-0.169692,0.006866,0.020599,-0.027466,
feedback,6.588650,1786414244480,9,Rx,50.000000,150.000000,-0.000000,-50.000000,,,250.000397,-134.999725,480.000092,-90.000000,89.999969,-89.999916,250.000092,-134.999878,479.999847,-90.000000,89.999947,-89.999916,-0.002159,-0.019414,-0.080053,0.006866,0.013733,0.000000,
feedback,6.597048,1786414244488,9,Rx,50.000000,150.000000,-0.006866,-50.006866,,,250.000397,-134.999725,480.000092,-90.000000,89.999969,-89.999916,250.000336,-134.999832,479.999725,-146.309952,89.999901,-146.309891,-0.001798,-0.008868,-0.040507,0.000000,0.013733,0.006866,
feedback,6.605375,1786414244497,9,Rx,50.000000,150.000000,-0.006866,-50.006866,,,250.000397,-134.999725,480.000092,-90.000000,89.999969,-89.999916,250.000336,-134.999710,479.999786,90.000000,89.999969,90.000137,-0.101029,0.010546,0.090842,0.027466,-0.034332,0.006866,
feedback,6.613257,1786414244505,9,Rx,50.000000,150.000000,0.013733,-49.986267,,,250.000397,-134.999725,480.000092,-90.000000,89.999969,-89.999916,249.999985,-134.999878,479.999939,-90.000000,89.999947,-89.999969,-0.000361,-0.021092,-0.039546,0.000000,-0.000000,-0.013733,
feedback,6.621965,1786414244514,9,Rx,50.000000,150.000000,0.013733,-49.986267,,,250.000397,-134.999725,480.000092,-90.000000,89.999969,-89.999916,250.000153,-134.999878,480.000397,-33.690067,89.999901,-33.690041,-0.102465,-0.040507,0.140935,-0.013733,-0.041199,-0.013733,
feedback,6.630342,1786414244522,9,Rx,50.000000,150.000000,-0.020599,-50.020599,,,250.000397,-134.999725,480.000092,-90.000000,89.999969,-89.999916,250.000916,-134.999634,479.999298,-170.537766,89.999832,-170.537628,0.102465,0.051053,-0.089882,0.000000,0.020599,0.020599,
feedback,6.638278,1786414244530,9,Rx,50.000000,150.000000,0.006866,-49.993134,,,250.000397,-134.999725,480.000092,-90.000000,89.999969,-89.999916,249.999817,-134.999832,480.000031,-90.000000,89.999969,-89.999947,-0.189113,-0.029961,0.089164,0.013733,-0.020599,-0.006866,
feedback,6.646722,1786414244535,9,Rx,50.000000,150.000000,0.006866,-49.993134,,,250.000397,-134.999725,480.000092,-90.000000,89.999969,-89.999916,250.000397,-134.999756,479.999725,-161.565048,89.999916,-161.565002,0.085925,-0.010546,-0.180481,-0.000000,0.041199,-0.006866,
feedback,6.654110,1786414244543,9,Rx,50.000000,150.000000,-0.013733,-50.013733,,,250.000397,-134.999725,480.000092,-90.000000,89.999969,-89.999916,250.000397,-134.999680,479.999939,-90.000000,89.999947,-89.999893,-0.000000,0.021092,0.051053,-0.006866,-0.020599,0.013733,
feedback,6.662940,1786414244552,9,Rx,50.000000,150.000000,-0.020599,-50.020599,,,250.000397,-134.999725,480.000092,-90.000000,89.999969,-89.999916,250.000626,-134.999680,479.999512,-168.690125,89.999863,-168.690018,0.089520,0.070467,-0.150520,-0.000000,0.034332,0.020599,
feedback,6.670454,1786414244560,9,Rx,50.000000,150.000000,-0.000000,-50.000000,,,250.000397,-134.999725,480.000092,-90.000000,89.999969,-89.999916,250.000214,-134.999802,480.000214,-45.000027,89.999962,-44.999947,-0.059683,-0.019414,-0.020132,0.013733,0.000000,0.000000,
feedback,6.679267,1786414244569,9,Rx,50.000000,150.000000,0.000000,-50.000000,,,250.000397,-134.999725,480.000092,-90.000000,89.999969,-89.999916,250.000275,-134.999756,480.000275,-26.565117,89.999939,-26.565008,0.002520,0.019414,0.170652,0.000000,-0.034332,0.000000,
feedback,6.687395,1786414244577,9,Rx,50.000000,150.000000,0.006866,-49.993134,,,250.000397,-134.999725,480.000092,-90.000000,89.999969,-89.999916,249.999924,-134.999908,480.000458,-33.690105,89.999901,-33.690052,-0.089882,-0.049375,0.059921,0.006866,-0.013733,-0.006866,
feedback,6.695771,1786414244585,9,Rx,50.000000,150.000000,-0.006866,-50.006866,,,250.000397,-134.999725,480.000092,-90.000000,89.999969,-89.999916,250.000381,-134.999756,480.000153,-0.000082,89.999969,0.000027,-0.012222,0.029961,0.120560,0.013733,-0.027466,0.006866,
feedback,6.703355,1786414244594,9,Rx,50.000000,150.000000,0.013733,-49.986267,,,250.000397,-134.999725,480.000092,-90.000000,89.999969,-89.999916,250.000214,-134.999832,479.999847,-153.434967,89.999939,-153.434921,-0.084489,-0.001678,0.079336,-0.006866,-0.013733,-0.013733,
feedback,6.711959,1786414244602,9,Rx,50.000000,150.000000,-0.013733,-50.013733,,,250.000397,-134.999725,480.000092,-90.000000,89.999969,-89.999916,250.000336,-134.999756,479.999542,-165.963760,89.999886,-165.963699,0.003234,0.059921,-0.060638,-0.000000,0.013733,0.013733,
feedback,6.720000,1786414244611,9,Rx,50.000000,150.000000,-0.013733,-50.013733,,,250.000397,-134.999725,480.000092,-90.000000,89.999969,-89.999916,249.999649,-134.999680,480.000610,-0.000055,89.999863,0.000055,-0.127633,0.040507,0.200855,0.013733,-0.054932,0.013733,
feedback,6.727887,1786414244619,9,Rx,50.000000,150.000000,-0.000000,-50.000000,,,250.000397,-134.999725,480.000092,-90.000000,89.999969,-89.999916,250.000153,-134.999954,479.999695,-153.434967,89.999939,-153.434937,0.069746,-0.019414,-0.180481,0.000000,0.041199,0.000000,
feedback,6.736405,1786414244628,9,Rx,50.000000,150.000000,-0.013733,-50.013733,,,250.000397,-134.999725,480.000092,-90.000000,89.999969,-89.999916,250.000168,-134.999725,479.999969,179.999969,89.999969,-179.999939,0.133025,0.059921,-0.079336,-0.006866,0.013733,0.013733,
feedback,6.744292,1786414244637,9,Rx,50.000000,150.000000,0.027466,-49.972534,,,250.000397,-134.999725,480.000092,-90.000000,89.999969,-89.999916,249.999695,-135.000000,480.000702,-11.309933,89.999863,-11.309933,-0.073342,-0.061599,0.099467,-0.013733,-0.013733,-0.027466,
feedback,6.752909,1786414244646,9,Rx,50.000000,150.000000,0.034332,-49.965668,,,250.000397,-134.999725,480.000092,-90.000000,89.999969,-89.999916,250.000610,-135.000000,479.998871,-161.565048,89.999741,-161.565048,0.067224,-0.091560,-0.351133,-0.020599,0.075531,-0.034332,
feedback,6.760995,1786414244650,9,Rx,50.000000,150.000000,-0.020599,-50.020599,,,250.000397,-134.999725,480.000092,-90.000000,89.999969,-89.999916,250.000565,-134.999802,479.999847,179.999939,89.999947,-179.999969,-0.011499,0.051053,0.250705,0.020599,-0.048065,0.020599,
feedback,6.769026,1786414244659,9,Rx,50.000000,150.000000,0.020599,-49.979401,,,250.000397,-134.999725,480.000092,-90.000000,89.999969,-89.999916,250.000320,-135.000168,480.000336,26.565073,89.999939,26.565018,-0.005031,-0.089882,0.020132,0.020599,-0.000000,-0.020599,
feedback,6.777120,1786414244668,9,Rx,50.000000,150.000000,0.034332,-49.965668,,,250.000397,-134.999725,480.000092,-90.000000,89.999969,-89.999916,249.999878,-134.999924,480.000946,-8.130075,89.999809,-8.130075,-0.174371,-0.072145,0.190309,0.000000,-0.048065,-0.034332,
feedback,6.786903,1786414244676,9,Rx,50.000000,150.000000,-0.020599,-50.020599,,,250.000397,-134.999725,480.000092,-90.000000,89.999969,-89.999916,250.000275,-134.999878,479.999695,-180.000000,89.999893,-179.999969,-0.029124,0.031638,-0.111691,0.013733,0.034332,0.020599,
feedback,6.794438,1786414244685,9,Rx,50.000000,150.000000,0.000000,-50.000000,,,250.000397,-134.999725,480.000092,-90.000000,89.999969,-89.999916,250.000153,-134.999954,479.999847,-153.434967,89.999939,-153.434937,-0.001436,-0.019414,0.050092,-0.006866,-0.006866,0.000000,
feedback,6.802139,1786414244693,9,Rx,50.000000,150.000000,-0.034332,-50.034332,,,250.000397,-134.999725,480.000092,-90.000000,89.999969,-89.999916,250.000153,-134.999710,480.000031,-90.000000,89.999969,-89.999863,-0.000362,0.052731,-0.090599,-0.000000,0.020599,0.034332,
feedback,6.810084,1786414244702,9,Rx,50.000000,150.000000,0.027466,-49.972534,,,250.000397,-134.999725,480.000092,-90.000000,89.999969,-89.999916,250.000275,-134.999969,479.999756,-179.999939,89.999969,-179.999969,-0.103188,-0.061599,0.010789,-0.000000,-0.020599,-0.027466,
feedback,6.818961,1786414244710,9,Rx,50.000000,150.000000,-0.020599,-50.020599,,,250.000397,-134.999725,480.000092,-90.000000,89.999969,-89.999916,250.000336,-134.999588,479.999908,-135.000061,89.999962,-134.999893,0.030560,0.051053,-0.040507,-0.000000,0.013733,0.020599,
feedback,6.826385,1786414244718,9,Rx,50.000000,150.000000,0.006866,-49.993134,,,250.000397,-134.999725,480.000092,-90.000000,89.999969,-89.999916,250.000565,-134.999802,479.999847,-153.434998,89.999939,-153.434906,0.172934,-0.010546,-0.140217,-0.000000,0.041199,-0.006866,
feedback,6.835439,1786414244727,9,Rx,50.000000,150.000000,-0.013733,-50.013733,,,250.000397,-134.999725,480.000092,-90.000000,89.999969,-89.999916,250.000153,-134.999969,480.000031,-46.314297,90.000000,-46.314323,-0.012945,0.040507,-0.060639,0.006866,0.013733,0.013733,
feedback,6.843199,1786414244735,9,Rx,50.000000,150.000000,0.013733,-49.986267,,,250.000397,-134.999725,480.000092,-90.000000,89.999969,-89.999916,250.000854,-134.999878,479.999451,-161.565048,89.999825,-161.565018,0.099231,-0.040507,-0.080296,-0.006866,0.027466,-0.013733,
feedback,6.851764,1786414244743,9,Rx,50.000000,150.000000,-0.006866,-50.006866,,,250.000397,-134.999725,480.000092,-90.000000,89.999969,-89.999916,249.999985,-134.999908,480.000153,-63.434959,89.999939,-63.434906,-0.073703,-0.008868,0.059921,-0.000000,-0.013733,0.006866,
feedback,6.859623,1786414244752,9,Rx,50.000000,150.000000,-0.000000,-50.000000,,,250.000397,-134.999725,480.000092,-90.000000,89.999969,-89.999916,250.000046,-134.999725,480.000305,-33.690086,89.999901,-33.690002,-0.000361,-0.000000,-0.039546,-0.006866,-0.000000,-0.000000,
feedback,6.868142,1786414244760,9,Rx,50.000000,150.000000,-0.000000,-50.000000,,,250.000397,-134.999725,480.000092,-90.000000,89.999969,-89.999916,249.999985,-134.999832,479.999939,-47.225494,90.000000,-47.225437,-0.087009,-0.000000,-0.040264,0.013733,0.000000,0.000000,
feedback,6.875553,1786414244764,9,Rx,50.000000,150.000000,-0.013733,-50.013733,,,250.000397,-134.999725,480.000092,-90.000000,89.999969,-89.999916,250.000580,-134.999603,479.999969,-116.565056,89.999939,-116.564949,0.017976,0.059921,-0.010546,-0.006866,0.006866,0.013733,
feedback,6.884045,1786414244774,9,Rx,50.000000,150.000000,0.034332,-49.965668,,,250.000397,-134.999725,480.000092,-90.000000,89.999969,-89.999916,250.000443,-135.000046,479.999512,-161.565033,89.999916,-161.565048,-0.034878,-0.110974,-0.119599,0.006866,0.013733,-0.034332,
feedback,6.892416,1786414244782,9,Rx,50.000000,150.000000,-0.006866,-50.006866,,,250.000397,-134.999725,480.000092,-90.000000,89.999969,-89.999916,250.000504,-134.999725,479.999817,-135.000015,89.999962,-134.999924,0.102104,0.029961,-0.129428,0.006866,0.020599,0.006866,
feedback,6.900388,1786414244791,9,Rx,50.000000,150.000000,-0.027466,-50.027466,,,250.000397,-134.999725,480.000092,-90.000000,89.999969,-89.999916,250.000153,-134.999802,479.999512,179.999939,89.999916,-179.999969,-0.029124,0.042184,-0.060638,0.013733,0.013733,0.027466,
feedback,6.908324,1786414244800,9,Rx,50.000000,150.000000,0.006866,-49.993134,,,250.000397,-134.999725,480.000092,-90.000000,89.999969,-89.999916,249.999619,-135.000076,480.000336,-26.565073,89.999939,-26.565073,-0.015817,-0.029961,0.039546,0.006866,0.000000,-0.006866,
feedback,6.916503,1786414244809,9,Rx,50.000000,150.000000,0.013733,-49.986267,,,250.000397,-134.999725,480.000092,-90.000000,89.999969,-89.999916,250.000504,-134.999832,479.999664,-161.565079,89.999916,-161.565018,0.043143,-0.021092,-0.070467,0.006866,0.020599,-0.013733,
feedback,6.924701,1786414244818,9,Rx,50.000000,150.000000,-0.006866,-50.006866,,,250.000397,-134.999725,480.000092,-90.000000,89.999969,-89.999916,250.000443,-134.999878,479.999878,-90.000000,89.999969,-89.999916,-0.030198,-0.008868,0.131106,-0.013733,-0.034332,0.006866,
feedback,6.932896,1786414244822,9,Rx,50.000000,150.000000,0.020599,-49.979401,,,250.000397,-134.999725,480.000092,-90.000000,89.999969,-89.999916,249.999985,-135.000000,479.999939,-135.000000,89.999924,-135.000000,-0.115049,-0.031638,0.017737,-0.006866,0.013733,-0.020599,
feedback,6.941157,1786414244831,9,Rx,50.000000,150.000000,0.006866,-49.993134,,,250.000397,-134.999725,480.000092,-90.000000,89.999969,-89.999916,250.000259,-134.999908,480.000092,-50.520012,90.000000,-50.519958,0.025167,-0.049375,-0.008868,0.006866,-0.006866,-0.006866,
feedback,6.949061,1786414244839,9,Rx,50.000000,150.000000,-0.000000,-50.000000,,,250.000397,-134.999725,480.000092,-90.000000,89.999969,-89.999916,250.000153,-134.999832,479.999664,-161.565079,89.999916,-161.565018,-0.028762,-0.000000,-0.021092,-0.006866,0.013733,0.000000,
feedback,6.957216,1786414244848,9,Rx,50.000000,150.000000,0.013733,-49.986267,,,250.000397,-134.999725,480.000092,-90.000000,89.999969,-89.999916,250.000504,-134.999832,479.999878,-90.000000,89.999916,-89.999947,0.112889,-0.040507,-0.148843,-0.020599,0.020599,-0.013733,
feedback,6.965813,1786414244856,9,Rx,50.000000,150.000000,-0.000000,-50.000000,,,250.000397,-134.999725,480.000092,-90.000000,89.999969,-89.999916,250.000107,-134.999832,479.999969,179.999969,89.999969,-179.999969,0.043143,0.000000,-0.019414,0.006866,0.000000,-0.000000,
feedback,6.973875,1786414244865,9,Rx,50.000000,150.000000,-0.027466,-50.027466,,,250.000397,-134.999725,480.000092,-90.000000,89.999969,-89.999916,250.000504,-134.999680,479.999634,179.999939,89.999893,-179.999939,0.145608,0.061599,-0.160349,0.006866,0.041199,0.027466,
feedback,6.982203,1786414244873,9,Rx,50.000000,150.000000,-0.006866,-50.006866,,,250.000397,-134.999725,480.000092,-90.000000,89.999969,-89.999916,250.000168,-134.999756,480.000549,-45.000042,89.999886,-44.999931,0.055727,-0.008868,-0.049375,-0.020599,0.006866,0.006866,
feedback,6.990250,1786414244882,9,Rx,50.000000,150.000000,0.006866,-49.993134,,,250.000397,-134.999725,480.000092,-90.000000,89.999969,-89.999916,250.000214,-134.999802,480.000214,-63.434959,89.999939,-63.434879,0.002159,0.008868,0.080053,0.000000,-0.013733,-0.006866,
feedback,6.998781,1786414244890,9,Rx,50.000000,150.000000,-0.006866,-50.006866,,,250.000397,-134.999725,480.000092,-90.000000,89.999969,-89.999916,250.000259,-134.999832,479.999939,-90.000000,89.999947,-89.999893,0.026964,-0.008868,-0.019414,-0.006866,-0.000000,0.006866,
feedback,7.006892,1786414244898,9,Rx,50.000000,150.000000,0.027466,-49.972534,,,250.000397,-134.999725,480.000092,-90.000000,89.999969,-89.999916,250.000275,-134.999680,479.999664,179.999939,89.999863,-179.999939,-0.045302,-0.061599,-0.111691,0.006866,0.034332,-0.027466,
feedback,7.016139,1786414244907,9,Rx,50.000000,150.000000,0.013733,-49.986267,,,250.000397,-134.999725,480.000092,-90.000000,89.999969,-89.999916,250.000443,-134.999832,479.999634,-153.434967,89.999878,-153.434921,0.188751,-0.001678,-0.230816,-0.006867,0.061798,-0.013733,
feedback,7.023058,1786414244915,9,Rx,50.000000,150.000000,0.006866,-49.993134,,,250.000397,-134.999725,480.000092,-90.000000,89.999969,-89.999916,250.000153,-134.999832,480.000214,-18.434973,89.999916,-18.434919,-0.014020,-0.010546,0.131106,0.000000,-0.034332,-0.006866,
feedback,7.032747,1786414244924,9,Rx,50.000000,150.000000,0.020599,-49.979401,,,250.000397,-134.999725,480.000092,-90.000000,89.999969,-89.999916,250.000259,-135.000000,479.999573,-180.000000,89.999916,-180.000000,-0.060045,-0.051053,-0.059678,-0.006866,-0.000000,-0.020599,
feedback,7.039539,1786414244932,9,Rx,50.000000,150.000000,0.020599,-49.979401,,,250.000397,-134.999725,480.000092,-90.000000,89.999969,-89.999916,250.000214,-134.999832,480.000214,-45.000015,89.999962,-44.999958,-0.028762,-0.031638,0.029961,0.000000,-0.006866,-0.020599,
feedback,7.048671,1786414244937,9,Rx,50.000000,150.000000,0.020599,-49.979401,,,250.000397,-134.999725,480.000092,-90.000000,89.999969,-89.999916,249.999924,-135.000046,480.000458,18.434973,89.999916,18.434946,-0.073703,-0.051053,0.059921,0.013733,-0.013733,-0.020599,
feedback,7.055877,1786414244946,9,Rx,50.000000,150.000000,0.006866,-49.993134,,,250.000397,-134.999725,480.000092,-90.000000,89.999969,-89.999916,249.999741,-135.000000,480.000214,-0.000082,89.999969,-0.000027,-0.204930,-0.049375,0.128710,-0.006866,-0.020599,-0.006866,
feedback,7.064840,1786414244955,9,Rx,50.000000,150.000000,-0.006866,-50.006866,,,250.000397,-134.999725,480.000092,-90.000000,89.999969,-89.999916,250.000259,-135.000000,479.999420,179.999924,89.999863,179.999969,-0.033081,-0.028283,-0.181198,0.000000,0.041199,0.006866,
feedback,7.072363,1786414244963,9,Rx,50.000000,150.000000,-0.013733,-50.013733,,,250.000397,-134.999725,480.000092,-90.000000,89.999969,-89.999916,250.000229,-134.999756,480.000031,-90.000000,89.999969,-89.999947,0.047100,0.059921,0.101145,0.000000,-0.027466,0.013733,
feedback,7.080407,1786414244972,9,Rx,50.000000,150.000000,-0.006866,-50.006866,,,250.000397,-134.999725,480.000092,-90.000000,89.999969,-89.999916,250.000107,-134.999725,480.000153,-0.000027,89.999969,0.000055,0.042782,0.010546,-0.110014,0.006866,0.020599,0.006866,
feedback,7.088604,1786414244981,9,Rx,50.000000,150.000000,-0.000000,-50.000000,,,250.000397,-134.999725,480.000092,-90.000000,89.999969,-89.999916,250.000275,-134.999832,479.999756,-135.000015,89.999962,-134.999954,-0.058247,-0.000000,-0.070224,-0.000000,0.006866,0.000000,
feedback,7.096833,1786414244989,9,Rx,50.000000,150.000000,-0.020599,-50.020599,,,250.000397,-134.999725,480.000092,-90.000000,89.999969,-89.999916,250.000153,-134.999908,479.999329,-158.198639,89.999855,-158.198578,0.040260,0.012224,-0.331718,-0.013733,0.075531,0.020599,
feedback,7.105135,1786414244998,9,Rx,50.000000,150.000000,0.034332,-49.965668,,,250.000397,-134.999725,480.000092,-90.000000,89.999969,-89.999916,250.000549,-135.000046,479.999542,-165.963730,89.999886,-165.963760,0.068310,-0.091560,-0.079336,-0.000000,0.013733,-0.034332,
feedback,7.113135,1786414245006,9,Rx,50.000000,150.000000,0.013733,-49.986267,,,250.000397,-134.999725,480.000092,-90.000000,89.999969,-89.999916,250.000443,-134.999756,479.999298,-143.130157,89.999863,-143.130051,0.071182,-0.021092,-0.179520,-0.000000,0.027466,-0.013733,
feedback,7.121539,1786414245014,9,Rx,50.000000,150.000000,-0.013733,-50.013733,,,250.000397,-134.999725,480.000092,-90.000000,89.999969,-89.999916,249.999924,-134.999802,480.000275,-26.565096,89.999939,-26.565012,-0.012584,0.040507,0.081013,-0.006866,-0.027466,0.013733,
feedback,7.129766,1786414245023,9,Rx,50.000000,150.000000,-0.000000,-50.000000,,,250.000397,-134.999725,480.000092,-90.000000,89.999969,-89.999916,250.000290,-134.999725,480.000580,-14.036269,89.999886,-14.036187,0.059322,0.019415,-0.070467,-0.000000,0.020599,-0.000000,
feedback,7.137999,1786414245027,9,Rx,50.000000,150.000000,-0.000000,-50.000000,,,250.000397,-134.999725,480.000092,-90.000000,89.999969,-89.999916,250.000381,-134.999878,479.999817,179.999924,89.999969,-180.000000,0.024444,-0.038829,-0.190067,0.006866,0.034332,-0.000000,
feedback,7.145997,1786414245035,9,Rx,50.000000,150.000000,0.006866,-49.993134,,,250.000397,-134.999725,480.000092,-90.000000,89.999969,-89.999916,250.000336,-134.999832,480.000092,90.000000,89.999969,90.000053,-0.086286,-0.010546,0.089882,0.013733,-0.020599,-0.006866,
feedback,7.154404,1786414245044,9,Rx,50.000000,150.000000,-0.000000,-50.000000,,,250.000397,-134.999725,480.000092,-90.000000,89.999969,-89.999916,250.000336,-134.999832,479.999786,-90.000000,89.999947,-89.999947,0.101742,0.019415,-0.168974,0.006866,0.020599,-0.000000,
feedback,7.162764,1786414245052,9,Rx,50.000000,150.000000,0.006866,-49.993134,,,250.000397,-134.999725,480.000092,-90.000000,89.999969,-89.999916,250.000214,-134.999908,479.999847,179.999939,89.999893,-180.000000,-0.002872,-0.049375,0.049132,-0.006866,0.006866,-0.006866,
feedback,7.170657,1786414245061,9,Rx,50.000000,150.000000,0.000000,-50.000000,,,250.000397,-134.999725,480.000092,-90.000000,89.999969,-89.999916,250.000671,-134.999756,479.999939,90.000000,89.999969,90.000107,0.158553,0.000000,-0.048658,0.013733,0.006866,-0.000000,
feedback,7.178725,1786414245069,9,Rx,50.000000,150.000000,0.013733,-49.986267,,,250.000397,-134.999725,480.000092,-90.000000,89.999969,-89.999916,250.000046,-134.999710,480.000488,-0.000110,89.999893,0.000027,0.015104,-0.021092,0.140692,0.000000,-0.027466,-0.013733,
feedback,7.187128,1786414245078,9,Rx,50.000000,150.000000,-0.006866,-50.006866,,,250.000397,-134.999725,480.000092,-90.000000,89.999969,-89.999916,250.000275,-134.999634,479.999847,-153.435013,89.999939,-153.434875,0.001436,0.029961,-0.050092,0.013733,0.006866,0.006866,
feedback,7.195231,1786414245086,9,Rx,50.000000,150.000000,0.000000,-50.000000,,,250.000397,-134.999725,480.000092,-90.000000,89.999969,-89.999916,250.000092,-134.999832,480.000183,-31.502048,90.000000,-31.501938,-0.058961,-0.019414,0.058961,0.006866,0.000000,-0.000000,
feedback,7.204109,1786414245094,9,Rx,50.000000,150.000000,0.000000,-50.000000,,,250.000397,-134.999725,480.000092,-90.000000,89.999969,-89.999916,249.999710,-134.999634,480.000458,-0.000082,89.999916,0.000055,-0.172212,-0.000000,0.219309,0.020599,-0.041199,0.000000,
feedback,7.211473,1786414245103,9,Rx,50.000000,150.000000,-0.013733,-50.013733,,,250.000397,-134.999725,480.000092,-90.000000,89.999969,-89.999916,250.000122,-134.999634,480.000824,-9.462322,89.999832,-9.462240,0.036675,0.098750,0.211159,-0.006866,-0.048065,0.013733,
feedback,7.220602,1786414245111,9,Rx,50.000000,150.000000,-0.006866,-50.006866,,,250.000397,-134.999725,480.000092,-90.000000,89.999969,-89.999916,250.000381,-134.999802,479.999573,-158.198639,89.999855,-158.198563,-0.044941,-0.008868,-0.021092,-0.006866,0.013733,0.006866,
feedback,7.227691,1786414245120,9,Rx,50.000000,150.000000,0.006866,-49.993134,,,250.000397,-134.999725,480.000092,-90.000000,89.999969,-89.999916,250.000504,-134.999725,479.999969,-135.000015,89.999962,-134.999924,0.101390,-0.010546,0.050810,-0.027466,-0.006866,-0.006866,
feedback,7.237079,1786414245128,9,Rx,50.000000,150.000000,0.034332,-49.965668,,,250.000397,-134.999725,480.000092,-90.000000,89.999969,-89.999916,250.000107,-134.999832,480.000336,-0.000027,89.999947,0.000027,-0.029837,-0.072145,0.119599,-0.006866,-0.013733,-0.034332,
feedback,7.244353,1786414245136,9,Rx,50.000000,150.000000,-0.020599,-50.020599,,,250.000397,-134.999725,480.000092,-90.000000,89.999969,-89.999916,249.999863,-134.999756,479.999847,179.999924,89.999947,-179.999969,-0.101390,0.031638,-0.050810,-0.006866,0.006866,0.020599,
feedback,7.252976,1786414245145,9,Rx,50.000000,150.000000,0.034332,-49.965668,,,250.000397,-134.999725,480.000092,-90.000000,89.999969,-89.999916,250.000626,-134.999924,479.999908,-116.565048,89.999939,-116.565048,-0.030921,-0.072145,0.000960,-0.013733,-0.013733,-0.034332,
feedback,7.260938,1786414245153,9,Rx,50.000000,150.000000,0.006866,-49.993134,,,250.000397,-134.999725,480.000092,-90.000000,89.999969,-89.999916,249.999756,-134.999756,480.000488,-14.036243,89.999886,-14.036188,-0.157117,0.008868,0.049618,-0.006866,-0.020599,-0.006866,
feedback,7.270182,1786414245161,9,Rx,50.000000,150.000000,0.027466,-49.972534,,,250.000397,-134.999725,480.000092,-90.000000,89.999969,-89.999916,250.000504,-134.999908,479.999847,-123.690086,89.999901,-123.690033,0.069746,-0.061599,-0.129428,-0.034332,0.020599,-0.027466,
feedback,7.277625,1786414245170,9,Rx,50.000000,150.000000,-0.020599,-50.020599,,,250.000397,-134.999725,480.000092,-90.000000,89.999969,-89.999916,250.000153,-134.999802,480.000031,-90.000000,89.999969,-89.999916,-0.101029,0.031638,0.039789,-0.006866,-0.013733,0.020599,
feedback,7.293154,1786414245179,9,Rx,50.000000,150.000000,-0.020599,-50.020599,,,250.000397,-134.999725,480.000092,-90.000000,89.999969,-89.999916,250.000320,-134.999878,479.999786,-153.435013,89.999939,-153.434937,-0.029485,0.031638,-0.100185,-0.013733,0.013733,0.020599,
feedback,7.295676,1786414245187,9,Rx,50.000000,150.000000,0.041199,-49.958801,,,250.000397,-134.999725,480.000092,-90.000000,89.999969,-89.999916,250.000443,-134.999924,479.999817,-116.565048,89.999939,-116.565048,0.098870,-0.082691,-0.068790,-0.006866,0.006866,-0.041199,
feedback,7.301973,1786414245195,9,Rx,50.000000,150.000000,0.000000,-50.000000,,,250.000397,-134.999725,480.000092,-90.000000,89.999969,-89.999916,250.000275,-134.999878,480.000275,-26.565052,89.999939,-26.565023,0.027687,-0.019414,0.110731,0.000000,-0.020599,0.000000,
feedback,7.310568,1786414245200,9,Rx,50.000000,150.000000,-0.013733,-50.013733,,,250.000397,-134.999725,480.000092,-90.000000,89.999969,-89.999916,250.000092,-134.999878,480.000031,90.000000,89.999969,90.000084,-0.045302,0.001678,-0.060639,0.013733,0.013733,0.013733,
feedback,7.318747,1786414245208,9,Rx,50.000000,150.000000,-0.006867,-50.006867,,,250.000397,-134.999725,480.000092,-90.000000,89.999969,-89.999916,250.000732,-134.999954,479.999268,-164.054626,89.999802,-164.054596,0.157829,0.010546,-0.280909,-0.006866,0.068665,0.006866,
feedback,7.327342,1786414245217,9,Rx,50.000000,150.000000,-0.041199,-50.041199,,,250.000397,-134.999725,480.000092,-90.000000,89.999969,-89.999916,250.000458,-134.999588,480.000153,44.999947,89.999962,45.000111,0.074064,0.082691,0.030678,-0.000000,-0.006866,0.041199,
