event,pc_time_s,controller_timestamp,robot_mode,axis,target_speed_deg_s,target_delta_deg,selected_actual_deg_s,speed_error_deg_s,command_interval_ms,command_latency_ms,target_x,target_y,target_z,target_rx,target_ry,target_rz,actual_x,actual_y,actual_z,actual_rx,actual_ry,actual_rz,tcp_vx,tcp_vy,tcp_vz,tcp_wx,tcp_wy,tcp_wz,response
feedback,0.005461,1786440027975,5,Ry,0.000000,0.000000,0.059227,0.059227,,,335.910614,-66.845123,179.611267,89.999916,50.000053,89.999992,335.910248,-66.845154,179.610413,90.000206,50.000053,90.000267,-0.199519,-0.038502,-0.315631,-0.012785,0.065792,0.013733,
command,0.000014,,,Ry,5.000000,75.000000,,,,10.832,335.910614,-66.845123,179.611267,89.999916,50.000053,89.999992,,,,,,,,,,,,,"0,{1483},RelMovLTool(0.000000,0.000000,0.000000,0.000000,75.000000,0.000000,a=30,v=23,cp=0);"
feedback,0.013484,1786440027983,7,Ry,5.000000,75.000000,-0.005666,-5.005666,,,335.910614,-66.845123,179.611267,89.999916,50.000053,89.999992,335.910828,-66.844864,179.611206,89.999916,49.999973,90.000046,0.021880,0.044399,0.072560,0.010797,-0.013158,0.006866,
feedback,0.021441,1786440027992,7,Ry,5.000000,75.000000,-0.001253,-5.001253,,,335.910614,-66.845123,179.611267,89.999916,50.000053,89.999992,335.910919,-66.844994,179.611099,89.999962,49.999981,90.000053,0.093806,0.049111,0.067291,0.017663,-0.013158,0.013733,
feedback,0.029540,1786440028000,7,Ry,5.000000,75.000000,0.041260,-4.958740,,,335.910614,-66.845123,179.611267,89.999916,50.000053,89.999992,435.910583,-66.845222,179.611572,-89.999695,79.999969,-89.999702,-0.222016,-0.111375,-0.197514,-0.032390,0.039475,-0.013733,
feedback,0.038059,1786440028009,7,Ry,5.000000,75.000000,0.010056,-4.989944,,,335.910614,-66.845123,179.611267,89.999916,50.000053,89.999992,435.910156,-66.845451,179.611206,-90.000000,80.000015,-90.000000,-0.153130,-0.167964,-0.000597,0.004901,0.006579,-0.020599,
feedback,0.045886,1786440028017,7,Ry,5.000000,75.000000,-0.002385,-5.002385,,,335.910614,-66.845123,179.611267,89.999916,50.000053,89.999992,435.910980,-66.844429,179.611145,-89.999847,79.999992,-89.999710,0.009176,0.102437,0.026175,-0.006866,-0.000000,0.013733,
feedback,0.054390,1786440028025,7,Ry,5.000000,75.000000,0.001710,-4.998290,,,335.910614,-66.845123,179.611267,89.999916,50.000053,89.999992,435.910583,-66.844749,179.611084,-90.000000,79.999985,-89.999893,-0.129097,0.078879,-0.000597,0.004901,0.006579,0.027466,
feedback,0.062519,1786440028034,7,Ry,5.000000,75.000000,0.013476,-4.986524,,,335.910614,-66.845123,179.611267,89.999916,50.000053,89.999992,435.910919,-66.844376,179.611252,-89.999847,79.999992,-89.999657,-0.069874,0.119099,-0.075217,0.000971,0.019738,0.034332,
feedback,0.072427,1786440028042,7,Ry,5.000000,75.000000,0.113725,-4.886275,,,335.910614,-66.845123,179.611267,89.999916,50.000053,89.999992,435.909027,-66.846062,179.608749,-90.005302,79.999741,-90.005302,-0.084588,-0.065539,-0.157676,-0.026541,0.111847,-0.020599,
feedback,0.078816,1786440028050,7,Ry,5.000000,75.000000,0.547836,-4.452164,,,335.910614,-66.845123,179.611267,89.999916,50.000053,89.999992,435.902954,-66.847816,179.599716,-90.025002,79.998772,-90.024788,-0.998785,-0.338602,-1.488815,-0.158208,0.552655,-0.020600,
feedback,0.087332,1786440028059,7,Ry,5.000000,75.000000,1.092094,-3.907906,,,335.910614,-66.845123,179.611267,89.999916,50.000053,89.999992,435.891266,-66.852463,179.578857,-90.069847,79.996796,-90.069328,-1.589230,-0.487649,-2.888423,-0.282088,1.105309,-0.020610,
feedback,0.095649,1786440028067,7,Ry,5.000000,75.000000,1.403253,-3.596747,,,335.910614,-66.845123,179.611267,89.999916,50.000053,89.999992,435.877563,-66.858231,179.552643,-90.132378,79.994217,-90.131493,-1.617727,-0.771311,-3.226434,-0.324456,1.407942,-0.096169,
feedback,0.103792,1786440028076,7,Ry,5.000000,75.000000,1.569151,-3.430849,,,335.910614,-66.845123,179.611267,89.999916,50.000053,89.999992,435.867645,-66.857811,179.529114,-90.203209,79.991539,-90.201248,-1.257793,0.066058,-2.892659,-0.331474,1.592142,-0.006955,
feedback,0.111279,1786440028084,7,Ry,5.000000,75.000000,1.717258,-3.282742,,,335.910614,-66.845123,179.611267,89.999916,50.000053,89.999992,435.859161,-66.857552,179.508484,-90.280212,79.989021,-90.277794,-1.134205,-0.179031,-2.615097,-0.307247,1.717075,-0.151237,
feedback,0.120364,1786440028088,7,Ry,5.000000,75.000000,1.644225,-3.355775,,,335.910614,-66.845123,179.611267,89.999916,50.000053,89.999992,435.852386,-66.859016,179.490585,-90.357368,79.987656,-90.355507,-0.740694,0.039533,-1.966859,-0.105335,1.638047,-0.178945,
feedback,0.128754,1786440028097,7,Ry,5.000000,75.000000,1.572264,-3.427736,,,335.910614,-66.845123,179.611267,89.999916,50.000053,89.999992,435.850800,-66.857697,179.483688,-90.393524,79.987160,-90.391663,-0.397892,0.331736,-1.724092,-0.113180,1.572244,-0.137755,
feedback,0.136159,1786440028105,7,Ry,5.000000,75.000000,1.446224,-3.553776,,,335.910614,-66.845123,179.611267,89.999916,50.000053,89.999992,435.849335,-66.854866,179.474747,-90.461304,79.986679,-90.459648,0.013607,0.387091,-0.913806,-0.019084,1.440605,-0.158505,
feedback,0.144159,1786440028113,7,Ry,5.000000,75.000000,1.681946,-3.318054,,,335.910614,-66.845123,179.611267,89.999916,50.000053,89.999992,435.847443,-66.854691,179.466309,-90.534851,79.986748,-90.534088,-0.215938,0.080224,-1.157468,0.030498,1.664170,-0.248050,
feedback,0.152908,1786440028122,7,Ry,5.000000,75.000000,2.114364,-2.885636,,,335.910614,-66.845123,179.611267,89.999916,50.000053,89.999992,435.846313,-66.854942,179.458588,-90.623848,79.987015,-90.624374,-0.297535,-0.063635,-1.166003,0.020885,2.085025,-0.351410,
feedback,0.161013,1786440028130,7,Ry,5.000000,75.000000,2.716815,-2.283185,,,335.910614,-66.845123,179.611267,89.999916,50.000053,89.999992,435.843140,-66.856918,179.443802,-90.797508,79.986374,-90.800682,-0.235202,0.034877,-1.073962,-0.014774,2.683331,-0.427629,
feedback,0.168590,1786440028139,7,Ry,5.000000,75.000000,3.232107,-1.767893,,,335.910614,-66.845123,179.611267,89.999916,50.000053,89.999992,435.839722,-66.857338,179.432281,-90.941345,79.985771,-90.946358,-0.275042,-0.019363,-1.265525,-0.036774,3.189491,-0.524475,
feedback,0.177472,1786440028147,7,Ry,5.000000,75.000000,3.617186,-1.382814,,,335.910614,-66.845123,179.611267,89.999916,50.000053,89.999992,435.836548,-66.858597,179.424332,-91.101799,79.985245,-91.109283,-0.394730,-0.182808,-0.770286,0.002715,3.557330,-0.655888,
feedback,0.185236,1786440028155,7,Ry,5.000000,75.000000,3.701692,-1.298308,,,335.910614,-66.845123,179.611267,89.999916,50.000053,89.999992,435.836426,-66.857254,179.426819,-91.268150,79.984901,-91.278404,0.062336,0.119185,0.638942,0.067023,3.635725,-0.697968,
feedback,0.193561,1786440028164,7,Ry,5.000000,75.000000,3.844988,-1.155012,,,335.910614,-66.845123,179.611267,89.999916,50.000053,89.999992,435.834076,-66.855141,179.433441,-91.439209,79.984825,-91.452034,-0.228553,0.393959,0.677594,0.073866,3.793212,-0.630143,
feedback,0.202462,1786440028172,7,Ry,5.000000,75.000000,3.884824,-1.115176,,,335.910614,-66.845123,179.611267,89.999916,50.000053,89.999992,435.832397,-66.853218,179.436707,-91.615356,79.984421,-91.630592,-0.120648,0.212600,0.469892,0.054394,3.832341,-0.637623,
feedback,0.209392,1786440028181,7,Ry,5.000000,75.000000,4.160762,-0.839238,,,335.910614,-66.845123,179.611267,89.999916,50.000053,89.999992,435.830048,-66.853172,179.437073,-91.801300,79.983063,-91.819214,-0.348830,-0.031134,0.073888,-0.117014,4.101573,-0.699610,
feedback,0.217871,1786440028189,7,Ry,5.000000,75.000000,4.461888,-0.538112,,,335.910614,-66.845123,179.611267,89.999916,50.000053,89.999992,435.829102,-66.852379,179.434448,-91.999504,79.982025,-92.020096,-0.078962,0.145995,-0.497997,-0.023769,4.403419,-0.722003,
feedback,0.226005,1786440028197,7,Ry,5.000000,75.000000,4.863060,-0.136940,,,335.910614,-66.845123,179.611267,89.999916,50.000053,89.999992,435.825409,-66.851929,179.429306,-92.211281,79.980293,-92.234558,-0.852783,0.077957,-1.140952,-0.113193,4.810589,-0.723066,
feedback,0.234224,1786440028206,7,Ry,5.000000,75.000000,4.856163,-0.143837,,,335.910614,-66.845123,179.611267,89.999916,50.000053,89.999992,435.822174,-66.851791,179.425446,-92.429565,79.978256,-92.455879,-0.335771,0.039743,-0.488261,-0.074992,4.790059,-0.799729,
feedback,0.243110,1786440028214,7,Ry,5.000000,75.000000,4.984822,-0.015178,,,335.910614,-66.845123,179.611267,89.999916,50.000053,89.999992,435.818542,-66.845642,179.422485,-92.766426,79.975716,-92.796555,-0.372012,0.686193,-0.275977,0.016416,4.933611,-0.726744,
feedback,0.250459,1786440028223,7,Ry,5.000000,75.000000,4.735988,-0.264012,,,335.910614,-66.845123,179.611267,89.999916,50.000053,89.999992,435.816498,-66.839966,179.427490,-92.985931,79.974358,-93.018387,-0.187024,0.677514,1.070953,0.103967,4.683175,-0.714136,
feedback,0.258976,1786440028231,7,Ry,5.000000,75.000000,4.755020,-0.244980,,,335.910614,-66.845123,179.611267,89.999916,50.000053,89.999992,435.816925,-66.834114,179.436829,-93.204369,79.971672,-93.239304,0.320499,0.802605,1.515007,-0.013234,4.702486,-0.714071,
feedback,0.267022,1786440028239,7,Ry,5.000000,75.000000,4.830520,-0.169480,,,335.910614,-66.845123,179.611267,89.999916,50.000053,89.999992,435.823364,-66.831123,179.449387,-93.420952,79.969208,-93.459389,0.807601,0.227040,1.471488,-0.043736,4.747490,-0.893371,
feedback,0.275988,1786440028248,7,Ry,5.000000,75.000000,5.217381,0.217381,,,335.910614,-66.845123,179.611267,89.999916,50.000053,89.999992,435.824432,-66.831223,179.449554,-93.652245,79.966286,-93.694496,-0.009661,-0.243443,-0.248974,-0.057711,5.127835,-0.964148,
feedback,0.284503,1786440028256,7,Ry,5.000000,75.000000,5.301849,0.301849,,,335.910614,-66.845123,179.611267,89.999916,50.000053,89.999992,435.820129,-66.832817,179.440994,-93.893158,79.961510,-93.938766,-0.520935,-0.118660,-0.694938,-0.281779,5.233158,-0.853111,
feedback,0.292390,1786440028260,7,Ry,5.000000,75.000000,5.426391,0.426391,,,335.910614,-66.845123,179.611267,89.999916,50.000053,89.999992,435.817017,-66.835770,179.435532,-94.014908,79.958961,-94.062561,-0.785438,-0.740010,-1.360393,-0.267254,5.337616,-0.977768,
feedback,0.299914,1786440028269,7,Ry,5.000000,75.000000,5.342807,0.342807,,,335.910614,-66.845123,179.611267,89.999916,50.000053,89.999992,435.809601,-66.838547,179.426407,-94.255409,79.953918,-94.306580,-1.013036,-0.419519,-1.193485,-0.226296,5.264656,-0.910357,
feedback,0.308246,1786440028277,7,Ry,5.000000,75.000000,4.949733,-0.050267,,,335.910614,-66.845123,179.611267,89.999916,50.000053,89.999992,435.808624,-66.837173,179.432449,-94.481400,79.949951,-94.535706,0.186309,0.171133,1.148447,-0.076180,4.876201,-0.849971,
feedback,0.316140,1786440028285,7,Ry,5.000000,75.000000,4.713209,-0.286791,,,335.910614,-66.845123,179.611267,89.999916,50.000053,89.999992,435.815918,-66.833939,179.443695,-94.695534,79.947113,-94.753387,1.168709,0.372084,1.457145,0.022770,4.632172,-0.871871,
feedback,0.325646,1786440028294,7,Ry,5.000000,75.000000,4.680009,-0.319991,,,335.910614,-66.845123,179.611267,89.999916,50.000053,89.999992,435.823456,-66.833115,179.451965,-94.908806,79.943893,-94.970390,1.225088,0.031054,1.372587,-0.007599,4.592330,-0.906516,
feedback,0.332665,1786440028302,7,Ry,5.000000,75.000000,4.875387,-0.124613,,,335.910614,-66.845123,179.611267,89.999916,50.000053,89.999992,435.830231,-66.828278,179.462372,-95.234436,79.939064,-95.300461,0.487687,0.338244,0.786475,0.042440,4.808370,-0.806756,
feedback,0.340592,1786440028311,7,Ry,5.000000,75.000000,4.883125,-0.116875,,,335.910614,-66.845123,179.611267,89.999916,50.000053,89.999992,435.834229,-66.824997,179.471588,-95.454140,79.935310,-95.523232,0.609461,0.574391,1.269968,-0.017936,4.821048,-0.779382,
feedback,0.348772,1786440028319,7,Ry,5.000000,75.000000,5.267051,0.267051,,,335.910614,-66.845123,179.611267,89.999916,50.000053,89.999992,435.839081,-66.820740,179.475571,-95.682632,79.930466,-95.754440,0.310912,0.412299,-0.014024,-0.129619,5.208264,-0.794240,
feedback,0.357397,1786440028327,7,Ry,5.000000,75.000000,5.070636,0.070636,,,335.910614,-66.845123,179.611267,89.999916,50.000053,89.999992,435.846405,-66.819290,179.480453,-95.909050,79.925720,-95.984306,0.921773,0.013234,0.561625,-0.087096,4.990510,-0.897861,
feedback,0.364921,1786440028336,7,Ry,5.000000,75.000000,5.054133,0.054133,,,335.910614,-66.845123,179.611267,89.999916,50.000053,89.999992,435.849762,-66.820335,179.486603,-96.134438,79.921051,-96.213654,0.101154,-0.246904,0.761130,-0.069613,4.969900,-0.919693,
feedback,0.373351,1786440028344,7,Ry,5.000000,75.000000,4.818033,-0.181967,,,335.910614,-66.845123,179.611267,89.999916,50.000053,89.999992,435.854401,-66.822723,179.499817,-96.351257,79.917404,-96.434906,0.457755,-0.341728,1.747820,0.078547,4.718841,-0.983893,
feedback,0.381468,1786440028353,7,Ry,5.000000,75.000000,4.644747,-0.355253,,,335.910614,-66.845123,179.611267,89.999916,50.000053,89.999992,435.863800,-66.825378,179.519745,-96.555603,79.914734,-96.644585,1.181841,-0.388217,2.493111,0.132668,4.526952,-1.074076,
feedback,0.389641,1786440028361,7,Ry,5.000000,75.000000,4.635032,-0.364968,,,335.910614,-66.845123,179.611267,89.999916,50.000053,89.999992,435.877502,-66.824150,179.535980,-96.760941,79.911797,-96.854553,1.742590,-0.038449,1.837248,0.152858,4.526553,-1.020526,
feedback,0.397674,1786440028369,7,Ry,5.000000,75.000000,4.619342,-0.380658,,,335.910614,-66.845123,179.611267,89.999916,50.000053,89.999992,435.891907,-66.819199,179.550156,-96.968361,79.908630,-97.065506,1.872408,0.758365,1.905216,0.135602,4.546875,-0.815253,
feedback,0.406557,1786440028378,7,Ry,5.000000,75.000000,4.925639,-0.074361,,,335.910614,-66.845123,179.611267,89.999916,50.000053,89.999992,435.903687,-66.815567,179.558685,-97.185806,79.904388,-97.286659,1.308366,0.544956,0.837066,0.061437,4.847941,-0.871623,
feedback,0.415633,1786440028386,7,Ry,5.000000,75.000000,5.053757,0.053757,,,335.910614,-66.845123,179.611267,89.999916,50.000053,89.999992,435.907593,-66.810577,179.563232,-97.526283,79.896248,-97.631310,0.098007,0.695578,0.469643,0.021607,5.012880,-0.674327,
feedback,0.422461,1786440028395,7,Ry,5.000000,75.000000,5.245072,0.245072,,,335.910614,-66.845123,179.611267,89.999916,50.000053,89.999992,435.902802,-66.804970,179.559769,-97.759781,79.889793,-97.866211,-0.681547,0.614145,-0.685703,-0.108473,5.209645,-0.660075,
feedback,0.430603,1786440028403,7,Ry,5.000000,75.000000,5.310381,0.310381,,,335.910614,-66.845123,179.611267,89.999916,50.000053,89.999992,435.896362,-66.805977,179.550934,-97.996056,79.882782,-98.105438,-0.794343,-0.181912,-0.958174,-0.158449,5.240748,-0.859385,
feedback,0.438842,1786440028411,7,Ry,5.000000,75.000000,4.974366,-0.025634,,,335.910614,-66.845123,179.611267,89.999916,50.000053,89.999992,435.896729,-66.807411,179.551636,-98.218941,79.877228,-98.331993,0.248713,-0.272904,0.288511,0.049125,4.884402,-0.945339,
feedback,0.447390,1786440028415,7,Ry,5.000000,75.000000,4.849957,-0.150043,,,335.910614,-66.845123,179.611267,89.999916,50.000053,89.999992,435.899139,-66.807869,179.554977,-98.326309,79.874710,-98.441444,0.597254,-0.117517,0.843823,0.065556,4.759287,-0.938456,
feedback,0.455778,1786440028424,7,Ry,5.000000,75.000000,4.611656,-0.388344,,,335.910614,-66.845123,179.611267,89.999916,50.000053,89.999992,435.908691,-66.805771,179.567764,-98.534073,79.870483,-98.653275,1.601282,0.413291,2.069288,0.156092,4.521907,-0.912493,
feedback,0.463672,1786440028433,7,Ry,5.000000,75.000000,4.821176,-0.178824,,,335.910614,-66.845123,179.611267,89.999916,50.000053,89.999992,435.915894,-66.804825,179.577362,-98.744286,79.865540,-98.867805,0.849567,-0.074333,0.899933,0.071350,4.717601,-1.009022,
feedback,0.472941,1786440028441,7,Ry,5.000000,75.000000,5.174945,0.174945,,,335.910614,-66.845123,179.611267,89.999916,50.000053,89.999992,435.918213,-66.804283,179.576263,-98.967552,79.860153,-99.095192,-0.107230,-0.124484,-0.684097,0.164849,5.084169,-0.967661,
feedback,0.479583,1786440028449,7,Ry,5.000000,75.000000,5.269790,0.269790,,,335.910614,-66.845123,179.611267,89.999916,50.000053,89.999992,435.915588,-66.805977,179.568542,-99.201805,79.854713,-99.333458,-0.233445,-0.361923,-0.708688,0.176396,5.175212,-0.997526,
feedback,0.488104,1786440028458,7,Ry,5.000000,75.000000,5.356386,0.356386,,,335.910614,-66.845123,179.611267,89.999916,50.000053,89.999992,435.908112,-66.810173,179.562775,-99.436501,79.849243,-99.572411,-1.327368,-0.598742,-0.797678,0.147141,5.266552,-0.978204,
feedback,0.496894,1786440028466,7,Ry,5.000000,75.000000,5.227859,0.227859,,,335.910614,-66.845123,179.611267,89.999916,50.000053,89.999992,435.895660,-66.820572,179.559570,-99.784775,79.840424,-99.927437,-0.766673,-1.161556,-0.010244,0.141131,5.114143,-1.102228,
feedback,0.505059,1786440028475,7,Ry,5.000000,75.000000,5.219200,0.219200,,,335.910614,-66.845123,179.611267,89.999916,50.000053,89.999992,435.890625,-66.831390,179.554672,-100.013840,79.833893,-100.162018,-0.546783,-1.321357,-0.701844,0.040703,5.100830,-1.127747,
feedback,0.513080,1786440028483,7,Ry,5.000000,75.000000,5.001739,0.001739,,,335.910614,-66.845123,179.611267,89.999916,50.000053,89.999992,435.885254,-66.841133,179.550079,-100.236343,79.827583,-100.389809,-0.616844,-1.275089,-0.357771,0.098654,4.883493,-1.108047,
feedback,0.521078,1786440028492,7,Ry,5.000000,75.000000,4.979999,-0.020001,,,335.910614,-66.845123,179.611267,89.999916,50.000053,89.999992,435.880310,-66.848373,179.547394,-100.458275,79.821175,-100.616829,-0.590095,-0.971322,-0.001842,0.135326,4.862251,-1.103344,
feedback,0.530017,1786440028500,7,Ry,5.000000,75.000000,4.988835,-0.011165,,,335.910614,-66.845123,179.611267,89.999916,50.000053,89.999992,435.879333,-66.851143,179.548386,-100.675476,79.814850,-100.838554,-0.374004,-0.264609,0.142716,0.092282,4.895451,-0.966038,
feedback,0.539730,1786440028509,7,Ry,5.000000,75.000000,5.059495,0.059495,,,335.910614,-66.845123,179.611267,89.999916,50.000053,89.999992,435.873962,-66.853241,179.552170,-100.894951,79.807953,-101.062103,-0.741164,-0.376152,0.457825,0.068671,4.967009,-0.967126,
feedback,0.546022,1786440028517,7,Ry,5.000000,75.000000,5.184138,0.184138,,,335.910614,-66.845123,179.611267,89.999916,50.000053,89.999992,435.870239,-66.852013,179.550903,-101.120148,79.799385,-101.290634,-0.196100,0.263380,-0.314040,-0.132458,5.112485,-0.859903,
feedback,0.554176,1786440028525,7,Ry,5.000000,75.000000,5.269549,0.269549,,,335.910614,-66.845123,179.611267,89.999916,50.000053,89.999992,435.868347,-66.852448,179.545502,-101.349609,79.790810,-101.523796,-0.354937,-0.106147,-0.422811,-0.021107,5.189714,-0.913786,
feedback,0.562489,1786440028534,7,Ry,5.000000,75.000000,5.330996,0.330996,,,335.910614,-66.845123,179.611267,89.999916,50.000053,89.999992,435.860138,-66.855667,179.536987,-101.582909,79.782219,-101.760750,-1.202713,-0.568036,-0.919081,0.021458,5.247885,-0.937745,
feedback,0.570953,1786440028542,7,Ry,5.000000,75.000000,5.084533,0.084533,,,335.910614,-66.845123,179.611267,89.999916,50.000053,89.999992,435.855652,-66.861214,179.535095,-101.806351,79.774712,-101.988701,-0.605027,-0.824783,-0.110032,0.126228,4.983919,-1.015394,
feedback,0.579388,1786440028550,7,Ry,5.000000,75.000000,4.841624,-0.158376,,,335.910614,-66.845123,179.611267,89.999916,50.000053,89.999992,435.849640,-66.868317,179.539948,-102.132950,79.764420,-102.322182,-0.022730,-0.464380,0.925989,0.230523,4.731905,-1.045759,
feedback,0.588096,1786440028559,7,Ry,5.000000,75.000000,4.701607,-0.298393,,,335.910614,-66.845123,179.611267,89.999916,50.000053,89.999992,435.855103,-66.873238,179.550156,-102.339279,79.758621,-102.534096,0.923021,-0.492622,1.569928,0.287896,4.579757,-1.102279,
feedback,0.595638,1786440028567,7,Ry,5.000000,75.000000,4.779328,-0.220672,,,335.910614,-66.845123,179.611267,89.999916,50.000053,89.999992,435.862335,-66.877037,179.563522,-102.545891,79.752640,-102.746048,0.896764,-0.225650,1.744233,0.274702,4.671700,-1.028428,
feedback,0.603219,1786440028575,7,Ry,5.000000,75.000000,4.877950,-0.122050,,,335.910614,-66.845123,179.611267,89.999916,50.000053,89.999992,435.865784,-66.880264,179.575531,-102.756378,79.745735,-102.961449,0.293239,-0.346640,1.524848,0.173857,4.776965,-0.999422,
feedback,0.611474,1786440028584,7,Ry,5.000000,75.000000,5.066966,0.066966,,,335.910614,-66.845123,179.611267,89.999916,50.000053,89.999992,435.865448,-66.883560,179.583145,-102.973633,79.737938,-103.183044,-0.002710,-0.239178,0.669791,0.147546,4.980550,-0.933321,
feedback,0.620994,1786440028592,7,Ry,5.000000,75.000000,5.303662,0.303662,,,335.910614,-66.845123,179.611267,89.999916,50.000053,89.999992,435.866852,-66.886917,179.588364,-103.193016,79.729370,-103.406944,0.089491,-0.353817,-0.207098,-0.003218,5.209158,-0.999996,
feedback,0.627908,1786440028596,7,Ry,5.000000,75.000000,5.231921,0.231921,,,335.910614,-66.845123,179.611267,89.999916,50.000053,89.999992,435.867615,-66.887131,179.586502,-103.305534,79.724693,-103.521332,0.183362,-0.055349,-0.459011,0.031067,5.150618,-0.918810,
feedback,0.636690,1786440028605,7,Ry,5.000000,75.000000,5.096893,0.096893,,,335.910614,-66.845123,179.611267,89.999916,50.000053,89.999992,435.871948,-66.887375,179.585754,-103.525307,79.715477,-103.744896,0.663918,0.014313,-0.040003,0.016947,5.012504,-0.924517,
feedback,0.644051,1786440028614,7,Ry,5.000000,75.000000,4.939768,-0.060232,,,335.910614,-66.845123,179.611267,89.999916,50.000053,89.999992,435.879456,-66.885208,179.588791,-103.739273,79.706703,-103.962479,0.937472,0.310025,0.532883,0.104099,4.860917,-0.879294,
feedback,0.652522,1786440028622,7,Ry,5.000000,75.000000,4.739426,-0.260574,,,335.910614,-66.845123,179.611267,89.999916,50.000053,89.999992,435.890381,-66.880707,179.599319,-104.046799,79.694145,-104.275414,0.822816,0.334910,1.114320,0.128522,4.656266,-0.886207,
feedback,0.660228,1786440028630,7,Ry,5.000000,75.000000,4.725000,-0.275000,,,335.910614,-66.845123,179.611267,89.999916,50.000053,89.999992,435.900024,-66.876633,179.610611,-104.248016,79.685982,-104.480202,1.270333,0.574598,1.317832,0.104350,4.650117,-0.837998,
feedback,0.669324,1786440028639,7,Ry,5.000000,75.000000,5.019168,0.019168,,,335.910614,-66.845123,179.611267,89.999916,50.000053,89.999992,435.908875,-66.873001,179.614380,-104.457314,79.676926,-104.692970,0.929086,0.213763,-0.070553,0.067329,4.937328,-0.903228,
feedback,0.676902,1786440028647,7,Ry,5.000000,75.000000,5.089430,0.089430,,,335.910614,-66.845123,179.611267,89.999916,50.000053,89.999992,435.915741,-66.867889,179.613174,-104.674187,79.667267,-104.912582,0.802115,0.607112,-0.102798,0.097850,5.029788,-0.783364,
feedback,0.685008,1786440028656,7,Ry,5.000000,75.000000,5.192565,0.192565,,,335.910614,-66.845123,179.611267,89.999916,50.000053,89.999992,435.920380,-66.863670,179.609619,-104.896759,79.657219,-105.137848,0.557249,0.505156,-0.341870,0.071380,5.134250,-0.784867,
feedback,0.693174,1786440028664,7,Ry,5.000000,75.000000,5.242559,0.242559,,,335.910614,-66.845123,179.611267,89.999916,50.000053,89.999992,435.921844,-66.860649,179.606247,-105.117699,79.646133,-105.361595,-0.035318,0.293677,-0.538210,-0.049678,5.179633,-0.815487,
feedback,0.701278,1786440028672,7,Ry,5.000000,75.000000,5.023372,0.023372,,,335.910614,-66.845123,179.611267,89.999916,50.000053,89.999992,435.921631,-66.857918,179.606857,-105.332405,79.635490,-105.579063,-0.102677,0.358194,0.077098,-0.030982,4.963321,-0.779994,
feedback,0.710381,1786440028681,7,Ry,5.000000,75.000000,5.028554,0.028554,,,335.910614,-66.845123,179.611267,89.999916,50.000053,89.999992,435.917419,-66.856659,179.602432,-105.550629,79.624046,-105.799950,-0.351485,0.357427,-0.151378,-0.012610,4.976671,-0.734076,
feedback,0.717761,1786440028689,7,Ry,5.000000,75.000000,4.861322,-0.138678,,,335.910614,-66.845123,179.611267,89.999916,50.000053,89.999992,435.919495,-66.850250,179.603943,-105.756439,79.613037,-106.008041,0.339531,0.877432,0.253159,-0.020014,4.812004,-0.704906,
feedback,0.726379,1786440028698,7,Ry,5.000000,75.000000,4.660903,-0.339097,,,335.910614,-66.845123,179.611267,89.999916,50.000053,89.999992,435.928253,-66.842636,179.613083,-105.953972,79.602966,-106.208054,1.007120,0.972804,1.246794,0.035434,4.608383,-0.705544,
feedback,0.734138,1786440028706,7,Ry,5.000000,75.000000,4.703683,-0.296317,,,335.910614,-66.845123,179.611267,89.999916,50.000053,89.999992,435.935150,-66.838097,179.622223,-106.154678,79.591736,-106.411804,1.155082,0.793679,1.554530,-0.034304,4.640060,-0.772312,
feedback,0.743957,1786440028714,7,Ry,5.000000,75.000000,5.339670,0.339670,,,335.910614,-66.845123,179.611267,89.999916,50.000053,89.999992,435.935944,-66.834679,179.625946,-106.466698,79.571106,-106.728424,-0.589552,0.246524,-0.706281,-0.461740,5.284029,-0.782688,
feedback,0.750495,1786440028723,7,Ry,5.000000,75.000000,5.331283,0.331283,,,335.910614,-66.845123,179.611267,89.999916,50.000053,89.999992,435.930725,-66.835480,179.617081,-106.684532,79.556328,-106.949440,-0.520936,-0.121085,-1.206614,-0.328445,5.262068,-0.858952,
feedback,0.759351,1786440028731,7,Ry,5.000000,75.000000,5.502099,0.502099,,,335.910614,-66.845123,179.611267,89.999916,50.000053,89.999992,435.917267,-66.837715,179.600952,-106.909492,79.541077,-107.177177,-1.924196,-0.349360,-2.104168,-0.328346,5.445715,-0.801126,
feedback,0.766463,1786440028739,7,Ry,5.000000,75.000000,5.330801,0.330801,,,335.910614,-66.845123,179.611267,89.999916,50.000053,89.999992,435.905945,-66.841156,179.588943,-107.129967,79.526367,-107.400826,-1.007655,-0.514702,-1.164043,-0.207021,5.252806,-0.908680,
feedback,0.775045,1786440028744,7,Ry,5.000000,75.000000,5.239932,0.239932,,,335.910614,-66.845123,179.611267,89.999916,50.000053,89.999992,435.902679,-66.841789,179.584106,-107.237244,79.519402,-107.509621,-0.821404,-0.160678,-1.202751,-0.200133,5.175155,-0.825801,
feedback,0.783032,1786440028752,7,Ry,5.000000,75.000000,4.965940,-0.034060,,,335.910614,-66.845123,179.611267,89.999916,50.000053,89.999992,435.899963,-66.843430,179.581818,-107.443825,79.506500,-107.719666,-0.269730,-0.108558,0.046840,-0.074968,4.891530,-0.856447,
feedback,0.790976,1786440028761,7,Ry,5.000000,75.000000,4.959049,-0.040951,,,335.910614,-66.845123,179.611267,89.999916,50.000053,89.999992,435.898376,-66.845154,179.586533,-107.643600,79.494545,-107.923042,-0.444103,-0.027253,0.461125,-0.046683,4.891355,-0.817791,
feedback,0.799476,1786440028769,7,Ry,5.000000,75.000000,4.954313,-0.045687,,,335.910614,-66.845123,179.611267,89.999916,50.000053,89.999992,435.897461,-66.844070,179.588242,-107.844681,79.482269,-108.127213,-0.182152,0.008292,0.005976,-0.053718,4.884020,-0.832101,
feedback,0.807613,1786440028778,7,Ry,5.000000,75.000000,5.212169,0.212169,,,335.910614,-66.845123,179.611267,89.999916,50.000053,89.999992,435.892548,-66.842384,179.583038,-108.053680,79.468628,-108.338654,-0.936747,0.262762,-0.992396,-0.149771,5.167587,-0.708934,
feedback,0.815838,1786440028786,7,Ry,5.000000,75.000000,5.212057,0.212057,,,335.910614,-66.845123,179.611267,89.999916,50.000053,89.999992,435.880676,-66.840591,179.573898,-108.374901,79.447655,-108.663368,-0.530157,-0.153356,-0.490196,-0.061981,5.144511,-0.839088,
feedback,0.825370,1786440028795,7,Ry,5.000000,75.000000,5.228700,0.228700,,,335.910614,-66.845123,179.611267,89.999916,50.000053,89.999992,435.878296,-66.840652,179.573502,-108.586395,79.434135,-108.877930,-0.421215,-0.182394,-0.087678,-0.007846,5.155751,-0.871192,
feedback,0.833449,1786440028803,7,Ry,5.000000,75.000000,5.211181,0.211181,,,335.910614,-66.845123,179.611267,89.999916,50.000053,89.999992,435.872803,-66.842857,179.572159,-108.797760,79.420456,-109.092522,-0.725275,-0.213388,-0.192280,-0.071836,5.143307,-0.840865,
feedback,0.840955,1786440028811,7,Ry,5.000000,75.000000,5.171342,0.171342,,,335.910614,-66.845123,179.611267,89.999916,50.000053,89.999992,435.865051,-66.846779,179.567032,-109.007645,79.406395,-109.305756,-0.953332,-0.505160,-0.543332,-0.080155,5.096820,-0.875034,
feedback,0.849116,1786440028820,7,Ry,5.000000,75.000000,4.998443,-0.001557,,,335.910614,-66.845123,179.611267,89.999916,50.000053,89.999992,435.859375,-66.851662,179.565369,-109.210396,79.392853,-109.512794,-0.667685,-0.697799,0.098528,-0.025865,4.895617,-1.020290,
feedback,0.857528,1786440028828,7,Ry,5.000000,75.000000,4.811226,-0.188774,,,335.910614,-66.845123,179.611267,89.999916,50.000053,89.999992,435.858459,-66.853989,179.569977,-109.405479,79.380127,-109.712288,0.089481,-0.108388,0.736609,0.030067,4.718651,-0.945846,
feedback,0.865399,1786440028837,7,Ry,5.000000,75.000000,4.752685,-0.247315,,,335.910614,-66.845123,179.611267,89.999916,50.000053,89.999992,435.866272,-66.850441,179.584091,-109.594383,79.368294,-109.904984,0.939143,0.288216,1.466617,0.019883,4.666593,-0.903989,
feedback,0.875271,1786440028845,7,Ry,5.000000,75.000000,4.877474,-0.122526,,,335.910614,-66.845123,179.611267,89.999916,50.000053,89.999992,435.875214,-66.846657,179.597137,-109.785652,79.355438,-110.099808,0.893792,0.471811,1.256814,-0.060417,4.805680,-0.833869,
feedback,0.882356,1786440028853,7,Ry,5.000000,75.000000,5.186378,0.186378,,,335.910614,-66.845123,179.611267,89.999916,50.000053,89.999992,435.876801,-66.843338,179.598236,-109.988350,79.340630,-110.305611,-0.030833,0.513009,-0.431679,-0.175162,5.126600,-0.792787,
feedback,0.890478,1786440028862,7,Ry,5.000000,75.000000,5.348293,0.348293,,,335.910614,-66.845123,179.611267,89.999916,50.000053,89.999992,435.874451,-66.840790,179.590714,-110.198013,79.324997,-110.517975,-0.438181,0.223618,-1.175723,-0.142451,5.289894,-0.799178,
feedback,0.898241,1786440028870,7,Ry,5.000000,75.000000,5.019129,0.019129,,,335.910614,-66.845123,179.611267,89.999916,50.000053,89.999992,435.874878,-66.835426,179.583664,-110.507355,79.302414,-110.831184,0.516251,0.657598,-0.063774,0.013006,4.960794,-0.770087,
feedback,0.906860,1786440028878,7,Ry,5.000000,75.000000,4.855165,-0.144835,,,335.910614,-66.845123,179.611267,89.999916,50.000053,89.999992,435.879456,-66.826538,179.581726,-110.709885,79.288139,-111.035126,0.974769,1.296232,0.415450,0.088627,4.826519,-0.587641,
feedback,0.914727,1786440028887,7,Ry,5.000000,75.000000,4.692646,-0.307354,,,335.910614,-66.845123,179.611267,89.999916,50.000053,89.999992,435.887787,-66.822021,179.589661,-110.903946,79.275841,-111.232231,1.189491,0.499790,1.525189,0.292155,4.615947,-0.845803,
feedback,0.923376,1786440028895,7,Ry,5.000000,75.000000,4.579567,-0.420433,,,335.910614,-66.845123,179.611267,89.999916,50.000053,89.999992,435.897430,-66.817436,179.602570,-111.092514,79.265114,-111.424301,1.645073,0.822219,1.964922,0.385479,4.502644,-0.837262,
feedback,0.931234,1786440028904,7,Ry,5.000000,75.000000,4.778334,-0.221666,,,335.910614,-66.845123,179.611267,89.999916,50.000053,89.999992,435.908295,-66.812950,179.610626,-111.284004,79.253792,-111.619492,1.554776,0.493120,0.913003,0.307419,4.691128,-0.912869,
feedback,0.939864,1786440028908,7,Ry,5.000000,75.000000,4.889670,-0.110330,,,335.910614,-66.845123,179.611267,89.999916,50.000053,89.999992,435.913330,-66.809898,179.612793,-111.381828,79.247536,-111.718964,1.254073,0.761535,0.550530,0.229405,4.816658,-0.842083,
feedback,0.948082,1786440028916,7,Ry,5.000000,75.000000,4.976003,-0.023997,,,335.910614,-66.845123,179.611267,89.999916,50.000053,89.999992,435.921814,-66.806915,179.615875,-111.580032,79.234444,-111.920723,1.216663,0.406785,0.413935,0.182098,4.894674,-0.896743,
feedback,0.955355,1786440028925,7,Ry,5.000000,75.000000,5.176457,0.176457,,,335.910614,-66.845123,179.611267,89.999916,50.000053,89.999992,435.928192,-66.806648,179.614166,-111.782532,79.219917,-112.127441,0.856399,0.003900,-0.224134,0.081287,5.082712,-0.984589,
feedback,0.963726,1786440028933,7,Ry,5.000000,75.000000,5.248988,0.248988,,,335.910614,-66.845123,179.611267,89.999916,50.000053,89.999992,435.930847,-66.810486,179.610474,-111.987396,79.204674,-112.336952,0.263703,-0.716797,-0.361424,0.004690,5.141091,-1.071119,
feedback,0.972429,1786440028941,7,Ry,5.000000,75.000000,5.225486,0.225486,,,335.910614,-66.845123,179.611267,89.999916,50.000053,89.999992,435.929474,-66.814819,179.606247,-112.190781,79.189156,-112.544800,-0.296339,-0.389206,-0.546192,0.002623,5.135243,-0.968956,
feedback,0.980755,1786440028950,7,Ry,5.000000,75.000000,5.062835,0.062835,,,335.910614,-66.845123,179.611267,89.999916,50.000053,89.999992,435.921814,-66.822952,179.598007,-112.492119,79.165863,-112.852890,-0.305147,-0.850564,-0.227519,0.042283,4.948133,-1.093447,
feedback,0.988822,1786440028959,7,Ry,5.000000,75.000000,4.842842,-0.157158,,,335.910614,-66.845123,179.611267,89.999916,50.000053,89.999992,435.927094,-66.824173,179.601334,-112.678864,79.150848,-113.043945,0.988423,-0.105575,0.588920,-0.056550,4.749677,-0.952019,
feedback,0.997065,1786440028967,7,Ry,5.000000,75.000000,4.679438,-0.320562,,,335.910614,-66.845123,179.611267,89.999916,50.000053,89.999992,435.936157,-66.826042,179.611343,-112.860382,79.137077,-113.230263,1.368672,-0.072466,1.417059,0.142464,4.575623,-0.998201,
feedback,1.005982,1786440028975,7,Ry,5.000000,75.000000,4.834009,-0.165991,,,335.910614,-66.845123,179.611267,89.999916,50.000053,89.999992,435.943207,-66.825974,179.619110,-113.047325,79.123032,-113.421692,0.855048,0.099607,0.992871,0.143456,4.737745,-0.968900,
feedback,1.014596,1786440028984,7,Ry,5.000000,75.000000,5.065135,0.065135,,,335.910614,-66.845123,179.611267,89.999916,50.000053,89.999992,435.943756,-66.825920,179.620926,-113.241287,79.108139,-113.619644,-0.130473,-0.021037,0.049222,0.110877,4.980148,-0.925148,
feedback,1.021024,1786440028992,7,Ry,5.000000,75.000000,5.421796,0.421796,,,335.910614,-66.845123,179.611267,89.999916,50.000053,89.999992,435.937988,-66.827927,179.613663,-113.445129,79.091553,-113.827309,-1.060976,-0.326904,-1.308038,0.016451,5.339410,-0.941582,
feedback,1.029669,1786440029000,7,Ry,5.000000,75.000000,5.656849,0.656849,,,335.910614,-66.845123,179.611267,89.999916,50.000053,89.999992,435.924133,-66.832977,179.598434,-113.653923,79.073860,-114.039856,-2.208496,-0.891547,-2.488427,-0.083730,5.575793,-0.954582,
feedback,1.037816,1786440029009,7,Ry,5.000000,75.000000,5.387222,0.387222,,,335.910614,-66.845123,179.611267,89.999916,50.000053,89.999992,435.912109,-66.840736,179.585938,-113.860748,79.056770,-114.250801,-1.233945,-0.944743,-1.415584,0.061677,5.301000,-0.960324,
feedback,1.046432,1786440029017,7,Ry,5.000000,75.000000,5.243054,0.243054,,,335.910614,-66.845123,179.611267,89.999916,50.000053,89.999992,435.905701,-66.850502,179.580505,-114.059578,79.040161,-114.454582,-0.617510,-1.378994,-0.716650,0.034469,5.127565,-1.113729,
feedback,1.054047,1786440029026,7,Ry,5.000000,75.000000,5.039914,0.039914,,,335.910614,-66.845123,179.611267,89.999916,50.000053,89.999992,435.902191,-66.858742,179.576477,-114.252060,79.024292,-114.651779,-0.332797,-0.954043,-0.415120,0.038436,4.940041,-1.007383,
feedback,1.062934,1786440029034,7,Ry,5.000000,75.000000,4.801664,-0.198336,,,335.910614,-66.845123,179.611267,89.999916,50.000053,89.999992,435.902191,-66.862991,179.583725,-114.434776,79.009506,-114.838989,-0.076133,-0.404101,1.012336,0.136172,4.709650,-0.941948,
feedback,1.071814,1786440029042,7,Ry,5.000000,75.000000,5.002337,0.002337,,,335.910614,-66.845123,179.611267,89.999916,50.000053,89.999992,435.898193,-66.864601,179.589081,-114.713463,78.986229,-115.123642,-0.922874,-0.244453,0.122257,0.104395,4.916224,-0.926021,
feedback,1.078550,1786440029051,7,Ry,5.000000,75.000000,5.194752,0.194752,,,335.910614,-66.845123,179.611267,89.999916,50.000053,89.999992,435.890564,-66.865715,179.583344,-114.907936,78.968605,-115.321663,-0.618207,0.034426,-0.477984,-0.039130,5.121019,-0.872639,
feedback,1.086691,1786440029059,7,Ry,5.000000,75.000000,5.243806,0.243806,,,335.910614,-66.845123,179.611267,89.999916,50.000053,89.999992,435.888794,-66.866379,179.581299,-115.100632,78.950539,-115.518295,-0.138018,-0.387031,-0.229425,-0.108544,5.143587,-1.027248,
feedback,1.094747,1786440029064,7,Ry,5.000000,75.000000,5.268331,0.268331,,,335.910614,-66.845123,179.611267,89.999916,50.000053,89.999992,435.886963,-66.868996,179.579407,-115.196854,78.941254,-115.616982,-0.469236,-0.656697,-0.467069,-0.103504,5.162159,-1.063164,
feedback,1.103218,1786440029072,7,Ry,5.000000,75.000000,5.411409,0.411409,,,335.910614,-66.845123,179.611267,89.999916,50.000053,89.999992,435.879272,-66.875076,179.570541,-115.392769,78.921867,-115.817543,-1.111943,-0.771586,-1.345714,-0.162378,5.313474,-1.028966,
feedback,1.111285,1786440029081,7,Ry,5.000000,75.000000,5.222602,0.222602,,,335.910614,-66.845123,179.611267,89.999916,50.000053,89.999992,435.869568,-66.880913,179.565140,-115.585564,78.903557,-116.014778,-1.230347,-0.786061,-0.767166,-0.015428,5.121452,-1.030623,
feedback,1.119430,1786440029089,7,Ry,5.000000,75.000000,5.047804,0.047804,,,335.910614,-66.845123,179.611267,89.999916,50.000053,89.999992,435.862762,-66.884979,179.564178,-115.774101,78.886337,-116.207718,-0.686626,-0.238640,-0.065412,0.161678,4.956405,-0.959908,
feedback,1.128113,1786440029097,7,Ry,5.000000,75.000000,4.775158,-0.224842,,,335.910614,-66.845123,179.611267,89.999916,50.000053,89.999992,435.864258,-66.883583,179.569946,-115.954262,78.870819,-116.391899,0.476865,0.334976,0.987948,0.219290,4.688206,-0.910794,
feedback,1.135931,1786440029106,7,Ry,5.000000,75.000000,4.611576,-0.388424,,,335.910614,-66.845123,179.611267,89.999916,50.000053,89.999992,435.879395,-66.876740,179.592239,-116.212593,78.848373,-116.655922,1.301074,0.629880,2.105745,0.151791,4.534505,-0.840462,
feedback,1.143853,1786440029114,7,Ry,5.000000,75.000000,4.930965,-0.069035,,,335.910614,-66.845123,179.611267,89.999916,50.000053,89.999992,435.884338,-66.873055,179.601990,-116.389793,78.831795,-116.836365,0.346133,0.400140,0.879427,0.043288,4.862363,-0.820399,
feedback,1.152130,1786440029123,7,Ry,5.000000,75.000000,5.181508,0.181508,,,335.910614,-66.845123,179.611267,89.999916,50.000053,89.999992,435.886017,-66.874260,179.607040,-116.570190,78.813004,-117.020561,-0.043758,-0.320926,0.386060,-0.160127,5.097972,-0.927227,
feedback,1.160047,1786440029131,7,Ry,5.000000,75.000000,5.107722,0.107722,,,335.910614,-66.845123,179.611267,89.999916,50.000053,89.999992,435.889099,-66.874062,179.612549,-116.750870,78.794212,-117.204857,0.334394,0.085668,0.447294,-0.131935,5.032423,-0.874008,
feedback,1.168598,1786440029140,7,Ry,5.000000,75.000000,5.136940,0.136940,,,335.910614,-66.845123,179.611267,89.999916,50.000053,89.999992,435.892639,-66.873474,179.614792,-116.932053,78.774292,-117.389488,0.615990,0.186219,0.126864,-0.161097,5.065840,-0.852757,
feedback,1.176636,1786440029148,7,Ry,5.000000,75.000000,5.062888,0.062888,,,335.910614,-66.845123,179.611267,89.999916,50.000053,89.999992,435.894470,-66.873314,179.615479,-117.112488,78.754158,-117.573196,0.479294,0.156420,0.354445,-0.225897,4.995481,-0.825379,
feedback,1.185786,1786440029156,7,Ry,5.000000,75.000000,4.968429,-0.031571,,,335.910614,-66.845123,179.611267,89.999916,50.000053,89.999992,435.896362,-66.874268,179.617859,-117.285347,78.733566,-117.749611,0.328990,0.069749,0.348158,-0.274305,4.896994,-0.840010,
feedback,1.192986,1786440029165,7,Ry,5.000000,75.000000,4.845935,-0.154065,,,335.910614,-66.845123,179.611267,89.999916,50.000053,89.999992,435.900909,-66.871086,179.619812,-117.454460,78.713379,-117.921631,0.892160,0.569255,0.391464,-0.268897,4.787480,-0.755673,
feedback,1.201212,1786440029173,7,Ry,5.000000,75.000000,4.655375,-0.344625,,,335.910614,-66.845123,179.611267,89.999916,50.000053,89.999992,435.913605,-66.865562,179.627121,-117.619118,78.694847,-118.089500,1.742342,0.610529,1.197596,-0.096844,4.579894,-0.835428,
feedback,1.209348,1786440029181,7,Ry,5.000000,75.000000,4.660335,-0.339665,,,335.910614,-66.845123,179.611267,89.999916,50.000053,89.999992,435.929047,-66.857956,179.640533,-117.783058,78.677124,-118.256454,2.027331,0.938791,1.834193,-0.038206,4.592229,-0.794003,
feedback,1.217538,1786440029190,7,Ry,5.000000,75.000000,4.925570,-0.074430,,,335.910614,-66.845123,179.611267,89.999916,50.000053,89.999992,435.938202,-66.852028,179.650009,-117.953636,78.658516,-118.429901,0.767750,0.523581,0.927432,-0.042045,4.858849,-0.809369,
feedback,1.225765,1786440029198,7,Ry,5.000000,75.000000,5.211812,0.211812,,,335.910614,-66.845123,179.611267,89.999916,50.000053,89.999992,435.939209,-66.844772,179.648438,-118.223473,78.628189,-118.703003,-0.257378,0.341024,-0.431640,-0.094537,5.161907,-0.739117,
feedback,1.234162,1786440029207,7,Ry,5.000000,75.000000,5.532912,0.532912,,,335.910614,-66.845123,179.611267,89.999916,50.000053,89.999992,435.933472,-66.846283,179.639862,-118.408081,78.606796,-118.890465,-1.249877,-0.324921,-1.771948,-0.205573,5.474605,-0.814889,
feedback,1.243181,1786440029215,7,Ry,5.000000,75.000000,5.204495,0.204495,,,335.910614,-66.845123,179.611267,89.999916,50.000053,89.999992,435.930267,-66.846703,179.632446,-118.590599,78.586174,-119.075859,-0.111506,0.083246,-0.752829,-0.050903,5.147327,-0.779646,
feedback,1.250720,1786440029219,7,Ry,5.000000,75.000000,5.163217,0.163217,,,335.910614,-66.845123,179.611267,89.999916,50.000053,89.999992,435.931183,-66.845963,179.629990,-118.680382,78.576164,-119.167130,0.219873,0.184020,-0.605289,-0.022651,5.098963,-0.816183,
feedback,1.258686,1786440029228,7,Ry,5.000000,75.000000,4.783086,-0.216914,,,335.910614,-66.845123,179.611267,89.999916,50.000053,89.999992,435.936279,-66.845901,179.632324,-118.852051,78.557678,-119.342621,0.900621,0.055777,0.789467,0.106034,4.695654,-0.914240,
feedback,1.266681,1786440029236,7,Ry,5.000000,75.000000,4.725270,-0.274730,,,335.910614,-66.845123,179.611267,89.999916,50.000053,89.999992,435.938538,-66.845695,179.635345,-119.021935,78.539200,-119.516266,0.565561,0.172587,0.840415,0.108029,4.643043,-0.879680,
feedback,1.275884,1786440029244,7,Ry,5.000000,75.000000,4.888997,-0.111003,,,335.910614,-66.845123,179.611267,89.999916,50.000053,89.999992,435.937775,-66.843048,179.638046,-119.190842,78.520088,-119.688309,-0.206765,0.296841,0.266428,-0.056049,4.821884,-0.808382,
feedback,1.283349,1786440029253,7,Ry,5.000000,75.000000,5.057229,0.057229,,,335.910614,-66.845123,179.611267,89.999916,50.000053,89.999992,435.937592,-66.840714,179.641037,-119.360359,78.500633,-119.860863,-0.437524,0.115412,-0.194968,-0.039737,4.991329,-0.816231,
feedback,1.292464,1786440029261,7,Ry,5.000000,75.000000,5.201008,0.201008,,,335.910614,-66.845123,179.611267,89.999916,50.000053,89.999992,435.930969,-66.841736,179.636429,-119.537033,78.479912,-120.040703,-0.830435,-0.296196,-0.554254,-0.039140,5.126636,-0.876838,
feedback,1.301342,1786440029270,7,Ry,5.000000,75.000000,5.284681,0.284681,,,335.910614,-66.845123,179.611267,89.999916,50.000053,89.999992,435.925293,-66.843071,179.630035,-119.714714,78.458076,-120.221573,-0.624008,-0.258952,-0.792155,-0.128098,5.212475,-0.871890,
feedback,1.309298,1786440029278,7,Ry,5.000000,75.000000,5.339407,0.339407,,,335.910614,-66.845123,179.611267,89.999916,50.000053,89.999992,435.920990,-66.843277,179.625778,-119.892082,78.436035,-120.401886,-0.865331,-0.267297,-0.821198,-0.152816,5.271588,-0.851820,
feedback,1.315691,1786440029286,7,Ry,5.000000,75.000000,5.300979,0.300979,,,335.910614,-66.845123,179.611267,89.999916,50.000053,89.999992,435.908051,-66.844284,179.615891,-120.158173,78.403336,-120.672302,-1.282936,-0.204243,-1.013512,-0.081925,5.237219,-0.825450,
feedback,1.324108,1786440029295,7,Ry,5.000000,75.000000,5.102624,0.102624,,,335.910614,-66.845123,179.611267,89.999916,50.000053,89.999992,435.898224,-66.844322,179.607361,-120.332939,78.381996,-120.849556,-1.166443,0.424634,-0.854623,-0.005674,5.064414,-0.663347,
feedback,1.332106,1786440029303,7,Ry,5.000000,75.000000,5.068918,0.068918,,,335.910614,-66.845123,179.611267,89.999916,50.000053,89.999992,435.888214,-66.841568,179.599197,-120.503868,78.361244,-121.022446,-1.154396,0.348388,-0.958848,-0.007172,5.022899,-0.704637,
feedback,1.340393,1786440029312,7,Ry,5.000000,75.000000,4.772096,-0.227904,,,335.910614,-66.845123,179.611267,89.999916,50.000053,89.999992,435.889282,-66.840096,179.600311,-120.668823,78.342323,-121.190651,0.619829,0.314925,0.675877,0.192193,4.696386,-0.846948,
feedback,1.348473,1786440029320,7,Ry,5.000000,75.000000,4.998714,-0.001286,,,335.910614,-66.845123,179.611267,89.999916,50.000053,89.999992,435.894165,-66.836678,179.600922,-120.837975,78.323578,-121.363075,0.346734,0.179735,-0.205301,0.173521,4.924087,-0.860652,
feedback,1.357100,1786440029328,7,Ry,5.000000,75.000000,5.164435,0.164435,,,335.910614,-66.845123,179.611267,89.999916,50.000053,89.999992,435.893433,-66.835808,179.594757,-121.012444,78.303131,-121.540970,-0.023629,0.254860,-0.587298,0.175032,5.091063,-0.868045,
feedback,1.366237,1786440029337,7,Ry,5.000000,75.000000,5.240836,0.240836,,,335.910614,-66.845123,179.611267,89.999916,50.000053,89.999992,435.887146,-66.833351,179.587570,-121.189537,78.281960,-121.720573,-0.844818,0.440433,-0.856956,0.124490,5.194326,-0.722465,
feedback,1.373198,1786440029345,7,Ry,5.000000,75.000000,5.342265,0.342265,,,335.910614,-66.845123,179.611267,89.999916,50.000053,89.999992,435.874054,-66.832443,179.578522,-121.369514,78.259628,-121.902748,-1.553341,0.078490,-0.991587,0.068779,5.291442,-0.755763,
feedback,1.381199,1786440029354,7,Ry,5.000000,75.000000,5.213339,0.213339,,,335.910614,-66.845123,179.611267,89.999916,50.000053,89.999992,435.868958,-66.833885,179.573776,-121.543922,78.238167,-122.080910,-0.458683,-0.367103,-0.263541,0.121757,5.118860,-0.991975,
feedback,1.390580,1786440029362,7,Ry,5.000000,75.000000,5.139238,0.139238,,,335.910614,-66.845123,179.611267,89.999916,50.000053,89.999992,435.871307,-66.835709,179.571609,-121.713242,78.216995,-122.254677,0.306134,-0.303266,-0.212016,0.029587,5.041955,-1.001317,
feedback,1.397765,1786440029370,7,Ry,5.000000,75.000000,4.829399,-0.170601,,,335.910614,-66.845123,179.611267,89.999916,50.000053,89.999992,435.877472,-66.837685,179.576324,-121.955467,78.187317,-122.503227,0.593179,0.207986,0.457987,0.135725,4.751113,-0.866564,
feedback,1.405875,1786440029375,7,Ry,5.000000,75.000000,4.850200,-0.149800,,,335.910614,-66.845123,179.611267,89.999916,50.000053,89.999992,435.879883,-66.836563,179.577637,-122.035072,78.177399,-122.584686,0.600665,0.279789,0.334652,0.102388,4.768962,-0.885108,
feedback,1.414275,1786440029383,7,Ry,5.000000,75.000000,4.769265,-0.230735,,,335.910614,-66.845123,179.611267,89.999916,50.000053,89.999992,435.887299,-66.832550,179.583923,-122.190254,78.156937,-122.743355,1.031228,0.509886,1.174607,0.011195,4.692449,-0.852900,
feedback,1.423808,1786440029392,7,Ry,5.000000,75.000000,4.787306,-0.212694,,,335.910614,-66.845123,179.611267,89.999916,50.000053,89.999992,435.897705,-66.826134,179.596542,-122.345894,78.137695,-122.902176,1.298031,0.745984,1.615049,0.185833,4.716764,-0.818993,
feedback,1.430745,1786440029400,7,Ry,5.000000,75.000000,4.916694,-0.083306,,,335.910614,-66.845123,179.611267,89.999916,50.000053,89.999992,435.906097,-66.821648,179.608032,-122.507164,78.118164,-123.066628,0.843028,0.434327,1.312860,0.190331,4.848291,-0.818187,
feedback,1.439195,1786440029408,7,Ry,5.000000,75.000000,5.126465,0.126465,,,335.910614,-66.845123,179.611267,89.999916,50.000053,89.999992,435.907318,-66.819664,179.611237,-122.674553,78.097023,-123.237183,0.028179,0.175376,0.334664,0.150202,5.054428,-0.857132,
feedback,1.446830,1786440029417,7,Ry,5.000000,75.000000,5.085822,0.085822,,,335.910614,-66.845123,179.611267,89.999916,50.000053,89.999992,435.907562,-66.813812,179.613007,-122.842644,78.076012,-123.407120,0.173252,0.870745,0.365350,0.195795,5.047396,-0.662946,
feedback,1.455033,1786440029426,7,Ry,5.000000,75.000000,5.052781,0.052781,,,335.910614,-66.845123,179.611267,89.999916,50.000053,89.999992,435.911011,-66.810432,179.617050,-123.007446,78.055099,-123.574600,0.534327,0.449607,0.526575,0.144773,4.991843,-0.787737,
feedback,1.463770,1786440029434,7,Ry,5.000000,75.000000,4.881823,-0.118177,,,335.910614,-66.845123,179.611267,89.999916,50.000053,89.999992,435.922760,-66.807671,179.628677,-123.164749,78.035919,-123.735703,1.238287,0.236054,1.251863,0.212016,4.797205,-0.907202,
feedback,1.471348,1786440029442,7,Ry,5.000000,75.000000,4.604593,-0.395407,,,335.910614,-66.845123,179.611267,89.999916,50.000053,89.999992,435.941986,-66.799469,179.652924,-123.390663,78.007782,-123.966995,1.202453,0.749796,2.083438,0.225616,4.528905,-0.832287,
feedback,1.479967,1786440029451,7,Ry,5.000000,75.000000,4.639759,-0.360241,,,335.910614,-66.845123,179.611267,89.999916,50.000053,89.999992,435.952118,-66.794670,179.668472,-123.540009,77.988991,-124.119957,1.038068,0.576454,1.798929,0.213195,4.560806,-0.853887,
feedback,1.487967,1786440029459,7,Ry,5.000000,75.000000,4.880199,-0.119801,,,335.910614,-66.845123,179.611267,89.999916,50.000053,89.999992,435.954895,-66.793312,179.674728,-123.695076,77.968452,-124.278801,0.354382,0.132262,0.874482,0.131134,4.793931,-0.916384,
feedback,1.496034,1786440029467,7,Ry,5.000000,75.000000,5.113995,0.113995,,,335.910614,-66.845123,179.611267,89.999916,50.000053,89.999992,435.953522,-66.797997,179.672638,-123.855255,77.945671,-124.443466,0.262189,-0.488429,0.102735,0.051073,5.015549,-1.005910,
feedback,1.504242,1786440029476,7,Ry,5.000000,75.000000,5.196239,0.196239,,,335.910614,-66.845123,179.611267,89.999916,50.000053,89.999992,435.953156,-66.802887,179.669022,-124.015556,77.921875,-124.608360,-0.040825,-0.690907,-0.170630,-0.042211,5.092926,-1.040683,
feedback,1.513545,1786440029484,7,Ry,5.000000,75.000000,5.336300,0.336300,,,335.910614,-66.845123,179.611267,89.999916,50.000053,89.999992,435.950562,-66.808105,179.661835,-124.178185,77.897423,-124.775459,-0.435378,-0.825134,-0.800330,-0.065492,5.236891,-1.030739,
feedback,1.521625,1786440029493,7,Ry,5.000000,75.000000,5.347977,0.347977,,,335.910614,-66.845123,179.611267,89.999916,50.000053,89.999992,435.945099,-66.812317,179.650497,-124.341705,77.872505,-124.943054,-0.680900,-0.447513,-1.302329,-0.076406,5.264338,-0.942218,
feedback,1.528972,1786440029497,7,Ry,5.000000,75.000000,5.252996,0.252996,,,335.910614,-66.845123,179.611267,89.999916,50.000053,89.999992,435.936859,-66.815697,179.640732,-124.504631,77.848770,-125.109795,-1.044188,-0.418001,-1.039173,0.088968,5.169634,-0.932395,
feedback,1.537067,1786440029506,7,Ry,5.000000,75.000000,5.083375,0.083375,,,335.910614,-66.845123,179.611267,89.999916,50.000053,89.999992,435.934235,-66.816452,179.639175,-124.583870,77.837738,-125.190964,-0.656249,-0.191220,-0.380811,0.147124,4.998384,-0.926844,
feedback,1.546102,1786440029514,7,Ry,5.000000,75.000000,4.861490,-0.138510,,,335.910614,-66.845123,179.611267,89.999916,50.000053,89.999992,435.927460,-66.819740,179.641220,-124.812874,77.805107,-125.426102,0.073942,-0.132205,0.525950,0.127891,4.769841,-0.945254,
feedback,1.553346,1786440029523,7,Ry,5.000000,75.000000,4.798978,-0.201022,,,335.910614,-66.845123,179.611267,89.999916,50.000053,89.999992,435.931183,-66.823708,179.646439,-124.960243,77.783569,-125.578300,0.732629,-0.483384,1.032752,0.106274,4.690175,-1.037193,
feedback,1.562333,1786440029531,7,Ry,5.000000,75.000000,5.055176,0.055176,,,335.910614,-66.845123,179.611267,89.999916,50.000053,89.999992,435.931427,-66.830437,179.647232,-125.110855,77.760353,-125.733727,0.206827,-0.502463,0.105368,-0.025167,4.962071,-0.970423,
feedback,1.571051,1786440029539,7,Ry,5.000000,75.000000,5.293950,0.293950,,,335.910614,-66.845123,179.611267,89.999916,50.000053,89.999992,435.924438,-66.836693,179.640274,-125.265549,77.734970,-125.892677,-0.914888,-0.851948,-0.967574,-0.193417,5.205062,-0.967348,
feedback,1.577830,1786440029548,7,Ry,5.000000,75.000000,5.531492,0.531492,,,335.910614,-66.845123,179.611267,89.999916,50.000053,89.999992,435.911133,-66.842522,179.624756,-125.425217,77.708107,-126.056061,-1.922454,-0.655993,-2.208570,-0.211778,5.459206,-0.893852,
feedback,1.586333,1786440029556,7,Ry,5.000000,75.000000,5.569942,0.569942,,,335.910614,-66.845123,179.611267,89.999916,50.000053,89.999992,435.890839,-66.850281,179.604752,-125.583893,77.679169,-126.218246,-2.380177,-0.985037,-2.071539,-0.487681,5.495345,-0.910340,
feedback,1.596114,1786440029565,7,Ry,5.000000,75.000000,5.361382,0.361382,,,335.910614,-66.845123,179.611267,89.999916,50.000053,89.999992,435.882477,-66.855690,179.595413,-125.734146,77.651665,-126.372452,-0.658714,-0.239320,-0.971584,-0.362744,5.292998,-0.856865,
feedback,1.603321,1786440029573,7,Ry,5.000000,75.000000,5.100376,0.100376,,,335.910614,-66.845123,179.611267,89.999916,50.000053,89.999992,435.879486,-66.857521,179.592773,-125.880928,77.625893,-126.523064,-0.214174,0.028024,-0.138827,-0.220913,5.028869,-0.851766,
feedback,1.610799,1786440029581,7,Ry,5.000000,75.000000,4.965629,-0.034371,,,335.910614,-66.845123,179.611267,89.999916,50.000053,89.999992,435.877350,-66.859634,179.591843,-126.024269,77.601311,-126.670174,-0.328602,-0.176969,-0.115801,-0.130940,4.892084,-0.851537,
feedback,1.618771,1786440029590,7,Ry,5.000000,75.000000,5.087528,0.087528,,,335.910614,-66.845123,179.611267,89.999916,50.000053,89.999992,435.875153,-66.862617,179.590393,-126.166100,77.576973,-126.815994,-0.503403,-0.545643,-0.542444,-0.206996,4.999510,-0.944282,
feedback,1.627493,1786440029598,7,Ry,5.000000,75.000000,4.977009,-0.022991,,,335.910614,-66.845123,179.611267,89.999916,50.000053,89.999992,435.878418,-66.860847,179.589111,-126.379417,77.540565,-127.034668,0.517235,0.264753,0.077999,-0.106409,4.899972,-0.872337,
feedback,1.636304,1786440029607,7,Ry,5.000000,75.000000,5.043847,0.043847,,,335.910614,-66.845123,179.611267,89.999916,50.000053,89.999992,435.884857,-66.859993,179.591568,-126.522362,77.516052,-127.181496,0.663588,-0.058978,0.260440,-0.106925,4.957520,-0.930853,
feedback,1.643496,1786440029615,7,Ry,5.000000,75.000000,5.329186,0.329186,,,335.910614,-66.845123,179.611267,89.999916,50.000053,89.999992,435.880463,-66.861290,179.587021,-126.670853,77.489685,-127.333687,-0.949393,-0.122589,-0.844122,-0.244641,5.258922,-0.864791,
feedback,1.651790,1786440029624,7,Ry,5.000000,75.000000,5.327367,0.327367,,,335.910614,-66.845123,179.611267,89.999916,50.000053,89.999992,435.874329,-66.864052,179.582031,-126.820137,77.463135,-127.487106,-0.944217,-0.628203,-0.643438,-0.159039,5.231849,-1.007761,
feedback,1.659738,1786440029632,7,Ry,5.000000,75.000000,5.236556,0.236556,,,335.910614,-66.845123,179.611267,89.999916,50.000053,89.999992,435.869080,-66.871613,179.577774,-126.968063,77.437096,-127.640038,-0.445151,-0.989360,-0.481793,-0.114678,5.125808,-1.086109,
feedback,1.668405,1786440029640,7,Ry,5.000000,75.000000,5.027993,0.027993,,,335.910614,-66.845123,179.611267,89.999916,50.000053,89.999992,435.872620,-66.876892,179.578064,-127.112335,77.412476,-127.789360,0.655559,-0.655065,0.333027,-0.017082,4.916758,-1.070578,
feedback,1.675770,1786440029645,7,Ry,5.000000,75.000000,4.910614,-0.089386,,,335.910614,-66.845123,179.611267,89.999916,50.000053,89.999992,435.882812,-66.879333,179.581436,-127.251732,77.388763,-127.933670,1.550293,-0.289109,0.716174,0.009327,4.797575,-1.070512,
feedback,1.684234,1786440029653,7,Ry,5.000000,75.000000,4.659903,-0.340097,,,335.910614,-66.845123,179.611267,89.999916,50.000053,89.999992,435.889923,-66.880295,179.585526,-127.318153,77.377823,-128.002792,1.773262,-0.240579,1.028923,0.075082,4.542018,-1.075980,
feedback,1.692449,1786440029661,7,Ry,5.000000,75.000000,4.727931,-0.272069,,,335.910614,-66.845123,179.611267,89.999916,50.000053,89.999992,435.898224,-66.879646,179.589462,-127.454819,77.354309,-128.143600,1.448727,0.280740,0.876989,0.068899,4.638398,-0.921274,
feedback,1.700992,1786440029670,7,Ry,5.000000,75.000000,4.834089,-0.165911,,,335.910614,-66.845123,179.611267,89.999916,50.000053,89.999992,435.908997,-66.873756,179.593826,-127.591446,77.330833,-128.283463,1.503870,1.036716,0.491908,0.010819,4.773170,-0.768462,
feedback,1.708582,1786440029678,7,Ry,5.000000,75.000000,4.993922,-0.006078,,,335.910614,-66.845123,179.611267,89.999916,50.000053,89.999992,435.925354,-66.864944,179.598145,-127.799965,77.294174,-128.496841,1.299042,0.567048,0.440234,-0.086303,4.921734,-0.846387,
feedback,1.716822,1786440029686,7,Ry,5.000000,75.000000,5.302849,0.302849,,,335.910614,-66.845123,179.611267,89.999916,50.000053,89.999992,435.929657,-66.861954,179.600418,-127.941048,77.268173,-128.641174,0.005821,0.156613,-0.079677,-0.160250,5.234601,-0.851158,
feedback,1.725643,1786440029695,7,Ry,5.000000,75.000000,5.138862,0.138862,,,335.910614,-66.845123,179.611267,89.999916,50.000053,89.999992,435.928619,-66.863434,179.604446,-128.081955,77.242393,-128.785767,-0.306718,-0.362547,0.448106,-0.072458,5.056162,-0.918625,
feedback,1.733238,1786440029703,7,Ry,5.000000,75.000000,5.335199,0.335199,,,335.910614,-66.845123,179.611267,89.999916,50.000053,89.999992,435.925842,-66.865128,179.606186,-128.224670,77.216919,-128.932068,-0.848153,-0.256159,-0.574223,-0.044410,5.265199,-0.863851,
feedback,1.742293,1786440029712,7,Ry,5.000000,75.000000,5.044088,0.044088,,,335.910614,-66.845123,179.611267,89.999916,50.000053,89.999992,435.922363,-66.864647,179.603989,-128.366684,77.191292,-129.077362,-0.006642,0.185069,0.147941,-0.002544,4.968084,-0.872345,
feedback,1.750063,1786440029720,7,Ry,5.000000,75.000000,4.789709,-0.210291,,,335.910614,-66.845123,179.611267,89.999916,50.000053,89.999992,435.927307,-66.859741,179.607651,-128.502625,77.167381,-129.216293,0.895242,0.847247,0.768797,0.111600,4.730639,-0.754063,
feedback,1.758420,1786440029729,7,Ry,5.000000,75.000000,4.802892,-0.197108,,,335.910614,-66.845123,179.611267,89.999916,50.000053,89.999992,435.935181,-66.855202,179.613647,-128.641266,77.145500,-129.358246,0.918158,0.616176,0.652958,0.335554,4.729658,-0.835336,
feedback,1.766289,1786440029737,7,Ry,5.000000,75.000000,4.934509,-0.065491,,,335.910614,-66.845123,179.611267,89.999916,50.000053,89.999992,435.942047,-66.849373,179.616547,-128.781570,77.123199,-129.501678,0.487056,0.660644,0.004112,0.267240,4.866066,-0.819742,
feedback,1.774548,1786440029745,7,Ry,5.000000,75.000000,5.056401,0.056401,,,335.910614,-66.845123,179.611267,89.999916,50.000053,89.999992,435.943054,-66.846390,179.615875,-128.923340,77.099472,-129.646469,0.045966,0.244621,-0.085701,0.181811,4.984746,-0.848668,
feedback,1.782632,1786440029754,7,Ry,5.000000,75.000000,5.211156,0.211156,,,335.910614,-66.845123,179.611267,89.999916,50.000053,89.999992,435.933441,-66.848541,179.609650,-129.068344,77.073708,-129.794510,-1.061218,-0.254266,-0.525118,0.132449,5.144138,-0.835944,
feedback,1.791295,1786440029762,7,Ry,5.000000,75.000000,5.216917,0.216917,,,335.910614,-66.845123,179.611267,89.999916,50.000053,89.999992,435.917999,-66.854591,179.602509,-129.283508,77.033806,-130.014771,-0.782202,-0.289916,-0.172300,0.032286,5.142339,-0.879361,
feedback,1.799059,1786440029771,7,Ry,5.000000,75.000000,5.232770,0.232770,,,335.910614,-66.845123,179.611267,89.999916,50.000053,89.999992,435.911041,-66.857841,179.598938,-129.425003,77.007210,-130.159637,-0.824943,-0.484924,-0.329256,0.016132,5.156106,-0.892584,
feedback,1.807556,1786440029779,7,Ry,5.000000,75.000000,5.222958,0.222958,,,335.910614,-66.845123,179.611267,89.999916,50.000053,89.999992,435.901917,-66.862709,179.595779,-129.564804,76.980469,-130.302841,-1.250128,-0.433962,-0.468604,-0.024653,5.161644,-0.804699,
feedback,1.815961,1786440029787,7,Ry,5.000000,75.000000,5.034998,0.034998,,,335.910614,-66.845123,179.611267,89.999916,50.000053,89.999992,435.896179,-66.865288,179.594666,-129.698959,76.954453,-130.440201,-0.690152,-0.141434,-0.060289,-0.059726,4.971729,-0.799349,
feedback,1.825328,1786440029796,7,Ry,5.000000,75.000000,5.044494,0.044494,,,335.910614,-66.845123,179.611267,89.999916,50.000053,89.999992,435.887115,-66.865288,179.591263,-129.832031,76.928635,-130.575928,-1.344391,-0.195961,-0.667383,0.014337,4.981527,-0.798452,
feedback,1.831748,1786440029804,7,Ry,5.000000,75.000000,4.878878,-0.121122,,,335.910614,-66.845123,179.611267,89.999916,50.000053,89.999992,435.884918,-66.864342,179.593903,-129.963409,76.904297,-130.710495,-0.219772,0.122602,0.247846,0.137961,4.807646,-0.830798,
feedback,1.840109,1786440029813,7,Ry,5.000000,75.000000,4.793330,-0.206670,,,335.910614,-66.845123,179.611267,89.999916,50.000053,89.999992,435.890381,-66.860092,179.604828,-130.093658,76.881271,-130.843872,0.524652,0.620872,1.142707,0.227901,4.728600,-0.786412,
feedback,1.848119,1786440029821,7,Ry,5.000000,75.000000,5.039743,0.039743,,,335.910614,-66.845123,179.611267,89.999916,50.000053,89.999992,435.888153,-66.859375,179.609222,-130.229645,76.856514,-130.983078,-0.394757,0.071878,0.553423,0.196652,4.966387,-0.856902,
feedback,1.856444,1786440029825,7,Ry,5.000000,75.000000,5.172314,0.172314,,,335.910614,-66.845123,179.611267,89.999916,50.000053,89.999992,435.885345,-66.860191,179.609268,-130.298981,76.843575,-131.054108,-0.710898,-0.205315,0.017968,0.148483,5.097423,-0.877213,
feedback,1.864945,1786440029833,7,Ry,5.000000,75.000000,5.280795,0.280795,,,335.910614,-66.845123,179.611267,89.999916,50.000053,89.999992,435.876923,-66.864555,179.606308,-130.437790,76.817047,-131.196869,-1.211187,-0.553764,-0.610436,0.075692,5.201045,-0.914282,
feedback,1.873122,1786440029842,7,Ry,5.000000,75.000000,5.344779,0.344779,,,335.910614,-66.845123,179.611267,89.999916,50.000053,89.999992,435.867096,-66.869888,179.593506,-130.647263,76.775703,-131.411972,-0.592641,-0.324240,-1.105998,0.029250,5.265053,-0.919749,
feedback,1.880867,1786440029850,7,Ry,5.000000,75.000000,5.146863,0.146863,,,335.910614,-66.845123,179.611267,89.999916,50.000053,89.999992,435.866638,-66.869957,179.589233,-130.783142,76.749184,-131.551254,-0.068079,-0.044999,-0.404274,0.109236,5.069479,-0.889135,
feedback,1.889450,1786440029859,7,Ry,5.000000,75.000000,5.135635,0.135635,,,335.910614,-66.845123,179.611267,89.999916,50.000053,89.999992,435.866333,-66.870560,179.588531,-130.915421,76.723717,-131.686981,-0.410531,-0.074736,-0.459389,0.097976,5.065548,-0.846741,
feedback,1.897374,1786440029867,7,Ry,5.000000,75.000000,4.899103,-0.100897,,,335.910614,-66.845123,179.611267,89.999916,50.000053,89.999992,435.866852,-66.869949,179.588623,-131.044662,76.698547,-131.819626,0.322503,0.363024,0.160539,0.149444,4.829372,-0.824027,
feedback,1.906096,1786440029876,7,Ry,5.000000,75.000000,4.742278,-0.257722,,,335.910614,-66.845123,179.611267,89.999916,50.000053,89.999992,435.875397,-66.865036,179.595734,-131.169037,76.674484,-131.947189,1.199589,0.504208,0.989499,0.155517,4.665051,-0.852865,
feedback,1.914351,1786440029884,7,Ry,5.000000,75.000000,4.713072,-0.286928,,,335.910614,-66.845123,179.611267,89.999916,50.000053,89.999992,435.888397,-66.858269,179.607346,-131.292435,76.650475,-132.073792,1.764192,0.838861,1.657225,0.140162,4.638211,-0.836891,
feedback,1.922960,1786440029892,7,Ry,5.000000,75.000000,4.934648,-0.065352,,,335.910614,-66.845123,179.611267,89.999916,50.000053,89.999992,435.900269,-66.851456,179.617935,-131.417847,76.625374,-132.202133,1.100934,0.684382,1.033044,0.073141,4.868944,-0.804286,
feedback,1.931506,1786440029901,7,Ry,5.000000,75.000000,4.957545,-0.042455,,,335.910614,-66.845123,179.611267,89.999916,50.000053,89.999992,435.905823,-66.846169,179.623428,-131.546906,76.599754,-132.333878,0.679503,0.616945,0.685215,0.154855,4.893156,-0.798809,
feedback,1.938640,1786440029909,7,Ry,5.000000,75.000000,5.221627,0.221627,,,335.910614,-66.845123,179.611267,89.999916,50.000053,89.999992,435.905487,-66.843262,179.620468,-131.678085,76.571396,-132.467804,0.086888,0.400262,-0.295918,-0.053214,5.164429,-0.781072,
feedback,1.947588,1786440029918,7,Ry,5.000000,75.000000,5.031256,0.031256,,,335.910614,-66.845123,179.611267,89.999916,50.000053,89.999992,435.909515,-66.839073,179.619522,-131.805603,76.543877,-132.598099,0.749043,0.490394,0.082799,0.000365,4.967505,-0.801649,
feedback,1.954917,1786440029926,7,Ry,5.000000,75.000000,4.950107,-0.049893,,,335.910614,-66.845123,179.611267,89.999916,50.000053,89.999992,435.911896,-66.832268,179.617752,-131.992859,76.502060,-132.789322,0.680912,0.941648,0.270931,-0.087330,4.900012,-0.717010,
feedback,1.963231,1786440029934,7,Ry,5.000000,75.000000,4.796026,-0.203974,,,335.910614,-66.845123,179.611267,89.999916,50.000053,89.999992,435.925140,-66.824959,179.620590,-132.112335,76.475723,-132.911346,1.139285,0.926182,0.532826,-0.066528,4.742950,-0.720472,
feedback,1.971148,1786440029943,7,Ry,5.000000,75.000000,4.723027,-0.276973,,,335.910614,-66.845123,179.611267,89.999916,50.000053,89.999992,435.935211,-66.817932,179.625641,-132.230011,76.450050,-133.031830,1.285745,0.866507,0.801147,-0.002788,4.660190,-0.769528,
feedback,1.979818,1786440029951,7,Ry,5.000000,75.000000,4.866016,-0.133984,,,335.910614,-66.845123,179.611267,89.999916,50.000053,89.999992,435.941101,-66.812622,179.631134,-132.346985,76.423706,-133.151825,0.478621,0.563621,0.585579,-0.059059,4.803007,-0.782976,
feedback,1.987325,1786440029960,7,Ry,5.000000,75.000000,4.987318,-0.012682,,,335.910614,-66.845123,179.611267,89.999916,50.000053,89.999992,435.946472,-66.811760,179.636780,-132.463837,76.396194,-133.272812,0.473525,-0.168048,0.646154,-0.228746,4.894428,-0.963127,
feedback,1.996216,1786440029968,7,Ry,5.000000,75.000000,5.092126,0.092126,,,335.910614,-66.845123,179.611267,89.999916,50.000053,89.999992,435.948059,-66.813431,179.638474,-132.580200,76.367195,-133.393341,0.006478,-0.238053,-0.028806,-0.290802,5.008766,-0.918176,
feedback,2.004045,1786440029977,7,Ry,5.000000,75.000000,5.359239,0.359239,,,335.910614,-66.845123,179.611267,89.999916,50.000053,89.999992,435.941833,-66.816467,179.632004,-132.701843,76.335938,-133.518616,-1.016362,-0.503663,-0.995124,-0.347571,5.283796,-0.896583,
feedback,2.011939,1786440029981,7,Ry,5.000000,75.000000,5.289945,0.289945,,,335.910614,-66.845123,179.611267,89.999916,50.000053,89.999992,435.939636,-66.818565,179.629608,-132.762344,76.320717,-133.580978,-0.560741,-0.526634,-0.592073,-0.295992,5.213837,-0.894316,
feedback,2.020246,1786440029989,7,Ry,5.000000,75.000000,5.353962,0.353962,,,335.910614,-66.845123,179.611267,89.999916,50.000053,89.999992,435.929688,-66.823906,179.619003,-132.885574,76.289833,-133.707870,-1.212523,-0.492171,-1.344373,-0.257200,5.284136,-0.864310,
feedback,2.028645,1786440029998,7,Ry,5.000000,75.000000,5.292406,0.292406,,,335.910614,-66.845123,179.611267,89.999916,50.000053,89.999992,435.917755,-66.827606,179.606934,-133.008728,76.259346,-133.834274,-1.276479,-0.391109,-1.225261,-0.197943,5.223885,-0.851552,
feedback,2.036393,1786440030006,7,Ry,5.000000,75.000000,4.852431,-0.147569,,,335.910614,-66.845123,179.611267,89.999916,50.000053,89.999992,435.914886,-66.825058,179.603302,-133.127319,76.230835,-133.955582,0.485176,0.640560,0.513167,-0.047395,4.796109,-0.743960,
feedback,2.044650,1786440030014,7,Ry,5.000000,75.000000,4.852038,-0.147962,,,335.910614,-66.845123,179.611267,89.999916,50.000053,89.999992,435.915344,-66.821365,179.605316,-133.300613,76.190254,-134.133514,-0.073395,0.071666,0.334005,-0.039441,4.776918,-0.850495,
feedback,2.052894,1786440030023,7,Ry,5.000000,75.000000,4.783469,-0.216531,,,335.910614,-66.845123,179.611267,89.999916,50.000053,89.999992,435.916138,-66.819756,179.609940,-133.414536,76.163734,-134.250580,0.199109,0.178958,0.772134,0.021029,4.714582,-0.809199,
feedback,2.061587,1786440030031,7,Ry,5.000000,75.000000,5.135895,0.135895,,,335.910614,-66.845123,179.611267,89.999916,50.000053,89.999992,435.907379,-66.817917,179.606873,-133.534424,76.134842,-134.372437,-1.273841,0.292226,-0.511264,-0.081251,5.102277,-0.640039,
feedback,2.070480,1786440030040,7,Ry,5.000000,75.000000,5.255629,0.255629,,,335.910614,-66.845123,179.611267,89.999916,50.000053,89.999992,435.898285,-66.818192,179.603043,-133.655396,76.105598,-134.495789,-1.169729,-0.176054,-0.583911,-0.102790,5.198765,-0.782268,
feedback,2.077492,1786440030049,7,Ry,5.000000,75.000000,5.244495,0.244495,,,335.910614,-66.845123,179.611267,89.999916,50.000053,89.999992,435.893188,-66.819283,179.598770,-133.776291,76.075722,-134.619751,-0.430407,-0.157241,-0.442486,-0.104821,5.173956,-0.858799,
feedback,2.085440,1786440030057,7,Ry,5.000000,75.000000,5.447318,0.447318,,,335.910614,-66.845123,179.611267,89.999916,50.000053,89.999992,435.884491,-66.822998,179.589661,-133.897446,76.044983,-134.744492,-1.440258,-0.598275,-1.513314,-0.174725,5.374907,-0.887097,
feedback,2.093457,1786440030065,7,Ry,5.000000,75.000000,5.251334,0.251334,,,335.910614,-66.845123,179.611267,89.999916,50.000053,89.999992,435.877472,-66.827415,179.581833,-134.017670,76.015015,-134.868454,-0.766106,-0.525847,-0.858984,-0.079466,5.169888,-0.921247,
feedback,2.101905,1786440030074,7,Ry,5.000000,75.000000,5.239328,0.239328,,,335.910614,-66.845123,179.611267,89.999916,50.000053,89.999992,435.867676,-66.832069,179.571396,-134.136353,75.984589,-134.991028,-1.091461,-0.583215,-1.075245,-0.134503,5.154238,-0.940775,
feedback,2.110309,1786440030082,7,Ry,5.000000,75.000000,4.934843,-0.065157,,,335.910614,-66.845123,179.611267,89.999916,50.000053,89.999992,435.868927,-66.834908,179.569397,-134.305542,75.942619,-135.166428,0.462959,-0.309611,0.070515,-0.041255,4.840126,-0.968756,
feedback,2.118654,1786440030091,7,Ry,5.000000,75.000000,4.913929,-0.086071,,,335.910614,-66.845123,179.611267,89.999916,50.000053,89.999992,435.875702,-66.836311,179.571838,-134.415619,75.915215,-135.280914,0.641404,-0.202414,0.218250,-0.036227,4.819921,-0.962910,
feedback,2.127104,1786440030099,7,Ry,5.000000,75.000000,4.894948,-0.105052,,,335.910614,-66.845123,179.611267,89.999916,50.000053,89.999992,435.879852,-66.839478,179.574463,-134.526901,75.887772,-135.397034,0.508357,-0.446081,0.612918,0.000806,4.788500,-1.031756,
feedback,2.135164,1786440030107,7,Ry,5.000000,75.000000,5.061621,0.061621,,,335.910614,-66.845123,179.611267,89.999916,50.000053,89.999992,435.878815,-66.842186,179.575897,-134.640808,75.859116,-135.515152,0.015999,-0.187248,0.404646,-0.045166,4.975491,-0.931214,
feedback,2.143836,1786440030112,7,Ry,5.000000,75.000000,5.114110,0.114110,,,335.910614,-66.845123,179.611267,89.999916,50.000053,89.999992,435.879150,-66.843048,179.577667,-134.697327,75.844490,-135.573685,0.078833,-0.216658,0.449046,-0.096459,5.028519,-0.932725,
feedback,2.152815,1786440030120,7,Ry,5.000000,75.000000,4.974924,-0.025076,,,335.910614,-66.845123,179.611267,89.999916,50.000053,89.999992,435.885498,-66.841957,179.586990,-134.812622,75.817268,-135.693222,0.898015,0.260609,1.252240,0.202831,4.880203,-0.972456,
feedback,2.159326,1786440030129,7,Ry,5.000000,75.000000,5.218359,0.218359,,,335.910614,-66.845123,179.611267,89.999916,50.000053,89.999992,435.891144,-66.840385,179.592072,-134.930206,75.789680,-135.814667,0.361387,0.013540,0.182395,0.099723,5.132862,-0.941452,
feedback,2.168052,1786440030137,7,Ry,5.000000,75.000000,5.157443,0.157443,,,335.910614,-66.845123,179.611267,89.999916,50.000053,89.999992,435.891785,-66.843521,179.592590,-135.048141,75.761436,-135.937164,0.083589,-0.430757,0.005197,0.153616,5.056340,-1.024577,
feedback,2.175664,1786440030145,7,Ry,5.000000,75.000000,4.907860,-0.092140,,,335.910614,-66.845123,179.611267,89.999916,50.000053,89.999992,435.895203,-66.846870,179.595856,-135.161636,75.734093,-136.055374,0.828731,-0.473759,0.820166,0.127813,4.795081,-1.068891,
feedback,2.183980,1786440030154,7,Ry,5.000000,75.000000,4.724678,-0.275322,,,335.910614,-66.845123,179.611267,89.999916,50.000053,89.999992,435.905426,-66.845718,179.604538,-135.272095,75.708282,-136.170258,1.539073,0.271516,1.318422,0.243083,4.627736,-0.963130,
feedback,2.192512,1786440030162,7,Ry,5.000000,75.000000,4.685435,-0.314565,,,335.910614,-66.845123,179.611267,89.999916,50.000053,89.999992,435.927521,-66.840950,179.619675,-135.434402,75.670197,-136.339203,1.904947,0.422164,1.264381,0.216389,4.587509,-0.965267,
feedback,2.200544,1786440030171,7,Ry,5.000000,75.000000,4.904760,-0.095240,,,335.910614,-66.845123,179.611267,89.999916,50.000053,89.999992,435.937103,-66.838356,179.625351,-135.542664,75.643227,-136.451508,0.911015,0.323237,0.444124,0.061567,4.818623,-0.917607,
feedback,2.208196,1786440030179,7,Ry,5.000000,75.000000,5.120634,0.120634,,,335.910614,-66.845123,179.611267,89.999916,50.000053,89.999992,435.938599,-66.836067,179.625076,-135.653793,75.614174,-136.566086,-0.009808,0.299644,-0.202421,-0.021462,5.051376,-0.840783,
feedback,2.216453,1786440030187,7,Ry,5.000000,75.000000,5.125640,0.125640,,,335.910614,-66.845123,179.611267,89.999916,50.000053,89.999992,435.937897,-66.836266,179.626633,-135.762924,75.584221,-136.678879,-0.084311,-0.156282,0.251410,-0.082111,5.043587,-0.913781,
feedback,2.224445,1786440030196,7,Ry,5.000000,75.000000,5.165991,0.165991,,,335.910614,-66.845123,179.611267,89.999916,50.000053,89.999992,435.938751,-66.837311,179.630432,-135.875153,75.555191,-136.795135,-0.109454,-0.025329,0.301857,0.075575,5.084912,-0.911780,
feedback,2.233065,1786440030204,7,Ry,5.000000,75.000000,5.164649,0.164649,,,335.910614,-66.845123,179.611267,89.999916,50.000053,89.999992,435.938599,-66.838615,179.632828,-135.988235,75.526245,-136.912231,-0.154383,-0.228404,0.200879,0.091619,5.075504,-0.957400,
feedback,2.241191,1786440030213,7,Ry,5.000000,75.000000,5.186466,0.186466,,,335.910614,-66.845123,179.611267,89.999916,50.000053,89.999992,435.933228,-66.842957,179.629990,-136.102295,75.497063,-137.030731,-0.848436,-0.335594,-0.477220,0.112573,5.101339,-0.936513,
feedback,2.249471,1786440030221,7,Ry,5.000000,75.000000,4.907246,-0.092754,,,335.910614,-66.845123,179.611267,89.999916,50.000053,89.999992,435.931458,-66.843559,179.632431,-136.213715,75.469528,-137.145859,0.018912,0.222154,0.470684,0.209842,4.829521,-0.870085,
feedback,2.257574,1786440030229,7,Ry,5.000000,75.000000,4.901145,-0.098855,,,335.910614,-66.845123,179.611267,89.999916,50.000053,89.999992,435.928040,-66.843964,179.634933,-136.323654,75.442429,-137.259521,-0.280802,0.135470,0.390932,0.212400,4.820562,-0.885755,
feedback,2.268605,1786440030238,7,Ry,5.000000,75.000000,4.891965,-0.108035,,,335.910614,-66.845123,179.611267,89.999916,50.000053,89.999992,435.931152,-66.839287,179.642975,-136.431030,75.416451,-137.370270,0.097173,0.356840,0.653956,0.246964,4.812350,-0.879453,
feedback,2.273862,1786440030246,7,Ry,5.000000,75.000000,5.079364,0.079364,,,335.910614,-66.845123,179.611267,89.999916,50.000053,89.999992,435.930969,-66.840675,179.649185,-136.591675,75.374382,-137.536789,-0.524937,-0.407466,0.114606,0.083081,4.989988,-0.951281,
feedback,2.282071,1786440030254,7,Ry,5.000000,75.000000,5.222118,0.222118,,,335.910614,-66.845123,179.611267,89.999916,50.000053,89.999992,435.925598,-66.843124,179.648804,-136.700958,75.344696,-137.649963,-0.851117,-0.281862,-0.282058,-0.011087,5.139771,-0.923909,
feedback,2.290626,1786440030263,7,Ry,5.000000,75.000000,5.244692,0.244692,,,335.910614,-66.845123,179.611267,89.999916,50.000053,89.999992,435.916016,-66.848572,179.646164,-136.810669,75.314003,-137.763809,-1.181123,-0.569822,-0.256081,0.018784,5.158870,-0.945589,
feedback,2.298440,1786440030271,7,Ry,5.000000,75.000000,5.428741,0.428741,,,335.910614,-66.845123,179.611267,89.999916,50.000053,89.999992,435.899384,-66.858223,179.637222,-136.920593,75.281776,-137.878281,-1.953836,-1.164477,-1.080118,-0.107680,5.331871,-1.024445,
feedback,2.306572,1786440030275,7,Ry,5.000000,75.000000,5.305453,0.305453,,,335.910614,-66.845123,179.611267,89.999916,50.000053,89.999992,435.895386,-66.862259,179.634415,-136.973755,75.265953,-137.933960,-1.010674,-1.011061,-0.693806,-0.145192,5.199368,-1.065987,
feedback,2.314743,1786440030284,7,Ry,5.000000,75.000000,5.252149,0.252149,,,335.910614,-66.845123,179.611267,89.999916,50.000053,89.999992,435.891479,-66.867760,179.632019,-137.079117,75.235222,-138.044327,-0.508248,-0.560808,-0.670639,-0.086232,5.153271,-1.020389,
feedback,2.323964,1786440030292,7,Ry,5.000000,75.000000,5.132557,0.132557,,,335.910614,-66.845123,179.611267,89.999916,50.000053,89.999992,435.885223,-66.872299,179.627151,-137.185684,75.205063,-138.155334,-0.691027,-0.535609,-0.682751,0.045789,5.034580,-1.004728,
feedback,2.331122,1786440030301,7,Ry,5.000000,75.000000,5.023747,0.023747,,,335.910614,-66.845123,179.611267,89.999916,50.000053,89.999992,435.881989,-66.874481,179.622604,-137.293274,75.176559,-138.267044,-0.328877,-0.299599,-0.606044,0.228664,4.929911,-0.971570,
feedback,2.339752,1786440030309,7,Ry,5.000000,75.000000,4.949292,-0.050708,,,335.910614,-66.845123,179.611267,89.999916,50.000053,89.999992,435.879395,-66.877739,179.619019,-137.397888,75.148163,-138.375916,-0.107904,-0.349727,-0.377362,0.130116,4.854607,-0.969965,
feedback,2.347782,1786440030317,7,Ry,5.000000,75.000000,4.897342,-0.102658,,,335.910614,-66.845123,179.611267,89.999916,50.000053,89.999992,435.882568,-66.876503,179.619247,-137.499557,75.119064,-138.481354,1.067934,0.544447,0.490914,0.030882,4.820003,-0.867056,
feedback,2.356056,1786440030326,7,Ry,5.000000,75.000000,5.029512,0.029512,,,335.910614,-66.845123,179.611267,89.999916,50.000053,89.999992,435.887268,-66.874405,179.620407,-137.600372,75.089264,-138.585938,0.562424,0.237156,0.166593,-0.075948,4.951313,-0.883603,
feedback,2.363925,1786440030334,7,Ry,5.000000,75.000000,5.282124,0.282124,,,335.910614,-66.845123,179.611267,89.999916,50.000053,89.999992,435.884491,-66.874527,179.613251,-137.753418,75.041412,-138.743912,-0.405864,-0.006838,-0.816967,-0.139862,5.216679,-0.833357,
feedback,2.372215,1786440030343,7,Ry,5.000000,75.000000,5.382136,0.382136,,,335.910614,-66.845123,179.611267,89.999916,50.000053,89.999992,435.877228,-66.877045,179.603149,-137.857407,75.008324,-138.851212,-0.839678,-0.291219,-1.232591,-0.209206,5.314410,-0.855111,
feedback,2.381267,1786440030351,7,Ry,5.000000,75.000000,5.099862,0.099862,,,335.910614,-66.845123,179.611267,89.999916,50.000053,89.999992,435.881012,-66.874275,179.603119,-137.952408,74.976044,-138.949127,0.581651,0.563402,-0.012659,-0.349389,5.052667,-0.714065,
feedback,2.388114,1786440030360,7,Ry,5.000000,75.000000,4.947649,-0.052351,,,335.910614,-66.845123,179.611267,89.999916,50.000053,89.999992,435.889282,-66.870049,179.606934,-138.044785,74.944847,-139.044479,0.902238,0.605432,0.471828,-0.272789,4.892059,-0.748321,
feedback,2.396361,1786440030368,7,Ry,5.000000,75.000000,4.784289,-0.215711,,,335.910614,-66.845123,179.611267,89.999916,50.000053,89.999992,435.895782,-66.870193,179.612778,-138.135880,74.914558,-139.139267,0.958910,-0.028694,0.934358,-0.176931,4.703965,-0.874225,
feedback,2.404467,1786440030376,7,Ry,5.000000,75.000000,4.860319,-0.139681,,,335.910614,-66.845123,179.611267,89.999916,50.000053,89.999992,435.904419,-66.869011,179.622437,-138.227203,74.885895,-139.234238,0.843328,0.194556,0.878710,-0.124765,4.787974,-0.835602,
feedback,2.413036,1786440030385,7,Ry,5.000000,75.000000,4.760920,-0.239080,,,335.910614,-66.845123,179.611267,89.999916,50.000053,89.999992,435.916077,-66.867264,179.633942,-138.318024,74.857719,-139.328949,1.223830,0.174128,1.156077,-0.074511,4.681371,-0.867714,
feedback,2.421064,1786440030393,7,Ry,5.000000,75.000000,4.835384,-0.164616,,,335.910614,-66.845123,179.611267,89.999916,50.000053,89.999992,435.931244,-66.864067,179.644180,-138.411194,74.829285,-139.426041,1.589333,0.392126,0.923138,-0.013552,4.756150,-0.872403,
feedback,2.429277,1786440030401,7,Ry,5.000000,75.000000,5.200352,0.200352,,,335.910614,-66.845123,179.611267,89.999916,50.000053,89.999992,435.938019,-66.861137,179.645340,-138.507492,74.798790,-139.525452,0.148650,0.175815,-0.494153,-0.098374,5.137497,-0.811556,
feedback,2.438842,1786440030410,7,Ry,5.000000,75.000000,5.320121,0.320121,,,335.910614,-66.845123,179.611267,89.999916,50.000053,89.999992,435.937317,-66.861351,179.640442,-138.606873,74.766533,-139.627914,-0.300192,-0.140904,-0.869425,-0.165970,5.255058,-0.834600,
feedback,2.445778,1786440030414,7,Ry,5.000000,75.000000,5.261954,0.261954,,,335.910614,-66.845123,179.611267,89.999916,50.000053,89.999992,435.932739,-66.860176,179.630753,-138.756256,74.717735,-139.781540,-0.308428,0.099631,-0.704655,-0.101050,5.201221,-0.804930,
feedback,2.453751,1786440030423,7,Ry,5.000000,75.000000,5.215013,0.215013,,,335.910614,-66.845123,179.611267,89.999916,50.000053,89.999992,435.932922,-66.859306,179.628555,-138.805679,74.701721,-139.832275,0.045283,0.216596,-0.544862,-0.094609,5.159986,-0.768473,
feedback,2.462501,1786440030431,7,Ry,5.000000,75.000000,5.138091,0.138091,,,335.910614,-66.845123,179.611267,89.999916,50.000053,89.999992,435.932922,-66.860313,179.624863,-138.903580,74.669945,-139.933456,0.146006,0.021177,-0.223764,-0.079248,5.070988,-0.830168,
feedback,2.470773,1786440030439,7,Ry,5.000000,75.000000,4.849825,-0.150175,,,335.910614,-66.845123,179.611267,89.999916,50.000053,89.999992,435.935028,-66.859436,179.624985,-138.998230,74.639847,-140.031509,0.474159,0.120475,0.249380,0.005254,4.773417,-0.857619,
feedback,2.479933,1786440030448,7,Ry,5.000000,75.000000,4.905170,-0.094830,,,335.910614,-66.845123,179.611267,89.999916,50.000053,89.999992,435.932678,-66.858948,179.623764,-139.094284,74.609680,-140.130630,-0.045230,0.219706,0.110011,0.060075,4.841443,-0.790588,
feedback,2.486508,1786440030456,7,Ry,5.000000,75.000000,4.928476,-0.071524,,,335.910614,-66.845123,179.611267,89.999916,50.000053,89.999992,435.931183,-66.857239,179.625458,-139.187729,74.580170,-140.227112,-0.408879,0.243379,0.077441,0.013811,4.864876,-0.791927,
feedback,2.494689,1786440030465,7,Ry,5.000000,75.000000,4.846662,-0.153338,,,335.910614,-66.845123,179.611267,89.999916,50.000053,89.999992,435.930420,-66.852844,179.628571,-139.279663,74.550140,-140.321472,0.057411,0.729406,0.599257,-0.037130,4.802787,-0.673003,
feedback,2.503011,1786440030473,7,Ry,5.000000,75.000000,5.070067,0.070067,,,335.910614,-66.845123,179.611267,89.999916,50.000053,89.999992,435.929474,-66.848160,179.630081,-139.373215,74.518845,-140.417297,-0.152097,0.505234,0.223000,-0.113465,5.020928,-0.722407,
feedback,2.511479,1786440030481,7,Ry,5.000000,75.000000,5.307959,0.307959,,,335.910614,-66.845123,179.611267,89.999916,50.000053,89.999992,435.924103,-66.845230,179.626266,-139.469315,74.486122,-140.515793,-1.019289,0.228567,-0.615693,-0.128785,5.258682,-0.744020,
feedback,2.519727,1786440030490,7,Ry,5.000000,75.000000,5.330069,0.330069,,,335.910614,-66.845123,179.611267,89.999916,50.000053,89.999992,435.914856,-66.844238,179.618622,-139.566635,74.453033,-140.615479,-1.253787,-0.006693,-1.072569,-0.164311,5.280835,-0.745706,
feedback,2.528101,1786440030498,7,Ry,5.000000,75.000000,5.381005,0.381005,,,335.910614,-66.845123,179.611267,89.999916,50.000053,89.999992,435.899567,-66.849533,179.605545,-139.664368,74.419228,-140.716232,-1.951127,-0.752105,-1.774372,-0.119187,5.316816,-0.834894,
feedback,2.536185,1786440030507,7,Ry,5.000000,75.000000,5.112427,0.112427,,,335.910614,-66.845123,179.611267,89.999916,50.000053,89.999992,435.880676,-66.855606,179.589066,-139.815857,74.370544,-140.873032,-0.364600,-0.191520,-0.319066,0.170741,5.024919,-0.943556,
feedback,2.544566,1786440030515,7,Ry,5.000000,75.000000,4.924383,-0.075617,,,335.910614,-66.845123,179.611267,89.999916,50.000053,89.999992,435.881073,-66.856216,179.589188,-139.913345,74.341522,-140.974640,0.142277,0.022927,0.214049,0.291467,4.832714,-0.950697,
feedback,2.551988,1786440030523,7,Ry,5.000000,75.000000,4.916965,-0.083035,,,335.910614,-66.845123,179.611267,89.999916,50.000053,89.999992,435.882080,-66.856247,179.590042,-140.009308,74.312805,-141.074493,0.033103,-0.027564,0.053651,0.260695,4.829919,-0.923844,
feedback,2.560470,1786440030532,7,Ry,5.000000,75.000000,4.891776,-0.108224,,,335.910614,-66.845123,179.611267,89.999916,50.000053,89.999992,435.881836,-66.857445,179.592209,-140.103424,74.284149,-141.172668,-0.134432,-0.337390,0.233495,0.192911,4.795944,-0.971426,
feedback,2.568425,1786440030540,7,Ry,5.000000,75.000000,4.969572,-0.030428,,,335.910614,-66.845123,179.611267,89.999916,50.000053,89.999992,435.879883,-66.857529,179.592667,-140.198700,74.254593,-141.271393,0.031369,0.095740,0.250708,0.186527,4.894808,-0.858808,
feedback,2.576632,1786440030549,7,Ry,5.000000,75.000000,5.062959,0.062959,,,335.910614,-66.845123,179.611267,89.999916,50.000053,89.999992,435.882599,-66.854668,179.595917,-140.292068,74.224136,-141.367996,0.299916,0.352158,0.300934,0.047932,4.991992,-0.845439,
feedback,2.584919,1786440030557,7,Ry,5.000000,75.000000,5.120332,0.120332,,,335.910614,-66.845123,179.611267,89.999916,50.000053,89.999992,435.885986,-66.854103,179.599762,-140.385483,74.193146,-141.465057,0.052708,-0.008695,0.270814,0.060932,5.044090,-0.880369,
feedback,2.593148,1786440030566,7,Ry,5.000000,75.000000,5.298368,0.298368,,,335.910614,-66.845123,179.611267,89.999916,50.000053,89.999992,435.881470,-66.855225,179.597321,-140.477371,74.160217,-141.560135,-0.904540,-0.243272,-0.584603,-0.189070,5.233030,-0.834091,
feedback,2.601158,1786440030574,7,Ry,5.000000,75.000000,5.235624,0.235624,,,335.910614,-66.845123,179.611267,89.999916,50.000053,89.999992,435.877045,-66.856171,179.593582,-140.569580,74.127403,-141.655640,-0.475269,-0.175509,-0.481041,0.003872,5.160086,-0.886466,
feedback,2.609474,1786440030578,7,Ry,5.000000,75.000000,5.029313,0.029313,,,335.910614,-66.845123,179.611267,89.999916,50.000053,89.999992,435.880737,-66.853142,179.594193,-140.662720,74.096458,-141.752151,0.711980,0.481535,0.276116,0.137058,4.955054,-0.861187,
feedback,2.617554,1786440030587,7,Ry,5.000000,75.000000,4.865962,-0.134038,,,335.910614,-66.845123,179.611267,89.999916,50.000053,89.999992,435.891388,-66.848351,179.598053,-140.755371,74.067429,-141.848083,1.317994,0.698520,0.472817,0.280487,4.794247,-0.832501,
feedback,2.627434,1786440030595,7,Ry,5.000000,75.000000,4.764034,-0.235966,,,335.910614,-66.845123,179.611267,89.999916,50.000053,89.999992,435.899292,-66.843590,179.600800,-140.847443,74.039055,-141.943466,0.899316,0.555120,0.429835,0.303032,4.685906,-0.859952,
feedback,2.634762,1786440030604,7,Ry,5.000000,75.000000,4.758167,-0.241833,,,335.910614,-66.845123,179.611267,89.999916,50.000053,89.999992,435.910156,-66.837601,179.605667,-140.940094,74.010986,-142.039581,1.451568,0.717954,0.741018,0.366574,4.674821,-0.889057,
feedback,2.643144,1786440030612,7,Ry,5.000000,75.000000,4.746193,-0.253807,,,335.910614,-66.845123,179.611267,89.999916,50.000053,89.999992,435.924377,-66.830841,179.614502,-141.030991,73.983116,-142.133774,1.945243,0.786996,1.250394,0.306374,4.667494,-0.861636,
feedback,2.651639,1786440030621,7,Ry,5.000000,75.000000,4.955672,-0.044328,,,335.910614,-66.845123,179.611267,89.999916,50.000053,89.999992,435.937775,-66.823349,179.622253,-141.122314,73.953949,-142.228058,1.709508,1.042755,1.123857,0.248550,4.891624,-0.796785,
feedback,2.660262,1786440030629,7,Ry,5.000000,75.000000,5.155570,0.155570,,,335.910614,-66.845123,179.611267,89.999916,50.000053,89.999992,435.942688,-66.820259,179.623291,-141.214539,73.922821,-142.323563,0.333322,0.344017,-0.093338,0.103074,5.085169,-0.850288,
feedback,2.667913,1786440030638,7,Ry,5.000000,75.000000,5.410415,0.410415,,,335.910614,-66.845123,179.611267,89.999916,50.000053,89.999992,435.937775,-66.820442,179.616440,-141.307419,73.889786,-142.419678,-1.154101,-0.307074,-1.302195,-0.025876,5.339325,-0.876446,
feedback,2.675785,1786440030646,7,Ry,5.000000,75.000000,5.311469,0.311469,,,335.910614,-66.845123,179.611267,89.999916,50.000053,89.999992,435.933716,-66.821236,179.609482,-141.398300,73.856415,-142.513885,-0.807946,-0.132399,-1.078384,-0.041239,5.245409,-0.839238,
feedback,2.684027,1786440030654,7,Ry,5.000000,75.000000,5.085171,0.085171,,,335.910614,-66.845123,179.611267,89.999916,50.000053,89.999992,435.934052,-66.819466,179.604675,-141.531433,73.807884,-142.651764,0.320430,0.252910,-0.143977,0.036048,5.017635,-0.827866,
feedback,2.692580,1786440030663,7,Ry,5.000000,75.000000,4.884356,-0.115644,,,335.910614,-66.845123,179.611267,89.999916,50.000053,89.999992,435.939087,-66.818573,179.608276,-141.618591,73.777695,-142.742676,0.580927,0.154588,0.571356,0.194388,4.801297,-0.898500,
feedback,2.699981,1786440030671,7,Ry,5.000000,75.000000,4.657233,-0.342767,,,335.910614,-66.845123,179.611267,89.999916,50.000053,89.999992,435.943115,-66.814606,179.614868,-141.705368,73.749069,-142.832565,0.684650,0.493499,1.166122,0.276342,4.582338,-0.832331,
feedback,2.708869,1786440030680,7,Ry,5.000000,75.000000,4.845603,-0.154397,,,335.910614,-66.845123,179.611267,89.999916,50.000053,89.999992,435.942169,-66.814758,179.619781,-141.791977,73.719391,-142.923035,-0.117604,-0.058087,0.610426,0.128781,4.760769,-0.905186,
feedback,2.717182,1786440030688,7,Ry,5.000000,75.000000,4.843364,-0.156636,,,335.910614,-66.845123,179.611267,89.999916,50.000053,89.999992,435.939117,-66.816833,179.622879,-141.874619,73.688461,-143.009949,-0.034753,-0.144613,0.743362,-0.085799,4.754414,-0.928313,
feedback,2.725327,1786440030696,7,Ry,5.000000,75.000000,4.933778,-0.066222,,,335.910614,-66.845123,179.611267,89.999916,50.000053,89.999992,435.936432,-66.818558,179.624054,-141.957687,73.656013,-143.097046,0.065705,-0.176534,0.631267,-0.147803,4.849856,-0.907642,
feedback,2.732838,1786440030705,7,Ry,5.000000,75.000000,5.321115,0.321115,,,335.910614,-66.845123,179.611267,89.999916,50.000053,89.999992,435.929443,-66.823120,179.619766,-142.042480,73.621658,-143.185760,-1.102639,-0.672441,-0.730908,-0.267672,5.243966,-0.903001,
feedback,2.741198,1786440030713,7,Ry,5.000000,75.000000,5.408403,0.408403,,,335.910614,-66.845123,179.611267,89.999916,50.000053,89.999992,435.919006,-66.829811,179.611786,-142.126678,73.586609,-143.274124,-1.449292,-0.914449,-1.079082,-0.288940,5.323409,-0.955169,
feedback,2.749480,1786440030721,7,Ry,5.000000,75.000000,5.244705,0.244705,,,335.910614,-66.845123,179.611267,89.999916,50.000053,89.999992,435.906525,-66.835709,179.602158,-142.208557,73.551338,-143.359711,-1.353811,-0.794206,-1.007138,-0.337696,5.166028,-0.904983,
feedback,2.757617,1786440030730,7,Ry,5.000000,75.000000,5.274526,0.274526,,,335.910614,-66.845123,179.611267,89.999916,50.000053,89.999992,435.888519,-66.841110,179.587921,-142.290268,73.515205,-143.444473,-1.828807,-0.654743,-1.421026,-0.381411,5.212159,-0.814996,
feedback,2.765963,1786440030738,7,Ry,5.000000,75.000000,5.015325,0.015325,,,335.910614,-66.845123,179.611267,89.999916,50.000053,89.999992,435.884064,-66.840103,179.583557,-142.407242,73.464958,-143.566086,-0.020888,0.245921,-0.106570,-0.185190,4.955077,-0.780374,
feedback,2.774002,1786440030747,7,Ry,5.000000,75.000000,4.892429,-0.107571,,,335.910614,-66.845123,179.611267,89.999916,50.000053,89.999992,435.885468,-66.839920,179.585434,-142.484161,73.433311,-143.646515,0.021259,0.011653,0.108445,-0.116873,4.822972,-0.821891,
feedback,2.782209,1786440030751,7,Ry,5.000000,75.000000,4.809948,-0.190052,,,335.910614,-66.845123,179.611267,89.999916,50.000053,89.999992,435.885651,-66.838524,179.587311,-142.522263,73.417755,-143.686218,-0.306822,0.347769,0.477250,-0.116580,4.743694,-0.796508,
feedback,2.790136,1786440030759,7,Ry,5.000000,75.000000,4.981293,-0.018707,,,335.910614,-66.845123,179.611267,89.999916,50.000053,89.999992,435.884644,-66.836502,179.586594,-142.601730,73.385559,-143.768417,-0.254218,0.447267,-0.085051,-0.059885,4.927521,-0.740740,
feedback,2.798330,1786440030768,7,Ry,5.000000,75.000000,5.028674,0.028674,,,335.910614,-66.845123,179.611267,89.999916,50.000053,89.999992,435.885193,-66.834557,179.586823,-142.682220,73.353180,-143.851990,0.210580,0.234723,0.170180,-0.051814,4.963550,-0.809269,
feedback,2.806527,1786440030776,7,Ry,5.000000,75.000000,5.176842,0.176842,,,335.910614,-66.845123,179.611267,89.999916,50.000053,89.999992,435.886841,-66.830650,179.587265,-142.763489,73.320160,-143.935822,0.038476,0.379072,-0.110313,-0.096585,5.124649,-0.748875,
feedback,2.815919,1786440030785,7,Ry,5.000000,75.000000,5.258585,0.258585,,,335.910614,-66.845123,179.611267,89.999916,50.000053,89.999992,435.881500,-66.826935,179.582779,-142.845184,73.285439,-144.019394,-0.683020,0.452917,-0.537444,-0.179754,5.220652,-0.675115,
feedback,2.822977,1786440030793,7,Ry,5.000000,75.000000,5.328934,0.328934,,,335.910614,-66.845123,179.611267,89.999916,50.000053,89.999992,435.870880,-66.827995,179.576828,-142.927765,73.250626,-144.104538,-1.371256,-0.280740,-0.762775,-0.147949,5.273823,-0.778682,
feedback,2.831980,1786440030802,7,Ry,5.000000,75.000000,5.099510,0.099510,,,335.910614,-66.845123,179.611267,89.999916,50.000053,89.999992,435.870819,-66.830246,179.578857,-143.007248,73.217621,-144.187927,0.099031,-0.572452,0.263251,-0.103878,5.003873,-0.988370,
feedback,2.839346,1786440030810,7,Ry,5.000000,75.000000,4.900011,-0.099989,,,335.910614,-66.845123,179.611267,89.999916,50.000053,89.999992,435.878784,-66.827370,179.585480,-143.086411,73.186020,-144.270676,1.218315,0.520197,0.944764,0.048775,4.826774,-0.844099,
feedback,2.847646,1786440030818,7,Ry,5.000000,75.000000,4.737880,-0.262120,,,335.910614,-66.845123,179.611267,89.999916,50.000053,89.999992,435.895386,-66.824760,179.598846,-143.200165,73.140656,-144.390656,1.483284,0.168692,1.070204,0.017165,4.645769,-0.936862,
feedback,2.855946,1786440030827,7,Ry,5.000000,75.000000,4.702956,-0.297044,,,335.910614,-66.845123,179.611267,89.999916,50.000053,89.999992,435.906219,-66.823349,179.608383,-143.275421,73.110794,-144.470169,1.401409,0.236279,1.298569,0.056667,4.612565,-0.924091,
feedback,2.863868,1786440030835,7,Ry,5.000000,75.000000,4.718407,-0.281593,,,335.910614,-66.845123,179.611267,89.999916,50.000053,89.999992,435.920502,-66.818565,179.619492,-143.350525,73.080727,-144.549179,1.956609,0.572271,1.508146,0.039219,4.630852,-0.909352,
feedback,2.873203,1786440030844,7,Ry,5.000000,75.000000,4.865180,-0.134820,,,335.910614,-66.845123,179.611267,89.999916,50.000053,89.999992,435.934509,-66.814316,179.630585,-143.425995,73.049782,-144.628616,1.733785,0.516779,1.301112,-0.039567,4.783423,-0.889273,
feedback,2.880761,1786440030852,7,Ry,5.000000,75.000000,5.233539,0.233539,,,335.910614,-66.845123,179.611267,89.999916,50.000053,89.999992,435.939117,-66.811249,179.634460,-143.502701,73.016373,-144.708618,-0.152210,-0.200235,-0.035141,-0.189299,5.155973,-0.897640,
feedback,2.889505,1786440030860,7,Ry,5.000000,75.000000,5.149657,0.149657,,,335.910614,-66.845123,179.611267,89.999916,50.000053,89.999992,435.936432,-66.815598,179.633148,-143.580841,72.982353,-144.791306,-0.039015,-0.656307,0.207706,-0.076403,5.047382,-1.030433,
feedback,2.896879,1786440030869,7,Ry,5.000000,75.000000,5.233854,0.233854,,,335.910614,-66.845123,179.611267,89.999916,50.000053,89.999992,435.930786,-66.821922,179.630295,-143.660019,72.948128,-144.874863,-0.562695,-0.892710,-0.211639,-0.122271,5.136005,-1.012685,
feedback,2.905078,1786440030877,7,Ry,5.000000,75.000000,5.181087,0.181087,,,335.910614,-66.845123,179.611267,89.999916,50.000053,89.999992,435.927673,-66.825470,179.628693,-143.739716,72.914604,-144.958847,-0.284826,-0.243651,-0.067891,0.064176,5.091835,-0.959457,
feedback,2.914217,1786440030885,7,Ry,5.000000,75.000000,4.883260,-0.116740,,,335.910614,-66.845123,179.611267,89.999916,50.000053,89.999992,435.932709,-66.824066,179.633530,-143.820206,72.883797,-145.043411,0.732915,0.151890,0.836912,0.236261,4.790984,-0.950608,
feedback,2.921888,1786440030894,7,Ry,5.000000,75.000000,4.891802,-0.108198,,,335.910614,-66.845123,179.611267,89.999916,50.000053,89.999992,435.938293,-66.824181,179.640610,-143.899689,72.853996,-145.127258,0.623046,0.021811,0.919350,0.269652,4.794160,-0.981783,
feedback,2.930126,1786440030902,7,Ry,5.000000,75.000000,4.877698,-0.122302,,,335.910614,-66.845123,179.611267,89.999916,50.000053,89.999992,435.941589,-66.824348,179.648499,-144.016769,72.808884,-145.250656,-0.059957,0.090567,0.324142,0.200089,4.791090,-0.917957,
feedback,2.937945,1786440030911,7,Ry,5.000000,75.000000,4.964882,-0.035118,,,335.910614,-66.845123,179.611267,89.999916,50.000053,89.999992,435.938965,-66.823074,179.649429,-144.095871,72.777733,-145.333359,-0.285542,0.105685,0.092906,0.168927,4.884376,-0.890974,
feedback,2.946371,1786440030915,7,Ry,5.000000,75.000000,5.063775,0.063775,,,335.910614,-66.845123,179.611267,89.999916,50.000053,89.999992,435.938171,-66.824051,179.649338,-144.135544,72.761696,-145.375153,0.086325,-0.246116,-0.019349,0.136678,4.969937,-0.975240,
feedback,2.954259,1786440030923,7,Ry,5.000000,75.000000,5.398668,0.398668,,,335.910614,-66.845123,179.611267,89.999916,50.000053,89.999992,435.933838,-66.827545,179.645813,-144.215164,72.728340,-145.459091,-1.085665,-0.565958,-0.980277,-0.002493,5.312273,-0.962299,
feedback,2.962510,1786440030932,7,Ry,5.000000,75.000000,5.408332,0.408332,,,335.910614,-66.845123,179.611267,89.999916,50.000053,89.999992,435.924957,-66.832603,179.637833,-144.293884,72.693336,-145.541901,-1.403770,-0.819274,-1.346874,-0.119054,5.323196,-0.955994,
feedback,2.971233,1786440030940,7,Ry,5.000000,75.000000,5.496749,0.496749,,,335.910614,-66.845123,179.611267,89.999916,50.000053,89.999992,435.910919,-66.839661,179.625061,-144.373077,72.657288,-145.625168,-1.887809,-0.928670,-1.721641,-0.150288,5.413970,-0.950365,
feedback,2.978435,1786440030949,7,Ry,5.000000,75.000000,5.568720,0.568720,,,335.910614,-66.845123,179.611267,89.999916,50.000053,89.999992,435.890686,-66.847824,179.605835,-144.452637,72.620323,-145.708557,-2.644223,-0.983829,-2.370708,-0.153934,5.491917,-0.922768,
feedback,2.986822,1786440030957,7,Ry,5.000000,75.000000,5.261042,0.261042,,,335.910614,-66.845123,179.611267,89.999916,50.000053,89.999992,435.881378,-66.851204,179.593735,-144.531525,72.585602,-145.791290,-0.836613,-0.174775,-1.277184,0.030412,5.182877,-0.903582,
feedback,2.995603,1786440030965,7,Ry,5.000000,75.000000,5.044692,0.044692,,,335.910614,-66.845123,179.611267,89.999916,50.000053,89.999992,435.880615,-66.851234,179.588287,-144.609177,72.552971,-145.872772,-0.049632,-0.010468,-0.535366,0.145229,4.957353,-0.936684,
feedback,3.003259,1786440030974,7,Ry,5.000000,75.000000,4.941562,-0.058438,,,335.910614,-66.845123,179.611267,89.999916,50.000053,89.999992,435.880035,-66.852142,179.586044,-144.686661,72.521446,-145.954239,0.088576,0.014734,-0.067870,0.218568,4.855735,-0.919082,
feedback,3.011300,1786440030982,7,Ry,5.000000,75.000000,4.944120,-0.055880,,,335.910614,-66.845123,179.611267,89.999916,50.000053,89.999992,435.878876,-66.853088,179.585205,-144.763855,72.490547,-146.035553,-0.329579,0.031260,-0.229673,0.231833,4.859725,-0.911173,
feedback,3.019555,1786440030990,7,Ry,5.000000,75.000000,4.933213,-0.066787,,,335.910614,-66.845123,179.611267,89.999916,50.000053,89.999992,435.883606,-66.849609,179.590179,-144.877686,72.443413,-146.154938,0.873190,0.332442,0.702251,0.137888,4.848955,-0.909457,
feedback,3.028173,1786440030999,7,Ry,5.000000,75.000000,5.288144,0.288144,,,335.910614,-66.845123,179.611267,89.999916,50.000053,89.999992,435.885132,-66.849945,179.590271,-144.953690,72.410240,-146.234802,-0.112642,-0.328598,-0.345856,0.053952,5.196625,-0.981713,
feedback,3.035835,1786440031007,7,Ry,5.000000,75.000000,5.335683,0.335683,,,335.910614,-66.845123,179.611267,89.999916,50.000053,89.999992,435.877655,-66.854065,179.583237,-145.029526,72.375114,-146.314484,-1.119785,-0.531127,-1.006471,-0.063606,5.257900,-0.907944,
feedback,3.044143,1786440031016,7,Ry,5.000000,75.000000,5.364563,0.364563,,,335.910614,-66.845123,179.611267,89.999916,50.000053,89.999992,435.869659,-66.857643,179.575043,-145.106201,72.339752,-146.394791,-0.918133,-0.353541,-1.041069,-0.053576,5.292236,-0.879501,
feedback,3.051996,1786440031024,7,Ry,5.000000,75.000000,5.136517,0.136517,,,335.910614,-66.845123,179.611267,89.999916,50.000053,89.999992,435.869232,-66.859367,179.572418,-145.179825,72.305489,-146.472397,0.303352,-0.080439,-0.102069,-0.031217,5.054151,-0.916531,
feedback,3.061491,1786440031033,7,Ry,5.000000,75.000000,4.936347,-0.063653,,,335.910614,-66.845123,179.611267,89.999916,50.000053,89.999992,435.878876,-66.855141,179.577484,-145.251755,72.273003,-146.547836,1.354293,0.807898,0.814491,0.082183,4.869268,-0.812251,
feedback,3.068444,1786440031041,7,Ry,5.000000,75.000000,4.829247,-0.170753,,,335.910614,-66.845123,179.611267,89.999916,50.000053,89.999992,435.890167,-66.849564,179.585571,-145.324341,72.242256,-146.623825,1.523677,0.769661,1.126237,0.240278,4.751004,-0.866203,
feedback,3.076671,1786440031049,7,Ry,5.000000,75.000000,4.671418,-0.328582,,,335.910614,-66.845123,179.611267,89.999916,50.000053,89.999992,435.899902,-66.845848,179.595169,-145.396774,72.212341,-146.699997,1.465063,0.368930,1.490327,0.251339,4.579015,-0.932783,
feedback,3.084676,1786440031054,7,Ry,5.000000,75.000000,4.495560,-0.504440,,,335.910614,-66.845123,179.611267,89.999916,50.000053,89.999992,435.906860,-66.843674,179.602661,-145.429794,72.197845,-146.734848,1.734456,0.541671,1.878779,0.120121,4.415276,-0.848651,
feedback,3.094355,1786440031062,7,Ry,5.000000,75.000000,4.735093,-0.264907,,,335.910614,-66.845123,179.611267,89.999916,50.000053,89.999992,435.927185,-66.838158,179.623978,-145.530609,72.151810,-146.841537,1.627451,0.422777,1.748410,-0.011147,4.654288,-0.872594,
feedback,3.101492,1786440031071,7,Ry,5.000000,75.000000,4.919298,-0.080702,,,335.910614,-66.845123,179.611267,89.999916,50.000053,89.999992,435.938080,-66.835770,179.635635,-145.597824,72.119728,-146.912750,0.985703,0.028529,1.152953,-0.023151,4.830195,-0.935810,
feedback,3.109308,1786440031079,7,Ry,5.000000,75.000000,5.169412,0.169412,,,335.910614,-66.845123,179.611267,89.999916,50.000053,89.999992,435.939087,-66.839752,179.638809,-145.665268,72.085342,-146.984711,-0.190909,-0.608717,0.153270,-0.194723,5.075669,-0.984094,
feedback,3.117221,1786440031088,7,Ry,5.000000,75.000000,5.229956,0.229956,,,335.910614,-66.845123,179.611267,89.999916,50.000053,89.999992,435.935211,-66.842110,179.637024,-145.731522,72.049332,-147.054520,-0.491415,-0.324058,-0.205126,-0.332290,5.162113,-0.842443,
feedback,3.126272,1786440031096,7,Ry,5.000000,75.000000,5.204954,0.204954,,,335.910614,-66.845123,179.611267,89.999916,50.000053,89.999992,435.932098,-66.845840,179.635269,-145.797607,72.013443,-147.124695,-0.190121,-0.514282,-0.044526,-0.345722,5.121415,-0.929333,
feedback,3.134160,1786440031104,7,Ry,5.000000,75.000000,5.081393,0.081393,,,335.910614,-66.845123,179.611267,89.999916,50.000053,89.999992,435.934662,-66.847519,179.635590,-145.861847,71.978371,-147.193100,0.533875,-0.226160,0.142882,-0.253020,4.994503,-0.937483,
feedback,3.142124,1786440031113,7,Ry,5.000000,75.000000,5.072246,0.072246,,,335.910614,-66.845123,179.611267,89.999916,50.000053,89.999992,435.936554,-66.849915,179.635727,-145.926437,71.943771,-147.262024,0.041170,-0.289161,-0.050933,-0.252019,4.987464,-0.924729,
feedback,3.150095,1786440031121,7,Ry,5.000000,75.000000,4.783668,-0.216332,,,335.910614,-66.845123,179.611267,89.999916,50.000053,89.999992,435.940613,-66.849396,179.637253,-145.990692,71.911240,-147.330170,0.512066,-0.171438,0.308476,-0.094479,4.693949,-0.927387,
feedback,3.158548,1786440031130,7,Ry,5.000000,75.000000,4.846223,-0.153777,,,335.910614,-66.845123,179.611267,89.999916,50.000053,89.999992,435.936829,-66.851974,179.633255,-146.056061,71.877541,-147.399139,-0.145284,-0.346607,-0.117980,-0.133502,4.768250,-0.866274,
feedback,3.167209,1786440031138,7,Ry,5.000000,75.000000,4.967564,-0.032436,,,335.910614,-66.845123,179.611267,89.999916,50.000053,89.999992,435.935638,-66.852440,179.630569,-146.156296,71.827301,-147.504623,0.244813,0.327633,0.007149,-0.021204,4.896979,-0.834934,
feedback,3.175455,1786440031147,7,Ry,5.000000,75.000000,5.352552,0.352552,,,335.910614,-66.845123,179.611267,89.999916,50.000053,89.999992,435.931854,-66.853516,179.626877,-146.222610,71.792419,-147.574493,-1.212176,-0.412744,-1.151474,-0.224406,5.281422,-0.871831,
feedback,3.183305,1786440031155,7,Ry,5.000000,75.000000,5.376615,0.376615,,,335.910614,-66.845123,179.611267,89.999916,50.000053,89.999992,435.921326,-66.860100,179.617676,-146.290192,71.755951,-147.646072,-1.415231,-0.963670,-1.128789,-0.207549,5.296309,-0.925949,
feedback,3.191090,1786440031163,7,Ry,5.000000,75.000000,5.649434,0.649434,,,335.910614,-66.845123,179.611267,89.999916,50.000053,89.999992,435.904510,-66.868500,179.602753,-146.359238,71.718102,-147.718964,-2.607763,-1.230457,-2.234820,-0.263242,5.573711,-0.923888,
feedback,3.199802,1786440031172,7,Ry,5.000000,75.000000,5.404555,0.404555,,,335.910614,-66.845123,179.611267,89.999916,50.000053,89.999992,435.889099,-66.874466,179.588013,-146.428513,71.680588,-147.791702,-1.233008,-0.489845,-1.361922,-0.170951,5.334011,-0.873051,
feedback,3.207528,1786440031180,7,Ry,5.000000,75.000000,5.250073,0.250073,,,335.910614,-66.845123,179.611267,89.999916,50.000053,89.999992,435.884491,-66.875946,179.581177,-146.495621,71.644684,-147.862259,-0.564991,-0.264495,-0.803501,-0.163818,5.177729,-0.869719,
feedback,3.215337,1786440031188,7,Ry,5.000000,75.000000,5.196228,0.196228,,,335.910614,-66.845123,179.611267,89.999916,50.000053,89.999992,435.879425,-66.879807,179.574570,-146.562164,71.609238,-147.932678,-0.694032,-0.748341,-0.833517,-0.140443,5.110508,-0.940763,
feedback,3.223737,1786440031193,7,Ry,5.000000,75.000000,5.051330,0.051330,,,335.910614,-66.845123,179.611267,89.999916,50.000053,89.999992,435.877594,-66.881920,179.572968,-146.594681,71.592216,-147.967194,-0.461181,-0.527827,-0.394331,-0.083367,4.967701,-0.916203,
feedback,3.233185,1786440031201,7,Ry,5.000000,75.000000,5.016021,0.016021,,,335.910614,-66.845123,179.611267,89.999916,50.000053,89.999992,435.872528,-66.884193,179.568726,-146.660431,71.558617,-148.036545,-0.772320,-0.243918,-0.574773,-0.015557,4.941012,-0.864255,
feedback,3.240148,1786440031209,7,Ry,5.000000,75.000000,4.887906,-0.112094,,,335.910614,-66.845123,179.611267,89.999916,50.000053,89.999992,435.875580,-66.879433,179.570480,-146.724731,71.525970,-148.103729,0.351813,0.635062,0.217814,-0.008370,4.828161,-0.766574,
feedback,3.248555,1786440031218,7,Ry,5.000000,75.000000,4.903290,-0.096710,,,335.910614,-66.845123,179.611267,89.999916,50.000053,89.999992,435.879974,-66.878021,179.573242,-146.786926,71.492645,-148.169189,0.497369,0.033404,0.364716,-0.104853,4.833780,-0.823265,
feedback,3.257035,1786440031226,7,Ry,5.000000,75.000000,5.100764,0.100764,,,335.910614,-66.845123,179.611267,89.999916,50.000053,89.999992,435.881500,-66.880127,179.574417,-146.884323,71.441261,-148.272293,0.214852,-0.007038,0.133258,-0.028193,5.020433,-0.901826,
feedback,3.264696,1786440031235,7,Ry,5.000000,75.000000,5.137481,0.137481,,,335.910614,-66.845123,179.611267,89.999916,50.000053,89.999992,435.877106,-66.883247,179.572556,-146.950363,71.405739,-148.342133,0.112148,-0.244368,0.368858,-0.042959,5.054094,-0.922349,
feedback,3.272855,1786440031243,7,Ry,5.000000,75.000000,5.147823,0.147823,,,335.910614,-66.845123,179.611267,89.999916,50.000053,89.999992,435.877686,-66.881035,179.572845,-147.017044,71.371040,-148.411896,0.307524,0.179410,0.166272,0.005031,5.073986,-0.869166,
feedback,3.280763,1786440031251,7,Ry,5.000000,75.000000,5.018047,0.018047,,,335.910614,-66.845123,179.611267,89.999916,50.000053,89.999992,435.884644,-66.878906,179.578278,-147.086304,71.338150,-148.484955,1.010831,0.191148,0.752188,0.238893,4.926525,-0.957881,
feedback,3.289790,1786440031260,7,Ry,5.000000,75.000000,5.045121,0.045121,,,335.910614,-66.845123,179.611267,89.999916,50.000053,89.999992,435.889587,-66.876671,179.582642,-147.155640,71.305336,-148.557999,0.415506,0.192981,0.374684,0.200597,4.959944,-0.924330,
feedback,3.297922,1786440031268,7,Ry,5.000000,75.000000,4.817836,-0.182164,,,335.910614,-66.845123,179.611267,89.999916,50.000053,89.999992,435.894836,-66.876152,179.587296,-147.223434,71.273476,-148.629868,1.284742,0.309184,1.007388,0.275189,4.724121,-0.952763,
feedback,3.305821,1786440031276,7,Ry,5.000000,75.000000,4.665482,-0.334518,,,335.910614,-66.845123,179.611267,89.999916,50.000053,89.999992,435.905518,-66.870941,179.595963,-147.290207,71.242851,-148.699936,1.838376,0.947486,1.428129,0.318621,4.591823,-0.825766,
feedback,3.314709,1786440031285,7,Ry,5.000000,75.000000,4.632705,-0.367295,,,335.910614,-66.845123,179.611267,89.999916,50.000053,89.999992,435.920654,-66.865189,179.606796,-147.354675,71.212540,-148.767899,2.138451,0.796964,1.430436,0.254229,4.549640,-0.876228,
feedback,3.322177,1786440031293,7,Ry,5.000000,75.000000,4.827544,-0.172456,,,335.910614,-66.845123,179.611267,89.999916,50.000053,89.999992,435.932709,-66.859711,179.615540,-147.420364,71.181641,-148.837067,1.209227,0.656016,0.808878,0.225104,4.751538,-0.853280,
feedback,3.330057,1786440031302,7,Ry,5.000000,75.000000,5.017838,0.017838,,,335.910614,-66.845123,179.611267,89.999916,50.000053,89.999992,435.937561,-66.855721,179.618195,-147.486206,71.148727,-148.906006,0.371291,0.468169,0.180159,0.140604,4.950512,-0.820763,
feedback,3.338350,1786440031310,7,Ry,5.000000,75.000000,5.225390,0.225390,,,335.910614,-66.845123,179.611267,89.999916,50.000053,89.999992,435.937286,-66.851860,179.616394,-147.549881,71.113457,-148.972290,-0.445190,0.369325,-0.530728,-0.140794,5.176441,-0.734861,
feedback,3.347234,1786440031318,7,Ry,5.000000,75.000000,5.168682,0.168682,,,335.910614,-66.845123,179.611267,89.999916,50.000053,89.999992,435.938568,-66.849808,179.616928,-147.646805,71.061043,-149.074127,0.169517,0.247675,0.017569,0.092197,5.100598,-0.838304,
feedback,3.355241,1786440031327,7,Ry,5.000000,75.000000,5.267450,0.267450,,,335.910614,-66.845123,179.611267,89.999916,50.000053,89.999992,435.934875,-66.851395,179.613678,-147.713699,71.025803,-149.144684,-0.637503,-0.407645,-0.506858,0.062497,5.181858,-0.946234,
feedback,3.363035,1786440031335,7,Ry,5.000000,75.000000,5.235531,0.235531,,,335.910614,-66.845123,179.611267,89.999916,50.000053,89.999992,435.927246,-66.852982,179.607651,-147.781372,70.990730,-149.215744,-1.029464,-0.282388,-0.770029,0.149330,5.156399,-0.906785,
feedback,3.371378,1786440031344,7,Ry,5.000000,75.000000,5.063157,0.063157,,,335.910614,-66.845123,179.611267,89.999916,50.000053,89.999992,435.919708,-66.854942,179.601913,-147.849060,70.956772,-149.286987,-0.580793,-0.183628,-0.419147,0.239426,4.978243,-0.924469,
feedback,3.379342,1786440031352,7,Ry,5.000000,75.000000,4.951577,-0.048423,,,335.910614,-66.845123,179.611267,89.999916,50.000053,89.999992,435.917114,-66.855446,179.600403,-147.915283,70.924156,-149.356857,-0.078267,0.076699,-0.091559,0.239351,4.870245,-0.894383,
feedback,3.388283,1786440031356,7,Ry,5.000000,75.000000,4.838082,-0.161918,,,335.910614,-66.845123,179.611267,89.999916,50.000053,89.999992,435.919067,-66.853653,179.602783,-147.947464,70.908234,-149.390594,0.485632,0.446375,0.597301,0.234364,4.765723,-0.833559,
feedback,3.395459,1786440031365,7,Ry,5.000000,75.000000,4.904815,-0.095185,,,335.910614,-66.845123,179.611267,89.999916,50.000053,89.999992,435.922699,-66.852455,179.606140,-148.011230,70.876465,-149.458130,0.074423,-0.083142,0.183204,0.219080,4.815580,-0.935149,
feedback,3.403810,1786440031373,7,Ry,5.000000,75.000000,5.141096,0.141096,,,335.910614,-66.845123,179.611267,89.999916,50.000053,89.999992,435.921753,-66.853096,179.606430,-148.074860,70.843216,-149.525436,-0.601385,-0.262274,-0.284375,0.082812,5.060633,-0.906087,
feedback,3.411804,1786440031381,7,Ry,5.000000,75.000000,5.246934,0.246934,,,335.910614,-66.845123,179.611267,89.999916,50.000053,89.999992,435.912964,-66.852692,179.599838,-148.139069,70.807739,-149.592514,-1.264940,-0.078278,-0.901125,-0.022556,5.186071,-0.804151,
feedback,3.420306,1786440031390,7,Ry,5.000000,75.000000,5.417895,0.417895,,,335.910614,-66.845123,179.611267,89.999916,50.000053,89.999992,435.897064,-66.855377,179.587570,-148.203186,70.770493,-149.659439,-2.063564,-0.518888,-1.455372,-0.084374,5.356097,-0.824426,
feedback,3.428286,1786440031398,7,Ry,5.000000,75.000000,5.271834,0.271834,,,335.910614,-66.845123,179.611267,89.999916,50.000053,89.999992,435.892578,-66.856613,179.584015,-148.265961,70.734657,-149.725647,-0.634405,-0.129711,-0.535138,-0.034318,5.201169,-0.861961,
feedback,3.436564,1786440031407,7,Ry,5.000000,75.000000,5.253624,0.253624,,,335.910614,-66.845123,179.611267,89.999916,50.000053,89.999992,435.878448,-66.859680,179.573730,-148.360687,70.679802,-149.825104,-0.937047,-0.284691,-0.660425,0.007355,5.180529,-0.874154,
feedback,3.444689,1786440031415,7,Ry,5.000000,75.000000,5.268703,0.268703,,,335.910614,-66.845123,179.611267,89.999916,50.000053,89.999992,435.865723,-66.862755,179.565277,-148.425644,70.643997,-149.893219,-1.576381,-0.318545,-0.988094,0.133935,5.198694,-0.857951,
feedback,3.452847,1786440031423,7,Ry,5.000000,75.000000,4.966748,-0.033252,,,335.910614,-66.845123,179.611267,89.999916,50.000053,89.999992,435.860443,-66.863930,179.562622,-148.487946,70.609871,-149.959137,-0.141667,0.137551,0.018043,0.105531,4.889543,-0.872388,
feedback,3.461051,1786440031432,7,Ry,5.000000,75.000000,4.763628,-0.236372,,,335.910614,-66.845123,179.611267,89.999916,50.000053,89.999992,435.868744,-66.859703,179.569458,-148.546829,70.577744,-150.021667,1.185215,0.453898,0.987557,0.081546,4.677756,-0.903825,
feedback,3.469213,1786440031440,7,Ry,5.000000,75.000000,4.708121,-0.291879,,,335.910614,-66.845123,179.611267,89.999916,50.000053,89.999992,435.878662,-66.856682,179.577698,-148.603745,70.545860,-150.082504,1.133673,0.344775,1.063522,0.034910,4.627353,-0.870004,
feedback,3.477142,1786440031449,7,Ry,5.000000,75.000000,4.807762,-0.192238,,,335.910614,-66.845123,179.611267,89.999916,50.000053,89.999992,435.884125,-66.854950,179.583344,-148.659943,70.512497,-150.142487,1.032518,0.420718,1.080599,0.004572,4.727882,-0.873679,
feedback,3.485585,1786440031457,7,Ry,5.000000,75.000000,4.996894,-0.003106,,,335.910614,-66.845123,179.611267,89.999916,50.000053,89.999992,435.887024,-66.852020,179.586319,-148.716080,70.477852,-150.201828,0.406006,0.363784,0.391638,-0.128841,4.933389,-0.797290,
feedback,3.493961,1786440031466,7,Ry,5.000000,75.000000,5.165442,0.165442,,,335.910614,-66.845123,179.611267,89.999916,50.000053,89.999992,435.891968,-66.849983,179.590469,-148.771164,70.442497,-150.260269,0.552258,0.335413,0.435342,-0.249718,5.106547,-0.785891,
feedback,3.501906,1786440031474,7,Ry,5.000000,75.000000,5.153539,0.153539,,,335.910614,-66.845123,179.611267,89.999916,50.000053,89.999992,435.895294,-66.848343,179.591278,-148.824982,70.405746,-150.317062,0.414679,0.252336,0.115584,-0.295525,5.099532,-0.757117,
feedback,3.510419,1786440031482,7,Ry,5.000000,75.000000,5.193609,0.193609,,,335.910614,-66.845123,179.611267,89.999916,50.000053,89.999992,435.892548,-66.847420,179.587051,-148.906738,70.350006,-150.403381,-0.172008,0.239028,-0.291059,-0.272165,5.140109,-0.757757,
feedback,3.518071,1786440031491,7,Ry,5.000000,75.000000,5.031511,0.031511,,,335.910614,-66.845123,179.611267,89.999916,50.000053,89.999992,435.897461,-66.844841,179.589417,-148.961472,70.314728,-150.461411,0.694932,0.311098,0.331154,-0.163886,4.965102,-0.816798,
feedback,3.526424,1786440031499,7,Ry,5.000000,75.000000,4.802606,-0.197394,,,335.910614,-66.845123,179.611267,89.999916,50.000053,89.999992,435.908844,-66.840843,179.596436,-149.015411,70.280785,-150.518768,1.619587,0.506687,1.209273,-0.064272,4.724979,-0.860395,
feedback,3.534553,1786440031507,7,Ry,5.000000,75.000000,4.741747,-0.258253,,,335.910614,-66.845123,179.611267,89.999916,50.000053,89.999992,435.922028,-66.834335,179.604843,-149.070023,70.248466,-150.576538,1.382187,0.843763,0.829039,0.009059,4.678707,-0.772385,
feedback,3.544157,1786440031516,7,Ry,5.000000,75.000000,4.744861,-0.255139,,,335.910614,-66.845123,179.611267,89.999916,50.000053,89.999992,435.931000,-66.826729,179.610336,-149.124710,70.215736,-150.633926,0.919942,0.817061,0.663175,0.030169,4.682762,-0.767334,
feedback,3.551998,1786440031520,7,Ry,5.000000,75.000000,4.759731,-0.240269,,,335.910614,-66.845123,179.611267,89.999916,50.000053,89.999992,435.935333,-66.823616,179.613144,-149.152237,70.199440,-150.662994,1.082588,0.777016,0.708594,0.034441,4.693550,-0.791776,
feedback,3.561643,1786440031529,7,Ry,5.000000,75.000000,4.849169,-0.150831,,,335.910614,-66.845123,179.611267,89.999916,50.000053,89.999992,435.943970,-66.819740,179.618484,-149.207504,70.166069,-150.721542,1.111659,0.533740,0.781843,-0.029923,4.781327,-0.808996,
feedback,3.567928,1786440031537,7,Ry,5.000000,75.000000,5.002488,0.002488,,,335.910614,-66.845123,179.611267,89.999916,50.000053,89.999992,435.948944,-66.818169,179.621384,-149.263901,70.131889,-150.781586,0.447507,0.053454,0.103879,-0.018650,4.923544,-0.885362,
feedback,3.576052,1786440031546,7,Ry,5.000000,75.000000,5.291330,0.291330,,,335.910614,-66.845123,179.611267,89.999916,50.000053,89.999992,435.945801,-66.818420,179.618881,-149.321609,70.095375,-150.842575,-0.826036,-0.374342,-0.512239,-0.126069,5.218426,-0.876349,
feedback,3.584139,1786440031554,7,Ry,5.000000,75.000000,5.396188,0.396188,,,335.910614,-66.845123,179.611267,89.999916,50.000053,89.999992,435.929535,-66.822487,179.606216,-149.407486,70.038719,-150.933044,-1.640692,-0.449841,-1.225708,-0.174710,5.337799,-0.803220,
feedback,3.593559,1786440031563,7,Ry,5.000000,75.000000,5.325776,0.325776,,,335.910614,-66.845123,179.611267,89.999916,50.000053,89.999992,435.916626,-66.826469,179.596878,-149.464325,70.000984,-150.993195,-1.386279,-0.399750,-1.027353,-0.151099,5.260900,-0.833842,
feedback,3.600883,1786440031571,7,Ry,5.000000,75.000000,5.113041,0.113041,,,335.910614,-66.845123,179.611267,89.999916,50.000053,89.999992,435.911652,-66.827888,179.594803,-149.520142,69.964935,-151.052429,-0.232437,0.010678,0.010066,-0.030340,5.041889,-0.850864,
feedback,3.608803,1786440031579,7,Ry,5.000000,75.000000,4.818729,-0.181271,,,335.910614,-66.845123,179.611267,89.999916,50.000053,89.999992,435.913727,-66.826416,179.598663,-149.574219,69.930626,-151.109650,0.657678,0.285887,0.913605,-0.000427,4.751844,-0.800935,
feedback,3.616876,1786440031588,7,Ry,5.000000,75.000000,4.769492,-0.230508,,,335.910614,-66.845123,179.611267,89.999916,50.000053,89.999992,435.914612,-66.825737,179.601303,-149.627487,69.897133,-151.166153,0.276775,0.048231,0.454640,-0.013950,4.696987,-0.828461,
feedback,3.625287,1786440031596,7,Ry,5.000000,75.000000,5.031500,0.031500,,,335.910614,-66.845123,179.611267,89.999916,50.000053,89.999992,435.908112,-66.827477,179.598862,-149.683578,69.862633,-151.225647,-1.044314,-0.346129,-0.580056,0.018343,4.958673,-0.853255,
feedback,3.633475,1786440031605,7,Ry,5.000000,75.000000,5.047138,0.047138,,,335.910614,-66.845123,179.611267,89.999916,50.000053,89.999992,435.899658,-66.829704,179.593918,-149.738953,69.827423,-151.284439,-0.773225,-0.124529,-0.472899,-0.021520,4.977182,-0.838321,
feedback,3.642153,1786440031613,7,Ry,5.000000,75.000000,5.124687,0.124687,,,335.910614,-66.845123,179.611267,89.999916,50.000053,89.999992,435.898132,-66.830208,179.593002,-149.795761,69.792549,-151.344727,-0.231247,-0.241940,-0.046239,0.084566,5.041235,-0.921676,
feedback,3.650165,1786440031621,7,Ry,5.000000,75.000000,5.423408,0.423408,,,335.910614,-66.845123,179.611267,89.999916,50.000053,89.999992,435.891876,-66.833504,179.588303,-149.856522,69.756950,-151.409470,-1.348773,-0.509039,-1.003932,0.108452,5.338434,-0.956473,
feedback,3.658567,1786440031630,7,Ry,5.000000,75.000000,5.490644,0.490644,,,335.910614,-66.845123,179.611267,89.999916,50.000053,89.999992,435.881317,-66.837006,179.579910,-149.917831,69.720428,-151.474594,-1.802358,-0.533371,-1.429795,0.094516,5.408217,-0.947911,
feedback,3.666156,1786440031638,7,Ry,5.000000,75.000000,5.256005,0.256005,,,335.910614,-66.845123,179.611267,89.999916,50.000053,89.999992,435.866425,-66.841408,179.568634,-150.006226,69.665474,-151.568527,-0.705737,-0.295503,-0.587941,0.116223,5.170380,-0.945524,
feedback,3.674174,1786440031647,7,Ry,5.000000,75.000000,5.103586,0.103586,,,335.910614,-66.845123,179.611267,89.999916,50.000053,89.999992,435.867218,-66.842163,179.567261,-150.063217,69.630074,-151.629364,0.332740,-0.010063,0.075298,0.136339,5.018521,-0.929016,
feedback,3.682998,1786440031655,7,Ry,5.000000,75.000000,4.994547,-0.005453,,,335.910614,-66.845123,179.611267,89.999916,50.000053,89.999992,435.870667,-66.842422,179.569107,-150.119003,69.596054,-151.689102,0.215849,-0.083138,0.080362,0.126892,4.904951,-0.945155,
feedback,3.691156,1786440031663,7,Ry,5.000000,75.000000,4.869781,-0.130219,,,335.910614,-66.845123,179.611267,89.999916,50.000053,89.999992,435.874481,-66.842010,179.571899,-150.173645,69.562820,-151.747543,0.452826,0.129109,0.378229,0.120918,4.788225,-0.888648,
feedback,3.699780,1786440031672,7,Ry,5.000000,75.000000,4.722988,-0.277012,,,335.910614,-66.845123,179.611267,89.999916,50.000053,89.999992,435.882385,-66.838898,179.577911,-150.226013,69.529945,-151.803375,1.273117,0.340362,1.016145,0.028613,4.641789,-0.873718,
feedback,3.707467,1786440031680,7,Ry,5.000000,75.000000,4.748332,-0.251668,,,335.910614,-66.845123,179.611267,89.999916,50.000053,89.999992,435.899231,-66.833313,179.589111,-150.278473,69.497925,-151.859589,1.861428,0.553296,1.262003,0.169059,4.661481,-0.908082,
feedback,3.715597,1786440031684,7,Ry,5.000000,75.000000,4.827174,-0.172826,,,335.910614,-66.845123,179.611267,89.999916,50.000053,89.999992,435.905151,-66.832100,179.592667,-150.306061,69.481644,-151.889389,1.480213,0.303403,0.893957,0.212811,4.727252,-0.989130,
feedback,3.723606,1786440031693,7,Ry,5.000000,75.000000,4.979568,-0.020432,,,335.910614,-66.845123,179.611267,89.999916,50.000053,89.999992,435.909454,-66.833466,179.595642,-150.361603,69.447861,-151.949799,0.442498,-0.291333,0.294348,0.175443,4.868417,-1.066134,
feedback,3.731569,1786440031701,7,Ry,5.000000,75.000000,5.144740,0.144740,,,335.910614,-66.845123,179.611267,89.999916,50.000053,89.999992,435.909180,-66.835846,179.595032,-150.418259,69.412064,-152.010941,0.241812,-0.274229,0.200863,0.124187,5.041926,-1.033267,
feedback,3.739767,1786440031710,7,Ry,5.000000,75.000000,5.063726,0.063726,,,335.910614,-66.845123,179.611267,89.999916,50.000053,89.999992,435.915314,-66.836128,179.600311,-150.474289,69.377426,-152.071472,1.004961,0.162712,0.866468,0.174958,4.966771,-0.992957,
feedback,3.748196,1786440031718,7,Ry,5.000000,75.000000,5.250555,0.250555,,,335.910614,-66.845123,179.611267,89.999916,50.000053,89.999992,435.926453,-66.834564,179.609436,-150.558075,69.325562,-152.161621,0.016356,-0.198574,0.115440,0.090820,5.158633,-0.980727,
feedback,3.756311,1786440031727,7,Ry,5.000000,75.000000,5.136652,0.136652,,,335.910614,-66.845123,179.611267,89.999916,50.000053,89.999992,435.927124,-66.833267,179.611176,-150.613647,69.290848,-152.220779,-0.066483,0.288534,0.107836,0.111052,5.064746,-0.857175,
feedback,3.764848,1786440031735,7,Ry,5.000000,75.000000,4.885642,-0.114358,,,335.910614,-66.845123,179.611267,89.999916,50.000053,89.999992,435.929749,-66.833321,179.615265,-150.667282,69.257004,-152.278564,0.513113,-0.099862,0.685831,0.127640,4.788712,-0.977260,
feedback,3.772889,1786440031744,7,Ry,5.000000,75.000000,4.778989,-0.221011,,,335.910614,-66.845123,179.611267,89.999916,50.000053,89.999992,435.937714,-66.832436,179.623840,-150.719208,69.224388,-152.334686,0.974000,0.253706,1.032139,0.128591,4.693483,-0.903086,
feedback,3.780931,1786440031752,7,Ry,5.000000,75.000000,4.619570,-0.380430,,,335.910614,-66.845123,179.611267,89.999916,50.000053,89.999992,435.949463,-66.827576,179.634613,-150.770676,69.192398,-152.389709,1.784130,0.761174,1.586074,0.181836,4.539982,-0.855550,
feedback,3.789391,1786440031760,7,Ry,5.000000,75.000000,4.918551,-0.081449,,,335.910614,-66.845123,179.611267,89.999916,50.000053,89.999992,435.953979,-66.826729,179.639725,-150.822906,69.159019,-152.445847,0.291688,0.076293,0.423708,0.131135,4.833001,-0.915539,
feedback,3.797237,1786440031769,7,Ry,5.000000,75.000000,5.152158,0.152158,,,335.910614,-66.845123,179.611267,89.999916,50.000053,89.999992,435.949677,-66.828247,179.638000,-150.876450,69.123741,-152.503204,-0.738501,-0.405232,-0.331728,0.043371,5.064218,-0.949548,
feedback,3.805416,1786440031777,7,Ry,5.000000,75.000000,5.130983,0.130983,,,335.910614,-66.845123,179.611267,89.999916,50.000053,89.999992,435.940155,-66.830757,179.633667,-150.930618,69.087677,-152.560989,-1.058675,-0.101559,-0.400550,0.057521,5.062006,-0.840013,
feedback,3.813649,1786440031786,7,Ry,5.000000,75.000000,5.220295,0.220295,,,335.910614,-66.845123,179.611267,89.999916,50.000053,89.999992,435.931427,-66.833511,179.629761,-150.983307,69.050339,-152.617218,-0.776689,-0.324017,-0.244804,-0.095455,5.143256,-0.893635,
feedback,3.822012,1786440031794,7,Ry,5.000000,75.000000,5.296109,0.296109,,,335.910614,-66.845123,179.611267,89.999916,50.000053,89.999992,435.920074,-66.837242,179.624222,-151.060074,68.994011,-152.699112,-1.083634,-0.347657,-0.518269,-0.196676,5.231930,-0.827255,
feedback,3.830012,1786440031803,7,Ry,5.000000,75.000000,5.400153,0.400153,,,335.910614,-66.845123,179.611267,89.999916,50.000053,89.999992,435.908417,-66.842239,179.617538,-151.111008,68.956436,-152.753738,-1.912855,-0.695780,-1.105580,-0.097891,5.327038,-0.887069,
feedback,3.838502,1786440031811,7,Ry,5.000000,75.000000,5.363044,0.363044,,,335.910614,-66.845123,179.611267,89.999916,50.000053,89.999992,435.889130,-66.849594,179.604141,-151.159943,68.917770,-152.806030,-2.646337,-0.994970,-1.754532,-0.276645,5.300432,-0.824224,
feedback,3.846618,1786440031819,7,Ry,5.000000,75.000000,4.891347,-0.108653,,,335.910614,-66.845123,179.611267,89.999916,50.000053,89.999992,435.886078,-66.850883,179.602417,-151.208221,68.882507,-152.857834,0.089866,0.043165,0.238588,-0.095265,4.822248,-0.819800,
feedback,3.854802,1786440031824,7,Ry,5.000000,75.000000,4.911334,-0.088666,,,335.910614,-66.845123,179.611267,89.999916,50.000053,89.999992,435.887329,-66.849159,179.602356,-151.231583,68.864975,-152.882477,0.315005,0.429369,-0.008791,-0.125618,4.861453,-0.712477,
feedback,3.862963,1786440031832,7,Ry,5.000000,75.000000,4.844660,-0.155340,,,335.910614,-66.845123,179.611267,89.999916,50.000053,89.999992,435.891785,-66.844574,179.604980,-151.277420,68.830582,-152.930664,0.297719,0.574111,0.126919,-0.162887,4.807208,-0.636109,
feedback,3.870832,1786440031840,7,Ry,5.000000,75.000000,4.990115,-0.009885,,,335.910614,-66.845123,179.611267,89.999916,50.000053,89.999992,435.890961,-66.840248,179.603958,-151.324097,68.795052,-152.979309,-0.244869,0.435969,-0.209676,-0.183547,4.948907,-0.670118,
feedback,3.879618,1786440031849,7,Ry,5.000000,75.000000,5.080683,0.080683,,,335.910614,-66.845123,179.611267,89.999916,50.000053,89.999992,435.886414,-66.836784,179.601120,-151.371323,68.758362,-153.028473,-0.376250,0.669089,-0.123988,-0.192744,5.051826,-0.607958,
feedback,3.887341,1786440031857,7,Ry,5.000000,75.000000,5.166618,0.166618,,,335.910614,-66.845123,179.611267,89.999916,50.000053,89.999992,435.886871,-66.833046,179.598770,-151.418900,68.721397,-153.078491,0.204587,0.402861,-0.189730,-0.192195,5.115860,-0.739716,
feedback,3.895568,1786440031866,7,Ry,5.000000,75.000000,5.418549,0.418549,,,335.910614,-66.845123,179.611267,89.999916,50.000053,89.999992,435.884247,-66.834343,179.595703,-151.465714,68.683540,-153.128662,-1.104429,-0.397649,-0.982125,-0.282278,5.360795,-0.801389,
feedback,3.903482,1786440031874,7,Ry,5.000000,75.000000,5.327221,0.327221,,,335.910614,-66.845123,179.611267,89.999916,50.000053,89.999992,435.875031,-66.838974,179.588181,-151.513550,68.644882,-153.180130,-0.912103,-0.605386,-0.718783,-0.233928,5.252951,-0.887095,
feedback,3.911790,1786440031882,7,Ry,5.000000,75.000000,5.081791,0.081791,,,335.910614,-66.845123,179.611267,89.999916,50.000053,89.999992,435.869598,-66.845177,179.583389,-151.584015,68.588913,-153.256897,0.227685,-0.244174,0.170899,-0.127699,4.992750,-0.949451,
feedback,3.920311,1786440031891,7,Ry,5.000000,75.000000,4.895593,-0.104407,,,335.910614,-66.845123,179.611267,89.999916,50.000053,89.999992,435.879120,-66.844131,179.589676,-151.630051,68.553947,-153.307144,1.376924,0.173416,0.897551,-0.058733,4.808291,-0.923346,
feedback,3.927997,1786440031899,7,Ry,5.000000,75.000000,4.793505,-0.206495,,,335.910614,-66.845123,179.611267,89.999916,50.000053,89.999992,435.891235,-66.841446,179.597351,-151.676666,68.520607,-153.357834,1.136711,0.048964,0.710937,0.029017,4.698668,-0.957187,
feedback,3.936337,1786440031907,7,Ry,5.000000,75.000000,4.724596,-0.275404,,,335.910614,-66.845123,179.611267,89.999916,50.000053,89.999992,435.900879,-66.837555,179.603317,-151.723816,68.487434,-153.408600,1.246164,0.605210,0.805360,0.063622,4.647540,-0.850387,
feedback,3.945068,1786440031916,7,Ry,5.000000,75.000000,4.671471,-0.328529,,,335.910614,-66.845123,179.611267,89.999916,50.000053,89.999992,435.916412,-66.829765,179.613449,-151.770096,68.454727,-153.458130,2.180429,0.971747,1.520107,0.088568,4.592776,-0.855042,
feedback,3.952949,1786440031924,7,Ry,5.000000,75.000000,4.710193,-0.289807,,,335.910614,-66.845123,179.611267,89.999916,50.000053,89.999992,435.934875,-66.823227,179.626404,-151.816116,68.421883,-153.507782,2.328910,0.763369,1.671780,0.079347,4.628366,-0.876182,
feedback,3.962012,1786440031933,7,Ry,5.000000,75.000000,5.012530,0.012530,,,335.910614,-66.845123,179.611267,89.999916,50.000053,89.999992,435.944611,-66.818756,179.632919,-151.863647,68.387032,-153.558609,0.834076,0.541590,0.542146,-0.020773,4.947455,-0.807600,
feedback,3.969365,1786440031941,7,Ry,5.000000,75.000000,5.270575,0.270575,,,335.910614,-66.845123,179.611267,89.999916,50.000053,89.999992,435.942810,-66.820000,179.631821,-151.910095,68.349762,-153.608795,-0.557663,-0.338227,-0.333605,-0.191990,5.195545,-0.886522,
feedback,3.977919,1786440031949,7,Ry,5.000000,75.000000,5.210989,0.210989,,,335.910614,-66.845123,179.611267,89.999916,50.000053,89.999992,435.936432,-66.823128,179.626724,-151.956131,68.311417,-153.658615,-0.214470,-0.169005,-0.182671,-0.190915,5.135779,-0.882327,
feedback,3.985729,1786440031958,7,Ry,5.000000,75.000000,5.242306,0.242306,,,335.910614,-66.845123,179.611267,89.999916,50.000053,89.999992,435.930389,-66.827751,179.622025,-152.001770,68.273102,-153.708389,-0.233733,-0.440386,-0.177614,-0.213900,5.159521,-0.927979,
feedback,3.994600,1786440031966,7,Ry,5.000000,75.000000,5.202568,0.202568,,,335.910614,-66.845123,179.611267,89.999916,50.000053,89.999992,435.929291,-66.830589,179.620956,-152.070404,68.217690,-153.783051,-0.504078,-0.520365,-0.389655,-0.159656,5.113593,-0.959611,
feedback,4.002194,1786440031975,7,Ry,5.000000,75.000000,4.938535,-0.061465,,,335.910614,-66.845123,179.611267,89.999916,50.000053,89.999992,435.931671,-66.830658,179.623108,-152.117661,68.182877,-153.834488,0.176634,0.077837,0.105160,0.123985,4.849555,-0.936696,
feedback,4.012533,1786440031983,7,Ry,5.000000,75.000000,4.973036,-0.026964,,,335.910614,-66.845123,179.611267,89.999916,50.000053,89.999992,435.928680,-66.833168,179.621719,-152.168518,68.148949,-153.889999,-0.509626,-0.289754,-0.325969,0.258285,4.869068,-1.024719,
feedback,4.018116,1786440031987,7,Ry,5.000000,75.000000,4.934297,-0.065703,,,335.910614,-66.845123,179.611267,89.999916,50.000053,89.999992,435.927521,-66.833817,179.621185,-152.194366,68.132133,-153.917999,-0.297733,-0.162600,-0.128319,0.312763,4.833538,-1.003166,
feedback,4.026661,1786440031996,7,Ry,5.000000,75.000000,4.932663,-0.067337,,,335.910614,-66.845123,179.611267,89.999916,50.000053,89.999992,435.929077,-66.832916,179.622772,-152.245255,68.098541,-153.973007,0.180163,0.085893,0.260444,0.262728,4.839774,-0.958393,
feedback,4.034622,1786440032004,7,Ry,5.000000,75.000000,5.168018,0.168018,,,335.910614,-66.845123,179.611267,89.999916,50.000053,89.999992,435.929474,-66.831207,179.622665,-152.294907,68.063881,-154.026215,-0.700740,-0.097224,-0.533505,0.121629,5.088593,-0.902614,
feedback,4.043052,1786440032013,7,Ry,5.000000,75.000000,5.310858,0.310858,,,335.910614,-66.845123,179.611267,89.999916,50.000053,89.999992,435.921204,-66.835571,179.617462,-152.344025,68.027008,-154.079514,-1.336554,-0.730098,-0.866181,0.019568,5.219236,-0.984247,
feedback,4.051246,1786440032021,7,Ry,5.000000,75.000000,5.561647,0.561647,,,335.910614,-66.845123,179.611267,89.999916,50.000053,89.999992,435.903076,-66.841499,179.604187,-152.393814,67.988014,-154.132950,-2.757040,-0.905641,-1.973834,-0.080025,5.488273,-0.902696,
feedback,4.060042,1786440032029,7,Ry,5.000000,75.000000,5.362225,0.362225,,,335.910614,-66.845123,179.611267,89.999916,50.000053,89.999992,435.887756,-66.846466,179.593216,-152.442078,67.949425,-154.185013,-1.602309,-0.571254,-1.103808,-0.073223,5.281405,-0.927467,
feedback,4.068444,1786440032038,7,Ry,5.000000,75.000000,5.248262,0.248262,,,335.910614,-66.845123,179.611267,89.999916,50.000053,89.999992,435.881042,-66.848839,179.588120,-152.488251,67.911407,-154.234955,-0.634401,-0.302592,-0.421839,-0.127346,5.171358,-0.895274,
feedback,4.077424,1786440032046,7,Ry,5.000000,75.000000,5.292007,0.292007,,,335.910614,-66.845123,179.611267,89.999916,50.000053,89.999992,435.871429,-66.854607,179.581909,-152.534256,67.873466,-154.285187,-1.176000,-0.726281,-0.742105,-0.068512,5.203608,-0.964289,
feedback,4.083948,1786440032055,7,Ry,5.000000,75.000000,4.908681,-0.091319,,,335.910614,-66.845123,179.611267,89.999916,50.000053,89.999992,435.864258,-66.858582,179.577744,-152.606049,67.820366,-154.362961,-0.278828,-0.154768,-0.110251,0.172201,4.820898,-0.927314,
feedback,4.092057,1786440032063,7,Ry,5.000000,75.000000,4.816522,-0.183478,,,335.910614,-66.845123,179.611267,89.999916,50.000053,89.999992,435.869232,-66.856476,179.581741,-152.654449,67.786674,-154.415314,0.692849,0.229837,0.517913,0.250500,4.722556,-0.954321,
feedback,4.100402,1786440032071,7,Ry,5.000000,75.000000,4.838930,-0.161070,,,335.910614,-66.845123,179.611267,89.999916,50.000053,89.999992,435.878693,-66.853508,179.588470,-152.702423,67.753899,-154.467453,0.661831,0.363091,0.463990,0.252005,4.749367,-0.931307,
feedback,4.108551,1786440032080,7,Ry,5.000000,75.000000,4.830687,-0.169313,,,335.910614,-66.845123,179.611267,89.999916,50.000053,89.999992,435.884155,-66.852371,179.592316,-152.750397,67.720665,-154.519653,0.357904,0.006920,0.314986,0.232556,4.730861,-0.988803,
feedback,4.117032,1786440032088,7,Ry,5.000000,75.000000,5.107304,0.107304,,,335.910614,-66.845123,179.611267,89.999916,50.000053,89.999992,435.881744,-66.852928,179.590744,-152.798813,67.684853,-154.572037,-0.125377,-0.164898,-0.099746,0.127984,5.014835,-0.971269,
feedback,4.127635,1786440032096,7,Ry,5.000000,75.000000,5.049732,0.049732,,,335.910614,-66.845123,179.611267,89.999916,50.000053,89.999992,435.886139,-66.851936,179.593994,-152.845139,67.649147,-154.622406,0.732713,0.099832,0.623580,0.079758,4.959118,-0.955717,
feedback,4.133299,1786440032105,7,Ry,5.000000,75.000000,5.004835,0.004835,,,335.910614,-66.845123,179.611267,89.999916,50.000053,89.999992,435.895813,-66.848396,179.601105,-152.891785,67.613945,-154.672882,1.191181,0.579609,0.895807,0.110752,4.925965,-0.885145,
feedback,4.141303,1786440032113,7,Ry,5.000000,75.000000,5.209886,0.209886,,,335.910614,-66.845123,179.611267,89.999916,50.000053,89.999992,435.898407,-66.848793,179.602982,-152.937790,67.577332,-154.723022,-0.068607,-0.150948,0.069944,0.017586,5.124300,-0.941204,
feedback,4.150097,1786440032122,7,Ry,5.000000,75.000000,5.115153,0.115153,,,335.910614,-66.845123,179.611267,89.999916,50.000053,89.999992,435.898987,-66.849525,179.603973,-152.982605,67.540619,-154.771805,0.259682,-0.152203,0.312246,-0.039878,5.027198,-0.946386,
feedback,4.158519,1786440032130,7,Ry,5.000000,75.000000,4.873362,-0.126638,,,335.910614,-66.845123,179.611267,89.999916,50.000053,89.999992,435.908325,-66.848534,179.611481,-153.049835,67.487869,-154.845032,1.291010,0.481609,0.971173,0.128203,4.792296,-0.886090,
feedback,4.167472,1786440032139,7,Ry,5.000000,75.000000,4.615152,-0.384848,,,335.910614,-66.845123,179.611267,89.999916,50.000053,89.999992,435.924194,-66.843834,179.622803,-153.094910,67.455582,-154.894165,1.805236,0.416196,1.361469,0.297307,4.515974,-0.966251,
feedback,4.174621,1786440032147,7,Ry,5.000000,75.000000,4.795882,-0.204118,,,335.910614,-66.845123,179.611267,89.999916,50.000053,89.999992,435.933624,-66.840561,179.629349,-153.139999,67.421776,-154.943024,1.097468,0.399971,0.733180,0.087554,4.714782,-0.879527,
feedback,4.183835,1786440032156,7,Ry,5.000000,75.000000,4.805842,-0.194158,,,335.910614,-66.845123,179.611267,89.999916,50.000053,89.999992,435.942963,-66.836823,179.635880,-153.183182,67.388298,-154.989990,1.017179,0.494531,0.732532,0.058979,4.729907,-0.851092,
feedback,4.192082,1786440032164,7,Ry,5.000000,75.000000,4.826092,-0.173908,,,335.910614,-66.845123,179.611267,89.999916,50.000053,89.999992,435.951508,-66.832321,179.642120,-153.224380,67.353622,-155.034729,1.281888,0.747309,0.933814,-0.016460,4.754114,-0.830437,
feedback,4.199158,1786440032168,7,Ry,5.000000,75.000000,4.995937,-0.004063,,,335.910614,-66.845123,179.611267,89.999916,50.000053,89.999992,435.954468,-66.831268,179.644272,-153.245605,67.335701,-155.057663,0.734850,0.263397,0.544082,-0.038580,4.925129,-0.838653,
feedback,4.207563,1786440032177,7,Ry,5.000000,75.000000,5.150957,0.150957,,,335.910614,-66.845123,179.611267,89.999916,50.000053,89.999992,435.957245,-66.828766,179.646545,-153.288315,67.299156,-155.103699,-0.059073,-0.091105,-0.018202,-0.082059,5.076589,-0.872434,
feedback,4.215830,1786440032185,7,Ry,5.000000,75.000000,5.262366,0.262366,,,335.910614,-66.845123,179.611267,89.999916,50.000053,89.999992,435.951416,-66.832787,179.643234,-153.329315,67.260834,-155.148376,-0.867989,-0.753221,-0.472368,-0.231936,5.185904,-0.894131,
feedback,4.224120,1786440032194,7,Ry,5.000000,75.000000,5.593216,0.593216,,,335.910614,-66.845123,179.611267,89.999916,50.000053,89.999992,435.935211,-66.839432,179.632538,-153.368988,67.220558,-155.191360,-2.524468,-1.169299,-1.676750,-0.484373,5.537002,-0.808236,
feedback,4.231679,1786440032202,7,Ry,5.000000,75.000000,5.299606,0.299606,,,335.910614,-66.845123,179.611267,89.999916,50.000053,89.999992,435.922516,-66.844994,179.624283,-153.407059,67.180687,-155.232895,-1.282542,-0.302484,-0.856003,-0.368443,5.246857,-0.762878,
feedback,4.240690,1786440032210,7,Ry,5.000000,75.000000,5.152391,0.152391,,,335.910614,-66.845123,179.611267,89.999916,50.000053,89.999992,435.912872,-66.849426,179.618530,-153.467026,67.123665,-155.298233,-0.761598,-0.481863,-0.395145,-0.180167,5.074282,-0.893791,
feedback,4.248648,1786440032219,7,Ry,5.000000,75.000000,4.960186,-0.039814,,,335.910614,-66.845123,179.611267,89.999916,50.000053,89.999992,435.909424,-66.849998,179.617172,-153.506485,67.087143,-155.340881,-0.302054,0.076889,-0.099113,-0.104686,4.899796,-0.776478,
feedback,4.257655,1786440032227,7,Ry,5.000000,75.000000,4.962795,-0.037205,,,335.910614,-66.845123,179.611267,89.999916,50.000053,89.999992,435.905090,-66.851723,179.615173,-153.546143,67.051132,-155.383942,-0.672485,-0.247042,-0.262883,-0.101674,4.890455,-0.844464,
feedback,4.264787,1786440032236,7,Ry,5.000000,75.000000,4.871222,-0.128778,,,335.910614,-66.845123,179.611267,89.999916,50.000053,89.999992,435.904022,-66.849861,179.615433,-153.585983,67.015831,-155.426956,0.131759,0.386220,0.165968,-0.079716,4.808765,-0.780414,
feedback,4.273158,1786440032244,7,Ry,5.000000,75.000000,4.956079,-0.043921,,,335.910614,-66.845123,179.611267,89.999916,50.000053,89.999992,435.906921,-66.848106,179.618958,-153.626053,66.980225,-155.470474,0.267963,0.067888,0.424128,-0.114033,4.884109,-0.841770,
feedback,4.281711,1786440032252,7,Ry,5.000000,75.000000,5.150816,0.150816,,,335.910614,-66.845123,179.611267,89.999916,50.000053,89.999992,435.902893,-66.851257,179.618454,-153.666275,66.943260,-155.514496,-0.871012,-0.665598,-0.270263,-0.134726,5.071666,-0.899522,
feedback,4.289334,1786440032261,7,Ry,5.000000,75.000000,5.331536,0.331536,,,335.910614,-66.845123,179.611267,89.999916,50.000053,89.999992,435.891815,-66.856758,179.612869,-153.707855,66.904999,-155.559967,-1.670897,-0.713112,-0.871114,-0.119427,5.255828,-0.895829,
feedback,4.297531,1786440032269,7,Ry,5.000000,75.000000,5.247294,0.247294,,,335.910614,-66.845123,179.611267,89.999916,50.000053,89.999992,435.881470,-66.859283,179.607605,-153.749557,66.866440,-155.605103,-0.922366,-0.125852,-0.391547,-0.090777,5.181043,-0.834861,
feedback,4.305711,1786440032277,7,Ry,5.000000,75.000000,5.214049,0.214049,,,335.910614,-66.845123,179.611267,89.999916,50.000053,89.999992,435.877197,-66.860367,179.606934,-153.791382,66.828606,-155.650375,-0.382442,-0.187641,0.054711,-0.089896,5.140408,-0.873827,
feedback,4.313754,1786440032286,7,Ry,5.000000,75.000000,5.255482,0.255482,,,335.910614,-66.845123,179.611267,89.999916,50.000053,89.999992,435.875916,-66.862442,179.609024,-153.831924,66.791626,-155.694733,-0.709142,-0.732784,-0.092623,-0.156367,5.172305,-0.931486,
feedback,4.322333,1786440032294,7,Ry,5.000000,75.000000,4.976168,-0.023832,,,335.910614,-66.845123,179.611267,89.999916,50.000053,89.999992,435.873047,-66.864365,179.611450,-153.891953,66.736816,-155.760178,0.097404,-0.004673,0.414073,-0.053683,4.902469,-0.853332,
feedback,4.330578,1786440032303,7,Ry,5.000000,75.000000,4.609377,-0.390623,,,335.910614,-66.845123,179.611267,89.999916,50.000053,89.999992,435.884949,-66.860298,179.623322,-153.931244,66.703453,-155.803040,1.916852,0.654570,1.844756,0.057072,4.531900,-0.842631,
feedback,4.338558,1786440032311,7,Ry,5.000000,75.000000,4.492357,-0.507643,,,335.910614,-66.845123,179.611267,89.999916,50.000053,89.999992,435.905609,-66.853073,179.640945,-153.969254,66.671143,-155.844589,2.706047,0.990913,2.337599,0.078856,4.416521,-0.823087,
feedback,4.346925,1786440032319,7,Ry,5.000000,75.000000,4.703592,-0.296408,,,335.910614,-66.845123,179.611267,89.999916,50.000053,89.999992,435.919861,-66.847420,179.654633,-154.008148,66.638031,-155.886826,1.432373,0.625677,1.456509,0.088924,4.630478,-0.826154,
feedback,4.355553,1786440032328,7,Ry,5.000000,75.000000,4.801333,-0.198667,,,335.910614,-66.845123,179.611267,89.999916,50.000053,89.999992,435.926788,-66.844246,179.662949,-154.048050,66.603455,-155.930237,1.101243,0.381528,1.318718,0.040476,4.722815,-0.865341,
feedback,4.363558,1786440032332,7,Ry,5.000000,75.000000,4.961064,-0.038936,,,335.910614,-66.845123,179.611267,89.999916,50.000053,89.999992,435.928619,-66.843246,179.666061,-154.067841,66.585533,-155.951691,0.455165,0.248691,0.784023,-0.031545,4.892584,-0.822437,
feedback,4.371440,1786440032341,7,Ry,5.000000,75.000000,4.990919,-0.009081,,,335.910614,-66.845123,179.611267,89.999916,50.000053,89.999992,435.934296,-66.841850,179.673935,-154.110962,66.550438,-155.998840,0.785065,0.104746,0.962762,0.229317,4.892927,-0.992311,
feedback,4.380109,1786440032349,7,Ry,5.000000,75.000000,5.098117,0.098117,,,335.910614,-66.845123,179.611267,89.999916,50.000053,89.999992,435.938812,-66.840416,179.681442,-154.155731,66.514778,-156.047577,0.344964,0.090495,0.839410,0.238262,5.006085,-0.967913,
feedback,4.389196,1786440032357,7,Ry,5.000000,75.000000,5.142776,0.142776,,,335.910614,-66.845123,179.611267,89.999916,50.000053,89.999992,435.939423,-66.839996,179.685822,-154.200378,66.478783,-156.096176,-0.253656,-0.149427,0.407354,0.199268,5.048801,-0.982843,
feedback,4.396319,1786440032366,7,Ry,5.000000,75.000000,4.888571,-0.111429,,,335.910614,-66.845123,179.611267,89.999916,50.000053,89.999992,435.940887,-66.840263,179.691299,-154.243820,66.443268,-156.143661,0.744319,0.086038,1.141596,0.215356,4.792810,-0.970725,
feedback,4.404621,1786440032374,7,Ry,5.000000,75.000000,4.969976,-0.030024,,,335.910614,-66.845123,179.611267,89.999916,50.000053,89.999992,435.947693,-66.839218,179.703110,-154.306244,66.390244,-156.212173,0.761371,0.185783,1.155786,0.107628,4.884264,-0.920883,
feedback,4.412555,1786440032383,7,Ry,5.000000,75.000000,4.779880,-0.220120,,,335.910614,-66.845123,179.611267,89.999916,50.000053,89.999992,435.955261,-66.836945,179.712570,-154.347153,66.356461,-156.256821,0.751598,0.184151,1.015485,0.175808,4.697544,-0.885088,
feedback,4.420426,1786440032391,7,Ry,5.000000,75.000000,4.891995,-0.108005,,,335.910614,-66.845123,179.611267,89.999916,50.000053,89.999992,435.955353,-66.837090,179.716263,-154.386841,66.321732,-156.300262,-0.274484,-0.094888,0.310440,0.043959,4.814591,-0.866957,
feedback,4.429919,1786440032399,7,Ry,5.000000,75.000000,5.097290,0.097290,,,335.910614,-66.845123,179.611267,89.999916,50.000053,89.999992,435.952057,-66.838470,179.716934,-154.425781,66.286201,-156.342911,-0.988891,-0.356680,-0.275784,-0.054774,5.023497,-0.864471,
feedback,4.437392,1786440032408,7,Ry,5.000000,75.000000,5.014341,0.014341,,,335.910614,-66.845123,179.611267,89.999916,50.000053,89.999992,435.950317,-66.838631,179.718750,-154.466339,66.250916,-156.387222,-0.244226,-0.151364,0.290319,0.140034,4.924950,-0.945626,
feedback,4.445610,1786440032416,7,Ry,5.000000,75.000000,5.080444,0.080444,,,335.910614,-66.845123,179.611267,89.999916,50.000053,89.999992,435.948547,-66.839035,179.720444,-154.508652,66.214859,-156.433441,-0.246587,-0.229072,0.294697,0.145364,4.988779,-0.964312,
feedback,4.453948,1786440032425,7,Ry,5.000000,75.000000,5.320446,0.320446,,,335.910614,-66.845123,179.611267,89.999916,50.000053,89.999992,435.939697,-66.842339,179.718033,-154.551498,66.177391,-156.480392,-1.327495,-0.504445,-0.472376,0.093405,5.228427,-0.987326,
feedback,4.462427,1786440032433,7,Ry,5.000000,75.000000,5.360418,0.360418,,,335.910614,-66.845123,179.611267,89.999916,50.000053,89.999992,435.926910,-66.846405,179.711639,-154.595078,66.139259,-156.527832,-1.817143,-0.308357,-1.016652,0.144671,5.283357,-0.905918,
feedback,4.470741,1786440032441,7,Ry,5.000000,75.000000,5.408584,0.408584,,,335.910614,-66.845123,179.611267,89.999916,50.000053,89.999992,435.909790,-66.852028,179.701584,-154.638489,66.100449,-156.575089,-2.059147,-0.577548,-1.301611,0.105506,5.326024,-0.941352,
feedback,4.478588,1786440032450,7,Ry,5.000000,75.000000,5.076103,0.076103,,,335.910614,-66.845123,179.611267,89.999916,50.000053,89.999992,435.903809,-66.853798,179.698563,-154.680145,66.063248,-156.620560,-0.124891,-0.017490,0.011417,0.074114,4.993048,-0.915111,
feedback,4.486258,1786440032458,7,Ry,5.000000,75.000000,5.058642,0.058642,,,335.910614,-66.845123,179.611267,89.999916,50.000053,89.999992,435.896576,-66.859177,179.696014,-154.741592,66.008087,-156.688522,-0.590464,-0.582026,-0.281496,0.113325,4.959047,-1.007439,
feedback,4.494850,1786440032467,7,Ry,5.000000,75.000000,4.987242,-0.012758,,,335.910614,-66.845123,179.611267,89.999916,50.000053,89.999992,435.892120,-66.861717,179.694717,-154.781403,65.972504,-156.732468,-0.684995,-0.316458,-0.284287,0.076970,4.897602,-0.944718,
feedback,4.502745,1786440032475,7,Ry,5.000000,75.000000,4.852953,-0.147047,,,335.910614,-66.845123,179.611267,89.999916,50.000053,89.999992,435.891144,-66.862892,179.695419,-154.820419,65.937469,-156.775726,0.219605,-0.057318,0.301345,0.065900,4.762388,-0.938248,
feedback,4.511146,1786440032483,7,Ry,5.000000,75.000000,4.800109,-0.199891,,,335.910614,-66.845123,179.611267,89.999916,50.000053,89.999992,435.899567,-66.861687,179.702301,-154.857605,65.903107,-156.817184,1.185631,0.046508,0.969020,0.050324,4.704822,-0.960447,
feedback,4.518925,1786440032492,7,Ry,5.000000,75.000000,4.959741,-0.040259,,,335.910614,-66.845123,179.611267,89.999916,50.000053,89.999992,435.904694,-66.862251,179.706253,-154.896149,65.867882,-156.860245,0.437911,-0.221435,0.443401,0.101647,4.856524,-1.019374,
feedback,4.528082,1786440032500,7,Ry,5.000000,75.000000,5.203878,0.203878,,,335.910614,-66.845123,179.611267,89.999916,50.000053,89.999992,435.901123,-66.864136,179.704208,-154.935638,65.830688,-156.903763,-0.736914,-0.205820,-0.439380,0.070766,5.120815,-0.926306,
feedback,4.535563,1786440032504,7,Ry,5.000000,75.000000,5.155624,0.155624,,,335.910614,-66.845123,179.611267,89.999916,50.000053,89.999992,435.900726,-66.864769,179.704391,-154.955978,65.812218,-156.926193,-0.105294,-0.159529,0.052613,0.105485,5.064154,-0.969786,
feedback,4.543509,1786440032513,7,Ry,5.000000,75.000000,4.881505,-0.118495,,,335.910614,-66.845123,179.611267,89.999916,50.000053,89.999992,435.905060,-66.863045,179.708389,-154.995895,65.776115,-156.970047,1.383886,0.600004,1.171842,0.171168,4.797451,-0.903652,
feedback,4.551852,1786440032522,7,Ry,5.000000,75.000000,5.186515,0.186515,,,335.910614,-66.845123,179.611267,89.999916,50.000053,89.999992,435.906647,-66.862267,179.709518,-155.033752,65.738007,-157.011429,0.095427,0.058126,0.159284,-0.080926,5.117833,-0.843293,
feedback,4.560029,1786440032530,7,Ry,5.000000,75.000000,5.082349,0.082349,,,335.910614,-66.845123,179.611267,89.999916,50.000053,89.999992,435.907776,-66.864243,179.709869,-155.069092,65.700264,-157.050735,0.158960,-0.263834,0.085435,-0.200253,5.006292,-0.876201,
feedback,4.568324,1786440032539,7,Ry,5.000000,75.000000,5.008171,0.008171,,,335.910614,-66.845123,179.611267,89.999916,50.000053,89.999992,435.910187,-66.864563,179.710144,-155.123108,65.644096,-157.110092,0.645640,0.171126,0.258799,-0.113224,4.940251,-0.823427,
feedback,4.576311,1786440032547,7,Ry,5.000000,75.000000,4.662433,-0.337567,,,335.910614,-66.845123,179.611267,89.999916,50.000053,89.999992,435.926605,-66.857414,179.721024,-155.157959,65.609886,-157.148010,2.114064,0.973409,1.464650,-0.023159,4.602090,-0.750098,
feedback,4.584799,1786440032556,7,Ry,5.000000,75.000000,4.781687,-0.218313,,,335.910614,-66.845123,179.611267,89.999916,50.000053,89.999992,435.941101,-66.851929,179.729507,-155.189926,65.574821,-157.183090,1.415819,0.484544,0.822976,-0.189418,4.720576,-0.765047,
feedback,4.592638,1786440032564,7,Ry,5.000000,75.000000,4.822208,-0.177792,,,335.910614,-66.845123,179.611267,89.999916,50.000053,89.999992,435.948853,-66.847733,179.733231,-155.222336,65.539192,-157.218475,0.859959,0.513210,0.508852,-0.140453,4.764405,-0.749770,
feedback,4.601118,1786440032572,7,Ry,5.000000,75.000000,4.907869,-0.092131,,,335.910614,-66.845123,179.611267,89.999916,50.000053,89.999992,435.957703,-66.844643,179.738541,-155.255585,65.503395,-157.255310,0.942581,0.296819,0.573082,-0.173083,4.837212,-0.830231,
feedback,4.609167,1786440032581,7,Ry,5.000000,75.000000,5.053190,0.053190,,,335.910614,-66.845123,179.611267,89.999916,50.000053,89.999992,435.962250,-66.842163,179.741058,-155.289688,65.466362,-157.292725,0.474503,0.339450,0.221436,-0.175131,4.992731,-0.785082,
feedback,4.617306,1786440032589,7,Ry,5.000000,75.000000,5.113027,0.113027,,,335.910614,-66.845123,179.611267,89.999916,50.000053,89.999992,435.963745,-66.842659,179.741623,-155.325562,65.428947,-157.332230,-0.101849,-0.161762,-0.129486,-0.075041,5.040257,-0.860081,
feedback,4.625525,1786440032598,7,Ry,5.000000,75.000000,5.352927,0.352927,,,335.910614,-66.845123,179.611267,89.999916,50.000053,89.999992,435.953674,-66.847351,179.733612,-155.361511,65.388908,-157.371613,-1.380850,-0.734857,-0.963613,-0.193691,5.281310,-0.874605,
feedback,4.633772,1786440032606,7,Ry,5.000000,75.000000,5.424763,0.424763,,,335.910614,-66.845123,179.611267,89.999916,50.000053,89.999992,435.938873,-66.853058,179.722458,-155.396927,65.348778,-157.410492,-2.076163,-0.748030,-1.719352,-0.237104,5.361372,-0.834255,
feedback,4.641864,1786440032614,7,Ry,5.000000,75.000000,5.172661,0.172661,,,335.910614,-66.845123,179.611267,89.999916,50.000053,89.999992,435.925812,-66.857452,179.711700,-155.449600,65.289780,-157.468292,-0.418126,-0.136451,-0.428597,-0.145666,5.104351,-0.840041,
feedback,4.650385,1786440032623,7,Ry,5.000000,75.000000,5.075991,0.075991,,,335.910614,-66.845123,179.611267,89.999916,50.000053,89.999992,435.925323,-66.856766,179.710373,-155.485870,65.252594,-157.508041,-0.001960,0.047741,-0.212887,-0.051359,5.004042,-0.852166,
feedback,4.658363,1786440032631,7,Ry,5.000000,75.000000,4.984338,-0.015662,,,335.910614,-66.845123,179.611267,89.999916,50.000053,89.999992,435.925079,-66.855515,179.708054,-155.521622,65.216301,-157.547180,-0.161168,0.110402,-0.393788,-0.032545,4.916684,-0.819782,
feedback,4.666514,1786440032635,7,Ry,5.000000,75.000000,4.946455,-0.053545,,,335.910614,-66.845123,179.611267,89.999916,50.000053,89.999992,435.924622,-66.855270,179.707169,-155.539505,65.198318,-157.566849,-0.115899,0.059017,-0.216336,0.016518,4.871561,-0.857498,
feedback,4.674913,1786440032644,7,Ry,5.000000,75.000000,5.048301,0.048301,,,335.910614,-66.845123,179.611267,89.999916,50.000053,89.999992,435.916412,-66.857018,179.698898,-155.574539,65.161324,-157.605194,-1.089630,-0.201563,-1.116072,-0.080871,4.983188,-0.810992,
feedback,4.683080,1786440032652,7,Ry,5.000000,75.000000,5.055609,0.055609,,,335.910614,-66.845123,179.611267,89.999916,50.000053,89.999992,435.911774,-66.857857,179.692566,-155.610062,65.124161,-157.644150,-0.247117,0.054138,-0.538030,-0.030547,4.986587,-0.833782,
feedback,4.690998,1786440032661,7,Ry,5.000000,75.000000,5.233557,0.233557,,,335.910614,-66.845123,179.611267,89.999916,50.000053,89.999992,435.909637,-66.859329,179.688873,-155.645477,65.086578,-157.683243,-0.817618,-0.357951,-0.850170,-0.118332,5.162987,-0.858156,
feedback,4.699506,1786440032669,7,Ry,5.000000,75.000000,5.332594,0.332594,,,335.910614,-66.845123,179.611267,89.999916,50.000053,89.999992,435.902283,-66.864212,179.681427,-155.679733,65.047523,-157.721481,-1.288461,-0.765503,-1.147041,-0.232926,5.256393,-0.898784,
feedback,4.707195,1786440032678,7,Ry,5.000000,75.000000,5.546634,0.546634,,,335.910614,-66.845123,179.611267,89.999916,50.000053,89.999992,435.889069,-66.869308,179.670456,-155.714340,65.007294,-157.759644,-2.134559,-0.795397,-1.623683,-0.238780,5.479949,-0.863587,
feedback,4.716046,1786440032686,7,Ry,5.000000,75.000000,5.244746,0.244746,,,335.910614,-66.845123,179.611267,89.999916,50.000053,89.999992,435.882385,-66.869873,179.664124,-155.750198,64.968155,-157.798813,-0.363284,0.158509,-0.412183,-0.068690,5.180547,-0.823032,
feedback,4.723951,1786440032694,7,Ry,5.000000,75.000000,5.184291,0.184291,,,335.910614,-66.845123,179.611267,89.999916,50.000053,89.999992,435.881989,-66.868919,179.659607,-155.802185,64.910873,-157.856003,-0.427136,-0.033786,-0.859519,-0.082280,5.116440,-0.838435,
feedback,4.731924,1786440032703,7,Ry,5.000000,75.000000,5.139775,0.139775,,,335.910614,-66.845123,179.611267,89.999916,50.000053,89.999992,435.879700,-66.868225,179.654221,-155.840134,64.873070,-157.897385,-0.237796,0.069083,-0.623558,0.145056,5.059194,-0.906644,
feedback,4.740025,1786440032711,7,Ry,5.000000,75.000000,4.820801,-0.179199,,,335.910614,-66.845123,179.611267,89.999916,50.000053,89.999992,435.884918,-66.865883,179.654190,-155.878799,64.837791,-157.939865,1.188773,0.454659,0.417520,0.286110,4.728825,-0.943277,
feedback,4.748096,1786440032720,7,Ry,5.000000,75.000000,4.753613,-0.246387,,,335.910614,-66.845123,179.611267,89.999916,50.000053,89.999992,435.899292,-66.861023,179.659927,-155.917603,64.804207,-157.982651,1.998470,0.600435,0.823899,0.337351,4.655960,-0.969567,
feedback,4.759946,1786440032728,7,Ry,5.000000,75.000000,4.778357,-0.221643,,,335.910614,-66.845123,179.611267,89.999916,50.000053,89.999992,435.914215,-66.856071,179.665543,-155.954590,64.770485,-158.023499,1.485835,0.433324,0.473547,0.221487,4.687420,-0.933689,
feedback,4.764458,1786440032736,7,Ry,5.000000,75.000000,4.944100,-0.055900,,,335.910614,-66.845123,179.611267,89.999916,50.000053,89.999992,435.919983,-66.853683,179.665375,-155.991913,64.735100,-158.064651,0.686298,0.169741,0.007242,0.208823,4.850735,-0.961968,
feedback,4.772412,1786440032745,7,Ry,5.000000,75.000000,4.992433,-0.007567,,,335.910614,-66.845123,179.611267,89.999916,50.000053,89.999992,435.927551,-66.850906,179.668167,-156.027954,64.699257,-158.104584,0.824906,0.276235,0.291463,0.110268,4.904028,-0.938108,
feedback,4.780911,1786440032753,7,Ry,5.000000,75.000000,4.933221,-0.066779,,,335.910614,-66.845123,179.611267,89.999916,50.000053,89.999992,435.940735,-66.844971,179.675522,-156.064316,64.663742,-158.144516,1.703253,0.749147,1.025319,0.119444,4.854849,-0.876022,
feedback,4.789592,1786440032761,7,Ry,5.000000,75.000000,5.176837,0.176837,,,335.910614,-66.845123,179.611267,89.999916,50.000053,89.999992,435.947540,-66.841072,179.680023,-156.099167,64.626366,-158.182602,0.365548,0.383049,0.169687,-0.042614,5.114508,-0.806401,
feedback,4.797148,1786440032770,7,Ry,5.000000,75.000000,5.227910,0.227910,,,335.910614,-66.845123,179.611267,89.999916,50.000053,89.999992,435.946136,-66.840523,179.678833,-156.134613,64.588219,-158.221603,-0.292470,0.078186,-0.263922,0.080152,5.148886,-0.905516,
feedback,4.805688,1786440032778,7,Ry,5.000000,75.000000,5.188552,0.188552,,,335.910614,-66.845123,179.611267,89.999916,50.000053,89.999992,435.939728,-66.842766,179.675613,-156.189087,64.531090,-158.281921,-0.362097,-0.254419,-0.115200,0.080513,5.098238,-0.966120,
feedback,4.813486,1786440032783,7,Ry,5.000000,75.000000,5.118000,0.118000,,,335.910614,-66.845123,179.611267,89.999916,50.000053,89.999992,435.939850,-66.843262,179.676071,-156.207489,64.512604,-158.302444,0.025982,-0.123921,0.120291,0.129346,5.024574,-0.977582,
feedback,4.821799,1786440032791,7,Ry,5.000000,75.000000,5.076797,0.076797,,,335.910614,-66.845123,179.611267,89.999916,50.000053,89.999992,435.944061,-66.843422,179.679352,-156.244629,64.476959,-158.343750,0.184503,-0.135639,0.075078,0.172946,4.983294,-0.974395,
feedback,4.829974,1786440032800,7,Ry,5.000000,75.000000,4.945653,-0.054347,,,335.910614,-66.845123,179.611267,89.999916,50.000053,89.999992,435.945770,-66.843178,179.680573,-156.282074,64.441856,-158.385239,-0.059718,-0.052075,-0.075760,0.249359,4.853693,-0.954127,
feedback,4.838995,1786440032808,7,Ry,5.000000,75.000000,4.921554,-0.078446,,,335.910614,-66.845123,179.611267,89.999916,50.000053,89.999992,435.945892,-66.842972,179.679550,-156.318512,64.406570,-158.425690,-0.021554,0.053156,-0.257101,0.191818,4.830729,-0.945622,
feedback,4.846831,1786440032816,7,Ry,5.000000,75.000000,4.970686,-0.029314,,,335.910614,-66.845123,179.611267,89.999916,50.000053,89.999992,435.941986,-66.843262,179.675888,-156.353714,64.370125,-158.464630,-0.029445,0.105209,-0.127415,0.098805,4.885904,-0.915682,
feedback,4.854741,1786440032825,7,Ry,5.000000,75.000000,5.047251,0.047251,,,335.910614,-66.845123,179.611267,89.999916,50.000053,89.999992,435.945557,-66.839607,179.677872,-156.388626,64.334335,-158.502975,0.099877,0.298910,0.099544,0.084049,4.973040,-0.862374,
feedback,4.863808,1786440032833,7,Ry,5.000000,75.000000,5.197770,0.197770,,,335.910614,-66.845123,179.611267,89.999916,50.000053,89.999992,435.943085,-66.839424,179.675781,-156.423080,64.296547,-158.541107,-0.575844,-0.138446,-0.333842,-0.024924,5.121140,-0.889344,
feedback,4.872656,1786440032842,7,Ry,5.000000,75.000000,5.477177,0.477177,,,335.910614,-66.845123,179.611267,89.999916,50.000053,89.999992,435.929016,-66.845093,179.665680,-156.457870,64.256569,-158.579681,-2.163068,-0.865401,-1.498458,-0.137979,5.399780,-0.918194,
feedback,4.879681,1786440032850,7,Ry,5.000000,75.000000,5.702455,0.702455,,,335.910614,-66.845123,179.611267,89.999916,50.000053,89.999992,435.906158,-66.855598,179.648941,-156.491119,64.215202,-158.617020,-3.570781,-1.680626,-2.488846,-0.250187,5.621276,-0.959426,
feedback,4.887982,1786440032858,7,Ry,5.000000,75.000000,5.292108,0.292108,,,335.910614,-66.845123,179.611267,89.999916,50.000053,89.999992,435.887085,-66.862068,179.632034,-156.542038,64.155159,-158.673279,-0.929960,-0.350048,-0.899582,-0.064014,5.219670,-0.873824,
feedback,4.895529,1786440032867,7,Ry,5.000000,75.000000,5.221246,0.221246,,,335.910614,-66.845123,179.611267,89.999916,50.000053,89.999992,435.878967,-66.864693,179.624390,-156.578003,64.116524,-158.713058,-0.649293,-0.211264,-0.606599,0.071526,5.141426,-0.909443,
feedback,4.904711,1786440032875,7,Ry,5.000000,75.000000,5.021923,0.021923,,,335.910614,-66.845123,179.611267,89.999916,50.000053,89.999992,435.874664,-66.864037,179.619385,-156.612915,64.079391,-158.751343,-0.391883,0.150369,-0.376751,0.064653,4.950311,-0.845437,
feedback,4.913593,1786440032884,7,Ry,5.000000,75.000000,4.772201,-0.227799,,,335.910614,-66.845123,179.611267,89.999916,50.000053,89.999992,435.876221,-66.862076,179.618073,-156.645355,64.043541,-158.787247,0.669347,0.463017,0.392409,0.005789,4.705049,-0.798327,
feedback,4.920181,1786440032892,7,Ry,5.000000,75.000000,4.750819,-0.249181,,,335.910614,-66.845123,179.611267,89.999916,50.000053,89.999992,435.887390,-66.856415,179.622223,-156.676819,64.008110,-158.821976,1.777582,0.890622,0.540498,0.024853,4.681921,-0.806358,
feedback,4.930623,1786440032900,7,Ry,5.000000,75.000000,4.948547,-0.051453,,,335.910614,-66.845123,179.611267,89.999916,50.000053,89.999992,435.893921,-66.853264,179.624893,-156.708252,63.972477,-158.856888,0.320763,0.219356,-0.167382,-0.083238,4.883636,-0.801065,
feedback,4.936164,1786440032909,7,Ry,5.000000,75.000000,5.092006,0.092006,,,335.910614,-66.845123,179.611267,89.999916,50.000053,89.999992,435.892334,-66.854362,179.620972,-156.737839,63.934494,-158.889893,-0.243253,-0.091698,-0.529755,-0.172495,5.028536,-0.805475,
feedback,4.944503,1786440032917,7,Ry,5.000000,75.000000,5.140737,0.140737,,,335.910614,-66.845123,179.611267,89.999916,50.000053,89.999992,435.890900,-66.855301,179.617935,-156.766083,63.895439,-158.921234,0.010980,-0.071168,-0.050891,-0.303082,5.089810,-0.738613,
feedback,4.952381,1786440032926,7,Ry,5.000000,75.000000,5.085472,0.085472,,,335.910614,-66.845123,179.611267,89.999916,50.000053,89.999992,435.895966,-66.854652,179.620270,-156.794647,63.856930,-158.953186,0.845452,0.274654,0.550032,-0.221747,5.025436,-0.785435,
feedback,4.960839,1786440032934,7,Ry,5.000000,75.000000,5.165489,0.165489,,,335.910614,-66.845123,179.611267,89.999916,50.000053,89.999992,435.899261,-66.853737,179.622589,-156.823914,63.818443,-158.985626,0.093784,-0.060326,0.182149,-0.240212,5.106140,-0.788544,
feedback,4.968886,1786440032938,7,Ry,5.000000,75.000000,5.225051,0.225051,,,335.910614,-66.845123,179.611267,89.999916,50.000053,89.999992,435.897766,-66.853989,179.622147,-156.839050,63.798885,-159.002457,-0.375725,-0.064536,-0.104190,-0.193043,5.163287,-0.807439,
feedback,4.977545,1786440032947,7,Ry,5.000000,75.000000,4.991463,-0.008537,,,335.910614,-66.845123,179.611267,89.999916,50.000053,89.999992,435.902191,-66.849129,179.624680,-156.884796,63.741936,-159.052704,0.948348,0.546726,0.725734,-0.100510,4.930997,-0.779629,
feedback,4.985379,1786440032955,7,Ry,5.000000,75.000000,4.786793,-0.213207,,,335.910614,-66.845123,179.611267,89.999916,50.000053,89.999992,435.915771,-66.844810,179.634201,-156.915161,63.706108,-159.086716,2.023397,0.505501,1.482031,0.001231,4.705351,-0.880659,
feedback,4.993326,1786440032963,7,Ry,5.000000,75.000000,4.816480,-0.183520,,,335.910614,-66.845123,179.611267,89.999916,50.000053,89.999992,435.928711,-66.841827,179.643341,-156.945480,63.671108,-159.120819,1.097310,0.106627,0.763870,-0.037721,4.739370,-0.858696,
feedback,5.001812,1786440032972,7,Ry,5.000000,75.000000,4.863604,-0.136396,,,335.910614,-66.845123,179.611267,89.999916,50.000053,89.999992,435.937897,-66.838776,179.648727,-156.975861,63.635635,-159.154739,0.756759,0.229440,0.249618,-0.025762,4.793538,-0.822881,
feedback,5.011123,1786440032980,7,Ry,5.000000,75.000000,4.873170,-0.126830,,,335.910614,-66.845123,179.611267,89.999916,50.000053,89.999992,435.944092,-66.836807,179.651352,-157.005966,63.600014,-159.188416,0.546748,0.240842,0.112133,-0.045597,4.803924,-0.819067,
feedback,5.018096,1786440032988,7,Ry,5.000000,75.000000,4.920031,-0.079969,,,335.910614,-66.845123,179.611267,89.999916,50.000053,89.999992,435.950226,-66.835594,179.654800,-157.036728,63.563931,-159.223038,0.682583,0.081689,0.395275,-0.025411,4.838021,-0.895536,
feedback,5.027119,1786440032997,7,Ry,5.000000,75.000000,5.127520,0.127520,,,335.910614,-66.845123,179.611267,89.999916,50.000053,89.999992,435.952423,-66.834923,179.655930,-157.067596,63.526592,-159.257462,-0.188135,-0.160307,-0.102905,-0.095446,5.056656,-0.850501,
feedback,5.034663,1786440033005,7,Ry,5.000000,75.000000,5.306081,0.306081,,,335.910614,-66.845123,179.611267,89.999916,50.000053,89.999992,435.948822,-66.836494,179.653320,-157.097977,63.487862,-159.291397,-1.278193,-0.544256,-0.858735,-0.215999,5.239699,-0.840719,
feedback,5.043092,1786440033014,7,Ry,5.000000,75.000000,5.409361,0.409361,,,335.910614,-66.845123,179.611267,89.999916,50.000053,89.999992,435.938171,-66.838745,179.645798,-157.128784,63.447899,-159.325607,-1.894579,-0.570608,-1.310846,-0.187755,5.341175,-0.859979,
feedback,5.050755,1786440033022,7,Ry,5.000000,75.000000,5.288137,0.288137,,,335.910614,-66.845123,179.611267,89.999916,50.000053,89.999992,435.925598,-66.842148,179.637604,-157.158951,63.407814,-159.359177,-1.363581,-0.330490,-0.952378,-0.157473,5.224086,-0.825934,
feedback,5.059205,1786440033030,7,Ry,5.000000,75.000000,5.159329,0.159329,,,335.910614,-66.845123,179.611267,89.999916,50.000053,89.999992,435.913788,-66.846252,179.629333,-157.204071,63.348335,-159.409470,-0.319394,-0.204533,-0.236261,-0.128365,5.089503,-0.847389,
feedback,5.067260,1786440033039,7,Ry,5.000000,75.000000,5.159169,0.159169,,,335.910614,-66.845123,179.611267,89.999916,50.000053,89.999992,435.905457,-66.848900,179.623444,-157.234406,63.309284,-159.443253,-0.615455,-0.282022,-0.398207,-0.057657,5.084702,-0.873692,
feedback,5.075377,1786440033047,7,Ry,5.000000,75.000000,5.062124,0.062124,,,335.910614,-66.845123,179.611267,89.999916,50.000053,89.999992,435.895569,-66.853271,179.615982,-157.265411,63.271130,-159.478149,-0.797972,-0.360511,-0.525195,-0.003042,4.981390,-0.900725,
feedback,5.084566,1786440033056,7,Ry,5.000000,75.000000,4.968332,-0.031668,,,335.910614,-66.845123,179.611267,89.999916,50.000053,89.999992,435.890564,-66.854454,179.611313,-157.296677,63.234169,-159.513092,-0.207730,0.075579,-0.353883,0.050937,4.892912,-0.862423,
feedback,5.092670,1786440033064,7,Ry,5.000000,75.000000,4.823593,-0.176407,,,335.910614,-66.845123,179.611267,89.999916,50.000053,89.999992,435.894623,-66.853073,179.612488,-157.328278,63.198715,-159.548538,0.686262,0.210920,0.350303,0.197738,4.731489,-0.944328,
feedback,5.101048,1786440033072,7,Ry,5.000000,75.000000,4.985938,-0.014062,,,335.910614,-66.845123,179.611267,89.999916,50.000053,89.999992,435.894684,-66.852234,179.611557,-157.362976,63.162910,-159.587204,-0.047577,-0.090850,-0.090754,0.222680,4.889809,-0.981364,
feedback,5.108457,1786440033081,7,Ry,5.000000,75.000000,5.161139,0.161139,,,335.910614,-66.845123,179.611267,89.999916,50.000053,89.999992,435.888031,-66.853249,179.606445,-157.396576,63.125305,-159.624603,-0.820356,-0.069290,-0.640629,0.097129,5.084179,-0.888023,
feedback,5.116602,1786440033089,7,Ry,5.000000,75.000000,5.193545,0.193545,,,335.910614,-66.845123,179.611267,89.999916,50.000053,89.999992,435.882996,-66.854553,179.603867,-157.430099,63.087475,-159.662140,-0.457899,-0.036022,-0.288973,0.123506,5.108469,-0.936866,
feedback,5.124903,1786440033098,7,Ry,5.000000,75.000000,5.250441,0.250441,,,335.910614,-66.845123,179.611267,89.999916,50.000053,89.999992,435.881348,-66.855789,179.603149,-157.462692,63.049221,-159.698669,-0.337045,-0.176457,-0.337976,0.064241,5.167252,-0.931149,
feedback,5.133730,1786440033106,7,Ry,5.000000,75.000000,5.327499,0.327499,,,335.910614,-66.845123,179.611267,89.999916,50.000053,89.999992,435.875153,-66.858223,179.598938,-157.495468,63.010319,-159.735443,-1.065159,-0.466017,-0.686816,0.068621,5.240050,-0.962041,
feedback,5.141860,1786440033110,7,Ry,5.000000,75.000000,5.396496,0.396496,,,335.910614,-66.845123,179.611267,89.999916,50.000053,89.999992,435.869019,-66.860260,179.594116,-157.512222,62.990471,-159.754135,-1.537744,-0.509049,-1.198982,0.065321,5.313429,-0.943237,
feedback,5.149713,1786440033119,7,Ry,5.000000,75.000000,5.036281,0.036281,,,335.910614,-66.845123,179.611267,89.999916,50.000053,89.999992,435.865906,-66.861618,179.590988,-157.559677,62.933537,-159.807358,0.595892,0.281138,0.276419,0.071867,4.959266,-0.877399,
feedback,5.158173,1786440033127,7,Ry,5.000000,75.000000,4.840688,-0.159312,,,335.910614,-66.845123,179.611267,89.999916,50.000053,89.999992,435.878082,-66.856728,179.598419,-157.589249,62.897617,-159.840424,1.692155,0.732364,1.031500,0.053636,4.766954,-0.841679,
feedback,5.167515,1786440033136,7,Ry,5.000000,75.000000,4.715043,-0.284957,,,335.910614,-66.845123,179.611267,89.999916,50.000053,89.999992,435.895721,-66.850563,179.609253,-157.620026,62.863613,-159.874985,1.892974,0.656567,1.101178,0.184017,4.626935,-0.912200,
feedback,5.173946,1786440033144,7,Ry,5.000000,75.000000,4.723645,-0.276355,,,335.910614,-66.845123,179.611267,89.999916,50.000053,89.999992,435.907013,-66.844376,179.615387,-157.652069,62.829163,-159.910492,1.537016,0.840682,0.900265,0.249169,4.642562,-0.873111,
feedback,5.182931,1786440033152,7,Ry,5.000000,75.000000,4.713189,-0.286811,,,335.910614,-66.845123,179.611267,89.999916,50.000053,89.999992,435.921356,-66.837807,179.623184,-157.683914,62.795155,-159.945984,1.732330,0.807408,1.085361,0.265275,4.628287,-0.893859,
feedback,5.190487,1786440033161,7,Ry,5.000000,75.000000,4.635030,-0.364970,,,335.910614,-66.845123,179.611267,89.999916,50.000053,89.999992,435.937653,-66.833168,179.631882,-157.716080,62.760956,-159.982346,2.574454,0.781916,1.535800,0.296932,4.536934,-0.961866,
feedback,5.198960,1786440033169,7,Ry,5.000000,75.000000,5.046408,0.046408,,,335.910614,-66.845123,179.611267,89.999916,50.000053,89.999992,435.943207,-66.832001,179.634583,-157.748596,62.724102,-160.018997,0.570893,0.035422,0.276597,0.152979,4.952139,-0.976154,
feedback,5.206468,1786440033178,7,Ry,5.000000,75.000000,5.272149,0.272149,,,335.910614,-66.845123,179.611267,89.999916,50.000053,89.999992,435.941650,-66.833229,179.632858,-157.780655,62.686192,-160.055161,-0.621090,-0.123459,-0.601107,0.048272,5.190692,-0.923207,
feedback,5.214630,1786440033186,7,Ry,5.000000,75.000000,5.290520,0.290520,,,335.910614,-66.845123,179.611267,89.999916,50.000053,89.999992,435.936859,-66.834862,179.629593,-157.812103,62.647209,-160.090698,-0.673386,-0.202483,-0.540286,0.038477,5.203907,-0.954082,
feedback,5.222952,1786440033195,7,Ry,5.000000,75.000000,5.119428,0.119428,,,335.910614,-66.845123,179.611267,89.999916,50.000053,89.999992,435.938599,-66.834557,179.631714,-157.858231,62.590145,-160.142853,0.466365,0.193249,0.464136,0.068022,5.036405,-0.918739,
feedback,5.231449,1786440033203,7,Ry,5.000000,75.000000,5.095860,0.095860,,,335.910614,-66.845123,179.611267,89.999916,50.000053,89.999992,435.937103,-66.834656,179.631927,-157.888550,62.552204,-160.176849,-0.131478,-0.018448,0.085137,0.038469,5.018266,-0.885872,
feedback,5.239240,1786440033211,7,Ry,5.000000,75.000000,5.162232,0.162232,,,335.910614,-66.845123,179.611267,89.999916,50.000053,89.999992,435.931091,-66.836853,179.627899,-157.918198,62.513897,-160.210220,-0.911379,-0.358041,-0.731826,-0.018275,5.087202,-0.877145,
feedback,5.247613,1786440033220,7,Ry,5.000000,75.000000,4.993141,-0.006859,,,335.910614,-66.845123,179.611267,89.999916,50.000053,89.999992,435.924438,-66.838684,179.622498,-157.948395,62.476593,-160.244125,-0.516925,-0.103908,-0.487582,0.078126,4.915672,-0.876170,
feedback,5.256158,1786440033228,7,Ry,5.000000,75.000000,4.884310,-0.115690,,,335.910614,-66.845123,179.611267,89.999916,50.000053,89.999992,435.927094,-66.838066,179.622833,-157.979141,62.440697,-160.278809,0.592970,0.225562,0.213040,0.213830,4.793974,-0.939639,
feedback,5.264179,1786440033236,7,Ry,5.000000,75.000000,5.000764,0.000764,,,335.910614,-66.845123,179.611267,89.999916,50.000053,89.999992,435.927887,-66.837997,179.622208,-158.008713,62.404335,-160.312134,-0.224711,-0.077215,-0.231359,0.003659,4.926424,-0.859105,
feedback,5.272496,1786440033245,7,Ry,5.000000,75.000000,5.044287,0.044287,,,335.910614,-66.845123,179.611267,89.999916,50.000053,89.999992,435.923767,-66.838989,179.618134,-158.037125,62.366734,-160.344055,-0.554885,-0.094513,-0.448616,-0.080468,4.980012,-0.805797,
feedback,5.279900,1786440033249,7,Ry,5.000000,75.000000,5.308323,0.308323,,,335.910614,-66.845123,179.611267,89.999916,50.000053,89.999992,435.911011,-66.843498,179.609634,-158.065201,62.327305,-160.375702,-1.848458,-0.624178,-1.191934,-0.201687,5.246643,-0.814202,
feedback,5.288117,1786440033257,7,Ry,5.000000,75.000000,5.273946,0.273946,,,335.910614,-66.845123,179.611267,89.999916,50.000053,89.999992,435.905884,-66.844925,179.606201,-158.079620,62.307598,-160.391922,-1.285633,-0.357706,-0.852388,-0.076766,5.203063,-0.863390,
feedback,5.296398,1786440033266,7,Ry,5.000000,75.000000,5.284357,0.284357,,,335.910614,-66.845123,179.611267,89.999916,50.000053,89.999992,435.901215,-66.844353,179.604477,-158.106689,62.268158,-160.422104,-0.801853,-0.095675,-0.389557,-0.180609,5.224197,-0.803463,
feedback,5.304978,1786440033274,7,Ry,5.000000,75.000000,5.211210,0.211210,,,335.910614,-66.845123,179.611267,89.999916,50.000053,89.999992,435.886963,-66.849442,179.598068,-158.145920,62.208389,-160.466461,-1.211010,-0.470898,-0.517569,-0.278390,5.151123,-0.796675,
feedback,5.313425,1786440033283,7,Ry,5.000000,75.000000,5.302083,0.302083,,,335.910614,-66.845123,179.611267,89.999916,50.000053,89.999992,435.871307,-66.855568,179.590393,-158.170395,62.167171,-160.494293,-1.721803,-0.692518,-0.774181,-0.377552,5.247761,-0.771915,
feedback,5.321054,1786440033291,7,Ry,5.000000,75.000000,5.103137,0.103137,,,335.910614,-66.845123,179.611267,89.999916,50.000053,89.999992,435.866791,-66.857231,179.590546,-158.195358,62.128151,-160.522476,-0.342749,-0.117017,0.138525,-0.214938,5.044097,-0.781278,
feedback,5.329819,1786440033300,7,Ry,5.000000,75.000000,4.899143,-0.100857,,,335.910614,-66.845123,179.611267,89.999916,50.000053,89.999992,435.870850,-66.856201,179.595764,-158.221191,62.091156,-160.551697,0.588273,0.191462,0.653443,-0.126985,4.836655,-0.782996,
feedback,5.337440,1786440033308,7,Ry,5.000000,75.000000,4.870563,-0.129437,,,335.910614,-66.845123,179.611267,89.999916,50.000053,89.999992,435.874695,-66.855515,179.599686,-158.247040,62.054741,-160.581055,0.407501,0.026334,0.471714,-0.018131,4.798058,-0.837312,
feedback,5.345643,1786440033316,7,Ry,5.000000,75.000000,4.717242,-0.282758,,,335.910614,-66.845123,179.611267,89.999916,50.000053,89.999992,435.880981,-66.852547,179.604797,-158.273636,62.019257,-160.611038,1.003118,0.452491,0.873632,0.040972,4.646111,-0.816117,
feedback,5.354193,1786440033325,7,Ry,5.000000,75.000000,4.554721,-0.445279,,,335.910614,-66.845123,179.611267,89.999916,50.000053,89.999992,435.896912,-66.846008,179.616013,-158.299698,61.984898,-160.640457,2.506927,1.013830,1.742651,0.039857,4.485405,-0.791603,
feedback,5.361978,1786440033333,7,Ry,5.000000,75.000000,4.699428,-0.300572,,,335.910614,-66.845123,179.611267,89.999916,50.000053,89.999992,435.913269,-66.840569,179.628510,-158.326111,61.949730,-160.670502,2.254142,0.691315,1.672644,0.028084,4.620015,-0.861515,
feedback,5.370354,1786440033342,7,Ry,5.000000,75.000000,5.027251,0.027251,,,335.910614,-66.845123,179.611267,89.999916,50.000053,89.999992,435.919312,-66.838089,179.634506,-158.352554,61.912556,-160.700409,0.373771,0.097044,0.539561,-0.102920,4.958413,-0.830213,
feedback,5.379066,1786440033351,7,Ry,5.000000,75.000000,5.122152,0.122152,,,335.910614,-66.845123,179.611267,89.999916,50.000053,89.999992,435.918427,-66.837868,179.636002,-158.393005,61.854607,-160.746201,0.309490,0.124932,0.325454,-0.075286,5.050377,-0.855176,
feedback,5.386798,1786440033359,7,Ry,5.000000,75.000000,4.953952,-0.046048,,,335.910614,-66.845123,179.611267,89.999916,50.000053,89.999992,435.923767,-66.837204,179.640533,-158.420013,61.816868,-160.777023,1.126122,0.157513,0.947482,-0.041292,4.873991,-0.886875,
feedback,5.394663,1786440033368,7,Ry,5.000000,75.000000,5.114438,0.114438,,,335.910614,-66.845123,179.611267,89.999916,50.000053,89.999992,435.925018,-66.837120,179.642105,-158.446732,61.777859,-160.807419,0.271669,0.206115,0.285143,-0.098979,5.048139,-0.823455,
feedback,5.402943,1786440033376,7,Ry,5.000000,75.000000,5.069245,0.069245,,,335.910614,-66.845123,179.611267,89.999916,50.000053,89.999992,435.926758,-66.837715,179.644043,-158.473099,61.739761,-160.837662,0.080640,-0.194715,0.206968,-0.094350,4.991717,-0.883154,
feedback,5.411363,1786440033384,7,Ry,5.000000,75.000000,4.778461,-0.221539,,,335.910614,-66.845123,179.611267,89.999916,50.000053,89.999992,435.934296,-66.834503,179.648911,-158.499283,61.703270,-160.867416,1.375760,0.340723,0.925125,-0.008614,4.699745,-0.864464,
feedback,5.419258,1786440033389,7,Ry,5.000000,75.000000,4.940200,-0.059800,,,335.910614,-66.845123,179.611267,89.999916,50.000053,89.999992,435.937225,-66.832954,179.650604,-158.512344,61.684795,-160.882217,0.726481,0.386719,0.426221,-0.050566,4.871395,-0.822429,
feedback,5.428000,1786440033397,7,Ry,5.000000,75.000000,4.823109,-0.176891,,,335.910614,-66.845123,179.611267,89.999916,50.000053,89.999992,435.948944,-66.829041,179.657440,-158.538712,61.649208,-160.912277,1.313437,0.452868,0.789464,0.005865,4.750128,-0.835865,
feedback,5.436022,1786440033405,7,Ry,5.000000,75.000000,4.844735,-0.155265,,,335.910614,-66.845123,179.611267,89.999916,50.000053,89.999992,435.955475,-66.827332,179.659531,-158.565598,61.613266,-160.942917,0.659259,0.111180,0.125744,0.038552,4.764653,-0.878017,
feedback,5.444497,1786440033414,7,Ry,5.000000,75.000000,5.140645,0.140645,,,335.910614,-66.845123,179.611267,89.999916,50.000053,89.999992,435.953247,-66.828499,179.654083,-158.592590,61.575581,-160.973633,-0.673013,-0.342867,-1.047517,-0.026090,5.063159,-0.889188,
feedback,5.451915,1786440033422,7,Ry,5.000000,75.000000,5.141804,0.141804,,,335.910614,-66.845123,179.611267,89.999916,50.000053,89.999992,435.943268,-66.832237,179.641068,-158.633194,61.517269,-161.019836,-0.430266,-0.288436,-0.805598,-0.048491,5.066014,-0.879671,
feedback,5.460116,1786440033431,7,Ry,5.000000,75.000000,5.213923,0.213923,,,335.910614,-66.845123,179.611267,89.999916,50.000053,89.999992,435.936493,-66.834641,179.633362,-158.661438,61.477650,-161.051987,-0.592574,-0.144942,-0.818194,0.114456,5.127179,-0.948126,
feedback,5.468803,1786440033440,7,Ry,5.000000,75.000000,5.371311,0.371311,,,335.910614,-66.845123,179.611267,89.999916,50.000053,89.999992,435.923798,-66.839249,179.623291,-158.690918,61.437222,-161.085571,-1.438427,-0.600756,-1.126623,0.045740,5.283123,-0.970061,
feedback,5.476955,1786440033448,7,Ry,5.000000,75.000000,5.443399,0.443399,,,335.910614,-66.845123,179.611267,89.999916,50.000053,89.999992,435.909058,-66.843475,179.613525,-158.720856,61.396896,-161.119522,-1.896448,-0.512539,-1.198413,0.061622,5.359808,-0.950318,
feedback,5.485225,1786440033456,7,Ry,5.000000,75.000000,5.346159,0.346159,,,335.910614,-66.845123,179.611267,89.999916,50.000053,89.999992,435.892212,-66.849159,179.603455,-158.749527,61.356647,-161.152267,-1.798398,-0.563103,-1.021387,0.013872,5.261055,-0.950374,
feedback,5.493881,1786440033465,7,Ry,5.000000,75.000000,5.131800,0.131800,,,335.910614,-66.845123,179.611267,89.999916,50.000053,89.999992,435.887360,-66.850883,179.601578,-158.778275,61.318466,-161.184952,-0.392590,-0.149303,-0.040842,0.081826,5.045403,-0.938960,
feedback,5.502034,1786440033473,7,Ry,5.000000,75.000000,5.024028,0.024028,,,335.910614,-66.845123,179.611267,89.999916,50.000053,89.999992,435.885040,-66.851845,179.601913,-158.806931,61.281277,-161.217621,-0.340517,-0.136920,0.017973,0.155243,4.933946,-0.950434,
feedback,5.510141,1786440033481,7,Ry,5.000000,75.000000,5.062512,0.062512,,,335.910614,-66.845123,179.611267,89.999916,50.000053,89.999992,435.880493,-66.853714,179.599564,-158.834976,61.244347,-161.249695,-1.011880,-0.474067,-0.642502,0.034082,4.975633,-0.935620,
feedback,5.518552,1786440033490,7,Ry,5.000000,75.000000,5.026397,0.026397,,,335.910614,-66.845123,179.611267,89.999916,50.000053,89.999992,435.879852,-66.854080,179.599609,-158.862885,61.208103,-161.281601,-0.539487,-0.280847,-0.227086,0.065375,4.942698,-0.914433,
feedback,5.526482,1786440033498,7,Ry,5.000000,75.000000,4.915067,-0.084933,,,335.910614,-66.845123,179.611267,89.999916,50.000053,89.999992,435.888916,-66.850998,179.603516,-158.903183,61.153908,-161.327591,0.800805,0.314196,0.314863,0.101878,4.834422,-0.887374,
feedback,5.535975,1786440033507,7,Ry,5.000000,75.000000,4.983176,-0.016824,,,335.910614,-66.845123,179.611267,89.999916,50.000053,89.999992,435.891510,-66.850197,179.603973,-158.931061,61.117126,-161.359467,0.259657,0.186566,-0.089516,0.113582,4.899848,-0.908552,
feedback,5.543978,1786440033515,7,Ry,5.000000,75.000000,5.184211,0.184211,,,335.910614,-66.845123,179.611267,89.999916,50.000053,89.999992,435.886749,-66.851875,179.599747,-158.959122,61.078312,-161.391571,-0.523839,-0.198689,-0.495364,0.078399,5.096993,-0.948198,
feedback,5.551218,1786440033524,7,Ry,5.000000,75.000000,5.062438,0.062438,,,335.910614,-66.845123,179.611267,89.999916,50.000053,89.999992,435.888672,-66.851974,179.600983,-158.987747,61.040676,-161.424500,0.523938,0.065593,0.293507,0.179974,4.962310,-1.010769,
feedback,5.560039,1786440033532,7,Ry,5.000000,75.000000,4.987934,-0.012066,,,335.910614,-66.845123,179.611267,89.999916,50.000053,89.999992,435.894684,-66.849373,179.606644,-159.016922,61.003464,-161.457748,0.873966,0.173205,0.817872,0.218176,4.888236,-1.001812,
feedback,5.567236,1786440033540,7,Ry,5.000000,75.000000,5.198208,0.198208,,,335.910614,-66.845123,179.611267,89.999916,50.000053,89.999992,435.891174,-66.850754,179.606033,-159.045486,60.964581,-161.490479,-0.489557,-0.236677,-0.076914,0.090227,5.107659,-0.968323,
feedback,5.577857,1786440033545,7,Ry,5.000000,75.000000,4.993122,-0.006878,,,335.910614,-66.845123,179.611267,89.999916,50.000053,89.999992,435.892181,-66.850487,179.609299,-159.073273,60.927261,-161.522400,0.293890,-0.017081,0.638566,0.135084,4.898715,-0.972269,
feedback,5.583688,1786440033553,7,Ry,5.000000,75.000000,4.954699,-0.045301,,,335.910614,-66.845123,179.611267,89.999916,50.000053,89.999992,435.895447,-66.849586,179.612457,-159.087143,60.909000,-161.538315,0.815821,0.225341,0.795395,0.151309,4.863309,-0.951782,
feedback,5.592792,1786440033562,7,Ry,5.000000,75.000000,4.708804,-0.291196,,,335.910614,-66.845123,179.611267,89.999916,50.000053,89.999992,435.909729,-66.844177,179.623840,-159.114578,60.873886,-161.569702,2.025152,0.731893,1.658770,0.197432,4.619131,-0.920528,
feedback,5.600115,1786440033570,7,Ry,5.000000,75.000000,4.679159,-0.320841,,,335.910614,-66.845123,179.611267,89.999916,50.000053,89.999992,435.926971,-66.838585,179.636353,-159.140991,60.839863,-161.600021,1.724756,0.553779,1.218866,0.131813,4.594628,-0.888775,
feedback,5.608351,1786440033578,7,Ry,5.000000,75.000000,4.725187,-0.274813,,,335.910614,-66.845123,179.611267,89.999916,50.000053,89.999992,435.941223,-66.833755,179.647141,-159.180115,60.787384,-161.645004,1.138759,0.284600,0.921515,0.179333,4.632728,-0.937780,
feedback,5.617071,1786440033587,7,Ry,5.000000,75.000000,4.855029,-0.144971,,,335.910614,-66.845123,179.611267,89.999916,50.000053,89.999992,435.950012,-66.830826,179.654373,-159.206955,60.751945,-161.675858,0.927095,0.455842,0.829416,0.187698,4.766887,-0.924616,
feedback,5.624502,1786440033595,7,Ry,5.000000,75.000000,4.983172,-0.016828,,,335.910614,-66.845123,179.611267,89.999916,50.000053,89.999992,435.956451,-66.828850,179.658951,-159.233292,60.715240,-161.706192,0.763881,0.378663,0.523056,0.036626,4.905146,-0.878470,
feedback,5.633823,1786440033604,7,Ry,5.000000,75.000000,5.171364,0.171364,,,335.910614,-66.845123,179.611267,89.999916,50.000053,89.999992,435.955231,-66.829346,179.657898,-159.258133,60.676697,-161.734848,-0.551530,-0.185831,-0.381561,-0.140214,5.102536,-0.842807,
feedback,5.641064,1786440033612,7,Ry,5.000000,75.000000,5.440501,0.440501,,,335.910614,-66.845123,179.611267,89.999916,50.000053,89.999992,435.942535,-66.833931,179.648697,-159.282730,60.635746,-161.763260,-1.838786,-0.619553,-1.285747,-0.232938,5.375615,-0.844016,
feedback,5.649875,1786440033620,7,Ry,5.000000,75.000000,5.458555,0.458555,,,335.910614,-66.845123,179.611267,89.999916,50.000053,89.999992,435.928223,-66.838760,179.638596,-159.306931,60.594650,-161.791229,-1.583353,-0.461756,-1.129546,-0.151926,5.388209,-0.876537,
feedback,5.658495,1786440033629,7,Ry,5.000000,75.000000,5.241840,0.241840,,,335.910614,-66.845123,179.611267,89.999916,50.000053,89.999992,435.920837,-66.841156,179.634018,-159.330704,60.554558,-161.818665,-0.557325,-0.187783,-0.322689,-0.093395,5.166782,-0.884308,
feedback,5.665492,1786440033637,7,Ry,5.000000,75.000000,5.078769,0.078769,,,335.910614,-66.845123,179.611267,89.999916,50.000053,89.999992,435.918060,-66.843079,179.632309,-159.354095,60.515339,-161.845871,0.221201,-0.096285,0.248305,-0.131278,5.004666,-0.864649,
feedback,5.673784,1786440033645,7,Ry,5.000000,75.000000,5.239030,0.239030,,,335.910614,-66.845123,179.611267,89.999916,50.000053,89.999992,435.912109,-66.845306,179.628006,-159.376282,60.475887,-161.871582,-0.756214,-0.381229,-0.617803,-0.344078,5.184384,-0.768345,
feedback,5.682894,1786440033654,7,Ry,5.000000,75.000000,5.109672,0.109672,,,335.910614,-66.845123,179.611267,89.999916,50.000053,89.999992,435.902191,-66.848846,179.620407,-159.397324,60.436596,-161.895996,-1.234250,-0.492750,-0.947286,-0.282577,5.052382,-0.772011,
feedback,5.690218,1786440033662,7,Ry,5.000000,75.000000,4.943130,-0.056870,,,335.910614,-66.845123,179.611267,89.999916,50.000053,89.999992,435.898346,-66.850182,179.615784,-159.418915,60.398338,-161.920975,0.009696,-0.029248,-0.117669,-0.201474,4.883513,-0.770619,
feedback,5.698259,1786440033671,7,Ry,5.000000,75.000000,5.199380,0.199380,,,335.910614,-66.845123,179.611267,89.999916,50.000053,89.999992,435.901398,-66.849861,179.612793,-159.452484,60.341942,-161.960037,-0.813374,-0.350941,-0.864410,-0.199478,5.132369,-0.834968,
feedback,5.706275,1786440033679,7,Ry,5.000000,75.000000,5.112126,0.112126,,,335.910614,-66.845123,179.611267,89.999916,50.000053,89.999992,435.897980,-66.851631,179.607925,-159.474564,60.303276,-161.985748,-0.638072,-0.346578,-0.737354,-0.211351,5.047749,-0.812402,
feedback,5.714412,1786440033687,7,Ry,5.000000,75.000000,5.208249,0.208249,,,335.910614,-66.845123,179.611267,89.999916,50.000053,89.999992,435.889709,-66.854851,179.600433,-159.497406,60.263405,-162.012299,-0.843586,-0.415815,-0.533432,-0.178213,5.138970,-0.848600,
feedback,5.722614,1786440033696,7,Ry,5.000000,75.000000,5.387637,0.387637,,,335.910614,-66.845123,179.611267,89.999916,50.000053,89.999992,435.886200,-66.855507,179.596344,-159.520660,60.223682,-162.039200,-0.993865,-0.488633,-0.521934,-0.213194,5.317057,-0.871679,
feedback,5.730817,1786440033704,7,Ry,5.000000,75.000000,5.292144,0.292144,,,335.910614,-66.845123,179.611267,89.999916,50.000053,89.999992,435.885742,-66.854240,179.594818,-159.544495,60.184303,-162.066467,-0.805146,-0.088606,-0.777195,-0.151982,5.228446,-0.824310,
feedback,5.740003,1786440033708,7,Ry,5.000000,75.000000,5.233026,0.233026,,,335.910614,-66.845123,179.611267,89.999916,50.000053,89.999992,435.884338,-66.854408,179.593231,-159.556122,60.164433,-162.079788,-0.347383,-0.043773,-0.390709,-0.153648,5.171050,-0.809375,
feedback,5.747219,1786440033717,7,Ry,5.000000,75.000000,5.167637,0.167637,,,335.910614,-66.845123,179.611267,89.999916,50.000053,89.999992,435.878784,-66.855659,179.589020,-159.579697,60.124634,-162.106888,-0.029910,0.046166,-0.114877,-0.093699,5.097981,-0.847173,
feedback,5.755431,1786440033725,7,Ry,5.000000,75.000000,5.079182,0.079182,,,335.910614,-66.845123,179.611267,89.999916,50.000053,89.999992,435.881317,-66.855347,179.590042,-159.603409,60.086193,-162.134369,0.549488,0.214024,0.204087,-0.078458,5.009489,-0.839642,
feedback,5.763539,1786440033734,7,Ry,5.000000,75.000000,4.858781,-0.141219,,,335.910614,-66.845123,179.611267,89.999916,50.000053,89.999992,435.893402,-66.851448,179.596024,-159.626846,60.049522,-162.161621,1.574836,0.591985,0.697414,-0.020309,4.785333,-0.841633,
feedback,5.771718,1786440033742,7,Ry,5.000000,75.000000,4.968869,-0.031131,,,335.910614,-66.845123,179.611267,89.999916,50.000053,89.999992,435.899994,-66.848640,179.597214,-159.649551,60.012386,-162.187881,0.529190,0.167963,-0.073005,-0.097659,4.898071,-0.836244,
feedback,5.779891,1786440033750,7,Ry,5.000000,75.000000,4.662593,-0.337407,,,335.910614,-66.845123,179.611267,89.999916,50.000053,89.999992,435.918488,-66.842270,179.606827,-159.683701,59.958958,-162.227509,2.092556,0.689503,1.072547,0.043480,4.584826,-0.848929,
feedback,5.788250,1786440033759,7,Ry,5.000000,75.000000,4.641631,-0.358369,,,335.910614,-66.845123,179.611267,89.999916,50.000053,89.999992,435.939026,-66.836540,179.620834,-159.706650,59.924305,-162.254364,2.735287,0.663464,1.890965,0.051206,4.555844,-0.892532,
feedback,5.796547,1786440033767,7,Ry,5.000000,75.000000,4.814194,-0.185806,,,335.910614,-66.845123,179.611267,89.999916,50.000053,89.999992,435.951752,-66.832481,179.631302,-159.729446,59.888458,-162.280853,1.313176,0.592557,1.153808,-0.024486,4.746240,-0.806604,
feedback,5.804279,1786440033776,7,Ry,5.000000,75.000000,5.060999,0.060999,,,335.910614,-66.845123,179.611267,89.999916,50.000053,89.999992,435.952026,-66.832489,179.634689,-159.751160,59.850010,-162.306183,-0.061740,-0.130235,0.489462,-0.124780,4.987791,-0.857968,
feedback,5.812799,1786440033784,7,Ry,5.000000,75.000000,5.140414,0.140414,,,335.910614,-66.845123,179.611267,89.999916,50.000053,89.999992,435.950226,-66.833733,179.637024,-159.774124,59.811245,-162.332993,-0.232002,-0.242311,0.274557,-0.066739,5.060468,-0.903102,
feedback,5.820917,1786440033792,7,Ry,5.000000,75.000000,5.104994,0.104994,,,335.910614,-66.845123,179.611267,89.999916,50.000053,89.999992,435.949432,-66.834343,179.639984,-159.797745,59.772625,-162.360535,0.094685,0.082954,0.508969,-0.034453,5.029918,-0.872418,
feedback,5.829344,1786440033801,7,Ry,5.000000,75.000000,5.205909,0.205909,,,335.910614,-66.845123,179.611267,89.999916,50.000053,89.999992,435.947083,-66.837364,179.641220,-159.821777,59.733692,-162.388824,-0.389727,-0.278420,-0.025531,-0.001672,5.121022,-0.936836,
feedback,5.837564,1786440033809,7,Ry,5.000000,75.000000,5.205861,0.205861,,,335.910614,-66.845123,179.611267,89.999916,50.000053,89.999992,435.939117,-66.841515,179.637009,-159.848038,59.694519,-162.419571,-0.559080,-0.357648,-0.285129,0.144894,5.105349,-1.025359,
feedback,5.846474,1786440033817,7,Ry,5.000000,75.000000,5.109895,0.109895,,,335.910614,-66.845123,179.611267,89.999916,50.000053,89.999992,435.930054,-66.845146,179.630600,-159.874603,59.656105,-162.450546,-1.014111,-0.466543,-0.723597,0.171664,5.010895,-1.008389,
feedback,5.853573,1786440033826,7,Ry,5.000000,75.000000,4.776919,-0.223081,,,335.910614,-66.845123,179.611267,89.999916,50.000053,89.999992,435.929535,-66.844589,179.630051,-159.900711,59.619202,-162.480896,0.757203,0.311305,0.536648,0.260820,4.676620,-0.986585,
feedback,5.862759,1786440033834,7,Ry,5.000000,75.000000,4.907430,-0.092570,,,335.910614,-66.845123,179.611267,89.999916,50.000053,89.999992,435.931946,-66.843193,179.630569,-159.939514,59.563957,-162.525574,0.327471,0.449826,0.017649,0.229690,4.826688,-0.887189,
feedback,5.870186,1786440033843,7,Ry,5.000000,75.000000,5.004837,0.004837,,,335.910614,-66.845123,179.611267,89.999916,50.000053,89.999992,435.930725,-66.842377,179.628052,-159.966476,59.527454,-162.556137,-0.430766,0.030285,-0.428569,0.236397,4.922618,-0.904084,
feedback,5.878472,1786440033851,7,Ry,5.000000,75.000000,5.424649,0.424649,,,335.910614,-66.845123,179.611267,89.999916,50.000053,89.999992,435.916077,-66.844330,179.615509,-159.993179,59.488068,-162.585754,-2.343949,-0.491307,-1.840619,0.066536,5.362433,-0.827468,
feedback,5.886507,1786440033860,7,Ry,5.000000,75.000000,5.274393,0.274393,,,335.910614,-66.845123,179.611267,89.999916,50.000053,89.999992,435.907379,-66.843964,179.605057,-160.018402,59.448509,-162.613907,-0.745853,0.105341,-1.256670,0.016888,5.209770,-0.827971,
feedback,5.895350,1786440033868,7,Ry,5.000000,75.000000,5.355057,0.355057,,,335.910614,-66.845123,179.611267,89.999916,50.000053,89.999992,435.899658,-66.848061,179.596115,-160.040802,59.408016,-162.640121,-1.064415,-0.488567,-1.276644,-0.149352,5.282350,-0.880872,
feedback,5.903272,1786440033872,7,Ry,5.000000,75.000000,5.480600,0.480600,,,335.910614,-66.845123,179.611267,89.999916,50.000053,89.999992,435.893066,-66.850670,179.588699,-160.052689,59.387283,-162.654114,-1.648912,-0.652910,-1.849315,-0.101492,5.399166,-0.941333,
feedback,5.911511,1786440033881,7,Ry,5.000000,75.000000,5.420475,0.420475,,,335.910614,-66.845123,179.611267,89.999916,50.000053,89.999992,435.879700,-66.855690,179.577225,-160.077301,59.346416,-162.682999,-1.699718,-0.593113,-1.308492,-0.007794,5.331714,-0.977602,
feedback,5.919289,1786440033889,7,Ry,5.000000,75.000000,5.248832,0.248832,,,335.910614,-66.845123,179.611267,89.999916,50.000053,89.999992,435.870667,-66.858231,179.571640,-160.101913,59.306469,-162.711777,-0.782619,-0.289379,-0.223147,0.027394,5.160955,-0.957563,
feedback,5.927348,1786440033897,7,Ry,5.000000,75.000000,5.074283,0.074283,,,335.910614,-66.845123,179.611267,89.999916,50.000053,89.999992,435.870605,-66.858803,179.572769,-160.127075,59.268215,-162.741241,0.196190,-0.135674,0.438260,0.145413,4.974437,-1.010130,
feedback,5.935310,1786440033906,7,Ry,5.000000,75.000000,5.080532,0.080532,,,335.910614,-66.845123,179.611267,89.999916,50.000053,89.999992,435.868439,-66.860748,179.573990,-160.152573,59.230526,-162.771271,-0.403628,-0.382063,0.113112,0.153840,4.976727,-1.033122,
feedback,5.945136,1786440033914,7,Ry,5.000000,75.000000,4.931054,-0.068946,,,335.910614,-66.845123,179.611267,89.999916,50.000053,89.999992,435.866943,-66.862297,179.575470,-160.177902,59.193535,-162.801056,0.093371,-0.049037,0.300237,0.177742,4.833746,-0.983195,
feedback,5.951970,1786440033922,7,Ry,5.000000,75.000000,4.593217,-0.406783,,,335.910614,-66.845123,179.611267,89.999916,50.000053,89.999992,435.885437,-66.858925,179.589630,-160.215637,59.141830,-162.845566,2.195065,0.742313,1.489826,0.337157,4.493035,-0.969860,
feedback,5.960652,1786440033931,7,Ry,5.000000,75.000000,4.658833,-0.341167,,,335.910614,-66.845123,179.611267,89.999916,50.000053,89.999992,435.903656,-66.855843,179.603653,-160.239807,59.107807,-162.874420,1.966441,0.366488,1.401588,0.242494,4.551809,-1.014454,
feedback,5.968821,1786440033939,7,Ry,5.000000,75.000000,4.926023,-0.073977,,,335.910614,-66.845123,179.611267,89.999916,50.000053,89.999992,435.909485,-66.854012,179.608505,-160.263657,59.071537,-162.902267,0.470183,0.050456,0.360122,0.085580,4.837095,-0.935278,
feedback,5.977305,1786440033948,7,Ry,5.000000,75.000000,4.931828,-0.068172,,,335.910614,-66.845123,179.611267,89.999916,50.000053,89.999992,435.916962,-66.849487,179.614182,-160.287399,59.034817,-162.929626,1.060812,0.568786,0.718644,0.113867,4.848139,-0.906038,
feedback,5.984794,1786440033956,7,Ry,5.000000,75.000000,4.835807,-0.164193,,,335.910614,-66.845123,179.611267,89.999916,50.000053,89.999992,435.927460,-66.845711,179.621628,-160.310547,58.998100,-162.956604,1.606515,0.615756,1.242893,0.129387,4.753061,-0.892275,
feedback,5.993638,1786440033964,7,Ry,5.000000,75.000000,5.082288,0.082288,,,335.910614,-66.845123,179.611267,89.999916,50.000053,89.999992,435.934265,-66.842857,179.628571,-160.333038,58.959793,-162.982666,0.423137,0.229125,0.663425,-0.003234,5.012350,-0.841261,
feedback,6.001485,1786440033973,7,Ry,5.000000,75.000000,5.206951,0.206951,,,335.910614,-66.845123,179.611267,89.999916,50.000053,89.999992,435.933105,-66.842667,179.629761,-160.357376,58.920921,-163.010773,-0.409007,0.097570,0.121082,0.077814,5.129979,-0.892010,
feedback,6.009638,1786440033981,7,Ry,5.000000,75.000000,5.162461,0.162461,,,335.910614,-66.845123,179.611267,89.999916,50.000053,89.999992,435.928955,-66.844719,179.629440,-160.380890,58.881859,-163.038223,-0.375935,-0.277318,0.066377,-0.032210,5.084386,-0.894467,
feedback,6.017926,1786440033990,7,Ry,5.000000,75.000000,5.041318,0.041318,,,335.910614,-66.845123,179.611267,89.999916,50.000053,89.999992,435.928040,-66.844978,179.630310,-160.403656,58.843388,-163.064728,0.255945,0.205353,0.247181,0.045885,4.964693,-0.875579,
feedback,6.025784,1786440033998,7,Ry,5.000000,75.000000,5.093152,0.093152,,,335.910614,-66.845123,179.611267,89.999916,50.000053,89.999992,435.931732,-66.844711,179.632904,-160.424652,58.805275,-163.089401,0.496307,-0.055384,0.344083,-0.173606,5.027305,-0.819130,
feedback,6.033949,1786440034006,7,Ry,5.000000,75.000000,4.762588,-0.237412,,,335.910614,-66.845123,179.611267,89.999916,50.000053,89.999992,435.939789,-66.842255,179.636185,-160.456299,58.750450,-163.126343,0.790480,0.147893,0.276485,-0.123015,4.698256,-0.781586,
feedback,6.041993,1786440034015,7,Ry,5.000000,75.000000,4.900633,-0.099367,,,335.910614,-66.845123,179.611267,89.999916,50.000053,89.999992,435.935181,-66.842842,179.632385,-160.476273,58.712254,-163.149536,-0.202694,0.073131,-0.311292,-0.130792,4.844658,-0.746235,
feedback,6.050311,1786440034019,7,Ry,5.000000,75.000000,4.896785,-0.103215,,,335.910614,-66.845123,179.611267,89.999916,50.000053,89.999992,435.937592,-66.841324,179.632568,-160.496689,58.675137,-163.173203,0.418005,0.205185,0.104341,-0.101805,4.836801,-0.768628,
feedback,6.058881,1786440034027,7,Ry,5.000000,75.000000,4.947722,-0.052278,,,335.910614,-66.845123,179.611267,89.999916,50.000053,89.999992,435.938232,-66.841110,179.633453,-160.506058,58.656162,-163.184174,0.161344,0.052207,0.225647,-0.207224,4.893066,-0.742922,
feedback,6.066454,1786440034036,7,Ry,5.000000,75.000000,5.154438,0.154438,,,335.910614,-66.845123,179.611267,89.999916,50.000053,89.999992,435.934143,-66.844582,179.631149,-160.525192,58.617092,-163.206940,-0.794761,-0.411583,-0.542232,-0.198029,5.097382,-0.774624,
feedback,6.075144,1786440034044,7,Ry,5.000000,75.000000,5.369772,0.369772,,,335.910614,-66.845123,179.611267,89.999916,50.000053,89.999992,435.922089,-66.850212,179.624863,-160.545303,58.576809,-163.230667,-1.786770,-0.690757,-0.932954,-0.232193,5.311442,-0.800704,
feedback,6.082804,1786440034053,7,Ry,5.000000,75.000000,5.480867,0.480867,,,335.910614,-66.845123,179.611267,89.999916,50.000053,89.999992,435.902893,-66.857018,179.613953,-160.565002,58.534683,-163.253860,-2.298416,-0.847441,-1.236565,-0.316498,5.423888,-0.802800,
feedback,6.091614,1786440034061,7,Ry,5.000000,75.000000,5.278605,0.278605,,,335.910614,-66.845123,179.611267,89.999916,50.000053,89.999992,435.894165,-66.860779,179.610214,-160.585083,58.494064,-163.277588,-0.549707,-0.291317,0.031039,-0.189031,5.214185,-0.827250,
feedback,6.099193,1786440034070,7,Ry,5.000000,75.000000,5.282427,0.282427,,,335.910614,-66.845123,179.611267,89.999916,50.000053,89.999992,435.884308,-66.864716,179.604492,-160.605179,58.453152,-163.301376,-0.806834,-0.323138,-0.413110,-0.198613,5.218222,-0.826363,
feedback,6.107122,1786440034078,7,Ry,5.000000,75.000000,5.234823,0.234823,,,335.910614,-66.845123,179.611267,89.999916,50.000053,89.999992,435.874146,-66.867157,179.597748,-160.626266,58.412937,-163.325943,-1.014306,-0.111178,-0.677157,-0.085922,5.171692,-0.816088,
feedback,6.115375,1786440034087,7,Ry,5.000000,75.000000,4.972170,-0.027830,,,335.910614,-66.845123,179.611267,89.999916,50.000053,89.999992,435.869537,-66.866051,179.592789,-160.657196,58.354351,-163.361694,0.502741,0.399413,0.063570,-0.008777,4.905862,-0.811101,
feedback,6.123473,1786440034096,7,Ry,5.000000,75.000000,4.870563,-0.129437,,,335.910614,-66.845123,179.611267,89.999916,50.000053,89.999992,435.877258,-66.864700,179.596420,-160.677979,58.317753,-163.386276,0.990145,0.039120,0.340187,-0.005581,4.786390,-0.903446,
feedback,6.132362,1786440034104,7,Ry,5.000000,75.000000,4.917210,-0.082790,,,335.910614,-66.845123,179.611267,89.999916,50.000053,89.999992,435.880951,-66.864838,179.596329,-160.698746,58.280712,-163.410843,0.252469,-0.169921,-0.076837,-0.043157,4.840061,-0.867724,
feedback,6.140253,1786440034112,7,Ry,5.000000,75.000000,5.018250,0.018250,,,335.910614,-66.845123,179.611267,89.999916,50.000053,89.999992,435.882294,-66.864120,179.594193,-160.719467,58.243149,-163.435074,0.097199,0.010057,-0.430775,-0.034188,4.948636,-0.833875,
feedback,6.148307,1786440034121,7,Ry,5.000000,75.000000,4.847837,-0.152163,,,335.910614,-66.845123,179.611267,89.999916,50.000053,89.999992,435.890808,-66.860359,179.597778,-160.740402,58.206203,-163.459351,1.433943,0.564104,0.713359,0.003497,4.778179,-0.819202,
feedback,6.156310,1786440034129,7,Ry,5.000000,75.000000,4.909105,-0.090895,,,335.910614,-66.845123,179.611267,89.999916,50.000053,89.999992,435.903442,-66.855339,179.606064,-160.761078,58.169159,-163.483307,1.593117,0.696084,1.094519,-0.012604,4.848384,-0.773917,
feedback,6.164462,1786440034137,7,Ry,5.000000,75.000000,5.091904,0.091904,,,335.910614,-66.845123,179.611267,89.999916,50.000053,89.999992,435.907562,-66.851837,179.607452,-160.782135,58.130447,-163.507507,0.374383,0.501196,0.237036,-0.036531,5.037488,-0.754195,
feedback,6.172726,1786440034146,7,Ry,5.000000,75.000000,5.132737,0.132737,,,335.910614,-66.845123,179.611267,89.999916,50.000053,89.999992,435.907013,-66.849716,179.607620,-160.802322,58.090836,-163.530884,-0.034609,0.196361,0.205997,-0.147364,5.074312,-0.780468,
feedback,6.182824,1786440034154,7,Ry,5.000000,75.000000,5.100018,0.100018,,,335.910614,-66.845123,179.611267,89.999916,50.000053,89.999992,435.910767,-66.848824,179.611816,-160.821564,58.051960,-163.553711,0.191054,-0.019824,0.518592,-0.183083,5.037020,-0.803506,
feedback,6.189583,1786440034158,7,Ry,5.000000,75.000000,5.009753,0.009753,,,335.910614,-66.845123,179.611267,89.999916,50.000053,89.999992,435.919861,-66.848045,179.621063,-160.841309,58.014076,-163.577530,0.876904,-0.059012,1.046361,-0.089112,4.931421,-0.882500,
feedback,6.198143,1786440034167,7,Ry,5.000000,75.000000,5.015194,0.015194,,,335.910614,-66.845123,179.611267,89.999916,50.000053,89.999992,435.922699,-66.849380,179.626236,-160.861954,57.975910,-163.602020,0.335904,-0.123367,0.617408,-0.000368,4.940532,-0.862213,
feedback,6.205529,1786440034175,7,Ry,5.000000,75.000000,4.888870,-0.111130,,,335.910614,-66.845123,179.611267,89.999916,50.000053,89.999992,435.926239,-66.848793,179.630432,-160.883224,57.938709,-163.627045,0.584146,0.361672,0.583152,0.114340,4.812407,-0.861380,
feedback,6.214012,1786440034184,7,Ry,5.000000,75.000000,4.812931,-0.187069,,,335.910614,-66.845123,179.611267,89.999916,50.000053,89.999992,435.932159,-66.846626,179.635284,-160.907104,57.902851,-163.655029,1.008458,0.410461,0.780984,0.268990,4.717837,-0.960320,
feedback,6.222217,1786440034192,7,Ry,5.000000,75.000000,4.694162,-0.305838,,,335.910614,-66.845123,179.611267,89.999916,50.000053,89.999992,435.945404,-66.841789,179.645447,-160.931061,57.868332,-163.683243,1.693139,0.584496,1.099172,0.283330,4.592290,-0.988331,
feedback,6.231264,1786440034200,7,Ry,5.000000,75.000000,4.758466,-0.241534,,,335.910614,-66.845123,179.611267,89.999916,50.000053,89.999992,435.954224,-66.838150,179.652466,-160.954285,57.833359,-163.710587,0.925420,0.348420,0.788935,0.211253,4.663878,-0.952678,
feedback,6.239049,1786440034209,7,Ry,5.000000,75.000000,5.021389,0.021389,,,335.910614,-66.845123,179.611267,89.999916,50.000053,89.999992,435.952576,-66.837036,179.651978,-160.976959,57.796162,-163.737045,-0.530586,0.085764,-0.320002,0.143113,4.940618,-0.897366,
feedback,6.247539,1786440034218,7,Ry,5.000000,75.000000,5.175619,0.175619,,,335.910614,-66.845123,179.611267,89.999916,50.000053,89.999992,435.944611,-66.837593,179.647141,-160.999741,57.757347,-163.763535,-0.782963,0.045282,-0.495024,0.085245,5.100256,-0.880212,
feedback,6.255305,1786440034226,7,Ry,5.000000,75.000000,5.117088,0.117088,,,335.910614,-66.845123,179.611267,89.999916,50.000053,89.999992,435.938660,-66.839035,179.643799,-161.022385,57.718319,-163.790176,-0.322269,-0.114075,-0.111021,0.096031,5.031476,-0.933201,
feedback,6.262841,1786440034234,7,Ry,5.000000,75.000000,5.547401,0.547401,,,335.910614,-66.845123,179.611267,89.999916,50.000053,89.999992,435.927063,-66.849670,179.629959,-161.054642,57.656624,-163.829056,-2.253069,-1.265570,-1.461349,-0.126968,5.457983,-0.992458,
feedback,6.271031,1786440034243,7,Ry,5.000000,75.000000,5.632924,0.632924,,,335.910614,-66.845123,179.611267,89.999916,50.000053,89.999992,435.898224,-66.858727,179.616333,-161.074051,57.614346,-163.852631,-3.216208,-1.324613,-2.242405,-0.300675,5.568447,-0.858574,
feedback,6.279069,1786440034251,7,Ry,5.000000,75.000000,5.446620,0.446620,,,335.910614,-66.845123,179.611267,89.999916,50.000053,89.999992,435.886505,-66.862450,179.608002,-161.095795,57.573910,-163.878281,-1.845356,-0.725223,-1.156574,-0.023445,5.363436,-0.948276,
feedback,6.287270,1786440034259,7,Ry,5.000000,75.000000,5.203759,0.203759,,,335.910614,-66.845123,179.611267,89.999916,50.000053,89.999992,435.882172,-66.863289,179.604645,-161.117661,57.534916,-163.904190,-0.876063,-0.129337,-0.677483,0.036984,5.126127,-0.895544,
feedback,6.297146,1786440034268,7,Ry,5.000000,75.000000,5.042067,0.042067,,,335.910614,-66.845123,179.611267,89.999916,50.000053,89.999992,435.879547,-66.863602,179.603287,-161.140808,57.497341,-163.931549,-0.713865,-0.069625,-0.401649,0.178166,4.951036,-0.957324,
feedback,6.303512,1786440034276,7,Ry,5.000000,75.000000,5.049258,0.049258,,,335.910614,-66.845123,179.611267,89.999916,50.000053,89.999992,435.874939,-66.863518,179.602905,-161.164215,57.460190,-163.959000,-0.951197,-0.060630,-0.391683,0.201347,4.960934,-0.942602,
feedback,6.311585,1786440034285,7,Ry,5.000000,75.000000,4.788412,-0.211588,,,335.910614,-66.845123,179.611267,89.999916,50.000053,89.999992,435.876984,-66.861732,179.606522,-161.187866,57.424400,-163.986755,0.509715,0.264924,0.648873,0.285746,4.689750,-0.978384,
feedback,6.320380,1786440034293,7,Ry,5.000000,75.000000,4.820012,-0.179988,,,335.910614,-66.845123,179.611267,89.999916,50.000053,89.999992,435.885742,-66.860886,179.613800,-161.210098,57.389088,-164.013580,0.962790,-0.035393,0.730035,0.163475,4.716528,-1.008549,
feedback,6.328577,1786440034301,7,Ry,5.000000,75.000000,5.019213,0.019213,,,335.910614,-66.845123,179.611267,89.999916,50.000053,89.999992,435.887878,-66.861359,179.615829,-161.232147,57.351963,-164.039810,-0.073834,-0.134624,-0.002393,0.103664,4.931391,-0.937158,
feedback,6.336517,1786440034305,7,Ry,5.000000,75.000000,5.086093,0.086093,,,335.910614,-66.845123,179.611267,89.999916,50.000053,89.999992,435.887299,-66.862213,179.615494,-161.242752,57.332821,-164.052612,-0.144952,-0.214810,-0.079763,0.060268,4.993906,-0.967797,
feedback,6.345030,1786440034314,7,Ry,5.000000,75.000000,5.158176,0.158176,,,335.910614,-66.845123,179.611267,89.999916,50.000053,89.999992,435.884644,-66.860619,179.613556,-161.264603,57.293785,-164.077774,-0.071196,0.375191,-0.181366,0.104661,5.091166,-0.831217,
feedback,6.353164,1786440034322,7,Ry,5.000000,75.000000,5.084403,0.084403,,,335.910614,-66.845123,179.611267,89.999916,50.000053,89.999992,435.891907,-66.854782,179.619751,-161.297272,57.236370,-164.115402,0.547771,0.550760,0.442831,0.094033,5.021484,-0.801549,
feedback,6.361545,1786440034331,7,Ry,5.000000,75.000000,5.021191,0.021191,,,335.910614,-66.845123,179.611267,89.999916,50.000053,89.999992,435.898254,-66.850594,179.626114,-161.318314,57.198380,-164.139832,0.546434,0.454779,0.654130,0.085662,4.948342,-0.852379,
feedback,6.369227,1786440034339,7,Ry,5.000000,75.000000,5.084627,0.084627,,,335.910614,-66.845123,179.611267,89.999916,50.000053,89.999992,435.895813,-66.849403,179.626892,-161.339859,57.159092,-164.165070,0.262288,0.270488,0.340889,0.113384,5.001646,-0.915419,
feedback,6.377924,1786440034348,7,Ry,5.000000,75.000000,5.076646,0.076646,,,335.910614,-66.845123,179.611267,89.999916,50.000053,89.999992,435.899292,-66.846558,179.629471,-161.362381,57.121140,-164.191193,0.595466,0.367009,0.231165,0.144604,4.995118,-0.906463,
feedback,6.385419,1786440034356,7,Ry,5.000000,75.000000,4.739926,-0.260074,,,335.910614,-66.845123,179.611267,89.999916,50.000053,89.999992,435.912354,-66.842239,179.638428,-161.383469,57.084946,-164.215714,2.038410,0.798809,1.137761,0.137881,4.674275,-0.786899,
feedback,6.393859,1786440034364,7,Ry,5.000000,75.000000,4.751768,-0.248232,,,335.910614,-66.845123,179.611267,89.999916,50.000053,89.999992,435.923218,-66.837311,179.645233,-161.404083,57.048733,-164.239395,1.343554,0.635401,0.770838,0.072969,4.687196,-0.781844,
feedback,6.402168,1786440034373,7,Ry,5.000000,75.000000,4.758355,-0.241645,,,335.910614,-66.845123,179.611267,89.999916,50.000053,89.999992,435.933563,-66.830315,179.649841,-161.424591,57.012653,-164.262802,1.398840,1.040051,0.599430,0.100123,4.703098,-0.729513,
feedback,6.410103,1786440034381,7,Ry,5.000000,75.000000,4.766910,-0.233090,,,335.910614,-66.845123,179.611267,89.999916,50.000053,89.999992,435.947021,-66.822540,179.656387,-161.443604,56.976929,-164.284714,1.408860,0.920527,0.628039,0.006732,4.709560,-0.742184,
feedback,6.418201,1786440034390,7,Ry,5.000000,75.000000,4.845471,-0.154529,,,335.910614,-66.845123,179.611267,89.999916,50.000053,89.999992,435.957428,-66.817581,179.661697,-161.462982,56.940220,-164.307358,1.303845,0.676673,0.700148,0.043431,4.780903,-0.790023,
feedback,6.426533,1786440034398,7,Ry,5.000000,75.000000,5.122814,0.122814,,,335.910614,-66.845123,179.611267,89.999916,50.000053,89.999992,435.957703,-66.815605,179.661133,-161.481506,56.901421,-164.328857,-0.288840,0.136333,-0.305495,-0.096394,5.068752,-0.754654,
feedback,6.434740,1786440034406,7,Ry,5.000000,75.000000,5.371949,0.371949,,,335.910614,-66.845123,179.611267,89.999916,50.000053,89.999992,435.943939,-66.819061,179.649048,-161.507919,56.840012,-164.360077,-1.524721,-0.389860,-1.201574,-0.276257,5.324536,-0.738722,
feedback,6.442963,1786440034415,7,Ry,5.000000,75.000000,5.357532,0.357532,,,335.910614,-66.845123,179.611267,89.999916,50.000053,89.999992,435.934265,-66.823540,179.640686,-161.524261,56.798306,-164.379837,-0.981476,-0.588247,-1.068524,-0.338471,5.302639,-0.779923,
feedback,6.451774,1786440034423,7,Ry,5.000000,75.000000,5.349670,0.349670,,,335.910614,-66.845123,179.611267,89.999916,50.000053,89.999992,435.926697,-66.826996,179.633926,-161.541183,56.756950,-164.400116,-1.119914,-0.446812,-0.848413,-0.269691,5.295240,-0.776608,
feedback,6.459335,1786440034431,7,Ry,5.000000,75.000000,5.363010,0.363010,,,335.910614,-66.845123,179.611267,89.999916,50.000053,89.999992,435.914825,-66.831863,179.621490,-161.558395,56.715134,-164.420868,-1.451557,-0.513767,-1.418379,-0.255554,5.309332,-0.773518,
feedback,6.467559,1786440034440,7,Ry,5.000000,75.000000,5.401940,0.401940,,,335.910614,-66.845123,179.611267,89.999916,50.000053,89.999992,435.902435,-66.835968,179.609406,-161.575974,56.673878,-164.441971,-1.868202,-0.588664,-1.697734,-0.252283,5.343055,-0.806457,
feedback,6.475871,1786440034448,7,Ry,5.000000,75.000000,5.106097,0.106097,,,335.910614,-66.845123,179.611267,89.999916,50.000053,89.999992,435.893555,-66.837425,179.597717,-161.593735,56.633560,-164.463272,-0.381776,0.003014,-0.876845,-0.174003,5.040843,-0.816724,
feedback,6.484735,1786440034457,7,Ry,5.000000,75.000000,5.030949,0.030949,,,335.910614,-66.845123,179.611267,89.999916,50.000053,89.999992,435.896698,-66.835320,179.593262,-161.611588,56.595352,-164.484558,0.411949,0.243874,-0.798976,-0.109644,4.968333,-0.795220,
feedback,6.492011,1786440034461,7,Ry,5.000000,75.000000,5.022766,0.022766,,,335.910614,-66.845123,179.611267,89.999916,50.000053,89.999992,435.897217,-66.836411,179.586594,-161.629028,56.556950,-164.505783,0.000187,-0.114823,-0.982612,-0.109326,4.953980,-0.829488,
feedback,6.500362,1786440034469,7,Ry,5.000000,75.000000,4.986414,-0.013586,,,335.910614,-66.845123,179.611267,89.999916,50.000053,89.999992,435.896271,-66.837036,179.582962,-161.637955,56.537891,-164.516464,-0.243859,-0.157533,-0.905649,-0.087642,4.920407,-0.810563,
feedback,6.508586,1786440034478,7,Ry,5.000000,75.000000,5.105703,0.105703,,,335.910614,-66.845123,179.611267,89.999916,50.000053,89.999992,435.891083,-66.839226,179.576035,-161.656021,56.499081,-164.538223,-0.816230,-0.272839,-0.788436,-0.109977,5.040217,-0.818036,
feedback,6.516481,1786440034486,7,Ry,5.000000,75.000000,4.985281,-0.014719,,,335.910614,-66.845123,179.611267,89.999916,50.000053,89.999992,435.891785,-66.839119,179.575943,-161.674774,56.461029,-164.560638,0.349817,-0.091336,0.326096,-0.052257,4.906498,-0.882915,
feedback,6.524664,1786440034495,7,Ry,5.000000,75.000000,5.285955,0.285955,,,335.910614,-66.845123,179.611267,89.999916,50.000053,89.999992,435.892212,-66.840172,179.578644,-161.702362,56.402924,-164.594070,-0.884043,-0.411713,-0.251006,-0.148350,5.214712,-0.866425,
feedback,6.533263,1786440034503,7,Ry,5.000000,75.000000,5.363701,0.363701,,,335.910614,-66.845123,179.611267,89.999916,50.000053,89.999992,435.882690,-66.843445,179.575974,-161.720139,56.362190,-164.615707,-1.511574,-0.512994,-0.507054,-0.191907,5.294281,-0.862868,
feedback,6.541247,1786440034511,7,Ry,5.000000,75.000000,5.173158,0.173158,,,335.910614,-66.845123,179.611267,89.999916,50.000053,89.999992,435.879791,-66.844955,179.577942,-161.738205,56.322697,-164.637878,-0.390655,-0.302299,0.178110,-0.114623,5.092622,-0.909245,
feedback,6.549207,1786440034520,7,Ry,5.000000,75.000000,5.077453,0.077453,,,335.910614,-66.845123,179.611267,89.999916,50.000053,89.999992,435.885468,-66.843941,179.585403,-161.756790,56.284336,-164.660339,0.444304,0.140196,0.643707,-0.005501,5.003064,-0.866111,
feedback,6.557963,1786440034528,7,Ry,5.000000,75.000000,5.021531,0.021531,,,335.910614,-66.845123,179.611267,89.999916,50.000053,89.999992,435.890350,-66.841896,179.591660,-161.775345,56.246220,-164.682220,0.301154,0.086975,0.487749,-0.019481,4.951328,-0.837475,
feedback,6.566619,1786440034537,7,Ry,5.000000,75.000000,5.094059,0.094059,,,335.910614,-66.845123,179.611267,89.999916,50.000053,89.999992,435.892242,-66.841316,179.594513,-161.793289,56.207802,-164.703720,0.122832,0.086951,0.324164,-0.095608,5.028237,-0.818938,
feedback,6.574324,1786440034545,7,Ry,5.000000,75.000000,4.805430,-0.194570,,,335.910614,-66.845123,179.611267,89.999916,50.000053,89.999992,435.902496,-66.838486,179.600372,-161.811203,56.171032,-164.725510,1.578345,0.553313,0.805197,0.016015,4.732050,-0.836590,
feedback,6.581974,1786440034554,7,Ry,5.000000,75.000000,4.678733,-0.321267,,,335.910614,-66.845123,179.611267,89.999916,50.000053,89.999992,435.919098,-66.833878,179.609131,-161.829636,56.135448,-164.747864,2.254565,0.752875,1.168745,0.074590,4.601717,-0.846147,
feedback,6.593849,1786440034562,7,Ry,5.000000,75.000000,4.810147,-0.189853,,,335.910614,-66.845123,179.611267,89.999916,50.000053,89.999992,435.933380,-66.828796,179.614182,-161.849060,56.099800,-164.770950,1.323847,0.568476,0.282221,0.141060,4.732757,-0.859821,
feedback,6.598337,1786440034570,7,Ry,5.000000,75.000000,4.913962,-0.086038,,,335.910614,-66.845123,179.611267,89.999916,50.000053,89.999992,435.940918,-66.823700,179.613510,-161.870132,56.062950,-164.795807,1.084086,0.684609,0.010100,0.183708,4.825828,-0.929831,
feedback,6.606546,1786440034579,7,Ry,5.000000,75.000000,5.094300,0.094300,,,335.910614,-66.845123,179.611267,89.999916,50.000053,89.999992,435.948212,-66.822212,179.614090,-161.902054,56.006668,-164.834854,0.289089,-0.200706,0.199149,0.162053,4.980590,-1.090609,
feedback,6.615378,1786440034587,7,Ry,5.000000,75.000000,5.046185,0.046185,,,335.910614,-66.845123,179.611267,89.999916,50.000053,89.999992,435.948669,-66.824883,179.615585,-161.921234,55.968239,-164.858994,-0.106844,-0.366086,0.188795,0.051372,4.947516,-1.001061,
feedback,6.623095,1786440034596,7,Ry,5.000000,75.000000,5.357605,0.357605,,,335.910614,-66.845123,179.611267,89.999916,50.000053,89.999992,435.938324,-66.830795,179.611359,-161.940689,55.927494,-164.883148,-1.566831,-0.844054,-0.730581,-0.006586,5.262836,-1.006181,
feedback,6.631203,1786440034604,7,Ry,5.000000,75.000000,5.272417,0.272417,,,335.910614,-66.845123,179.611267,89.999916,50.000053,89.999992,435.925507,-66.837067,179.604843,-161.959702,55.887196,-164.906616,-1.612385,-0.876313,-0.893021,-0.001407,5.175618,-1.010234,
feedback,6.639464,1786440034612,7,Ry,5.000000,75.000000,5.244469,0.244469,,,335.910614,-66.845123,179.611267,89.999916,50.000053,89.999992,435.912537,-66.843033,179.600479,-161.978348,55.846378,-164.929764,-1.153664,-0.623227,-0.298364,-0.062461,5.157183,-0.953834,
feedback,6.648574,1786440034617,7,Ry,5.000000,75.000000,5.170348,0.170348,,,335.910614,-66.845123,179.611267,89.999916,50.000053,89.999992,435.910400,-66.843719,179.600616,-161.987808,55.826714,-164.941147,-0.536895,-0.172050,0.041894,0.004440,5.092741,-0.892481,
feedback,6.655923,1786440034625,7,Ry,5.000000,75.000000,5.033876,0.033876,,,335.910614,-66.845123,179.611267,89.999916,50.000053,89.999992,435.908386,-66.844376,179.600784,-162.006332,55.787872,-164.963577,-0.121583,-0.049757,0.311808,-0.053583,4.962534,-0.845002,
feedback,6.664925,1786440034634,7,Ry,5.000000,75.000000,5.000737,0.000737,,,335.910614,-66.845123,179.611267,89.999916,50.000053,89.999992,435.905853,-66.844368,179.598648,-162.024307,55.749573,-164.985092,-0.307053,-0.062407,-0.320899,-0.002742,4.925354,-0.865022,
feedback,6.672332,1786440034642,7,Ry,5.000000,75.000000,5.018110,0.018110,,,335.910614,-66.845123,179.611267,89.999916,50.000053,89.999992,435.897308,-66.846611,179.592712,-162.042938,55.711102,-165.007645,-1.133865,-0.356779,-0.650755,0.059704,4.931937,-0.927740,
feedback,6.680945,1786440034650,7,Ry,5.000000,75.000000,4.882725,-0.117275,,,335.910614,-66.845123,179.611267,89.999916,50.000053,89.999992,435.899567,-66.843407,179.590820,-162.073624,55.655640,-165.044037,0.491858,0.355888,0.006307,0.220983,4.795821,-0.920068,
feedback,6.688501,1786440034659,7,Ry,5.000000,75.000000,5.015325,0.015325,,,335.910614,-66.845123,179.611267,89.999916,50.000053,89.999992,435.898987,-66.843910,179.587311,-162.094315,55.618130,-165.068924,-0.250993,-0.135874,-0.484868,0.221161,4.917557,-0.993282,
feedback,6.696970,1786440034667,7,Ry,5.000000,75.000000,5.247240,0.247240,,,335.910614,-66.845123,179.611267,89.999916,50.000053,89.999992,435.890045,-66.848099,179.580414,-162.115555,55.579327,-165.094925,-1.527986,-0.570869,-0.979762,0.148149,5.145601,-1.035527,
feedback,6.704922,1786440034676,7,Ry,5.000000,75.000000,5.191639,0.191639,,,335.910614,-66.845123,179.611267,89.999916,50.000053,89.999992,435.883575,-66.850159,179.575897,-162.136398,55.540062,-165.120117,-0.577125,-0.234885,-0.295902,0.149751,5.093914,-1.008465,
feedback,6.713264,1786440034684,7,Ry,5.000000,75.000000,5.185610,0.185610,,,335.910614,-66.845123,179.611267,89.999916,50.000053,89.999992,435.883301,-66.850204,179.577011,-162.156097,55.500866,-165.144012,0.160403,0.034646,0.236108,0.074712,5.097674,-0.952402,
feedback,6.721121,1786440034693,7,Ry,5.000000,75.000000,5.290849,0.290849,,,335.910614,-66.845123,179.611267,89.999916,50.000053,89.999992,435.880188,-66.851532,179.576553,-162.175308,55.461338,-165.167343,-0.813932,-0.230556,-0.459664,0.046615,5.209337,-0.925157,
feedback,6.730601,1786440034701,7,Ry,5.000000,75.000000,5.366903,0.366903,,,335.910614,-66.845123,179.611267,89.999916,50.000053,89.999992,435.873810,-66.852348,179.574768,-162.194061,55.421356,-165.189972,-1.160528,-0.071625,-0.426825,-0.031937,5.297834,-0.861222,
feedback,6.737377,1786440034709,7,Ry,5.000000,75.000000,5.191184,0.191184,,,335.910614,-66.845123,179.611267,89.999916,50.000053,89.999992,435.874237,-66.851387,179.576797,-162.212128,55.382397,-165.211777,-0.069947,0.007007,0.261669,-0.032248,5.115633,-0.882642,
feedback,6.746384,1786440034718,7,Ry,5.000000,75.000000,4.922390,-0.077610,,,335.910614,-66.845123,179.611267,89.999916,50.000053,89.999992,435.883667,-66.848526,179.584000,-162.230377,55.344929,-165.233856,1.268468,0.274530,0.868349,0.043831,4.842669,-0.882781,
feedback,6.753807,1786440034726,7,Ry,5.000000,75.000000,4.929735,-0.070265,,,335.910614,-66.845123,179.611267,89.999916,50.000053,89.999992,435.890778,-66.846092,179.587784,-162.248627,55.307587,-165.256012,0.716304,0.220987,0.281616,0.079331,4.845900,-0.906766,
feedback,6.763403,1786440034735,7,Ry,5.000000,75.000000,4.693157,-0.306843,,,335.910614,-66.845123,179.611267,89.999916,50.000053,89.999992,435.906647,-66.839638,179.594070,-162.277557,55.253162,-165.290939,2.359641,0.954539,1.089217,0.296694,4.599337,-0.942683,
feedback,6.771444,1786440034743,7,Ry,5.000000,75.000000,4.543842,-0.456158,,,335.910614,-66.845123,179.611267,89.999916,50.000053,89.999992,435.929718,-66.832062,179.607376,-162.296677,55.219151,-165.314087,2.975473,1.005387,1.852422,0.216879,4.452460,-0.915816,
feedback,6.778513,1786440034751,7,Ry,5.000000,75.000000,4.843306,-0.156694,,,335.910614,-66.845123,179.611267,89.999916,50.000053,89.999992,435.944977,-66.828201,179.615906,-162.314011,55.183037,-165.335297,1.429367,0.405066,0.697860,0.070220,4.762243,-0.883474,
feedback,6.786989,1786440034760,7,Ry,5.000000,75.000000,5.186081,0.186081,,,335.910614,-66.845123,179.611267,89.999916,50.000053,89.999992,435.947357,-66.826790,179.617294,-162.330963,55.144726,-165.355881,-0.391774,-0.056565,-0.166874,-0.059463,5.115042,-0.856588,
feedback,6.795239,1786440034764,7,Ry,5.000000,75.000000,5.083220,0.083220,,,335.910614,-66.845123,179.611267,89.999916,50.000053,89.999992,435.947418,-66.826004,179.617508,-162.339554,55.125263,-165.366196,0.014187,0.195664,0.057383,-0.041980,5.017942,-0.814881,
feedback,6.803366,1786440034772,7,Ry,5.000000,75.000000,5.199373,0.199373,,,335.910614,-66.845123,179.611267,89.999916,50.000053,89.999992,435.946289,-66.826263,179.617706,-162.355713,55.085529,-165.385941,-0.322649,-0.011168,-0.098039,-0.123550,5.136462,-0.811635,
feedback,6.811316,1786440034781,7,Ry,5.000000,75.000000,5.051312,0.051312,,,335.910614,-66.845123,179.611267,89.999916,50.000053,89.999992,435.946198,-66.828720,179.620560,-162.371429,55.046158,-165.405609,0.233413,-0.233251,0.369998,-0.079141,4.972426,-0.889361,
feedback,6.819569,1786440034789,7,Ry,5.000000,75.000000,5.233285,0.233285,,,335.910614,-66.845123,179.611267,89.999916,50.000053,89.999992,435.939240,-66.832405,179.620773,-162.387512,55.005478,-165.425369,-0.848775,-0.418121,0.021921,-0.121580,5.166166,-0.838491,
feedback,6.827408,1786440034798,7,Ry,5.000000,75.000000,5.145615,0.145615,,,335.910614,-66.845123,179.611267,89.999916,50.000053,89.999992,435.929993,-66.835388,179.619217,-162.401917,54.964985,-165.442886,-1.101752,-0.420752,-0.255989,-0.224920,5.091529,-0.756881,
feedback,6.836357,1786440034806,7,Ry,5.000000,75.000000,5.188084,0.188084,,,335.910614,-66.845123,179.611267,89.999916,50.000053,89.999992,435.917725,-66.837532,179.615128,-162.416153,54.924000,-165.460114,-1.153563,0.002840,-0.406911,-0.229393,5.145438,-0.695696,
feedback,6.844602,1786440034814,7,Ry,5.000000,75.000000,4.896593,-0.103407,,,335.910614,-66.845123,179.611267,89.999916,50.000053,89.999992,435.918365,-66.834854,179.618408,-162.439133,54.866302,-165.487854,0.382160,0.346395,0.348209,-0.082074,4.838585,-0.757357,
feedback,6.853045,1786440034823,7,Ry,5.000000,75.000000,4.967988,-0.032012,,,335.910614,-66.845123,179.611267,89.999916,50.000053,89.999992,435.918274,-66.834846,179.618973,-162.454956,54.828476,-165.507095,-0.256899,-0.026600,-0.185749,-0.100311,4.910084,-0.763005,
feedback,6.861130,1786440034831,7,Ry,5.000000,75.000000,5.054157,0.054157,,,335.910614,-66.845123,179.611267,89.999916,50.000053,89.999992,435.912903,-66.838074,179.614502,-162.470505,54.789974,-165.526291,-1.105038,-0.525913,-1.076122,-0.123362,4.988821,-0.812691,
feedback,6.869278,1786440034840,7,Ry,5.000000,75.000000,5.051596,0.051596,,,335.910614,-66.845123,179.611267,89.999916,50.000053,89.999992,435.906647,-66.841393,179.608032,-162.486679,54.751301,-165.546265,-0.587722,-0.275713,-0.687149,-0.087667,4.982804,-0.832075,
feedback,6.877875,1786440034848,7,Ry,5.000000,75.000000,5.102146,0.102146,,,335.910614,-66.845123,179.611267,89.999916,50.000053,89.999992,435.906555,-66.841019,179.604523,-162.502731,54.712437,-165.565796,-0.088885,0.101508,-0.611048,-0.114747,5.044580,-0.772834,
feedback,6.886737,1786440034856,7,Ry,5.000000,75.000000,5.301506,0.301506,,,335.910614,-66.845123,179.611267,89.999916,50.000053,89.999992,435.898956,-66.845337,179.595749,-162.518845,54.671936,-165.585800,-1.089154,-0.552918,-1.250711,-0.127431,5.231885,-0.858630,
feedback,6.893443,1786440034865,7,Ry,5.000000,75.000000,5.373791,0.373791,,,335.910614,-66.845123,179.611267,89.999916,50.000053,89.999992,435.887054,-66.850662,179.586487,-162.534485,54.630707,-165.605316,-1.656576,-0.682978,-1.128789,-0.214832,5.310135,-0.831098,
feedback,6.901587,1786440034873,7,Ry,5.000000,75.000000,5.243149,0.243149,,,335.910614,-66.845123,179.611267,89.999916,50.000053,89.999992,435.878754,-66.851974,179.581985,-162.550964,54.589870,-165.625519,-0.716412,0.072688,-0.268227,-0.069509,5.177542,-0.830800,
feedback,6.910029,1786440034882,7,Ry,5.000000,75.000000,5.136611,0.136611,,,335.910614,-66.845123,179.611267,89.999916,50.000053,89.999992,435.878387,-66.850586,179.584747,-162.567581,54.550419,-165.645721,-0.070877,0.051299,0.342290,-0.071014,5.064284,-0.859562,
feedback,6.917841,1786440034890,7,Ry,5.000000,75.000000,5.207460,0.207460,,,335.910614,-66.845123,179.611267,89.999916,50.000053,89.999992,435.870331,-66.852844,179.582794,-162.583969,54.510414,-165.665680,-1.521327,-0.447879,-0.621925,-0.067234,5.146199,-0.803045,
feedback,6.926168,1786440034899,7,Ry,5.000000,75.000000,5.009864,0.009864,,,335.910614,-66.845123,179.611267,89.999916,50.000053,89.999992,435.866882,-66.854500,179.583130,-162.607727,54.451347,-165.695023,0.248136,0.108571,0.342415,-0.062492,4.937873,-0.846559,
feedback,6.934428,1786440034907,7,Ry,5.000000,75.000000,4.723414,-0.276586,,,335.910614,-66.845123,179.611267,89.999916,50.000053,89.999992,435.880585,-66.851158,179.591690,-162.623978,54.414677,-165.715118,2.159035,0.539543,1.322109,0.018843,4.647481,-0.843875,
feedback,6.944623,1786440034915,7,Ry,5.000000,75.000000,4.793836,-0.206164,,,335.910614,-66.845123,179.611267,89.999916,50.000053,89.999992,435.896149,-66.845413,179.598740,-162.640106,54.378529,-165.734634,1.454336,0.419820,0.536111,0.006153,4.722937,-0.821512,
feedback,6.950570,1786440034924,7,Ry,5.000000,75.000000,4.803362,-0.196638,,,335.910614,-66.845123,179.611267,89.999916,50.000053,89.999992,435.905975,-66.844742,179.601944,-162.655746,54.341995,-165.754440,1.121308,0.202392,0.238153,-0.008649,4.724790,-0.865815,
feedback,6.958748,1786440034928,7,Ry,5.000000,75.000000,4.774418,-0.225582,,,335.910614,-66.845123,179.611267,89.999916,50.000053,89.999992,435.920502,-66.838417,179.608200,-162.672440,54.306244,-165.774597,1.895039,0.886712,0.918787,0.081695,4.702992,-0.822841,
feedback,6.966894,1786440034936,7,Ry,5.000000,75.000000,4.839166,-0.160834,,,335.910614,-66.845123,179.611267,89.999916,50.000053,89.999992,435.926453,-66.835785,179.610550,-162.680878,54.287834,-165.784851,1.491914,0.657819,0.590124,0.063283,4.764130,-0.848959,
feedback,6.975207,1786440034945,7,Ry,5.000000,75.000000,4.877224,-0.122776,,,335.910614,-66.845123,179.611267,89.999916,50.000053,89.999992,435.944305,-66.827766,179.619598,-162.697632,54.251369,-165.805023,1.776411,0.846919,0.837103,0.068911,4.804381,-0.839867,
feedback,6.983328,1786440034953,7,Ry,5.000000,75.000000,5.085730,0.085730,,,335.910614,-66.845123,179.611267,89.999916,50.000053,89.999992,435.946564,-66.827156,179.620651,-162.714523,54.212578,-165.825836,0.097003,-0.024254,0.180819,0.024620,5.000771,-0.926760,
feedback,6.992151,1786440034962,7,Ry,5.000000,75.000000,5.241272,0.241272,,,335.910614,-66.845123,179.611267,89.999916,50.000053,89.999992,435.943420,-66.829872,179.619568,-162.733047,54.173271,-165.849060,-0.489142,-0.334849,-0.191551,0.150092,5.139993,-1.032951,
feedback,7.000177,1786440034970,7,Ry,5.000000,75.000000,5.407038,0.407038,,,335.910614,-66.845123,179.611267,89.999916,50.000053,89.999992,435.936554,-66.835388,179.617233,-162.751816,54.133118,-165.873184,-0.980420,-0.616985,-0.404292,0.060988,5.298016,-1.091307,
feedback,7.007770,1786440034979,7,Ry,5.000000,75.000000,5.278022,0.278022,,,335.910614,-66.845123,179.611267,89.999916,50.000053,89.999992,435.933472,-66.839401,179.616791,-162.779648,54.074104,-165.908264,-0.580541,-0.243978,-0.425011,0.077624,5.187546,-0.974886,
feedback,7.015846,1786440034987,7,Ry,5.000000,75.000000,5.201383,0.201383,,,335.910614,-66.845123,179.611267,89.999916,50.000053,89.999992,435.929626,-66.841423,179.614426,-162.797714,54.034805,-165.930740,-0.674992,-0.304543,-0.519781,0.069875,5.105369,-0.999574,
feedback,7.024260,1786440034996,7,Ry,5.000000,75.000000,5.223801,0.223801,,,335.910614,-66.845123,179.611267,89.999916,50.000053,89.999992,435.918243,-66.846222,179.606140,-162.815628,53.994713,-165.953232,-1.247514,-0.550606,-0.883633,0.076313,5.126731,-1.007521,
feedback,7.032647,1786440035004,7,Ry,5.000000,75.000000,4.896273,-0.103727,,,335.910614,-66.845123,179.611267,89.999916,50.000053,89.999992,435.916840,-66.843834,179.601624,-162.833786,53.956753,-165.975159,0.330543,0.412844,-0.381268,0.205981,4.805593,-0.942652,
feedback,7.040999,1786440035013,7,Ry,5.000000,75.000000,4.902997,-0.097003,,,335.910614,-66.845123,179.611267,89.999916,50.000053,89.999992,435.917633,-66.842102,179.597000,-162.851242,53.918713,-165.996628,0.341936,0.300447,-0.477308,0.123946,4.816255,-0.920900,
feedback,7.049383,1786440035021,7,Ry,5.000000,75.000000,4.855626,-0.144374,,,335.910614,-66.845123,179.611267,89.999916,50.000053,89.999992,435.918884,-66.840752,179.592545,-162.867645,53.880890,-166.016571,0.423517,0.230275,-0.655650,0.026341,4.787784,-0.809564,
feedback,7.057425,1786440035029,7,Ry,5.000000,75.000000,5.258867,0.258867,,,335.910614,-66.845123,179.611267,89.999916,50.000053,89.999992,435.908203,-66.844841,179.579773,-162.884094,53.840599,-166.036789,-1.536353,-0.578617,-1.736421,-0.016657,5.183877,-0.885375,
feedback,7.065132,1786440035038,7,Ry,5.000000,75.000000,5.243267,0.243267,,,335.910614,-66.845123,179.611267,89.999916,50.000053,89.999992,435.901398,-66.848976,179.567307,-162.901199,53.800835,-166.058334,-0.780988,-0.642218,-1.506406,0.030198,5.144083,-1.021230,
feedback,7.073980,1786440035046,7,Ry,5.000000,75.000000,5.320740,0.320740,,,335.910614,-66.845123,179.611267,89.999916,50.000053,89.999992,435.894928,-66.852837,179.557831,-162.918777,53.760365,-166.080444,-0.811675,-0.375562,-1.179557,0.035105,5.232656,-0.965054,
feedback,7.081888,1786440035051,7,Ry,5.000000,75.000000,5.473338,0.473338,,,335.910614,-66.845123,179.611267,89.999916,50.000053,89.999992,435.882751,-66.855125,179.547913,-162.936386,53.719044,-166.101761,-1.929153,-0.466928,-1.394686,-0.016427,5.399521,-0.897489,
feedback,7.090044,1786440035060,7,Ry,5.000000,75.000000,5.294277,0.294277,,,335.910614,-66.845123,179.611267,89.999916,50.000053,89.999992,435.868927,-66.857521,179.540756,-162.953949,53.678020,-166.123291,-1.418876,0.038626,-0.584926,0.053707,5.219421,-0.887717,
feedback,7.097854,1786440035068,7,Ry,5.000000,75.000000,5.124351,0.124351,,,335.910614,-66.845123,179.611267,89.999916,50.000053,89.999992,435.865051,-66.855812,179.542023,-162.971725,53.638733,-166.144867,-0.110079,0.421302,0.537400,0.131120,5.044772,-0.899641,
feedback,7.106431,1786440035077,7,Ry,5.000000,75.000000,5.028923,0.028923,,,335.910614,-66.845123,179.611267,89.999916,50.000053,89.999992,435.866425,-66.852325,179.547195,-162.989182,53.600220,-166.166061,0.257144,0.333803,0.685453,0.109873,4.944530,-0.918604,
feedback,7.115333,1786440035085,7,Ry,5.000000,75.000000,5.137294,0.137294,,,335.910614,-66.845123,179.611267,89.999916,50.000053,89.999992,435.861572,-66.853455,179.548431,-163.006638,53.561195,-166.187531,-0.681156,-0.220580,0.108252,0.082054,5.054142,-0.921041,
feedback,7.122399,1786440035094,7,Ry,5.000000,75.000000,4.945781,-0.054219,,,335.910614,-66.845123,179.611267,89.999916,50.000053,89.999992,435.859528,-66.855667,179.550262,-163.024078,53.523254,-166.209137,-0.024967,-0.298690,0.371277,0.137932,4.853569,-0.955697,
feedback,7.131237,1786440035102,7,Ry,5.000000,75.000000,4.583514,-0.416486,,,335.910614,-66.845123,179.611267,89.999916,50.000053,89.999992,435.873230,-66.852234,179.560455,-163.041397,53.487991,-166.230606,2.265711,0.608194,1.578524,0.201484,4.489491,-0.934281,
feedback,7.139302,1786440035111,7,Ry,5.000000,75.000000,4.577923,-0.422077,,,335.910614,-66.845123,179.611267,89.999916,50.000053,89.999992,435.899323,-66.843506,179.576950,-163.067154,53.435211,-166.262070,2.609505,0.883478,1.351324,0.239758,4.487452,-0.913632,
feedback,7.147609,1786440035119,7,Ry,5.000000,75.000000,4.710843,-0.289157,,,335.910614,-66.845123,179.611267,89.999916,50.000053,89.999992,435.910889,-66.840744,179.580109,-163.084091,53.399162,-166.283234,1.748507,0.600978,0.625890,0.174587,4.622886,-0.911000,
feedback,7.155290,1786440035127,7,Ry,5.000000,75.000000,4.830485,-0.169515,,,335.910614,-66.845123,179.611267,89.999916,50.000053,89.999992,435.920227,-66.838203,179.580017,-163.100403,53.361614,-166.303925,1.636601,0.517397,0.237686,0.126127,4.733624,-0.972017,
feedback,7.163798,1786440035136,7,Ry,5.000000,75.000000,4.936157,-0.063843,,,335.910614,-66.845123,179.611267,89.999916,50.000053,89.999992,435.929474,-66.833488,179.583908,-163.116943,53.323406,-166.324509,1.581709,1.018622,0.742177,0.083738,4.863072,-0.846290,
feedback,7.173093,1786440035144,7,Ry,5.000000,75.000000,5.137633,0.137633,,,335.910614,-66.845123,179.611267,89.999916,50.000053,89.999992,435.934662,-66.828659,179.586838,-163.132599,53.284336,-166.343369,0.317079,0.526295,0.146756,-0.067419,5.083582,-0.755907,
feedback,7.180134,1786440035153,7,Ry,5.000000,75.000000,5.179950,0.179950,,,335.910614,-66.845123,179.611267,89.999916,50.000053,89.999992,435.932373,-66.827667,179.586639,-163.147736,53.244320,-166.361740,-0.372377,0.031210,-0.034658,-0.120671,5.122097,-0.781208,
feedback,7.188177,1786440035161,7,Ry,5.000000,75.000000,5.229869,0.229869,,,335.910614,-66.845123,179.611267,89.999916,50.000053,89.999992,435.929138,-66.826355,179.587402,-163.163116,53.204296,-166.380447,-0.616356,-0.022846,-0.024964,-0.086549,5.165894,-0.820313,
feedback,7.197019,1786440035169,7,Ry,5.000000,75.000000,5.079427,0.079427,,,335.910614,-66.845123,179.611267,89.999916,50.000053,89.999992,435.928436,-66.826942,179.589294,-163.177185,53.164471,-166.398163,0.237244,-0.141297,0.598597,-0.140798,5.009907,-0.838644,
feedback,7.204332,1786440035174,7,Ry,5.000000,75.000000,5.106571,0.106571,,,335.910614,-66.845123,179.611267,89.999916,50.000053,89.999992,435.927368,-66.829056,179.593323,-163.191650,53.125290,-166.416534,-0.358240,-0.360536,0.308602,-0.093317,5.037292,-0.839641,
feedback,7.213489,1786440035182,7,Ry,5.000000,75.000000,5.032994,0.032994,,,335.910614,-66.845123,179.611267,89.999916,50.000053,89.999992,435.926514,-66.829033,179.594437,-163.198822,53.105816,-166.425125,-0.213345,0.004064,0.283701,-0.097420,4.984881,-0.713082,
feedback,7.220695,1786440035191,7,Ry,5.000000,75.000000,5.016806,0.016806,,,335.910614,-66.845123,179.611267,89.999916,50.000053,89.999992,435.920502,-66.832932,179.594879,-163.219376,53.047764,-166.450653,-0.183003,-0.098582,0.250275,-0.196191,4.965206,-0.731466,
feedback,7.230052,1786440035199,7,Ry,5.000000,75.000000,4.874018,-0.125982,,,335.910614,-66.845123,179.611267,89.999916,50.000053,89.999992,435.922241,-66.831360,179.597122,-163.233093,53.009815,-166.467621,0.501953,0.244475,0.340823,-0.124745,4.814092,-0.766223,
feedback,7.237024,1786440035207,7,Ry,5.000000,75.000000,4.829097,-0.170903,,,335.910614,-66.845123,179.611267,89.999916,50.000053,89.999992,435.926300,-66.827797,179.598373,-163.247589,52.972725,-166.485413,0.433732,0.570418,-0.086067,-0.029184,4.774927,-0.729656,
feedback,7.245477,1786440035216,7,Ry,5.000000,75.000000,5.043485,0.043485,,,335.910614,-66.845123,179.611267,89.999916,50.000053,89.999992,435.923004,-66.826355,179.595413,-163.261169,52.933922,-166.502197,-0.527272,0.143855,-0.421249,-0.142638,4.988357,-0.753813,
feedback,7.253701,1786440035224,7,Ry,5.000000,75.000000,5.158449,0.158449,,,335.910614,-66.845123,179.611267,89.999916,50.000053,89.999992,435.913300,-66.828545,179.590393,-163.274948,52.894161,-166.519287,-1.336767,-0.250864,-0.715369,-0.131941,5.105246,-0.752951,
feedback,7.261871,1786440035233,7,Ry,5.000000,75.000000,5.107117,0.107117,,,335.910614,-66.845123,179.611267,89.999916,50.000053,89.999992,435.908295,-66.830498,179.590714,-163.289017,52.854534,-166.537277,-0.351203,-0.183631,0.263543,-0.117801,5.033808,-0.862517,
feedback,7.270413,1786440035241,7,Ry,5.000000,75.000000,5.279941,0.279941,,,335.910614,-66.845123,179.611267,89.999916,50.000053,89.999992,435.901672,-66.832390,179.590073,-163.302765,52.814034,-166.554672,-1.089177,-0.445072,-0.267374,-0.211582,5.218868,-0.808189,
feedback,7.277992,1786440035249,7,Ry,5.000000,75.000000,5.343739,0.343739,,,335.910614,-66.845123,179.611267,89.999916,50.000053,89.999992,435.887909,-66.837425,179.586121,-163.316650,52.772614,-166.572266,-1.801913,-0.698009,-0.526983,-0.179476,5.282012,-0.817503,
feedback,7.286232,1786440035258,7,Ry,5.000000,75.000000,5.353572,0.353572,,,335.910614,-66.845123,179.611267,89.999916,50.000053,89.999992,435.872894,-66.843086,179.580704,-163.330322,52.730968,-166.589661,-1.806329,-0.644665,-0.594791,-0.203291,5.293706,-0.807791,
feedback,7.294470,1786440035266,7,Ry,5.000000,75.000000,5.164071,0.164071,,,335.910614,-66.845123,179.611267,89.999916,50.000053,89.999992,435.867462,-66.847267,179.581177,-163.344269,52.690784,-166.607697,-0.228960,-0.311798,0.159655,-0.085486,5.087820,-0.884179,
feedback,7.302806,1786440035275,7,Ry,5.000000,75.000000,5.076508,0.076508,,,335.910614,-66.845123,179.611267,89.999916,50.000053,89.999992,435.868683,-66.847389,179.583313,-163.366135,52.632374,-166.635422,-0.048038,0.085262,-0.044339,-0.036017,5.007752,-0.834069,
feedback,7.310891,1786440035283,7,Ry,5.000000,75.000000,4.951652,-0.048348,,,335.910614,-66.845123,179.611267,89.999916,50.000053,89.999992,435.867737,-66.846420,179.582092,-163.380737,52.593906,-166.653687,0.115210,0.419977,-0.173371,-0.020498,4.887808,-0.795308,
feedback,7.319524,1786440035291,7,Ry,5.000000,75.000000,4.828715,-0.171285,,,335.910614,-66.845123,179.611267,89.999916,50.000053,89.999992,435.876434,-66.841118,179.586105,-163.395325,52.556892,-166.671783,1.481344,0.808640,0.737722,0.002710,4.760641,-0.808540,
feedback,7.328023,1786440035300,7,Ry,5.000000,75.000000,4.534485,-0.465515,,,335.910614,-66.845123,179.611267,89.999916,50.000053,89.999992,435.897186,-66.833527,179.598053,-163.410049,52.522038,-166.690247,2.828558,1.076398,1.557220,0.133212,4.456368,-0.839813,
feedback,7.335359,1786440035308,7,Ry,5.000000,75.000000,4.783984,-0.216016,,,335.910614,-66.845123,179.611267,89.999916,50.000053,89.999992,435.911743,-66.828842,179.607269,-163.425400,52.486351,-166.709381,1.318317,0.302889,0.832309,0.073999,4.698983,-0.900637,
feedback,7.343959,1786440035316,7,Ry,5.000000,75.000000,4.851105,-0.148895,,,335.910614,-66.845123,179.611267,89.999916,50.000053,89.999992,435.919098,-66.827156,179.614273,-163.440048,52.449287,-166.728043,0.905369,0.197689,1.001615,-0.012167,4.772881,-0.868032,
feedback,7.352423,1786440035325,7,Ry,5.000000,75.000000,4.899362,-0.100638,,,335.910614,-66.845123,179.611267,89.999916,50.000053,89.999992,435.924286,-66.826035,179.622040,-163.454651,52.411392,-166.746384,0.828621,0.240509,1.297305,0.023330,4.828195,-0.832274,
feedback,7.360183,1786440035333,7,Ry,5.000000,75.000000,4.935975,-0.064025,,,335.910614,-66.845123,179.611267,89.999916,50.000053,89.999992,435.933319,-66.824707,179.633682,-163.469315,52.373714,-166.764999,1.059422,0.089950,1.510421,-0.000452,4.853559,-0.899229,
feedback,7.368334,1786440035337,7,Ry,5.000000,75.000000,5.152308,0.152308,,,335.910614,-66.845123,179.611267,89.999916,50.000053,89.999992,435.935760,-66.825798,179.640656,-163.483612,52.334778,-166.783463,0.118115,0.013984,0.813015,-0.047207,5.079013,-0.866423,
feedback,7.376926,1786440035346,7,Ry,5.000000,75.000000,5.045343,0.045343,,,335.910614,-66.845123,179.611267,89.999916,50.000053,89.999992,435.935944,-66.825424,179.642609,-163.490753,52.315361,-166.792450,0.042131,0.092949,0.493071,-0.048400,4.975586,-0.837002,
feedback,7.385928,1786440035354,7,Ry,5.000000,75.000000,5.081988,0.081988,,,335.910614,-66.845123,179.611267,89.999916,50.000053,89.999992,435.934174,-66.824745,179.646179,-163.505035,52.275459,-166.810364,0.283961,0.178637,0.677443,-0.064411,5.011199,-0.846055,
feedback,7.392853,1786440035363,7,Ry,5.000000,75.000000,4.971591,-0.028409,,,335.910614,-66.845123,179.611267,89.999916,50.000053,89.999992,435.937683,-66.821587,179.650833,-163.529175,52.217541,-166.840637,0.761962,0.481434,0.617694,0.178520,4.877509,-0.968607,
feedback,7.401742,1786440035371,7,Ry,5.000000,75.000000,5.132918,0.132918,,,335.910614,-66.845123,179.611267,89.999916,50.000053,89.999992,435.936127,-66.821793,179.648361,-163.545731,52.178753,-166.861847,-0.428592,0.013169,-0.630078,0.125250,5.038222,-0.986171,
feedback,7.410627,1786440035379,7,Ry,5.000000,75.000000,5.142294,0.142294,,,335.910614,-66.845123,179.611267,89.999916,50.000053,89.999992,435.933105,-66.821922,179.640015,-163.561935,52.139809,-166.882263,-0.626591,-0.129644,-1.387342,0.049664,5.056003,-0.939296,
feedback,7.417587,1786440035388,7,Ry,5.000000,75.000000,5.048555,0.048555,,,335.910614,-66.845123,179.611267,89.999916,50.000053,89.999992,435.930389,-66.824928,179.632004,-163.577621,52.101200,-166.902649,-0.197629,-0.311589,-0.807492,0.060589,4.956628,-0.963052,
feedback,7.425910,1786440035396,7,Ry,5.000000,75.000000,4.674199,-0.325801,,,335.910614,-66.845123,179.611267,89.999916,50.000053,89.999992,435.937988,-66.822678,179.632477,-163.593781,52.064922,-166.922867,1.367306,0.308518,0.337850,0.213545,4.575154,-0.970738,
feedback,7.434306,1786440035405,7,Ry,5.000000,75.000000,4.965117,-0.034883,,,335.910614,-66.845123,179.611267,89.999916,50.000053,89.999992,435.937225,-66.824234,179.631805,-163.609589,52.027176,-166.943054,-0.165648,-0.206897,-0.059542,0.118305,4.871719,-0.964125,
feedback,7.442559,1786440035413,7,Ry,5.000000,75.000000,5.093895,0.093895,,,335.910614,-66.845123,179.611267,89.999916,50.000053,89.999992,435.931702,-66.828224,179.629456,-163.624710,51.988548,-166.962906,-0.895147,-0.434304,-0.371010,0.025756,5.003116,-0.960513,
feedback,7.450179,1786440035421,7,Ry,5.000000,75.000000,5.312421,0.312421,,,335.910614,-66.845123,179.611267,89.999916,50.000053,89.999992,435.918365,-66.829742,179.622269,-163.640472,51.948082,-166.982193,-1.748128,-0.035803,-1.076421,0.052560,5.250940,-0.813441,
feedback,7.458585,1786440035430,7,Ry,5.000000,75.000000,5.196793,0.196793,,,335.910614,-66.845123,179.611267,89.999916,50.000053,89.999992,435.912781,-66.831734,179.621643,-163.654251,51.908066,-167.000015,-0.507991,-0.421580,0.099542,-0.131867,5.117456,-0.904572,
feedback,7.466705,1786440035438,7,Ry,5.000000,75.000000,5.282921,0.282921,,,335.910614,-66.845123,179.611267,89.999916,50.000053,89.999992,435.904266,-66.835831,179.619858,-163.669113,51.867413,-167.019394,-0.960322,-0.438630,-0.143567,-0.009518,5.193833,-0.967447,
feedback,7.474844,1786440035447,7,Ry,5.000000,75.000000,5.533302,0.533302,,,335.910614,-66.845123,179.611267,89.999916,50.000053,89.999992,435.882355,-66.844879,179.610703,-163.691681,51.805599,-167.048859,-2.510008,-1.070284,-1.112465,-0.112524,5.444423,-0.988149,
feedback,7.484043,1786440035455,7,Ry,5.000000,75.000000,5.262528,0.262528,,,335.910614,-66.845123,179.611267,89.999916,50.000053,89.999992,435.871521,-66.849785,179.605423,-163.707153,51.764938,-167.069016,-0.881417,-0.494142,-0.450069,0.059844,5.165251,-1.012115,
feedback,7.491326,1786440035463,7,Ry,5.000000,75.000000,5.196029,0.196029,,,335.910614,-66.845123,179.611267,89.999916,50.000053,89.999992,435.871613,-66.851624,179.605103,-163.723129,51.726025,-167.089828,-0.207232,-0.286987,0.083587,0.085140,5.093743,-1.034710,
feedback,7.499590,1786440035472,7,Ry,5.000000,75.000000,5.002509,0.002509,,,335.910614,-66.845123,179.611267,89.999916,50.000053,89.999992,435.873810,-66.851425,179.604126,-163.739120,51.687923,-167.110550,0.217612,0.129510,-0.199958,0.143419,4.903342,-1.000090,
feedback,7.507859,1786440035480,7,Ry,5.000000,75.000000,4.885630,-0.114370,,,335.910614,-66.845123,179.611267,89.999916,50.000053,89.999992,435.875610,-66.851471,179.602921,-163.754395,51.650131,-167.130341,0.757374,0.226985,0.176129,0.136454,4.791540,-0.961062,
feedback,7.516291,1786440035489,7,Ry,5.000000,75.000000,4.658554,-0.341446,,,335.910614,-66.845123,179.611267,89.999916,50.000053,89.999992,435.888611,-66.848061,179.608765,-163.769562,51.614368,-167.149933,1.915306,0.478538,1.033395,0.137849,4.561653,-0.957153,
feedback,7.523906,1786440035493,7,Ry,5.000000,75.000000,4.581947,-0.418053,,,335.910614,-66.845123,179.611267,89.999916,50.000053,89.999992,435.907501,-66.842064,179.618683,-163.785324,51.579437,-167.169815,2.377849,0.639095,1.466146,0.194733,4.486568,-0.941805,
feedback,7.531865,1786440035501,7,Ry,5.000000,75.000000,4.988542,-0.011458,,,335.910614,-66.845123,179.611267,89.999916,50.000053,89.999992,435.910797,-66.841530,179.619827,-163.792831,51.560432,-167.179626,0.826927,0.133653,0.289504,0.082988,4.892243,-0.982627,
feedback,7.540188,1786440035510,7,Ry,5.000000,75.000000,5.022250,0.022250,,,335.910614,-66.845123,179.611267,89.999916,50.000053,89.999992,435.915558,-66.840439,179.619888,-163.807495,51.522457,-167.198593,0.382575,0.168890,-0.193647,0.031218,4.941734,-0.896018,
feedback,7.549431,1786440035518,7,Ry,5.000000,75.000000,5.154493,0.154493,,,335.910614,-66.845123,179.611267,89.999916,50.000053,89.999992,435.917969,-66.840256,179.618988,-163.821655,51.483028,-167.216995,0.345675,0.023209,-0.185514,-0.055939,5.072392,-0.916629,
feedback,7.556873,1786440035526,7,Ry,5.000000,75.000000,5.154117,0.154117,,,335.910614,-66.845123,179.611267,89.999916,50.000053,89.999992,435.925873,-66.838966,179.621521,-163.841949,51.423744,-167.243683,0.723550,0.010237,0.302856,-0.094942,5.069666,-0.929953,
feedback,7.564984,1786440035535,7,Ry,5.000000,75.000000,5.223381,0.223381,,,335.910614,-66.845123,179.611267,89.999916,50.000053,89.999992,435.925140,-66.840179,179.617661,-163.855606,51.383377,-167.261703,0.018732,0.020605,-0.482331,-0.022053,5.143477,-0.910160,
feedback,7.573457,1786440035543,7,Ry,5.000000,75.000000,5.202778,0.202778,,,335.910614,-66.845123,179.611267,89.999916,50.000053,89.999992,435.923981,-66.841866,179.611755,-163.869858,51.342976,-167.280518,0.220549,-0.095315,-0.387938,-0.030063,5.114099,-0.958167,
feedback,7.581118,1786440035552,7,Ry,5.000000,75.000000,5.163750,0.163750,,,335.910614,-66.845123,179.611267,89.999916,50.000053,89.999992,435.925781,-66.840424,179.606796,-163.883972,51.302879,-167.298523,0.358927,0.123439,-0.375099,-0.049686,5.092501,-0.855851,
feedback,7.589855,1786440035560,7,Ry,5.000000,75.000000,5.029730,0.029730,,,335.910614,-66.845123,179.611267,89.999916,50.000053,89.999992,435.929352,-66.839478,179.606277,-163.897858,51.263908,-167.316574,0.577949,0.233748,-0.011066,0.021352,4.948641,-0.899921,
feedback,7.597875,1786440035568,7,Ry,5.000000,75.000000,5.039982,0.039982,,,335.910614,-66.845123,179.611267,89.999916,50.000053,89.999992,435.928223,-66.840843,179.603394,-163.910431,51.224873,-167.333130,-0.242846,-0.397984,-0.388518,-0.132531,4.965646,-0.862602,
feedback,7.605366,1786440035577,7,Ry,5.000000,75.000000,5.032613,0.032613,,,335.910614,-66.845123,179.611267,89.999916,50.000053,89.999992,435.922913,-66.845520,179.598526,-163.922852,51.185726,-167.349915,-0.383125,-0.605295,-0.437754,-0.086392,4.943374,-0.946485,
feedback,7.615192,1786440035585,7,Ry,5.000000,75.000000,4.865087,-0.134913,,,335.910614,-66.845123,179.611267,89.999916,50.000053,89.999992,435.923035,-66.847069,179.597046,-163.935181,51.147755,-167.366180,0.267670,-0.106983,-0.073464,-0.081297,4.792475,-0.837495,
feedback,7.622651,1786440035594,7,Ry,5.000000,75.000000,4.828653,-0.171347,,,335.910614,-66.845123,179.611267,89.999916,50.000053,89.999992,435.929321,-66.847626,179.602203,-163.947205,51.110767,-167.382202,0.554274,-0.133247,0.605850,-0.127022,4.759258,-0.816085,
feedback,7.631060,1786440035602,7,Ry,5.000000,75.000000,5.046747,0.046747,,,335.910614,-66.845123,179.611267,89.999916,50.000053,89.999992,435.927765,-66.849731,179.604492,-163.964920,51.052990,-167.405380,-0.571096,-0.202451,-0.035518,-0.144409,4.986895,-0.781040,
feedback,7.639221,1786440035611,7,Ry,5.000000,75.000000,5.251867,0.251867,,,335.910614,-66.845123,179.611267,89.999916,50.000053,89.999992,435.914673,-66.853569,179.596771,-163.976196,51.011856,-167.420135,-1.628359,-0.560252,-1.142099,-0.240091,5.191413,-0.802438,
feedback,7.647391,1786440035619,7,Ry,5.000000,75.000000,5.371767,0.371767,,,335.910614,-66.845123,179.611267,89.999916,50.000053,89.999992,435.901581,-66.857727,179.587234,-163.988373,50.969467,-167.435944,-1.180925,-0.437122,-0.962677,-0.191712,5.310280,-0.818768,
feedback,7.655363,1786440035628,7,Ry,5.000000,75.000000,5.325171,0.325171,,,335.910614,-66.845123,179.611267,89.999916,50.000053,89.999992,435.893524,-66.862633,179.581375,-164.000519,50.927986,-167.452118,-1.033891,-0.702834,-0.702509,-0.203528,5.256128,-0.857527,
feedback,7.663610,1786440035636,7,Ry,5.000000,75.000000,5.380972,0.380972,,,335.910614,-66.845123,179.611267,89.999916,50.000053,89.999992,435.880157,-66.869797,179.575989,-164.012527,50.886276,-167.468460,-1.859749,-0.971662,-0.729617,-0.215447,5.309744,-0.874800,
feedback,7.671584,1786440035644,7,Ry,5.000000,75.000000,5.153401,0.153401,,,335.910614,-66.845123,179.611267,89.999916,50.000053,89.999992,435.868134,-66.875969,179.572800,-164.024612,50.845676,-167.484863,-1.283517,-0.609354,-0.228740,-0.103366,5.078596,-0.875134,
feedback,7.680680,1786440035653,7,Ry,5.000000,75.000000,5.101983,0.101983,,,335.910614,-66.845123,179.611267,89.999916,50.000053,89.999992,435.862427,-66.877907,179.572311,-164.037216,50.805264,-167.501297,-0.202649,-0.156615,0.268889,-0.104932,5.032913,-0.838133,
feedback,7.689495,1786440035661,7,Ry,5.000000,75.000000,4.925548,-0.074452,,,335.910614,-66.845123,179.611267,89.999916,50.000053,89.999992,435.868469,-66.878021,179.579346,-164.049820,50.767376,-167.518112,0.650377,-0.044621,0.761732,-0.011061,4.843840,-0.894284,
feedback,7.697573,1786440035669,7,Ry,5.000000,75.000000,4.736510,-0.263490,,,335.910614,-66.845123,179.611267,89.999916,50.000053,89.999992,435.873627,-66.877144,179.584900,-164.062912,50.730350,-167.534836,0.786776,0.156270,0.787666,0.045385,4.663298,-0.829586,
feedback,7.704454,1786440035678,7,Ry,5.000000,75.000000,4.747623,-0.252377,,,335.910614,-66.845123,179.611267,89.999916,50.000053,89.999992,435.878906,-66.874878,179.591110,-164.076340,50.693138,-167.551743,1.026095,0.357001,0.946487,0.061254,4.675519,-0.824288,
feedback,7.712688,1786440035682,7,Ry,5.000000,75.000000,4.587503,-0.412497,,,335.910614,-66.845123,179.611267,89.999916,50.000053,89.999992,435.886780,-66.871735,179.596939,-164.083496,50.675655,-167.560608,1.966616,0.785164,1.458447,0.165652,4.511632,-0.831595,
feedback,7.721184,1786440035690,7,Ry,5.000000,75.000000,4.808823,-0.191177,,,335.910614,-66.845123,179.611267,89.999916,50.000053,89.999992,435.912903,-66.866692,179.615158,-164.103638,50.622540,-167.587067,1.395038,0.097751,1.001803,0.021313,4.724973,-0.896208,
feedback,7.730443,1786440035699,7,Ry,5.000000,75.000000,4.943072,-0.056928,,,335.910614,-66.845123,179.611267,89.999916,50.000053,89.999992,435.918091,-66.864151,179.618393,-164.116638,50.584408,-167.603546,0.665715,0.363785,0.462846,-0.037580,4.879826,-0.791200,
feedback,7.737592,1786440035707,7,Ry,5.000000,75.000000,4.977959,-0.022041,,,335.910614,-66.845123,179.611267,89.999916,50.000053,89.999992,435.921539,-66.865463,179.624100,-164.128799,50.545509,-167.619690,0.842777,-0.206858,1.119507,-0.115011,4.903352,-0.858650,
feedback,7.745805,1786440035716,7,Ry,5.000000,75.000000,4.919214,-0.080786,,,335.910614,-66.845123,179.611267,89.999916,50.000053,89.999992,435.931488,-66.864288,179.634979,-164.141663,50.507389,-167.636520,1.489383,0.267352,1.536160,-0.009926,4.842837,-0.863520,
feedback,7.754132,1786440035724,7,Ry,5.000000,75.000000,4.980278,-0.019722,,,335.910614,-66.845123,179.611267,89.999916,50.000053,89.999992,435.937103,-66.862457,179.643692,-164.154617,50.468655,-167.653030,0.829620,0.313715,1.249249,-0.008236,4.910758,-0.830014,
feedback,7.763228,1786440035732,7,Ry,5.000000,75.000000,5.220249,0.220249,,,335.910614,-66.845123,179.611267,89.999916,50.000053,89.999992,435.933777,-66.864189,179.646408,-164.166794,50.428524,-167.669220,-0.623844,-0.251785,0.187768,-0.137645,5.152911,-0.838680,
feedback,7.770243,1786440035741,7,Ry,5.000000,75.000000,5.120672,0.120672,,,335.910614,-66.845123,179.611267,89.999916,50.000053,89.999992,435.931763,-66.864113,179.647034,-164.178650,50.388359,-167.684540,-0.070864,0.064950,0.183256,-0.136850,5.065264,-0.762360,
feedback,7.778586,1786440035749,7,Ry,5.000000,75.000000,5.059063,0.059063,,,335.910614,-66.845123,179.611267,89.999916,50.000053,89.999992,435.933716,-66.863815,179.648285,-164.190964,50.349033,-167.700562,0.473410,0.146099,0.197553,-0.088610,4.996361,-0.798290,
feedback,7.787071,1786440035757,7,Ry,5.000000,75.000000,5.072383,0.072383,,,335.910614,-66.845123,179.611267,89.999916,50.000053,89.999992,435.936493,-66.863853,179.648666,-164.203461,50.310066,-167.717087,0.175489,-0.125460,-0.110827,-0.084382,4.994299,-0.886594,
feedback,7.794812,1786440035766,7,Ry,5.000000,75.000000,5.092315,0.092315,,,335.910614,-66.845123,179.611267,89.999916,50.000053,89.999992,435.935883,-66.864098,179.643646,-164.216583,50.271343,-167.734146,-0.289261,0.032053,-0.524335,-0.018374,5.025656,-0.823633,
feedback,7.804027,1786440035774,7,Ry,5.000000,75.000000,5.171795,0.171795,,,335.910614,-66.845123,179.611267,89.999916,50.000053,89.999992,435.930084,-66.865219,179.635071,-164.229980,50.232094,-167.751373,-0.933849,-0.265242,-1.027879,-0.018776,5.094419,-0.891303,
feedback,7.811075,1786440035783,7,Ry,5.000000,75.000000,4.822558,-0.177442,,,335.910614,-66.845123,179.611267,89.999916,50.000053,89.999992,435.937866,-66.859222,179.633423,-164.253235,50.176830,-167.780792,0.945804,0.434140,0.300232,0.232282,4.721567,-0.994528,
feedback,7.820216,1786440035791,7,Ry,5.000000,75.000000,5.018513,0.018513,,,335.910614,-66.845123,179.611267,89.999916,50.000053,89.999992,435.938202,-66.857872,179.633850,-164.268890,50.139050,-167.800995,-0.142194,0.113295,-0.038697,0.216417,4.918275,-1.007414,
feedback,7.827715,1786440035799,7,Ry,5.000000,75.000000,5.150810,0.150810,,,335.910614,-66.845123,179.611267,89.999916,50.000053,89.999992,435.929382,-66.859451,179.632095,-164.283859,50.099892,-167.820435,-1.351759,-0.304223,-0.067163,0.125714,5.055345,-0.991964,
feedback,7.836226,1786440035808,7,Ry,5.000000,75.000000,5.302547,0.302547,,,335.910614,-66.845123,179.611267,89.999916,50.000053,89.999992,435.912384,-66.864082,179.625137,-164.298096,50.059101,-167.838989,-1.964498,-0.539340,-0.663943,0.035112,5.216984,-0.949140,
feedback,7.843933,1786440035816,7,Ry,5.000000,75.000000,5.228912,0.228912,,,335.910614,-66.845123,179.611267,89.999916,50.000053,89.999992,435.904266,-66.865723,179.625031,-164.311905,50.018784,-167.857086,-0.784344,-0.188002,0.195999,0.014568,5.143297,-0.942995,
feedback,7.852213,1786440035825,7,Ry,5.000000,75.000000,5.286366,0.286366,,,335.910614,-66.845123,179.611267,89.999916,50.000053,89.999992,435.896759,-66.867065,179.624252,-164.325409,49.978504,-167.874771,-1.294019,-0.378845,-0.251031,-0.020196,5.202004,-0.940934,
feedback,7.860214,1786440035833,7,Ry,5.000000,75.000000,5.405850,0.405850,,,335.910614,-66.845123,179.611267,89.999916,50.000053,89.999992,435.882172,-66.873131,179.619873,-164.338425,49.937176,-167.892517,-2.133496,-0.899340,-0.722925,-0.067994,5.316442,-0.980006,
feedback,7.868678,1786440035841,7,Ry,5.000000,75.000000,5.155330,0.155330,,,335.910614,-66.845123,179.611267,89.999916,50.000053,89.999992,435.873840,-66.876167,179.615570,-164.351746,49.896858,-167.910126,-0.493982,-0.168564,-0.273256,-0.009628,5.073894,-0.912872,
feedback,7.876510,1786440035846,7,Ry,5.000000,75.000000,5.107073,0.107073,,,335.910614,-66.845123,179.611267,89.999916,50.000053,89.999992,435.874207,-66.875847,179.614502,-164.357941,49.877125,-167.918335,0.088941,0.078984,-0.263691,-0.056634,5.032911,-0.867432,
feedback,7.885997,1786440035854,7,Ry,5.000000,75.000000,5.083306,0.083306,,,335.910614,-66.845123,179.611267,89.999916,50.000053,89.999992,435.877533,-66.871544,179.612839,-164.371094,49.837940,-167.934952,0.243676,0.407347,-0.320417,0.034189,5.011477,-0.852105,
feedback,7.892724,1786440035863,7,Ry,5.000000,75.000000,4.914878,-0.085122,,,335.910614,-66.845123,179.611267,89.999916,50.000053,89.999992,435.877899,-66.868980,179.606842,-164.391891,49.780331,-167.961823,0.482024,0.381950,-0.102636,0.175157,4.827750,-0.924033,
feedback,7.901508,1786440035871,7,Ry,5.000000,75.000000,4.691059,-0.308941,,,335.910614,-66.845123,179.611267,89.999916,50.000053,89.999992,435.887299,-66.864578,179.610931,-164.406433,49.744030,-167.980286,1.624456,0.687911,0.817862,0.230034,4.600403,-0.924425,
feedback,7.909261,1786440035879,7,Ry,5.000000,75.000000,4.602740,-0.397260,,,335.910614,-66.845123,179.611267,89.999916,50.000053,89.999992,435.908600,-66.858414,179.622498,-164.420944,49.709652,-167.999313,2.562885,0.681491,1.386169,0.232409,4.494673,-1.015406,
feedback,7.917712,1786440035888,7,Ry,5.000000,75.000000,4.887612,-0.112388,,,335.910614,-66.845123,179.611267,89.999916,50.000053,89.999992,435.919495,-66.855141,179.627869,-164.435455,49.672935,-168.018204,0.980684,0.326030,0.410378,0.191376,4.792168,-0.968779,
feedback,7.925289,1786440035896,7,Ry,5.000000,75.000000,4.947453,-0.052547,,,335.910614,-66.845123,179.611267,89.999916,50.000053,89.999992,435.925385,-66.853439,179.631088,-164.450073,49.635208,-168.037292,1.114781,0.248876,0.688951,0.172640,4.848631,-0.993182,
feedback,7.933528,1786440035905,7,Ry,5.000000,75.000000,4.870298,-0.129702,,,335.910614,-66.845123,179.611267,89.999916,50.000053,89.999992,435.933319,-66.851395,179.638519,-164.464005,49.597363,-168.055710,1.587806,0.420445,1.458667,0.143429,4.772061,-0.983137,
feedback,7.941744,1786440035913,7,Ry,5.000000,75.000000,5.025372,0.025372,,,335.910614,-66.845123,179.611267,89.999916,50.000053,89.999992,435.941620,-66.849564,179.648026,-164.477722,49.559059,-168.073853,0.894365,0.025206,1.230258,0.035898,4.930251,-0.979127,
feedback,7.950040,1786440035921,7,Ry,5.000000,75.000000,5.279844,0.279844,,,335.910614,-66.845123,179.611267,89.999916,50.000053,89.999992,435.940704,-66.850220,179.646393,-164.491699,49.518749,-168.092163,-0.415295,-0.173024,-0.491352,0.045446,5.195743,-0.938856,
feedback,7.957954,1786440035930,7,Ry,5.000000,75.000000,5.250273,0.250273,,,335.910614,-66.845123,179.611267,89.999916,50.000053,89.999992,435.936035,-66.851440,179.642883,-164.504776,49.478195,-168.109436,-0.582102,-0.101542,-0.325307,-0.024783,5.178832,-0.864505,
feedback,7.966181,1786440035938,7,Ry,5.000000,75.000000,5.156238,0.156238,,,335.910614,-66.845123,179.611267,89.999916,50.000053,89.999992,435.932159,-66.850365,179.638107,-164.517670,49.437580,-168.126053,-0.199675,0.339624,-0.391405,-0.008315,5.095666,-0.794600,
feedback,7.974304,1786440035947,7,Ry,5.000000,75.000000,5.031925,0.031925,,,335.910614,-66.845123,179.611267,89.999916,50.000053,89.999992,435.933777,-66.851959,179.636749,-164.536835,49.378384,-168.151901,0.304827,-0.229355,0.038679,0.046536,4.936644,-0.980594,
feedback,7.983714,1786440035955,7,Ry,5.000000,75.000000,5.054659,0.054659,,,335.910614,-66.845123,179.611267,89.999916,50.000053,89.999992,435.935150,-66.849884,179.633591,-164.550461,49.339718,-168.169144,0.089733,0.231814,-0.607209,0.099969,4.978591,-0.873528,
feedback,7.990531,1786440035963,7,Ry,5.000000,75.000000,5.079999,0.079999,,,335.910614,-66.845123,179.611267,89.999916,50.000053,89.999992,435.931061,-66.850296,179.626709,-164.564560,49.300964,-168.187424,-0.532631,-0.262999,-1.079461,0.111435,4.981010,-1.005787,
feedback,7.998781,1786440035972,7,Ry,5.000000,75.000000,4.878963,-0.121037,,,335.910614,-66.845123,179.611267,89.999916,50.000053,89.999992,435.933319,-66.847961,179.621109,-164.577759,49.263103,-168.204437,0.624750,0.523000,-0.681745,0.118637,4.801930,-0.863611,
feedback,8.007111,1786440035980,7,Ry,5.000000,75.000000,5.140346,0.140346,,,335.910614,-66.845123,179.611267,89.999916,50.000053,89.999992,435.933563,-66.847580,179.615921,-164.589966,49.224083,-168.220261,-0.241499,-0.077774,-1.003364,-0.081184,5.072896,-0.832301,
feedback,8.015552,1786440035988,7,Ry,5.000000,75.000000,5.147174,0.147174,,,335.910614,-66.845123,179.611267,89.999916,50.000053,89.999992,435.928528,-66.848190,179.607574,-164.602036,49.184193,-168.235733,-0.664367,-0.044346,-1.099017,-0.058705,5.090421,-0.772170,
feedback,8.023427,1786440035993,7,Ry,5.000000,75.000000,5.377364,0.377364,,,335.910614,-66.845123,179.611267,89.999916,50.000053,89.999992,435.922119,-66.849792,179.599899,-164.608200,49.163326,-168.243744,-1.607048,-0.399987,-1.915179,-0.076476,5.312342,-0.839239,
feedback,8.031733,1786440036001,7,Ry,5.000000,75.000000,5.454214,0.454214,,,335.910614,-66.845123,179.611267,89.999916,50.000053,89.999992,435.903351,-66.854752,179.581970,-164.619263,49.120155,-168.258179,-1.925226,-0.621177,-1.805556,-0.194772,5.397718,-0.797677,
feedback,8.039395,1786440036010,7,Ry,5.000000,75.000000,5.232191,0.232191,,,335.910614,-66.845123,179.611267,89.999916,50.000053,89.999992,435.894989,-66.857079,179.575119,-164.630783,49.078892,-168.273422,-0.784710,-0.306319,-0.407421,-0.006763,5.148896,-0.930156,
feedback,8.047686,1786440036018,7,Ry,5.000000,75.000000,5.302391,0.302391,,,335.910614,-66.845123,179.611267,89.999916,50.000053,89.999992,435.884216,-66.859177,179.569229,-164.641357,49.036720,-168.287415,-1.196148,-0.370125,-0.559898,-0.210633,5.248858,-0.767597,
feedback,8.056205,1786440036027,7,Ry,5.000000,75.000000,5.294545,0.294545,,,335.910614,-66.845123,179.611267,89.999916,50.000053,89.999992,435.865265,-66.862000,179.560837,-164.657074,48.974117,-168.307541,-1.441762,0.031710,-0.550881,-0.166923,5.261452,-0.650981,
feedback,8.064448,1786440036035,7,Ry,5.000000,75.000000,5.081044,0.081044,,,335.910614,-66.845123,179.611267,89.999916,50.000053,89.999992,435.862030,-66.860741,179.560928,-164.668167,48.934010,-168.321411,0.029599,0.507062,0.181071,-0.044730,5.040998,-0.671710,
feedback,8.072581,1786440036043,7,Ry,5.000000,75.000000,4.928937,-0.071063,,,335.910614,-66.845123,179.611267,89.999916,50.000053,89.999992,435.866486,-66.854362,179.566254,-164.680649,48.895401,-168.335892,0.832548,0.744602,0.647319,0.011197,4.886020,-0.674668,
feedback,8.080866,1786440036052,7,Ry,5.000000,75.000000,4.951080,-0.048920,,,335.910614,-66.845123,179.611267,89.999916,50.000053,89.999992,435.867828,-66.848854,179.566223,-164.693130,48.856834,-168.350342,0.086171,0.666393,-0.036251,0.075467,4.914282,-0.641934,
feedback,8.091010,1786440036060,7,Ry,5.000000,75.000000,4.951908,-0.048092,,,335.910614,-66.845123,179.611267,89.999916,50.000053,89.999992,435.868500,-66.845192,179.561920,-164.705353,48.817860,-168.365051,0.708075,0.475881,-0.203398,-0.011931,4.897515,-0.741737,
feedback,8.097999,1786440036069,7,Ry,5.000000,75.000000,4.789699,-0.210301,,,335.910614,-66.845123,179.611267,89.999916,50.000053,89.999992,435.880524,-66.838783,179.560547,-164.717133,48.780266,-168.379456,1.871811,0.943502,-0.070260,0.044121,4.740595,-0.697586,
feedback,8.106162,1786440036077,7,Ry,5.000000,75.000000,4.650523,-0.349477,,,335.910614,-66.845123,179.611267,89.999916,50.000053,89.999992,435.901031,-66.830948,179.566879,-164.729675,48.744446,-168.395187,2.461015,1.053612,0.825284,0.151767,4.581867,-0.796335,
feedback,8.114069,1786440036085,7,Ry,5.000000,75.000000,4.850401,-0.149599,,,335.910614,-66.845123,179.611267,89.999916,50.000053,89.999992,435.908997,-66.827003,179.571564,-164.741425,48.706619,-168.410156,0.937558,0.573582,0.609528,0.026501,4.794751,-0.739994,
feedback,8.122249,1786440036094,7,Ry,5.000000,75.000000,4.963860,-0.036140,,,335.910614,-66.845123,179.611267,89.999916,50.000053,89.999992,435.915253,-66.821587,179.576736,-164.753647,48.668499,-168.425171,0.654968,0.579612,0.656875,0.013839,4.908323,-0.749271,
feedback,8.130258,1786440036102,7,Ry,5.000000,75.000000,4.991666,-0.008334,,,335.910614,-66.845123,179.611267,89.999916,50.000053,89.999992,435.921967,-66.818390,179.583435,-164.765106,48.629803,-168.440079,0.838038,0.424312,1.036500,0.002254,4.928510,-0.794905,
feedback,8.138687,1786440036111,7,Ry,5.000000,75.000000,5.109247,0.109247,,,335.910614,-66.845123,179.611267,89.999916,50.000053,89.999992,435.929626,-66.818977,179.591949,-164.781906,48.570816,-168.463242,0.263199,-0.436195,0.537834,-0.076061,5.017704,-0.966085,
feedback,8.146875,1786440036119,7,Ry,5.000000,75.000000,5.183936,0.183936,,,335.910614,-66.845123,179.611267,89.999916,50.000053,89.999992,435.926849,-66.821884,179.593414,-164.793320,48.530704,-168.479187,-0.377492,-0.265630,0.174751,-0.080698,5.105490,-0.898357,
feedback,8.154966,1786440036127,7,Ry,5.000000,75.000000,5.338226,0.338226,,,335.910614,-66.845123,179.611267,89.999916,50.000053,89.999992,435.923004,-66.823013,179.591934,-164.804703,48.490299,-168.494476,-0.832515,-0.358803,-0.559043,-0.109698,5.267279,-0.869320,
feedback,8.163436,1786440036136,7,Ry,5.000000,75.000000,5.205932,0.205932,,,335.910614,-66.845123,179.611267,89.999916,50.000053,89.999992,435.927490,-66.823097,179.593918,-164.815918,48.450970,-168.509872,-0.036889,-0.158456,0.037775,-0.136137,5.136491,-0.849186,
feedback,8.171648,1786440036144,7,Ry,5.000000,75.000000,5.075376,0.075376,,,335.910614,-66.845123,179.611267,89.999916,50.000053,89.999992,435.928406,-66.825455,179.593735,-164.826736,48.411720,-168.525162,0.022974,-0.227792,-0.299296,-0.095531,4.997858,-0.883581,
feedback,8.180478,1786440036153,7,Ry,5.000000,75.000000,5.027638,0.027638,,,335.910614,-66.845123,179.611267,89.999916,50.000053,89.999992,435.927246,-66.827042,179.592896,-164.837936,48.373142,-168.540634,-0.494540,-0.321218,-0.311847,-0.064332,4.947623,-0.893579,
feedback,8.187969,1786440036161,7,Ry,5.000000,75.000000,4.964145,-0.035855,,,335.910614,-66.845123,179.611267,89.999916,50.000053,89.999992,435.922089,-66.829597,179.590424,-164.849136,48.334328,-168.555939,-0.350206,-0.194710,-0.072055,-0.036545,4.892271,-0.841903,
feedback,8.196323,1786440036169,7,Ry,5.000000,75.000000,4.810763,-0.189237,,,335.910614,-66.845123,179.611267,89.999916,50.000053,89.999992,435.924896,-66.828667,179.591507,-164.860443,48.296894,-168.570831,0.449084,0.090682,0.138826,-0.001566,4.740329,-0.820346,
feedback,8.204432,1786440036178,7,Ry,5.000000,75.000000,4.988518,-0.011482,,,335.910614,-66.845123,179.611267,89.999916,50.000053,89.999992,435.927887,-66.828415,179.593781,-164.872055,48.259163,-168.586182,-0.156814,-0.141156,-0.070724,-0.015079,4.916190,-0.846631,
feedback,8.212540,1786440036182,7,Ry,5.000000,75.000000,5.044026,0.044026,,,335.910614,-66.845123,179.611267,89.999916,50.000053,89.999992,435.926605,-66.828194,179.592087,-164.878174,48.239670,-168.594025,-0.322320,0.054419,-0.419926,0.033863,4.977722,-0.817386,
feedback,8.220686,1786440036190,7,Ry,5.000000,75.000000,5.223669,0.223669,,,335.910614,-66.845123,179.611267,89.999916,50.000053,89.999992,435.911407,-66.831894,179.580566,-164.895813,48.178905,-168.617096,-1.396589,-0.321158,-0.966159,-0.041366,5.160475,-0.815417,
feedback,8.229470,1786440036199,7,Ry,5.000000,75.000000,5.249049,0.249049,,,335.910614,-66.845123,179.611267,89.999916,50.000053,89.999992,435.901062,-66.835571,179.574234,-164.907532,48.137348,-168.632950,-0.625723,-0.183813,-0.402555,-0.016820,5.175148,-0.878352,
feedback,8.237291,1786440036207,7,Ry,5.000000,75.000000,5.315231,0.315231,,,335.910614,-66.845123,179.611267,89.999916,50.000053,89.999992,435.891022,-66.838028,179.566391,-164.920944,48.096256,-168.650711,-1.296573,-0.394234,-1.163400,0.117881,5.214487,-1.036425,
feedback,8.245408,1786440036216,7,Ry,5.000000,75.000000,5.364998,0.364998,,,335.910614,-66.845123,179.611267,89.999916,50.000053,89.999992,435.877838,-66.842934,179.559235,-164.933594,48.054684,-168.668411,-1.664244,-0.544358,-0.989161,0.041589,5.264482,-1.039409,
feedback,8.253778,1786440036224,7,Ry,5.000000,75.000000,5.156166,0.156166,,,335.910614,-66.845123,179.611267,89.999916,50.000053,89.999992,435.866425,-66.846573,179.555542,-164.946548,48.014172,-168.686081,-0.984904,-0.303592,-0.130001,0.094372,5.058319,-1.006050,
feedback,8.262698,1786440036233,7,Ry,5.000000,75.000000,4.975521,-0.024479,,,335.910614,-66.845123,179.611267,89.999916,50.000053,89.999992,435.864166,-66.848434,179.561661,-164.959732,47.975227,-168.703934,0.360083,0.019288,0.907866,0.158080,4.879909,-0.977616,
feedback,8.269732,1786440036241,7,Ry,5.000000,75.000000,4.958253,-0.041747,,,335.910614,-66.845123,179.611267,89.999916,50.000053,89.999992,435.866425,-66.849777,179.570374,-164.972916,47.937443,-168.721680,0.083374,-0.099018,1.001543,0.199833,4.857124,-1.007409,
feedback,8.278237,1786440036249,7,Ry,5.000000,75.000000,4.847248,-0.152752,,,335.910614,-66.845123,179.611267,89.999916,50.000053,89.999992,435.868103,-66.848534,179.575043,-164.986191,47.900112,-168.739319,0.240368,0.054827,0.584235,0.166712,4.745363,-1.001966,
feedback,8.287643,1786440036258,7,Ry,5.000000,75.000000,4.780470,-0.219530,,,335.910614,-66.845123,179.611267,89.999916,50.000053,89.999992,435.872955,-66.847214,179.580612,-164.999100,47.863224,-168.756424,0.943520,0.287949,0.863631,0.180951,4.688236,-0.941401,
feedback,8.294806,1786440036266,7,Ry,5.000000,75.000000,4.613049,-0.386951,,,335.910614,-66.845123,179.611267,89.999916,50.000053,89.999992,435.890656,-66.842880,179.592255,-165.012024,47.828125,-168.773697,2.559600,0.702465,1.726924,0.228126,4.513413,-0.968756,
feedback,8.302966,1786440036275,7,Ry,5.000000,75.000000,4.980142,-0.019858,,,335.910614,-66.845123,179.611267,89.999916,50.000053,89.999992,435.911377,-66.836639,179.599106,-165.030502,47.773453,-168.798386,0.476675,0.040144,-0.264618,0.017151,4.900868,-0.885296,
feedback,8.311033,1786440036283,7,Ry,5.000000,75.000000,5.067914,0.067914,,,335.910614,-66.845123,179.611267,89.999916,50.000053,89.999992,435.916229,-66.834579,179.597351,-165.041611,47.734634,-168.813293,0.223582,0.056200,-0.312921,-0.007906,4.991421,-0.877191,
feedback,8.319883,1786440036291,7,Ry,5.000000,75.000000,5.018323,0.018323,,,335.910614,-66.845123,179.611267,89.999916,50.000053,89.999992,435.923218,-66.833344,179.602112,-165.053604,47.696152,-168.829788,0.710831,-0.150297,0.679329,0.035196,4.915368,-1.022989,
feedback,8.327634,1786440036300,7,Ry,5.000000,75.000000,4.967776,-0.032224,,,335.910614,-66.845123,179.611267,89.999916,50.000053,89.999992,435.930237,-66.831757,179.610229,-165.065948,47.658157,-168.846802,0.624757,0.314461,0.843514,0.122368,4.876338,-0.953240,
feedback,8.335336,1786440036308,7,Ry,5.000000,75.000000,5.167299,0.167299,,,335.910614,-66.845123,179.611267,89.999916,50.000053,89.999992,435.929901,-66.831581,179.615082,-165.078552,47.618504,-168.863785,-0.319094,-0.221253,0.205386,0.046884,5.075897,-0.970480,
feedback,8.343493,1786440036317,7,Ry,5.000000,75.000000,5.127123,0.127123,,,335.910614,-66.845123,179.611267,89.999916,50.000053,89.999992,435.927795,-66.833733,179.616989,-165.090866,47.578796,-168.880951,-0.051399,-0.294302,0.417059,0.072862,5.023791,-1.034664,
feedback,8.351586,1786440036321,7,Ry,5.000000,75.000000,5.136099,0.136099,,,335.910614,-66.845123,179.611267,89.999916,50.000053,89.999992,435.927002,-66.834373,179.619415,-165.097076,47.559067,-168.889465,-0.206679,-0.161996,0.610005,0.077161,5.042387,-0.980866,
feedback,8.359792,1786440036329,7,Ry,5.000000,75.000000,4.967185,-0.032815,,,335.910614,-66.845123,179.611267,89.999916,50.000053,89.999992,435.928680,-66.836243,179.624954,-165.109299,47.520348,-168.906891,0.584554,-0.119954,1.125949,0.070899,4.862205,-1.030032,
feedback,8.369003,1786440036338,7,Ry,5.000000,75.000000,5.049937,0.049937,,,335.910614,-66.845123,179.611267,89.999916,50.000053,89.999992,435.929626,-66.836555,179.629395,-165.121964,47.482018,-168.924210,-0.310818,-0.307505,0.425128,0.066370,4.952481,-0.994577,
feedback,8.376440,1786440036346,7,Ry,5.000000,75.000000,5.029155,0.029155,,,335.910614,-66.845123,179.611267,89.999916,50.000053,89.999992,435.926514,-66.838165,179.628296,-165.133865,47.443153,-168.940643,-0.307650,0.003429,-0.201694,0.105476,4.938763,-0.952652,
feedback,8.384829,1786440036354,7,Ry,5.000000,75.000000,4.957449,-0.042551,,,335.910614,-66.845123,179.611267,89.999916,50.000053,89.999992,435.923676,-66.840385,179.624054,-165.152161,47.385662,-168.965988,0.149290,-0.173642,-0.153130,0.081996,4.856639,-1.005525,
feedback,8.392499,1786440036363,7,Ry,5.000000,75.000000,4.827106,-0.172894,,,335.910614,-66.845123,179.611267,89.999916,50.000053,89.999992,435.927856,-66.839645,179.623901,-165.164383,47.348545,-168.982635,0.538168,0.298199,-0.203819,0.125415,4.743961,-0.893829,
feedback,8.401326,1786440036372,7,Ry,5.000000,75.000000,4.871023,-0.128977,,,335.910614,-66.845123,179.611267,89.999916,50.000053,89.999992,435.931885,-66.837364,179.624863,-165.176559,47.311340,-168.998734,0.297218,0.080425,0.143368,0.092007,4.783677,-0.921540,
feedback,8.408984,1786440036380,7,Ry,5.000000,75.000000,5.110035,0.110035,,,335.910614,-66.845123,179.611267,89.999916,50.000053,89.999992,435.926361,-66.838326,179.620468,-165.188309,47.272072,-169.014252,-0.882135,0.055229,-0.663175,0.027289,5.047428,-0.802016,
feedback,8.417718,1786440036388,7,Ry,5.000000,75.000000,5.282903,0.282903,,,335.910614,-66.845123,179.611267,89.999916,50.000053,89.999992,435.914185,-66.840469,179.612488,-165.199432,47.231144,-169.028992,-1.455867,-0.117582,-0.928516,-0.075501,5.223565,-0.798634,
feedback,8.425259,1786440036397,7,Ry,5.000000,75.000000,5.249147,0.249147,,,335.910614,-66.845123,179.611267,89.999916,50.000053,89.999992,435.910065,-66.840515,179.609100,-165.211044,47.190891,-169.044586,-0.855766,0.012446,-0.664221,0.023625,5.170578,-0.904810,
feedback,8.433325,1786440036405,7,Ry,5.000000,75.000000,5.527780,0.527780,,,335.910614,-66.845123,179.611267,89.999916,50.000053,89.999992,435.897003,-66.845856,179.600952,-165.222015,47.148716,-169.060165,-2.207582,-1.000636,-1.345670,-0.190940,5.448112,-0.935528,
feedback,8.442613,1786440036413,7,Ry,5.000000,75.000000,5.530453,0.530453,,,335.910614,-66.845123,179.611267,89.999916,50.000053,89.999992,435.881195,-66.850533,179.587997,-165.233002,47.105930,-169.075302,-2.292831,-0.528077,-1.941474,-0.071036,5.462979,-0.866465,
feedback,8.450239,1786440036422,7,Ry,5.000000,75.000000,5.459840,0.459840,,,335.910614,-66.845123,179.611267,89.999916,50.000053,89.999992,435.866760,-66.854919,179.574173,-165.243103,47.062988,-169.089127,-1.567586,-0.572693,-1.447976,-0.223180,5.405356,-0.786627,
feedback,8.457810,1786440036430,7,Ry,5.000000,75.000000,5.175716,0.175716,,,335.910614,-66.845123,179.611267,89.999916,50.000053,89.999992,435.865295,-66.853477,179.570053,-165.253662,47.022255,-169.103088,-0.034257,0.239680,-0.330318,-0.096141,5.124198,-0.744904,
feedback,8.466266,1786440036439,7,Ry,5.000000,75.000000,4.930071,-0.069929,,,335.910614,-66.845123,179.611267,89.999916,50.000053,89.999992,435.864044,-66.850105,179.571152,-165.270294,46.963379,-169.124680,0.160777,0.330967,0.335132,0.046578,4.864427,-0.803560,
feedback,8.474154,1786440036447,7,Ry,5.000000,75.000000,4.795745,-0.204255,,,335.910614,-66.845123,179.611267,89.999916,50.000053,89.999992,435.865295,-66.847229,179.572220,-165.281006,46.924911,-169.138138,0.670686,0.554769,0.376480,0.008411,4.749815,-0.679942,
feedback,8.482210,1786440036455,7,Ry,5.000000,75.000000,4.666674,-0.333326,,,335.910614,-66.845123,179.611267,89.999916,50.000053,89.999992,435.878784,-66.842072,179.583160,-165.292023,46.888275,-169.152512,1.954960,0.764649,1.382591,0.084145,4.603051,-0.769069,
feedback,8.490555,1786440036464,7,Ry,5.000000,75.000000,4.451879,-0.548121,,,335.910614,-66.845123,179.611267,89.999916,50.000053,89.999992,435.898834,-66.835602,179.595276,-165.302155,46.853264,-169.165924,2.577412,0.822397,1.555139,-0.025263,4.397739,-0.696473,
feedback,8.500329,1786440036468,7,Ry,5.000000,75.000000,4.892414,-0.107586,,,335.910614,-66.845123,179.611267,89.999916,50.000053,89.999992,435.901825,-66.834785,179.596588,-165.306641,46.834103,-169.171890,0.747190,0.202874,0.331001,-0.146958,4.849408,-0.671789,
feedback,8.506922,1786440036476,7,Ry,5.000000,75.000000,5.026632,0.026632,,,335.910614,-66.845123,179.611267,89.999916,50.000053,89.999992,435.908417,-66.831871,179.597534,-165.315842,46.795723,-169.184265,0.575022,0.161612,-0.169515,-0.165678,4.975179,-0.731457,
feedback,8.515486,1786440036485,7,Ry,5.000000,75.000000,5.037998,0.037998,,,335.910614,-66.845123,179.611267,89.999916,50.000053,89.999992,435.916962,-66.829674,179.596313,-165.325043,46.756714,-169.197266,1.119715,0.238530,-0.097214,-0.172955,4.974817,-0.798999,
feedback,8.523365,1786440036493,7,Ry,5.000000,75.000000,5.087752,0.087752,,,335.910614,-66.845123,179.611267,89.999916,50.000053,89.999992,435.925568,-66.827576,179.597366,-165.334824,46.717167,-169.210861,0.968202,0.024848,0.092704,-0.122755,5.017420,-0.843938,
feedback,8.531669,1786440036502,7,Ry,5.000000,75.000000,5.229078,0.229078,,,335.910614,-66.845123,179.611267,89.999916,50.000053,89.999992,435.924896,-66.828209,179.598785,-165.344376,46.676819,-169.224228,-0.353377,-0.053149,0.006753,-0.152853,5.173976,-0.769884,
feedback,8.539478,1786440036510,7,Ry,5.000000,75.000000,5.063317,0.063317,,,335.910614,-66.845123,179.611267,89.999916,50.000053,89.999992,435.922638,-66.827858,179.601715,-165.354218,46.636742,-169.237823,0.219084,0.181745,0.678386,-0.102688,4.997374,-0.816902,
feedback,8.548735,1786440036519,7,Ry,5.000000,75.000000,5.006318,0.006318,,,335.910614,-66.845123,179.611267,89.999916,50.000053,89.999992,435.924896,-66.825699,179.611572,-165.368729,46.577503,-169.257935,0.515837,-0.015944,1.092176,-0.131616,4.927771,-0.883387,
feedback,8.555771,1786440036527,7,Ry,5.000000,75.000000,5.083782,0.083782,,,335.910614,-66.845123,179.611267,89.999916,50.000053,89.999992,435.925323,-66.825233,179.616333,-165.378860,46.538010,-169.271820,-0.144021,-0.106046,0.453135,-0.058206,5.014423,-0.838088,
feedback,8.565233,1786440036535,7,Ry,5.000000,75.000000,5.144784,0.144784,,,335.910614,-66.845123,179.611267,89.999916,50.000053,89.999992,435.918793,-66.829613,179.615295,-165.388718,46.498009,-169.285828,-0.892644,-0.521942,-0.288305,-0.077111,5.070867,-0.869268,
feedback,8.572262,1786440036544,7,Ry,5.000000,75.000000,5.219357,0.219357,,,335.910614,-66.845123,179.611267,89.999916,50.000053,89.999992,435.910767,-66.833115,179.610489,-165.398529,46.458267,-169.299744,-1.447508,-0.566580,-0.915381,-0.148363,5.151392,-0.841991,
feedback,8.580560,1786440036552,7,Ry,5.000000,75.000000,4.964961,-0.035039,,,335.910614,-66.845123,179.611267,89.999916,50.000053,89.999992,435.913605,-66.832039,179.608978,-165.408920,46.419754,-169.314026,0.431196,0.042653,-0.150220,-0.018552,4.887735,-0.872337,
feedback,8.588718,1786440036561,7,Ry,5.000000,75.000000,4.926920,-0.073080,,,335.910614,-66.845123,179.611267,89.999916,50.000053,89.999992,435.916626,-66.833237,179.607040,-165.418671,46.381588,-169.328079,0.244116,-0.278831,-0.349745,-0.059373,4.845860,-0.890717,
feedback,8.596776,1786440036569,7,Ry,5.000000,75.000000,4.923646,-0.076354,,,335.910614,-66.845123,179.611267,89.999916,50.000053,89.999992,435.920288,-66.832672,179.607056,-165.429337,46.344234,-169.342804,-0.032701,0.002455,-0.287484,0.039414,4.846425,-0.868728,
feedback,8.605197,1786440036577,7,Ry,5.000000,75.000000,5.104436,0.104436,,,335.910614,-66.845123,179.611267,89.999916,50.000053,89.999992,435.911072,-66.834145,179.600891,-165.439713,46.304733,-169.356812,-1.279900,0.066004,-0.853361,-0.014428,5.050838,-0.750563,
feedback,8.615387,1786440036586,7,Ry,5.000000,75.000000,4.972680,-0.027320,,,335.910614,-66.845123,179.611267,89.999916,50.000053,89.999992,435.906647,-66.836014,179.600067,-165.448944,46.265556,-169.370270,-0.073736,-0.002848,0.156321,-0.093066,4.900094,-0.846651,
feedback,8.621597,1786440036594,7,Ry,5.000000,75.000000,5.299959,0.299959,,,335.910614,-66.845123,179.611267,89.999916,50.000053,89.999992,435.896606,-66.840782,179.596436,-165.464233,46.204365,-169.391785,-1.174480,-0.601120,-0.511826,-0.083943,5.225513,-0.885838,
feedback,8.629763,1786440036599,7,Ry,5.000000,75.000000,5.299959,0.299959,,,335.910614,-66.845123,179.611267,89.999916,50.000053,89.999992,435.896606,-66.840782,179.596436,-165.464233,46.204365,-169.391785,-1.174480,-0.601120,-0.511826,-0.083943,5.225513,-0.885838,
feedback,8.637993,1786440036608,7,Ry,5.000000,75.000000,5.412786,0.412786,,,335.910614,-66.845123,179.611267,89.999916,50.000053,89.999992,435.877197,-66.851555,179.585876,-165.477890,46.141510,-169.412537,-1.813410,-0.955489,-1.224955,-0.201018,5.336883,-0.903888,
feedback,8.646155,1786440036617,7,Ry,5.000000,75.000000,5.308426,0.308426,,,335.910614,-66.845123,179.611267,89.999916,50.000053,89.999992,435.871307,-66.854477,179.581940,-165.487274,46.100220,-169.426178,-0.588446,-0.433819,-0.496759,-0.167462,5.234794,-0.881901,
feedback,8.654806,1786440036626,7,Ry,5.000000,75.000000,5.217326,0.217326,,,335.910614,-66.845123,179.611267,89.999916,50.000053,89.999992,435.872070,-66.853539,179.581268,-165.497284,46.059978,-169.440094,-0.063847,0.141654,-0.402087,-0.090111,5.151649,-0.828906,
feedback,8.662679,1786440036634,7,Ry,5.000000,75.000000,5.170826,0.170826,,,335.910614,-66.845123,179.611267,89.999916,50.000053,89.999992,435.867798,-66.853928,179.579681,-165.506973,46.019642,-169.453842,-0.662337,0.067876,-0.215983,-0.045631,5.103428,-0.834630,
feedback,8.671714,1786440036642,7,Ry,5.000000,75.000000,4.796361,-0.203639,,,335.910614,-66.845123,179.611267,89.999916,50.000053,89.999992,435.873932,-66.852432,179.588470,-165.522552,45.962570,-169.475754,1.311080,0.325088,1.293067,0.056120,4.713051,-0.892104,
feedback,8.679630,1786440036651,7,Ry,5.000000,75.000000,4.646405,-0.353595,,,335.910614,-66.845123,179.611267,89.999916,50.000053,89.999992,435.891327,-66.849121,179.602814,-165.533401,45.926949,-169.491364,2.193281,0.357503,1.813201,0.152388,4.539204,-1.014446,
feedback,8.688623,1786440036659,7,Ry,5.000000,75.000000,4.723643,-0.276357,,,335.910614,-66.845123,179.611267,89.999916,50.000053,89.999992,435.903259,-66.846222,179.610870,-165.546280,45.891281,-169.509079,1.224143,0.430227,0.715088,0.289650,4.614537,-1.032097,
feedback,8.695795,1786440036668,7,Ry,5.000000,75.000000,4.651809,-0.348191,,,335.910614,-66.845123,179.611267,89.999916,50.000053,89.999992,435.916443,-66.842812,179.620163,-165.558929,45.856102,-169.526703,1.690363,0.503095,1.338587,0.268242,4.537865,-1.053221,
feedback,8.703999,1786440036676,7,Ry,5.000000,75.000000,4.746776,-0.253224,,,335.910614,-66.845123,179.611267,89.999916,50.000053,89.999992,435.931610,-66.840240,179.627640,-165.570145,45.819679,-169.542938,2.081280,0.431923,1.069145,0.153136,4.643132,-1.003091,
feedback,8.712305,1786440036684,7,Ry,5.000000,75.000000,4.953893,-0.046107,,,335.910614,-66.845123,179.611267,89.999916,50.000053,89.999992,435.946320,-66.838287,179.634781,-165.581436,45.782421,-169.559341,1.392877,0.157612,0.611294,0.109763,4.847939,-1.034305,
feedback,8.720300,1786440036693,7,Ry,5.000000,75.000000,5.146921,0.146921,,,335.910614,-66.845123,179.611267,89.999916,50.000053,89.999992,435.948792,-66.838547,179.637405,-165.592178,45.743240,-169.574921,-0.166029,-0.030649,0.174816,0.003242,5.059200,-0.947787,
feedback,8.728254,1786440036701,7,Ry,5.000000,75.000000,5.075763,0.075763,,,335.910614,-66.845123,179.611267,89.999916,50.000053,89.999992,435.946899,-66.839218,179.640976,-165.603333,45.703716,-169.590836,-0.068803,0.013313,0.897239,0.086932,4.982783,-0.971381,
feedback,8.736438,1786440036705,7,Ry,5.000000,75.000000,4.931849,-0.068151,,,335.910614,-66.845123,179.611267,89.999916,50.000053,89.999992,435.948486,-66.838684,179.645523,-165.608887,45.684772,-169.598785,0.390550,0.133587,1.139918,0.098926,4.832625,-0.994200,
feedback,8.745661,1786440036714,7,Ry,5.000000,75.000000,5.082300,0.082300,,,335.910614,-66.845123,179.611267,89.999916,50.000053,89.999992,435.945892,-66.841087,179.650818,-165.618896,45.644772,-169.613846,0.188701,-0.031451,0.779436,0.004816,4.990139,-0.967319,
feedback,8.752609,1786440036722,7,Ry,5.000000,75.000000,5.159072,0.159072,,,335.910614,-66.845123,179.611267,89.999916,50.000053,89.999992,435.943176,-66.843651,179.654892,-165.629089,45.604763,-169.628601,-0.434337,-0.542338,0.459170,-0.052693,5.070586,-0.953212,
feedback,8.761562,1786440036731,7,Ry,5.000000,75.000000,5.256282,0.256282,,,335.910614,-66.845123,179.611267,89.999916,50.000053,89.999992,435.928925,-66.852264,179.649979,-165.643341,45.543678,-169.650024,-1.450127,-0.979576,-0.486471,-0.164753,5.171716,-0.939515,
feedback,8.768721,1786440036739,7,Ry,5.000000,75.000000,5.034475,0.034475,,,335.910614,-66.845123,179.611267,89.999916,50.000053,89.999992,435.923553,-66.856361,179.650513,-165.652832,45.504379,-169.664490,-0.459848,-0.413732,0.131053,-0.008605,4.940471,-0.973575,
feedback,8.777071,1786440036747,7,Ry,5.000000,75.000000,4.977917,-0.022083,,,335.910614,-66.845123,179.611267,89.999916,50.000053,89.999992,435.925842,-66.857719,179.649796,-165.663376,45.466267,-169.680084,0.375559,-0.225769,-0.336346,0.044510,4.868325,-1.056999,
feedback,8.785466,1786440036756,7,Ry,5.000000,75.000000,4.923961,-0.076039,,,335.910614,-66.845123,179.611267,89.999916,50.000053,89.999992,435.926453,-66.859116,179.648117,-165.674393,45.428169,-169.696075,0.260711,-0.022908,-0.208184,0.126808,4.822996,-1.003310,
feedback,8.794125,1786440036764,7,Ry,5.000000,75.000000,4.927129,-0.072871,,,335.910614,-66.845123,179.611267,89.999916,50.000053,89.999992,435.923737,-66.859726,179.642975,-165.685669,45.390099,-169.711929,-0.340105,-0.035067,-0.624120,0.149908,4.833051,-0.964513,
feedback,8.801577,1786440036773,7,Ry,5.000000,75.000000,4.985618,-0.014382,,,335.910614,-66.845123,179.611267,89.999916,50.000053,89.999992,435.916840,-66.861603,179.635895,-165.696854,45.351410,-169.727676,-0.410541,-0.164377,-0.631926,0.100301,4.886766,-0.996741,
feedback,8.809768,1786440036781,7,Ry,5.000000,75.000000,5.059937,0.059937,,,335.910614,-66.845123,179.611267,89.999916,50.000053,89.999992,435.913635,-66.863579,179.634613,-165.707794,45.312321,-169.743591,-0.159439,-0.325708,-0.245986,0.077114,4.953857,-1.044266,
feedback,8.817861,1786440036789,7,Ry,5.000000,75.000000,5.287312,0.287312,,,335.910614,-66.845123,179.611267,89.999916,50.000053,89.999992,435.907928,-66.868126,179.629608,-165.718262,45.272167,-169.759048,-1.072229,-0.875892,-1.043810,-0.035469,5.187197,-1.030426,
feedback,8.826733,1786440036798,7,Ry,5.000000,75.000000,5.345692,0.345692,,,335.910614,-66.845123,179.611267,89.999916,50.000053,89.999992,435.898407,-66.871620,179.620850,-165.728195,45.230911,-169.773651,-1.264475,-0.169333,-1.270336,-0.044271,5.273692,-0.876058,
feedback,8.834171,1786440036806,7,Ry,5.000000,75.000000,5.300385,0.300385,,,335.910614,-66.845123,179.611267,89.999916,50.000053,89.999992,435.890442,-66.872330,179.611710,-165.738312,45.189320,-169.787674,-0.536256,0.079993,-1.070871,-0.033460,5.234164,-0.839304,
feedback,8.842724,1786440036814,7,Ry,5.000000,75.000000,5.307890,0.307890,,,335.910614,-66.845123,179.611267,89.999916,50.000053,89.999992,435.887421,-66.873795,179.606262,-165.747757,45.147694,-169.801682,-0.115968,0.038369,-0.768830,-0.060968,5.232424,-0.892425,
feedback,8.850767,1786440036823,7,Ry,5.000000,75.000000,5.378243,0.378243,,,335.910614,-66.845123,179.611267,89.999916,50.000053,89.999992,435.871765,-66.878212,179.589066,-165.761948,45.084042,-169.822235,-1.457733,-0.479821,-1.339914,-0.078138,5.304048,-0.891393,
feedback,8.858994,1786440036832,7,Ry,5.000000,75.000000,5.081319,0.081319,,,335.910614,-66.845123,179.611267,89.999916,50.000053,89.999992,435.868713,-66.878487,179.586700,-165.771576,45.044067,-169.835922,-0.193950,-0.053685,0.105336,-0.011255,5.000967,-0.900270,
feedback,8.867280,1786440036840,7,Ry,5.000000,75.000000,4.773171,-0.226829,,,335.910614,-66.845123,179.611267,89.999916,50.000053,89.999992,435.879211,-66.875252,179.594528,-165.780975,45.006378,-169.849640,1.693630,0.453485,1.399788,0.005762,4.691561,-0.880419,
feedback,8.875551,1786440036849,7,Ry,5.000000,75.000000,4.801154,-0.198846,,,335.910614,-66.845123,179.611267,89.999916,50.000053,89.999992,435.893463,-66.869453,179.602341,-165.791122,44.969440,-169.863464,1.438025,0.637918,0.976139,0.061228,4.728908,-0.829724,
feedback,8.884283,1786440036853,7,Ry,5.000000,75.000000,4.745165,-0.254835,,,335.910614,-66.845123,179.611267,89.999916,50.000053,89.999992,435.902924,-66.866341,179.608826,-165.801514,44.932671,-169.877731,1.149139,0.362668,0.801165,0.140929,4.660804,-0.893454,
feedback,8.891909,1786440036861,7,Ry,5.000000,75.000000,4.632640,-0.367360,,,335.910614,-66.845123,179.611267,89.999916,50.000053,89.999992,435.911407,-66.863693,179.614014,-165.807068,44.914921,-169.885345,2.117260,0.659952,1.301679,0.187270,4.541008,-0.924804,
feedback,8.900717,1786440036870,7,Ry,5.000000,75.000000,4.555460,-0.444540,,,335.910614,-66.845123,179.611267,89.999916,50.000053,89.999992,435.931732,-66.857941,179.623459,-165.818146,44.880032,-169.900757,2.855339,0.805318,1.251792,0.207965,4.458745,-0.946863,
feedback,8.908625,1786440036878,7,Ry,5.000000,75.000000,4.889589,-0.110411,,,335.910614,-66.845123,179.611267,89.999916,50.000053,89.999992,435.949310,-66.852051,179.628571,-165.828949,44.843414,-169.915436,1.774676,0.726695,0.126096,0.098086,4.815651,-0.846996,
feedback,8.917495,1786440036887,7,Ry,5.000000,75.000000,5.156487,0.156487,,,335.910614,-66.845123,179.611267,89.999916,50.000053,89.999992,435.952637,-66.851555,179.624115,-165.843811,44.784271,-169.936844,-0.324508,-0.066788,-0.371545,0.024218,5.075565,-0.910044,
feedback,8.924886,1786440036895,7,Ry,5.000000,75.000000,5.132192,0.132192,,,335.910614,-66.845123,179.611267,89.999916,50.000053,89.999992,435.950989,-66.851433,179.623962,-165.853165,44.744274,-169.950134,-0.260512,-0.035887,0.019918,-0.062324,5.062319,-0.845335,
feedback,8.932716,1786440036904,7,Ry,5.000000,75.000000,5.250326,0.250326,,,335.910614,-66.845123,179.611267,89.999916,50.000053,89.999992,435.946747,-66.854103,179.623352,-165.861725,44.703377,-169.963043,-0.521438,-0.314088,-0.057822,-0.124909,5.179300,-0.862276,
feedback,8.940810,1786440036912,7,Ry,5.000000,75.000000,5.325582,0.325582,,,335.910614,-66.845123,179.611267,89.999916,50.000053,89.999992,435.939697,-66.857460,179.620377,-165.870117,44.661781,-169.975616,-1.047680,-0.551755,-0.517555,-0.218745,5.262238,-0.825385,
feedback,8.949093,1786440036921,7,Ry,5.000000,75.000000,5.284140,0.284140,,,335.910614,-66.845123,179.611267,89.999916,50.000053,89.999992,435.932404,-66.861832,179.619125,-165.878510,44.620766,-169.988434,-1.209740,-0.586939,-0.274347,-0.125973,5.210340,-0.880967,
feedback,8.957597,1786440036929,7,Ry,5.000000,75.000000,5.225771,0.225771,,,335.910614,-66.845123,179.611267,89.999916,50.000053,89.999992,435.920197,-66.864937,179.616470,-165.886597,44.579323,-170.000137,-1.261024,-0.305560,-0.169001,-0.202154,5.174032,-0.750827,
feedback,8.965972,1786440036938,7,Ry,5.000000,75.000000,5.216239,0.216239,,,335.910614,-66.845123,179.611267,89.999916,50.000053,89.999992,435.913818,-66.867867,179.612823,-165.894455,44.538666,-170.012131,-0.864670,-0.253781,-0.618505,-0.188316,5.161723,-0.765734,
feedback,8.973627,1786440036946,7,Ry,5.000000,75.000000,5.151476,0.151476,,,335.910614,-66.845123,179.611267,89.999916,50.000053,89.999992,435.912170,-66.869133,179.610458,-165.901031,44.498310,-170.021713,-0.773268,-0.306025,-0.607586,-0.351041,5.128978,-0.578679,
feedback,8.982058,1786440036955,7,Ry,5.000000,75.000000,5.132591,0.132591,,,335.910614,-66.845123,179.611267,89.999916,50.000053,89.999992,435.903290,-66.871841,179.599884,-165.912598,44.437962,-170.038193,-1.180887,-0.177587,-1.074913,-0.135053,5.085388,-0.716940,
feedback,8.990154,1786440036963,7,Ry,5.000000,75.000000,4.978096,-0.021904,,,335.910614,-66.845123,179.611267,89.999916,50.000053,89.999992,435.896576,-66.874603,179.592697,-165.920593,44.398415,-170.049896,-0.395243,-0.217730,-0.730121,-0.144105,4.918913,-0.771295,
feedback,8.999158,1786440036971,7,Ry,5.000000,75.000000,4.837789,-0.162211,,,335.910614,-66.845123,179.611267,89.999916,50.000053,89.999992,435.902313,-66.870491,179.593246,-165.930054,44.360725,-170.062378,0.894910,0.624576,0.394893,0.041886,4.784273,-0.726858,
feedback,9.006861,1786440036980,7,Ry,5.000000,75.000000,5.012118,0.012118,,,335.910614,-66.845123,179.611267,89.999916,50.000053,89.999992,435.900543,-66.869240,179.590637,-165.939178,44.321503,-170.074905,-0.014806,0.317367,-0.258985,-0.012298,4.954377,-0.766077,
feedback,9.015752,1786440036988,7,Ry,5.000000,75.000000,5.169675,0.169675,,,335.910614,-66.845123,179.611267,89.999916,50.000053,89.999992,435.892883,-66.870102,179.586945,-165.948486,44.281273,-170.087875,-1.039631,0.074514,-0.209244,-0.019611,5.113230,-0.772535,
feedback,9.023362,1786440036996,7,Ry,5.000000,75.000000,5.134959,0.134959,,,335.910614,-66.845123,179.611267,89.999916,50.000053,89.999992,435.888031,-66.870262,179.584610,-165.957397,44.240723,-170.100647,-0.315120,0.113638,0.044901,-0.078843,5.072500,-0.803561,
feedback,9.031375,1786440037001,7,Ry,5.000000,75.000000,5.122674,0.122674,,,335.910614,-66.845123,179.611267,89.999916,50.000053,89.999992,435.888184,-66.869637,179.585464,-165.961868,44.220749,-170.107056,0.036254,0.155581,0.218831,-0.069768,5.056209,-0.825182,
feedback,9.039405,1786440037009,7,Ry,5.000000,75.000000,5.260479,0.260479,,,335.910614,-66.845123,179.611267,89.999916,50.000053,89.999992,435.885040,-66.869308,179.585037,-165.970917,44.179878,-170.119873,-0.586835,-0.205203,-0.209838,-0.112381,5.196519,-0.823056,
feedback,9.047444,1786440037017,7,Ry,5.000000,75.000000,5.278296,0.278296,,,335.910614,-66.845123,179.611267,89.999916,50.000053,89.999992,435.877167,-66.870209,179.582520,-165.980286,44.138931,-170.132935,-1.193258,-0.173376,-0.472475,-0.048965,5.217087,-0.809041,
feedback,9.055700,1786440037026,7,Ry,5.000000,75.000000,5.184919,0.184919,,,335.910614,-66.845123,179.611267,89.999916,50.000053,89.999992,435.872559,-66.869987,179.585892,-165.989594,44.098907,-170.145935,-0.514844,0.195435,0.569603,-0.024289,5.126537,-0.784860,
feedback,9.064105,1786440037034,7,Ry,5.000000,75.000000,4.856985,-0.143015,,,335.910614,-66.845123,179.611267,89.999916,50.000053,89.999992,435.879761,-66.867126,179.594910,-165.999466,44.060638,-170.159698,1.545372,0.602192,1.477835,0.073920,4.783083,-0.844070,
feedback,9.073031,1786440037043,7,Ry,5.000000,75.000000,4.804856,-0.195144,,,335.910614,-66.845123,179.611267,89.999916,50.000053,89.999992,435.895660,-66.862061,179.610657,-166.013840,44.004681,-170.179779,1.076146,0.333488,1.014944,0.051954,4.730426,-0.842488,
feedback,9.081115,1786440037051,7,Ry,5.000000,75.000000,4.795647,-0.204353,,,335.910614,-66.845123,179.611267,89.999916,50.000053,89.999992,435.904907,-66.858749,179.618179,-166.023712,43.967575,-170.193420,1.269895,0.413434,0.884089,0.070610,4.722115,-0.836608,
feedback,9.088930,1786440037060,7,Ry,5.000000,75.000000,4.756306,-0.243694,,,335.910614,-66.845123,179.611267,89.999916,50.000053,89.999992,435.916748,-66.850983,179.621841,-166.034653,43.930355,-170.206863,1.797010,1.047633,0.446273,0.186465,4.702009,-0.724224,
feedback,9.096953,1786440037068,7,Ry,5.000000,75.000000,4.651838,-0.348162,,,335.910614,-66.845123,179.611267,89.999916,50.000053,89.999992,435.935669,-66.840096,179.624237,-166.046448,43.894043,-170.220840,2.626202,1.390048,0.385897,0.306838,4.594290,-0.733554,
feedback,9.106251,1786440037076,7,Ry,5.000000,75.000000,4.943509,-0.056491,,,335.910614,-66.845123,179.611267,89.999916,50.000053,89.999992,435.944061,-66.833992,179.623062,-166.057343,43.856186,-170.234329,0.538247,0.640081,-0.236528,0.154153,4.886600,-0.755394,
feedback,9.113690,1786440037085,7,Ry,5.000000,75.000000,4.905683,-0.094317,,,335.910614,-66.845123,179.611267,89.999916,50.000053,89.999992,435.951477,-66.826653,179.625229,-166.068039,43.818256,-170.247482,0.736926,0.952613,0.341954,0.140545,4.858273,-0.698230,
feedback,9.121768,1786440037093,7,Ry,5.000000,75.000000,5.090464,0.090464,,,335.910614,-66.845123,179.611267,89.999916,50.000053,89.999992,435.953033,-66.823097,179.626633,-166.078110,43.779045,-170.260727,0.032987,0.491695,0.169083,0.079039,5.033307,-0.769620,
feedback,9.129951,1786440037101,7,Ry,5.000000,75.000000,5.151467,0.151467,,,335.910614,-66.845123,179.611267,89.999916,50.000053,89.999992,435.952545,-66.821861,179.627625,-166.087906,43.739082,-170.274338,-0.194703,0.033623,0.255414,-0.012346,5.080817,-0.851382,
feedback,9.137897,1786440037110,7,Ry,5.000000,75.000000,5.255253,0.255253,,,335.910614,-66.845123,179.611267,89.999916,50.000053,89.999992,435.947571,-66.824501,179.626923,-166.097336,43.698402,-170.287994,-1.063455,-0.485448,-0.207787,-0.084961,5.182511,-0.872260,
feedback,9.146648,1786440037118,7,Ry,5.000000,75.000000,5.371556,0.371556,,,335.910614,-66.845123,179.611267,89.999916,50.000053,89.999992,435.936829,-66.827614,179.623993,-166.106659,43.657074,-170.301193,-1.849224,-0.372097,-0.721312,-0.077001,5.315070,-0.790293,
feedback,9.154770,1786440037127,7,Ry,5.000000,75.000000,5.329224,0.329224,,,335.910614,-66.845123,179.611267,89.999916,50.000053,89.999992,435.921051,-66.831337,179.615570,-166.122116,43.595058,-170.323654,-1.011408,-0.413531,-0.776352,0.052759,5.227263,-1.044496,
feedback,9.163099,1786440037135,7,Ry,5.000000,75.000000,5.319100,0.319100,,,335.910614,-66.845123,179.611267,89.999916,50.000053,89.999992,435.912506,-66.836182,179.608215,-166.132294,43.554008,-170.339111,-0.874385,-0.634685,-1.046715,0.046929,5.208633,-1.091827,
feedback,9.171413,1786440037143,7,Ry,5.000000,75.000000,5.262293,0.262293,,,335.910614,-66.845123,179.611267,89.999916,50.000053,89.999992,435.902588,-66.839806,179.599472,-166.142044,43.513237,-170.353622,-1.200552,-0.290721,-1.234030,0.027968,5.178520,-0.935503,
feedback,9.178948,1786440037152,7,Ry,5.000000,75.000000,5.211168,0.211168,,,335.910614,-66.845123,179.611267,89.999916,50.000053,89.999992,435.889954,-66.845222,179.590286,-166.151794,43.472626,-170.368500,-1.412415,-0.525245,-1.040817,0.058822,5.116427,-0.993227,
feedback,9.186928,1786440037160,7,Ry,5.000000,75.000000,4.956780,-0.043220,,,335.910614,-66.845123,179.611267,89.999916,50.000053,89.999992,435.888733,-66.845490,179.585526,-166.161835,43.433659,-170.383240,0.471701,0.125703,-0.281191,0.080645,4.861382,-0.974703,
feedback,9.195137,1786440037164,7,Ry,5.000000,75.000000,4.927868,-0.072132,,,335.910614,-66.845123,179.611267,89.999916,50.000053,89.999992,435.891266,-66.843994,179.584198,-166.167130,43.414684,-170.390640,0.629699,0.372657,-0.332603,0.156548,4.837849,-0.941705,
feedback,9.203302,1786440037173,7,Ry,5.000000,75.000000,4.871180,-0.128820,,,335.910614,-66.845123,179.611267,89.999916,50.000053,89.999992,435.896210,-66.840141,179.579010,-166.178589,43.377205,-170.406021,0.548082,0.308962,-0.632175,0.216298,4.777899,-0.955274,
feedback,9.211696,1786440037181,7,Ry,5.000000,75.000000,5.085430,0.085430,,,335.910614,-66.845123,179.611267,89.999916,50.000053,89.999992,435.893677,-66.840195,179.570267,-166.189178,43.338135,-170.420868,-0.460483,-0.138231,-1.187614,0.141619,4.992002,-0.974829,
feedback,9.219525,1786440037190,7,Ry,5.000000,75.000000,5.200213,0.200213,,,335.910614,-66.845123,179.611267,89.999916,50.000053,89.999992,435.889740,-66.841194,179.559967,-166.198807,43.297527,-170.434891,-0.205763,-0.112911,-1.254656,0.000139,5.117106,-0.926286,
feedback,9.227764,1786440037198,7,Ry,5.000000,75.000000,5.246135,0.246135,,,335.910614,-66.845123,179.611267,89.999916,50.000053,89.999992,435.888977,-66.839745,179.553650,-166.208542,43.256729,-170.448746,-0.007862,0.305926,-0.597457,0.029072,5.172255,-0.877976,
feedback,9.236050,1786440037207,7,Ry,5.000000,75.000000,5.341833,0.341833,,,335.910614,-66.845123,179.611267,89.999916,50.000053,89.999992,435.876923,-66.843071,179.547668,-166.221893,43.194523,-170.468155,-1.344984,-0.395910,-0.470829,-0.058050,5.271660,-0.865295,
feedback,9.244443,1786440037215,7,Ry,5.000000,75.000000,5.243178,0.243178,,,335.910614,-66.845123,179.611267,89.999916,50.000053,89.999992,435.870880,-66.844917,179.546570,-166.231186,43.153835,-170.481842,-0.625966,-0.064510,-0.153106,0.040239,5.161685,-0.920901,
feedback,9.252348,1786440037224,7,Ry,5.000000,75.000000,5.119259,0.119259,,,335.910614,-66.845123,179.611267,89.999916,50.000053,89.999992,435.875305,-66.843262,179.553207,-166.241135,43.114758,-170.496094,0.474518,0.151485,1.039599,0.070034,5.029520,-0.956849,
feedback,9.260935,1786440037232,7,Ry,5.000000,75.000000,5.014147,0.014147,,,335.910614,-66.845123,179.611267,89.999916,50.000053,89.999992,435.881287,-66.841881,179.563568,-166.251144,43.076450,-170.510757,0.293561,0.192409,0.967396,0.103596,4.924998,-0.944316,
feedback,9.268766,1786440037241,7,Ry,5.000000,75.000000,4.972098,-0.027902,,,335.910614,-66.845123,179.611267,89.999916,50.000053,89.999992,435.887268,-66.839088,179.570267,-166.261581,43.038361,-170.525360,0.472146,0.244978,0.639527,0.132784,4.881616,-0.948209,
feedback,9.276979,1786440037249,7,Ry,5.000000,75.000000,5.004209,0.004209,,,335.910614,-66.845123,179.611267,89.999916,50.000053,89.999992,435.893097,-66.838516,179.571625,-166.271332,42.999855,-170.539917,0.806732,0.092167,-0.075118,0.087974,4.908113,-0.982854,
feedback,9.285014,1786440037258,7,Ry,5.000000,75.000000,4.855937,-0.144063,,,335.910614,-66.845123,179.611267,89.999916,50.000053,89.999992,435.903931,-66.837463,179.573105,-166.281631,42.962067,-170.555252,1.635842,0.110984,0.400087,0.138383,4.751300,-1.018357,
feedback,9.293520,1786440037266,7,Ry,5.000000,75.000000,4.772052,-0.227948,,,335.910614,-66.845123,179.611267,89.999916,50.000053,89.999992,435.917725,-66.834114,179.577606,-166.291977,42.925381,-170.570175,1.599051,0.337268,0.595885,0.180572,4.673591,-0.975970,
feedback,9.301584,1786440037275,7,Ry,5.000000,75.000000,4.747247,-0.252753,,,335.910614,-66.845123,179.611267,89.999916,50.000053,89.999992,435.934296,-66.826935,179.581665,-166.306839,42.870804,-170.591232,1.379251,0.668568,0.254749,0.136720,4.664298,-0.885774,
feedback,9.309762,1786440037283,7,Ry,5.000000,75.000000,4.808610,-0.191390,,,335.910614,-66.845123,179.611267,89.999916,50.000053,89.999992,435.943970,-66.823502,179.587357,-166.316467,42.833725,-170.605026,1.169179,0.357478,0.803581,0.112501,4.719122,-0.928258,
feedback,9.318008,1786440037287,7,Ry,5.000000,75.000000,4.746865,-0.253135,,,335.910614,-66.845123,179.611267,89.999916,50.000053,89.999992,435.948669,-66.822517,179.591583,-166.320953,42.815376,-170.611710,1.169182,0.245756,1.059122,0.064044,4.660129,-0.907264,
feedback,9.326240,1786440037296,7,Ry,5.000000,75.000000,4.997300,-0.002700,,,335.910614,-66.845123,179.611267,89.999916,50.000053,89.999992,435.950439,-66.820648,179.599258,-166.330231,42.776672,-170.625107,-0.130709,0.137491,0.827895,0.034913,4.917846,-0.887816,
feedback,9.334395,1786440037304,7,Ry,5.000000,75.000000,5.174238,0.174238,,,335.910614,-66.845123,179.611267,89.999916,50.000053,89.999992,435.942810,-66.823807,179.601700,-166.338379,42.736599,-170.637909,-0.916122,-0.465303,0.193100,-0.106511,5.093467,-0.910827,
feedback,9.342774,1786440037313,7,Ry,5.000000,75.000000,5.256349,0.256349,,,335.910614,-66.845123,179.611267,89.999916,50.000053,89.999992,435.929932,-66.828308,179.599030,-166.346619,42.695343,-170.650589,-1.543400,-0.520676,-0.307721,-0.065942,5.181184,-0.886154,
feedback,9.350501,1786440037322,7,Ry,5.000000,75.000000,5.208370,0.208370,,,335.910614,-66.845123,179.611267,89.999916,50.000053,89.999992,435.922333,-66.832428,179.600357,-166.354767,42.654331,-170.663467,-0.838053,-0.382839,0.280363,-0.071128,5.129097,-0.905290,
feedback,9.358710,1786440037330,7,Ry,5.000000,75.000000,5.265656,0.265656,,,335.910614,-66.845123,179.611267,89.999916,50.000053,89.999992,435.913483,-66.834335,179.600082,-166.363266,42.613430,-170.676041,-1.296773,-0.041257,-0.165076,-0.042585,5.205615,-0.801118,
feedback,9.366896,1786440037338,7,Ry,5.000000,75.000000,5.117866,0.117866,,,335.910614,-66.845123,179.611267,89.999916,50.000053,89.999992,435.903076,-66.838982,179.600296,-166.371506,42.573082,-170.688599,-1.344193,-0.555340,-0.095527,-0.076617,5.047910,-0.844492,
feedback,9.375042,1786440037347,7,Ry,5.000000,75.000000,5.090927,0.090927,,,335.910614,-66.845123,179.611267,89.999916,50.000053,89.999992,435.886841,-66.841988,179.596695,-166.385391,42.512383,-170.708740,-0.729234,0.097084,0.061383,0.055907,5.016549,-0.867188,
feedback,9.383573,1786440037355,7,Ry,5.000000,75.000000,4.920964,-0.079036,,,335.910614,-66.845123,179.611267,89.999916,50.000053,89.999992,435.887085,-66.839272,179.598907,-166.395081,42.473728,-170.722275,0.346061,0.460323,0.434070,0.122718,4.845773,-0.856920,
feedback,9.391644,1786440037364,7,Ry,5.000000,75.000000,5.084127,0.084127,,,335.910614,-66.845123,179.611267,89.999916,50.000053,89.999992,435.889313,-66.838554,179.598648,-166.403809,42.435471,-170.734802,-0.319555,-0.113689,-0.581954,-0.030034,5.015154,-0.835935,
feedback,9.400569,1786440037372,7,Ry,5.000000,75.000000,4.962158,-0.037842,,,335.910614,-66.845123,179.611267,89.999916,50.000053,89.999992,435.886139,-66.838188,179.593826,-166.412552,42.396729,-170.747299,-0.332338,0.202602,-0.690822,0.003290,4.900887,-0.781542,
feedback,9.407948,1786440037380,7,Ry,5.000000,75.000000,4.908444,-0.091556,,,335.910614,-66.845123,179.611267,89.999916,50.000053,89.999992,435.887604,-66.834206,179.590073,-166.421646,42.358597,-170.759399,0.274044,0.521647,-0.319988,0.041087,4.857662,-0.717295,
feedback,9.416594,1786440037389,7,Ry,5.000000,75.000000,4.920675,-0.079325,,,335.910614,-66.845123,179.611267,89.999916,50.000053,89.999992,435.891663,-66.832375,179.591919,-166.430511,42.320282,-170.771652,0.402904,0.054040,0.402247,0.004729,4.858026,-0.785737,
feedback,9.424357,1786440037397,7,Ry,5.000000,75.000000,5.061521,0.061521,,,335.910614,-66.845123,179.611267,89.999916,50.000053,89.999992,435.891907,-66.831718,179.595688,-166.438385,42.281273,-170.782944,-0.398731,-0.024625,0.284452,-0.145080,5.009290,-0.738920,
feedback,9.433206,1786440037405,7,Ry,5.000000,75.000000,5.125725,0.125725,,,335.910614,-66.845123,179.611267,89.999916,50.000053,89.999992,435.887878,-66.832497,179.598312,-166.445938,42.241322,-170.794357,-0.504439,-0.152845,0.188426,-0.138586,5.064556,-0.795272,
feedback,9.441262,1786440037414,7,Ry,5.000000,75.000000,5.061166,0.061166,,,335.910614,-66.845123,179.611267,89.999916,50.000053,89.999992,435.889923,-66.829323,179.605331,-166.453949,42.201958,-170.805511,0.336536,0.214099,0.909053,-0.128859,5.016857,-0.693916,
feedback,9.449826,1786440037422,7,Ry,5.000000,75.000000,4.925406,-0.074594,,,335.910614,-66.845123,179.611267,89.999916,50.000053,89.999992,435.896362,-66.827538,179.616684,-166.460663,42.162727,-170.815323,0.901275,0.373082,1.498691,-0.122479,4.884143,-0.664763,
feedback,9.456916,1786440037426,7,Ry,5.000000,75.000000,5.237159,0.237159,,,335.910614,-66.845123,179.611267,89.999916,50.000053,89.999992,435.897186,-66.826584,179.618683,-166.467651,42.121861,-170.825684,-0.320653,0.035394,-0.201676,-0.160457,5.187407,-0.740187,
feedback,9.467613,1786440037435,7,Ry,5.000000,75.000000,5.227256,0.227256,,,335.910614,-66.845123,179.611267,89.999916,50.000053,89.999992,435.894714,-66.828606,179.616013,-166.474548,42.080582,-170.836761,-0.187318,-0.271839,-0.256090,-0.189313,5.163876,-0.816635,
feedback,9.473300,1786440037443,7,Ry,5.000000,75.000000,4.917233,-0.082767,,,335.910614,-66.845123,179.611267,89.999916,50.000053,89.999992,435.902313,-66.827690,179.620056,-166.482056,42.041534,-170.848465,1.363824,0.288043,0.868412,-0.014837,4.842857,-0.852001,
feedback,9.481436,1786440037452,7,Ry,5.000000,75.000000,4.895024,-0.104976,,,335.910614,-66.845123,179.611267,89.999916,50.000053,89.999992,435.912231,-66.824547,179.627121,-166.490219,42.003281,-170.860489,1.208154,0.493737,0.826635,0.037833,4.826249,-0.818316,
feedback,9.489634,1786440037460,7,Ry,5.000000,75.000000,4.758783,-0.241217,,,335.910614,-66.845123,179.611267,89.999916,50.000053,89.999992,435.920685,-66.821533,179.630630,-166.498337,41.965641,-170.872467,1.276045,0.386331,0.444805,0.025696,4.685319,-0.832991,
feedback,9.498371,1786440037468,7,Ry,5.000000,75.000000,4.841621,-0.158379,,,335.910614,-66.845123,179.611267,89.999916,50.000053,89.999992,435.925659,-66.819847,179.632858,-166.506424,41.927147,-170.884521,1.176664,0.582832,0.609300,0.063805,4.772306,-0.816725,
feedback,9.507045,1786440037477,7,Ry,5.000000,75.000000,4.570369,-0.429631,,,335.910614,-66.845123,179.611267,89.999916,50.000053,89.999992,435.938690,-66.816093,179.639282,-166.514984,41.890957,-170.896973,2.010299,0.316159,1.023143,0.055941,4.483686,-0.891525,
feedback,9.515235,1786440037485,7,Ry,5.000000,75.000000,4.752597,-0.247403,,,335.910614,-66.845123,179.611267,89.999916,50.000053,89.999992,435.951202,-66.813286,179.647583,-166.523346,41.854424,-170.909348,1.377371,0.182487,0.836032,0.056855,4.673904,-0.862136,
feedback,9.524602,1786440037494,7,Ry,5.000000,75.000000,4.966117,-0.033883,,,335.910614,-66.845123,179.611267,89.999916,50.000053,89.999992,435.954163,-66.814537,179.648224,-166.531052,41.815971,-170.921509,0.220658,-0.178464,-0.127011,-0.043841,4.891583,-0.857153,
feedback,9.531466,1786440037502,7,Ry,5.000000,75.000000,5.304962,0.304962,,,335.910614,-66.845123,179.611267,89.999916,50.000053,89.999992,435.946594,-66.817841,179.641220,-166.538681,41.775139,-170.933273,-1.308458,-0.484746,-0.958162,-0.108836,5.238676,-0.839963,
feedback,9.539265,1786440037510,7,Ry,5.000000,75.000000,5.320882,0.320882,,,335.910614,-66.845123,179.611267,89.999916,50.000053,89.999992,435.936768,-66.823273,179.634323,-166.546143,41.733639,-170.945389,-1.209628,-0.470251,-0.881228,-0.111666,5.250005,-0.867400,
feedback,9.547689,1786440037519,7,Ry,5.000000,75.000000,5.344022,0.344022,,,335.910614,-66.845123,179.611267,89.999916,50.000053,89.999992,435.923218,-66.831749,179.628479,-166.557114,41.671223,-170.963806,-1.158576,-0.627457,-0.452346,-0.167893,5.265775,-0.911195,
feedback,9.555801,1786440037527,7,Ry,5.000000,75.000000,5.352905,0.352905,,,335.910614,-66.845123,179.611267,89.999916,50.000053,89.999992,435.911560,-66.835892,179.620026,-166.564545,41.629181,-170.975693,-1.389416,-0.395732,-1.171952,-0.125623,5.281879,-0.871046,
feedback,9.563922,1786440037536,7,Ry,5.000000,75.000000,5.525369,0.525369,,,335.910614,-66.845123,179.611267,89.999916,50.000053,89.999992,435.891724,-66.843498,179.606140,-166.571487,41.585907,-170.987396,-2.468839,-0.939864,-1.880189,-0.189446,5.453699,-0.889750,
feedback,9.572300,1786440037544,7,Ry,5.000000,75.000000,5.280549,0.280549,,,335.910614,-66.845123,179.611267,89.999916,50.000053,89.999992,435.882050,-66.845505,179.596375,-166.579224,41.544117,-170.999283,-0.752796,-0.164118,-1.019068,-0.112486,5.209302,-0.865977,
feedback,9.580105,1786440037552,7,Ry,5.000000,75.000000,5.325204,0.325204,,,335.910614,-66.845123,179.611267,89.999916,50.000053,89.999992,435.876343,-66.849922,179.584152,-166.586319,41.502419,-171.011276,-0.690592,-0.571261,-1.651530,-0.181434,5.244849,-0.921463,
feedback,9.588451,1786440037561,7,Ry,5.000000,75.000000,5.255520,0.255520,,,335.910614,-66.845123,179.611267,89.999916,50.000053,89.999992,435.872284,-66.853760,179.570969,-166.593460,41.461750,-171.023361,-0.849509,-0.433274,-1.669836,-0.142950,5.180288,-0.886359,
feedback,9.596632,1786440037569,7,Ry,5.000000,75.000000,5.123838,0.123838,,,335.910614,-66.845123,179.611267,89.999916,50.000053,89.999992,435.865021,-66.856316,179.562531,-166.600784,41.420975,-171.034836,-0.682892,-0.290402,-0.777407,-0.097361,5.052996,-0.849988,
feedback,9.604819,1786440037577,7,Ry,5.000000,75.000000,4.774249,-0.225751,,,335.910614,-66.845123,179.611267,89.999916,50.000053,89.999992,435.870819,-66.856606,179.562332,-166.608734,41.383106,-171.047318,1.265020,0.206229,0.278120,0.041171,4.691439,-0.887327,
feedback,9.612804,1786440037586,7,Ry,5.000000,75.000000,4.665219,-0.334781,,,335.910614,-66.845123,179.611267,89.999916,50.000053,89.999992,435.883759,-66.854729,179.566620,-166.616959,41.346802,-171.060181,1.857400,0.311139,0.637324,0.058066,4.574489,-0.922679,
feedback,9.621188,1786440037594,7,Ry,5.000000,75.000000,4.918653,-0.081347,,,335.910614,-66.845123,179.611267,89.999916,50.000053,89.999992,435.886993,-66.856621,179.569977,-166.624741,41.309109,-171.072830,0.094877,-0.280020,0.227896,-0.018570,4.831199,-0.926243,
feedback,9.629352,1786440037603,7,Ry,5.000000,75.000000,4.898368,-0.101632,,,335.910614,-66.845123,179.611267,89.999916,50.000053,89.999992,435.897461,-66.855812,179.579773,-166.636475,41.252357,-171.091492,1.245717,0.542471,1.015372,-0.000013,4.827393,-0.831082,
feedback,9.638412,1786440037607,7,Ry,5.000000,75.000000,5.019422,0.019422,,,335.910614,-66.845123,179.611267,89.999916,50.000053,89.999992,435.902466,-66.855385,179.581345,-166.640167,41.232784,-171.097458,1.250029,0.106627,0.395117,-0.071727,4.941324,-0.882010,
feedback,9.646673,1786440037620,7,Ry,5.000000,75.000000,5.243579,0.243579,,,335.910614,-66.845123,179.611267,89.999916,50.000053,89.999992,435.906525,-66.859200,179.585678,-166.651718,41.173416,-171.117340,-0.513216,-0.752662,0.221477,-0.019234,5.123527,-1.139414,
feedback,9.655366,1786440037628,7,Ry,5.000000,75.000000,5.045588,0.045588,,,335.910614,-66.845123,179.611267,89.999916,50.000053,89.999992,435.905762,-66.862015,179.591553,-166.660385,41.134220,-171.131607,0.004175,-0.304080,0.901063,0.052817,4.934942,-1.068808,
feedback,9.663646,1786440037637,7,Ry,5.000000,75.000000,5.034739,0.034739,,,335.910614,-66.845123,179.611267,89.999916,50.000053,89.999992,435.911896,-66.860260,179.598358,-166.669159,41.095261,-171.145584,0.829181,0.324660,0.922523,0.083642,4.930617,-1.030890,
feedback,9.672023,1786440037645,7,Ry,5.000000,75.000000,4.918671,-0.081329,,,335.910614,-66.845123,179.611267,89.999916,50.000053,89.999992,435.921661,-66.858253,179.609207,-166.678360,41.057102,-171.160233,1.393566,0.576917,1.501006,0.149008,4.810080,-1.046059,
feedback,9.679937,1786440037653,7,Ry,5.000000,75.000000,4.983310,-0.016690,,,335.910614,-66.845123,179.611267,89.999916,50.000053,89.999992,435.923920,-66.857452,179.617798,-166.687073,41.018589,-171.174026,-0.028356,0.122698,1.000687,0.072946,4.886179,-0.986761,
feedback,9.688337,1786440037658,7,Ry,5.000000,75.000000,4.894275,-0.105725,,,335.910614,-66.845123,179.611267,89.999916,50.000053,89.999992,435.926178,-66.856064,179.622192,-166.691559,40.999676,-171.180771,0.563225,0.346423,1.102975,0.111798,4.802270,-0.949911,
feedback,9.696335,1786440037667,7,Ry,5.000000,75.000000,4.821280,-0.178720,,,335.910614,-66.845123,179.611267,89.999916,50.000053,89.999992,435.937561,-66.854218,179.634491,-166.704865,40.943710,-171.201431,1.065959,0.131740,0.852610,0.143814,4.718916,-1.002225,
feedback,9.704532,1786440037675,7,Ry,5.000000,75.000000,4.752502,-0.247498,,,335.910614,-66.845123,179.611267,89.999916,50.000053,89.999992,435.946442,-66.853302,179.640823,-166.713409,40.906521,-171.214706,1.517291,0.235961,1.066220,0.089415,4.657739,-0.953137,
feedback,9.712799,1786440037683,7,Ry,5.000000,75.000000,4.759172,-0.240828,,,335.910614,-66.845123,179.611267,89.999916,50.000053,89.999992,435.950714,-66.854431,179.643219,-166.721634,40.869064,-171.227676,1.002987,0.071720,0.521447,0.087219,4.664321,-0.954222,
feedback,9.720872,1786440037692,7,Ry,5.000000,75.000000,4.989799,-0.010201,,,335.910614,-66.845123,179.611267,89.999916,50.000053,89.999992,435.948395,-66.853241,179.640182,-166.729843,40.830635,-171.239792,-0.580816,0.093034,-0.435669,0.007094,4.921792,-0.822248,
feedback,9.729436,1786440037700,7,Ry,5.000000,75.000000,4.924811,-0.075189,,,335.910614,-66.845123,179.611267,89.999916,50.000053,89.999992,435.946472,-66.853310,179.637756,-166.737671,40.791866,-171.251846,0.075795,0.126218,-0.180401,0.021407,4.854194,-0.831349,
feedback,9.737288,1786440037708,7,Ry,5.000000,75.000000,4.994173,-0.005827,,,335.910614,-66.845123,179.611267,89.999916,50.000053,89.999992,435.945068,-66.852570,179.637543,-166.745056,40.752213,-171.263168,0.194481,0.273437,-0.003689,-0.001359,4.921776,-0.847525,
feedback,9.745652,1786440037717,7,Ry,5.000000,75.000000,5.225480,0.225480,,,335.910614,-66.845123,179.611267,89.999916,50.000053,89.999992,435.936859,-66.854324,179.634857,-166.752701,40.711185,-171.275482,-1.106171,-0.163657,-0.214533,-0.008932,5.141392,-0.934054,
feedback,9.753590,1786440037725,7,Ry,5.000000,75.000000,5.411746,0.411746,,,335.910614,-66.845123,179.611267,89.999916,50.000053,89.999992,435.922394,-66.857918,179.627335,-166.760529,40.669167,-171.288132,-1.943641,-0.606887,-0.919440,-0.053329,5.324440,-0.968620,
feedback,9.762338,1786440037734,7,Ry,5.000000,75.000000,5.372992,0.372992,,,335.910614,-66.845123,179.611267,89.999916,50.000053,89.999992,435.903259,-66.864227,179.616394,-166.768646,40.626251,-171.301163,-1.608619,-0.497241,-0.782816,0.022819,5.284129,-0.974019,
feedback,9.770048,1786440037742,7,Ry,5.000000,75.000000,5.315488,0.315488,,,335.910614,-66.845123,179.611267,89.999916,50.000053,89.999992,435.893585,-66.869583,179.613327,-166.776733,40.585014,-171.314468,-1.219000,-0.695836,-0.343950,-0.011753,5.215536,-1.031860,
feedback,9.778439,1786440037750,7,Ry,5.000000,75.000000,5.395051,0.395051,,,335.910614,-66.845123,179.611267,89.999916,50.000053,89.999992,435.882080,-66.874916,179.611069,-166.784775,40.543926,-171.327713,-1.891149,-0.783149,-0.520553,-0.066792,5.303474,-0.991382,
feedback,9.786471,1786440037759,7,Ry,5.000000,75.000000,4.963385,-0.036615,,,335.910614,-66.845123,179.611267,89.999916,50.000053,89.999992,435.871094,-66.878815,179.610062,-166.797852,40.484383,-171.348267,-0.028694,-0.032911,0.439069,0.128702,4.866493,-0.983594,
feedback,9.794566,1786440037767,7,Ry,5.000000,75.000000,4.750321,-0.249679,,,335.910614,-66.845123,179.611267,89.999916,50.000053,89.999992,435.876038,-66.874519,179.617523,-166.807037,40.446384,-171.361511,1.362203,0.708252,1.423780,0.172619,4.661681,-0.918134,
feedback,9.802748,1786440037776,7,Ry,5.000000,75.000000,4.806956,-0.193044,,,335.910614,-66.845123,179.611267,89.999916,50.000053,89.999992,435.883728,-66.872231,179.624222,-166.815765,40.409210,-171.374969,0.949408,0.208928,0.695700,0.094635,4.706656,-0.989268,
feedback,9.812403,1786440037784,7,Ry,5.000000,75.000000,4.987886,-0.012114,,,335.910614,-66.845123,179.611267,89.999916,50.000053,89.999992,435.884583,-66.871429,179.620087,-166.824234,40.370605,-171.387894,0.072795,-0.057761,-0.701223,0.063860,4.891521,-0.982829,
feedback,9.819135,1786440037792,7,Ry,5.000000,75.000000,4.787106,-0.212894,,,335.910614,-66.845123,179.611267,89.999916,50.000053,89.999992,435.892914,-66.867798,179.616882,-166.832504,40.333046,-171.400406,1.443575,0.666833,-0.103438,0.103689,4.704271,-0.888488,
feedback,9.827447,1786440037797,7,Ry,5.000000,75.000000,4.696116,-0.303884,,,335.910614,-66.845123,179.611267,89.999916,50.000053,89.999992,435.910004,-66.862679,179.623749,-166.840729,40.296680,-171.413101,2.149902,0.464101,1.149578,0.064595,4.605038,-0.927321,
feedback,9.835398,1786440037805,7,Ry,5.000000,75.000000,4.786972,-0.213028,,,335.910614,-66.845123,179.611267,89.999916,50.000053,89.999992,435.916901,-66.860313,179.626999,-166.845078,40.278156,-171.419495,1.723823,0.591857,0.814521,0.129517,4.702876,-0.895592,
feedback,9.843657,1786440037813,7,Ry,5.000000,75.000000,5.078300,0.078300,,,335.910614,-66.845123,179.611267,89.999916,50.000053,89.999992,435.919983,-66.858765,179.627731,-166.853104,40.238976,-171.431656,0.194266,0.209393,-0.136283,-0.008162,5.006954,-0.848923,
feedback,9.851691,1786440037822,7,Ry,5.000000,75.000000,5.048981,0.048981,,,335.910614,-66.845123,179.611267,89.999916,50.000053,89.999992,435.922363,-66.857109,179.629456,-166.861084,40.199493,-171.443604,0.543079,0.472018,0.366670,0.059567,4.980690,-0.828952,
feedback,9.859863,1786440037830,7,Ry,5.000000,75.000000,4.966414,-0.033586,,,335.910614,-66.845123,179.611267,89.999916,50.000053,89.999992,435.928955,-66.855873,179.638016,-166.868591,40.160538,-171.455383,1.040260,0.329408,1.344786,-0.002277,4.895617,-0.836015,
feedback,9.867965,1786440037839,7,Ry,5.000000,75.000000,5.140468,0.140468,,,335.910614,-66.845123,179.611267,89.999916,50.000053,89.999992,435.938538,-66.852905,179.650101,-166.880753,40.101948,-171.474228,0.250532,0.150243,0.305765,0.036458,5.055975,-0.928881,
feedback,9.876261,1786440037847,7,Ry,5.000000,75.000000,5.332151,0.332151,,,335.910614,-66.845123,179.611267,89.999916,50.000053,89.999992,435.934845,-66.855110,179.646881,-166.888611,40.060997,-171.486786,-0.869333,-0.486494,-0.699253,-0.037839,5.250493,-0.929656,
feedback,9.884579,1786440037855,7,Ry,5.000000,75.000000,5.227200,0.227200,,,335.910614,-66.845123,179.611267,89.999916,50.000053,89.999992,435.931610,-66.857483,179.641800,-166.896103,40.020042,-171.498764,-0.500747,-0.103308,-0.659816,-0.016031,5.156199,-0.859999,
feedback,9.892515,1786440037864,7,Ry,5.000000,75.000000,5.153004,0.153004,,,335.910614,-66.845123,179.611267,89.999916,50.000053,89.999992,435.931976,-66.858116,179.638168,-166.903076,39.979713,-171.510056,0.287942,-0.026620,-0.304480,-0.064795,5.078041,-0.876038,
feedback,9.900572,1786440037872,7,Ry,5.000000,75.000000,5.117648,0.117648,,,335.910614,-66.845123,179.611267,89.999916,50.000053,89.999992,435.932190,-66.860008,179.634476,-166.910278,39.939934,-171.521729,-0.010561,-0.280440,-0.651653,-0.020666,5.037047,-0.904875,
feedback,9.908978,1786440037881,7,Ry,5.000000,75.000000,5.112905,0.112905,,,335.910614,-66.845123,179.611267,89.999916,50.000053,89.999992,435.929413,-66.860550,179.627869,-166.917770,39.899971,-171.532974,-0.571596,-0.103188,-0.840785,-0.018237,5.049310,-0.808010,
feedback,9.916925,1786440037889,7,Ry,5.000000,75.000000,4.988072,-0.011928,,,335.910614,-66.845123,179.611267,89.999916,50.000053,89.999992,435.926361,-66.862076,179.617691,-166.925156,39.860302,-171.544479,-0.036732,-0.000329,-0.767635,-0.007650,4.922836,-0.806379,
feedback,9.925053,1786440037897,7,Ry,5.000000,75.000000,4.821808,-0.178192,,,335.910614,-66.845123,179.611267,89.999916,50.000053,89.999992,435.932190,-66.861389,179.612488,-166.932266,39.822159,-171.555588,1.067945,0.131646,-0.678929,-0.028766,4.747943,-0.840789,
feedback,9.933535,1786440037906,7,Ry,5.000000,75.000000,5.068994,0.068994,,,335.910614,-66.845123,179.611267,89.999916,50.000053,89.999992,435.934265,-66.860313,179.603683,-166.939713,39.782799,-171.566605,0.072334,0.113932,-1.051572,0.002002,5.009939,-0.778401,
feedback,9.941700,1786440037914,7,Ry,5.000000,75.000000,5.167329,0.167329,,,335.910614,-66.845123,179.611267,89.999916,50.000053,89.999992,435.928253,-66.856506,179.594345,-166.948364,39.742237,-171.577621,-0.949983,0.386175,-0.839558,0.132085,5.117119,-0.736728,
feedback,9.949857,1786440037923,7,Ry,5.000000,75.000000,5.308441,0.308441,,,335.910614,-66.845123,179.611267,89.999916,50.000053,89.999992,435.905518,-66.854179,179.575485,-166.960281,39.678734,-171.592422,-1.640846,0.694260,-1.380006,0.016621,5.297156,-0.528423,
feedback,9.958039,1786440037931,7,Ry,5.000000,75.000000,5.274979,0.274979,,,335.910614,-66.845123,179.611267,89.999916,50.000053,89.999992,435.899017,-66.848190,179.571747,-166.967728,39.636852,-171.601242,-0.714799,0.548289,-0.395856,-0.091288,5.259720,-0.548067,
feedback,9.966150,1786440037939,7,Ry,5.000000,75.000000,5.378019,0.378019,,,335.910614,-66.845123,179.611267,89.999916,50.000053,89.999992,435.885406,-66.849472,179.568085,-166.974274,39.594311,-171.610657,-1.593860,0.018570,-0.373506,-0.128689,5.347198,-0.645336,
feedback,9.974393,1786440037948,7,Ry,5.000000,75.000000,5.292621,0.292621,,,335.910614,-66.845123,179.611267,89.999916,50.000053,89.999992,435.872772,-66.849289,179.562607,-166.981018,39.552139,-171.620331,-1.362996,-0.037301,-0.459125,-0.131925,5.252858,-0.688567,
feedback,9.982754,1786440037952,7,Ry,5.000000,75.000000,5.377895,0.377895,,,335.910614,-66.845123,179.611267,89.999916,50.000053,89.999992,435.868073,-66.848114,179.558777,-166.984741,39.530975,-171.625458,-1.182186,0.293636,-0.952804,-0.060488,5.338828,-0.692110,
feedback,9.990756,1786440037961,7,Ry,5.000000,75.000000,5.143010,0.143010,,,335.910614,-66.845123,179.611267,89.999916,50.000053,89.999992,435.867676,-66.845139,179.556549,-166.992081,39.490131,-171.636337,0.159702,0.400956,-0.140261,-0.005843,5.080959,-0.801892,
feedback,9.999131,1786440037969,7,Ry,5.000000,75.000000,5.079082,0.079082,,,335.910614,-66.845123,179.611267,89.999916,50.000053,89.999992,435.867523,-66.846138,179.557632,-166.999084,39.450275,-171.647491,-0.100360,-0.230741,0.194964,-0.058487,5.006204,-0.857644,
feedback,10.007189,1786440037978,7,Ry,5.000000,75.000000,5.136018,0.136018,,,335.910614,-66.845123,179.611267,89.999916,50.000053,89.999992,435.862091,-66.849091,179.554398,-167.005798,39.409962,-171.658340,-0.635761,-0.193959,-0.423568,-0.056376,5.073825,-0.802057,
feedback,10.015994,1786440037986,7,Ry,5.000000,75.000000,4.920091,-0.079909,,,335.910614,-66.845123,179.611267,89.999916,50.000053,89.999992,435.864349,-66.848778,179.552246,-167.013367,39.370865,-171.670044,0.827891,0.023665,0.264206,-0.011866,4.839001,-0.890314,
feedback,10.023580,1786440037995,7,Ry,5.000000,75.000000,4.572597,-0.427403,,,335.910614,-66.845123,179.611267,89.999916,50.000053,89.999992,435.881561,-66.847748,179.556580,-167.020493,39.334324,-171.681931,2.754945,0.169207,0.984170,0.060031,4.479558,-0.927682,
feedback,10.031948,1786440038003,7,Ry,5.000000,75.000000,4.751637,-0.248363,,,335.910614,-66.845123,179.611267,89.999916,50.000053,89.999992,435.904602,-66.844299,179.566589,-167.031830,39.279785,-171.699707,1.467859,0.589011,0.369381,0.101486,4.682631,-0.807128,
feedback,10.039950,1786440038011,7,Ry,5.000000,75.000000,4.825977,-0.174023,,,335.910614,-66.845123,179.611267,89.999916,50.000053,89.999992,435.915405,-66.838799,179.569977,-167.039871,39.242188,-171.711212,1.331292,0.622674,0.468142,0.084621,4.756874,-0.814176,
feedback,10.047736,1786440038020,7,Ry,5.000000,75.000000,4.719218,-0.280782,,,335.910614,-66.845123,179.611267,89.999916,50.000053,89.999992,435.929108,-66.833023,179.578339,-167.048187,39.205238,-171.723022,2.137055,0.862787,1.406894,0.170860,4.645382,-0.831721,
feedback,10.056160,1786440038029,7,Ry,5.000000,75.000000,4.990223,-0.009777,,,335.910614,-66.845123,179.611267,89.999916,50.000053,89.999992,435.936951,-66.829987,179.586304,-167.056046,39.166672,-171.734619,0.701347,0.169589,0.865611,0.062944,4.913801,-0.870035,
feedback,10.065352,1786440038037,7,Ry,5.000000,75.000000,5.165062,0.165062,,,335.910614,-66.845123,179.611267,89.999916,50.000053,89.999992,435.936707,-66.829048,179.589432,-167.063538,39.126823,-171.746033,-0.369198,0.079402,0.217422,-0.012685,5.100840,-0.816108,
feedback,10.072590,1786440038046,7,Ry,5.000000,75.000000,5.092037,0.092037,,,335.910614,-66.845123,179.611267,89.999916,50.000053,89.999992,435.934692,-66.827194,179.593506,-167.070892,39.086617,-171.757065,-0.025167,0.287752,0.650332,0.005678,5.029823,-0.798347,
feedback,10.081545,1786440038054,7,Ry,5.000000,75.000000,5.100583,0.100583,,,335.910614,-66.845123,179.611267,89.999916,50.000053,89.999992,435.931854,-66.827919,179.595306,-167.077621,39.046001,-171.767715,-0.191144,-0.115283,0.518056,-0.089470,5.037262,-0.805301,
feedback,10.089169,1786440038062,7,Ry,5.000000,75.000000,5.145544,0.145544,,,335.910614,-66.845123,179.611267,89.999916,50.000053,89.999992,435.932251,-66.828598,179.599548,-167.087677,38.985844,-171.784286,-0.200245,0.026114,0.099593,-0.045230,5.076418,-0.842185,
feedback,10.097757,1786440038067,7,Ry,5.000000,75.000000,5.085413,0.085413,,,335.910614,-66.845123,179.611267,89.999916,50.000053,89.999992,435.930176,-66.829109,179.598770,-167.091171,38.965950,-171.789734,-0.520447,-0.129722,-0.191837,-0.040377,5.019799,-0.817016,
feedback,10.107596,1786440038075,7,Ry,5.000000,75.000000,5.284582,0.284582,,,335.910614,-66.845123,179.611267,89.999916,50.000053,89.999992,435.920135,-66.830948,179.593430,-167.098389,38.924541,-171.800827,-1.548928,-0.163609,-0.888815,-0.019141,5.228526,-0.780279,
feedback,10.113399,1786440038084,7,Ry,5.000000,75.000000,4.894593,-0.105407,,,335.910614,-66.845123,179.611267,89.999916,50.000053,89.999992,435.916443,-66.829475,179.593643,-167.105820,38.885139,-171.812057,0.156242,0.293120,0.421732,0.040327,4.820823,-0.846635,
feedback,10.122002,1786440038092,7,Ry,5.000000,75.000000,5.001875,0.001875,,,335.910614,-66.845123,179.611267,89.999916,50.000053,89.999992,435.912842,-66.829216,179.593475,-167.113083,38.845757,-171.823318,-0.409242,-0.106728,-0.077380,-0.011214,4.926744,-0.863690,
feedback,10.130205,1786440038101,7,Ry,5.000000,75.000000,4.791720,-0.208280,,,335.910614,-66.845123,179.611267,89.999916,50.000053,89.999992,435.910767,-66.829475,179.593033,-167.120377,38.807373,-171.834625,0.356874,0.035970,0.414557,0.048265,4.712583,-0.868070,
feedback,10.138051,1786440038109,7,Ry,5.000000,75.000000,4.873136,-0.126864,,,335.910614,-66.845123,179.611267,89.999916,50.000053,89.999992,435.908356,-66.829437,179.590622,-167.127533,38.769260,-171.845535,-0.405320,0.123527,-0.317116,0.047947,4.808170,-0.794850,
feedback,10.146518,1786440038118,7,Ry,5.000000,75.000000,4.845748,-0.154252,,,335.910614,-66.845123,179.611267,89.999916,50.000053,89.999992,435.909424,-66.829437,179.592300,-167.134415,38.731190,-171.856720,0.612186,0.243389,0.563878,0.019938,4.770896,-0.848474,
feedback,10.154773,1786440038126,7,Ry,5.000000,75.000000,5.053450,0.053450,,,335.910614,-66.845123,179.611267,89.999916,50.000053,89.999992,435.913452,-66.826805,179.591766,-167.141495,38.692326,-171.867569,0.193378,-0.020537,-0.299436,-0.045870,4.982609,-0.843837,
feedback,10.163239,1786440038134,7,Ry,5.000000,75.000000,5.302463,0.302463,,,335.910614,-66.845123,179.611267,89.999916,50.000053,89.999992,435.906677,-66.829720,179.585907,-167.148163,38.651325,-171.878647,-1.274108,-0.394118,-0.898389,-0.094680,5.236298,-0.839069,
feedback,10.172036,1786440038143,7,Ry,5.000000,75.000000,5.269528,0.269528,,,335.910614,-66.845123,179.611267,89.999916,50.000053,89.999992,435.889923,-66.833374,179.582184,-167.159668,38.589752,-171.897339,-1.219410,-0.244869,-0.278428,0.080425,5.166499,-1.045378,
feedback,10.179396,1786440038152,7,Ry,5.000000,75.000000,5.228228,0.228228,,,335.910614,-66.845123,179.611267,89.999916,50.000053,89.999992,435.883759,-66.835960,179.581894,-167.167587,38.548981,-171.910614,-0.492389,-0.164446,0.022980,0.059947,5.128086,-1.025368,
feedback,10.187303,1786440038160,7,Ry,5.000000,75.000000,5.233143,0.233143,,,335.910614,-66.845123,179.611267,89.999916,50.000053,89.999992,435.879120,-66.837204,179.582092,-167.175827,38.508389,-171.923859,-0.687811,-0.114000,-0.002622,0.090495,5.135531,-1.011483,
feedback,10.196643,1786440038168,7,Ry,5.000000,75.000000,5.285940,0.285940,,,335.910614,-66.845123,179.611267,89.999916,50.000053,89.999992,435.868927,-66.840195,179.581467,-167.183578,38.467354,-171.936707,-1.399631,-0.315925,-0.198580,0.044397,5.197024,-0.966757,
feedback,10.203926,1786440038174,7,Ry,5.000000,75.000000,4.992732,-0.007268,,,335.910614,-66.845123,179.611267,89.999916,50.000053,89.999992,435.870483,-66.839821,179.585846,-167.187485,38.448009,-171.943085,0.381102,0.093830,1.097609,0.079065,4.895793,-0.986616,
feedback,10.212126,1786440038182,7,Ry,5.000000,75.000000,4.843875,-0.156125,,,335.910614,-66.845123,179.611267,89.999916,50.000053,89.999992,435.877991,-66.836372,179.594635,-167.195694,38.409828,-171.955505,1.421606,0.712998,1.467846,0.160193,4.762096,-0.887693,
feedback,10.221244,1786440038190,7,Ry,5.000000,75.000000,4.801895,-0.198105,,,335.910614,-66.845123,179.611267,89.999916,50.000053,89.999992,435.891815,-66.832832,179.605331,-167.203644,38.372730,-171.967865,1.588830,0.521907,1.328091,0.138074,4.718544,-0.892910,
feedback,10.230055,1786440038199,7,Ry,5.000000,75.000000,4.822922,-0.177078,,,335.910614,-66.845123,179.611267,89.999916,50.000053,89.999992,435.901794,-66.827217,179.611710,-167.216629,38.316181,-171.987137,0.984066,0.831050,0.441004,0.244227,4.739411,-0.895709,
feedback,10.236662,1786440038207,7,Ry,5.000000,75.000000,4.730858,-0.269142,,,335.910614,-66.845123,179.611267,89.999916,50.000053,89.999992,435.912079,-66.822220,179.615387,-167.225067,38.279179,-171.999619,1.899289,0.835774,0.582538,0.185164,4.649844,-0.873457,
feedback,10.244716,1786440038216,7,Ry,5.000000,75.000000,4.679468,-0.320532,,,335.910614,-66.845123,179.611267,89.999916,50.000053,89.999992,435.930695,-66.815361,179.620697,-167.233826,38.243389,-172.012268,2.305503,0.881541,0.573914,0.241158,4.591351,-0.909296,
feedback,10.253143,1786440038224,7,Ry,5.000000,75.000000,4.867858,-0.132142,,,335.910614,-66.845123,179.611267,89.999916,50.000053,89.999992,435.941650,-66.812599,179.621780,-167.241791,38.205627,-172.024612,1.291963,0.355637,-0.004407,0.094753,4.786430,-0.887745,
feedback,10.262167,1786440038232,7,Ry,5.000000,75.000000,5.071766,0.071766,,,335.910614,-66.845123,179.611267,89.999916,50.000053,89.999992,435.943787,-66.810532,179.618835,-167.248596,38.165665,-172.035248,0.478201,0.114138,-0.370971,-0.069752,5.006541,-0.813562,
feedback,10.269568,1786440038241,7,Ry,5.000000,75.000000,5.191709,0.191709,,,335.910614,-66.845123,179.611267,89.999916,50.000053,89.999992,435.946106,-66.811005,179.616409,-167.255264,38.125343,-172.046448,0.118108,-0.148396,-0.381645,-0.033665,5.108728,-0.924824,
feedback,10.278598,1786440038249,7,Ry,5.000000,75.000000,5.060783,0.060783,,,335.910614,-66.845123,179.611267,89.999916,50.000053,89.999992,435.949768,-66.810486,179.618423,-167.262695,38.085728,-172.058578,0.730019,-0.010459,0.654691,0.045994,4.969018,-0.963259,
feedback,10.286993,1786440038257,7,Ry,5.000000,75.000000,5.255966,0.255966,,,335.910614,-66.845123,179.611267,89.999916,50.000053,89.999992,435.942535,-66.813240,179.618851,-167.270264,38.044861,-172.071075,-0.821170,-0.309430,-0.007407,0.061172,5.160173,-1.003185,
feedback,10.295045,1786440038266,7,Ry,5.000000,75.000000,5.346558,0.346558,,,335.910614,-66.845123,179.611267,89.999916,50.000053,89.999992,435.928925,-66.817818,179.614136,-167.277481,38.003059,-172.083145,-1.560865,-0.541907,-0.602903,-0.006420,5.260301,-0.956966,
feedback,10.302065,1786440038274,7,Ry,5.000000,75.000000,5.226746,0.226746,,,335.910614,-66.845123,179.611267,89.999916,50.000053,89.999992,435.914978,-66.824554,179.609146,-167.284470,37.961437,-172.095551,-1.199240,-0.674332,-0.402694,-0.029875,5.130632,-1.002422,
feedback,10.311278,1786440038282,7,Ry,5.000000,75.000000,5.112779,0.112779,,,335.910614,-66.845123,179.611267,89.999916,50.000053,89.999992,435.909058,-66.828636,179.607986,-167.291763,37.920803,-172.108353,-0.211968,-0.318912,0.063158,0.052013,5.008671,-1.037839,
feedback,10.318522,1786440038291,7,Ry,5.000000,75.000000,5.253887,0.253887,,,335.910614,-66.845123,179.611267,89.999916,50.000053,89.999992,435.899719,-66.834358,179.596558,-167.302399,37.859753,-172.127182,-0.816774,-0.459150,-1.297010,-0.002049,5.154706,-1.022208,
feedback,10.326764,1786440038299,7,Ry,5.000000,75.000000,5.149752,0.149752,,,335.910614,-66.845123,179.611267,89.999916,50.000053,89.999992,435.891754,-66.839401,179.588516,-167.309280,37.819458,-172.139603,-1.141775,-0.740370,-0.984287,-0.035227,5.047775,-1.028975,
feedback,10.336040,1786440038308,7,Ry,5.000000,75.000000,4.951427,-0.048573,,,335.910614,-66.845123,179.611267,89.999916,50.000053,89.999992,435.889526,-66.841721,179.586639,-167.316299,37.780869,-172.151794,0.045023,-0.178275,-0.271681,0.024129,4.857038,-0.968567,
feedback,10.344231,1786440038316,7,Ry,5.000000,75.000000,4.864444,-0.135556,,,335.910614,-66.845123,179.611267,89.999916,50.000053,89.999992,435.894409,-66.840660,179.587418,-167.323563,37.743294,-172.163574,0.658662,0.238552,-0.458150,0.086839,4.780234,-0.903178,
feedback,10.351512,1786440038324,7,Ry,5.000000,75.000000,4.965291,-0.034709,,,335.910614,-66.845123,179.611267,89.999916,50.000053,89.999992,435.895996,-66.840698,179.584167,-167.330826,37.705395,-172.175156,-0.175976,-0.162950,-0.617959,0.019766,4.881223,-0.911211,
feedback,10.359270,1786440038329,7,Ry,5.000000,75.000000,4.994807,-0.005193,,,335.910614,-66.845123,179.611267,89.999916,50.000053,89.999992,435.893646,-66.841812,179.583115,-167.334106,37.685928,-172.180847,-0.588587,-0.277756,-0.263269,-0.020333,4.909576,-0.920408,
feedback,10.367377,1786440038337,7,Ry,5.000000,75.000000,5.059801,0.059801,,,335.910614,-66.845123,179.611267,89.999916,50.000053,89.999992,435.887482,-66.844498,179.578964,-167.340988,37.646152,-172.192612,-0.497968,-0.321305,-0.115633,-0.033539,4.970662,-0.948276,
feedback,10.375658,1786440038346,7,Ry,5.000000,75.000000,5.062193,0.062193,,,335.910614,-66.845123,179.611267,89.999916,50.000053,89.999992,435.887817,-66.847374,179.581406,-167.347305,37.606705,-172.203842,0.195032,-0.294905,0.438046,-0.038934,4.979628,-0.911172,
feedback,10.383585,1786440038354,7,Ry,5.000000,75.000000,5.137215,0.137215,,,335.910614,-66.845123,179.611267,89.999916,50.000053,89.999992,435.887024,-66.852211,179.581833,-167.353638,37.566650,-172.215469,-0.192422,-0.555831,0.222418,-0.059449,5.045985,-0.966923,
feedback,10.391887,1786440038363,7,Ry,5.000000,75.000000,5.270562,0.270562,,,335.910614,-66.845123,179.611267,89.999916,50.000053,89.999992,435.881073,-66.856956,179.583847,-167.359573,37.525887,-172.226395,-0.778534,-0.558244,0.470742,-0.124995,5.186079,-0.940323,
feedback,10.401311,1786440038371,7,Ry,5.000000,75.000000,4.971276,-0.028724,,,335.910614,-66.845123,179.611267,89.999916,50.000053,89.999992,435.880219,-66.861534,179.591843,-167.368210,37.466358,-172.242905,0.537192,0.098300,0.835482,-0.036812,4.891874,-0.885269,
feedback,10.408259,1786440038379,7,Ry,5.000000,75.000000,5.079970,0.079970,,,335.910614,-66.845123,179.611267,89.999916,50.000053,89.999992,435.884399,-66.862869,179.599579,-167.374237,37.426590,-172.253922,0.377222,-0.295067,0.774429,-0.067715,4.990585,-0.951438,
feedback,10.416413,1786440038388,7,Ry,5.000000,75.000000,5.077914,0.077914,,,335.910614,-66.845123,179.611267,89.999916,50.000053,89.999992,435.885315,-66.863457,179.600479,-167.380768,37.386841,-172.265106,0.217657,-0.016634,-0.020599,-0.010201,4.994700,-0.916209,
feedback,10.424508,1786440038396,7,Ry,5.000000,75.000000,4.961351,-0.038649,,,335.910614,-66.845123,179.611267,89.999916,50.000053,89.999992,435.890472,-66.861145,179.601898,-167.388336,37.347984,-172.277603,1.157481,0.494371,0.421970,0.140055,4.860256,-1.007365,
feedback,10.432708,1786440038404,7,Ry,5.000000,75.000000,4.806521,-0.193479,,,335.910614,-66.845123,179.611267,89.999916,50.000053,89.999992,435.904205,-66.858376,179.606766,-167.394958,37.310268,-172.289490,1.985317,0.295639,0.785890,0.002170,4.710895,-0.962896,
feedback,10.440972,1786440038413,7,Ry,5.000000,75.000000,4.859140,-0.140860,,,335.910614,-66.845123,179.611267,89.999916,50.000053,89.999992,435.917969,-66.856354,179.611023,-167.401428,37.272884,-172.300919,1.397989,0.123991,0.241183,-0.019262,4.772728,-0.915235,
feedback,10.449075,1786440038421,7,Ry,5.000000,75.000000,4.734693,-0.265307,,,335.910614,-66.845123,179.611267,89.999916,50.000053,89.999992,435.927673,-66.853516,179.615616,-167.408005,37.235844,-172.311829,1.105176,0.370439,0.595245,0.032704,4.656892,-0.855448,
feedback,10.458504,1786440038430,7,Ry,5.000000,75.000000,4.584823,-0.415177,,,335.910614,-66.845123,179.611267,89.999916,50.000053,89.999992,435.941315,-66.851151,179.622726,-167.414230,37.200020,-172.322754,1.854803,0.268899,0.938768,-0.030007,4.499778,-0.883507,
feedback,10.465542,1786440038438,7,Ry,5.000000,75.000000,4.768011,-0.231989,,,335.910614,-66.845123,179.611267,89.999916,50.000053,89.999992,435.951385,-66.849617,179.629974,-167.420105,37.163063,-172.333267,1.478048,0.352473,1.391608,-0.062432,4.697526,-0.816954,
feedback,10.473675,1786440038446,7,Ry,5.000000,75.000000,4.934095,-0.065905,,,335.910614,-66.845123,179.611267,89.999916,50.000053,89.999992,435.956238,-66.849152,179.635681,-167.426300,37.124809,-172.343781,0.354283,0.092972,0.598362,-0.027173,4.867336,-0.810294,
feedback,10.481836,1786440038455,7,Ry,5.000000,75.000000,5.315051,0.315051,,,335.910614,-66.845123,179.611267,89.999916,50.000053,89.999992,435.945770,-66.853653,179.630829,-167.433975,37.063194,-172.357590,-1.345920,-0.448863,-0.809945,-0.166633,5.263674,-0.756492,
feedback,10.490123,1786440038463,7,Ry,5.000000,75.000000,5.371485,0.371485,,,335.910614,-66.845123,179.611267,89.999916,50.000053,89.999992,435.933472,-66.859604,179.625854,-167.439117,37.021347,-172.367508,-1.779860,-0.930450,-0.698984,-0.229424,5.306992,-0.835888,
feedback,10.498561,1786440038472,7,Ry,5.000000,75.000000,5.186672,0.186672,,,335.910614,-66.845123,179.611267,89.999916,50.000053,89.999992,435.927429,-66.862595,179.631439,-167.444412,36.980419,-172.376999,-0.808655,-0.270546,0.736890,-0.119672,5.125974,-0.798106,
feedback,10.507397,1786440038480,7,Ry,5.000000,75.000000,5.247676,0.247676,,,335.910614,-66.845123,179.611267,89.999916,50.000053,89.999992,435.920929,-66.863518,179.633759,-167.449493,36.939510,-172.385910,-1.013506,-0.113114,-0.264392,-0.180865,5.203661,-0.708886,
feedback,10.515340,1786440038484,7,Ry,5.000000,75.000000,5.276516,0.276516,,,335.910614,-66.845123,179.611267,89.999916,50.000053,89.999992,435.915192,-66.865097,179.633408,-167.451492,36.918575,-172.389786,-1.430744,-0.395523,-0.086762,-0.296053,5.240150,-0.668107,
feedback,10.523261,1786440038493,7,Ry,5.000000,75.000000,5.476344,0.476344,,,335.910614,-66.845123,179.611267,89.999916,50.000053,89.999992,435.897552,-66.869804,179.626938,-167.456284,36.875893,-172.398346,-2.623192,-0.715563,-0.919686,-0.244127,5.431262,-0.734982,
feedback,10.531252,1786440038501,7,Ry,5.000000,75.000000,5.204149,0.204149,,,335.910614,-66.845123,179.611267,89.999916,50.000053,89.999992,435.885468,-66.873695,179.623184,-167.461319,36.834518,-172.407349,-0.953418,-0.372576,0.125364,-0.211534,5.151054,-0.756557,
feedback,10.540327,1786440038510,7,Ry,5.000000,75.000000,5.085560,0.085560,,,335.910614,-66.845123,179.611267,89.999916,50.000053,89.999992,435.883240,-66.875534,179.624496,-167.466736,36.794743,-172.417053,-0.285651,-0.385086,-0.187160,-0.127829,5.013555,-0.853332,
feedback,10.547492,1786440038519,7,Ry,5.000000,75.000000,5.047796,0.047796,,,335.910614,-66.845123,179.611267,89.999916,50.000053,89.999992,435.878662,-66.877083,179.620178,-167.475494,36.735252,-172.431946,-0.452760,0.030785,-0.501666,-0.019512,4.981389,-0.818291,
feedback,10.555832,1786440038527,7,Ry,5.000000,75.000000,4.831486,-0.168514,,,335.910614,-66.845123,179.611267,89.999916,50.000053,89.999992,435.880249,-66.874832,179.619171,-167.482117,36.697075,-172.442307,0.461726,0.465734,0.162059,0.039726,4.767081,-0.788003,
feedback,10.564000,1786440038535,7,Ry,5.000000,75.000000,4.721482,-0.278518,,,335.910614,-66.845123,179.611267,89.999916,50.000053,89.999992,435.891296,-66.872215,179.621719,-167.488663,36.660202,-172.452911,1.567731,0.261173,0.409382,0.030084,4.639595,-0.877437,
feedback,10.572533,1786440038544,7,Ry,5.000000,75.000000,4.948093,-0.051907,,,335.910614,-66.845123,179.611267,89.999916,50.000053,89.999992,435.898804,-66.870766,179.622574,-167.494995,36.622139,-172.463654,0.512775,0.088569,-0.069448,0.002483,4.873373,-0.856665,
feedback,10.580361,1786440038552,7,Ry,5.000000,75.000000,5.091253,0.091253,,,335.910614,-66.845123,179.611267,89.999916,50.000053,89.999992,435.898438,-66.870171,179.617203,-167.501099,36.582409,-172.473892,-0.128436,-0.007228,-0.651616,-0.076189,5.025568,-0.817998,
feedback,10.588810,1786440038560,7,Ry,5.000000,75.000000,5.163124,0.163124,,,335.910614,-66.845123,179.611267,89.999916,50.000053,89.999992,435.899719,-66.869499,179.613602,-167.506927,36.541969,-172.484055,0.294130,-0.091770,-0.320410,-0.090016,5.086968,-0.883621,
feedback,10.596637,1786440038569,7,Ry,5.000000,75.000000,5.134991,0.134991,,,335.910614,-66.845123,179.611267,89.999916,50.000053,89.999992,435.907349,-66.868080,179.610809,-167.512756,36.501686,-172.494308,0.995479,-0.084542,-0.372135,-0.125504,5.056174,-0.896233,
feedback,10.605669,1786440038577,7,Ry,5.000000,75.000000,5.314189,0.314189,,,335.910614,-66.845123,179.611267,89.999916,50.000053,89.999992,435.905884,-66.868164,179.606934,-167.518661,36.460217,-172.504532,-0.613450,-0.028802,-0.505197,-0.071296,5.248955,-0.834970,
feedback,10.613641,1786440038586,7,Ry,5.000000,75.000000,5.214348,0.214348,,,335.910614,-66.845123,179.611267,89.999916,50.000053,89.999992,435.901611,-66.870193,179.605789,-167.524445,36.419266,-172.515091,-0.614295,-0.325341,-0.038639,-0.114702,5.141514,-0.869277,
feedback,10.623119,1786440038594,7,Ry,5.000000,75.000000,5.036550,0.036550,,,335.910614,-66.845123,179.611267,89.999916,50.000053,89.999992,435.907654,-66.869934,179.612000,-167.530518,36.379864,-172.525757,0.829839,0.254705,0.774823,0.000393,4.962160,-0.862543,
feedback,10.629624,1786440038602,7,Ry,5.000000,75.000000,4.897979,-0.102021,,,335.910614,-66.845123,179.611267,89.999916,50.000053,89.999992,435.919434,-66.866425,179.622772,-167.537231,36.341568,-172.536636,1.368109,0.417526,1.410548,0.056226,4.821407,-0.862776,
feedback,10.637676,1786440038611,7,Ry,5.000000,75.000000,5.001885,0.001885,,,335.910614,-66.845123,179.611267,89.999916,50.000053,89.999992,435.926666,-66.861115,179.629211,-167.547012,36.283119,-172.552155,0.368407,0.416922,-0.031927,0.046535,4.935826,-0.812318,
feedback,10.646395,1786440038615,7,Ry,5.000000,75.000000,5.049991,0.049991,,,335.910614,-66.845123,179.611267,89.999916,50.000053,89.999992,435.927826,-66.860527,179.628616,-167.550369,36.263397,-172.557571,0.287587,0.147906,-0.146011,0.029633,4.976462,-0.858850,
feedback,10.653831,1786440038624,7,Ry,5.000000,75.000000,5.036455,0.036455,,,335.910614,-66.845123,179.611267,89.999916,50.000053,89.999992,435.933472,-66.860291,179.626678,-167.556686,36.224415,-172.568634,0.615938,-0.135952,-0.374590,-0.035374,4.947317,-0.946078,
feedback,10.662168,1786440038632,7,Ry,5.000000,75.000000,4.775370,-0.224630,,,335.910614,-66.845123,179.611267,89.999916,50.000053,89.999992,435.943817,-66.856674,179.630692,-167.563660,36.186970,-172.579620,1.405382,0.406328,0.545778,0.101943,4.692592,-0.887208,
feedback,10.670321,1786440038640,7,Ry,5.000000,75.000000,4.767523,-0.232477,,,335.910614,-66.845123,179.611267,89.999916,50.000053,89.999992,435.952057,-66.851135,179.630722,-167.571030,36.149761,-172.590500,1.021590,0.844534,-0.276876,0.199185,4.699158,-0.804885,
feedback,10.678594,1786440038649,7,Ry,5.000000,75.000000,4.988954,-0.011046,,,335.910614,-66.845123,179.611267,89.999916,50.000053,89.999992,435.951813,-66.848740,179.623062,-167.577744,36.110981,-172.600662,-0.226795,0.271485,-1.114514,0.049888,4.929050,-0.776296,
feedback,10.687436,1786440038658,7,Ry,5.000000,75.000000,4.938403,-0.061597,,,335.910614,-66.845123,179.611267,89.999916,50.000053,89.999992,435.946838,-66.848198,179.615463,-167.584213,36.071011,-172.610840,0.078790,0.461346,-0.640659,0.044305,4.887732,-0.719557,
feedback,10.695187,1786440038666,7,Ry,5.000000,75.000000,5.059375,0.059375,,,335.910614,-66.845123,179.611267,89.999916,50.000053,89.999992,435.944977,-66.848106,179.616623,-167.590576,36.031338,-172.621628,-0.117708,-0.008372,0.225071,0.004599,4.977318,-0.907984,
feedback,10.702990,1786440038675,7,Ry,5.000000,75.000000,5.291357,0.291357,,,335.910614,-66.845123,179.611267,89.999916,50.000053,89.999992,435.939423,-66.846199,179.611374,-167.597778,35.990189,-172.632294,-0.909634,0.286506,-0.626973,0.094520,5.236768,-0.772677,
feedback,10.711480,1786440038683,7,Ry,5.000000,75.000000,5.583844,0.583844,,,335.910614,-66.845123,179.611267,89.999916,50.000053,89.999992,435.912750,-66.846252,179.597168,-167.609344,35.925880,-172.648300,-3.031327,-0.131175,-1.625218,0.094216,5.537117,-0.753729,
feedback,10.719778,1786440038691,7,Ry,5.000000,75.000000,5.397940,0.397940,,,335.910614,-66.845123,179.611267,89.999916,50.000053,89.999992,435.897034,-66.847343,179.590820,-167.616806,35.883480,-172.658890,-1.777324,-0.082086,-0.651653,0.049854,5.344863,-0.773410,
feedback,10.728380,1786440038700,7,Ry,5.000000,75.000000,5.454120,0.454120,,,335.910614,-66.845123,179.611267,89.999916,50.000053,89.999992,435.884247,-66.850067,179.585403,-167.624176,35.841351,-172.670486,-1.965040,-0.486385,-0.997757,0.059349,5.370780,-0.949866,
feedback,10.736036,1786440038708,7,Ry,5.000000,75.000000,5.344848,0.344848,,,335.910614,-66.845123,179.611267,89.999916,50.000053,89.999992,435.873718,-66.852806,179.579224,-167.632263,35.799938,-172.683289,-1.506277,-0.415644,-0.923144,0.121185,5.250041,-1.005350,
feedback,10.744708,1786440038717,7,Ry,5.000000,75.000000,5.142820,0.142820,,,335.910614,-66.845123,179.611267,89.999916,50.000053,89.999992,435.865570,-66.852982,179.573334,-167.639877,35.759251,-172.695297,-0.598740,-0.076785,-0.614271,0.074532,5.052123,-0.964342,
feedback,10.751776,1786440038725,7,Ry,5.000000,75.000000,5.040613,0.040613,,,335.910614,-66.845123,179.611267,89.999916,50.000053,89.999992,435.864471,-66.851112,179.574524,-167.647308,35.719475,-172.707321,0.370707,0.319157,0.145822,0.134273,4.946840,-0.972872,
feedback,10.760076,1786440038733,7,Ry,5.000000,75.000000,4.933178,-0.066822,,,335.910614,-66.845123,179.611267,89.999916,50.000053,89.999992,435.869965,-66.850998,179.577820,-167.654678,35.681477,-172.720016,0.384775,-0.077404,0.037267,0.117569,4.826690,-1.035559,
feedback,10.768221,1786440038742,7,Ry,5.000000,75.000000,4.899426,-0.100574,,,335.910614,-66.845123,179.611267,89.999916,50.000053,89.999992,435.873657,-66.849571,179.580902,-167.661682,35.643764,-172.731705,0.055646,0.096413,0.170398,0.075445,4.809391,-0.939290,
feedback,10.776658,1786440038746,7,Ry,5.000000,75.000000,4.669044,-0.330956,,,335.910614,-66.845123,179.611267,89.999916,50.000053,89.999992,435.881226,-66.845718,179.585831,-167.668594,35.607086,-172.742889,1.327789,0.608472,0.554333,0.132631,4.586175,-0.878511,
feedback,10.784982,1786440038754,7,Ry,5.000000,75.000000,4.613423,-0.386577,,,335.910614,-66.845123,179.611267,89.999916,50.000053,89.999992,435.889282,-66.842796,179.588791,-167.672211,35.589241,-172.748749,2.011311,0.730860,0.741486,0.163509,4.518291,-0.943214,
feedback,10.793140,1786440038763,7,Ry,5.000000,75.000000,4.697480,-0.302520,,,335.910614,-66.845123,179.611267,89.999916,50.000053,89.999992,435.905609,-66.836777,179.598969,-167.679749,35.553009,-172.760452,2.052777,0.786435,1.328020,0.214326,4.606053,-0.929559,
feedback,10.801449,1786440038771,7,Ry,5.000000,75.000000,4.993096,-0.006904,,,335.910614,-66.845123,179.611267,89.999916,50.000053,89.999992,435.913849,-66.832428,179.602524,-167.690125,35.495285,-172.777328,0.312384,0.129106,0.092745,0.067741,4.911382,-0.900285,
feedback,10.809329,1786440038779,7,Ry,5.000000,75.000000,5.121705,0.121705,,,335.910614,-66.845123,179.611267,89.999916,50.000053,89.999992,435.915955,-66.829803,179.603058,-167.696594,35.454933,-172.787811,0.457043,0.534979,0.061769,0.030192,5.056913,-0.815519,
feedback,10.818843,1786440038788,7,Ry,5.000000,75.000000,4.940199,-0.059801,,,335.910614,-66.845123,179.611267,89.999916,50.000053,89.999992,435.926025,-66.824806,179.611328,-167.702835,35.416203,-172.798630,1.354371,0.747893,1.227754,0.036516,4.861484,-0.878641,
feedback,10.825614,1786440038796,7,Ry,5.000000,75.000000,5.065450,0.065450,,,335.910614,-66.845123,179.611267,89.999916,50.000053,89.999992,435.931274,-66.820427,179.620560,-167.708725,35.376797,-172.808090,0.410613,0.408313,0.778471,-0.045581,5.011510,-0.749008,
feedback,10.833959,1786440038805,7,Ry,5.000000,75.000000,5.145453,0.145453,,,335.910614,-66.845123,179.611267,89.999916,50.000053,89.999992,435.930328,-66.818626,179.622604,-167.714554,35.336544,-172.817551,-0.220876,0.185239,-0.086307,-0.048295,5.088147,-0.775107,
feedback,10.841903,1786440038813,7,Ry,5.000000,75.000000,5.237929,0.237929,,,335.910614,-66.845123,179.611267,89.999916,50.000053,89.999992,435.924469,-66.819267,179.621002,-167.720200,35.294914,-172.827866,-0.389471,-0.185967,-0.167585,-0.082304,5.157270,-0.915664,
feedback,10.850002,1786440038821,7,Ry,5.000000,75.000000,5.068317,0.068317,,,335.910614,-66.845123,179.611267,89.999916,50.000053,89.999992,435.923553,-66.819862,179.619217,-167.726852,35.254803,-172.839417,0.394084,-0.017191,-0.046890,0.079924,4.972602,-0.986313,
feedback,10.858313,1786440038830,7,Ry,5.000000,75.000000,5.092316,0.092316,,,335.910614,-66.845123,179.611267,89.999916,50.000053,89.999992,435.925323,-66.819611,179.618286,-167.733551,35.215191,-172.851028,0.218020,-0.106875,-0.167799,0.024632,4.998132,-0.979715,
feedback,10.866559,1786440038838,7,Ry,5.000000,75.000000,5.119496,0.119496,,,335.910614,-66.845123,179.611267,89.999916,50.000053,89.999992,435.923889,-66.821693,179.612640,-167.740036,35.175316,-172.862762,-0.175252,-0.215965,-0.670844,0.062087,5.022533,-0.997866,
feedback,10.874866,1786440038847,7,Ry,5.000000,75.000000,4.945363,-0.054637,,,335.910614,-66.845123,179.611267,89.999916,50.000053,89.999992,435.919250,-66.824356,179.604294,-167.750061,35.116478,-172.880600,0.011827,-0.138412,-0.296639,0.084749,4.841130,-1.023889,
feedback,10.883927,1786440038855,7,Ry,5.000000,75.000000,4.828517,-0.171483,,,335.910614,-66.845123,179.611267,89.999916,50.000053,89.999992,435.922943,-66.825180,179.604019,-167.757065,35.078938,-172.892975,0.594990,-0.062261,-0.128357,0.154315,4.715135,-1.065589,
feedback,10.891112,1786440038863,7,Ry,5.000000,75.000000,4.980382,-0.019618,,,335.910614,-66.845123,179.611267,89.999916,50.000053,89.999992,435.923981,-66.825394,179.597672,-167.764008,35.040661,-172.905060,-0.111329,-0.203809,-0.815817,0.075936,4.876717,-1.023737,
feedback,10.899368,1786440038872,7,Ry,5.000000,75.000000,5.228916,0.228916,,,335.910614,-66.845123,179.611267,89.999916,50.000053,89.999992,435.917175,-66.827904,179.588898,-167.770630,35.000519,-172.916748,-1.200670,-0.276315,-1.331485,0.056014,5.142637,-0.946792,
feedback,10.907836,1786440038880,7,Ry,5.000000,75.000000,5.319999,0.319999,,,335.910614,-66.845123,179.611267,89.999916,50.000053,89.999992,435.905762,-66.828903,179.575409,-167.777054,34.958717,-172.927582,-1.129828,0.066863,-1.530101,0.015057,5.246695,-0.881128,
feedback,10.916050,1786440038889,7,Ry,5.000000,75.000000,5.285259,0.285259,,,335.910614,-66.845123,179.611267,89.999916,50.000053,89.999992,435.900909,-66.832222,179.565857,-167.782516,34.917168,-172.938492,-0.276767,-0.418511,-0.950005,-0.034461,5.194933,-0.974717,
feedback,10.923849,1786440038897,7,Ry,5.000000,75.000000,5.308030,0.308030,,,335.910614,-66.845123,179.611267,89.999916,50.000053,89.999992,435.891754,-66.834229,179.558899,-167.788467,34.875576,-172.949005,-1.466189,-0.190922,-0.920803,0.004260,5.237366,-0.865105,
feedback,10.932952,1786440038905,7,Ry,5.000000,75.000000,5.377311,0.377311,,,335.910614,-66.845123,179.611267,89.999916,50.000053,89.999992,435.877563,-66.836937,179.555710,-167.794525,34.833138,-172.959290,-1.750699,-0.323493,-0.561017,-0.052989,5.312021,-0.840681,
feedback,10.940446,1786440038914,7,Ry,5.000000,75.000000,5.185925,0.185925,,,335.910614,-66.845123,179.611267,89.999916,50.000053,89.999992,435.868408,-66.837517,179.553314,-167.800537,34.791813,-172.969406,-0.632703,0.004754,0.134421,-0.030640,5.121592,-0.818511,
feedback,10.949007,1786440038918,7,Ry,5.000000,75.000000,5.185020,0.185020,,,335.910614,-66.845123,179.611267,89.999916,50.000053,89.999992,435.866730,-66.837326,179.554352,-167.803284,34.771427,-172.974106,-0.423997,0.046873,0.259176,-0.063988,5.126725,-0.784175,
feedback,10.956955,1786440038926,7,Ry,5.000000,75.000000,5.298413,0.298413,,,335.910614,-66.845123,179.611267,89.999916,50.000053,89.999992,435.864746,-66.836998,179.557571,-167.809204,34.731186,-172.984268,-0.937885,-0.116678,-0.103829,-0.039642,5.230095,-0.850960,
feedback,10.965304,1786440038935,7,Ry,5.000000,75.000000,5.316353,0.316353,,,335.910614,-66.845123,179.611267,89.999916,50.000053,89.999992,435.857361,-66.837776,179.548370,-167.818375,34.669941,-172.999771,-0.714755,-0.111839,-1.428756,-0.012340,5.248028,-0.852569,
feedback,10.974678,1786440038943,7,Ry,5.000000,75.000000,4.994378,-0.005622,,,335.910614,-66.845123,179.611267,89.999916,50.000053,89.999992,435.862305,-66.834251,179.547089,-167.824829,34.630722,-173.009979,0.643264,0.411994,-0.032331,0.052141,4.929066,-0.807316,
feedback,10.981017,1786440038952,7,Ry,5.000000,75.000000,4.755504,-0.244496,,,335.910614,-66.845123,179.611267,89.999916,50.000053,89.999992,435.879822,-66.829887,179.557236,-167.831055,34.594147,-173.020462,1.631600,0.601722,0.973553,0.039513,4.683086,-0.826752,
feedback,10.989130,1786440038960,7,Ry,5.000000,75.000000,4.775678,-0.224322,,,335.910614,-66.845123,179.611267,89.999916,50.000053,89.999992,435.894623,-66.827354,179.563705,-167.837006,34.557518,-173.030624,1.254867,0.258854,0.286167,0.025240,4.701891,-0.836286,
feedback,10.997780,1786440038969,7,Ry,5.000000,75.000000,4.637865,-0.362135,,,335.910614,-66.845123,179.611267,89.999916,50.000053,89.999992,435.906891,-66.823723,179.566757,-167.843521,34.520962,-173.041153,1.669062,0.423563,0.520487,0.089408,4.549519,-0.906873,
feedback,11.005712,1786440038977,7,Ry,5.000000,75.000000,4.712189,-0.287811,,,335.910614,-66.845123,179.611267,89.999916,50.000053,89.999992,435.919281,-66.821213,179.573944,-167.850662,34.484692,-173.053436,1.525579,0.581193,0.995347,0.229648,4.603317,-1.029856,
feedback,11.013853,1786440038985,7,Ry,5.000000,75.000000,4.827969,-0.172031,,,335.910614,-66.845123,179.611267,89.999916,50.000053,89.999992,435.932953,-66.817940,179.583420,-167.857407,34.447899,-173.065033,1.506680,0.470775,0.695663,0.143152,4.733949,-0.955680,
feedback,11.022923,1786440038994,7,Ry,5.000000,75.000000,5.079469,0.079469,,,335.910614,-66.845123,179.611267,89.999916,50.000053,89.999992,435.938843,-66.816864,179.590225,-167.863770,34.409386,-173.075974,0.417540,0.092868,0.825855,0.055931,5.001475,-0.886705,
feedback,11.031548,1786440039002,7,Ry,5.000000,75.000000,4.954817,-0.045183,,,335.910614,-66.845123,179.611267,89.999916,50.000053,89.999992,435.941467,-66.818130,179.598129,-167.869370,34.370602,-173.086441,0.559491,-0.095791,1.020374,-0.017972,4.870349,-0.912599,
feedback,11.039055,1786440039011,7,Ry,5.000000,75.000000,5.099335,0.099335,,,335.910614,-66.845123,179.611267,89.999916,50.000053,89.999992,435.938843,-66.821960,179.611298,-167.876938,34.310707,-173.101288,-0.127866,-0.190475,1.218052,-0.033988,5.017015,-0.913042,
feedback,11.048038,1786440039019,7,Ry,5.000000,75.000000,5.161217,0.161217,,,335.910614,-66.845123,179.611267,89.999916,50.000053,89.999992,435.935944,-66.824722,179.617615,-167.882050,34.270451,-173.110931,-0.710180,-0.384415,0.574436,-0.079572,5.095511,-0.824146,
feedback,11.055477,1786440039027,7,Ry,5.000000,75.000000,5.311157,0.311157,,,335.910614,-66.845123,179.611267,89.999916,50.000053,89.999992,435.926941,-66.827827,179.618866,-167.887222,34.229282,-173.120499,-1.548714,-0.682606,-0.112415,-0.111070,5.236442,-0.888413,
feedback,11.063579,1786440039036,7,Ry,5.000000,75.000000,5.269040,0.269040,,,335.910614,-66.845123,179.611267,89.999916,50.000053,89.999992,435.914032,-66.831718,179.616455,-167.891495,34.187572,-173.128967,-1.512286,-0.584311,-0.305305,-0.187573,5.209801,-0.796900,
feedback,11.071524,1786440039044,7,Ry,5.000000,75.000000,5.225799,0.225799,,,335.910614,-66.845123,179.611267,89.999916,50.000053,89.999992,435.907776,-66.836372,179.616409,-167.896103,34.147141,-173.138428,-0.832000,-0.650820,0.069982,-0.107038,5.144404,-0.918845,
feedback,11.079538,1786440039053,7,Ry,5.000000,75.000000,5.054314,0.054314,,,335.910614,-66.845123,179.611267,89.999916,50.000053,89.999992,435.906586,-66.837563,179.616425,-167.901581,34.107563,-173.148651,-0.358783,-0.283476,0.094394,-0.029364,4.970669,-0.916606,
feedback,11.088317,1786440039061,7,Ry,5.000000,75.000000,4.970597,-0.029403,,,335.910614,-66.845123,179.611267,89.999916,50.000053,89.999992,435.903015,-66.840141,179.617050,-167.906403,34.068180,-173.157471,-0.306722,-0.204830,0.015503,-0.113785,4.922737,-0.706230,
feedback,11.095902,1786440039069,7,Ry,5.000000,75.000000,4.974824,-0.025176,,,335.910614,-66.845123,179.611267,89.999916,50.000053,89.999992,435.895905,-66.843422,179.615173,-167.910599,34.028790,-173.165405,-0.867507,-0.402760,-0.370120,-0.218436,4.936121,-0.654647,
feedback,11.105090,1786440039074,7,Ry,5.000000,75.000000,4.872526,-0.127474,,,335.910614,-66.845123,179.611267,89.999916,50.000053,89.999992,435.897369,-66.842888,179.614471,-167.912766,34.009541,-173.169250,0.363335,0.133192,-0.173900,-0.125451,4.831716,-0.657654,
feedback,11.112518,1786440039082,7,Ry,5.000000,75.000000,4.701397,-0.298603,,,335.910614,-66.845123,179.611267,89.999916,50.000053,89.999992,435.906219,-66.839111,179.615997,-167.917984,33.972389,-173.178040,1.231561,0.405063,0.297722,-0.006071,4.638102,-0.770265,
feedback,11.120957,1786440039091,7,Ry,5.000000,75.000000,5.203770,0.203770,,,335.910614,-66.845123,179.611267,89.999916,50.000053,89.999992,435.901154,-66.842903,179.608780,-167.924286,33.912476,-173.191360,-1.049038,-0.341170,-1.444272,-0.166825,5.144716,-0.790126,
feedback,11.128586,1786440039099,7,Ry,5.000000,75.000000,5.186236,0.186236,,,335.910614,-66.845123,179.611267,89.999916,50.000053,89.999992,435.896820,-66.846176,179.605591,-167.928406,33.871998,-173.200317,-0.854731,-0.682549,-0.349352,-0.228598,5.120115,-0.828667,
feedback,11.136822,1786440039108,7,Ry,5.000000,75.000000,5.062096,0.062096,,,335.910614,-66.845123,179.611267,89.999916,50.000053,89.999992,435.894470,-66.848160,179.608521,-167.932861,33.831760,-173.209610,-0.089095,-0.180615,0.809467,-0.107441,4.983918,-0.886220,
feedback,11.146491,1786440039116,7,Ry,5.000000,75.000000,5.166119,0.166119,,,335.910614,-66.845123,179.611267,89.999916,50.000053,89.999992,435.893616,-66.849503,179.613480,-167.937393,33.791676,-173.218933,-0.463348,-0.512291,0.550645,-0.191423,5.092687,-0.868378,
feedback,11.152929,1786440039124,7,Ry,5.000000,75.000000,5.276295,0.276295,,,335.910614,-66.845123,179.611267,89.999916,50.000053,89.999992,435.884521,-66.855225,179.612061,-167.941605,33.750099,-173.228561,-1.102586,-0.511212,-0.327549,-0.109691,5.197324,-0.909449,
feedback,11.161714,1786440039133,7,Ry,5.000000,75.000000,5.143829,0.143829,,,335.910614,-66.845123,179.611267,89.999916,50.000053,89.999992,435.880310,-66.858200,179.613235,-167.946045,33.709488,-173.237991,-0.304598,-0.323651,0.349711,-0.164777,5.074419,-0.843637,
feedback,11.169462,1786440039141,7,Ry,5.000000,75.000000,5.063648,0.063648,,,335.910614,-66.845123,179.611267,89.999916,50.000053,89.999992,435.886261,-66.857399,179.622849,-167.950668,33.670372,-173.247498,0.509063,0.179952,1.247151,-0.118996,4.989964,-0.860861,
feedback,11.177590,1786440039150,7,Ry,5.000000,75.000000,4.913723,-0.086277,,,335.910614,-66.845123,179.611267,89.999916,50.000053,89.999992,435.896973,-66.855438,179.630859,-167.955475,33.631935,-173.257156,1.157969,0.170284,1.040954,-0.061640,4.836752,-0.866395,
feedback,11.185607,1786440039158,7,Ry,5.000000,75.000000,5.014492,0.014492,,,335.910614,-66.845123,179.611267,89.999916,50.000053,89.999992,435.898315,-66.856827,179.632126,-167.960403,33.592258,-173.266830,0.011013,-0.061581,0.267450,-0.016636,4.941828,-0.850819,
feedback,11.193809,1786440039167,7,Ry,5.000000,75.000000,4.900313,-0.099687,,,335.910614,-66.845123,179.611267,89.999916,50.000053,89.999992,435.912262,-66.853462,179.636810,-167.968277,33.534672,-173.281403,1.427889,0.499996,0.410329,0.039025,4.821707,-0.874513,
feedback,11.203934,1786440039175,7,Ry,5.000000,75.000000,4.863523,-0.136477,,,335.910614,-66.845123,179.611267,89.999916,50.000053,89.999992,435.923889,-66.852898,179.637772,-167.973328,33.496811,-173.291321,1.266882,-0.095403,-0.061436,-0.051136,4.779875,-0.899846,
feedback,11.210109,1786440039184,7,Ry,5.000000,75.000000,4.839493,-0.160507,,,335.910614,-66.845123,179.611267,89.999916,50.000053,89.999992,435.937012,-66.850243,179.632889,-167.979111,33.459263,-173.301727,1.338911,0.332712,-0.858456,0.027040,4.757843,-0.886437,
feedback,11.218390,1786440039192,7,Ry,5.000000,75.000000,4.829827,-0.170173,,,335.910614,-66.845123,179.611267,89.999916,50.000053,89.999992,435.949005,-66.846199,179.629730,-167.985062,33.421761,-173.311935,1.474773,0.586135,-0.348000,0.043816,4.757359,-0.833552,
feedback,11.226513,1786440039196,7,Ry,5.000000,75.000000,4.887638,-0.112362,,,335.910614,-66.845123,179.611267,89.999916,50.000053,89.999992,435.954712,-66.844902,179.627060,-167.987915,33.402679,-173.317032,1.426330,0.322255,-0.664522,0.035413,4.807937,-0.879613,
feedback,11.234808,1786440039205,7,Ry,5.000000,75.000000,4.890819,-0.109181,,,335.910614,-66.845123,179.611267,89.999916,50.000053,89.999992,435.963257,-66.844971,179.621277,-167.992676,33.363441,-173.326950,1.620461,0.189105,-0.591295,-0.051387,4.807257,-0.901755,
feedback,11.242889,1786440039213,7,Ry,5.000000,75.000000,5.130097,0.130097,,,335.910614,-66.845123,179.611267,89.999916,50.000053,89.999992,435.962982,-66.844688,179.617966,-167.997665,33.322998,-173.336243,-0.319358,-0.126074,-0.451302,-0.097962,5.062413,-0.832699,
feedback,11.251199,1786440039221,7,Ry,5.000000,75.000000,5.314795,0.314795,,,335.910614,-66.845123,179.611267,89.999916,50.000053,89.999992,435.954865,-66.847603,179.614548,-168.002594,33.281487,-173.345901,-1.392204,-0.324658,-0.698857,-0.080404,5.246614,-0.851691,
feedback,11.261281,1786440039230,7,Ry,5.000000,75.000000,5.435741,0.435741,,,335.910614,-66.845123,179.611267,89.999916,50.000053,89.999992,435.940125,-66.853096,179.607162,-168.007034,33.238865,-173.355255,-1.921114,-0.531326,-0.870149,-0.141305,5.370950,-0.843055,
feedback,11.267473,1786440039238,7,Ry,5.000000,75.000000,5.260454,0.260454,,,335.910614,-66.845123,179.611267,89.999916,50.000053,89.999992,435.930786,-66.857681,179.606201,-168.011566,33.197388,-173.364777,-1.011547,-0.347257,-0.008545,-0.132585,5.199231,-0.807498,
feedback,11.275695,1786440039246,7,Ry,5.000000,75.000000,5.423226,0.423226,,,335.910614,-66.845123,179.611267,89.999916,50.000053,89.999992,435.919708,-66.864120,179.600540,-168.015945,33.155113,-173.374283,-1.636104,-0.774407,-0.824971,-0.131458,5.353986,-0.867185,
feedback,11.283854,1786440039255,7,Ry,5.000000,75.000000,5.317933,0.317933,,,335.910614,-66.845123,179.611267,89.999916,50.000053,89.999992,435.902130,-66.872932,179.591202,-168.022949,33.091995,-173.388931,-1.482656,-0.906801,-0.718846,-0.134885,5.238825,-0.913862,
feedback,11.292037,1786440039263,7,Ry,5.000000,75.000000,5.067495,0.067495,,,335.910614,-66.845123,179.611267,89.999916,50.000053,89.999992,435.892242,-66.877701,179.592865,-168.027969,33.051762,-173.399002,-0.823422,-0.361195,0.395912,-0.024382,4.986882,-0.900488,
feedback,11.300128,1786440039272,7,Ry,5.000000,75.000000,5.030644,0.030644,,,335.910614,-66.845123,179.611267,89.999916,50.000053,89.999992,435.889801,-66.877373,179.595200,-168.033203,33.012051,-173.408630,-0.019043,0.084129,0.354634,-0.040935,4.961082,-0.834662,
feedback,11.308401,1786440039280,7,Ry,5.000000,75.000000,5.028405,0.028405,,,335.910614,-66.845123,179.611267,89.999916,50.000053,89.999992,435.887115,-66.878891,179.593597,-168.038437,32.972729,-173.418503,-0.391729,-0.261073,-0.316962,0.018022,4.943259,-0.922758,
feedback,11.317894,1786440039288,7,Ry,5.000000,75.000000,5.008764,0.008764,,,335.910614,-66.845123,179.611267,89.999916,50.000053,89.999992,435.881744,-66.880020,179.589035,-168.043900,32.933331,-173.428314,-0.635391,0.025858,-0.477323,0.014401,4.942225,-0.815651,
feedback,11.324729,1786440039297,7,Ry,5.000000,75.000000,4.771850,-0.228150,,,335.910614,-66.845123,179.611267,89.999916,50.000053,89.999992,435.884338,-66.877213,179.588074,-168.049606,32.895481,-173.437897,0.772628,0.573552,-0.063539,0.090532,4.708515,-0.776783,
feedback,11.333045,1786440039305,7,Ry,5.000000,75.000000,4.683951,-0.316049,,,335.910614,-66.845123,179.611267,89.999916,50.000053,89.999992,435.895355,-66.872856,179.591537,-168.055817,32.858856,-173.448257,1.248504,0.412195,0.593170,0.126278,4.598183,-0.896161,
feedback,11.341280,1786440039313,7,Ry,5.000000,75.000000,4.887352,-0.112648,,,335.910614,-66.845123,179.611267,89.999916,50.000053,89.999992,435.900513,-66.873291,179.596954,-168.062408,32.820889,-173.460464,0.406120,-0.161661,0.684179,0.160497,4.766741,-1.111364,
feedback,11.349428,1786440039322,7,Ry,5.000000,75.000000,5.073859,0.073859,,,335.910614,-66.845123,179.611267,89.999916,50.000053,89.999992,435.899048,-66.875191,179.601822,-168.069000,32.782001,-173.472763,-0.391489,-0.283213,0.689875,0.089003,4.963950,-1.067056,
feedback,11.357889,1786440039330,7,Ry,5.000000,75.000000,5.020676,0.020676,,,335.910614,-66.845123,179.611267,89.999916,50.000053,89.999992,435.900330,-66.875481,179.608414,-168.074997,32.742836,-173.484268,0.380130,0.156492,0.821929,0.084077,4.916572,-1.029512,
feedback,11.365731,1786440039339,7,Ry,5.000000,75.000000,5.156194,0.156194,,,335.910614,-66.845123,179.611267,89.999916,50.000053,89.999992,435.903290,-66.873825,179.618332,-168.084396,32.683308,-173.501328,-0.054157,-0.080502,0.689745,0.043876,5.054466,-1.027921,
feedback,11.373918,1786440039347,7,Ry,5.000000,75.000000,5.146585,0.146585,,,335.910614,-66.845123,179.611267,89.999916,50.000053,89.999992,435.899963,-66.875412,179.618576,-168.089447,32.642525,-173.511566,0.225080,0.009637,0.229474,-0.048287,5.066460,-0.904684,
feedback,11.381830,1786440039355,7,Ry,5.000000,75.000000,5.133731,0.133731,,,335.910614,-66.845123,179.611267,89.999916,50.000053,89.999992,435.901093,-66.873260,179.620728,-168.095032,32.602196,-173.521881,0.264792,0.166325,0.561468,0.019650,5.042873,-0.964360,
feedback,11.390386,1786440039360,7,Ry,5.000000,75.000000,4.944661,-0.055339,,,335.910614,-66.845123,179.611267,89.999916,50.000053,89.999992,435.906494,-66.870117,179.625595,-168.098312,32.582924,-173.527161,1.348770,0.784425,1.218971,0.142578,4.865716,-0.880274,
feedback,11.398410,1786440039368,7,Ry,5.000000,75.000000,4.837547,-0.162453,,,335.910614,-66.845123,179.611267,89.999916,50.000053,89.999992,435.916656,-66.866425,179.635437,-168.104660,32.545033,-173.537918,1.184522,0.490047,1.379366,0.169062,4.749684,-0.921421,
feedback,11.406459,1786440039377,7,Ry,5.000000,75.000000,4.991360,-0.008640,,,335.910614,-66.845123,179.611267,89.999916,50.000053,89.999992,435.920563,-66.862289,179.641251,-168.111603,32.506413,-173.548706,0.071534,0.510274,0.583981,0.210375,4.917409,-0.856021,
feedback,11.414708,1786440039385,7,Ry,5.000000,75.000000,4.937288,-0.062712,,,335.910614,-66.845123,179.611267,89.999916,50.000053,89.999992,435.921509,-66.856812,179.643555,-168.118759,32.467377,-173.559128,0.404683,0.928356,0.555057,0.239741,4.871170,-0.806882,
feedback,11.422803,1786440039393,7,Ry,5.000000,75.000000,4.904513,-0.095487,,,335.910614,-66.845123,179.611267,89.999916,50.000053,89.999992,435.926544,-66.848267,179.646484,-168.126678,32.429199,-173.569778,0.661257,0.974434,0.350691,0.287554,4.832076,-0.839832,
feedback,11.431162,1786440039402,7,Ry,5.000000,75.000000,4.856660,-0.143340,,,335.910614,-66.845123,179.611267,89.999916,50.000053,89.999992,435.936981,-66.840164,179.646851,-168.134323,32.391571,-173.580460,1.351850,1.035425,-0.220126,0.273743,4.787647,-0.816228,
feedback,11.439407,1786440039410,7,Ry,5.000000,75.000000,4.841173,-0.158827,,,335.910614,-66.845123,179.611267,89.999916,50.000053,89.999992,435.944061,-66.832932,179.640701,-168.141174,32.353504,-173.590027,0.846560,0.783490,-0.845320,0.136621,4.788708,-0.721038,
feedback,11.447464,1786440039419,7,Ry,5.000000,75.000000,5.142911,0.142911,,,335.910614,-66.845123,179.611267,89.999916,50.000053,89.999992,435.941803,-66.829750,179.636551,-168.147339,32.314350,-173.599518,-1.023442,0.178628,-0.395802,0.055010,5.080683,-0.802823,
feedback,11.455427,1786440039427,7,Ry,5.000000,75.000000,5.098750,0.098750,,,335.910614,-66.845123,179.611267,89.999916,50.000053,89.999992,435.936676,-66.826401,179.634521,-168.156403,32.254997,-173.614700,-0.214277,0.177919,-0.293404,0.058273,5.013879,-0.927425,
feedback,11.463637,1786440039435,7,Ry,5.000000,75.000000,5.275476,0.275476,,,335.910614,-66.845123,179.611267,89.999916,50.000053,89.999992,435.932159,-66.827408,179.632156,-168.161713,32.214439,-173.625137,-0.768845,-0.267141,-0.638962,-0.006639,5.191478,-0.937932,
feedback,11.471848,1786440039444,7,Ry,5.000000,75.000000,5.315739,0.315739,,,335.910614,-66.845123,179.611267,89.999916,50.000053,89.999992,435.922791,-66.828659,179.629150,-168.166946,32.173119,-173.635330,-1.336548,-0.438068,-0.566646,-0.076203,5.228581,-0.959386,
feedback,11.480039,1786440039452,7,Ry,5.000000,75.000000,5.524902,0.524902,,,335.910614,-66.845123,179.611267,89.999916,50.000053,89.999992,435.903595,-66.834152,179.621399,-168.171860,32.130306,-173.645660,-2.614891,-0.823557,-1.289717,-0.073778,5.438321,-0.974406,
feedback,11.488069,1786440039461,7,Ry,5.000000,75.000000,5.395237,0.395237,,,335.910614,-66.845123,179.611267,89.999916,50.000053,89.999992,435.891235,-66.837990,179.614105,-168.176926,32.088123,-173.656128,-1.262896,-0.609483,-1.022073,-0.107983,5.303063,-0.994802,
feedback,11.498419,1786440039469,7,Ry,5.000000,75.000000,5.224092,0.224092,,,335.910614,-66.845123,179.611267,89.999916,50.000053,89.999992,435.885620,-66.840469,179.608749,-168.182495,32.046894,-173.666931,-0.525946,-0.224544,-0.700076,0.046954,5.132823,-0.974675,
feedback,11.504515,1786440039477,7,Ry,5.000000,75.000000,5.349328,0.349328,,,335.910614,-66.845123,179.611267,89.999916,50.000053,89.999992,435.874359,-66.843430,179.600922,-168.188019,32.004787,-173.677505,-1.318648,-0.203520,-1.237839,0.030149,5.268409,-0.926912,
feedback,11.512692,1786440039486,7,Ry,5.000000,75.000000,5.343888,0.343888,,,335.910614,-66.845123,179.611267,89.999916,50.000053,89.999992,435.863647,-66.846748,179.590225,-168.193283,31.963076,-173.687866,-1.443779,-0.633275,-1.302057,-0.060853,5.256503,-0.963144,
feedback,11.520930,1786440039494,7,Ry,5.000000,75.000000,5.226844,0.226844,,,335.910614,-66.845123,179.611267,89.999916,50.000053,89.999992,435.860779,-66.848778,179.581360,-168.198639,31.922262,-173.698257,-0.191538,-0.140075,-1.143547,-0.001690,5.142450,-0.935925,
feedback,11.529022,1786440039502,7,Ry,5.000000,75.000000,4.971205,-0.028795,,,335.910614,-66.845123,179.611267,89.999916,50.000053,89.999992,435.866272,-66.846680,179.578644,-168.204224,31.883074,-173.708359,0.784160,0.305788,-0.501087,0.046728,4.894353,-0.870764,
feedback,11.537296,1786440039511,7,Ry,5.000000,75.000000,4.919909,-0.080091,,,335.910614,-66.845123,179.611267,89.999916,50.000053,89.999992,435.873413,-66.843582,179.565735,-168.212799,31.824366,-173.723648,0.850202,0.253478,-0.650226,0.049687,4.842190,-0.871198,
feedback,11.545534,1786440039515,7,Ry,5.000000,75.000000,4.698303,-0.301697,,,335.910614,-66.845123,179.611267,89.999916,50.000053,89.999992,435.880096,-66.840752,179.566483,-168.215698,31.806046,-173.728592,1.672703,0.707229,0.188732,0.111457,4.619925,-0.855540,
feedback,11.555932,1786440039524,7,Ry,5.000000,75.000000,4.646080,-0.353920,,,335.910614,-66.845123,179.611267,89.999916,50.000053,89.999992,435.897583,-66.834396,179.573105,-168.221970,31.770195,-173.739029,2.021100,0.780654,1.002499,0.172311,4.559032,-0.900142,
feedback,11.561868,1786440039532,7,Ry,5.000000,75.000000,4.912053,-0.087947,,,335.910614,-66.845123,179.611267,89.999916,50.000053,89.999992,435.910767,-66.829185,179.576294,-168.227707,31.732565,-173.748840,0.923298,0.437573,0.106141,0.078768,4.838952,-0.844288,
feedback,11.570444,1786440039540,7,Ry,5.000000,75.000000,5.161622,0.161622,,,335.910614,-66.845123,179.611267,89.999916,50.000053,89.999992,435.912781,-66.827377,179.575897,-168.232910,31.693233,-173.758545,-0.234700,-0.011881,-0.062448,-0.032994,5.080224,-0.913240,
feedback,11.578407,1786440039549,7,Ry,5.000000,75.000000,5.018326,0.018326,,,335.910614,-66.845123,179.611267,89.999916,50.000053,89.999992,435.916809,-66.824928,179.578552,-168.237885,31.653629,-173.768066,0.875091,0.374673,0.391763,-0.011100,4.941790,-0.873110,
feedback,11.586532,1786440039557,7,Ry,5.000000,75.000000,5.041006,0.041006,,,335.910614,-66.845123,179.611267,89.999916,50.000053,89.999992,435.927124,-66.820328,179.580765,-168.242447,31.613991,-173.776901,1.274466,0.500540,0.528431,-0.078054,4.977779,-0.799583,
feedback,11.594604,1786440039566,7,Ry,5.000000,75.000000,5.112939,0.112939,,,335.910614,-66.845123,179.611267,89.999916,50.000053,89.999992,435.933807,-66.817757,179.587585,-168.247147,31.574064,-173.786148,0.282985,0.117804,0.949571,-0.058810,5.042726,-0.845517,
feedback,11.602697,1786440039574,7,Ry,5.000000,75.000000,5.117617,0.117617,,,335.910614,-66.845123,179.611267,89.999916,50.000053,89.999992,435.931122,-66.816940,179.592758,-168.251999,31.533796,-173.795135,-0.495001,0.116589,0.532291,-0.031630,5.055264,-0.801308,
feedback,11.610939,1786440039583,7,Ry,5.000000,75.000000,5.213385,0.213385,,,335.910614,-66.845123,179.611267,89.999916,50.000053,89.999992,435.927704,-66.818352,179.594406,-168.259888,31.472818,-173.810181,-0.472685,-0.406775,-0.058850,0.020073,5.123296,-0.967064,
feedback,11.619208,1786440039591,7,Ry,5.000000,75.000000,5.119024,0.119024,,,335.910614,-66.845123,179.611267,89.999916,50.000053,89.999992,435.928070,-66.821259,179.594559,-168.265213,31.432810,-173.820480,-0.000759,-0.435651,-0.133274,0.026089,5.028120,-0.963442,
feedback,11.627350,1786440039600,7,Ry,5.000000,75.000000,5.160240,0.160240,,,335.910614,-66.845123,179.611267,89.999916,50.000053,89.999992,435.925659,-66.823875,179.591339,-168.271042,31.392513,-173.831406,-0.284468,-0.259577,-0.532888,0.072010,5.068245,-0.973223,
feedback,11.635507,1786440039608,7,Ry,5.000000,75.000000,5.221615,0.221615,,,335.910614,-66.845123,179.611267,89.999916,50.000053,89.999992,435.917664,-66.825897,179.582565,-168.276566,31.351507,-173.841721,-0.912173,-0.227747,-1.235220,0.036115,5.141855,-0.909162,
feedback,11.643704,1786440039617,7,Ry,5.000000,75.000000,4.919312,-0.080688,,,335.910614,-66.845123,179.611267,89.999916,50.000053,89.999992,435.914673,-66.828217,179.579391,-168.282135,31.312239,-173.852127,0.241486,-0.175635,0.063341,0.047967,4.831099,-0.930708,
feedback,11.652543,1786440039625,7,Ry,5.000000,75.000000,4.765222,-0.234778,,,335.910614,-66.845123,179.611267,89.999916,50.000053,89.999992,435.919250,-66.826675,179.580887,-168.287750,31.274479,-173.861816,0.880598,0.257247,0.477889,0.086194,4.689532,-0.846141,
feedback,11.660228,1786440039634,7,Ry,5.000000,75.000000,4.783504,-0.216496,,,335.910614,-66.845123,179.611267,89.999916,50.000053,89.999992,435.924347,-66.822617,179.581421,-168.293396,31.237022,-173.870956,0.666199,0.531412,0.045764,0.117772,4.712248,-0.822558,
feedback,11.671276,1786440039642,7,Ry,5.000000,75.000000,5.155944,0.155944,,,335.910614,-66.845123,179.611267,89.999916,50.000053,89.999992,435.917450,-66.824135,179.575699,-168.298553,31.197046,-173.880554,-1.133176,-0.369673,-0.944987,-0.041422,5.082335,-0.868535,
feedback,11.676391,1786440039646,7,Ry,5.000000,75.000000,5.194154,0.194154,,,335.910614,-66.845123,179.611267,89.999916,50.000053,89.999992,435.910797,-66.825806,179.571915,-168.300919,31.176630,-173.885086,-1.664275,-0.417688,-0.943467,-0.040581,5.129016,-0.823781,
feedback,11.684868,1786440039655,7,Ry,5.000000,75.000000,5.116358,0.116358,,,335.910614,-66.845123,179.611267,89.999916,50.000053,89.999992,435.905121,-66.827408,179.566879,-168.305145,31.136328,-173.893555,-0.462795,-0.189127,-0.640122,-0.089254,5.056483,-0.787124,
feedback,11.693084,1786440039664,7,Ry,5.000000,75.000000,5.264666,0.264666,,,335.910614,-66.845123,179.611267,89.999916,50.000053,89.999992,435.892670,-66.833336,179.563705,-168.311447,31.074068,-173.907227,-1.188836,-0.720163,-0.355303,-0.149207,5.194998,-0.855696,
feedback,11.702491,1786440039672,7,Ry,5.000000,75.000000,5.316480,0.316480,,,335.910614,-66.845123,179.611267,89.999916,50.000053,89.999992,435.880341,-66.838013,179.565979,-168.315277,31.032557,-173.915634,-1.902547,-0.574019,0.270111,-0.121786,5.252313,-0.829000,
feedback,11.709182,1786440039680,7,Ry,5.000000,75.000000,5.095012,0.095012,,,335.910614,-66.845123,179.611267,89.999916,50.000053,89.999992,435.874176,-66.839195,179.570114,-168.319763,30.992044,-173.924530,-0.522601,-0.169706,0.692607,-0.059886,5.019658,-0.873107,
feedback,11.718099,1786440039689,7,Ry,5.000000,75.000000,4.956708,-0.043292,,,335.910614,-66.845123,179.611267,89.999916,50.000053,89.999992,435.873169,-66.838249,179.577835,-168.324509,30.952568,-173.933472,-0.001894,0.190233,1.229667,0.019843,4.889329,-0.815754,
feedback,11.725907,1786440039697,7,Ry,5.000000,75.000000,5.157691,0.157691,,,335.910614,-66.845123,179.611267,89.999916,50.000053,89.999992,435.867676,-66.839073,179.581192,-168.328827,30.911749,-173.941971,-0.871088,-0.144496,0.110465,-0.097559,5.105665,-0.746212,
feedback,11.734439,1786440039705,7,Ry,5.000000,75.000000,5.151181,0.151181,,,335.910614,-66.845123,179.611267,89.999916,50.000053,89.999992,435.863861,-66.839699,179.579086,-168.332260,30.870842,-173.949600,-0.168164,-0.025425,-0.243581,-0.215883,5.107398,-0.698859,
feedback,11.742223,1786440039714,7,Ry,5.000000,75.000000,4.867089,-0.132911,,,335.910614,-66.845123,179.611267,89.999916,50.000053,89.999992,435.871826,-66.837387,179.580429,-168.335495,30.831306,-173.956329,1.610261,0.501815,0.518918,-0.153349,4.832900,-0.619595,
feedback,11.750762,1786440039722,7,Ry,5.000000,75.000000,4.747340,-0.252660,,,335.910614,-66.845123,179.611267,89.999916,50.000053,89.999992,435.887695,-66.834282,179.588715,-168.339386,30.793722,-173.963989,1.894033,0.261002,1.085184,-0.050559,4.686969,-0.757684,
feedback,11.758518,1786440039731,7,Ry,5.000000,75.000000,4.875280,-0.124720,,,335.910614,-66.845123,179.611267,89.999916,50.000053,89.999992,435.896820,-66.833946,179.590988,-168.346115,30.736256,-173.976868,0.788482,0.089589,-0.181790,-0.041263,4.815626,-0.764808,
feedback,11.767371,1786440039739,7,Ry,5.000000,75.000000,4.637532,-0.362468,,,335.910614,-66.845123,179.611267,89.999916,50.000053,89.999992,435.910309,-66.829666,179.594223,-168.351074,30.699648,-173.985733,1.810798,0.627683,0.473500,0.119681,4.568655,-0.796424,
feedback,11.777026,1786440039747,7,Ry,5.000000,75.000000,4.719065,-0.280935,,,335.910614,-66.845123,179.611267,89.999916,50.000053,89.999992,435.929749,-66.824112,179.603210,-168.356094,30.663801,-173.994904,1.948133,0.705766,1.254585,0.063073,4.652035,-0.793039,
feedback,11.783645,1786440039756,7,Ry,5.000000,75.000000,4.706981,-0.293019,,,335.910614,-66.845123,179.611267,89.999916,50.000053,89.999992,435.945068,-66.819069,179.611404,-168.361053,30.626980,-174.003952,1.760362,0.681063,1.052897,0.076178,4.632138,-0.836307,
feedback,11.791970,1786440039764,7,Ry,5.000000,75.000000,4.957141,-0.042859,,,335.910614,-66.845123,179.611267,89.999916,50.000053,89.999992,435.950043,-66.818985,179.615662,-168.365036,30.588480,-174.013016,0.328803,-0.105882,0.690240,-0.139705,4.885041,-0.842518,
feedback,11.799763,1786440039773,7,Ry,5.000000,75.000000,5.025027,0.025027,,,335.910614,-66.845123,179.611267,89.999916,50.000053,89.999992,435.951263,-66.820763,179.622498,-168.368683,30.549234,-174.022095,0.070975,-0.292861,0.860437,-0.102417,4.942065,-0.910087,
feedback,11.808280,1786440039781,7,Ry,5.000000,75.000000,5.096859,0.096859,,,335.910614,-66.845123,179.611267,89.999916,50.000053,89.999992,435.950928,-66.820892,179.627579,-168.372787,30.509277,-174.030777,0.012070,0.041530,0.583083,-0.087720,5.028705,-0.832389,
feedback,11.816480,1786440039789,7,Ry,5.000000,75.000000,5.189111,0.189111,,,335.910614,-66.845123,179.611267,89.999916,50.000053,89.999992,435.949524,-66.823364,179.630173,-168.376511,30.468611,-174.039520,-0.370924,-0.485327,0.072065,-0.176204,5.121276,-0.838599,
feedback,11.825033,1786440039794,7,Ry,5.000000,75.000000,5.301661,0.301661,,,335.910614,-66.845123,179.611267,89.999916,50.000053,89.999992,435.945068,-66.826302,179.629364,-168.378189,30.447739,-174.043900,-1.110050,-0.735155,-0.201359,-0.179275,5.227674,-0.883330,
feedback,11.833028,1786440039802,7,Ry,5.000000,75.000000,5.458569,0.458569,,,335.910614,-66.845123,179.611267,89.999916,50.000053,89.999992,435.931366,-66.834450,179.624222,-168.381699,30.405312,-174.053207,-2.085160,-1.222988,-0.868326,-0.210072,5.373862,-0.957834,
feedback,11.840662,1786440039810,7,Ry,5.000000,75.000000,5.358733,0.358733,,,335.910614,-66.845123,179.611267,89.999916,50.000053,89.999992,435.918427,-66.844048,179.615448,-168.384308,30.362652,-174.062027,-1.296815,-0.876122,-1.018242,-0.230214,5.282034,-0.903687,
feedback,11.848702,1786440039819,7,Ry,5.000000,75.000000,5.096471,0.096471,,,335.910614,-66.845123,179.611267,89.999916,50.000053,89.999992,435.912933,-66.851418,179.614273,-168.389526,30.301989,-174.075928,-0.540153,-0.612805,0.223263,-0.094565,5.011332,-0.928651,
feedback,11.856872,1786440039827,7,Ry,5.000000,75.000000,5.228577,0.228577,,,335.910614,-66.845123,179.611267,89.999916,50.000053,89.999992,435.905579,-66.857742,179.613052,-168.393417,30.261511,-174.085480,-1.111087,-0.811704,-0.529222,-0.117708,5.141575,-0.950758,
feedback,11.865257,1786440039836,7,Ry,5.000000,75.000000,5.206246,0.206246,,,335.910614,-66.845123,179.611267,89.999916,50.000053,89.999992,435.893433,-66.862297,179.604401,-168.397400,30.220421,-174.094620,-1.418001,-0.402155,-1.263549,-0.057431,5.131078,-0.881774,
feedback,11.873406,1786440039844,7,Ry,5.000000,75.000000,4.984629,-0.015371,,,335.910614,-66.845123,179.611267,89.999916,50.000053,89.999992,435.889954,-66.864609,179.599365,-168.401596,30.180830,-174.103928,0.006278,-0.131388,-0.406974,-0.043386,4.904979,-0.887773,
feedback,11.881925,1786440039853,7,Ry,5.000000,75.000000,4.993901,-0.006099,,,335.910614,-66.845123,179.611267,89.999916,50.000053,89.999992,435.893219,-66.867760,179.591125,-168.405731,30.141985,-174.113403,0.332059,-0.681255,-1.561105,-0.065850,4.905650,-0.937310,
feedback,11.890694,1786440039861,7,Ry,5.000000,75.000000,5.071096,0.071096,,,335.910614,-66.845123,179.611267,89.999916,50.000053,89.999992,435.893616,-66.869614,179.580017,-168.410233,30.102455,-174.122894,-0.286945,-0.351229,-1.113519,-0.070489,4.995432,-0.872751,
feedback,11.897772,1786440039869,7,Ry,5.000000,75.000000,4.973531,-0.026469,,,335.910614,-66.845123,179.611267,89.999916,50.000053,89.999992,435.891724,-66.871300,179.577393,-168.414062,30.062889,-174.131683,-0.028280,-0.046810,0.015467,-0.055581,4.903735,-0.830968,
feedback,11.905935,1786440039878,7,Ry,5.000000,75.000000,5.022706,0.022706,,,335.910614,-66.845123,179.611267,89.999916,50.000053,89.999992,435.894775,-66.871666,179.582047,-168.418488,30.024202,-174.141129,0.264147,-0.180814,0.316716,-0.043758,4.938838,-0.915010,
feedback,11.914248,1786440039886,7,Ry,5.000000,75.000000,5.110170,0.110170,,,335.910614,-66.845123,179.611267,89.999916,50.000053,89.999992,435.893585,-66.874870,179.585999,-168.422806,29.984289,-174.150711,-0.268516,-0.594678,0.558782,-0.066192,5.024406,-0.933398,
feedback,11.922483,1786440039895,7,Ry,5.000000,75.000000,5.259983,0.259983,,,335.910614,-66.845123,179.611267,89.999916,50.000053,89.999992,435.879822,-66.882095,179.587265,-168.429062,29.922518,-174.164810,-1.123133,-0.426443,0.260744,-0.040751,5.183616,-0.893297,
feedback,11.930301,1786440039903,7,Ry,5.000000,75.000000,5.128371,0.128371,,,335.910614,-66.845123,179.611267,89.999916,50.000053,89.999992,435.878937,-66.882301,179.590530,-168.433655,29.882034,-174.173935,0.348775,-0.029678,0.517411,-0.016349,5.049689,-0.894887,
feedback,11.938520,1786440039912,7,Ry,5.000000,75.000000,4.987405,-0.012595,,,335.910614,-66.845123,179.611267,89.999916,50.000053,89.999992,435.887970,-66.881508,179.599838,-168.438232,29.843025,-174.183304,1.073239,-0.151672,1.269751,-0.006614,4.901157,-0.925404,
feedback,11.948224,1786440039916,7,Ry,5.000000,75.000000,4.995708,-0.004292,,,335.910614,-66.845123,179.611267,89.999916,50.000053,89.999992,435.891388,-66.881584,179.604492,-168.440598,29.823509,-174.188263,0.850731,-0.019135,1.166880,0.017224,4.906106,-0.945138,
feedback,11.955095,1786440039925,7,Ry,5.000000,75.000000,4.971729,-0.028271,,,335.910614,-66.845123,179.611267,89.999916,50.000053,89.999992,435.894989,-66.881767,179.611084,-168.445145,29.784498,-174.197769,0.479374,0.141144,0.843602,0.015163,4.892315,-0.885331,
feedback,11.963329,1786440039933,7,Ry,5.000000,75.000000,4.976705,-0.023295,,,335.910614,-66.845123,179.611267,89.999916,50.000053,89.999992,435.900146,-66.881828,179.616745,-168.449448,29.745768,-174.207031,0.670890,-0.031487,0.459504,-0.059691,4.898737,-0.877548,
feedback,11.971547,1786440039942,7,Ry,5.000000,75.000000,4.891162,-0.108838,,,335.910614,-66.845123,179.611267,89.999916,50.000053,89.999992,435.908203,-66.883766,179.622101,-168.454041,29.707336,-174.216934,1.178297,-0.410004,0.761266,0.017133,4.790574,-0.998214,
feedback,11.979601,1786440039950,7,Ry,5.000000,75.000000,4.953728,-0.046272,,,335.910614,-66.845123,179.611267,89.999916,50.000053,89.999992,435.918427,-66.883919,179.624802,-168.458771,29.669098,-174.226654,0.901523,-0.103983,0.257104,-0.010183,4.872712,-0.892823,
feedback,11.987626,1786440039959,7,Ry,5.000000,75.000000,4.770776,-0.229224,,,335.910614,-66.845123,179.611267,89.999916,50.000053,89.999992,435.931885,-66.883453,179.621933,-168.465103,29.611912,-174.240646,1.698450,0.380393,-0.087082,-0.003125,4.689497,-0.878282,
feedback,11.996043,1786440039967,7,Ry,5.000000,75.000000,4.662777,-0.337223,,,335.910614,-66.845123,179.611267,89.999916,50.000053,89.999992,435.944458,-66.879776,179.623306,-168.471039,29.575535,-174.251587,1.611708,0.397798,0.402852,0.212210,4.550844,-1.042489,
feedback,12.004751,1786440039975,7,Ry,5.000000,75.000000,4.724259,-0.275741,,,335.910614,-66.845123,179.611267,89.999916,50.000053,89.999992,435.956757,-66.877235,179.630371,-168.477219,29.539371,-174.263336,1.386532,0.190249,1.001835,0.206874,4.598310,-1.127292,
feedback,12.012783,1786440039984,7,Ry,5.000000,75.000000,5.013084,0.013084,,,335.910614,-66.845123,179.611267,89.999916,50.000053,89.999992,435.957886,-66.878105,179.633469,-168.482986,29.500933,-174.274734,-0.085055,-0.182664,0.206724,0.089655,4.907533,-1.037035,
feedback,12.020350,1786440039992,7,Ry,5.000000,75.000000,5.134506,0.134506,,,335.910614,-66.845123,179.611267,89.999916,50.000053,89.999992,435.949738,-66.876465,179.633484,-168.488403,29.460770,-174.284882,-0.873640,0.364689,0.127423,0.075077,5.052789,-0.912597,
feedback,12.028914,1786440040000,7,Ry,5.000000,75.000000,5.255498,0.255498,,,335.910614,-66.845123,179.611267,89.999916,50.000053,89.999992,435.939697,-66.874947,179.628738,-168.493362,29.419430,-174.294586,-1.011517,0.206226,-0.539191,-0.000515,5.178794,-0.894820,
feedback,12.037021,1786440040009,7,Ry,5.000000,75.000000,5.375583,0.375583,,,335.910614,-66.845123,179.611267,89.999916,50.000053,89.999992,435.931885,-66.878136,179.624649,-168.497894,29.377850,-174.304749,-1.101551,-0.478093,-0.708181,0.024226,5.275240,-1.039290,
feedback,12.045544,1786440040017,7,Ry,5.000000,75.000000,5.200940,0.200940,,,335.910614,-66.845123,179.611267,89.999916,50.000053,89.999992,435.922394,-66.882126,179.624573,-168.502884,29.336767,-174.315323,-0.858781,-0.405277,0.225100,0.073922,5.098721,-1.034603,
feedback,12.054028,1786440040026,7,Ry,5.000000,75.000000,5.225769,0.225769,,,335.910614,-66.845123,179.611267,89.999916,50.000053,89.999992,435.911865,-66.883476,179.626404,-168.507568,29.296011,-174.324524,-1.592684,-0.098659,-0.090239,0.018694,5.147904,-0.898785,
feedback,12.062613,1786440040034,7,Ry,5.000000,75.000000,5.270202,0.270202,,,335.910614,-66.845123,179.611267,89.999916,50.000053,89.999992,435.896576,-66.883789,179.624023,-168.512314,29.253819,-174.333847,-1.434612,0.071099,-0.388419,0.010782,5.195787,-0.883124,
feedback,12.069565,1786440040042,7,Ry,5.000000,75.000000,5.120593,0.120593,,,335.910614,-66.845123,179.611267,89.999916,50.000053,89.999992,435.892151,-66.882919,179.625473,-168.518036,29.213715,-174.343979,-0.544798,-0.058210,0.159488,0.096340,5.040254,-0.903561,
feedback,12.078432,1786440040051,7,Ry,5.000000,75.000000,5.303984,0.303984,,,335.910614,-66.845123,179.611267,89.999916,50.000053,89.999992,435.881531,-66.874115,179.623535,-168.527756,29.152731,-174.358368,-1.287862,1.251564,-0.576260,0.287064,5.257038,-0.730215,
feedback,12.086112,1786440040059,7,Ry,5.000000,75.000000,5.023492,0.023492,,,335.910614,-66.845123,179.611267,89.999916,50.000053,89.999992,435.878113,-66.866081,179.618805,-168.534134,29.112930,-174.367813,-0.082142,0.958422,-0.519189,0.201480,4.953115,-0.838557,
feedback,12.094150,1786440040068,7,Ry,5.000000,75.000000,4.813726,-0.186274,,,335.910614,-66.845123,179.611267,89.999916,50.000053,89.999992,435.882507,-66.857948,179.618896,-168.540726,29.074757,-174.377243,0.906214,1.207083,0.244921,0.262202,4.757407,-0.740457,
feedback,12.103277,1786440040072,7,Ry,5.000000,75.000000,4.821541,-0.178459,,,335.910614,-66.845123,179.611267,89.999916,50.000053,89.999992,435.886780,-66.853706,179.619217,-168.544006,29.055910,-174.381927,1.064637,1.059742,0.080573,0.251920,4.759490,-0.773653,
feedback,12.110725,1786440040080,7,Ry,5.000000,75.000000,4.871586,-0.128414,,,335.910614,-66.845123,179.611267,89.999916,50.000053,89.999992,435.894562,-66.846474,179.616898,-168.549774,29.018290,-174.390564,0.755124,0.778869,-0.964396,0.084667,4.823262,-0.700205,
feedback,12.118649,1786440040089,7,Ry,5.000000,75.000000,5.058085,0.058085,,,335.910614,-66.845123,179.611267,89.999916,50.000053,89.999992,435.897400,-66.840874,179.610214,-168.554993,28.979097,-174.398849,0.137792,0.612440,-1.057197,0.084660,5.001448,-0.763679,
feedback,12.127648,1786440040097,7,Ry,5.000000,75.000000,5.024011,0.024011,,,335.910614,-66.845123,179.611267,89.999916,50.000053,89.999992,435.902191,-66.838646,179.606689,-168.559601,28.939850,-174.408066,0.677393,0.181348,-0.485514,0.053192,4.940955,-0.910588,
feedback,12.135142,1786440040106,7,Ry,5.000000,75.000000,5.089318,0.089318,,,335.910614,-66.845123,179.611267,89.999916,50.000053,89.999992,435.910950,-66.838058,179.604568,-168.563858,28.900366,-174.417877,1.015440,-0.078497,-0.300547,-0.053033,4.994300,-0.984179,
feedback,12.143109,1786440040114,7,Ry,5.000000,75.000000,5.151041,0.151041,,,335.910614,-66.845123,179.611267,89.999916,50.000053,89.999992,435.914215,-66.837273,179.602890,-168.568222,28.860256,-174.427612,0.019209,0.166664,-0.250685,0.004512,5.070881,-0.905268,
feedback,12.151580,1786440040122,7,Ry,5.000000,75.000000,5.164991,0.164991,,,335.910614,-66.845123,179.611267,89.999916,50.000053,89.999992,435.916321,-66.834480,179.606644,-168.573151,28.820276,-174.437073,0.019897,0.302116,0.381466,0.027865,5.091200,-0.870354,
feedback,12.159672,1786440040131,7,Ry,5.000000,75.000000,5.012962,0.012962,,,335.910614,-66.845123,179.611267,89.999916,50.000053,89.999992,435.918854,-66.830132,179.612701,-168.580612,28.759811,-174.451202,0.842193,0.437888,0.545820,0.110615,4.930717,-0.905006,
feedback,12.168405,1786440040139,7,Ry,5.000000,75.000000,5.153924,0.153924,,,335.910614,-66.845123,179.611267,89.999916,50.000053,89.999992,435.920746,-66.827690,179.617767,-168.585434,28.719584,-174.460648,-0.003122,0.390293,0.376412,0.037016,5.083836,-0.848369,
feedback,12.176161,1786440040147,7,Ry,5.000000,75.000000,5.258335,0.258335,,,335.910614,-66.845123,179.611267,89.999916,50.000053,89.999992,435.917206,-66.827202,179.613693,-168.590027,28.678299,-174.470352,-0.456917,0.070169,-0.689334,0.008487,5.172749,-0.945444,
feedback,12.184939,1786440040156,7,Ry,5.000000,75.000000,4.909040,-0.090960,,,335.910614,-66.845123,179.611267,89.999916,50.000053,89.999992,435.923920,-66.824059,179.611710,-168.594635,28.638899,-174.480011,1.190317,0.303101,0.205065,0.064306,4.813800,-0.969666,
feedback,12.192519,1786440040164,7,Ry,5.000000,75.000000,4.922248,-0.077752,,,335.910614,-66.845123,179.611267,89.999916,50.000053,89.999992,435.927032,-66.822418,179.617599,-168.599472,28.599495,-174.490036,0.789466,0.183723,1.325716,0.063706,4.825984,-0.976631,
feedback,12.200992,1786440040173,7,Ry,5.000000,75.000000,4.911085,-0.088915,,,335.910614,-66.845123,179.611267,89.999916,50.000053,89.999992,435.930969,-66.818771,179.621796,-168.604980,28.560999,-174.499786,0.429930,0.419569,0.262326,0.128352,4.828847,-0.896039,
feedback,12.208887,1786440040181,7,Ry,5.000000,75.000000,4.993101,-0.006899,,,335.910614,-66.845123,179.611267,89.999916,50.000053,89.999992,435.929474,-66.819130,179.618927,-168.609940,28.521870,-174.509445,-0.053531,-0.131300,-0.423457,0.034934,4.910507,-0.905270,
feedback,12.217685,1786440040190,7,Ry,5.000000,75.000000,4.876685,-0.123315,,,335.910614,-66.845123,179.611267,89.999916,50.000053,89.999992,435.926392,-66.821060,179.613846,-168.614609,28.482960,-174.519058,0.191985,-0.058204,-0.210804,0.083545,4.787941,-0.929971,
feedback,12.225280,1786440040198,7,Ry,5.000000,75.000000,4.927274,-0.072726,,,335.910614,-66.845123,179.611267,89.999916,50.000053,89.999992,435.930695,-66.819923,179.609985,-168.619141,28.444866,-174.528366,0.484145,-0.024635,-0.526730,0.004131,4.840080,-0.925640,
feedback,12.236629,1786440040206,7,Ry,5.000000,75.000000,5.056931,0.056931,,,335.910614,-66.845123,179.611267,89.999916,50.000053,89.999992,435.931519,-66.821991,179.605133,-168.623901,28.405609,-174.538483,-0.148885,-0.431375,-0.659457,0.044808,4.957765,-1.004911,
feedback,12.242140,1786440040215,7,Ry,5.000000,75.000000,5.092297,0.092297,,,335.910614,-66.845123,179.611267,89.999916,50.000053,89.999992,435.928833,-66.825287,179.600479,-168.628326,28.365911,-174.552902,-0.463798,-0.253018,-0.485435,0.004560,5.003984,-0.946419,
feedback,12.249820,1786440040223,7,Ry,5.000000,75.000000,5.309635,0.309635,,,335.910614,-66.845123,179.611267,89.999916,50.000053,89.999992,435.908600,-66.835457,179.593994,-168.633865,28.303366,-174.561996,-1.594038,-0.778316,-0.366236,-0.094054,5.229511,-0.918999,
feedback,12.259418,1786440040231,7,Ry,5.000000,75.000000,5.325716,0.325716,,,335.910614,-66.845123,179.611267,89.999916,50.000053,89.999992,435.899841,-66.840355,179.591690,-168.637314,28.261789,-174.570709,-1.156907,-0.643480,-0.283196,-0.141391,5.255215,-0.865819,
feedback,12.267382,1786440040236,7,Ry,5.000000,75.000000,5.356612,0.356612,,,335.910614,-66.845123,179.611267,89.999916,50.000053,89.999992,435.894226,-66.843155,179.590485,-168.638947,28.240671,-174.574875,-1.405981,-0.699540,-0.301613,-0.141260,5.289998,-0.846462,
feedback,12.274723,1786440040244,7,Ry,5.000000,75.000000,5.386983,0.386983,,,335.910614,-66.845123,179.611267,89.999916,50.000053,89.999992,435.881348,-66.846664,179.583206,-168.642700,28.198076,-174.583420,-1.592554,-0.437710,-0.927481,-0.096874,5.316768,-0.869520,
feedback,12.283031,1786440040253,7,Ry,5.000000,75.000000,5.408688,0.408688,,,335.910614,-66.845123,179.611267,89.999916,50.000053,89.999992,435.866577,-66.851318,179.575851,-168.646332,28.155392,-174.591934,-1.814129,-0.490141,-0.743498,-0.084189,5.342998,-0.845740,
feedback,12.290795,1786440040261,7,Ry,5.000000,75.000000,5.105538,0.105538,,,335.910614,-66.845123,179.611267,89.999916,50.000053,89.999992,435.860718,-66.852341,179.576874,-168.650436,28.114540,-174.600601,-0.329852,0.117815,0.538520,0.018955,5.041062,-0.812295,
feedback,12.298839,1786440040269,7,Ry,5.000000,75.000000,5.051995,0.051995,,,335.910614,-66.845123,179.611267,89.999916,50.000053,89.999992,435.863525,-66.849197,179.586273,-168.654984,28.075703,-174.609238,-0.092880,0.319953,1.166429,0.024765,4.986640,-0.812595,
feedback,12.307277,1786440040278,7,Ry,5.000000,75.000000,5.030470,0.030470,,,335.910614,-66.845123,179.611267,89.999916,50.000053,89.999992,435.863892,-66.844521,179.589371,-168.660080,28.036448,-174.618301,-0.148532,0.691577,0.122044,0.168220,4.960023,-0.839560,
feedback,12.315622,1786440040286,7,Ry,5.000000,75.000000,4.920823,-0.079177,,,335.910614,-66.845123,179.611267,89.999916,50.000053,89.999992,435.863770,-66.841560,179.592072,-168.665283,27.997652,-174.627731,0.015840,0.410431,0.190443,0.145441,4.842781,-0.873079,
feedback,12.323152,1786440040295,7,Ry,5.000000,75.000000,4.834857,-0.165143,,,335.910614,-66.845123,179.611267,89.999916,50.000053,89.999992,435.871796,-66.836220,179.594757,-168.670486,27.959324,-174.636826,1.216967,0.898225,0.252097,0.111857,4.771154,-0.784194,
feedback,12.331525,1786440040303,7,Ry,5.000000,75.000000,4.662006,-0.337994,,,335.910614,-66.845123,179.611267,89.999916,50.000053,89.999992,435.895874,-66.824501,179.594406,-168.678314,27.903677,-174.650299,2.244567,0.780960,0.091980,0.160662,4.585176,-0.843579,
feedback,12.339637,1786440040311,7,Ry,5.000000,75.000000,4.702371,-0.297629,,,335.910614,-66.845123,179.611267,89.999916,50.000053,89.999992,435.907043,-66.820808,179.597885,-168.683228,27.866962,-174.659698,1.463125,0.500690,0.721968,0.094076,4.619880,-0.879267,
feedback,12.348751,1786440040320,7,Ry,5.000000,75.000000,4.676633,-0.323367,,,335.910614,-66.845123,179.611267,89.999916,50.000053,89.999992,435.919891,-66.816948,179.605560,-168.687714,27.829952,-174.668594,2.153464,0.632516,1.274623,0.063425,4.602338,-0.830493,
feedback,12.356662,1786440040328,7,Ry,5.000000,75.000000,4.867287,-0.132713,,,335.910614,-66.845123,179.611267,89.999916,50.000053,89.999992,435.932281,-66.813210,179.609100,-168.691849,27.791798,-174.676819,1.359235,0.297400,0.566688,0.006981,4.793343,-0.845186,
feedback,12.364991,1786440040337,7,Ry,5.000000,75.000000,5.087153,0.087153,,,335.910614,-66.845123,179.611267,89.999916,50.000053,89.999992,435.935303,-66.813187,179.610214,-168.695999,27.751841,-174.685608,0.312454,-0.076703,0.249472,-0.022802,5.015729,-0.850102,
feedback,12.373449,1786440040345,7,Ry,5.000000,75.000000,5.142994,0.142994,,,335.910614,-66.845123,179.611267,89.999916,50.000053,89.999992,435.932892,-66.813698,179.609543,-168.699524,27.710884,-174.693741,0.265094,0.050709,0.092114,-0.063119,5.068542,-0.872184,
feedback,12.381062,1786440040353,7,Ry,5.000000,75.000000,5.160596,0.160596,,,335.910614,-66.845123,179.611267,89.999916,50.000053,89.999992,435.933533,-66.814072,179.612137,-168.703125,27.670315,-174.702133,-0.035500,-0.197361,0.320035,-0.041162,5.082245,-0.895850,
feedback,12.389731,1786440040362,7,Ry,5.000000,75.000000,5.103347,0.103347,,,335.910614,-66.845123,179.611267,89.999916,50.000053,89.999992,435.935516,-66.814087,179.617142,-168.706421,27.630129,-174.710037,0.174567,0.001402,0.681770,-0.099284,5.041073,-0.799598,
feedback,12.398210,1786440040370,7,Ry,5.000000,75.000000,5.268620,0.268620,,,335.910614,-66.845123,179.611267,89.999916,50.000053,89.999992,435.930145,-66.816589,179.617142,-168.709534,27.588757,-174.718048,-0.901716,-0.167118,-0.177184,-0.191760,5.226014,-0.702429,
feedback,12.407130,1786440040378,7,Ry,5.000000,75.000000,5.409855,0.409855,,,335.910614,-66.845123,179.611267,89.999916,50.000053,89.999992,435.917542,-66.821144,179.610168,-168.712204,27.546343,-174.725845,-1.770173,-0.550676,-1.257077,-0.168457,5.347196,-0.828590,
feedback,12.414710,1786440040387,7,Ry,5.000000,75.000000,5.265978,0.265978,,,335.910614,-66.845123,179.611267,89.999916,50.000053,89.999992,435.902863,-66.825623,179.596039,-168.717361,27.483234,-174.738052,-0.675580,-0.209046,-1.155490,-0.105620,5.201149,-0.828315,
feedback,12.422902,1786440040395,7,Ry,5.000000,75.000000,5.182237,0.182237,,,335.910614,-66.845123,179.611267,89.999916,50.000053,89.999992,435.901306,-66.826149,179.586395,-168.720093,27.441954,-174.745285,-0.086778,-0.147782,-1.176761,-0.166649,5.131285,-0.742252,
feedback,12.430321,1786440040404,7,Ry,5.000000,75.000000,5.017958,0.017958,,,335.910614,-66.845123,179.611267,89.999916,50.000053,89.999992,435.901367,-66.826401,179.579803,-168.722839,27.401712,-174.752151,0.028290,-0.014005,-0.664617,-0.130698,4.970944,-0.705555,
feedback,12.438234,1786440040408,7,Ry,5.000000,75.000000,4.992133,-0.007867,,,335.910614,-66.845123,179.611267,89.999916,50.000053,89.999992,435.900177,-66.826851,179.578461,-168.724411,27.382004,-174.755844,-0.299972,-0.110908,-0.332994,-0.103592,4.938317,-0.741894,
feedback,12.446572,1786440040416,7,Ry,5.000000,75.000000,5.023427,0.023427,,,335.910614,-66.845123,179.611267,89.999916,50.000053,89.999992,435.893585,-66.830757,179.571274,-168.727585,27.342354,-174.764252,-0.637177,-0.450184,-0.994245,-0.085816,4.947387,-0.870697,
feedback,12.454760,1786440040425,7,Ry,5.000000,75.000000,4.842982,-0.157018,,,335.910614,-66.845123,179.611267,89.999916,50.000053,89.999992,435.895905,-66.832100,179.567169,-168.731323,27.304203,-174.773010,0.544751,0.034052,-0.269961,0.000109,4.769163,-0.842356,
feedback,12.463784,1786440040433,7,Ry,5.000000,75.000000,5.093298,0.093298,,,335.910614,-66.845123,179.611267,89.999916,50.000053,89.999992,435.895996,-66.834045,179.564636,-168.734756,27.264929,-174.781311,-0.360497,-0.310251,-0.571946,-0.067653,5.021249,-0.854184,
feedback,12.472410,1786440040442,7,Ry,5.000000,75.000000,5.264301,0.264301,,,335.910614,-66.845123,179.611267,89.999916,50.000053,89.999992,435.890930,-66.838509,179.554367,-168.737671,27.223930,-174.789871,-0.744264,-0.739155,-1.496945,-0.191666,5.182323,-0.925395,
feedback,12.479832,1786440040450,7,Ry,5.000000,75.000000,5.290475,0.290475,,,335.910614,-66.845123,179.611267,89.999916,50.000053,89.999992,435.883301,-66.844971,179.544785,-168.739975,27.181984,-174.797852,-0.903507,-0.785955,-0.798882,-0.215286,5.214005,-0.896431,
feedback,12.487505,1786440040459,7,Ry,5.000000,75.000000,5.028526,0.028526,,,335.910614,-66.845123,179.611267,89.999916,50.000053,89.999992,435.884064,-66.848923,179.549103,-168.742691,27.142061,-174.806168,0.270366,-0.299672,0.821917,-0.114808,4.952148,-0.873042,
feedback,12.495925,1786440040467,7,Ry,5.000000,75.000000,5.269814,0.269814,,,335.910614,-66.845123,179.611267,89.999916,50.000053,89.999992,435.879333,-66.856979,179.554993,-168.746536,27.081150,-174.818573,-1.020091,-0.544559,0.453112,-0.151781,5.200988,-0.851337,
feedback,12.503942,1786440040476,7,Ry,5.000000,75.000000,5.109461,0.109461,,,335.910614,-66.845123,179.611267,89.999916,50.000053,89.999992,435.874847,-66.860008,179.559769,-168.749863,27.040735,-174.826981,-0.324037,-0.357132,0.723130,-0.129396,5.039804,-0.842021,
feedback,12.512380,1786440040484,7,Ry,5.000000,75.000000,4.990443,-0.009557,,,335.910614,-66.845123,179.611267,89.999916,50.000053,89.999992,435.875671,-66.862595,179.566742,-168.752747,27.000694,-174.835327,0.697062,-0.101446,1.194209,-0.077858,4.908248,-0.902683,
feedback,12.521610,1786440040493,7,Ry,5.000000,75.000000,4.888741,-0.111259,,,335.910614,-66.845123,179.611267,89.999916,50.000053,89.999992,435.884216,-66.863548,179.575470,-168.756180,26.962152,-174.844177,1.044809,-0.348300,1.267512,-0.051127,4.798449,-0.939677,
feedback,12.528017,1786440040501,7,Ry,5.000000,75.000000,4.885430,-0.114570,,,335.910614,-66.845123,179.611267,89.999916,50.000053,89.999992,435.889038,-66.865410,179.584991,-168.759537,26.923857,-174.852768,0.474124,-0.294331,1.316174,-0.060838,4.805570,-0.880268,
feedback,12.536279,1786440040509,7,Ry,5.000000,75.000000,4.863693,-0.136307,,,335.910614,-66.845123,179.611267,89.999916,50.000053,89.999992,435.897308,-66.863815,179.597519,-168.763153,26.886168,-174.860992,0.906064,0.262605,1.913200,-0.014471,4.796588,-0.806118,
feedback,12.544631,1786440040518,7,Ry,5.000000,75.000000,4.563436,-0.436564,,,335.910614,-66.845123,179.611267,89.999916,50.000053,89.999992,435.914856,-66.860939,179.612671,-168.767899,26.849987,-174.870651,2.639160,0.540715,1.906573,0.165994,4.462447,-0.971907,
feedback,12.552841,1786440040526,7,Ry,5.000000,75.000000,4.686773,-0.313227,,,335.910614,-66.845123,179.611267,89.999916,50.000053,89.999992,435.932068,-66.856514,179.622742,-168.772659,26.813938,-174.879837,1.876185,0.573658,1.245731,0.132273,4.607227,-0.861175,
feedback,12.561165,1786440040534,7,Ry,5.000000,75.000000,4.722548,-0.277452,,,335.910614,-66.845123,179.611267,89.999916,50.000053,89.999992,435.941040,-66.854965,179.625870,-168.777283,26.777029,-174.889404,1.165725,0.328936,0.189672,0.126765,4.627961,-0.949548,
feedback,12.569323,1786440040543,7,Ry,5.000000,75.000000,4.885022,-0.114978,,,335.910614,-66.845123,179.611267,89.999916,50.000053,89.999992,435.957092,-66.852348,179.628006,-168.783585,26.721409,-174.903244,0.948931,0.192523,0.017052,0.031628,4.804771,-0.882495,
feedback,12.578201,1786440040547,7,Ry,5.000000,75.000000,4.790505,-0.209495,,,335.910614,-66.845123,179.611267,89.999916,50.000053,89.999992,435.961884,-66.851845,179.631927,-168.785568,26.702658,-174.907669,1.198912,0.125781,0.982529,0.025350,4.708695,-0.883057,
feedback,12.586597,1786440040556,7,Ry,5.000000,75.000000,4.869373,-0.130627,,,335.910614,-66.845123,179.611267,89.999916,50.000053,89.999992,435.968903,-66.851685,179.640228,-168.789932,26.664906,-174.917023,0.644261,-0.191767,0.934369,0.044337,4.775205,-0.960012,
feedback,12.594159,1786440040564,7,Ry,5.000000,75.000000,5.129482,0.129482,,,335.910614,-66.845123,179.611267,89.999916,50.000053,89.999992,435.963867,-66.852463,179.643890,-168.793808,26.624739,-174.925476,-0.617291,-0.127554,0.458673,-0.028217,5.060012,-0.842777,
feedback,12.602777,1786440040572,7,Ry,5.000000,75.000000,5.313733,0.313733,,,335.910614,-66.845123,179.611267,89.999916,50.000053,89.999992,435.950134,-66.856323,179.641998,-168.797455,26.583080,-174.933914,-1.901136,-0.676601,-0.232455,-0.075817,5.238539,-0.891344,
feedback,12.611233,1786440040581,7,Ry,5.000000,75.000000,5.240795,0.240795,,,335.910614,-66.845123,179.611267,89.999916,50.000053,89.999992,435.939728,-66.859695,179.639404,-168.800385,26.541254,-174.941971,-0.995784,-0.391470,-0.149156,-0.112685,5.167305,-0.875295,
feedback,12.619504,1786440040590,7,Ry,5.000000,75.000000,5.264299,0.264299,,,335.910614,-66.845123,179.611267,89.999916,50.000053,89.999992,435.932709,-66.863991,179.634857,-168.803024,26.499079,-174.950302,-0.630901,-0.546699,-0.379572,-0.153543,5.185949,-0.904882,
feedback,12.627649,1786440040598,7,Ry,5.000000,75.000000,5.223067,0.223067,,,335.910614,-66.845123,179.611267,89.999916,50.000053,89.999992,435.924805,-66.866737,179.632935,-168.805923,26.457451,-174.958206,-0.724072,-0.288800,0.046688,-0.119351,5.155814,-0.838396,
feedback,12.635655,1786440040606,7,Ry,5.000000,75.000000,5.241396,0.241396,,,335.910614,-66.845123,179.611267,89.999916,50.000053,89.999992,435.912170,-66.871544,179.632553,-168.808807,26.416010,-174.966232,-1.618371,-0.718428,-0.227856,-0.140009,5.169282,-0.867532,
feedback,12.643896,1786440040615,7,Ry,5.000000,75.000000,5.141430,0.141430,,,335.910614,-66.845123,179.611267,89.999916,50.000053,89.999992,435.897583,-66.874298,179.626968,-168.814240,26.354527,-174.978699,-0.576232,0.025884,-0.364040,-0.030184,5.082623,-0.783437,
feedback,12.652337,1786440040623,7,Ry,5.000000,75.000000,5.138649,0.138649,,,335.910614,-66.845123,179.611267,89.999916,50.000053,89.999992,435.891663,-66.876595,179.626724,-168.817825,26.313910,-174.987106,-0.727950,-0.313028,0.070044,-0.003060,5.059787,-0.896815,
feedback,12.660285,1786440040632,7,Ry,5.000000,75.000000,5.055192,0.055192,,,335.910614,-66.845123,179.611267,89.999916,50.000053,89.999992,435.887024,-66.878342,179.623718,-168.821426,26.273903,-174.995667,-0.347145,-0.137137,-0.613769,-0.039509,4.984231,-0.844728,
feedback,12.668346,1786440040640,7,Ry,5.000000,75.000000,4.913611,-0.086389,,,335.910614,-66.845123,179.611267,89.999916,50.000053,89.999992,435.887177,-66.877373,179.618607,-168.825500,26.234840,-175.004333,0.504498,0.433219,-0.460837,0.116300,4.834572,-0.878170,
feedback,12.676602,1786440040648,7,Ry,5.000000,75.000000,4.686595,-0.313405,,,335.910614,-66.845123,179.611267,89.999916,50.000053,89.999992,435.898743,-66.873688,179.619156,-168.830032,26.197815,-175.013123,1.742292,0.650797,0.064332,0.147256,4.609008,-0.850071,
feedback,12.684856,1786440040657,7,Ry,5.000000,75.000000,4.864151,-0.135849,,,335.910614,-66.845123,179.611267,89.999916,50.000053,89.999992,435.907928,-66.870323,179.619202,-168.834488,26.160589,-175.022293,0.701541,0.649933,-0.148270,0.097748,4.790237,-0.844784,
feedback,12.693041,1786440040665,7,Ry,5.000000,75.000000,5.080449,0.080449,,,335.910614,-66.845123,179.611267,89.999916,50.000053,89.999992,435.906799,-66.868767,179.612106,-168.838638,26.120764,-175.031204,0.133890,0.464747,-0.915728,0.104699,5.002326,-0.887579,
feedback,12.701205,1786440040674,7,Ry,5.000000,75.000000,5.183528,0.183528,,,335.910614,-66.845123,179.611267,89.999916,50.000053,89.999992,435.905640,-66.867592,179.605194,-168.842468,26.080135,-175.039886,0.004825,0.364053,-0.680640,0.020298,5.113056,-0.853221,
feedback,12.709626,1786440040682,7,Ry,5.000000,75.000000,5.150148,0.150148,,,335.910614,-66.845123,179.611267,89.999916,50.000053,89.999992,435.911621,-66.864250,179.600525,-168.846634,26.039522,-175.048706,1.056541,0.721722,-0.612684,0.030027,5.080181,-0.847440,
feedback,12.717781,1786440040691,7,Ry,5.000000,75.000000,5.380346,0.380346,,,335.910614,-66.845123,179.611267,89.999916,50.000053,89.999992,435.910980,-66.860008,179.589722,-168.853058,25.976974,-175.061661,-0.778004,0.196967,-0.746299,0.060980,5.315026,-0.841283,
feedback,12.725837,1786440040699,7,Ry,5.000000,75.000000,5.160202,0.160202,,,335.910614,-66.845123,179.611267,89.999916,50.000053,89.999992,435.910065,-66.853806,179.592056,-168.859085,25.936062,-175.071564,0.191465,0.698051,0.540941,0.211874,5.072850,-0.946942,
feedback,12.734270,1786440040708,7,Ry,5.000000,75.000000,5.038151,0.038151,,,335.910614,-66.845123,179.611267,89.999916,50.000053,89.999992,435.915222,-66.845512,179.596985,-168.865601,25.896463,-175.082108,1.007626,0.927198,0.681242,0.298995,4.939660,-0.999444,
feedback,12.742366,1786440040712,7,Ry,5.000000,75.000000,4.928399,-0.071601,,,335.910614,-66.845123,179.611267,89.999916,50.000053,89.999992,435.920135,-66.842575,179.600510,-168.869003,25.877359,-175.087692,1.231463,0.733584,0.880633,0.353735,4.823697,-1.025079,
feedback,12.751091,1786440040721,7,Ry,5.000000,75.000000,5.115894,0.115894,,,335.910614,-66.845123,179.611267,89.999916,50.000053,89.999992,435.919708,-66.837860,179.605026,-168.874603,25.836956,-175.097595,0.133691,0.785784,0.319682,0.187114,5.038557,-0.886254,
feedback,12.758598,1786440040729,7,Ry,5.000000,75.000000,5.118475,0.118475,,,335.910614,-66.845123,179.611267,89.999916,50.000053,89.999992,435.916290,-66.835121,179.598511,-168.879593,25.796150,-175.107452,0.190071,0.372223,-0.710704,0.158046,5.023591,-0.985976,
feedback,12.767014,1786440040737,7,Ry,5.000000,75.000000,4.916719,-0.083281,,,335.910614,-66.845123,179.611267,89.999916,50.000053,89.999992,435.917023,-66.834526,179.597015,-168.883713,25.756191,-175.116669,0.549163,-0.069484,0.316277,0.013201,4.829251,-0.926214,
feedback,12.775103,1786440040746,7,Ry,5.000000,75.000000,4.725339,-0.274661,,,335.910614,-66.845123,179.611267,89.999916,50.000053,89.999992,435.921906,-66.833656,179.604980,-168.887772,25.717834,-175.126160,1.340316,0.270788,1.355833,0.085281,4.622701,-0.995530,
feedback,12.783554,1786440040754,7,Ry,5.000000,75.000000,4.623827,-0.376173,,,335.910614,-66.845123,179.611267,89.999916,50.000053,89.999992,435.932404,-66.829887,179.610153,-168.892303,25.680916,-175.135742,1.884709,0.555544,0.748901,0.174446,4.523945,-0.971032,
feedback,12.791332,1786440040763,7,Ry,5.000000,75.000000,4.911901,-0.088099,,,335.910614,-66.845123,179.611267,89.999916,50.000053,89.999992,435.934875,-66.827843,179.611023,-168.897003,25.642769,-175.145203,0.108143,0.235379,-0.176827,0.148246,4.824590,-0.924926,
feedback,12.799679,1786440040771,7,Ry,5.000000,75.000000,4.974845,-0.025155,,,335.910614,-66.845123,179.611267,89.999916,50.000053,89.999992,435.931488,-66.827843,179.608032,-168.903778,25.584963,-175.159103,-0.135030,0.078953,-0.079289,0.081768,4.889801,-0.917572,
feedback,12.807793,1786440040779,7,Ry,5.000000,75.000000,4.965742,-0.034258,,,335.910614,-66.845123,179.611267,89.999916,50.000053,89.999992,435.932007,-66.825722,179.606857,-168.908310,25.546059,-175.168152,0.195356,0.283537,-0.192462,0.112009,4.888910,-0.870182,
feedback,12.816264,1786440040788,7,Ry,5.000000,75.000000,5.117460,0.117460,,,335.910614,-66.845123,179.611267,89.999916,50.000053,89.999992,435.930115,-66.827988,179.608200,-168.912491,25.506863,-175.177597,-0.604229,-0.452244,-0.047721,0.035411,5.022687,-0.985249,
feedback,12.824855,1786440040796,7,Ry,5.000000,75.000000,5.162789,0.162789,,,335.910614,-66.845123,179.611267,89.999916,50.000053,89.999992,435.920532,-66.830956,179.608032,-168.916031,25.466164,-175.186203,-1.331230,-0.517872,-0.161879,-0.077357,5.086687,-0.883284,
feedback,12.832603,1786440040805,7,Ry,5.000000,75.000000,5.342062,0.342062,,,335.910614,-66.845123,179.611267,89.999916,50.000053,89.999992,435.903961,-66.834129,179.605515,-168.919434,25.423775,-175.194595,-1.802221,-0.474161,-0.264529,-0.069689,5.269091,-0.881195,
feedback,12.840624,1786440040813,7,Ry,5.000000,75.000000,5.306492,0.306492,,,335.910614,-66.845123,179.611267,89.999916,50.000053,89.999992,435.893555,-66.837662,179.605850,-168.923080,25.381971,-175.203293,-0.984355,-0.376925,-0.092307,-0.002723,5.225595,-0.923047,
feedback,12.848672,1786440040821,7,Ry,5.000000,75.000000,5.305651,0.305651,,,335.910614,-66.845123,179.611267,89.999916,50.000053,89.999992,435.882629,-66.842247,179.601959,-168.926361,25.340027,-175.211807,-1.255936,-0.333395,-0.461605,-0.035327,5.241390,-0.828596,
feedback,12.857786,1786440040830,7,Ry,5.000000,75.000000,5.322347,0.322347,,,335.910614,-66.845123,179.611267,89.999916,50.000053,89.999992,435.871887,-66.844284,179.597824,-168.929230,25.297844,-175.219193,-1.202352,-0.103724,-0.490168,-0.111044,5.274548,-0.736666,
feedback,12.865011,1786440040838,7,Ry,5.000000,75.000000,5.061415,0.061415,,,335.910614,-66.845123,179.611267,89.999916,50.000053,89.999992,435.868073,-66.846458,179.601059,-168.932114,25.257467,-175.227417,-0.090770,-0.132939,0.563507,-0.040151,4.983307,-0.885782,
feedback,12.873807,1786440040846,7,Ry,5.000000,75.000000,4.944593,-0.055407,,,335.910614,-66.845123,179.611267,89.999916,50.000053,89.999992,435.871765,-66.847015,179.609604,-168.935623,25.218803,-175.236130,0.627342,-0.068920,0.952331,-0.026591,4.864383,-0.887490,
feedback,12.882230,1786440040855,7,Ry,5.000000,75.000000,5.025788,0.025788,,,335.910614,-66.845123,179.611267,89.999916,50.000053,89.999992,435.867249,-66.849754,179.613541,-168.941055,25.159508,-175.249695,-0.435067,-0.042825,0.268020,0.022604,4.941310,-0.918804,
feedback,12.889789,1786440040859,7,Ry,5.000000,75.000000,4.845501,-0.154499,,,335.910614,-66.845123,179.611267,89.999916,50.000053,89.999992,435.870422,-66.847908,179.616013,-168.945221,25.121243,-175.258713,0.779030,0.332912,0.459213,0.085392,4.757459,-0.923253,
feedback,12.898173,1786440040867,7,Ry,5.000000,75.000000,4.887994,-0.112006,,,335.910614,-66.845123,179.611267,89.999916,50.000053,89.999992,435.875397,-66.846474,179.615143,-168.947418,25.102152,-175.263412,1.240719,0.357836,-0.218858,0.100180,4.797539,-0.940662,
feedback,12.905611,1786440040876,7,Ry,5.000000,75.000000,4.684553,-0.315447,,,335.910614,-66.845123,179.611267,89.999916,50.000053,89.999992,435.893219,-66.840622,179.615860,-168.952026,25.065239,-175.272598,2.418575,0.799847,0.247105,0.141941,4.599666,-0.891278,
feedback,12.914106,1786440040884,7,Ry,5.000000,75.000000,4.642097,-0.357903,,,335.910614,-66.845123,179.611267,89.999916,50.000053,89.999992,435.910645,-66.833282,179.617935,-168.957108,25.029240,-175.281876,1.838290,0.821068,0.419833,0.188636,4.557434,-0.886285,
feedback,12.922100,1786440040893,7,Ry,5.000000,75.000000,4.800418,-0.199582,,,335.910614,-66.845123,179.611267,89.999916,50.000053,89.999992,435.922028,-66.827560,179.624130,-168.962219,24.992249,-175.291321,1.366750,0.624474,0.621614,0.168996,4.716241,-0.897370,
feedback,12.930275,1786440040901,7,Ry,5.000000,75.000000,4.914173,-0.085827,,,335.910614,-66.845123,179.611267,89.999916,50.000053,89.999992,435.930939,-66.822151,179.626770,-168.966553,24.954090,-175.299957,0.992706,0.512043,0.315641,0.061182,4.837637,-0.863983,
feedback,12.938244,1786440040909,7,Ry,5.000000,75.000000,5.081390,0.081390,,,335.910614,-66.845123,179.611267,89.999916,50.000053,89.999992,435.938324,-66.817101,179.631714,-168.971146,24.915043,-175.308990,0.492463,0.207444,0.387174,0.066111,4.993356,-0.943867,
feedback,12.946420,1786440040918,7,Ry,5.000000,75.000000,5.188984,0.188984,,,335.910614,-66.845123,179.611267,89.999916,50.000053,89.999992,435.939423,-66.817535,179.634369,-168.975494,24.875086,-175.318512,-0.071478,-0.065603,-0.127661,0.053071,5.102653,-0.943607,
feedback,12.954843,1786440040926,7,Ry,5.000000,75.000000,5.233062,0.233062,,,335.910614,-66.845123,179.611267,89.999916,50.000053,89.999992,435.937103,-66.816063,179.633224,-168.979355,24.833849,-175.327087,-0.117930,0.415454,-0.049258,0.035384,5.164408,-0.847122,
feedback,12.963213,1786440040935,7,Ry,5.000000,75.000000,5.125338,0.125338,,,335.910614,-66.845123,179.611267,89.999916,50.000053,89.999992,435.937439,-66.813927,179.633224,-168.983490,24.793322,-175.336014,0.152033,0.281052,0.277383,0.038516,5.049041,-0.881086,
feedback,12.971187,1786440040943,7,Ry,5.000000,75.000000,5.260576,0.260576,,,335.910614,-66.845123,179.611267,89.999916,50.000053,89.999992,435.934509,-66.816177,179.633301,-168.988739,24.732029,-175.349350,-0.763248,-0.039002,-0.148480,-0.013638,5.194280,-0.836150,
feedback,12.979110,1786440040951,7,Ry,5.000000,75.000000,5.412943,0.412943,,,335.910614,-66.845123,179.611267,89.999916,50.000053,89.999992,435.924957,-66.818855,179.626038,-168.991669,24.689920,-175.357803,-1.699738,-0.418594,-1.135134,-0.086600,5.340345,-0.885274,
feedback,12.987368,1786440040960,7,Ry,5.000000,75.000000,5.459096,0.459096,,,335.910614,-66.845123,179.611267,89.999916,50.000053,89.999992,435.912354,-66.821060,179.614029,-168.994553,24.647213,-175.365997,-1.820795,-0.276311,-1.712600,-0.105024,5.390320,-0.867619,
feedback,12.995890,1786440040968,7,Ry,5.000000,75.000000,5.373935,0.373935,,,335.910614,-66.845123,179.611267,89.999916,50.000053,89.999992,435.904419,-66.820129,179.599625,-168.997498,24.604626,-175.373978,-0.774616,0.222098,-1.596036,-0.065002,5.307113,-0.849073,
feedback,13.004320,1786440040977,7,Ry,5.000000,75.000000,5.088082,0.088082,,,335.910614,-66.845123,179.611267,89.999916,50.000053,89.999992,435.903656,-66.818657,179.590027,-169.000793,24.564238,-175.382385,-0.097130,0.200973,-0.936141,0.012406,5.007357,-0.902975,
feedback,13.012522,1786440040985,7,Ry,5.000000,75.000000,4.993709,-0.006291,,,335.910614,-66.845123,179.611267,89.999916,50.000053,89.999992,435.903046,-66.816750,179.586075,-169.004349,24.525059,-175.390839,-0.256139,0.119236,-0.423735,-0.013886,4.916454,-0.875033,
feedback,13.020285,1786440040993,7,Ry,5.000000,75.000000,5.009307,0.009307,,,335.910614,-66.845123,179.611267,89.999916,50.000053,89.999992,435.902100,-66.816231,179.579559,-169.007462,24.485937,-175.398941,-0.451672,-0.037165,-1.036422,-0.037895,4.937268,-0.846798,
feedback,13.028209,1786440041002,7,Ry,5.000000,75.000000,4.893481,-0.106519,,,335.910614,-66.845123,179.611267,89.999916,50.000053,89.999992,435.901611,-66.817024,179.573959,-169.010788,24.447342,-175.407257,0.130302,-0.136060,-0.581782,-0.021782,4.813296,-0.882903,
feedback,13.036738,1786440041010,7,Ry,5.000000,75.000000,5.148240,0.148240,,,335.910614,-66.845123,179.611267,89.999916,50.000053,89.999992,435.901886,-66.817513,179.569016,-169.014313,24.407764,-175.415909,-0.456844,-0.129937,-0.940637,-0.022493,5.071868,-0.883535,
feedback,13.044966,1786440041014,7,Ry,5.000000,75.000000,5.184283,0.184283,,,335.910614,-66.845123,179.611267,89.999916,50.000053,89.999992,435.900604,-66.819664,179.563248,-169.015594,24.387383,-175.420105,-0.320727,-0.538754,-1.436438,-0.114644,5.102909,-0.915100,
feedback,13.053163,1786440041023,7,Ry,5.000000,75.000000,5.241710,0.241710,,,335.910614,-66.845123,179.611267,89.999916,50.000053,89.999992,435.889984,-66.827644,179.555176,-169.019958,24.325960,-175.433105,-1.130383,-0.641918,-0.234802,-0.067339,5.159016,-0.927597,
feedback,13.061161,1786440041031,7,Ry,5.000000,75.000000,5.140394,0.140394,,,335.910614,-66.845123,179.611267,89.999916,50.000053,89.999992,435.887573,-66.831665,179.557846,-169.022842,24.285770,-175.441589,-0.237013,-0.483247,0.153285,-0.059634,5.062204,-0.893181,
feedback,13.069468,1786440041040,7,Ry,5.000000,75.000000,5.292593,0.292593,,,335.910614,-66.845123,179.611267,89.999916,50.000053,89.999992,435.884186,-66.838120,179.559067,-169.025162,24.244902,-175.450302,-0.715099,-0.802180,0.020086,-0.139000,5.206492,-0.951402,
feedback,13.077638,1786440041048,7,Ry,5.000000,75.000000,5.317761,0.317761,,,335.910614,-66.845123,179.611267,89.999916,50.000053,89.999992,435.874725,-66.844528,179.557480,-169.028015,24.203207,-175.459229,-1.305677,-0.737246,-0.283418,-0.099247,5.233722,-0.941893,
feedback,13.085808,1786440041057,7,Ry,5.000000,75.000000,5.301477,0.301477,,,335.910614,-66.845123,179.611267,89.999916,50.000053,89.999992,435.868286,-66.848663,179.556183,-169.030670,24.161816,-175.468033,-0.703514,-0.566767,-0.426779,-0.134363,5.210243,-0.981304,
feedback,13.093815,1786440041065,7,Ry,5.000000,75.000000,4.996556,-0.003444,,,335.910614,-66.845123,179.611267,89.999916,50.000053,89.999992,435.872650,-66.850632,179.561859,-169.033325,24.122158,-175.476990,1.013803,-0.038608,0.798878,-0.073604,4.904783,-0.957660,
feedback,13.102192,1786440041074,7,Ry,5.000000,75.000000,4.793871,-0.206129,,,335.910614,-66.845123,179.611267,89.999916,50.000053,89.999992,435.884705,-66.850891,179.572937,-169.036240,24.084444,-175.485687,1.554646,0.062761,1.485581,-0.011695,4.701617,-0.942623,
feedback,13.110340,1786440041082,7,Ry,5.000000,75.000000,4.943827,-0.056173,,,335.910614,-66.845123,179.611267,89.999916,50.000053,89.999992,435.890656,-66.849892,179.580093,-169.039597,24.045948,-175.493805,0.476711,0.122466,0.906214,0.016319,4.863645,-0.887255,
feedback,13.118970,1786440041090,7,Ry,5.000000,75.000000,4.925553,-0.074447,,,335.910614,-66.845123,179.611267,89.999916,50.000053,89.999992,435.895813,-66.852058,179.586426,-169.041794,24.007130,-175.501816,0.794380,-0.287864,0.706901,-0.119622,4.839195,-0.920760,
feedback,13.127090,1786440041099,7,Ry,5.000000,75.000000,4.745116,-0.254884,,,335.910614,-66.845123,179.611267,89.999916,50.000053,89.999992,435.915131,-66.852013,179.594025,-169.045837,23.950886,-175.514099,1.910946,0.137586,0.705315,-0.012787,4.659472,-0.900857,
feedback,13.135186,1786440041107,7,Ry,5.000000,75.000000,4.758489,-0.241511,,,335.910614,-66.845123,179.611267,89.999916,50.000053,89.999992,435.927948,-66.849716,179.593842,-169.049515,23.913557,-175.522797,1.507148,0.359907,-0.099977,0.098310,4.672988,-0.901140,
feedback,13.143796,1786440041116,7,Ry,5.000000,75.000000,4.570043,-0.429957,,,335.910614,-66.845123,179.611267,89.999916,50.000053,89.999992,435.942841,-66.848442,179.596909,-169.052795,23.877523,-175.531113,1.937695,0.185245,0.621528,0.076541,4.477589,-0.924099,
feedback,13.151862,1786440041124,7,Ry,5.000000,75.000000,4.878712,-0.121288,,,335.910614,-66.845123,179.611267,89.999916,50.000053,89.999992,435.954590,-66.847145,179.605881,-169.055664,23.840763,-175.538803,0.770757,0.030476,0.967764,-0.043488,4.798875,-0.879639,
feedback,13.159717,1786440041132,7,Ry,5.000000,75.000000,4.843288,-0.156712,,,335.910614,-66.845123,179.611267,89.999916,50.000053,89.999992,435.962494,-66.847679,179.615356,-169.058853,23.803211,-175.547134,0.655357,-0.144290,1.195146,-0.002019,4.765081,-0.867268,
feedback,13.168659,1786440041141,7,Ry,5.000000,75.000000,5.116480,0.116480,,,335.910614,-66.845123,179.611267,89.999916,50.000053,89.999992,435.958252,-66.851425,179.621033,-169.061981,23.763634,-175.555557,-1.201979,-0.566358,0.669760,-0.049074,5.044521,-0.855780,
feedback,13.176170,1786440041149,7,Ry,5.000000,75.000000,5.297829,0.297829,,,335.910614,-66.845123,179.611267,89.999916,50.000053,89.999992,435.949493,-66.854012,179.619080,-169.064789,23.722227,-175.563400,-1.384225,-0.351062,-0.458418,-0.080898,5.233562,-0.828053,
feedback,13.184306,1786440041158,7,Ry,5.000000,75.000000,5.483353,0.483353,,,335.910614,-66.845123,179.611267,89.999916,50.000053,89.999992,435.937958,-66.858681,179.611435,-169.066803,23.679623,-175.570801,-1.683658,-0.925917,-0.777417,-0.229163,5.410503,-0.893059,
feedback,13.192634,1786440041162,7,Ry,5.000000,75.000000,5.327355,0.327355,,,335.910614,-66.845123,179.611267,89.999916,50.000053,89.999992,435.933746,-66.861778,179.610764,-169.067871,23.658638,-175.574860,-1.049051,-0.775138,-0.165430,-0.160334,5.249801,-0.906028,
feedback,13.200516,1786440041170,7,Ry,5.000000,75.000000,5.184875,0.184875,,,335.910614,-66.845123,179.611267,89.999916,50.000053,89.999992,435.929108,-66.865425,179.613373,-169.070236,23.617781,-175.582611,-0.732342,-0.538735,0.405919,-0.136836,5.120229,-0.820370,
feedback,13.209006,1786440041179,7,Ry,5.000000,75.000000,5.418474,0.418474,,,335.910614,-66.845123,179.611267,89.999916,50.000053,89.999992,435.912354,-66.870438,179.611588,-169.074142,23.555069,-175.593811,-2.119937,-0.597541,-0.651048,-0.174735,5.362795,-0.790002,
feedback,13.218003,1786440041187,7,Ry,5.000000,75.000000,5.321464,0.321464,,,335.910614,-66.845123,179.611267,89.999916,50.000053,89.999992,435.897491,-66.874130,179.605820,-169.076645,23.512915,-175.600891,-1.996405,-0.376080,-0.715958,-0.140614,5.281011,-0.695195,
feedback,13.225318,1786440041196,7,Ry,5.000000,75.000000,5.185366,0.185366,,,335.910614,-66.845123,179.611267,89.999916,50.000053,89.999992,435.888947,-66.875595,179.602722,-169.079315,23.471861,-175.607849,-0.957368,-0.004482,-0.281862,-0.094379,5.144279,-0.686855,
feedback,13.233494,1786440041204,7,Ry,5.000000,75.000000,5.182435,0.182435,,,335.910614,-66.845123,179.611267,89.999916,50.000053,89.999992,435.886383,-66.876289,179.601349,-169.081604,23.431173,-175.614090,-0.699347,-0.225050,-0.370986,-0.143407,5.149493,-0.640454,
feedback,13.241706,1786440041213,7,Ry,5.000000,75.000000,4.936803,-0.063197,,,335.910614,-66.845123,179.611267,89.999916,50.000053,89.999992,435.886139,-66.876785,179.600922,-169.084274,23.391802,-175.620956,0.028319,-0.178808,-0.178966,-0.059488,4.879061,-0.759467,
feedback,13.249895,1786440041221,7,Ry,5.000000,75.000000,4.919147,-0.080853,,,335.910614,-66.845123,179.611267,89.999916,50.000053,89.999992,435.884003,-66.877747,179.599548,-169.087006,23.352816,-175.628326,-0.129941,-0.137535,-0.153530,-0.057851,4.851648,-0.813208,
feedback,13.257924,1786440041229,7,Ry,5.000000,75.000000,4.763089,-0.236911,,,335.910614,-66.845123,179.611267,89.999916,50.000053,89.999992,435.889679,-66.876472,179.598343,-169.090393,23.314970,-175.636185,1.028782,0.131203,-0.163983,0.028595,4.690757,-0.826935,
feedback,13.266124,1786440041238,7,Ry,5.000000,75.000000,4.861977,-0.138023,,,335.910614,-66.845123,179.611267,89.999916,50.000053,89.999992,435.897736,-66.875191,179.596207,-169.094055,23.277231,-175.644333,0.792137,0.053687,-0.220295,0.024146,4.791400,-0.825649,
feedback,13.274273,1786440041246,7,Ry,5.000000,75.000000,5.092476,0.092476,,,335.910614,-66.845123,179.611267,89.999916,50.000053,89.999992,435.899384,-66.876549,179.591141,-169.097122,23.237694,-175.652527,-0.010945,-0.099639,-0.694240,-0.030817,5.019631,-0.858679,
feedback,13.282543,1786440041255,7,Ry,5.000000,75.000000,5.146688,0.146688,,,335.910614,-66.845123,179.611267,89.999916,50.000053,89.999992,435.901093,-66.873940,179.585876,-169.100311,23.197351,-175.660095,0.168004,0.337113,-0.651980,-0.014305,5.085319,-0.798401,
feedback,13.291793,1786440041263,7,Ry,5.000000,75.000000,4.868352,-0.131648,,,335.910614,-66.845123,179.611267,89.999916,50.000053,89.999992,435.912598,-66.871315,179.599869,-169.105194,23.139359,-175.672440,1.059110,0.284573,1.525354,0.024946,4.794708,-0.843587,
feedback,13.298794,1786440041271,7,Ry,5.000000,75.000000,5.198618,0.198618,,,335.910614,-66.845123,179.611267,89.999916,50.000053,89.999992,435.912628,-66.872177,179.603668,-169.108154,23.099043,-175.680557,-0.390532,-0.185886,0.379821,-0.049020,5.125045,-0.872088,
feedback,13.306990,1786440041280,7,Ry,5.000000,75.000000,5.196605,0.196605,,,335.910614,-66.845123,179.611267,89.999916,50.000053,89.999992,435.908722,-66.872498,179.607956,-169.110992,23.057814,-175.688293,-0.314552,0.008450,0.616150,-0.061846,5.134546,-0.806674,
feedback,13.315351,1786440041288,7,Ry,5.000000,75.000000,5.092580,0.092580,,,335.910614,-66.845123,179.611267,89.999916,50.000053,89.999992,435.912384,-66.870644,179.610886,-169.114441,23.017616,-175.696564,0.676466,0.228458,0.457102,0.047636,5.011106,-0.907593,
feedback,13.323739,1786440041296,7,Ry,5.000000,75.000000,5.275115,0.275115,,,335.910614,-66.845123,179.611267,89.999916,50.000053,89.999992,435.915863,-66.869301,179.606155,-169.117508,22.976088,-175.704239,0.260992,0.294988,-0.527335,-0.015218,5.219746,-0.775664,
feedback,13.331690,1786440041305,7,Ry,5.000000,75.000000,5.043998,0.043998,,,335.910614,-66.845123,179.611267,89.999916,50.000053,89.999992,435.918457,-66.867500,179.608658,-169.121140,22.936104,-175.712585,0.344556,0.323644,0.472919,0.074122,4.970998,-0.855346,
feedback,13.339652,1786440041313,7,Ry,5.000000,75.000000,4.986344,-0.013656,,,335.910614,-66.845123,179.611267,89.999916,50.000053,89.999992,435.920837,-66.863121,179.614258,-169.125656,22.896925,-175.720886,0.521431,0.867143,0.651432,0.241095,4.924486,-0.787242,
feedback,13.347867,1786440041317,7,Ry,5.000000,75.000000,5.082014,0.082014,,,335.910614,-66.845123,179.611267,89.999916,50.000053,89.999992,435.920776,-66.859085,179.616943,-169.130722,22.856981,-175.729385,-0.115692,0.307796,0.471591,0.212071,5.016543,-0.816077,
feedback,13.355969,1786440041326,7,Ry,5.000000,75.000000,4.962002,-0.037998,,,335.910614,-66.845123,179.611267,89.999916,50.000053,89.999992,435.923737,-66.855080,179.618317,-169.133713,22.837524,-175.733643,0.741947,1.001904,0.348206,0.323488,4.901868,-0.775380,
feedback,13.364304,1786440041334,7,Ry,5.000000,75.000000,4.967249,-0.032751,,,335.910614,-66.845123,179.611267,89.999916,50.000053,89.999992,435.927612,-66.848747,179.618790,-169.138931,22.798813,-175.742233,0.273336,0.610505,-0.110553,0.213581,4.898673,-0.823627,
feedback,13.372591,1786440041343,7,Ry,5.000000,75.000000,4.998672,-0.001328,,,335.910614,-66.845123,179.611267,89.999916,50.000053,89.999992,435.927704,-66.845192,179.613068,-169.143616,22.759642,-175.750641,-0.032148,0.460007,-0.910568,0.155250,4.936078,-0.792422,
feedback,13.380763,1786440041351,7,Ry,5.000000,75.000000,4.844900,-0.155100,,,335.910614,-66.845123,179.611267,89.999916,50.000053,89.999992,435.929962,-66.843147,179.606598,-169.149963,22.702446,-175.763763,0.207743,0.089483,-0.280751,0.131827,4.758900,-0.911672,
feedback,13.388752,1786440041360,7,Ry,5.000000,75.000000,4.881278,-0.118722,,,335.910614,-66.845123,179.611267,89.999916,50.000053,89.999992,435.932556,-66.843361,179.608368,-169.153656,22.663919,-175.772507,0.178742,-0.117677,-0.007891,0.040589,4.795572,-0.913144,
feedback,13.397083,1786440041368,7,Ry,5.000000,75.000000,5.045496,0.045496,,,335.910614,-66.845123,179.611267,89.999916,50.000053,89.999992,435.931793,-66.845207,179.607559,-169.156799,22.624649,-175.781189,-0.560299,-0.274215,-0.470554,-0.007369,4.958249,-0.936227,
feedback,13.405925,1786440041376,7,Ry,5.000000,75.000000,5.394415,0.394415,,,335.910614,-66.845123,179.611267,89.999916,50.000053,89.999992,435.919006,-66.850258,179.599854,-169.159378,22.582403,-175.789261,-2.068198,-0.555941,-1.342385,-0.075456,5.330976,-0.831700,
feedback,13.413448,1786440041385,7,Ry,5.000000,75.000000,5.422707,0.422707,,,335.910614,-66.845123,179.611267,89.999916,50.000053,89.999992,435.900330,-66.853012,179.588623,-169.162231,22.538906,-175.796829,-2.105107,-0.221136,-1.561411,-0.064311,5.364311,-0.805583,
feedback,13.421936,1786440041393,7,Ry,5.000000,75.000000,5.329205,0.329205,,,335.910614,-66.845123,179.611267,89.999916,50.000053,89.999992,435.889221,-66.856842,179.584473,-169.164688,22.496288,-175.805069,-1.097179,-0.689821,-0.188678,-0.115880,5.237865,-0.984176,
feedback,13.430676,1786440041401,7,Ry,5.000000,75.000000,5.202093,0.202093,,,335.910614,-66.845123,179.611267,89.999916,50.000053,89.999992,435.881317,-66.861382,179.585312,-169.167572,22.454988,-175.813156,-0.976552,-0.520343,0.266552,-0.026276,5.134868,-0.836372,
feedback,13.438147,1786440041410,7,Ry,5.000000,75.000000,5.226656,0.226656,,,335.910614,-66.845123,179.611267,89.999916,50.000053,89.999992,435.872681,-66.862762,179.587143,-169.171036,22.413904,-175.821320,-1.109583,-0.135879,0.206420,0.013243,5.152140,-0.879888,
feedback,13.447672,1786440041419,7,Ry,5.000000,75.000000,5.220355,0.220355,,,335.910614,-66.845123,179.611267,89.999916,50.000053,89.999992,435.861298,-66.864525,179.588043,-169.174088,22.372417,-175.829224,-1.249211,-0.216017,0.328729,-0.027422,5.151714,-0.845998,
feedback,13.454611,1786440041427,7,Ry,5.000000,75.000000,5.078746,0.078746,,,335.910614,-66.845123,179.611267,89.999916,50.000053,89.999992,435.862274,-66.863380,179.593933,-169.179138,22.312784,-175.841507,0.285443,0.139906,0.234753,0.042688,5.001960,-0.879845,
feedback,13.462568,1786440041435,7,Ry,5.000000,75.000000,5.101122,0.101122,,,335.910614,-66.845123,179.611267,89.999916,50.000053,89.999992,435.860901,-66.864403,179.591751,-169.182236,22.272722,-175.849640,-0.162275,0.016982,-0.138282,0.012283,5.029291,-0.853679,
feedback,13.470945,1786440041444,7,Ry,5.000000,75.000000,4.686072,-0.313928,,,335.910614,-66.845123,179.611267,89.999916,50.000053,89.999992,435.866547,-66.860146,179.596313,-169.185654,22.234554,-175.857162,1.276564,0.854058,1.083089,0.096500,4.629179,-0.732728,
feedback,13.479087,1786440041452,7,Ry,5.000000,75.000000,4.565349,-0.434651,,,335.910614,-66.845123,179.611267,89.999916,50.000053,89.999992,435.879669,-66.852936,179.604782,-169.189362,22.197783,-175.864746,2.238054,1.132606,1.057203,0.141770,4.496926,-0.787591,
feedback,13.487949,1786440041461,7,Ry,5.000000,75.000000,4.648465,-0.351535,,,335.910614,-66.845123,179.611267,89.999916,50.000053,89.999992,435.895630,-66.845123,179.611725,-169.193222,22.161251,-175.872681,1.875080,0.861150,0.561165,0.098731,4.577515,-0.809153,
feedback,13.495865,1786440041465,7,Ry,5.000000,75.000000,4.714516,-0.285484,,,335.910614,-66.845123,179.611267,89.999916,50.000053,89.999992,435.907379,-66.840919,179.613083,-169.196854,22.124683,-175.880951,1.158639,0.429714,0.161300,0.093372,4.636575,-0.854576,
feedback,13.503820,1786440041474,7,Ry,5.000000,75.000000,4.741419,-0.258581,,,335.910614,-66.845123,179.611267,89.999916,50.000053,89.999992,435.912323,-66.837692,179.615707,-169.198624,22.106066,-175.884857,1.239483,0.807094,0.658746,0.072298,4.671580,-0.810955,
feedback,13.511479,1786440041482,7,Ry,5.000000,75.000000,4.799893,-0.200107,,,335.910614,-66.845123,179.611267,89.999916,50.000053,89.999992,435.925323,-66.834717,179.621323,-169.201828,22.068745,-175.893478,1.601140,0.174587,0.747888,0.046199,4.702814,-0.970555,
feedback,13.519847,1786440041490,7,Ry,5.000000,75.000000,4.725593,-0.274407,,,335.910614,-66.845123,179.611267,89.999916,50.000053,89.999992,435.942322,-66.829300,179.630264,-169.205505,22.031719,-175.901672,2.260231,0.810692,1.255132,0.097315,4.654140,-0.818738,
feedback,13.527927,1786440041499,7,Ry,5.000000,75.000000,5.113883,0.113883,,,335.910614,-66.845123,179.611267,89.999916,50.000053,89.999992,435.947968,-66.824310,179.640472,-169.210388,21.972713,-175.913223,-0.204319,0.249705,0.545735,0.021946,5.046561,-0.829212,
feedback,13.536720,1786440041507,7,Ry,5.000000,75.000000,5.156877,0.156877,,,335.910614,-66.845123,179.611267,89.999916,50.000053,89.999992,435.945679,-66.823326,179.643768,-169.213531,21.932032,-175.921509,-0.044562,0.209421,0.454068,-0.006906,5.078903,-0.893377,
feedback,13.544764,1786440041516,7,Ry,5.000000,75.000000,5.149272,0.149272,,,335.910614,-66.845123,179.611267,89.999916,50.000053,89.999992,435.942780,-66.822647,179.642349,-169.216568,21.890959,-175.929535,-0.125519,0.172355,-0.198925,0.017987,5.077502,-0.857540,
feedback,13.552591,1786440041524,7,Ry,5.000000,75.000000,5.303652,0.303652,,,335.910614,-66.845123,179.611267,89.999916,50.000053,89.999992,435.941040,-66.821114,179.638336,-169.219818,21.849173,-175.937988,-0.294347,0.410121,-0.790840,0.025281,5.234590,-0.855684,
feedback,13.560707,1786440041532,7,Ry,5.000000,75.000000,5.349671,0.349671,,,335.910614,-66.845123,179.611267,89.999916,50.000053,89.999992,435.934052,-66.819588,179.628555,-169.223312,21.806911,-175.947205,-0.833837,0.361572,-0.997131,0.070403,5.253048,-1.016093,
feedback,13.569341,1786440041541,7,Ry,5.000000,75.000000,5.327482,0.327482,,,335.910614,-66.845123,179.611267,89.999916,50.000053,89.999992,435.922485,-66.819321,179.622192,-169.226898,21.765106,-175.956741,-1.576740,0.000806,-0.639336,0.070100,5.229995,-1.019053,
feedback,13.577188,1786440041549,7,Ry,5.000000,75.000000,5.147008,0.147008,,,335.910614,-66.845123,179.611267,89.999916,50.000053,89.999992,435.916107,-66.816299,179.619446,-169.230682,21.724428,-175.965866,-0.447295,0.376544,-0.336114,0.082432,5.059215,-0.948286,
feedback,13.585545,1786440041557,7,Ry,5.000000,75.000000,5.081815,0.081815,,,335.910614,-66.845123,179.611267,89.999916,50.000053,89.999992,435.913940,-66.815231,179.618744,-169.234283,21.684462,-175.974869,-0.166102,0.279272,0.056810,0.099026,4.992805,-0.949494,
feedback,13.594128,1786440041566,7,Ry,5.000000,75.000000,5.134160,0.134160,,,335.910614,-66.845123,179.611267,89.999916,50.000053,89.999992,435.909515,-66.813950,179.613434,-169.238007,21.644232,-175.983963,-0.519089,0.211192,-1.018303,0.068598,5.044786,-0.956117,
feedback,13.602617,1786440041574,7,Ry,5.000000,75.000000,5.342300,0.342300,,,335.910614,-66.845123,179.611267,89.999916,50.000053,89.999992,435.901489,-66.815117,179.598404,-169.241074,21.602924,-175.992416,-1.338786,-0.157966,-2.211225,0.012785,5.265127,-0.905057,
feedback,13.610217,1786440041582,7,Ry,5.000000,75.000000,4.918580,-0.081420,,,335.910614,-66.845123,179.611267,89.999916,50.000053,89.999992,435.897034,-66.817337,179.587433,-169.244080,21.563147,-176.001129,0.062546,-0.212832,-0.834863,-0.000214,4.827906,-0.944603,
feedback,13.619432,1786440041591,7,Ry,5.000000,75.000000,4.939783,-0.060217,,,335.910614,-66.845123,179.611267,89.999916,50.000053,89.999992,435.906036,-66.817703,179.586487,-169.249435,21.506945,-176.015091,0.314086,-0.142398,-0.186316,0.101867,4.833103,-1.037327,
feedback,13.626573,1786440041599,7,Ry,5.000000,75.000000,5.131494,0.131494,,,335.910614,-66.845123,179.611267,89.999916,50.000053,89.999992,435.901886,-66.820290,179.582001,-169.252472,21.466930,-176.023712,-0.565139,-0.282316,-0.659657,-0.019438,5.047444,-0.925635,
feedback,13.635180,1786440041608,7,Ry,5.000000,75.000000,5.153287,0.153287,,,335.910614,-66.845123,179.611267,89.999916,50.000053,89.999992,435.894409,-66.825424,179.579468,-169.255035,21.426374,-176.032288,-0.531036,-0.517641,-0.205376,-0.045086,5.067091,-0.939708,
feedback,13.643522,1786440041616,7,Ry,5.000000,75.000000,5.202759,0.202759,,,335.910614,-66.845123,179.611267,89.999916,50.000053,89.999992,435.889832,-66.829361,179.577209,-169.257385,21.385237,-176.040985,0.029490,-0.412508,-0.241070,-0.097088,5.107296,-0.996609,
feedback,13.651256,1786440041625,7,Ry,5.000000,75.000000,5.200643,0.200643,,,335.910614,-66.845123,179.611267,89.999916,50.000053,89.999992,435.886719,-66.832458,179.577927,-169.260071,21.344328,-176.049301,-0.132259,-0.381808,0.012459,-0.056780,5.117431,-0.926923,
feedback,13.659704,1786440041629,7,Ry,5.000000,75.000000,5.286611,0.286611,,,335.910614,-66.845123,179.611267,89.999916,50.000053,89.999992,435.882477,-66.834976,179.578293,-169.261108,21.323524,-176.053375,-1.059484,-0.630300,0.097161,-0.119783,5.204817,-0.926380,
feedback,13.667427,1786440041637,7,Ry,5.000000,75.000000,5.164945,0.164945,,,335.910614,-66.845123,179.611267,89.999916,50.000053,89.999992,435.876526,-66.837837,179.580582,-169.263107,21.282600,-176.061386,-0.297950,-0.214612,0.309895,-0.088551,5.087055,-0.893598,
feedback,13.675512,1786440041646,7,Ry,5.000000,75.000000,5.120738,0.120738,,,335.910614,-66.845123,179.611267,89.999916,50.000053,89.999992,435.877045,-66.840271,179.584656,-169.265686,21.242455,-176.069931,0.141864,-0.204072,0.462574,-0.021421,5.032736,-0.947108,
feedback,13.684438,1786440041654,7,Ry,5.000000,75.000000,5.068394,0.068394,,,335.910614,-66.845123,179.611267,89.999916,50.000053,89.999992,435.882599,-66.840729,179.589340,-169.268509,21.202780,-176.078568,0.737479,-0.253378,0.373557,-0.032705,4.977945,-0.956405,
feedback,13.691806,1786440041663,7,Ry,5.000000,75.000000,5.102068,0.102068,,,335.910614,-66.845123,179.611267,89.999916,50.000053,89.999992,435.883362,-66.840424,179.588211,-169.270996,21.162468,-176.086411,0.152831,0.008271,-0.314291,-0.054494,5.023584,-0.891477,
feedback,13.699886,1786440041671,7,Ry,5.000000,75.000000,4.934598,-0.065402,,,335.910614,-66.845123,179.611267,89.999916,50.000053,89.999992,435.891541,-66.839203,179.593704,-169.274475,21.103601,-176.098053,0.878256,0.268045,1.007237,-0.055326,4.870469,-0.795405,
feedback,13.708756,1786440041679,7,Ry,5.000000,75.000000,4.680721,-0.319279,,,335.910614,-66.845123,179.611267,89.999916,50.000053,89.999992,435.908447,-66.835548,179.606583,-169.276550,21.067066,-176.104797,2.007302,0.505902,1.688851,-0.051230,4.618532,-0.762192,
feedback,13.717085,1786440041688,7,Ry,5.000000,75.000000,4.819227,-0.180773,,,335.910614,-66.845123,179.611267,89.999916,50.000053,89.999992,435.922424,-66.834633,179.614334,-169.279007,21.030254,-176.112274,1.040345,-0.190147,0.868045,-0.089688,4.746743,-0.832698,
feedback,13.725168,1786440041697,7,Ry,5.000000,75.000000,4.775563,-0.224437,,,335.910614,-66.845123,179.611267,89.999916,50.000053,89.999992,435.930786,-66.834991,179.617722,-169.281891,20.993027,-176.120712,0.822314,-0.116059,0.338779,0.000485,4.687904,-0.914954,
feedback,13.733089,1786440041705,7,Ry,5.000000,75.000000,4.693544,-0.306456,,,335.910614,-66.845123,179.611267,89.999916,50.000053,89.999992,435.942230,-66.835396,179.616486,-169.284760,20.956205,-176.129578,1.568987,-0.005257,-0.227266,0.044806,4.593161,-0.979946,
feedback,13.741333,1786440041714,7,Ry,5.000000,75.000000,4.891182,-0.108818,,,335.910614,-66.845123,179.611267,89.999916,50.000053,89.999992,435.949066,-66.840538,179.612869,-169.286697,20.917715,-176.138428,1.039123,-0.789917,-0.045209,-0.125801,4.782261,-1.045684,
feedback,13.749484,1786440041722,7,Ry,5.000000,75.000000,4.847745,-0.152255,,,335.910614,-66.845123,179.611267,89.999916,50.000053,89.999992,435.954163,-66.843025,179.615860,-169.289185,20.879496,-176.147202,0.548306,-0.161767,0.683975,-0.023009,4.754233,-0.954466,
feedback,13.757484,1786440041731,7,Ry,5.000000,75.000000,5.085085,0.085085,,,335.910614,-66.845123,179.611267,89.999916,50.000053,89.999992,435.955261,-66.848465,179.619217,-169.291229,20.840433,-176.155991,-0.474655,-0.890988,0.258557,-0.097813,4.977301,-1.056197,
feedback,13.765768,1786440041739,7,Ry,5.000000,75.000000,5.338063,0.338063,,,335.910614,-66.845123,179.611267,89.999916,50.000053,89.999992,435.938385,-66.856705,179.611847,-169.294312,20.777718,-176.168716,-1.406360,-0.577246,-0.497987,-0.123186,5.253983,-0.943928,
feedback,13.774010,1786440041748,7,Ry,5.000000,75.000000,5.355245,0.355245,,,335.910614,-66.845123,179.611267,89.999916,50.000053,89.999992,435.928101,-66.860107,179.611816,-169.296570,20.735876,-176.177277,-1.382173,-0.542843,-0.108912,-0.112776,5.262071,-0.996992,
feedback,13.782408,1786440041752,7,Ry,5.000000,75.000000,5.318392,0.318392,,,335.910614,-66.845123,179.611267,89.999916,50.000053,89.999992,435.924164,-66.860832,179.610718,-169.297852,20.714960,-176.181427,-0.987892,-0.182463,-0.273184,-0.048516,5.237612,-0.923453,
feedback,13.790518,1786440041760,7,Ry,5.000000,75.000000,5.277949,0.277949,,,335.910614,-66.845123,179.611267,89.999916,50.000053,89.999992,435.915039,-66.865463,179.607956,-169.299988,20.673275,-176.190002,-1.005779,-0.808912,-0.336490,-0.104636,5.178913,-1.023449,
feedback,13.798272,1786440041769,7,Ry,5.000000,75.000000,5.381653,0.381653,,,335.910614,-66.845123,179.611267,89.999916,50.000053,89.999992,435.901001,-66.870392,179.604919,-169.302002,20.631037,-176.198364,-1.909577,-0.795520,-0.416157,-0.113105,5.288900,-0.996906,
feedback,13.806550,1786440041777,7,Ry,5.000000,75.000000,5.226405,0.226405,,,335.910614,-66.845123,179.611267,89.999916,50.000053,89.999992,435.890625,-66.872704,179.601212,-169.304596,20.589560,-176.206894,-1.003846,-0.249537,-0.326510,-0.038337,5.135187,-0.974567,
feedback,13.814687,1786440041785,7,Ry,5.000000,75.000000,5.218745,0.218745,,,335.910614,-66.845123,179.611267,89.999916,50.000053,89.999992,435.886841,-66.874229,179.595062,-169.307159,20.548794,-176.215286,-0.562881,-0.147823,-1.011394,-0.054960,5.132432,-0.946106,
feedback,13.822920,1786440041794,7,Ry,5.000000,75.000000,5.191177,0.191177,,,335.910614,-66.845123,179.611267,89.999916,50.000053,89.999992,435.879761,-66.878899,179.587234,-169.308990,20.507643,-176.223465,-0.759151,-0.338829,-1.000504,-0.123677,5.118754,-0.865017,
feedback,13.831040,1786440041802,7,Ry,5.000000,75.000000,5.272830,0.272830,,,335.910614,-66.845123,179.611267,89.999916,50.000053,89.999992,435.870331,-66.881561,179.571625,-169.311310,20.465216,-176.231750,-0.672135,-0.115012,-1.792574,-0.041310,5.189874,-0.931799,
feedback,13.839226,1786440041811,7,Ry,5.000000,75.000000,4.872039,-0.127961,,,335.910614,-66.845123,179.611267,89.999916,50.000053,89.999992,435.873962,-66.878868,179.563995,-169.314041,20.425955,-176.239716,0.920114,0.401884,-0.453047,-0.003721,4.795839,-0.858398,
feedback,13.847370,1786440041819,7,Ry,5.000000,75.000000,4.681671,-0.318329,,,335.910614,-66.845123,179.611267,89.999916,50.000053,89.999992,435.890869,-66.874847,179.565964,-169.318695,20.370775,-176.251999,1.258872,0.192382,-0.199905,0.073933,4.591203,-0.922533,
feedback,13.857523,1786440041827,7,Ry,5.000000,75.000000,4.910256,-0.089744,,,335.910614,-66.845123,179.611267,89.999916,50.000053,89.999992,435.895050,-66.873428,179.563354,-169.321686,20.332691,-176.260162,0.283304,0.135801,-0.153180,0.025386,4.829027,-0.890223,
feedback,13.863940,1786440041836,7,Ry,5.000000,75.000000,4.915056,-0.084944,,,335.910614,-66.845123,179.611267,89.999916,50.000053,89.999992,435.897552,-66.872353,179.563980,-169.324768,20.293755,-176.268509,0.670068,-0.028044,0.285639,0.021594,4.826192,-0.933917,
feedback,13.871957,1786440041844,7,Ry,5.000000,75.000000,5.061236,0.061236,,,335.910614,-66.845123,179.611267,89.999916,50.000053,89.999992,435.906311,-66.871651,179.562744,-169.327209,20.254547,-176.276657,1.194406,0.164520,-0.460729,-0.009018,4.976322,-0.924353,
feedback,13.880194,1786440041853,7,Ry,5.000000,75.000000,5.076091,0.076091,,,335.910614,-66.845123,179.611267,89.999916,50.000053,89.999992,435.911560,-66.872002,179.565567,-169.329956,20.214657,-176.284851,0.531839,0.009448,0.488781,0.034261,4.993887,-0.910250,
feedback,13.888421,1786440041861,7,Ry,5.000000,75.000000,4.995411,-0.004589,,,335.910614,-66.845123,179.611267,89.999916,50.000053,89.999992,435.913483,-66.872215,179.572372,-169.332901,20.175135,-176.293182,0.385896,-0.044856,1.249988,0.020916,4.913495,-0.901569,
feedback,13.896783,1786440041869,7,Ry,5.000000,75.000000,5.167983,0.167983,,,335.910614,-66.845123,179.611267,89.999916,50.000053,89.999992,435.914154,-66.870842,179.579285,-169.335526,20.134777,-176.301117,0.004419,0.102649,0.694684,-0.043578,5.095107,-0.865504,
feedback,13.904891,1786440041878,7,Ry,5.000000,75.000000,5.037902,0.037902,,,335.910614,-66.845123,179.611267,89.999916,50.000053,89.999992,435.918732,-66.869743,179.588257,-169.338440,20.095259,-176.308975,0.680877,0.123831,0.866588,0.037692,4.962867,-0.866274,
feedback,13.912798,1786440041886,7,Ry,5.000000,75.000000,5.108326,0.108326,,,335.910614,-66.845123,179.611267,89.999916,50.000053,89.999992,435.920532,-66.870216,179.594925,-169.341354,20.055443,-176.317291,-0.007801,-0.060127,0.784279,0.011886,5.025108,-0.918843,
feedback,13.921390,1786440041895,7,Ry,5.000000,75.000000,5.114220,0.114220,,,335.910614,-66.845123,179.611267,89.999916,50.000053,89.999992,435.918732,-66.869301,179.599121,-169.343857,20.014999,-176.325089,-0.196588,0.114267,0.559359,0.001947,5.036612,-0.887573,
feedback,13.929174,1786440041903,7,Ry,5.000000,75.000000,4.879979,-0.120021,,,335.910614,-66.845123,179.611267,89.999916,50.000053,89.999992,435.924408,-66.867149,179.614029,-169.348312,19.957087,-176.337021,0.552599,0.251772,1.423977,0.033995,4.810351,-0.821806,
feedback,13.937744,1786440041907,7,Ry,5.000000,75.000000,4.850686,-0.149314,,,335.910614,-66.845123,179.611267,89.999916,50.000053,89.999992,435.930817,-66.864113,179.625336,-169.351761,19.919115,-176.344955,0.777898,0.368773,1.261213,0.103906,4.780053,-0.824865,
feedback,13.945562,1786440041916,7,Ry,5.000000,75.000000,4.900381,-0.099619,,,335.910614,-66.845123,179.611267,89.999916,50.000053,89.999992,435.932251,-66.863251,179.628265,-169.353592,19.899862,-176.348862,0.363581,0.215872,0.735838,0.119677,4.830839,-0.823014,
feedback,13.954003,1786440041924,7,Ry,5.000000,75.000000,5.068589,0.068589,,,335.910614,-66.845123,179.611267,89.999916,50.000053,89.999992,435.930115,-66.863487,179.628174,-169.357330,19.860657,-176.357239,-0.671579,-0.160927,-0.454184,0.121173,4.991707,-0.879343,
feedback,13.961784,1786440041932,7,Ry,5.000000,75.000000,5.048662,0.048662,,,335.910614,-66.845123,179.611267,89.999916,50.000053,89.999992,435.926453,-66.859924,179.623337,-169.362213,19.821274,-176.365662,-0.573264,0.419873,-0.921529,0.272412,4.975280,-0.857608,
feedback,13.973049,1786440041941,7,Ry,5.000000,75.000000,4.836404,-0.163596,,,335.910614,-66.845123,179.611267,89.999916,50.000053,89.999992,435.929047,-66.853516,179.618225,-169.367889,19.783117,-176.374817,0.577082,0.674202,-0.625228,0.348312,4.741670,-0.960064,
feedback,13.978217,1786440041949,7,Ry,5.000000,75.000000,4.902434,-0.097566,,,335.910614,-66.845123,179.611267,89.999916,50.000053,89.999992,435.931427,-66.849983,179.618958,-169.372604,19.744904,-176.383728,0.091443,0.438982,0.311286,0.219533,4.825034,-0.867632,
feedback,13.986511,1786440041958,7,Ry,5.000000,75.000000,4.894091,-0.105909,,,335.910614,-66.845123,179.611267,89.999916,50.000053,89.999992,435.930206,-66.845383,179.622040,-169.376785,19.706129,-176.391663,-0.064963,0.704639,0.609030,0.157270,4.841438,-0.726553,
feedback,13.994726,1786440041966,7,Ry,5.000000,75.000000,5.243679,0.243679,,,335.910614,-66.845123,179.611267,89.999916,50.000053,89.999992,435.920624,-66.844055,179.619858,-169.379929,19.665289,-176.399002,-1.542876,0.041961,-0.260103,0.007758,5.181135,-0.813402,
feedback,14.002827,1786440041974,7,Ry,5.000000,75.000000,5.281098,0.281098,,,335.910614,-66.845123,179.611267,89.999916,50.000053,89.999992,435.909424,-66.844269,179.618561,-169.382843,19.623528,-176.406494,-1.196429,-0.165512,-0.083410,0.017822,5.208944,-0.871201,
feedback,14.011615,1786440041983,7,Ry,5.000000,75.000000,5.415849,0.415849,,,335.910614,-66.845123,179.611267,89.999916,50.000053,89.999992,435.896851,-66.848656,179.611710,-169.385590,19.560255,-176.417511,-1.323862,-0.418049,-0.723097,-0.152226,5.360907,-0.785460,
feedback,14.019564,1786440041991,7,Ry,5.000000,75.000000,5.281300,0.281300,,,335.910614,-66.845123,179.611267,89.999916,50.000053,89.999992,435.885590,-66.852386,179.609268,-169.387527,19.518076,-176.425156,-1.179024,-0.622615,0.022194,-0.076930,5.195009,-0.951502,
feedback,14.029585,1786440042000,7,Ry,5.000000,75.000000,5.136061,0.136061,,,335.910614,-66.845123,179.611267,89.999916,50.000053,89.999992,435.879181,-66.854240,179.612732,-169.389954,19.477602,-176.432556,-0.731725,-0.007514,0.241334,0.045679,5.065236,-0.850972,
feedback,14.035630,1786440042008,7,Ry,5.000000,75.000000,5.189122,0.189122,,,335.910614,-66.845123,179.611267,89.999916,50.000053,89.999992,435.873901,-66.855446,179.616455,-169.392487,19.436510,-176.440063,-0.370985,-0.069868,0.095455,-0.007079,5.118214,-0.856122,
feedback,14.043992,1786440042017,7,Ry,5.000000,75.000000,5.038019,0.038019,,,335.910614,-66.845123,179.611267,89.999916,50.000053,89.999992,435.873505,-66.856125,179.617599,-169.395309,19.396540,-176.447647,-0.067292,-0.112303,-0.024187,0.034500,4.965812,-0.850249,
feedback,14.052474,1786440042025,7,Ry,5.000000,75.000000,5.193508,0.193508,,,335.910614,-66.845123,179.611267,89.999916,50.000053,89.999992,435.868011,-66.858673,179.617020,-169.397736,19.355459,-176.455063,-0.522507,-0.084648,-0.383189,-0.021840,5.126544,-0.834130,
feedback,14.060638,1786440042033,7,Ry,5.000000,75.000000,4.944551,-0.055449,,,335.910614,-66.845123,179.611267,89.999916,50.000053,89.999992,435.872162,-66.854530,179.615356,-169.400696,19.316133,-176.462601,0.718550,0.716509,-0.079597,0.066696,4.868137,-0.865928,
feedback,14.068678,1786440042042,7,Ry,5.000000,75.000000,4.770307,-0.229693,,,335.910614,-66.845123,179.611267,89.999916,50.000053,89.999992,435.882599,-66.847771,179.619247,-169.403519,19.277624,-176.469620,1.785909,1.036960,0.464165,0.065365,4.719462,-0.705631,
feedback,14.077018,1786440042050,7,Ry,5.000000,75.000000,4.705037,-0.294963,,,335.910614,-66.845123,179.611267,89.999916,50.000053,89.999992,435.897644,-66.840187,179.622772,-169.406998,19.240709,-176.477249,1.778779,0.857399,0.295961,0.117433,4.636178,-0.802102,
feedback,14.084987,1786440042055,7,Ry,5.000000,75.000000,4.798529,-0.201471,,,335.910614,-66.845123,179.611267,89.999916,50.000053,89.999992,435.908905,-66.833519,179.619186,-169.410309,19.202869,-176.484390,1.532669,0.997208,-0.464395,0.108104,4.749190,-0.699518,
feedback,14.094448,1786440042063,7,Ry,5.000000,75.000000,4.846872,-0.153128,,,335.910614,-66.845123,179.611267,89.999916,50.000053,89.999992,435.922638,-66.825676,179.612823,-169.413406,19.165146,-176.491547,1.594778,0.669696,-0.831768,0.044056,4.774433,-0.834854,
feedback,14.102344,1786440042071,7,Ry,5.000000,75.000000,5.054415,0.054415,,,335.910614,-66.845123,179.611267,89.999916,50.000053,89.999992,435.932312,-66.821968,179.604523,-169.416321,19.125662,-176.498795,1.262652,0.426150,-1.311270,0.021159,4.999353,-0.754384,
feedback,14.109608,1786440042080,7,Ry,5.000000,75.000000,5.071008,0.071008,,,335.910614,-66.845123,179.611267,89.999916,50.000053,89.999992,435.941681,-66.821548,179.596176,-169.418198,19.086161,-176.506470,0.873012,-0.085907,-1.183619,-0.090977,4.996870,-0.864122,
feedback,14.117655,1786440042088,7,Ry,5.000000,75.000000,5.116676,0.116676,,,335.910614,-66.845123,179.611267,89.999916,50.000053,89.999992,435.943115,-66.821297,179.594559,-169.419968,19.045649,-176.512909,0.198300,0.139452,-0.057766,-0.124365,5.077920,-0.667337,
feedback,14.127131,1786440042097,7,Ry,5.000000,75.000000,5.201595,0.201595,,,335.910614,-66.845123,179.611267,89.999916,50.000053,89.999992,435.946442,-66.819992,179.596268,-169.422043,19.005566,-176.519379,-0.203496,-0.141251,0.206214,-0.060002,5.142518,-0.790069,
feedback,14.134578,1786440042105,7,Ry,5.000000,75.000000,5.143612,0.143612,,,335.910614,-66.845123,179.611267,89.999916,50.000053,89.999992,435.945343,-66.820465,179.600250,-169.424240,18.964827,-176.526337,-0.169063,0.013760,0.748815,-0.028256,5.085452,-0.779800,
feedback,14.142481,1786440042113,7,Ry,5.000000,75.000000,5.324454,0.324454,,,335.910614,-66.845123,179.611267,89.999916,50.000053,89.999992,435.939728,-66.819778,179.599670,-169.426880,18.923275,-176.533463,-1.076226,-0.057327,-0.303152,-0.025169,5.271635,-0.765302,
feedback,14.152803,1786440042122,7,Ry,5.000000,75.000000,5.412932,0.412932,,,335.910614,-66.845123,179.611267,89.999916,50.000053,89.999992,435.928040,-66.819832,179.592941,-169.428986,18.880308,-176.540054,-1.538144,-0.166920,-0.725582,-0.091677,5.356650,-0.792671,
feedback,14.159921,1786440042130,7,Ry,5.000000,75.000000,5.296749,0.296749,,,335.910614,-66.845123,179.611267,89.999916,50.000053,89.999992,435.917175,-66.820061,179.594177,-169.431320,18.838751,-176.547440,-1.473146,0.142154,0.583651,-0.012727,5.234570,-0.815999,
feedback,14.167531,1786440042139,7,Ry,5.000000,75.000000,5.153897,0.153897,,,335.910614,-66.845123,179.611267,89.999916,50.000053,89.999992,435.914276,-66.818886,179.599518,-169.433624,18.798775,-176.554474,-0.637464,0.066060,0.680611,-0.040889,5.094598,-0.787150,
feedback,14.175167,1786440042147,7,Ry,5.000000,75.000000,5.174905,0.174905,,,335.910614,-66.845123,179.611267,89.999916,50.000053,89.999992,435.906158,-66.817574,179.600540,-169.437836,18.737864,-176.565445,-0.615097,0.267173,0.200768,0.035226,5.121030,-0.758258,
feedback,14.183644,1786440042155,7,Ry,5.000000,75.000000,5.178355,0.178355,,,335.910614,-66.845123,179.611267,89.999916,50.000053,89.999992,435.896454,-66.817329,179.599960,-169.441071,18.696993,-176.573181,-1.257710,0.142745,-0.248102,0.120885,5.111365,-0.833025,
feedback,14.191434,1786440042164,7,Ry,5.000000,75.000000,5.032940,0.032940,,,335.910614,-66.845123,179.611267,89.999916,50.000053,89.999992,435.888763,-66.819389,179.595535,-169.443649,18.656782,-176.580612,-0.565366,-0.190745,-0.421227,0.005061,4.963133,-0.836208,
feedback,14.199845,1786440042172,7,Ry,5.000000,75.000000,4.719216,-0.280784,,,335.910614,-66.845123,179.611267,89.999916,50.000053,89.999992,435.892426,-66.820427,179.599457,-169.446259,18.619057,-176.588379,0.916367,-0.110516,0.695676,0.034085,4.641489,-0.853729,
feedback,14.209448,1786440042180,7,Ry,5.000000,75.000000,4.627960,-0.372040,,,335.910614,-66.845123,179.611267,89.999916,50.000053,89.999992,435.899994,-66.819664,179.603302,-169.449402,18.582546,-176.596161,1.069883,0.240728,0.350154,0.108547,4.553532,-0.827083,
feedback,14.216015,1786440042189,7,Ry,5.000000,75.000000,5.044094,0.044094,,,335.910614,-66.845123,179.611267,89.999916,50.000053,89.999992,435.899780,-66.821060,179.602264,-169.452087,18.543905,-176.603912,-0.530487,-0.185619,-0.451944,0.014284,4.974569,-0.835587,
feedback,14.224667,1786440042197,7,Ry,5.000000,75.000000,5.098509,0.098509,,,335.910614,-66.845123,179.611267,89.999916,50.000053,89.999992,435.894135,-66.823120,179.597183,-169.454453,18.503441,-176.611343,-0.421739,0.085435,-0.629187,0.020789,5.036869,-0.795607,
feedback,14.232183,1786440042206,7,Ry,5.000000,75.000000,5.220926,0.220926,,,335.910614,-66.845123,179.611267,89.999916,50.000053,89.999992,435.891052,-66.825134,179.593765,-169.456482,18.462696,-176.619080,-0.300358,-0.220884,-0.590647,-0.083940,5.140206,-0.914497,
feedback,14.240459,1786440042210,7,Ry,5.000000,75.000000,5.129371,0.129371,,,335.910614,-66.845123,179.611267,89.999916,50.000053,89.999992,435.890808,-66.824806,179.591812,-169.457611,18.442492,-176.622833,-0.058740,0.082244,-0.487879,-0.031415,5.058345,-0.851526,
feedback,14.248744,1786440042219,7,Ry,5.000000,75.000000,5.128278,0.128278,,,335.910614,-66.845123,179.611267,89.999916,50.000053,89.999992,435.885681,-66.826920,179.594543,-169.459656,18.401403,-176.630447,-0.407673,-0.069125,0.534880,-0.025520,5.059822,-0.836860,
feedback,14.256872,1786440042227,7,Ry,5.000000,75.000000,5.048547,0.048547,,,335.910614,-66.845123,179.611267,89.999916,50.000053,89.999992,435.884918,-66.826584,179.607117,-169.462265,18.341553,-176.641113,0.009383,0.015246,1.076315,-0.064502,4.982987,-0.813418,
feedback,14.267118,1786440042236,7,Ry,5.000000,75.000000,4.909615,-0.090385,,,335.910614,-66.845123,179.611267,89.999916,50.000053,89.999992,435.893127,-66.824516,179.618423,-169.464905,18.302944,-176.648956,1.043543,0.233101,1.438007,0.045945,4.830445,-0.878576,
feedback,14.272999,1786440042244,7,Ry,5.000000,75.000000,5.155165,0.155165,,,335.910614,-66.845123,179.611267,89.999916,50.000053,89.999992,435.893372,-66.827667,179.626251,-169.466919,18.262966,-176.656921,-0.233115,-0.434118,0.801251,-0.048871,5.069727,-0.935534,
feedback,14.281453,1786440042252,7,Ry,5.000000,75.000000,5.157650,0.157650,,,335.910614,-66.845123,179.611267,89.999916,50.000053,89.999992,435.890930,-66.831146,179.626587,-169.468628,18.221951,-176.664505,0.044716,-0.425130,-0.121495,-0.091491,5.082396,-0.877941,
feedback,14.289943,1786440042261,7,Ry,5.000000,75.000000,4.984496,-0.015504,,,335.910614,-66.845123,179.611267,89.999916,50.000053,89.999992,435.896332,-66.833405,179.627945,-169.470566,18.182436,-176.672516,0.895128,-0.217061,0.447129,-0.018055,4.896494,-0.935167,
feedback,14.298641,1786440042269,7,Ry,5.000000,75.000000,4.764017,-0.235983,,,335.910614,-66.845123,179.611267,89.999916,50.000053,89.999992,435.909241,-66.834564,179.639114,-169.472580,18.144993,-176.680527,1.566563,-0.398910,1.545846,-0.052531,4.667820,-0.962339,
feedback,14.306890,1786440042277,7,Ry,5.000000,75.000000,4.877324,-0.122676,,,335.910614,-66.845123,179.611267,89.999916,50.000053,89.999992,435.917084,-66.837189,179.644379,-169.474884,18.106777,-176.688721,0.846176,-0.421718,0.390447,-0.013952,4.783640,-0.958024,
feedback,14.314129,1786440042286,7,Ry,5.000000,75.000000,4.911521,-0.088479,,,335.910614,-66.845123,179.611267,89.999916,50.000053,89.999992,435.922119,-66.840584,179.641891,-169.476807,18.068174,-176.696793,0.652212,-0.452812,-0.304041,-0.027410,4.824190,-0.924974,
feedback,14.323280,1786440042294,7,Ry,5.000000,75.000000,4.861318,-0.138682,,,335.910614,-66.845123,179.611267,89.999916,50.000053,89.999992,435.931366,-66.842911,179.643219,-169.478851,18.030563,-176.704727,0.941547,-0.172840,-0.226944,-0.018753,4.780169,-0.885521,
feedback,14.330534,1786440042303,7,Ry,5.000000,75.000000,4.657070,-0.342930,,,335.910614,-66.845123,179.611267,89.999916,50.000053,89.999992,435.943909,-66.841797,179.640091,-169.481354,17.993509,-176.712845,1.932531,0.200979,-0.384979,0.059652,4.563731,-0.936835,
feedback,14.338823,1786440042311,7,Ry,5.000000,75.000000,5.011912,0.011912,,,335.910614,-66.845123,179.611267,89.999916,50.000053,89.999992,435.953064,-66.843536,179.636627,-169.484192,17.936068,-176.724319,0.261801,-0.151572,0.052449,-0.087492,4.937551,-0.860169,
feedback,14.347573,1786440042320,7,Ry,5.000000,75.000000,5.184863,0.184863,,,335.910614,-66.845123,179.611267,89.999916,50.000053,89.999992,435.949768,-66.846649,179.631516,-169.484833,17.895866,-176.731506,-0.617365,-0.343683,-0.398401,-0.201745,5.111081,-0.871979,
feedback,14.355897,1786440042328,7,Ry,5.000000,75.000000,5.322751,0.322751,,,335.910614,-66.845123,179.611267,89.999916,50.000053,89.999992,435.941986,-66.848892,179.622818,-169.485703,17.853992,-176.738602,-1.059787,-0.279625,-0.982328,-0.204224,5.256337,-0.842265,
feedback,14.363153,1786440042337,7,Ry,5.000000,75.000000,5.372282,0.372282,,,335.910614,-66.845123,179.611267,89.999916,50.000053,89.999992,435.935333,-66.850166,179.614014,-169.487244,17.811840,-176.746063,-0.951504,-0.154849,-1.238424,-0.115632,5.298977,-0.885706,
feedback,14.371348,1786440042345,7,Ry,5.000000,75.000000,5.544466,0.544466,,,335.910614,-66.845123,179.611267,89.999916,50.000053,89.999992,435.924957,-66.851303,179.601761,-169.488464,17.768274,-176.752716,-1.560264,-0.318008,-1.609875,-0.211710,5.492351,-0.780593,
feedback,14.382324,1786440042349,7,Ry,5.000000,75.000000,5.493118,0.493118,,,335.910614,-66.845123,179.611267,89.999916,50.000053,89.999992,435.917755,-66.851974,179.597961,-169.489059,17.746521,-176.756073,-1.805755,-0.167487,-0.950575,-0.165109,5.437910,-0.793662,
feedback,14.387837,1786440042358,7,Ry,5.000000,75.000000,5.360435,0.360435,,,335.910614,-66.845123,179.611267,89.999916,50.000053,89.999992,435.902283,-66.853630,179.590210,-169.489899,17.703444,-176.762772,-1.962930,-0.355322,-0.474028,-0.206418,5.296839,-0.829556,
feedback,14.395824,1786440042366,7,Ry,5.000000,75.000000,5.238484,0.238484,,,335.910614,-66.845123,179.611267,89.999916,50.000053,89.999992,435.889923,-66.855385,179.585297,-169.491287,17.661448,-176.770203,-1.177704,-0.179783,-0.429788,-0.102115,5.158870,-0.909735,
feedback,14.404578,1786440042375,7,Ry,5.000000,75.000000,5.188530,0.188530,,,335.910614,-66.845123,179.611267,89.999916,50.000053,89.999992,435.882080,-66.860306,179.584122,-169.493576,17.599495,-176.781281,-0.580616,-0.501820,-0.219378,-0.077370,5.109693,-0.900976,
feedback,14.411924,1786440042383,7,Ry,5.000000,75.000000,5.391532,0.391532,,,335.910614,-66.845123,179.611267,89.999916,50.000053,89.999992,435.873871,-66.864044,179.574188,-169.495255,17.557493,-176.789017,-1.189342,-0.451322,-1.564163,-0.118819,5.322505,-0.863136,
feedback,14.420703,1786440042392,7,Ry,5.000000,75.000000,5.299405,0.299405,,,335.910614,-66.845123,179.611267,89.999916,50.000053,89.999992,435.864319,-66.867882,179.565598,-169.496613,17.515217,-176.796432,-0.880415,-0.624808,-0.927545,-0.127123,5.217343,-0.928899,
feedback,14.429112,1786440042400,7,Ry,5.000000,75.000000,4.753784,-0.246216,,,335.910614,-66.845123,179.611267,89.999916,50.000053,89.999992,435.869904,-66.870110,179.568573,-169.498734,17.477089,-176.804245,1.316609,0.043833,0.389212,0.049556,4.669197,-0.895586,
feedback,14.436785,1786440042408,7,Ry,5.000000,75.000000,4.834381,-0.165619,,,335.910614,-66.845123,179.611267,89.999916,50.000053,89.999992,435.879028,-66.869469,179.569016,-169.500961,17.439514,-176.811691,0.940878,0.008854,-0.209034,-0.047651,4.764673,-0.818269,
feedback,14.445467,1786440042417,7,Ry,5.000000,75.000000,4.764012,-0.235988,,,335.910614,-66.845123,179.611267,89.999916,50.000053,89.999992,435.886230,-66.868874,179.566010,-169.503571,17.401913,-176.819458,0.885638,0.115632,-0.417505,0.075679,4.681810,-0.882989,
feedback,14.454671,1786440042425,7,Ry,5.000000,75.000000,4.828838,-0.171162,,,335.910614,-66.845123,179.611267,89.999916,50.000053,89.999992,435.897003,-66.865723,179.562897,-169.506638,17.364346,-176.827515,1.197388,0.364732,-0.564479,0.093492,4.749110,-0.874672,
feedback,14.461724,1786440042433,7,Ry,5.000000,75.000000,4.879791,-0.120209,,,335.910614,-66.845123,179.611267,89.999916,50.000053,89.999992,435.908600,-66.863464,179.563950,-169.509033,17.326393,-176.835220,1.363254,0.215346,0.021650,-0.011712,4.800215,-0.878185,
feedback,14.470619,1786440042442,7,Ry,5.000000,75.000000,4.855652,-0.144348,,,335.910614,-66.845123,179.611267,89.999916,50.000053,89.999992,435.917114,-66.860313,179.567642,-169.511429,17.288185,-176.842438,0.922836,0.294186,0.526334,-0.018576,4.787224,-0.812903,
feedback,14.478205,1786440042450,7,Ry,5.000000,75.000000,4.927723,-0.072277,,,335.910614,-66.845123,179.611267,89.999916,50.000053,89.999992,435.921692,-66.859909,179.576645,-169.513504,17.249619,-176.850235,0.630501,0.181687,1.213031,0.009443,4.843964,-0.906099,
feedback,14.486808,1786440042459,7,Ry,5.000000,75.000000,4.881483,-0.118517,,,335.910614,-66.845123,179.611267,89.999916,50.000053,89.999992,435.930664,-66.855652,179.585510,-169.516022,17.211113,-176.857834,1.277355,0.450155,1.156679,0.037314,4.804913,-0.861344,
feedback,14.494649,1786440042467,7,Ry,5.000000,75.000000,5.210283,0.210283,,,335.910614,-66.845123,179.611267,89.999916,50.000053,89.999992,435.940216,-66.855972,179.596802,-169.519226,17.151684,-176.869949,0.003268,-0.137022,0.514196,-0.017789,5.131585,-0.902149,
feedback,14.503043,1786440042475,7,Ry,5.000000,75.000000,5.297496,0.297496,,,335.910614,-66.845123,179.611267,89.999916,50.000053,89.999992,435.935242,-66.857674,179.596451,-169.521362,17.109938,-176.877716,-0.714869,-0.402276,-0.062697,-0.060280,5.217910,-0.914786,
feedback,14.510960,1786440042484,7,Ry,5.000000,75.000000,5.070344,0.070344,,,335.910614,-66.845123,179.611267,89.999916,50.000053,89.999992,435.933868,-66.859444,179.599976,-169.523392,17.069429,-176.885773,0.203540,-0.135967,0.937653,-0.024258,4.980919,-0.950663,
feedback,14.519083,1786440042492,7,Ry,5.000000,75.000000,4.972528,-0.027472,,,335.910614,-66.845123,179.611267,89.999916,50.000053,89.999992,435.933777,-66.859673,179.610016,-169.525986,17.029909,-176.893845,0.226090,-0.030326,1.313859,0.064783,4.889115,-0.908100,
feedback,14.527639,1786440042501,7,Ry,5.000000,75.000000,4.987998,-0.012002,,,335.910614,-66.845123,179.611267,89.999916,50.000053,89.999992,435.936890,-66.859657,179.617035,-169.529175,16.991182,-176.903442,0.267980,-0.086921,0.699345,0.105443,4.867284,-1.120822,
feedback,14.535620,1786440042509,7,Ry,5.000000,75.000000,5.067292,0.067292,,,335.910614,-66.845123,179.611267,89.999916,50.000053,89.999992,435.935211,-66.860870,179.622009,-169.532440,16.951960,-176.913513,-0.289576,-0.158447,0.456210,0.150775,4.940780,-1.160634,
feedback,14.544393,1786440042517,7,Ry,5.000000,75.000000,5.256944,0.256944,,,335.910614,-66.845123,179.611267,89.999916,50.000053,89.999992,435.926086,-66.861893,179.617935,-169.535416,16.911022,-176.922913,-1.191393,-0.228152,-0.796345,0.067506,5.150254,-1.064889,
feedback,14.552625,1786440042522,7,Ry,5.000000,75.000000,5.269991,0.269991,,,335.910614,-66.845123,179.611267,89.999916,50.000053,89.999992,435.921387,-66.862244,179.612671,-169.536652,16.890366,-176.927322,-1.179889,-0.088112,-1.314065,0.020056,5.172525,-1.013752,
feedback,14.560766,1786440042530,7,Ry,5.000000,75.000000,4.914801,-0.085199,,,335.910614,-66.845123,179.611267,89.999916,50.000053,89.999992,435.921722,-66.862030,179.608780,-169.539688,16.851315,-176.936005,0.316588,-0.005340,-0.268687,0.097875,4.820600,-0.964163,
feedback,14.568483,1786440042538,7,Ry,5.000000,75.000000,4.809196,-0.190804,,,335.910614,-66.845123,179.611267,89.999916,50.000053,89.999992,435.926239,-66.858620,179.609665,-169.543564,16.813950,-176.944778,0.278297,0.270410,0.069752,0.183470,4.709506,-0.986039,
feedback,14.576607,1786440042547,7,Ry,5.000000,75.000000,5.179932,0.179932,,,335.910614,-66.845123,179.611267,89.999916,50.000053,89.999992,435.927399,-66.849274,179.602554,-169.550552,16.756325,-176.958084,-1.245438,0.378963,-1.124929,0.288011,5.097216,-0.922242,
feedback,14.584785,1786440042555,7,Ry,5.000000,75.000000,5.280306,0.280306,,,335.910614,-66.845123,179.611267,89.999916,50.000053,89.999992,435.915070,-66.847672,179.594620,-169.554565,16.715132,-176.966110,-1.593627,0.011598,-1.102905,0.150374,5.211342,-0.853060,
feedback,14.593105,1786440042564,7,Ry,5.000000,75.000000,5.138150,0.138150,,,335.910614,-66.845123,179.611267,89.999916,50.000053,89.999992,435.909393,-66.846779,179.590012,-169.557861,16.674728,-176.973785,-0.520252,0.083442,-0.488354,0.111961,5.062185,-0.880337,
feedback,14.602027,1786440042572,7,Ry,5.000000,75.000000,5.227631,0.227631,,,335.910614,-66.845123,179.611267,89.999916,50.000053,89.999992,435.902466,-66.846397,179.588882,-169.560623,16.633673,-176.981476,-0.927234,-0.059199,-0.340151,0.033715,5.152994,-0.880637,
feedback,14.609776,1786440042581,7,Ry,5.000000,75.000000,5.077273,0.077273,,,335.910614,-66.845123,179.611267,89.999916,50.000053,89.999992,435.895508,-66.848434,179.591797,-169.562393,16.592991,-176.989395,-0.597627,-0.181804,0.326301,-0.010631,4.985377,-0.965382,
feedback,14.618227,1786440042589,7,Ry,5.000000,75.000000,5.163967,0.163967,,,335.910614,-66.845123,179.611267,89.999916,50.000053,89.999992,435.887756,-66.849533,179.598648,-169.564468,16.551723,-176.997177,-0.542627,-0.071171,1.035504,-0.043139,5.087588,-0.884957,
feedback,14.626108,1786440042598,7,Ry,5.000000,75.000000,5.045705,0.045705,,,335.910614,-66.845123,179.611267,89.999916,50.000053,89.999992,435.887390,-66.850327,179.601456,-169.566452,16.511576,-177.004929,0.283660,0.068145,0.124198,0.025342,4.963954,-0.905072,
feedback,14.634722,1786440042606,7,Ry,5.000000,75.000000,5.288516,0.288516,,,335.910614,-66.845123,179.611267,89.999916,50.000053,89.999992,435.881622,-66.851234,179.602646,-169.568375,16.470236,-177.012848,-0.914760,0.104301,-0.285687,-0.007438,5.216705,-0.869942,
feedback,14.641998,1786440042615,7,Ry,5.000000,75.000000,5.368462,0.368462,,,335.910614,-66.845123,179.611267,89.999916,50.000053,89.999992,435.872681,-66.851967,179.595901,-169.570511,16.427872,-177.020615,-1.071509,0.084356,-0.957760,-0.022615,5.297992,-0.869332,
feedback,14.650857,1786440042623,7,Ry,5.000000,75.000000,4.870376,-0.129624,,,335.910614,-66.845123,179.611267,89.999916,50.000053,89.999992,435.876434,-66.848289,179.598083,-169.574020,16.367968,-177.031967,1.141771,0.407453,0.956532,0.050038,4.794082,-0.858787,
feedback,14.659593,1786440042632,7,Ry,5.000000,75.000000,4.962585,-0.037415,,,335.910614,-66.845123,179.611267,89.999916,50.000053,89.999992,435.885254,-66.846130,179.603943,-169.576538,16.329361,-177.039871,1.011103,0.176070,0.678333,0.023739,4.876489,-0.922449,
feedback,14.666924,1786440042640,7,Ry,5.000000,75.000000,4.898774,-0.101226,,,335.910614,-66.845123,179.611267,89.999916,50.000053,89.999992,435.888733,-66.844330,179.605301,-169.579285,16.290449,-177.047882,0.619682,0.328101,0.217972,0.082909,4.819396,-0.878760,
feedback,14.677187,1786440042648,7,Ry,5.000000,75.000000,4.851862,-0.148138,,,335.910614,-66.845123,179.611267,89.999916,50.000053,89.999992,435.898102,-66.841118,179.603638,-169.581909,16.252256,-177.055878,1.340662,0.502071,-0.184377,0.089244,4.771311,-0.881310,
feedback,14.682859,1786440042653,7,Ry,5.000000,75.000000,4.906536,-0.093464,,,335.910614,-66.845123,179.611267,89.999916,50.000053,89.999992,435.903595,-66.839478,179.599991,-169.583221,16.232986,-177.059753,1.368943,0.409586,-0.910321,0.068995,4.827754,-0.876053,
feedback,14.691013,1786440042661,7,Ry,5.000000,75.000000,4.688810,-0.311190,,,335.910614,-66.845123,179.611267,89.999916,50.000053,89.999992,435.922485,-66.833740,179.596191,-169.586182,16.195980,-177.067352,2.452784,0.732351,-0.540583,0.116505,4.610869,-0.852234,
feedback,14.699462,1786440042669,7,Ry,5.000000,75.000000,4.762423,-0.237577,,,335.910614,-66.845123,179.611267,89.999916,50.000053,89.999992,435.939056,-66.829575,179.600327,-169.589050,16.160002,-177.074677,1.290068,0.201285,0.531608,0.051136,4.688485,-0.835979,
feedback,14.707462,1786440042678,7,Ry,5.000000,75.000000,5.009339,0.009339,,,335.910614,-66.845123,179.611267,89.999916,50.000053,89.999992,435.941833,-66.828781,179.600220,-169.591263,16.121143,-177.081512,-0.114684,-0.131767,-0.331087,-0.030896,4.948267,-0.784583,
feedback,14.715708,1786440042686,7,Ry,5.000000,75.000000,5.027245,0.027245,,,335.910614,-66.845123,179.611267,89.999916,50.000053,89.999992,435.947266,-66.826180,179.599991,-169.593475,16.082243,-177.088165,0.099946,0.172363,-0.338608,-0.019375,4.969412,-0.767757,
feedback,14.724385,1786440042695,7,Ry,5.000000,75.000000,5.195591,0.195591,,,335.910614,-66.845123,179.611267,89.999916,50.000053,89.999992,435.946899,-66.830109,179.602066,-169.596283,16.021793,-177.099777,-0.211866,-0.249622,-0.084234,0.004366,5.111179,-0.933290,
feedback,14.732722,1786440042704,7,Ry,5.000000,75.000000,5.203674,0.203674,,,335.910614,-66.845123,179.611267,89.999916,50.000053,89.999992,435.942139,-66.830513,179.603241,-169.598343,15.980669,-177.107452,-0.552255,0.126373,0.331467,0.020208,5.129738,-0.874561,
feedback,14.740575,1786440042712,7,Ry,5.000000,75.000000,5.287454,0.287454,,,335.910614,-66.845123,179.611267,89.999916,50.000053,89.999992,435.931702,-66.834023,179.606125,-169.600281,15.939195,-177.115784,-1.555272,-0.405578,0.337975,-0.027052,5.196513,-0.978375,
feedback,14.748779,1786440042721,7,Ry,5.000000,75.000000,5.200869,0.200869,,,335.910614,-66.845123,179.611267,89.999916,50.000053,89.999992,435.921539,-66.836662,179.609756,-169.602295,15.898032,-177.123932,-0.917126,-0.399853,0.635603,-0.022879,5.105160,-0.997857,
feedback,14.757763,1786440042729,7,Ry,5.000000,75.000000,5.275050,0.275050,,,335.910614,-66.845123,179.611267,89.999916,50.000053,89.999992,435.914612,-66.838455,179.611694,-169.604431,15.856808,-177.132217,-0.947545,-0.271742,0.225731,-0.005972,5.184273,-0.976353,
feedback,14.765044,1786440042738,7,Ry,5.000000,75.000000,5.354195,0.354195,,,335.910614,-66.845123,179.611267,89.999916,50.000053,89.999992,435.904938,-66.842545,179.607941,-169.606583,15.814881,-177.140884,-1.297980,-0.667223,-0.616945,-0.019995,5.253762,-1.038067,
feedback,14.773265,1786440042746,7,Ry,5.000000,75.000000,5.483588,0.483588,,,335.910614,-66.845123,179.611267,89.999916,50.000053,89.999992,435.893677,-66.845192,179.599457,-169.608673,15.772575,-177.149094,-1.587654,-0.354563,-1.201028,-0.041533,5.400211,-0.952617,
feedback,14.781396,1786440042754,7,Ry,5.000000,75.000000,5.353838,0.353838,,,335.910614,-66.845123,179.611267,89.999916,50.000053,89.999992,435.879181,-66.847679,179.591446,-169.610947,15.730206,-177.157288,-1.672177,-0.231700,-0.645550,0.013174,5.267810,-0.956299,
feedback,14.790495,1786440042763,7,Ry,5.000000,75.000000,4.886255,-0.113745,,,335.910614,-66.845123,179.611267,89.999916,50.000053,89.999992,435.876617,-66.846138,179.593491,-169.615005,15.671316,-177.169388,0.253329,0.255692,0.295692,0.083692,4.803843,-0.894869,
feedback,14.797852,1786440042771,7,Ry,5.000000,75.000000,4.944620,-0.055380,,,335.910614,-66.845123,179.611267,89.999916,50.000053,89.999992,435.875580,-66.846214,179.592865,-169.617630,15.632400,-177.177963,-0.095723,-0.089410,0.125602,0.080669,4.850015,-0.969162,
feedback,14.805910,1786440042780,7,Ry,5.000000,75.000000,4.915445,-0.084555,,,335.910614,-66.845123,179.611267,89.999916,50.000053,89.999992,435.875702,-66.845695,179.589996,-169.620346,15.593810,-177.186432,0.101778,0.291978,-0.444740,0.081567,4.827275,-0.930088,
feedback,14.813983,1786440042788,7,Ry,5.000000,75.000000,4.830804,-0.169196,,,335.910614,-66.845123,179.611267,89.999916,50.000053,89.999992,435.881927,-66.842323,179.584656,-169.622864,15.555834,-177.194366,0.941941,0.520039,-0.529849,0.103140,4.742314,-0.924497,
feedback,14.822583,1786440042792,7,Ry,5.000000,75.000000,4.905493,-0.094507,,,335.910614,-66.845123,179.611267,89.999916,50.000053,89.999992,435.884583,-66.841599,179.583435,-169.624039,15.536610,-177.198471,0.661328,0.180097,-0.303005,0.047435,4.814233,-0.946772,
feedback,14.830460,1786440042801,7,Ry,5.000000,75.000000,4.791639,-0.208361,,,335.910614,-66.845123,179.611267,89.999916,50.000053,89.999992,435.889801,-66.840248,179.589233,-169.626755,15.498833,-177.206802,0.600953,0.249807,1.018042,0.118572,4.700027,-0.938778,
feedback,14.841301,1786440042809,7,Ry,5.000000,75.000000,4.969739,-0.030261,,,335.910614,-66.845123,179.611267,89.999916,50.000053,89.999992,435.890198,-66.840233,179.594177,-169.628647,15.460122,-177.214645,-0.035162,0.177885,0.622715,-0.021162,4.894245,-0.862964,
feedback,14.846658,1786440042817,7,Ry,5.000000,75.000000,5.071227,0.071227,,,335.910614,-66.845123,179.611267,89.999916,50.000053,89.999992,435.889923,-66.838387,179.598328,-169.630539,15.420213,-177.222107,0.102030,0.196526,0.466083,0.016496,4.988714,-0.911643,
feedback,14.854722,1786440042826,7,Ry,5.000000,75.000000,4.983743,-0.016257,,,335.910614,-66.845123,179.611267,89.999916,50.000053,89.999992,435.894287,-66.838257,179.605560,-169.632736,15.380804,-177.230133,0.803055,-0.104796,1.119970,0.002973,4.896998,-0.928024,
feedback,14.862980,1786440042834,7,Ry,5.000000,75.000000,5.104122,0.104122,,,335.910614,-66.845123,179.611267,89.999916,50.000053,89.999992,435.897919,-66.839470,179.615433,-169.634384,15.341281,-177.237946,0.157297,-0.097704,1.005868,-0.052216,5.024324,-0.899163,
feedback,14.871119,1786440042843,7,Ry,5.000000,75.000000,5.037587,0.037587,,,335.910614,-66.845123,179.611267,89.999916,50.000053,89.999992,435.898926,-66.840111,179.623657,-169.635971,15.301434,-177.245255,0.191268,-0.111211,1.201191,-0.047963,4.960929,-0.875519,
feedback,14.879376,1786440042851,7,Ry,5.000000,75.000000,5.056260,0.056260,,,335.910614,-66.845123,179.611267,89.999916,50.000053,89.999992,435.905579,-66.838264,179.641052,-169.638565,15.242734,-177.256378,0.351266,-0.017865,1.559684,-0.062333,4.986612,-0.837381,
feedback,14.887956,1786440042859,7,Ry,5.000000,75.000000,4.911934,-0.088066,,,335.910614,-66.845123,179.611267,89.999916,50.000053,89.999992,435.913635,-66.837112,179.646515,-169.639999,15.203855,-177.263321,1.077495,0.301542,0.578415,-0.016235,4.842590,-0.823003,
feedback,14.899461,1786440042868,7,Ry,5.000000,75.000000,4.783055,-0.216945,,,335.910614,-66.845123,179.611267,89.999916,50.000053,89.999992,435.920044,-66.836853,179.646469,-169.641541,15.166101,-177.270523,0.579466,-0.146690,-0.115874,-0.089044,4.707417,-0.847512,
feedback,14.903962,1786440042876,7,Ry,5.000000,75.000000,4.602927,-0.397073,,,335.910614,-66.845123,179.611267,89.999916,50.000053,89.999992,435.923492,-66.835136,179.638763,-169.642731,15.128957,-177.277023,0.624984,0.184631,-1.040681,-0.099487,4.535520,-0.785059,
feedback,14.912441,1786440042885,7,Ry,5.000000,75.000000,4.346575,-0.653425,,,335.910614,-66.845123,179.611267,89.999916,50.000053,89.999992,435.926666,-66.832512,179.629303,-169.643265,15.093614,-177.282227,0.336731,0.357527,-1.048417,-0.147793,4.309596,-0.590023,
feedback,14.920341,1786440042893,7,Ry,5.000000,75.000000,3.945160,-1.054840,,,335.910614,-66.845123,179.611267,89.999916,50.000053,89.999992,435.933228,-66.831100,179.625946,-169.644211,15.061977,-177.288162,0.843884,0.067243,-0.429996,-0.074004,3.874878,-0.743815,
feedback,14.928644,1786440042901,7,Ry,5.000000,75.000000,3.651530,-1.348470,,,335.910614,-66.845123,179.611267,89.999916,50.000053,89.999992,435.940521,-66.829758,179.625183,-169.645462,15.032768,-177.293472,0.913842,0.086067,-0.146448,-0.033082,3.601927,-0.600790,
feedback,14.936743,1786440042910,7,Ry,5.000000,75.000000,3.531234,-1.468766,,,335.910614,-66.845123,179.611267,89.999916,50.000053,89.999992,435.946198,-66.828079,179.622650,-169.646774,15.004743,-177.298950,0.579441,0.159769,-0.165294,-0.012468,3.465839,-0.679851,
feedback,14.945311,1786440042918,7,Ry,5.000000,75.000000,3.589263,-1.410737,,,335.910614,-66.845123,179.611267,89.999916,50.000053,89.999992,435.946289,-66.829140,179.617706,-169.648163,14.976506,-177.304642,-0.116260,-0.015487,-0.551410,0.058741,3.536474,-0.613355,
feedback,14.953701,1786440042927,7,Ry,5.000000,75.000000,3.691225,-1.308775,,,335.910614,-66.845123,179.611267,89.999916,50.000053,89.999992,435.940918,-66.832588,179.611633,-169.648697,14.947040,-177.308884,-0.357034,-0.625602,-0.512449,-0.164732,3.653259,-0.538329,
feedback,14.961353,1786440042935,7,Ry,5.000000,75.000000,3.495640,-1.504360,,,335.910614,-66.845123,179.611267,89.999916,50.000053,89.999992,435.938416,-66.840721,179.599350,-169.648911,14.903605,-177.316849,0.371705,-0.560284,-1.023505,-0.117758,3.422611,-0.720079,
feedback,14.969314,1786440042943,7,Ry,5.000000,75.000000,3.034930,-1.965070,,,335.910614,-66.845123,179.611267,89.999916,50.000053,89.999992,435.943481,-66.842850,179.594772,-169.649567,14.879123,-177.322006,0.448023,-0.252647,-0.521274,-0.056987,2.981536,-0.568377,
feedback,14.977942,1786440042948,7,Ry,5.000000,75.000000,2.810487,-2.189513,,,335.910614,-66.845123,179.611267,89.999916,50.000053,89.999992,435.944366,-66.843689,179.592926,-169.649673,14.868039,-177.323959,0.220581,-0.208716,-0.458330,-0.101755,2.769145,-0.480419,
feedback,14.985748,1786440042956,7,Ry,5.000000,75.000000,2.499325,-2.500675,,,335.910614,-66.845123,179.611267,89.999916,50.000053,89.999992,435.940002,-66.845787,179.586899,-169.650223,14.847612,-177.327682,-0.779008,-0.441970,-0.814247,-0.051753,2.455478,-0.467365,
feedback,14.994009,1786440042964,7,Ry,5.000000,75.000000,2.113713,-2.886287,,,335.910614,-66.845123,179.611267,89.999916,50.000053,89.999992,435.931000,-66.848396,179.579163,-169.650513,14.830066,-177.330444,-1.073851,-0.143036,-0.960924,-0.059572,2.093804,-0.297880,
feedback,15.002062,1786440042973,7,Ry,5.000000,75.000000,1.624644,-3.375356,,,335.910614,-66.845123,179.611267,89.999916,50.000053,89.999992,435.922607,-66.849518,179.572113,-169.650543,14.816153,-177.332169,-1.040420,-0.114801,-0.681444,-0.075175,1.613539,-0.205170,
feedback,15.011126,1786440042981,7,Ry,5.000000,75.000000,1.301595,-3.698405,,,335.910614,-66.845123,179.611267,89.999916,50.000053,89.999992,435.916626,-66.849266,179.570267,-169.650513,14.805288,-177.333176,-0.777986,0.152287,-0.033325,-0.065392,1.302079,-0.111190,
feedback,15.018615,1786440042989,7,Ry,5.000000,75.000000,1.283842,-3.716158,,,335.910614,-66.845123,179.611267,89.999916,50.000053,89.999992,435.909180,-66.850601,179.571030,-169.650574,14.795012,-177.334412,-1.007077,-0.260078,0.199478,-0.052880,1.272109,-0.178898,
feedback,15.026718,1786440042998,7,Ry,5.000000,75.000000,1.226015,-3.773985,,,335.910614,-66.845123,179.611267,89.999916,50.000053,89.999992,435.901886,-66.852661,179.573563,-169.650925,14.785135,-177.335953,-0.849853,-0.340465,0.383483,-0.045019,1.211853,-0.187605,
feedback,15.034950,1786440043006,7,Ry,5.000000,75.000000,0.944592,-4.055408,,,335.910614,-66.845123,179.611267,89.999916,50.000053,89.999992,435.898010,-66.856339,179.574783,-169.650757,14.776615,-177.337296,-0.237314,-0.420298,0.478190,-0.068319,0.930866,-0.160512,
feedback,15.043044,1786440043015,7,Ry,5.000000,75.000000,0.661496,-4.338504,,,335.910614,-66.845123,179.611267,89.999916,50.000053,89.999992,435.896454,-66.860435,179.575775,-169.650940,14.767455,-177.339325,-0.043057,-0.267705,0.017872,0.010414,0.644660,-0.153339,
feedback,15.051692,1786440043023,7,Ry,5.000000,75.000000,0.446465,-4.553535,,,335.910614,-66.845123,179.611267,89.999916,50.000053,89.999992,435.895355,-66.862106,179.575714,-169.650970,14.763509,-177.340149,-0.224987,-0.166050,0.027094,-0.016070,0.437786,-0.088286,
feedback,15.059974,1786440043032,7,Ry,5.000000,75.000000,0.220647,-4.779353,,,335.910614,-66.845123,179.611267,89.999916,50.000053,89.999992,435.892792,-66.863617,179.574570,-169.651169,14.761134,-177.340714,-0.254735,-0.096637,0.041021,0.029402,0.216404,-0.043351,
feedback,15.067616,1786440043040,7,Ry,5.000000,75.000000,0.086616,-4.913384,,,335.910614,-66.845123,179.611267,89.999916,50.000053,89.999992,435.891296,-66.863602,179.574036,-169.651230,14.760212,-177.340805,-0.180496,0.046789,-0.112481,-0.008525,0.088525,0.003242,
feedback,15.076304,1786440043049,7,Ry,5.000000,75.000000,0.005336,-4.994664,,,335.910614,-66.845123,179.611267,89.999916,50.000053,89.999992,435.891724,-66.862740,179.574615,-169.651443,14.760304,-177.340897,-0.054663,0.035322,0.035149,-0.001789,0.006629,0.006866,
feedback,15.083853,1786440043057,7,Ry,5.000000,75.000000,0.029054,-4.970946,,,335.910614,-66.845123,179.611267,89.999916,50.000053,89.999992,435.890900,-66.861954,179.574265,-169.651718,14.760212,-177.341095,-0.193463,-0.006786,-0.100542,0.014683,0.024253,-0.029752,
feedback,15.092017,1786440043065,7,Ry,5.000000,75.000000,0.006796,-4.993204,,,335.910614,-66.845123,179.611267,89.999916,50.000053,89.999992,435.891144,-66.861313,179.574417,-169.651886,14.760293,-177.341217,-0.108090,-0.061181,0.036317,0.028319,-0.000515,-0.042032,
feedback,15.100139,1786440043074,7,Ry,5.000000,75.000000,0.021055,-4.978945,,,335.910614,-66.845123,179.611267,89.999916,50.000053,89.999992,435.891510,-66.860855,179.573837,-169.652008,14.760253,-177.341278,-0.019866,0.017352,-0.060307,0.002888,0.020484,-0.005078,
feedback,15.108479,1786440043082,7,Ry,5.000000,75.000000,-0.029424,-5.029424,,,335.910614,-66.845123,179.611267,89.999916,50.000053,89.999992,435.891327,-66.860474,179.573959,-169.652191,14.760262,-177.341293,0.101321,0.145564,0.085320,0.031936,-0.030205,-0.001837,
feedback,15.117121,1786440043086,7,Ry,5.000000,75.000000,0.012131,-4.987869,,,335.910614,-66.845123,179.611267,89.999916,50.000053,89.999992,435.891052,-66.860474,179.573807,-169.652283,14.760222,-177.341354,-0.068023,-0.000292,-0.037764,0.019424,0.010723,-0.009038,
feedback,15.124826,1786440043095,7,Ry,5.000000,75.000000,0.005603,-4.994397,,,335.910614,-66.845123,179.611267,89.999916,50.000053,89.999992,435.891479,-66.860466,179.574295,-169.652328,14.760302,-177.341415,0.017059,0.022671,-0.040891,0.017661,0.006398,0.004026,
feedback,15.133943,1786440043103,5,Ry,5.000000,75.000000,0.015719,-4.984281,,,335.910614,-66.845123,179.611267,89.999916,50.000053,89.999992,435.890961,-66.860428,179.574356,-169.652390,14.760268,-177.341446,-0.115618,-0.058566,0.097270,0.004677,0.013855,-0.011945,
feedback,15.142307,1786440043112,5,Ry,5.000000,75.000000,0.011854,-4.988146,,,335.910614,-66.845123,179.611267,89.999916,50.000053,89.999992,435.891724,-66.860039,179.574448,-169.652466,14.760365,-177.341446,-0.009927,-0.057402,-0.026426,0.012945,0.008974,-0.017358,
feedback,15.149703,1786440043120,5,Ry,5.000000,75.000000,0.012409,-4.987591,,,335.910614,-66.845123,179.611267,89.999916,50.000053,89.999992,435.891571,-66.859497,179.574158,-169.652527,14.760358,-177.341415,-0.103713,0.062865,-0.017080,0.025903,0.012472,-0.000718,
feedback,15.158335,1786440043128,5,Ry,5.000000,75.000000,-0.020778,-5.020778,,,335.910614,-66.845123,179.611267,89.999916,50.000053,89.999992,435.892120,-66.859039,179.573868,-169.652527,14.760378,-177.341446,0.140357,0.087957,-0.021953,0.010696,-0.023344,-0.012729,
feedback,15.165912,1786440043137,5,Ry,5.000000,75.000000,-0.028509,-5.028509,,,335.910614,-66.845123,179.611267,89.999916,50.000053,89.999992,435.891815,-66.858467,179.573746,-169.652634,14.760329,-177.341324,0.089954,0.019630,0.090372,0.023680,-0.030801,-0.010491,
feedback,15.174911,1786440043145,5,Ry,5.000000,75.000000,0.007073,-4.992927,,,335.910614,-66.845123,179.611267,89.999916,50.000053,89.999992,435.892365,-66.858337,179.573914,-169.652679,14.760357,-177.341263,0.141070,0.078854,0.056413,0.022363,0.009299,0.012011,
