event,pc_time_s,controller_timestamp,robot_mode,axis,target_speed_deg_s,target_delta_deg,selected_actual_deg_s,speed_error_deg_s,command_interval_ms,command_latency_ms,target_x,target_y,target_z,target_rx,target_ry,target_rz,actual_x,actual_y,actual_z,actual_rx,actual_ry,actual_rz,tcp_vx,tcp_vy,tcp_vz,tcp_wx,tcp_wy,tcp_wz,response
feedback,0.008954,1786439806770,5,Ry,0.000000,0.000000,0.010547,0.010547,,,435.908417,-66.844376,179.598846,-168.491898,29.497009,-174.275299,435.908447,-66.843582,179.599380,-168.491959,29.497047,-174.275192,-0.001654,0.316293,-0.062063,0.013634,0.018416,0.043706,
feedback,0.014822,1786439806779,7,Ry,0.000000,0.000000,-0.003552,-0.003552,,,435.908417,-66.844376,179.598846,-168.491898,29.497009,-174.275299,435.908325,-66.844582,179.599213,-168.491852,29.497093,-174.275269,-0.013857,-0.071724,-0.013342,-0.024439,-0.003195,0.002339,
command,0.000012,,,Ry,5.000000,15.000000,,,,12.995,435.908417,-66.844376,179.598846,-168.491898,29.497009,-174.275299,,,,,,,,,,,,,"0,{1470},RelMovLTool(0.000000,0.000000,0.000000,0.000000,15.000000,0.000000,a=30,v=23,cp=0);"
feedback,0.023343,1786439806787,7,Ry,5.000000,15.000000,-0.020619,-5.020619,,,435.908417,-66.844376,179.598846,-168.491898,29.497009,-174.275299,435.908295,-66.844902,179.599579,-168.491867,29.497137,-174.275299,0.024168,-0.015291,0.149014,0.000050,-0.021488,-0.003125,
feedback,0.032237,1786439806796,7,Ry,5.000000,15.000000,0.025921,-4.974079,,,435.908417,-66.844376,179.598846,-168.491898,29.497009,-174.275299,435.908264,-66.844704,179.599335,-168.491806,29.497040,-174.275177,-0.133518,-0.112334,-0.094310,-0.027466,0.028689,0.013434,
feedback,0.040369,1786439806804,7,Ry,5.000000,15.000000,0.014698,-4.985302,,,435.908417,-66.844376,179.598846,-168.491898,29.497009,-174.275299,435.908112,-66.844940,179.599258,-168.491730,29.497017,-174.275146,-0.049039,-0.104781,-0.100087,-0.025904,0.011688,-0.018355,
feedback,0.048418,1786439806813,7,Ry,5.000000,15.000000,0.007670,-4.992330,,,435.908417,-66.844376,179.598846,-168.491898,29.497009,-174.275299,435.908325,-66.844604,179.599548,-168.491852,29.497116,-174.275192,-0.056640,-0.066797,-0.027657,0.004897,0.004513,-0.018579,
feedback,0.056851,1786439806821,7,Ry,5.000000,15.000000,-0.015325,-5.015325,,,435.908417,-66.844376,179.598846,-168.491898,29.497009,-174.275299,435.908325,-66.844582,179.599991,-168.491745,29.497131,-174.275040,-0.021096,-0.051366,0.127124,-0.014643,-0.014598,0.005463,
feedback,0.064918,1786439806829,7,Ry,5.000000,15.000000,-0.000016,-5.000016,,,435.908417,-66.844376,179.598846,-168.491898,29.497009,-174.275299,435.908264,-66.844131,179.599808,-168.491837,29.497021,-174.275055,0.063402,0.163714,0.131129,0.015148,0.002474,0.014126,
feedback,0.073174,1786439806838,7,Ry,5.000000,15.000000,0.084749,-4.915251,,,435.908417,-66.844376,179.598846,-168.491898,29.497009,-174.275299,435.907379,-66.844284,179.600235,-168.491714,29.496496,-174.275040,-0.135535,0.063905,0.135725,-0.035849,0.087554,0.008494,
feedback,0.081500,1786439806842,7,Ry,5.000000,15.000000,0.252115,-4.747885,,,435.908417,-66.844376,179.598846,-168.491898,29.497009,-174.275299,435.904724,-66.845505,179.601593,-168.491577,29.495474,-174.275070,-0.669576,-0.304901,0.337558,-0.056242,0.251408,-0.026063,
feedback,0.089794,1786439806851,7,Ry,5.000000,15.000000,0.465894,-4.534106,,,435.908417,-66.844376,179.598846,-168.491898,29.497009,-174.275299,435.897583,-66.847870,179.606918,-168.490982,29.492052,-174.274902,-0.940161,-0.385892,0.764772,-0.124653,0.469518,-0.020208,
feedback,0.098390,1786439806859,7,Ry,5.000000,15.000000,0.716768,-4.283232,,,435.908417,-66.844376,179.598846,-168.491898,29.497009,-174.275299,435.887817,-66.849358,179.616821,-168.490356,29.486607,-174.274612,-1.250983,-0.099363,1.334338,-0.135451,0.728349,0.002960,
feedback,0.106286,1786439806868,7,Ry,5.000000,15.000000,0.895331,-4.104669,,,435.908417,-66.844376,179.598846,-168.491898,29.497009,-174.275299,435.880798,-66.849327,179.629196,-168.490036,29.479748,-174.274384,-0.813120,0.129972,1.525493,-0.123663,0.913124,0.022559,
feedback,0.114177,1786439806876,7,Ry,5.000000,15.000000,1.158656,-3.841344,,,435.908417,-66.844376,179.598846,-168.491898,29.497009,-174.275299,435.874725,-66.847778,179.640823,-168.489777,29.470741,-174.274078,-0.725713,0.286511,1.369257,-0.146713,1.181637,0.028929,
feedback,0.122296,1786439806885,7,Ry,5.000000,15.000000,1.238243,-3.761757,,,435.908417,-66.844376,179.598846,-168.491898,29.497009,-174.275299,435.871613,-66.845512,179.650620,-168.489532,29.460815,-174.273819,-0.385496,0.328945,1.109118,-0.151777,1.263082,0.032494,
feedback,0.130026,1786439806893,7,Ry,5.000000,15.000000,1.275586,-3.724414,,,435.908417,-66.844376,179.598846,-168.491898,29.497009,-174.275299,435.869995,-66.838470,179.659576,-168.490936,29.445415,-174.274353,-0.057366,0.651036,0.557423,0.003634,1.296172,0.005013,
feedback,0.138506,1786439806901,7,Ry,5.000000,15.000000,1.453071,-3.546929,,,435.908417,-66.844376,179.598846,-168.491898,29.497009,-174.275299,435.866669,-66.837326,179.661362,-168.491974,29.434158,-174.275177,-0.506946,-0.059029,0.161315,-0.043111,1.463423,-0.068481,
feedback,0.146133,1786439806910,7,Ry,5.000000,15.000000,1.843163,-3.156837,,,435.908417,-66.844376,179.598846,-168.491898,29.497009,-174.275299,435.859924,-66.842010,179.661346,-168.492935,29.420515,-174.277328,-1.047165,-0.746330,-0.100276,-0.082855,1.826059,-0.258201,
feedback,0.154513,1786439806918,7,Ry,5.000000,15.000000,2.309252,-2.690748,,,435.908417,-66.844376,179.598846,-168.491898,29.497009,-174.275299,435.853119,-66.848434,179.661346,-168.494110,29.403299,-174.280853,-0.813975,-0.894959,0.014192,-0.110084,2.275404,-0.393867,
feedback,0.162927,1786439806927,7,Ry,5.000000,15.000000,2.785380,-2.214620,,,435.908417,-66.844376,179.598846,-168.491898,29.497009,-174.275299,435.846527,-66.853958,179.661438,-168.495880,29.382273,-174.285233,-0.781175,-0.818867,0.015926,-0.114375,2.744962,-0.472782,
feedback,0.172037,1786439806935,7,Ry,5.000000,15.000000,3.217491,-1.782509,,,435.908417,-66.844376,179.598846,-168.491898,29.497009,-174.275299,435.842926,-66.859100,179.662720,-168.498825,29.358124,-174.291748,-0.402144,-0.585979,0.022109,0.030480,3.147329,-0.679344,
feedback,0.179455,1786439806943,7,Ry,5.000000,15.000000,3.614133,-1.385867,,,435.908417,-66.844376,179.598846,-168.491898,29.497009,-174.275299,435.840118,-66.864288,179.664200,-168.502197,29.330851,-174.299515,-0.371652,-0.740651,0.180143,0.007705,3.528432,-0.802101,
feedback,0.187872,1786439806952,7,Ry,5.000000,15.000000,3.899422,-1.100578,,,435.908417,-66.844376,179.598846,-168.491898,29.497009,-174.275299,435.837128,-66.866203,179.667175,-168.505981,29.300913,-174.307373,-0.462075,-0.230356,0.436296,0.026755,3.826951,-0.752127,
feedback,0.195926,1786439806960,7,Ry,5.000000,15.000000,4.086791,-0.913209,,,435.908417,-66.844376,179.598846,-168.491898,29.497009,-174.275299,435.829315,-66.869293,179.667252,-168.509033,29.269169,-174.314682,-1.214550,-0.300895,-0.105796,-0.054220,4.023945,-0.713914,
feedback,0.203750,1786439806969,7,Ry,5.000000,15.000000,3.975981,-1.024019,,,435.908417,-66.844376,179.598846,-168.491898,29.497009,-174.275299,435.826294,-66.864410,179.664963,-168.513840,29.238153,-174.322403,-0.266686,0.920544,-0.350343,0.220349,3.926861,-0.626676,
feedback,0.212310,1786439806977,7,Ry,5.000000,15.000000,4.000535,-0.999465,,,435.908417,-66.844376,179.598846,-168.491898,29.497009,-174.275299,435.829346,-66.856262,179.664352,-168.519547,29.206968,-174.330276,0.606070,1.085152,-0.022372,0.267875,3.950345,-0.634937,
feedback,0.220171,1786439806985,7,Ry,5.000000,15.000000,4.468074,-0.531926,,,435.908417,-66.844376,179.598846,-168.491898,29.497009,-174.275299,435.828705,-66.849152,179.663071,-168.528122,29.156784,-174.343246,-0.381147,0.418906,-0.352415,0.170122,4.401320,-0.769653,
feedback,0.229017,1786439806989,7,Ry,5.000000,15.000000,4.609551,-0.390449,,,435.908417,-66.844376,179.598846,-168.491898,29.497009,-174.275299,435.826630,-66.847733,179.660172,-168.530685,29.138727,-174.347519,-0.523745,0.353843,-0.720840,0.110844,4.547452,-0.755582,
feedback,0.236248,1786439806998,7,Ry,5.000000,15.000000,4.681233,-0.318767,,,435.908417,-66.844376,179.598846,-168.491898,29.497009,-174.275299,435.825165,-66.844055,179.654526,-168.536270,29.102310,-174.356873,-0.012267,0.465061,-0.814087,0.178462,4.605565,-0.838868,
feedback,0.244845,1786439807006,7,Ry,5.000000,15.000000,4.729893,-0.270107,,,435.908417,-66.844376,179.598846,-168.491898,29.497009,-174.275299,435.828888,-66.843857,179.652969,-168.541748,29.065582,-174.367050,0.651043,-0.097463,0.029866,0.154278,4.631152,-0.973950,
feedback,0.253185,1786439807015,7,Ry,5.000000,15.000000,4.694850,-0.305150,,,435.908417,-66.844376,179.598846,-168.491898,29.497009,-174.275299,435.843597,-66.841522,179.654572,-168.547638,29.029099,-174.377563,1.773114,0.377233,0.151453,0.176133,4.602923,-0.932254,
feedback,0.261687,1786439807023,7,Ry,5.000000,15.000000,4.958237,-0.041763,,,435.908417,-66.844376,179.598846,-168.491898,29.497009,-174.275299,435.854034,-66.837051,179.651596,-168.553116,28.991232,-174.387329,0.990074,0.429481,-0.745635,0.048810,4.881298,-0.870170,
feedback,0.269152,1786439807032,7,Ry,5.000000,15.000000,5.013252,0.013252,,,435.908417,-66.844376,179.598846,-168.491898,29.497009,-174.275299,435.860718,-66.832047,179.645996,-168.557861,28.951801,-174.396164,0.935178,0.707324,-0.617783,0.042953,4.944107,-0.830761,
feedback,0.277297,1786439807040,7,Ry,5.000000,15.000000,5.120548,0.120548,,,435.908417,-66.844376,179.598846,-168.491898,29.497009,-174.275299,435.871765,-66.828506,179.642334,-168.562134,28.912525,-174.405441,1.020021,0.335092,-0.190501,-0.043628,5.039139,-0.909656,
feedback,0.285486,1786439807049,7,Ry,5.000000,15.000000,5.307739,0.307739,,,435.908417,-66.844376,179.598846,-168.491898,29.497009,-174.275299,435.881470,-66.826340,179.636887,-168.566528,28.872290,-174.415649,0.507744,0.262813,-0.915951,0.004424,5.214305,-0.994285,
feedback,0.295738,1786439807057,7,Ry,5.000000,15.000000,5.165064,0.165064,,,435.908417,-66.844376,179.598846,-168.491898,29.497009,-174.275299,435.885071,-66.823067,179.636703,-168.573685,28.811518,-174.430481,0.267708,0.159165,0.443993,0.033572,5.078722,-0.941590,
feedback,0.301732,1786439807065,7,Ry,5.000000,15.000000,5.126673,0.126673,,,435.908417,-66.844376,179.598846,-168.491898,29.497009,-174.275299,435.887360,-66.821808,179.640762,-168.578796,28.771202,-174.440674,0.772929,0.340456,0.330542,0.123321,5.031898,-0.986137,
feedback,0.310080,1786439807074,7,Ry,5.000000,15.000000,5.065475,0.065475,,,435.908417,-66.844376,179.598846,-168.491898,29.497009,-174.275299,435.893951,-66.820015,179.645386,-168.583923,28.731775,-174.450912,0.691711,0.135890,0.634271,0.078419,4.969423,-0.988000,
feedback,0.318124,1786439807082,7,Ry,5.000000,15.000000,5.175938,0.175938,,,435.908417,-66.844376,179.598846,-168.491898,29.497009,-174.275299,435.894562,-66.820068,179.646759,-168.588806,28.691391,-174.461243,0.264859,0.153536,-0.068437,0.050215,5.086960,-0.957510,
feedback,0.326350,1786439807091,7,Ry,5.000000,15.000000,5.163643,0.163643,,,435.908417,-66.844376,179.598846,-168.491898,29.497009,-174.275299,435.897308,-66.820129,179.641907,-168.593552,28.651083,-174.471588,0.485924,-0.182909,-0.788813,0.022463,5.057339,-1.054738,
feedback,0.334534,1786439807099,7,Ry,5.000000,15.000000,4.982503,-0.017497,,,435.908417,-66.844376,179.598846,-168.491898,29.497009,-174.275299,435.904602,-66.817978,179.643051,-168.598526,28.611935,-174.481781,0.864312,0.364025,0.359436,0.089362,4.890973,-0.955082,
feedback,0.343025,1786439807107,7,Ry,5.000000,15.000000,4.886296,-0.113704,,,435.908417,-66.844376,179.598846,-168.491898,29.497009,-174.275299,435.912750,-66.814034,179.650238,-168.604095,28.574051,-174.492279,0.831471,0.489401,0.647116,0.166161,4.793173,-0.955723,
feedback,0.352948,1786439807116,7,Ry,5.000000,15.000000,4.935613,-0.064387,,,435.908417,-66.844376,179.598846,-168.491898,29.497009,-174.275299,435.914093,-66.814117,179.650940,-168.608994,28.535416,-174.502335,0.142207,-0.225908,-0.048829,0.035360,4.836123,-0.996164,
feedback,0.358872,1786439807124,7,Ry,5.000000,15.000000,4.987381,-0.012619,,,435.908417,-66.844376,179.598846,-168.491898,29.497009,-174.275299,435.913635,-66.812332,179.643539,-168.613998,28.496294,-174.512085,0.230311,0.347441,-1.012143,0.090002,4.900566,-0.928746,
feedback,0.367073,1786439807132,7,Ry,5.000000,15.000000,4.829107,-0.170893,,,435.908417,-66.844376,179.598846,-168.491898,29.497009,-174.275299,435.917206,-66.811134,179.637863,-168.619095,28.458221,-174.521881,1.109784,0.242178,-0.755626,0.094632,4.739161,-0.932685,
feedback,0.375754,1786439807137,7,Ry,5.000000,15.000000,5.071508,0.071508,,,435.908417,-66.844376,179.598846,-168.491898,29.497009,-174.275299,435.919678,-66.812592,179.631607,-168.623795,28.418957,-174.531982,0.170423,-0.354080,-0.817931,0.021126,4.972260,-1.006691,
feedback,0.383726,1786439807145,7,Ry,5.000000,15.000000,5.119054,0.119054,,,435.908417,-66.844376,179.598846,-168.491898,29.497009,-174.275299,435.916138,-66.817673,179.625015,-168.628220,28.378792,-174.541901,-0.385044,-0.650921,-0.754600,0.000698,5.025444,-0.978840,
feedback,0.392359,1786439807154,7,Ry,5.000000,15.000000,5.319524,0.319524,,,435.908417,-66.844376,179.598846,-168.491898,29.497009,-174.275299,435.905487,-66.825829,179.619919,-168.632065,28.337595,-174.551727,-1.611211,-0.933086,-0.554569,-0.089479,5.233988,-0.950551,
feedback,0.399719,1786439807162,7,Ry,5.000000,15.000000,5.304460,0.304460,,,435.908417,-66.844376,179.598846,-168.491898,29.497009,-174.275299,435.890930,-66.831741,179.614716,-168.635834,28.295502,-174.560867,-1.454819,-0.714192,-0.516267,-0.063042,5.217432,-0.957689,
feedback,0.408372,1786439807171,7,Ry,5.000000,15.000000,5.277856,0.277856,,,435.908417,-66.844376,179.598846,-168.491898,29.497009,-174.275299,435.883545,-66.839134,179.612900,-168.639236,28.254156,-174.570282,-0.885880,-1.042296,-0.105288,-0.138783,5.183614,-0.996335,
feedback,0.416309,1786439807179,7,Ry,5.000000,15.000000,5.270225,0.270225,,,435.908417,-66.844376,179.598846,-168.491898,29.497009,-174.275299,435.872314,-66.843208,179.607712,-168.643112,28.212221,-174.579224,-1.288574,-0.419817,-0.792888,-0.080827,5.200718,-0.855263,
feedback,0.424380,1786439807187,7,Ry,5.000000,15.000000,5.499950,0.499950,,,435.908417,-66.844376,179.598846,-168.491898,29.497009,-174.275299,435.858368,-66.845192,179.599884,-168.647186,28.169374,-174.588120,-2.132887,-0.263017,-0.913517,-0.068116,5.430961,-0.872403,
feedback,0.432584,1786439807196,7,Ry,5.000000,15.000000,5.252293,0.252293,,,435.908417,-66.844376,179.598846,-168.491898,29.497009,-174.275299,435.848083,-66.845047,179.595718,-168.651276,28.127489,-174.596756,-0.927112,0.257641,-0.219715,0.031191,5.185206,-0.839935,
feedback,0.440991,1786439807204,7,Ry,5.000000,15.000000,4.950469,-0.049531,,,435.908417,-66.844376,179.598846,-168.491898,29.497009,-174.275299,435.849976,-66.844788,179.601440,-168.655563,28.088238,-174.605667,0.429855,0.013415,1.052796,0.016433,4.875662,-0.857356,
feedback,0.449708,1786439807213,7,Ry,5.000000,15.000000,5.040052,0.040052,,,435.908417,-66.844376,179.598846,-168.491898,29.497009,-174.275299,435.851807,-66.841637,179.606659,-168.660645,28.049255,-174.615036,-0.202399,0.350529,0.188380,0.070182,4.972649,-0.823160,
feedback,0.457269,1786439807221,7,Ry,5.000000,15.000000,4.915582,-0.084418,,,435.908417,-66.844376,179.598846,-168.491898,29.497009,-174.275299,435.855072,-66.835922,179.610062,-168.668060,27.990700,-174.628479,0.507898,0.434155,0.296803,0.079281,4.854393,-0.777006,
feedback,0.466265,1786439807230,7,Ry,5.000000,15.000000,4.816891,-0.183109,,,435.908417,-66.844376,179.598846,-168.491898,29.497009,-174.275299,435.866150,-66.831337,179.611465,-168.672897,27.952808,-174.637482,1.584608,0.482600,0.138784,0.056350,4.740421,-0.855116,
feedback,0.474393,1786439807238,7,Ry,5.000000,15.000000,4.826952,-0.173048,,,435.908417,-66.844376,179.598846,-168.491898,29.497009,-174.275299,435.881287,-66.824837,179.609650,-168.678024,27.915308,-174.646515,1.669444,0.760330,-0.430864,0.116457,4.754257,-0.834560,
feedback,0.481615,1786439807247,7,Ry,5.000000,15.000000,4.715321,-0.284679,,,435.908417,-66.844376,179.598846,-168.491898,29.497009,-174.275299,435.894836,-66.819252,179.610519,-168.682724,27.878551,-174.655151,1.424399,0.561783,0.207294,0.053727,4.648445,-0.791774,
feedback,0.490271,1786439807255,7,Ry,5.000000,15.000000,4.755181,-0.244819,,,435.908417,-66.844376,179.598846,-168.491898,29.497009,-174.275299,435.905884,-66.815376,179.616394,-168.687042,27.841152,-174.663559,1.521294,0.364818,0.939413,-0.040794,4.689863,-0.786427,
feedback,0.498963,1786439807263,7,Ry,5.000000,15.000000,4.840637,-0.159363,,,435.908417,-66.844376,179.598846,-168.491898,29.497009,-174.275299,435.921692,-66.810043,179.621048,-168.691315,27.803747,-174.672089,1.789976,0.724303,0.357039,0.009535,4.774643,-0.797722,
feedback,0.506699,1786439807272,7,Ry,5.000000,15.000000,5.148259,0.148259,,,435.908417,-66.844376,179.598846,-168.491898,29.497009,-174.275299,435.927490,-66.809509,179.622543,-168.695145,27.763990,-174.680588,0.083243,-0.212113,0.085772,-0.050463,5.073133,-0.876455,
feedback,0.516678,1786439807276,7,Ry,5.000000,15.000000,5.120413,0.120413,,,435.908417,-66.844376,179.598846,-168.491898,29.497009,-174.275299,435.928955,-66.810081,179.622955,-168.696915,27.743866,-174.684891,0.361221,-0.142853,0.106908,-0.077574,5.045655,-0.871940,
feedback,0.523292,1786439807284,7,Ry,5.000000,15.000000,5.194482,0.194482,,,435.908417,-66.844376,179.598846,-168.491898,29.497009,-174.275299,435.927277,-66.811073,179.622086,-168.700668,27.702909,-174.693619,0.078636,-0.108907,0.057904,-0.055113,5.115039,-0.905007,
feedback,0.530828,1786439807293,7,Ry,5.000000,15.000000,5.118374,0.118374,,,435.908417,-66.844376,179.598846,-168.491898,29.497009,-174.275299,435.928619,-66.814842,179.625992,-168.705368,27.642073,-174.706268,0.149819,-0.612596,0.520651,-0.148152,5.042943,-0.875579,
feedback,0.539566,1786439807301,7,Ry,5.000000,15.000000,5.235356,0.235356,,,435.908417,-66.844376,179.598846,-168.491898,29.497009,-174.275299,435.927002,-66.814499,179.627579,-168.709061,27.601196,-174.714249,-0.629107,-0.078255,0.021197,-0.136450,5.192252,-0.702310,
feedback,0.547288,1786439807310,7,Ry,5.000000,15.000000,5.328340,0.328340,,,435.908417,-66.844376,179.598846,-168.491898,29.497009,-174.275299,435.918213,-66.816544,179.622864,-168.712448,27.559292,-174.722168,-0.982593,-0.386835,-0.880192,-0.088342,5.261481,-0.845268,
feedback,0.555961,1786439807318,7,Ry,5.000000,15.000000,5.304948,0.304948,,,435.908417,-66.844376,179.598846,-168.491898,29.497009,-174.275299,435.906921,-66.821884,179.614075,-168.714981,27.517109,-174.729858,-1.215569,-0.626366,-0.990427,-0.183629,5.242225,-0.819733,
feedback,0.564058,1786439807326,7,Ry,5.000000,15.000000,5.244691,0.244691,,,435.908417,-66.844376,179.598846,-168.491898,29.497009,-174.275299,435.901154,-66.821892,179.604385,-168.718430,27.475481,-174.737946,-0.149255,0.223194,-1.198877,-0.088383,5.179931,-0.826052,
feedback,0.572600,1786439807335,7,Ry,5.000000,15.000000,5.157365,0.157365,,,435.908417,-66.844376,179.598846,-168.491898,29.497009,-174.275299,435.899445,-66.821617,179.594940,-168.721451,27.434160,-174.744904,0.041218,0.170260,-0.992206,-0.115559,5.114608,-0.693557,
feedback,0.581639,1786439807343,7,Ry,5.000000,15.000000,4.982170,-0.017830,,,435.908417,-66.844376,179.598846,-168.491898,29.497009,-174.275299,435.899017,-66.823227,179.589417,-168.724228,27.394361,-174.752274,-0.009046,-0.277869,-0.460874,-0.170213,4.926655,-0.750588,
feedback,0.588563,1786439807351,7,Ry,5.000000,15.000000,5.043538,0.043538,,,435.908417,-66.844376,179.598846,-168.491898,29.497009,-174.275299,435.892670,-66.824272,179.584167,-168.727783,27.354670,-174.760132,-0.951662,-0.150050,-0.806883,-0.019739,4.980073,-0.801154,
feedback,0.597094,1786439807360,7,Ry,5.000000,15.000000,4.718025,-0.281975,,,435.908417,-66.844376,179.598846,-168.491898,29.497009,-174.275299,435.894073,-66.827232,179.577576,-168.730972,27.316473,-174.768661,0.957185,-0.444945,-0.634627,-0.085142,4.627464,-0.926328,
feedback,0.604784,1786439807368,7,Ry,5.000000,15.000000,5.018059,0.018059,,,435.908417,-66.844376,179.598846,-168.491898,29.497009,-174.275299,435.892578,-66.831284,179.576294,-168.734161,27.277185,-174.776962,-0.321499,-0.583688,-0.209974,-0.088561,4.940331,-0.879783,
feedback,0.613763,1786439807377,7,Ry,5.000000,15.000000,5.294714,0.294714,,,435.908417,-66.844376,179.598846,-168.491898,29.497009,-174.275299,435.889099,-66.835976,179.568039,-168.737198,27.236607,-174.785645,-0.916354,-0.804197,-1.665986,-0.155231,5.210557,-0.940404,
feedback,0.621802,1786439807385,7,Ry,5.000000,15.000000,5.333879,0.333879,,,435.908417,-66.844376,179.598846,-168.491898,29.497009,-174.275299,435.876312,-66.844284,179.553604,-168.741043,27.173384,-174.797775,-0.947441,-0.410555,-0.359533,-0.126902,5.264738,-0.858700,
feedback,0.631337,1786439807394,7,Ry,5.000000,15.000000,4.979523,-0.020477,,,435.908417,-66.844376,179.598846,-168.491898,29.497009,-174.275299,435.876770,-66.847076,179.559174,-168.743973,27.133560,-174.806107,0.298328,-0.286588,1.274303,-0.129068,4.907834,-0.842132,
feedback,0.637819,1786439807402,7,Ry,5.000000,15.000000,5.176957,0.176957,,,435.908417,-66.844376,179.598846,-168.491898,29.497009,-174.275299,435.874023,-66.853416,179.562119,-168.746521,27.092896,-174.814758,-0.417754,-0.782588,0.386788,-0.209172,5.096191,-0.910817,
feedback,0.645513,1786439807411,7,Ry,5.000000,15.000000,5.208411,0.208411,,,435.908417,-66.844376,179.598846,-168.491898,29.497009,-174.275299,435.869263,-66.858826,179.566223,-168.749115,27.052418,-174.823380,-0.635287,-0.796706,0.810890,-0.187083,5.118599,-0.964853,
feedback,0.654219,1786439807415,7,Ry,5.000000,15.000000,5.080042,0.080042,,,435.908417,-66.844376,179.598846,-168.491898,29.497009,-174.275299,435.868073,-66.859344,179.567871,-168.750763,27.032450,-174.827621,-0.304259,-0.129162,0.414035,-0.083941,5.004665,-0.871883,
feedback,0.662854,1786439807423,7,Ry,5.000000,15.000000,5.044510,0.044510,,,435.908417,-66.844376,179.598846,-168.491898,29.497009,-174.275299,435.869049,-66.861382,179.576279,-168.753998,26.992338,-174.836212,0.478124,-0.152808,1.031018,-0.064633,4.964266,-0.896368,
feedback,0.670851,1786439807432,7,Ry,5.000000,15.000000,4.897274,-0.102726,,,435.908417,-66.844376,179.598846,-168.491898,29.497009,-174.275299,435.876434,-66.863297,179.584290,-168.757446,26.953775,-174.845108,0.866747,-0.313950,0.959320,-0.090067,4.810470,-0.920630,
feedback,0.678744,1786439807440,7,Ry,5.000000,15.000000,4.921451,-0.078549,,,435.908417,-66.844376,179.598846,-168.491898,29.497009,-174.275299,435.878815,-66.864021,179.592239,-168.761230,26.915047,-174.853745,0.267647,-0.102065,1.025197,0.001171,4.842542,-0.878069,
feedback,0.687002,1786439807449,7,Ry,5.000000,15.000000,4.783067,-0.216933,,,435.908417,-66.844376,179.598846,-168.491898,29.497009,-174.275299,435.890289,-66.861595,179.604919,-168.765472,26.877789,-174.862671,1.264412,0.290937,1.481813,0.038827,4.705341,-0.859270,
feedback,0.695170,1786439807457,7,Ry,5.000000,15.000000,4.673840,-0.326160,,,435.908417,-66.844376,179.598846,-168.491898,29.497009,-174.275299,435.921692,-66.855927,179.624405,-168.772018,26.824118,-174.876511,2.124933,0.316817,1.044915,0.111337,4.578030,-0.952229,
feedback,0.703073,1786439807466,7,Ry,5.000000,15.000000,4.798879,-0.201121,,,435.908417,-66.844376,179.598846,-168.491898,29.497009,-174.275299,435.931915,-66.855354,179.627487,-168.776245,26.787001,-174.885742,0.981100,-0.037618,-0.097578,0.038927,4.709846,-0.924740,
feedback,0.711751,1786439807474,7,Ry,5.000000,15.000000,4.690587,-0.309413,,,435.908417,-66.844376,179.598846,-168.491898,29.497009,-174.275299,435.942474,-66.852409,179.627869,-168.780518,26.750072,-174.894516,1.538441,0.398112,0.157095,0.063430,4.610518,-0.864459,
feedback,0.719437,1786439807483,7,Ry,5.000000,15.000000,4.801175,-0.198825,,,435.908417,-66.844376,179.598846,-168.491898,29.497009,-174.275299,435.952332,-66.851479,179.629364,-168.784500,26.712542,-174.903656,1.174520,-0.039222,0.160370,-0.003734,4.709724,-0.938629,
feedback,0.729319,1786439807491,7,Ry,5.000000,15.000000,4.873127,-0.126873,,,435.908417,-66.844376,179.598846,-168.491898,29.497009,-174.275299,435.959076,-66.851257,179.636917,-168.788498,26.674309,-174.912613,0.856778,0.010949,0.970075,0.043302,4.790754,-0.893491,
feedback,0.735908,1786439807499,7,Ry,5.000000,15.000000,5.031985,0.031985,,,435.908417,-66.844376,179.598846,-168.491898,29.497009,-174.275299,435.959686,-66.852058,179.643005,-168.792221,26.635176,-174.921097,-0.149930,-0.135153,0.693822,-0.017497,4.959768,-0.849810,
feedback,0.746269,1786439807508,7,Ry,5.000000,15.000000,5.492949,0.492949,,,435.908417,-66.844376,179.598846,-168.491898,29.497009,-174.275299,435.948059,-66.855644,179.640549,-168.795639,26.593519,-174.929367,-2.320024,-0.699875,-0.762064,-0.145639,5.428303,-0.847216,
feedback,0.752782,1786439807516,7,Ry,5.000000,15.000000,5.336469,0.336469,,,435.908417,-66.844376,179.598846,-168.491898,29.497009,-174.275299,435.935181,-66.859215,179.639008,-168.799088,26.551529,-174.937714,-1.451227,-0.579827,-0.143341,-0.133994,5.265190,-0.871113,
feedback,0.761730,1786439807524,7,Ry,5.000000,15.000000,5.312387,0.312387,,,435.908417,-66.844376,179.598846,-168.491898,29.497009,-174.275299,435.927429,-66.865936,179.635376,-168.801254,26.509621,-174.946060,-0.810102,-0.666972,-0.548730,-0.187081,5.233341,-0.913004,
feedback,0.768412,1786439807533,7,Ry,5.000000,15.000000,5.263407,0.263407,,,435.908417,-66.844376,179.598846,-168.491898,29.497009,-174.275299,435.921326,-66.868042,179.632294,-168.804382,26.468170,-174.954453,-0.922188,-0.437202,-0.183139,-0.138341,5.188466,-0.885468,
feedback,0.777199,1786439807541,7,Ry,5.000000,15.000000,5.303951,0.303951,,,435.908417,-66.844376,179.598846,-168.491898,29.497009,-174.275299,435.902496,-66.875031,179.629318,-168.808777,26.405817,-174.967010,-2.108023,-0.762160,-0.522623,-0.140712,5.228794,-0.890240,
feedback,0.784883,1786439807550,7,Ry,5.000000,15.000000,5.207378,0.207378,,,435.908417,-66.844376,179.598846,-168.491898,29.497009,-174.275299,435.891937,-66.876724,179.624268,-168.812439,26.364620,-174.975311,-1.004653,-0.222079,-0.616840,-0.033899,5.139265,-0.841933,
feedback,0.794425,1786439807558,7,Ry,5.000000,15.000000,5.099847,0.099847,,,435.908417,-66.844376,179.598846,-168.491898,29.497009,-174.275299,435.887177,-66.879059,179.624451,-168.816040,26.324385,-174.983765,-0.591581,-0.385877,0.292939,-0.039019,5.023310,-0.880224,
feedback,0.800888,1786439807562,7,Ry,5.000000,15.000000,5.114532,0.114532,,,435.908417,-66.844376,179.598846,-168.491898,29.497009,-174.275299,435.884674,-66.880424,179.623108,-168.817734,26.304279,-174.987976,-0.625782,-0.341200,-0.334594,-0.059906,5.040643,-0.866506,
feedback,0.809419,1786439807571,7,Ry,5.000000,15.000000,5.060474,0.060474,,,435.908417,-66.844376,179.598846,-168.491898,29.497009,-174.275299,435.879974,-66.881454,179.617813,-168.821426,26.264263,-174.996338,-0.496556,0.126811,-0.618659,0.011986,4.993417,-0.823108,
feedback,0.817382,1786439807579,7,Ry,5.000000,15.000000,4.856389,-0.143611,,,435.908417,-66.844376,179.598846,-168.491898,29.497009,-174.275299,435.881653,-66.879562,179.613678,-168.825577,26.225403,-175.004868,0.754281,0.384111,-0.212410,0.109173,4.779911,-0.858657,
feedback,0.826399,1786439807588,7,Ry,5.000000,15.000000,4.693828,-0.306172,,,435.908417,-66.844376,179.598846,-168.491898,29.497009,-174.275299,435.895111,-66.876190,179.615067,-168.829758,26.188683,-175.013565,1.725356,0.452202,0.407582,0.067267,4.610263,-0.884540,
feedback,0.833822,1786439807596,7,Ry,5.000000,15.000000,5.033916,0.033916,,,435.908417,-66.844376,179.598846,-168.491898,29.497009,-174.275299,435.900665,-66.874847,179.612350,-168.833710,26.150503,-175.022263,0.017162,0.182284,-0.951361,0.004896,4.964807,-0.832398,
feedback,0.842628,1786439807605,7,Ry,5.000000,15.000000,5.118780,0.118780,,,435.908417,-66.844376,179.598846,-168.491898,29.497009,-174.275299,435.898773,-66.874092,179.604614,-168.837570,26.110302,-175.030838,-0.165432,0.088495,-0.974264,-0.030832,5.044727,-0.867815,
feedback,0.850448,1786439807613,7,Ry,5.000000,15.000000,5.195284,0.195284,,,435.908417,-66.844376,179.598846,-168.491898,29.497009,-174.275299,435.901611,-66.870773,179.595413,-168.843491,26.049221,-175.044205,0.602048,0.371395,-0.468663,0.010629,5.116699,-0.900213,
feedback,0.858384,1786439807622,7,Ry,5.000000,15.000000,5.157322,0.157322,,,435.908417,-66.844376,179.598846,-168.491898,29.497009,-174.275299,435.908264,-66.866600,179.587143,-168.847610,26.008381,-175.052536,0.871120,0.480970,-1.128654,0.025537,5.095294,-0.803106,
feedback,0.866773,1786439807630,7,Ry,5.000000,15.000000,5.234927,0.234927,,,435.908417,-66.844376,179.598846,-168.491898,29.497009,-174.275299,435.905212,-66.861908,179.583282,-168.852844,25.966673,-175.061615,-0.271346,0.412975,-0.322346,0.184544,5.147397,-0.954496,
feedback,0.874897,1786439807638,7,Ry,5.000000,15.000000,5.153452,0.153452,,,435.908417,-66.844376,179.598846,-168.491898,29.497009,-174.275299,435.903748,-66.855728,179.586502,-168.859024,25.925695,-175.072083,0.245049,0.939545,0.420236,0.308609,5.060084,-0.980529,
feedback,0.882994,1786439807647,7,Ry,5.000000,15.000000,4.954801,-0.045199,,,435.908417,-66.844376,179.598846,-168.491898,29.497009,-174.275299,435.910706,-66.848137,179.592041,-168.865738,25.886637,-175.082932,1.399825,0.774568,1.067616,0.290685,4.854032,-1.005078,
feedback,0.891588,1786439807655,7,Ry,5.000000,15.000000,5.094386,0.094386,,,435.908417,-66.844376,179.598846,-168.491898,29.497009,-174.275299,435.915436,-66.841942,179.598602,-168.871796,25.847307,-175.093231,0.243669,0.658750,0.553235,0.233091,5.008368,-0.933641,
feedback,0.899302,1786439807663,7,Ry,5.000000,15.000000,5.255083,0.255083,,,435.908417,-66.844376,179.598846,-168.491898,29.497009,-174.275299,435.913757,-66.838158,179.594452,-168.876984,25.806606,-175.103088,-0.362463,0.573173,-0.873290,0.156970,5.167604,-0.955945,
feedback,0.907513,1786439807672,7,Ry,5.000000,15.000000,5.073796,0.073796,,,435.908417,-66.844376,179.598846,-168.491898,29.497009,-174.275299,435.914764,-66.836052,179.590790,-168.881363,25.766422,-175.112503,0.480486,0.263384,-0.327487,0.050665,4.987108,-0.935545,
feedback,0.915493,1786439807680,7,Ry,5.000000,15.000000,4.802739,-0.197261,,,435.908417,-66.844376,179.598846,-168.491898,29.497009,-174.275299,435.919495,-66.835388,179.597504,-168.885681,25.728203,-175.122177,1.043630,0.265008,1.271289,0.111466,4.703813,-0.981255,
feedback,0.923931,1786439807689,7,Ry,5.000000,15.000000,4.707162,-0.292838,,,435.908417,-66.844376,179.598846,-168.491898,29.497009,-174.275299,435.929932,-66.832077,179.605743,-168.890213,25.691164,-175.131607,1.537443,0.463692,0.940165,0.099098,4.617692,-0.919263,
feedback,0.932345,1786439807697,7,Ry,5.000000,15.000000,4.821476,-0.178524,,,435.908417,-66.844376,179.598846,-168.491898,29.497009,-174.275299,435.936340,-66.828598,179.609131,-168.897079,25.634996,-175.145599,0.025623,0.130458,0.165090,0.119845,4.732422,-0.926909,
feedback,0.940353,1786439807706,7,Ry,5.000000,15.000000,5.010717,0.010717,,,435.908417,-66.844376,179.598846,-168.491898,29.497009,-174.275299,435.933990,-66.829254,179.607132,-168.901627,25.596537,-175.155075,-0.602456,-0.279678,-0.016375,0.075121,4.917751,-0.965646,
feedback,0.949432,1786439807710,7,Ry,5.000000,15.000000,4.999633,-0.000367,,,435.908417,-66.844376,179.598846,-168.491898,29.497009,-174.275299,435.933258,-66.828049,179.606308,-168.904037,25.576990,-175.159775,-0.180536,0.300971,-0.202785,0.127454,4.914846,-0.918285,
feedback,0.956735,1786439807718,7,Ry,5.000000,15.000000,4.975969,-0.024031,,,435.908417,-66.844376,179.598846,-168.491898,29.497009,-174.275299,435.933746,-66.827194,179.606125,-168.908554,25.538208,-175.169113,-0.059049,-0.053306,0.038416,0.104925,4.883615,-0.959144,
feedback,0.966008,1786439807727,7,Ry,5.000000,15.000000,5.125553,0.125553,,,435.908417,-66.844376,179.598846,-168.491898,29.497009,-174.275299,435.929413,-66.830521,179.608734,-168.912491,25.498568,-175.178543,-0.900198,-0.483864,0.377355,0.025460,5.030197,-0.989260,
feedback,0.974853,1786439807735,7,Ry,5.000000,15.000000,5.302884,0.302884,,,435.908417,-66.844376,179.598846,-168.491898,29.497009,-174.275299,435.916718,-66.833313,179.609070,-168.916336,25.457335,-175.187332,-1.889845,-0.314567,-0.210104,-0.019864,5.233504,-0.857391,
feedback,0.981282,1786439807744,7,Ry,5.000000,15.000000,5.334144,0.334144,,,435.908417,-66.844376,179.598846,-168.491898,29.497009,-174.275299,435.902374,-66.836433,179.608032,-168.919876,25.415474,-175.195938,-1.639769,-0.223513,-0.088505,0.017699,5.255599,-0.912122,
feedback,0.989757,1786439807752,7,Ry,5.000000,15.000000,5.292372,0.292372,,,435.908417,-66.844376,179.598846,-168.491898,29.497009,-174.275299,435.891205,-66.840691,179.607010,-168.923279,25.373432,-175.204742,-1.113564,-0.550022,-0.142374,-0.046173,5.211615,-0.921021,
feedback,0.997741,1786439807760,7,Ry,5.000000,15.000000,5.324435,0.324435,,,435.908417,-66.844376,179.598846,-168.491898,29.497009,-174.275299,435.880127,-66.843674,179.602051,-168.926605,25.331379,-175.212921,-1.256048,-0.291849,-0.690827,-0.090408,5.263052,-0.813911,
feedback,1.006105,1786439807769,7,Ry,5.000000,15.000000,5.378622,0.378622,,,435.908417,-66.844376,179.598846,-168.491898,29.497009,-174.275299,435.868134,-66.845741,179.597946,-168.929367,25.289000,-175.220230,-1.450049,-0.116416,-0.699674,-0.145584,5.330185,-0.745201,
feedback,1.014001,1786439807777,7,Ry,5.000000,15.000000,4.947015,-0.052985,,,435.908417,-66.844376,179.598846,-168.491898,29.497009,-174.275299,435.867615,-66.847046,179.605743,-168.934601,25.229666,-175.233047,0.444336,0.035963,1.045286,0.038672,4.862643,-0.911324,
feedback,1.022301,1786439807786,7,Ry,5.000000,15.000000,4.991876,-0.008124,,,435.908417,-66.844376,179.598846,-168.491898,29.497009,-174.275299,435.868896,-66.845772,179.611496,-168.938721,25.190828,-175.242050,-0.027432,0.238554,0.409145,0.058544,4.912715,-0.885689,
feedback,1.032573,1786439807794,7,Ry,5.000000,15.000000,5.023094,0.023094,,,435.908417,-66.844376,179.598846,-168.491898,29.497009,-174.275299,435.865540,-66.847725,179.613281,-168.942429,25.151365,-175.251312,-0.395341,-0.221387,0.270571,0.001233,4.933178,-0.949421,
feedback,1.038662,1786439807802,7,Ry,5.000000,15.000000,4.854595,-0.145405,,,435.908417,-66.844376,179.598846,-168.491898,29.497009,-174.275299,435.869598,-66.846748,179.614563,-168.946335,25.112926,-175.260376,0.988670,0.253633,0.141960,0.048339,4.766811,-0.922587,
feedback,1.046810,1786439807811,7,Ry,5.000000,15.000000,4.667614,-0.332386,,,435.908417,-66.844376,179.598846,-168.491898,29.497009,-174.275299,435.886169,-66.842316,179.615509,-168.950836,25.075911,-175.269806,2.552294,0.585637,0.247551,0.097907,4.573897,-0.939896,
feedback,1.055063,1786439807819,7,Ry,5.000000,15.000000,4.578441,-0.421559,,,435.908417,-66.844376,179.598846,-168.491898,29.497009,-174.275299,435.905304,-66.835396,179.616730,-168.955826,25.039879,-175.279434,2.649194,0.966489,0.700873,0.213969,4.479154,-0.963692,
feedback,1.063187,1786439807827,7,Ry,5.000000,15.000000,4.700664,-0.299336,,,435.908417,-66.844376,179.598846,-168.491898,29.497009,-174.275299,435.918030,-66.830017,179.622604,-168.960602,25.003292,-175.288910,1.611749,0.569659,0.897340,0.156535,4.604183,-0.958474,
feedback,1.071561,1786439807836,7,Ry,5.000000,15.000000,4.856894,-0.143106,,,435.908417,-66.844376,179.598846,-168.491898,29.497009,-174.275299,435.927277,-66.824661,179.626389,-168.965286,24.965446,-175.298035,1.081156,0.673314,0.432131,0.140421,4.773683,-0.896833,
feedback,1.079690,1786439807844,7,Ry,5.000000,15.000000,5.026933,0.026933,,,435.908417,-66.844376,179.598846,-168.491898,29.497009,-174.275299,435.935638,-66.819695,179.629944,-168.970123,24.926773,-175.307648,0.763569,0.498988,0.457859,0.116753,4.941759,-0.922845,
feedback,1.089604,1786439807853,7,Ry,5.000000,15.000000,5.138682,0.138682,,,435.908417,-66.844376,179.598846,-168.491898,29.497009,-174.275299,435.938629,-66.817909,179.635056,-168.974609,24.887156,-175.317108,0.033360,0.164504,0.236612,0.078173,5.052160,-0.940277,
feedback,1.095877,1786439807861,7,Ry,5.000000,15.000000,5.205546,0.205546,,,435.908417,-66.844376,179.598846,-168.491898,29.497009,-174.275299,435.936340,-66.815636,179.631287,-168.980865,24.825710,-175.330734,-0.099147,0.180800,-0.444205,0.039142,5.123418,-0.921199,
feedback,1.104071,1786439807869,7,Ry,5.000000,15.000000,5.137636,0.137636,,,435.908417,-66.844376,179.598846,-168.491898,29.497009,-174.275299,435.936859,-66.816101,179.633194,-168.984772,24.784977,-175.339844,0.148827,-0.114497,0.388987,0.015664,5.055339,-0.916229,
feedback,1.112253,1786439807874,7,Ry,5.000000,15.000000,5.092968,0.092968,,,435.908417,-66.844376,179.598846,-168.491898,29.497009,-174.275299,435.938324,-66.815468,179.634323,-168.986526,24.764961,-175.344025,0.368700,0.158445,0.284131,-0.010818,5.019631,-0.861473,
feedback,1.120614,1786439807882,7,Ry,5.000000,15.000000,5.225360,0.225360,,,435.908417,-66.844376,179.598846,-168.491898,29.497009,-174.275299,435.933929,-66.816750,179.633316,-168.989639,24.723570,-175.352020,-0.349266,-0.109122,-0.218743,-0.034301,5.156393,-0.848248,
feedback,1.128907,1786439807891,7,Ry,5.000000,15.000000,5.415674,0.415674,,,435.908417,-66.844376,179.598846,-168.491898,29.497009,-174.275299,435.923950,-66.818932,179.625320,-168.992813,24.681265,-175.360031,-1.499532,-0.129822,-1.377032,-0.053266,5.354411,-0.821156,
feedback,1.136886,1786439807899,7,Ry,5.000000,15.000000,5.364756,0.364756,,,435.908417,-66.844376,179.598846,-168.491898,29.497009,-174.275299,435.911438,-66.819489,179.611908,-168.995422,24.638479,-175.367477,-1.204363,0.124702,-1.614104,-0.101208,5.310575,-0.776524,
feedback,1.147009,1786439807907,7,Ry,5.000000,15.000000,5.332463,0.332463,,,435.908417,-66.844376,179.598846,-168.491898,29.497009,-174.275299,435.904602,-66.818848,179.597916,-168.998138,24.596212,-175.375336,-0.641866,-0.123519,-1.598744,-0.171858,5.260474,-0.874791,
feedback,1.153197,1786439807916,7,Ry,5.000000,15.000000,5.054250,0.054250,,,435.908417,-66.844376,179.598846,-168.491898,29.497009,-174.275299,435.902771,-66.817299,179.589600,-169.001648,24.555758,-175.383621,-0.016995,0.242081,-0.738677,0.027727,4.978519,-0.871673,
feedback,1.161405,1786439807924,7,Ry,5.000000,15.000000,4.961074,-0.038926,,,435.908417,-66.844376,179.598846,-168.491898,29.497009,-174.275299,435.903351,-66.815849,179.586349,-169.004944,24.516764,-175.391968,0.045312,-0.051443,-0.376041,-0.060614,4.882011,-0.882447,
feedback,1.169468,1786439807933,7,Ry,5.000000,15.000000,5.001458,0.001458,,,435.908417,-66.844376,179.598846,-168.491898,29.497009,-174.275299,435.899689,-66.815498,179.579071,-169.008194,24.477360,-175.400024,-0.358417,0.007752,-1.052755,-0.012825,4.928328,-0.852301,
feedback,1.177555,1786439807941,7,Ry,5.000000,15.000000,4.998880,-0.001120,,,435.908417,-66.844376,179.598846,-168.491898,29.497009,-174.275299,435.902954,-66.815292,179.573471,-169.013702,24.419689,-175.413330,0.205416,0.021276,-0.520440,0.020938,4.909931,-0.941851,
feedback,1.185709,1786439807950,7,Ry,5.000000,15.000000,5.225829,0.225829,,,435.908417,-66.844376,179.598846,-168.491898,29.497009,-174.275299,435.899384,-66.817619,179.562210,-169.017105,24.378912,-175.422150,-0.598351,-0.420414,-1.493611,-0.037660,5.142311,-0.930880,
feedback,1.193711,1786439807958,7,Ry,5.000000,15.000000,5.296000,0.296000,,,435.908417,-66.844376,179.598846,-168.491898,29.497009,-174.275299,435.891663,-66.823494,179.555832,-169.019974,24.337725,-175.431061,-1.283314,-0.786055,-0.576883,-0.071156,5.207446,-0.965604,
feedback,1.202705,1786439807967,7,Ry,5.000000,15.000000,5.130267,0.130267,,,435.908417,-66.844376,179.598846,-168.491898,29.497009,-174.275299,435.884857,-66.828346,179.557297,-169.022934,24.296873,-175.439682,-0.351481,-0.366569,0.540595,-0.037701,5.048019,-0.915317,
feedback,1.210247,1786439807975,7,Ry,5.000000,15.000000,5.208091,0.208091,,,435.908417,-66.844376,179.598846,-168.491898,29.497009,-174.275299,435.881897,-66.834900,179.558609,-169.025406,24.256145,-175.448502,-0.402047,-0.711658,0.170823,-0.105653,5.117485,-0.969572,
feedback,1.218357,1786439807984,7,Ry,5.000000,15.000000,5.268520,0.268520,,,435.908417,-66.844376,179.598846,-168.491898,29.497009,-174.275299,435.874664,-66.840477,179.557632,-169.028046,24.214531,-175.456802,-0.897072,-0.654925,-0.141285,-0.138920,5.188927,-0.912371,
feedback,1.226773,1786439807992,7,Ry,5.000000,15.000000,5.288632,0.288632,,,435.908417,-66.844376,179.598846,-168.491898,29.497009,-174.275299,435.866302,-66.844986,179.554626,-169.030655,24.172796,-175.465500,-0.831741,-0.571779,-0.275966,-0.150880,5.198328,-0.974906,
feedback,1.234665,1786439807996,7,Ry,5.000000,15.000000,5.275099,0.275099,,,435.908417,-66.844376,179.598846,-168.491898,29.497009,-174.275299,435.864349,-66.848167,179.554230,-169.031708,24.152069,-175.469833,-0.494185,-0.796305,-0.098630,-0.171235,5.184381,-0.976074,
feedback,1.243206,1786439808005,7,Ry,5.000000,15.000000,4.893666,-0.106334,,,435.908417,-66.844376,179.598846,-168.491898,29.497009,-174.275299,435.871704,-66.851006,179.561462,-169.034225,24.113199,-175.479340,1.306907,-0.302395,1.222703,-0.083060,4.781016,-1.067086,
feedback,1.251059,1786439808013,7,Ry,5.000000,15.000000,4.827933,-0.172067,,,435.908417,-66.844376,179.598846,-168.491898,29.497009,-174.275299,435.885559,-66.850830,179.575272,-169.039001,24.056528,-175.492279,0.649243,-0.103605,0.921776,-0.065754,4.759900,-0.808266,
feedback,1.259490,1786439808021,7,Ry,5.000000,15.000000,4.887973,-0.112027,,,435.908417,-66.844376,179.598846,-168.491898,29.497009,-174.275299,435.889709,-66.850838,179.581619,-169.041977,24.017420,-175.500519,1.005127,0.134672,1.020967,-0.015650,4.812507,-0.855641,
feedback,1.267459,1786439808030,7,Ry,5.000000,15.000000,4.784079,-0.215921,,,435.908417,-66.844376,179.598846,-168.491898,29.497009,-174.275299,435.899597,-66.852226,179.587631,-169.044403,23.979498,-175.508774,1.379541,-0.096464,1.041506,-0.097049,4.705646,-0.863438,
feedback,1.275990,1786439808038,7,Ry,5.000000,15.000000,4.703565,-0.296435,,,435.908417,-66.844376,179.598846,-168.491898,29.497009,-174.275299,435.915314,-66.850876,179.591278,-169.047272,23.942335,-175.516815,2.135122,0.157029,0.471529,-0.027783,4.621795,-0.875270,
feedback,1.283731,1786439808047,7,Ry,5.000000,15.000000,4.705136,-0.294864,,,435.908417,-66.844376,179.598846,-168.491898,29.497009,-174.275299,435.928772,-66.849068,179.593033,-169.050690,23.905468,-175.525467,1.562367,0.127177,0.134821,0.047814,4.611752,-0.941216,
feedback,1.292056,1786439808055,7,Ry,5.000000,15.000000,4.475434,-0.524566,,,435.908417,-66.844376,179.598846,-168.491898,29.497009,-174.275299,435.943939,-66.847160,179.597656,-169.054184,23.869757,-175.533890,2.083734,0.304587,1.108587,0.074467,4.392164,-0.863737,
feedback,1.300118,1786439808063,7,Ry,5.000000,15.000000,4.818505,-0.181495,,,435.908417,-66.844376,179.598846,-168.491898,29.497009,-174.275299,435.952209,-66.847916,179.606171,-169.057175,23.832190,-175.542068,0.820440,-0.114452,0.975662,-0.012040,4.738842,-0.873363,
feedback,1.308791,1786439808072,7,Ry,5.000000,15.000000,4.774619,-0.225381,,,435.908417,-66.844376,179.598846,-168.491898,29.497009,-174.275299,435.961761,-66.846962,179.615952,-169.060806,23.795111,-175.550629,0.873599,0.036359,1.056877,0.037375,4.697840,-0.853129,
feedback,1.317011,1786439808080,7,Ry,5.000000,15.000000,5.146886,0.146886,,,435.908417,-66.844376,179.598846,-168.491898,29.497009,-174.275299,435.955597,-66.849953,179.620010,-169.063568,23.754572,-175.558472,-0.875106,-0.227168,0.412109,-0.077152,5.093049,-0.755692,
feedback,1.325133,1786439808089,7,Ry,5.000000,15.000000,5.325287,0.325287,,,435.908417,-66.844376,179.598846,-168.491898,29.497009,-174.275299,435.945221,-66.853287,179.618347,-169.066177,23.712986,-175.566132,-1.476071,-0.435800,-0.522266,-0.135344,5.260768,-0.831928,
feedback,1.332889,1786439808097,7,Ry,5.000000,15.000000,5.236600,0.236600,,,435.908417,-66.844376,179.598846,-168.491898,29.497009,-174.275299,435.930908,-66.862312,179.613693,-169.068939,23.649799,-175.577484,-0.686372,-0.638617,0.035322,-0.173657,5.166349,-0.856703,
feedback,1.341435,1786439808105,7,Ry,5.000000,15.000000,5.174813,0.174813,,,435.908417,-66.844376,179.598846,-168.491898,29.497009,-174.275299,435.926422,-66.865295,179.617569,-169.071518,23.609283,-175.585144,-0.869938,-0.387988,0.432509,-0.125129,5.120679,-0.759892,
feedback,1.349341,1786439808114,7,Ry,5.000000,15.000000,5.366165,0.366165,,,435.908417,-66.844376,179.598846,-168.491898,29.497009,-174.275299,435.916473,-66.869286,179.617554,-169.073715,23.567636,-175.592560,-1.693555,-0.620045,-0.289948,-0.166341,5.304258,-0.820730,
feedback,1.357504,1786439808122,7,Ry,5.000000,15.000000,5.320791,0.320791,,,435.908417,-66.844376,179.598846,-168.491898,29.497009,-174.275299,435.902283,-66.873985,179.612717,-169.076080,23.525570,-175.600128,-1.999344,-0.780238,-0.716428,-0.131232,5.245451,-0.892872,
feedback,1.366145,1786439808131,7,Ry,5.000000,15.000000,5.167928,0.167928,,,435.908417,-66.844376,179.598846,-168.491898,29.497009,-174.275299,435.891541,-66.876976,179.608780,-169.078796,23.484234,-175.607513,-0.942589,-0.245244,-0.182796,-0.056611,5.103451,-0.817882,
feedback,1.374793,1786439808139,7,Ry,5.000000,15.000000,5.168069,0.168069,,,435.908417,-66.844376,179.598846,-168.491898,29.497009,-174.275299,435.887421,-66.877533,179.607834,-169.081238,23.443411,-175.614029,-0.623409,-0.266369,-0.011301,-0.175183,5.135098,-0.639386,
feedback,1.382289,1786439808147,7,Ry,5.000000,15.000000,4.976233,-0.023767,,,435.908417,-66.844376,179.598846,-168.491898,29.497009,-174.275299,435.885498,-66.877655,179.606430,-169.083862,23.403519,-175.620605,-0.031730,0.094100,-0.075199,-0.076725,4.937735,-0.653885,
feedback,1.390638,1786439808156,7,Ry,5.000000,15.000000,4.851785,-0.148215,,,435.908417,-66.844376,179.598846,-168.491898,29.497009,-174.275299,435.883820,-66.877663,179.604370,-169.086502,23.364470,-175.627197,0.199988,0.210676,0.043402,-0.023870,4.805863,-0.685060,
feedback,1.398407,1786439808160,7,Ry,5.000000,15.000000,4.902461,-0.097539,,,435.908417,-66.844376,179.598846,-168.491898,29.497009,-174.275299,435.884369,-66.877426,179.603165,-169.087906,23.345140,-175.630814,0.142695,0.058563,-0.297830,-0.047454,4.842639,-0.768252,
feedback,1.406698,1786439808168,7,Ry,5.000000,15.000000,4.716022,-0.283978,,,435.908417,-66.844376,179.598846,-168.491898,29.497009,-174.275299,435.891785,-66.876297,179.602020,-169.091354,23.307497,-175.638580,1.306725,0.124309,-0.170491,0.065501,4.644605,-0.817633,
feedback,1.414730,1786439808177,7,Ry,5.000000,15.000000,4.903402,-0.096598,,,435.908417,-66.844376,179.598846,-168.491898,29.497009,-174.275299,435.898743,-66.877022,179.600510,-169.094604,23.269457,-175.646637,0.669794,-0.081341,-0.206660,0.010063,4.832100,-0.833381,
feedback,1.423092,1786439808185,7,Ry,5.000000,15.000000,5.090256,0.090256,,,435.908417,-66.844376,179.598846,-168.491898,29.497009,-174.275299,435.900146,-66.875786,179.591354,-169.099152,23.209240,-175.657776,0.212845,0.064492,-0.715977,-0.066458,5.033893,-0.765087,
feedback,1.431857,1786439808194,7,Ry,5.000000,15.000000,4.883958,-0.116042,,,435.908417,-66.844376,179.598846,-168.491898,29.497009,-174.275299,435.906311,-66.874016,179.594528,-169.102295,23.170149,-175.665985,1.048824,0.358985,0.901452,0.032203,4.805027,-0.874912,
feedback,1.440529,1786439808202,7,Ry,5.000000,15.000000,4.958337,-0.041663,,,435.908417,-66.844376,179.598846,-168.491898,29.497009,-174.275299,435.912842,-66.872688,179.602707,-169.105408,23.130991,-175.674026,0.775360,0.285148,0.765923,-0.024701,4.889496,-0.824241,
feedback,1.448640,1786439808210,7,Ry,5.000000,15.000000,5.206225,0.206225,,,435.908417,-66.844376,179.598846,-168.491898,29.497009,-174.275299,435.911438,-66.874435,179.607010,-169.107971,23.090414,-175.682022,-0.509581,-0.423525,0.494241,-0.132174,5.137657,-0.844388,
feedback,1.456595,1786439808219,7,Ry,5.000000,15.000000,5.174360,0.174360,,,435.908417,-66.844376,179.598846,-168.491898,29.497009,-174.275299,435.908661,-66.875183,179.611053,-169.111130,23.049311,-175.690353,0.012468,0.024943,0.539084,-0.007102,5.093497,-0.911279,
feedback,1.464895,1786439808227,7,Ry,5.000000,15.000000,5.188003,0.188003,,,435.908417,-66.844376,179.598846,-168.491898,29.497009,-174.275299,435.912384,-66.872772,179.611069,-169.114182,23.008636,-175.698029,0.548920,0.396382,-0.306964,-0.035868,5.129604,-0.785202,
feedback,1.472232,1786439808236,7,Ry,5.000000,15.000000,5.177508,0.177508,,,435.908417,-66.844376,179.598846,-168.491898,29.497009,-174.275299,435.917847,-66.871307,179.608887,-169.117401,22.967913,-175.706055,0.581461,0.273718,-0.248155,0.007586,5.107520,-0.849950,
feedback,1.482195,1786439808244,7,Ry,5.000000,15.000000,4.982883,-0.017117,,,435.908417,-66.844376,179.598846,-168.491898,29.497009,-174.275299,435.920410,-66.869591,179.613693,-169.121185,22.928400,-175.714127,0.281675,0.300892,0.786975,0.067412,4.923882,-0.770683,
feedback,1.489182,1786439808252,7,Ry,5.000000,15.000000,4.957858,-0.042142,,,435.908417,-66.844376,179.598846,-168.491898,29.497009,-174.275299,435.924683,-66.865166,179.619156,-169.125534,22.889299,-175.722000,0.583980,0.912339,0.881924,0.218111,4.906178,-0.727072,
feedback,1.497181,1786439808261,7,Ry,5.000000,15.000000,4.954191,-0.045809,,,435.908417,-66.844376,179.598846,-168.491898,29.497009,-174.275299,435.927094,-66.858498,179.621078,-169.130981,22.849705,-175.730606,0.589048,0.967505,0.427065,0.312198,4.889259,-0.801892,
feedback,1.505503,1786439808269,7,Ry,5.000000,15.000000,4.950189,-0.049811,,,435.908417,-66.844376,179.598846,-168.491898,29.497009,-174.275299,435.932800,-66.849976,179.622757,-169.139206,22.791832,-175.743652,0.202726,0.530863,-0.172623,0.254065,4.876074,-0.853559,
feedback,1.513507,1786439808277,7,Ry,5.000000,15.000000,5.059569,0.059569,,,435.908417,-66.844376,179.598846,-168.491898,29.497009,-174.275299,435.931641,-66.846764,179.616058,-169.143692,22.752369,-175.751602,-0.251121,0.216377,-1.163315,0.074187,4.998912,-0.786732,
feedback,1.521582,1786439808286,7,Ry,5.000000,15.000000,4.764534,-0.235466,,,435.908417,-66.844376,179.598846,-168.491898,29.497009,-174.275299,435.933777,-66.843834,179.610107,-169.148224,22.714472,-175.760391,0.544185,0.317607,-0.611142,0.136680,4.679844,-0.897218,
feedback,1.530686,1786439808294,7,Ry,5.000000,15.000000,4.882452,-0.117548,,,435.908417,-66.844376,179.598846,-168.491898,29.497009,-174.275299,435.937225,-66.843025,179.612930,-169.152328,22.676071,-175.769257,0.438103,-0.012479,0.449315,0.099310,4.794333,-0.926964,
feedback,1.537896,1786439808303,7,Ry,5.000000,15.000000,5.015618,0.015618,,,435.908417,-66.844376,179.598846,-168.491898,29.497009,-174.275299,435.937744,-66.843910,179.612823,-169.155731,22.637041,-175.777725,-0.022777,-0.034886,-0.202711,0.014311,4.940228,-0.866375,
feedback,1.546159,1786439808311,7,Ry,5.000000,15.000000,5.404466,0.404466,,,435.908417,-66.844376,179.598846,-168.491898,29.497009,-174.275299,435.927795,-66.846519,179.607361,-169.158386,22.595596,-175.785599,-1.921906,-0.713164,-0.923967,-0.132522,5.330190,-0.893995,
feedback,1.554559,1786439808319,7,Ry,5.000000,15.000000,5.590424,0.590424,,,435.908417,-66.844376,179.598846,-168.491898,29.497009,-174.275299,435.907959,-66.849327,179.596115,-169.161407,22.551979,-175.793472,-2.878929,-0.383896,-1.730964,-0.058190,5.531860,-0.821205,
feedback,1.563327,1786439808328,7,Ry,5.000000,15.000000,5.444554,0.444554,,,435.908417,-66.844376,179.598846,-168.491898,29.497009,-174.275299,435.895325,-66.854774,179.587036,-169.163681,22.509115,-175.801590,-1.596870,-1.000396,-0.920312,-0.192474,5.361264,-0.948561,
feedback,1.572903,1786439808336,7,Ry,5.000000,15.000000,5.260977,0.260977,,,435.908417,-66.844376,179.598846,-168.491898,29.497009,-174.275299,435.887238,-66.858727,179.585999,-169.166428,22.467369,-175.809738,-1.032810,-0.318790,0.040119,-0.006034,5.191897,-0.852060,
feedback,1.579578,1786439808345,7,Ry,5.000000,15.000000,5.267834,0.267834,,,435.908417,-66.844376,179.598846,-168.491898,29.497009,-174.275299,435.878693,-66.861603,179.586563,-169.169739,22.426260,-175.818207,-1.177046,-0.327709,0.456872,-0.004308,5.189963,-0.902502,
feedback,1.589925,1786439808349,7,Ry,5.000000,15.000000,5.359368,0.359368,,,435.908417,-66.844376,179.598846,-168.491898,29.497009,-174.275299,435.866730,-66.865189,179.585480,-169.172623,22.384476,-175.826401,-1.662047,-0.361241,-0.411815,-0.060805,5.292123,-0.850227,
feedback,1.595717,1786439808358,7,Ry,5.000000,15.000000,5.058789,0.058789,,,435.908417,-66.844376,179.598846,-168.491898,29.497009,-174.275299,435.863190,-66.867035,179.589493,-169.175247,22.344267,-175.833984,-0.257927,-0.168799,0.528206,-0.027327,4.985945,-0.855687,
feedback,1.604359,1786439808366,7,Ry,5.000000,15.000000,5.156567,0.156567,,,435.908417,-66.844376,179.598846,-168.491898,29.497009,-174.275299,435.863190,-66.866180,179.589081,-169.178482,22.304100,-175.842270,-0.202109,-0.152822,-0.275483,-0.039574,5.078455,-0.894105,
feedback,1.612435,1786439808374,7,Ry,5.000000,15.000000,5.131051,0.131051,,,435.908417,-66.844376,179.598846,-168.491898,29.497009,-174.275299,435.861389,-66.867012,179.586548,-169.181778,22.263865,-175.850494,-0.328253,-0.035040,-0.271417,0.022501,5.057051,-0.868612,
feedback,1.620932,1786439808383,7,Ry,5.000000,15.000000,4.709979,-0.290021,,,435.908417,-66.844376,179.598846,-168.491898,29.497009,-174.275299,435.866821,-66.861282,179.592819,-169.185318,22.225731,-175.858307,1.185170,1.032498,1.180838,0.103684,4.646546,-0.771918,
feedback,1.628635,1786439808391,7,Ry,5.000000,15.000000,4.666140,-0.333860,,,435.908417,-66.844376,179.598846,-168.491898,29.497009,-174.275299,435.883240,-66.850716,179.602432,-169.189423,22.189491,-175.865829,2.014616,1.372433,1.284464,0.163483,4.608633,-0.734539,
feedback,1.637076,1786439808399,7,Ry,5.000000,15.000000,4.653947,-0.346053,,,435.908417,-66.844376,179.598846,-168.491898,29.497009,-174.275299,435.898682,-66.845627,179.607971,-169.193207,22.153154,-175.873932,1.770768,0.323296,0.458576,0.058584,4.569516,-0.886049,
feedback,1.645163,1786439808408,7,Ry,5.000000,15.000000,4.705309,-0.294691,,,435.908417,-66.844376,179.598846,-168.491898,29.497009,-174.275299,435.909668,-66.838333,179.610748,-169.197449,22.116528,-175.882233,1.260543,1.012071,0.614896,0.176754,4.629416,-0.842233,
feedback,1.654444,1786439808416,7,Ry,5.000000,15.000000,4.782592,-0.217408,,,435.908417,-66.844376,179.598846,-168.491898,29.497009,-174.275299,435.921021,-66.833191,179.615799,-169.201035,22.079098,-175.890366,1.486117,0.600077,0.717431,0.066543,4.707514,-0.844267,
feedback,1.661621,1786439808425,7,Ry,5.000000,15.000000,4.676850,-0.323150,,,435.908417,-66.844376,179.598846,-168.491898,29.497009,-174.275299,435.938965,-66.828918,179.627182,-169.204605,22.042551,-175.898819,2.201965,0.531153,1.631430,0.095008,4.592428,-0.888044,
feedback,1.669366,1786439808433,7,Ry,5.000000,15.000000,5.022680,0.022680,,,435.908417,-66.844376,179.598846,-168.491898,29.497009,-174.275299,435.948944,-66.824165,179.640808,-169.209595,21.984388,-175.910568,0.067239,0.286401,1.012481,-0.012496,4.967931,-0.749883,
feedback,1.678319,1786439808442,7,Ry,5.000000,15.000000,5.187752,0.187752,,,435.908417,-66.844376,179.598846,-168.491898,29.497009,-174.275299,435.947418,-66.823540,179.644257,-169.212616,21.944027,-175.918549,-0.174970,0.045024,0.073737,-0.029045,5.115899,-0.861338,
feedback,1.685632,1786439808450,7,Ry,5.000000,15.000000,5.193950,0.193950,,,435.908417,-66.844376,179.598846,-168.491898,29.497009,-174.275299,435.945496,-66.824226,179.645126,-169.215363,21.902967,-175.926407,-0.274743,-0.233114,0.159491,-0.036725,5.119268,-0.877916,
feedback,1.694144,1786439808458,7,Ry,5.000000,15.000000,5.218369,0.218369,,,435.908417,-66.844376,179.598846,-168.491898,29.497009,-174.275299,435.945770,-66.821548,179.642441,-169.218475,21.861990,-175.934433,0.016419,0.199501,-0.405277,-0.020038,5.141325,-0.893466,
feedback,1.702066,1786439808467,7,Ry,5.000000,15.000000,5.421077,0.421077,,,435.908417,-66.844376,179.598846,-168.491898,29.497009,-174.275299,435.939087,-66.819572,179.633652,-169.221848,21.819643,-175.942978,-1.162593,0.236006,-1.187052,0.034076,5.339847,-0.934994,
feedback,1.710241,1786439808475,7,Ry,5.000000,15.000000,5.394929,0.394929,,,435.908417,-66.844376,179.598846,-168.491898,29.497009,-174.275299,435.928802,-66.816299,179.626419,-169.226013,21.777744,-175.952759,-1.738433,0.485576,-1.011586,0.121921,5.301384,-1.002642,
feedback,1.718506,1786439808484,7,Ry,5.000000,15.000000,5.156761,0.156761,,,435.908417,-66.844376,179.598846,-168.491898,29.497009,-174.275299,435.921722,-66.814713,179.623581,-169.229782,21.737110,-175.962448,-0.683786,0.046221,-0.237750,0.078484,5.050305,-1.055025,
feedback,1.727456,1786439808492,7,Ry,5.000000,15.000000,5.215647,0.215647,,,435.908417,-66.844376,179.598846,-168.491898,29.497009,-174.275299,435.917450,-66.813927,179.622162,-169.233444,21.696764,-175.971909,-0.563758,0.121015,-0.438852,0.054876,5.124645,-0.972475,
feedback,1.734991,1786439808496,7,Ry,5.000000,15.000000,5.097544,0.097544,,,435.908417,-66.844376,179.598846,-168.491898,29.497009,-174.275299,435.913544,-66.813370,179.619202,-169.237106,21.656652,-175.981064,-0.418152,0.180421,-0.580266,0.098973,5.008937,-0.948582,
feedback,1.744039,1786439808505,7,Ry,5.000000,15.000000,5.021177,0.021177,,,435.908417,-66.844376,179.598846,-168.491898,29.497009,-174.275299,435.912476,-66.811974,179.615524,-169.239105,21.637005,-175.985565,-0.267460,0.350524,-0.916857,0.118521,4.932327,-0.943295,
feedback,1.751373,1786439808513,7,Ry,5.000000,15.000000,5.164706,0.164706,,,435.908417,-66.844376,179.598846,-168.491898,29.497009,-174.275299,435.896851,-66.816437,179.592377,-169.243698,21.574677,-175.998749,-1.076117,-0.436879,-1.437533,0.015677,5.073061,-0.971652,
feedback,1.760208,1786439808522,7,Ry,5.000000,15.000000,4.710659,-0.289341,,,435.908417,-66.844376,179.598846,-168.491898,29.497009,-174.275299,435.901794,-66.816750,179.590973,-169.246887,21.537500,-176.007675,0.780579,0.031413,-0.051014,0.096917,4.612624,-0.968245,
feedback,1.768683,1786439808530,7,Ry,5.000000,15.000000,5.034655,0.034655,,,435.908417,-66.844376,179.598846,-168.491898,29.497009,-174.275299,435.904785,-66.817757,179.591187,-169.250427,21.499046,-176.016647,-0.208112,-0.367784,-0.319040,0.056350,4.938434,-0.986265,
feedback,1.776581,1786439808539,7,Ry,5.000000,15.000000,5.223937,0.223937,,,435.908417,-66.844376,179.598846,-168.491898,29.497009,-174.275299,435.900208,-66.820549,179.587601,-169.253510,21.459110,-176.025574,-1.052513,-0.429856,-0.470644,-0.006006,5.134896,-0.962046,
feedback,1.784791,1786439808547,7,Ry,5.000000,15.000000,5.272143,0.272143,,,435.908417,-66.844376,179.598846,-168.491898,29.497009,-174.275299,435.890137,-66.824974,179.584579,-169.256226,21.417868,-176.034286,-1.143829,-0.523422,-0.267353,-0.032013,5.179164,-0.988599,
feedback,1.792937,1786439808555,7,Ry,5.000000,15.000000,5.187579,0.187579,,,435.908417,-66.844376,179.598846,-168.491898,29.497009,-174.275299,435.888062,-66.828331,179.584595,-169.258606,21.377035,-176.042755,-0.180636,-0.354978,0.065598,-0.011014,5.098018,-0.961817,
feedback,1.800481,1786439808564,7,Ry,5.000000,15.000000,5.235856,0.235856,,,435.908417,-66.844376,179.598846,-168.491898,29.497009,-174.275299,435.883850,-66.833038,179.584930,-169.260803,21.336035,-176.051315,-0.672915,-0.498204,0.147544,-0.090983,5.150401,-0.942725,
feedback,1.808863,1786439808572,7,Ry,5.000000,15.000000,5.227283,0.227283,,,435.908417,-66.844376,179.598846,-168.491898,29.497009,-174.275299,435.876251,-66.836632,179.586548,-169.263397,21.294964,-176.059830,-0.799843,-0.425490,-0.122182,-0.031356,5.138606,-0.960262,
feedback,1.817059,1786439808581,7,Ry,5.000000,15.000000,5.131143,0.131143,,,435.908417,-66.844376,179.598846,-168.491898,29.497009,-174.275299,435.874786,-66.838005,179.590332,-169.265793,21.254435,-176.067322,0.157940,-0.172165,0.315054,-0.066826,5.059690,-0.854125,
feedback,1.826448,1786439808589,7,Ry,5.000000,15.000000,5.021169,0.021169,,,435.908417,-66.844376,179.598846,-168.491898,29.497009,-174.275299,435.883057,-66.838135,179.597870,-169.269943,21.195059,-176.079987,0.680574,0.088868,0.564373,0.028616,4.936405,-0.920037,
feedback,1.835024,1786439808597,7,Ry,5.000000,15.000000,5.069414,0.069414,,,435.908417,-66.844376,179.598846,-168.491898,29.497009,-174.275299,435.885132,-66.839081,179.596512,-169.272339,21.155106,-176.088181,0.264056,-0.032883,-0.113299,-0.053888,4.989908,-0.894418,
feedback,1.844956,1786439808606,7,Ry,5.000000,15.000000,4.913341,-0.086659,,,435.908417,-66.844376,179.598846,-168.491898,29.497009,-174.275299,435.890503,-66.838020,179.599258,-169.274582,21.115953,-176.095932,0.969873,0.158141,0.656029,-0.059052,4.833306,-0.883766,
feedback,1.852963,1786439808614,7,Ry,5.000000,15.000000,4.804603,-0.195397,,,435.908417,-66.844376,179.598846,-168.491898,29.497009,-174.275299,435.903168,-66.834808,179.610916,-169.277161,21.078569,-176.103516,1.551736,0.458346,1.530198,-0.020362,4.739477,-0.789685,
feedback,1.860820,1786439808623,7,Ry,5.000000,15.000000,4.693482,-0.306518,,,435.908417,-66.844376,179.598846,-168.491898,29.497009,-174.275299,435.920441,-66.831238,179.621155,-169.280014,21.042305,-176.111053,1.780116,0.232175,1.137414,-0.008517,4.617898,-0.839293,
feedback,1.868913,1786439808631,7,Ry,5.000000,15.000000,4.750874,-0.249126,,,435.908417,-66.844376,179.598846,-168.491898,29.497009,-174.275299,435.930847,-66.830650,179.625992,-169.282806,21.005331,-176.119522,1.029233,-0.002887,0.398795,-0.003973,4.663431,-0.911588,
feedback,1.878844,1786439808640,7,Ry,5.000000,15.000000,4.698285,-0.301715,,,435.908417,-66.844376,179.598846,-168.491898,29.497009,-174.275299,435.941650,-66.831367,179.626617,-169.285477,20.968380,-176.127655,1.547431,-0.179191,-0.119457,0.006660,4.602236,-0.955806,
feedback,1.885069,1786439808649,7,Ry,5.000000,15.000000,5.072822,0.072822,,,435.908417,-66.844376,179.598846,-168.491898,29.497009,-174.275299,435.948273,-66.835693,179.622543,-169.287689,20.930109,-176.136871,0.202874,-0.749658,-0.632783,-0.084232,4.959562,-1.086210,
feedback,1.893140,1786439808657,7,Ry,5.000000,15.000000,4.911887,-0.088113,,,435.908417,-66.844376,179.598846,-168.491898,29.497009,-174.275299,435.954620,-66.838776,179.623520,-169.290039,20.891788,-176.145813,0.419685,-0.561206,0.251505,-0.068067,4.809240,-1.011932,
feedback,1.901607,1786439808665,7,Ry,5.000000,15.000000,5.139643,0.139643,,,435.908417,-66.844376,179.598846,-168.491898,29.497009,-174.275299,435.953461,-66.844696,179.627899,-169.293640,20.832605,-176.158813,-0.253336,-0.370077,-0.043395,-0.083682,5.049267,-0.962262,
feedback,1.909949,1786439808674,7,Ry,5.000000,15.000000,5.307518,0.307518,,,435.908417,-66.844376,179.598846,-168.491898,29.497009,-174.275299,435.942047,-66.851036,179.622101,-169.295212,20.790722,-176.167053,-1.305419,-0.729985,-0.563938,-0.157930,5.215543,-0.986053,
feedback,1.917724,1786439808682,7,Ry,5.000000,15.000000,5.251055,0.251055,,,435.908417,-66.844376,179.598846,-168.491898,29.497009,-174.275299,435.932617,-66.855652,179.621048,-169.297348,20.749031,-176.175690,-0.757206,-0.398679,0.244108,-0.082014,5.163942,-0.953500,
feedback,1.926278,1786439808690,7,Ry,5.000000,15.000000,5.315167,0.315167,,,435.908417,-66.844376,179.598846,-168.491898,29.497009,-174.275299,435.923004,-66.859253,179.618652,-169.299469,20.707119,-176.183899,-1.084418,-0.440776,-0.433631,-0.098125,5.228965,-0.953952,
feedback,1.933852,1786439808699,7,Ry,5.000000,15.000000,5.321898,0.321898,,,435.908417,-66.844376,179.598846,-168.491898,29.497009,-174.275299,435.912842,-66.862846,179.615204,-169.301666,20.665258,-176.192169,-1.298283,-0.532876,-0.378897,-0.084144,5.236554,-0.949660,
feedback,1.942257,1786439808707,7,Ry,5.000000,15.000000,5.386842,0.386842,,,435.908417,-66.844376,179.598846,-168.491898,29.497009,-174.275299,435.898163,-66.868019,179.610687,-169.303650,20.623066,-176.200668,-2.073303,-0.864236,-0.677675,-0.118790,5.292648,-1.005546,
feedback,1.950366,1786439808716,7,Ry,5.000000,15.000000,5.203998,0.203998,,,435.908417,-66.844376,179.598846,-168.491898,29.497009,-174.275299,435.890381,-66.870491,179.606796,-169.305939,20.581978,-176.209045,-0.668218,-0.272865,-0.525220,-0.073660,5.120099,-0.931152,
feedback,1.959004,1786439808720,7,Ry,5.000000,15.000000,5.301850,0.301850,,,435.908417,-66.844376,179.598846,-168.491898,29.497009,-174.275299,435.885651,-66.873230,179.599915,-169.308441,20.541128,-176.217865,-0.847886,-0.355362,-0.727024,-0.058770,5.207955,-0.996365,
feedback,1.966772,1786439808728,7,Ry,5.000000,15.000000,5.388954,0.388954,,,435.908417,-66.844376,179.598846,-168.491898,29.497009,-174.275299,435.880005,-66.875557,179.594604,-169.309494,20.519966,-176.222244,-1.410122,-0.581532,-1.326247,-0.103673,5.295197,-1.003245,
feedback,1.975279,1786439808737,7,Ry,5.000000,15.000000,5.329785,0.329785,,,435.908417,-66.844376,179.598846,-168.491898,29.497009,-174.275299,435.870605,-66.878784,179.580139,-169.311401,20.477722,-176.230194,-0.998124,-0.302089,-2.107192,-0.095063,5.256966,-0.879378,
feedback,1.983189,1786439808745,7,Ry,5.000000,15.000000,4.823977,-0.176023,,,435.908417,-66.844376,179.598846,-168.491898,29.497009,-174.275299,435.874786,-66.877220,179.568390,-169.315536,20.418554,-176.242569,1.109630,0.418503,-0.281606,0.061519,4.737408,-0.912903,
feedback,1.990777,1786439808753,7,Ry,5.000000,15.000000,4.611584,-0.388416,,,435.908417,-66.844376,179.598846,-168.491898,29.497009,-174.275299,435.886841,-66.873474,179.570770,-169.318863,20.381908,-176.250870,1.645421,0.396483,0.585500,0.097235,4.526494,-0.885899,
feedback,1.999031,1786439808762,7,Ry,5.000000,15.000000,4.896177,-0.103823,,,435.908417,-66.844376,179.598846,-168.491898,29.497009,-174.275299,435.892181,-66.871590,179.566055,-169.321747,20.343901,-176.258865,0.355578,0.278777,-0.316328,0.037784,4.816453,-0.880451,
feedback,2.007815,1786439808771,7,Ry,5.000000,15.000000,5.050500,0.050500,,,435.908417,-66.844376,179.598846,-168.491898,29.497009,-174.275299,435.894165,-66.871658,179.565292,-169.324402,20.304914,-176.266876,-0.076366,-0.187902,0.171197,-0.036829,4.973927,-0.876159,
feedback,2.016392,1786439808779,7,Ry,5.000000,15.000000,5.046401,0.046401,,,435.908417,-66.844376,179.598846,-168.491898,29.497009,-174.275299,435.900635,-66.872047,179.564987,-169.326981,20.265669,-176.275192,0.740958,-0.130788,-0.121849,-0.019393,4.955545,-0.956749,
feedback,2.024083,1786439808787,7,Ry,5.000000,15.000000,5.127496,0.127496,,,435.908417,-66.844376,179.598846,-168.491898,29.497009,-174.275299,435.907562,-66.871758,179.562881,-169.329391,20.225393,-176.283127,0.549025,-0.139535,0.030530,-0.057922,5.051870,-0.877563,
feedback,2.032641,1786439808796,7,Ry,5.000000,15.000000,4.989270,-0.010730,,,435.908417,-66.844376,179.598846,-168.491898,29.497009,-174.275299,435.910370,-66.871651,179.567276,-169.332413,20.185865,-176.291397,0.317539,0.017202,0.741390,0.084058,4.904456,-0.917397,
feedback,2.041561,1786439808804,7,Ry,5.000000,15.000000,5.082884,0.082884,,,435.908417,-66.844376,179.598846,-168.491898,29.497009,-174.275299,435.913727,-66.871086,179.575821,-169.334717,20.146196,-176.299103,0.281901,0.067322,1.060142,-0.064849,5.012503,-0.843936,
feedback,2.049742,1786439808813,7,Ry,5.000000,15.000000,5.024349,0.024349,,,435.908417,-66.844376,179.598846,-168.491898,29.497009,-174.275299,435.916260,-66.870766,179.582779,-169.337280,20.106089,-176.307083,0.644287,0.064387,1.120349,-0.021568,4.944397,-0.893012,
feedback,2.057207,1786439808821,7,Ry,5.000000,15.000000,5.160647,0.160647,,,435.908417,-66.844376,179.598846,-168.491898,29.497009,-174.275299,435.920410,-66.868813,179.591507,-169.341782,20.046278,-176.318909,-0.283651,-0.064890,0.482397,-0.027722,5.094319,-0.827730,
feedback,2.065640,1786439808829,7,Ry,5.000000,15.000000,5.028287,0.028287,,,435.908417,-66.844376,179.598846,-168.491898,29.497009,-174.275299,435.919769,-66.867149,179.596252,-169.344772,20.006121,-176.326660,0.197133,0.170062,0.718365,0.026231,4.954325,-0.859358,
feedback,2.073400,1786439808838,7,Ry,5.000000,15.000000,4.883660,-0.116340,,,435.908417,-66.844376,179.598846,-168.491898,29.497009,-174.275299,435.923981,-66.865944,179.606415,-169.347580,19.967602,-176.334518,0.526051,0.199030,1.265840,0.038522,4.804456,-0.876403,
feedback,2.081913,1786439808846,7,Ry,5.000000,15.000000,4.841483,-0.158517,,,435.908417,-66.844376,179.598846,-168.491898,29.497009,-174.275299,435.931885,-66.865234,179.619141,-169.350357,19.929886,-176.342514,0.867985,-0.000463,1.517953,0.017607,4.764763,-0.858652,
feedback,2.089991,1786439808854,7,Ry,5.000000,15.000000,4.907895,-0.092105,,,435.908417,-66.844376,179.598846,-168.491898,29.497009,-174.275299,435.934601,-66.864334,179.625488,-169.353622,19.891228,-176.350357,0.269143,0.098753,0.449089,0.100254,4.832511,-0.856805,
feedback,2.098650,1786439808863,7,Ry,5.000000,15.000000,5.081720,0.081720,,,435.908417,-66.844376,179.598846,-168.491898,29.497009,-174.275299,435.933380,-66.862228,179.625000,-169.357803,19.852364,-176.358658,-0.453212,0.322102,-0.256606,0.201684,5.010706,-0.847147,
feedback,2.107695,1786439808871,7,Ry,5.000000,15.000000,5.042841,0.042841,,,435.908417,-66.844376,179.598846,-168.491898,29.497009,-174.275299,435.928345,-66.857094,179.618393,-169.363129,19.812616,-176.367355,-0.457346,0.638284,-0.610984,0.323470,4.968205,-0.864159,
feedback,2.114217,1786439808875,7,Ry,5.000000,15.000000,4.940745,-0.059255,,,435.908417,-66.844376,179.598846,-168.491898,29.497009,-174.275299,435.927673,-66.855072,179.615829,-169.365753,19.793270,-176.371674,-0.170481,0.505430,-0.641946,0.307967,4.865819,-0.856894,
feedback,2.122971,1786439808884,7,Ry,5.000000,15.000000,4.932730,-0.067270,,,435.908417,-66.844376,179.598846,-168.491898,29.497009,-174.275299,435.931213,-66.850037,179.615616,-169.370728,19.755426,-176.380737,-0.266529,0.511380,0.221942,0.251867,4.843040,-0.939986,
feedback,2.130435,1786439808892,7,Ry,5.000000,15.000000,4.991339,-0.008661,,,435.908417,-66.844376,179.598846,-168.491898,29.497009,-174.275299,435.929718,-66.846260,179.618729,-169.375183,19.716661,-176.389221,-0.627659,0.369750,0.363680,0.163470,4.923434,-0.821603,
feedback,2.139498,1786439808901,7,Ry,5.000000,15.000000,5.192257,0.192257,,,435.908417,-66.844376,179.598846,-168.491898,29.497009,-174.275299,435.924530,-66.843712,179.617722,-169.378998,19.676794,-176.397293,-1.323769,0.225086,-0.288739,0.106241,5.128480,-0.815799,
feedback,2.146787,1786439808909,7,Ry,5.000000,15.000000,5.231390,0.231390,,,435.908417,-66.844376,179.598846,-168.491898,29.497009,-174.275299,435.908295,-66.842430,179.616165,-169.383453,19.614311,-176.408096,-0.837590,-0.133059,0.049056,0.004793,5.160725,-0.858412,
feedback,2.155100,1786439808917,7,Ry,5.000000,15.000000,5.293930,0.293930,,,435.908417,-66.844376,179.598846,-168.491898,29.497009,-174.275299,435.899719,-66.846649,179.610779,-169.385223,19.572182,-176.415878,-0.610074,-0.399762,-0.515363,-0.152758,5.225358,-0.852141,
feedback,2.163703,1786439808926,7,Ry,5.000000,15.000000,5.342838,0.342838,,,435.908417,-66.844376,179.598846,-168.491898,29.497009,-174.275299,435.887848,-66.850471,179.606964,-169.386993,19.529568,-176.422989,-1.406427,-0.568279,-0.334130,-0.125911,5.284486,-0.798409,
feedback,2.171020,1786439808934,7,Ry,5.000000,15.000000,5.200403,0.200403,,,435.908417,-66.844376,179.598846,-168.491898,29.497009,-174.275299,435.877808,-66.853035,179.609482,-169.389236,19.488504,-176.430252,-1.425798,-0.355472,0.464684,-0.066061,5.144367,-0.772765,
feedback,2.179872,1786439808942,7,Ry,5.000000,15.000000,5.124861,0.124861,,,435.908417,-66.844376,179.598846,-168.491898,29.497009,-174.275299,435.875824,-66.854607,179.613220,-169.391647,19.448200,-176.437973,-0.296307,-0.139682,0.460606,-0.027420,5.057215,-0.832001,
feedback,2.187793,1786439808951,7,Ry,5.000000,15.000000,5.068976,0.068976,,,435.908417,-66.844376,179.598846,-168.491898,29.497009,-174.275299,435.875275,-66.856033,179.614944,-169.394577,19.408165,-176.445908,-0.089078,-0.245753,0.298987,0.005590,5.007483,-0.792186,
feedback,2.195643,1786439808959,7,Ry,5.000000,15.000000,5.160220,0.160220,,,435.908417,-66.844376,179.598846,-168.491898,29.497009,-174.275299,435.870514,-66.855690,179.614212,-169.397629,19.367487,-176.453842,-0.635869,0.014942,-0.019461,0.055536,5.087644,-0.863015,
feedback,2.203834,1786439808968,7,Ry,5.000000,15.000000,5.115802,0.115802,,,435.908417,-66.844376,179.598846,-168.491898,29.497009,-174.275299,435.869904,-66.853958,179.610901,-169.400070,19.326880,-176.460861,0.108441,0.300887,-0.218183,-0.070158,5.073592,-0.686920,
feedback,2.212278,1786439808976,7,Ry,5.000000,15.000000,4.833094,-0.166906,,,435.908417,-66.844376,179.598846,-168.491898,29.497009,-174.275299,435.878357,-66.848412,179.613449,-169.402740,19.288025,-176.467987,1.556827,0.691790,0.531759,0.019662,4.765702,-0.805017,
feedback,2.221349,1786439808985,7,Ry,5.000000,15.000000,4.728093,-0.271907,,,435.908417,-66.844376,179.598846,-168.491898,29.497009,-174.275299,435.894165,-66.841675,179.618134,-169.405975,19.250980,-176.475403,1.802730,0.714133,0.562350,0.104958,4.659373,-0.803337,
feedback,2.228944,1786439808993,7,Ry,5.000000,15.000000,4.745844,-0.254156,,,435.908417,-66.844376,179.598846,-168.491898,29.497009,-174.275299,435.912262,-66.832108,179.612366,-169.410904,19.194500,-176.486618,1.759857,0.842520,-0.761936,0.122220,4.681997,-0.777224,
feedback,2.236596,1786439809001,7,Ry,5.000000,15.000000,4.950085,-0.049915,,,435.908417,-66.844376,179.598846,-168.491898,29.497009,-174.275299,435.923492,-66.827469,179.605316,-169.413849,19.156134,-176.493958,1.195447,0.544266,-0.931792,0.035712,4.887755,-0.786511,
feedback,2.245257,1786439809010,7,Ry,5.000000,15.000000,5.020209,0.020209,,,435.908417,-66.844376,179.598846,-168.491898,29.497009,-174.275299,435.934631,-66.822975,179.596695,-169.416626,19.116737,-176.501404,1.759140,0.501196,-1.355320,0.028852,4.948333,-0.846815,
feedback,2.253212,1786439809018,7,Ry,5.000000,15.000000,5.057463,0.057463,,,435.908417,-66.844376,179.598846,-168.491898,29.497009,-174.275299,435.941162,-66.823036,179.589417,-169.418610,19.076857,-176.508835,0.683032,0.129186,-0.695138,-0.072789,4.991200,-0.818250,
feedback,2.262633,1786439809023,7,Ry,5.000000,15.000000,5.118787,0.118787,,,435.908417,-66.844376,179.598846,-168.491898,29.497009,-174.275299,435.941864,-66.823196,179.588837,-169.419601,19.056684,-176.512558,0.173366,-0.040196,-0.142052,-0.073856,5.048025,-0.849144,
feedback,2.271122,1786439809031,7,Ry,5.000000,15.000000,5.094344,0.094344,,,435.908417,-66.844376,179.598846,-168.491898,29.497009,-174.275299,435.944824,-66.822701,179.590622,-169.421555,19.016499,-176.519592,0.463318,0.063225,0.345533,-0.109990,5.048128,-0.707734,
feedback,2.279561,1786439809044,7,Ry,5.000000,15.000000,5.147154,0.147154,,,435.908417,-66.844376,179.598846,-168.491898,29.497009,-174.275299,435.944366,-66.822586,179.596954,-169.424698,18.955662,-176.529724,-0.194061,-0.111199,0.686657,-0.062677,5.093524,-0.754411,
feedback,2.286073,1786439809048,7,Ry,5.000000,15.000000,5.269001,0.269001,,,435.908417,-66.844376,179.598846,-168.491898,29.497009,-174.275299,435.941864,-66.822403,179.596161,-169.425476,18.934713,-176.532501,-0.629496,0.045046,-0.193792,-0.135168,5.238712,-0.632635,
feedback,2.294598,1786439809056,7,Ry,5.000000,15.000000,5.409654,0.409654,,,435.908417,-66.844376,179.598846,-168.491898,29.497009,-174.275299,435.930023,-66.822739,179.589310,-169.427490,18.891760,-176.538467,-1.645456,-0.038188,-0.795725,-0.072960,5.370392,-0.695849,
feedback,2.302326,1786439809065,7,Ry,5.000000,15.000000,5.134517,0.134517,,,435.908417,-66.844376,179.598846,-168.491898,29.497009,-174.275299,435.914703,-66.822990,179.589142,-169.430222,18.828800,-176.544632,-0.789121,0.191817,0.636857,-0.036701,5.090131,-0.700869,
feedback,2.310727,1786439809073,7,Ry,5.000000,15.000000,4.982247,-0.017753,,,435.908417,-66.844376,179.598846,-168.491898,29.497009,-174.275299,435.913269,-66.820633,179.592316,-169.432831,18.788937,-176.554657,0.153153,0.353989,0.274199,0.018885,4.925791,-0.756057,
feedback,2.319120,1786439809082,7,Ry,5.000000,15.000000,5.008919,0.008919,,,435.908417,-66.844376,179.598846,-168.491898,29.497009,-174.275299,435.908600,-66.820732,179.592972,-169.435562,18.748625,-176.561859,-0.235613,0.254608,0.023001,0.050897,4.955950,-0.738639,
feedback,2.327720,1786439809090,7,Ry,5.000000,15.000000,5.126152,0.126152,,,435.908417,-66.844376,179.598846,-168.491898,29.497009,-174.275299,435.899078,-66.820763,179.593445,-169.438766,18.707571,-176.569336,-0.922528,0.235840,-0.034498,0.131089,5.060668,-0.819951,
feedback,2.335145,1786439809098,7,Ry,5.000000,15.000000,5.031228,0.031228,,,435.908417,-66.844376,179.598846,-168.491898,29.497009,-174.275299,435.889099,-66.820847,179.588730,-169.441803,18.667046,-176.576584,-0.839170,0.019199,-0.556380,0.031597,4.973855,-0.765545,
feedback,2.343598,1786439809107,7,Ry,5.000000,15.000000,4.805888,-0.194112,,,435.908417,-66.844376,179.598846,-168.491898,29.497009,-174.275299,435.889099,-66.821960,179.590515,-169.444397,18.628382,-176.584259,0.494393,-0.123683,0.429294,0.079942,4.725632,-0.875707,
feedback,2.351664,1786439809115,7,Ry,5.000000,15.000000,4.680259,-0.319741,,,435.908417,-66.844376,179.598846,-168.491898,29.497009,-174.275299,435.894928,-66.822929,179.596329,-169.447479,18.591564,-176.592651,0.723885,-0.164044,0.584392,0.078585,4.584914,-0.950323,
feedback,2.360916,1786439809123,7,Ry,5.000000,15.000000,4.938051,-0.061949,,,435.908417,-66.844376,179.598846,-168.491898,29.497009,-174.275299,435.895935,-66.823936,179.597916,-169.450363,18.553814,-176.600967,-0.497870,-0.239892,-0.006770,0.047707,4.847306,-0.946741,
feedback,2.367998,1786439809132,7,Ry,5.000000,15.000000,5.097789,0.097789,,,435.908417,-66.844376,179.598846,-168.491898,29.497009,-174.275299,435.891022,-66.825424,179.594604,-169.452881,18.513657,-176.608307,-0.688199,-0.206577,-0.413503,-0.016061,5.040575,-0.770412,
feedback,2.377168,1786439809140,7,Ry,5.000000,15.000000,5.150037,0.150037,,,435.908417,-66.844376,179.598846,-168.491898,29.497009,-174.275299,435.888580,-66.827332,179.591736,-169.454865,18.473345,-176.615814,-0.296480,-0.065762,-0.308792,-0.011684,5.074571,-0.878541,
feedback,2.385768,1786439809149,7,Ry,5.000000,15.000000,5.209998,0.209998,,,435.908417,-66.844376,179.598846,-168.491898,29.497009,-174.275299,435.886078,-66.827126,179.590088,-169.457367,18.432543,-176.623657,-0.283834,-0.080175,-0.440429,-0.049005,5.135494,-0.878301,
feedback,2.392468,1786439809157,7,Ry,5.000000,15.000000,5.056319,0.056319,,,435.908417,-66.844376,179.598846,-168.491898,29.497009,-174.275299,435.883331,-66.827362,179.599136,-169.460602,18.372355,-176.634705,-0.154505,-0.007528,1.201869,-0.055674,4.989076,-0.823653,
feedback,2.400629,1786439809165,7,Ry,5.000000,15.000000,4.917488,-0.082512,,,435.908417,-66.844376,179.598846,-168.491898,29.497009,-174.275299,435.885773,-66.826752,179.610062,-169.462601,18.333101,-176.642044,0.597706,-0.007739,1.438028,-0.059043,4.842171,-0.857316,
feedback,2.408757,1786439809174,7,Ry,5.000000,15.000000,4.926383,-0.073617,,,435.908417,-66.844376,179.598846,-168.491898,29.497009,-174.275299,435.891876,-66.825851,179.621582,-169.465042,18.294250,-176.649536,0.729919,0.100838,1.444457,0.012421,4.854682,-0.837640,
feedback,2.416902,1786439809182,7,Ry,5.000000,15.000000,5.171743,0.171743,,,435.908417,-66.844376,179.598846,-168.491898,29.497009,-174.275299,435.891632,-66.828201,179.627182,-169.467133,18.254057,-176.657120,-0.307750,-0.191330,0.353038,-0.029391,5.096317,-0.880197,
feedback,2.424881,1786439809186,7,Ry,5.000000,15.000000,5.172488,0.172488,,,435.908417,-66.844376,179.598846,-168.491898,29.497009,-174.275299,435.890839,-66.829498,179.627167,-169.468155,18.233721,-176.661118,-0.199024,-0.324578,-0.001705,-0.054272,5.089616,-0.922482,
feedback,2.433387,1786439809196,7,Ry,5.000000,15.000000,5.074675,0.074675,,,435.908417,-66.844376,179.598846,-168.491898,29.497009,-174.275299,435.892731,-66.832428,179.625565,-169.469650,18.193487,-176.668915,0.388209,-0.479419,-0.162244,-0.121367,4.985545,-0.949359,
feedback,2.441606,1786439809204,7,Ry,5.000000,15.000000,4.794400,-0.205600,,,435.908417,-66.844376,179.598846,-168.491898,29.497009,-174.275299,435.905823,-66.833855,179.634537,-169.471985,18.155743,-176.677322,1.526360,-0.373954,1.399372,-0.017640,4.697120,-0.971164,
feedback,2.449497,1786439809213,7,Ry,5.000000,15.000000,5.034024,0.034024,,,435.908417,-66.844376,179.598846,-168.491898,29.497009,-174.275299,435.914612,-66.834686,179.641937,-169.474274,18.117487,-176.685547,0.362272,-0.378156,0.544618,-0.053152,4.940526,-0.970652,
feedback,2.457710,1786439809221,7,Ry,5.000000,15.000000,4.811867,-0.188133,,,435.908417,-66.844376,179.598846,-168.491898,29.497009,-174.275299,435.924622,-66.838371,179.639847,-169.477570,18.060223,-176.697937,1.125952,-0.076346,-0.306449,0.023631,4.722806,-0.926104,
feedback,2.465771,1786439809230,7,Ry,5.000000,15.000000,4.829105,-0.170895,,,435.908417,-66.844376,179.598846,-168.491898,29.497009,-174.275299,435.933441,-66.840210,179.641022,-169.479584,18.022337,-176.705887,1.175809,0.069345,-0.269710,-0.015640,4.750815,-0.866491,
feedback,2.474388,1786439809238,7,Ry,5.000000,15.000000,4.679893,-0.320107,,,435.908417,-66.844376,179.598846,-168.491898,29.497009,-174.275299,435.947540,-66.839417,179.638596,-169.481949,17.985489,-176.713959,1.883179,-0.003495,-0.267121,0.026822,4.583161,-0.958062,
feedback,2.482104,1786439809246,7,Ry,5.000000,15.000000,4.970546,-0.029454,,,435.908417,-66.844376,179.598846,-168.491898,29.497009,-174.275299,435.951965,-66.843399,179.636017,-169.483734,17.947010,-176.722397,0.351211,-0.472400,-0.291345,-0.063853,4.875229,-0.975422,
feedback,2.493194,1786439809255,7,Ry,5.000000,15.000000,5.077911,0.077911,,,435.908417,-66.844376,179.598846,-168.491898,29.497009,-174.275299,435.950470,-66.845528,179.632812,-169.484909,17.907324,-176.729965,-0.408011,-0.258515,-0.546258,-0.178890,5.003413,-0.866692,
feedback,2.498427,1786439809263,7,Ry,5.000000,15.000000,5.431611,0.431611,,,435.908417,-66.844376,179.598846,-168.491898,29.497009,-174.275299,435.942719,-66.846817,179.625137,-169.486053,17.865738,-176.737183,-1.447030,-0.277890,-1.044324,-0.176294,5.362286,-0.868307,
feedback,2.506889,1786439809272,7,Ry,5.000000,15.000000,5.346647,0.346647,,,435.908417,-66.844376,179.598846,-168.491898,29.497009,-174.275299,435.935913,-66.848122,179.615341,-169.487610,17.823616,-176.744675,-0.777393,-0.098140,-1.287067,-0.064267,5.273867,-0.880512,
feedback,2.514934,1786439809280,7,Ry,5.000000,15.000000,5.486340,0.486340,,,435.908417,-66.844376,179.598846,-168.491898,29.497009,-174.275299,435.927551,-66.850479,179.604630,-169.488663,17.780720,-176.751816,-0.940243,-0.310350,-1.632323,-0.212032,5.421503,-0.847635,
feedback,2.523287,1786439809288,7,Ry,5.000000,15.000000,5.555369,0.555369,,,435.908417,-66.844376,179.598846,-168.491898,29.497009,-174.275299,435.914398,-66.851784,179.594101,-169.489761,17.737154,-176.758942,-2.020039,-0.239901,-0.977288,-0.193756,5.489439,-0.859881,
feedback,2.531374,1786439809297,7,Ry,5.000000,15.000000,5.343266,0.343266,,,435.908417,-66.844376,179.598846,-168.491898,29.497009,-174.275299,435.899445,-66.851715,179.588425,-169.490799,17.694551,-176.765656,-1.796311,0.004226,-0.483908,-0.169002,5.285806,-0.793318,
feedback,2.539586,1786439809305,7,Ry,5.000000,15.000000,5.213619,0.213619,,,435.908417,-66.844376,179.598846,-168.491898,29.497009,-174.275299,435.887054,-66.856216,179.585693,-169.492767,17.632093,-176.776428,-0.697822,-0.443524,-0.020853,-0.063742,5.139973,-0.873779,
feedback,2.549441,1786439809309,7,Ry,5.000000,15.000000,5.202114,0.202114,,,435.908417,-66.844376,179.598846,-168.491898,29.497009,-174.275299,435.882935,-66.858269,179.585007,-169.493835,17.611650,-176.780502,-1.034375,-0.513560,-0.169757,-0.032513,5.117168,-0.936822,
feedback,2.556135,1786439809318,7,Ry,5.000000,15.000000,5.320490,0.320490,,,435.908417,-66.844376,179.598846,-168.491898,29.497009,-174.275299,435.877472,-66.862236,179.576996,-169.495560,17.570179,-176.788254,-0.736794,-0.522088,-1.360272,-0.109469,5.245019,-0.893441,
feedback,2.564585,1786439809326,7,Ry,5.000000,15.000000,5.346634,0.346634,,,435.908417,-66.844376,179.598846,-168.491898,29.497009,-174.275299,435.867920,-66.866615,179.565842,-169.496658,17.527750,-176.795517,-1.145090,-0.602419,-1.098256,-0.129232,5.268330,-0.911765,
feedback,2.572393,1786439809335,7,Ry,5.000000,15.000000,4.919766,-0.080234,,,435.908417,-66.844376,179.598846,-168.491898,29.497009,-174.275299,435.867279,-66.870468,179.566437,-169.498505,17.488012,-176.803421,0.446960,-0.354481,0.530236,-0.052873,4.840133,-0.881975,
feedback,2.581122,1786439809343,7,Ry,5.000000,15.000000,4.827148,-0.172852,,,435.908417,-66.844376,179.598846,-168.491898,29.497009,-174.275299,435.875916,-66.870316,179.569702,-169.500870,17.450434,-176.810959,0.886747,0.052717,0.098688,0.021385,4.746905,-0.877373,
feedback,2.589504,1786439809351,7,Ry,5.000000,15.000000,4.889189,-0.110811,,,435.908417,-66.844376,179.598846,-168.491898,29.497009,-174.275299,435.882782,-66.870674,179.566544,-169.503036,17.412457,-176.818787,0.661883,0.213489,-0.637349,0.005516,4.817183,-0.836135,
feedback,2.597547,1786439809360,7,Ry,5.000000,15.000000,4.704283,-0.295717,,,435.908417,-66.844376,179.598846,-168.491898,29.497009,-174.275299,435.892487,-66.867462,179.564056,-169.505859,17.375103,-176.826111,1.328725,0.287525,-0.258293,0.071347,4.633630,-0.812324,
feedback,2.606957,1786439809368,7,Ry,5.000000,15.000000,4.800457,-0.199543,,,435.908417,-66.844376,179.598846,-168.491898,29.497009,-174.275299,435.903992,-66.865471,179.563797,-169.508453,17.337280,-176.834183,1.676193,0.319544,0.249675,0.045688,4.711458,-0.924665,
feedback,2.615452,1786439809377,7,Ry,5.000000,15.000000,4.844785,-0.155215,,,435.908417,-66.844376,179.598846,-168.491898,29.497009,-174.275299,435.913605,-66.862373,179.567245,-169.510849,17.299129,-176.841736,1.062437,0.264576,0.514227,-0.027706,4.770753,-0.843695,
feedback,2.621522,1786439809385,7,Ry,5.000000,15.000000,4.913272,-0.086728,,,435.908417,-66.844376,179.598846,-168.491898,29.497009,-174.275299,435.919067,-66.860840,179.575439,-169.512955,17.260778,-176.849304,0.545278,0.240339,1.172462,-0.026600,4.842285,-0.832450,
feedback,2.629931,1786439809393,7,Ry,5.000000,15.000000,4.926849,-0.073151,,,435.908417,-66.844376,179.598846,-168.491898,29.497009,-174.275299,435.930939,-66.857300,179.589279,-169.516434,17.202850,-176.860977,1.413685,0.310133,1.326993,0.055510,4.833882,-0.958222,
feedback,2.637696,1786439809402,7,Ry,5.000000,15.000000,5.045852,0.045852,,,435.908417,-66.844376,179.598846,-168.491898,29.497009,-174.275299,435.939270,-66.856018,179.598526,-169.518784,17.163639,-176.868881,0.705758,0.138096,1.097818,0.002493,4.969660,-0.873564,
feedback,2.646578,1786439809410,7,Ry,5.000000,15.000000,5.263080,0.263080,,,435.908417,-66.844376,179.598846,-168.491898,29.497009,-174.275299,435.936676,-66.858040,179.599899,-169.520859,17.122272,-176.876648,-0.385376,-0.098278,-0.031935,-0.019419,5.188107,-0.885672,
feedback,2.654080,1786439809419,7,Ry,5.000000,15.000000,5.239031,0.239031,,,435.908417,-66.844376,179.598846,-168.491898,29.497009,-174.275299,435.934723,-66.859612,179.601089,-169.523026,17.081663,-176.884644,-0.502400,-0.239108,0.353403,-0.046152,5.154617,-0.937035,
feedback,2.662291,1786439809427,7,Ry,5.000000,15.000000,5.056550,0.056550,,,435.908417,-66.844376,179.598846,-168.491898,29.497009,-174.275299,435.935394,-66.861725,179.610611,-169.524979,17.042244,-176.892670,0.087636,-0.353978,1.387616,-0.073091,4.970599,-0.929748,
feedback,2.671321,1786439809436,7,Ry,5.000000,15.000000,4.905853,-0.094147,,,435.908417,-66.844376,179.598846,-168.491898,29.497009,-174.275299,435.939636,-66.861923,179.620468,-169.527893,17.003832,-176.901810,0.654911,0.096643,1.195932,0.096388,4.799716,-1.031007,
feedback,2.678658,1786439809440,7,Ry,5.000000,15.000000,5.035700,0.035700,,,435.908417,-66.844376,179.598846,-168.491898,29.497009,-174.275299,435.939972,-66.862785,179.626785,-169.530762,16.964907,-176.911133,-0.191181,-0.044790,0.656500,0.101796,4.924627,-1.070338,
feedback,2.686941,1786439809448,7,Ry,5.000000,15.000000,5.112138,0.112138,,,435.908417,-66.844376,179.598846,-168.491898,29.497009,-174.275299,435.937622,-66.864075,179.628326,-169.532120,16.944942,-176.915848,-0.588296,-0.321849,0.384508,0.056698,5.001108,-1.076783,
feedback,2.695228,1786439809457,7,Ry,5.000000,15.000000,5.255495,0.255495,,,435.908417,-66.844376,179.598846,-168.491898,29.497009,-174.275299,435.927765,-66.864082,179.621628,-169.535187,16.903631,-176.924866,-1.148214,0.069964,-1.125385,0.095654,5.161025,-0.995504,
feedback,2.703180,1786439809465,7,Ry,5.000000,15.000000,4.854322,-0.145678,,,435.908417,-66.844376,179.598846,-168.491898,29.497009,-174.275299,435.926514,-66.861656,179.613770,-169.540131,16.844587,-176.937790,0.742117,0.529021,-0.099035,0.217602,4.761207,-0.952706,
feedback,2.711305,1786439809474,7,Ry,5.000000,15.000000,4.730782,-0.269218,,,435.908417,-66.844376,179.598846,-168.491898,29.497009,-174.275299,435.932281,-66.857422,179.615097,-169.544327,16.807306,-176.946457,0.855420,0.836953,0.311790,0.309914,4.645483,-0.897586,
feedback,2.719304,1786439809482,7,Ry,5.000000,15.000000,5.034636,0.034636,,,435.908417,-66.844376,179.598846,-168.491898,29.497009,-174.275299,435.932251,-66.851120,179.609039,-169.549026,16.768610,-176.955231,-0.322423,0.777851,-0.878766,0.274740,4.949840,-0.921330,
feedback,2.728089,1786439809491,7,Ry,5.000000,15.000000,5.319605,0.319605,,,435.908417,-66.844376,179.598846,-168.491898,29.497009,-174.275299,435.919495,-66.849754,179.600937,-169.553040,16.727598,-176.963928,-1.936254,-0.009613,-1.345778,0.165928,5.241409,-0.908845,
feedback,2.735948,1786439809499,7,Ry,5.000000,15.000000,5.114695,0.114695,,,435.908417,-66.844376,179.598846,-168.491898,29.497009,-174.275299,435.911804,-66.850624,179.595459,-169.556122,16.687078,-176.972107,-0.613228,-0.173667,-0.543755,0.078186,5.026862,-0.945591,
feedback,2.744870,1786439809507,7,Ry,5.000000,15.000000,5.265420,0.265420,,,435.908417,-66.844376,179.598846,-168.491898,29.497009,-174.275299,435.905365,-66.850014,179.593582,-169.559052,16.646080,-176.980286,-0.998487,0.175512,-0.113264,0.100214,5.186156,-0.910172,
feedback,2.752334,1786439809516,7,Ry,5.000000,15.000000,5.144120,0.144120,,,435.908417,-66.844376,179.598846,-168.491898,29.497009,-174.275299,435.898010,-66.850876,179.594711,-169.561447,16.605082,-176.988281,-0.419966,-0.037806,0.181746,-0.023877,5.059667,-0.929016,
feedback,2.760419,1786439809524,7,Ry,5.000000,15.000000,5.269447,0.269447,,,435.908417,-66.844376,179.598846,-168.491898,29.497009,-174.275299,435.890350,-66.851166,179.600037,-169.563461,16.564192,-176.995392,-1.158764,0.019179,0.218000,-0.045239,5.210632,-0.794566,
feedback,2.768612,1786439809532,7,Ry,5.000000,15.000000,5.172513,0.172513,,,435.908417,-66.844376,179.598846,-168.491898,29.497009,-174.275299,435.886658,-66.851501,179.603455,-169.565506,16.523373,-177.003387,-0.236430,0.076053,0.199898,0.004937,5.087268,-0.935988,
feedback,2.778145,1786439809541,7,Ry,5.000000,15.000000,5.284997,0.284997,,,435.908417,-66.844376,179.598846,-168.491898,29.497009,-174.275299,435.882904,-66.852966,179.604721,-169.567581,16.482477,-177.011612,-0.893372,-0.185524,-0.165562,-0.012580,5.203123,-0.926714,
feedback,2.785348,1786439809549,7,Ry,5.000000,15.000000,5.332747,0.332747,,,435.908417,-66.844376,179.598846,-168.491898,29.497009,-174.275299,435.870514,-66.853500,179.594421,-169.570541,16.419003,-177.022598,-0.738445,0.057283,-0.931810,-0.026922,5.256180,-0.900792,
feedback,2.793385,1786439809558,7,Ry,5.000000,15.000000,4.973636,-0.026364,,,435.908417,-66.844376,179.598846,-168.491898,29.497009,-174.275299,435.872437,-66.851868,179.595215,-169.573227,16.379129,-177.030579,0.590353,0.170149,0.738831,0.064708,4.891015,-0.903700,
feedback,2.801658,1786439809566,7,Ry,5.000000,15.000000,4.927977,-0.072023,,,435.908417,-66.844376,179.598846,-168.491898,29.497009,-174.275299,435.881622,-66.849083,179.601669,-169.575699,16.340649,-177.038391,1.054402,0.328781,0.799510,0.056383,4.846043,-0.895811,
feedback,2.809498,1786439809574,7,Ry,5.000000,15.000000,4.968004,-0.031996,,,435.908417,-66.844376,179.598846,-168.491898,29.497009,-174.275299,435.886261,-66.847015,179.603455,-169.578186,16.301575,-177.046005,0.494903,-0.019632,0.059790,0.022988,4.888030,-0.888197,
feedback,2.817196,1786439809583,7,Ry,5.000000,15.000000,4.764356,-0.235644,,,435.908417,-66.844376,179.598846,-168.491898,29.497009,-174.275299,435.895386,-66.843712,179.603333,-169.580887,16.263575,-177.053757,1.534011,0.582244,-0.073601,0.106291,4.683425,-0.875801,
feedback,2.825530,1786439809591,7,Ry,5.000000,15.000000,4.845942,-0.154058,,,435.908417,-66.844376,179.598846,-168.491898,29.497009,-174.275299,435.907349,-66.838577,179.598724,-169.583893,16.224958,-177.061462,1.956671,0.710752,-0.831209,0.099214,4.776548,-0.817491,
feedback,2.833904,1786439809595,7,Ry,5.000000,15.000000,4.802145,-0.197855,,,435.908417,-66.844376,179.598846,-168.491898,29.497009,-174.275299,435.914673,-66.835892,179.596390,-169.585098,16.206057,-177.065018,1.831750,0.672469,-0.584141,0.048586,4.734266,-0.805077,
feedback,2.842052,1786439809604,7,Ry,5.000000,15.000000,4.597815,-0.402185,,,435.908417,-66.844376,179.598846,-168.491898,29.497009,-174.275299,435.935852,-66.830009,179.598801,-169.588287,16.170572,-177.072601,1.919186,0.554532,0.282631,0.159139,4.519086,-0.848741,
feedback,2.850939,1786439809612,7,Ry,5.000000,15.000000,4.946940,-0.053060,,,435.908417,-66.844376,179.598846,-168.491898,29.497009,-174.275299,435.943634,-66.828056,179.600815,-169.590820,16.132729,-177.079941,0.441158,0.065167,0.193291,0.007734,4.880945,-0.807047,
feedback,2.858865,1786439809621,7,Ry,5.000000,15.000000,4.929533,-0.070467,,,435.908417,-66.844376,179.598846,-168.491898,29.497009,-174.275299,435.948944,-66.825722,179.600266,-169.593094,16.093775,-177.086502,0.710304,0.306695,0.031690,0.021056,4.873245,-0.750445,
feedback,2.866666,1786439809629,7,Ry,5.000000,15.000000,5.166998,0.166998,,,435.908417,-66.844376,179.598846,-168.491898,29.497009,-174.275299,435.948944,-66.826912,179.599960,-169.595917,16.033285,-177.097107,-0.110614,-0.431033,0.011998,-0.054630,5.090448,-0.886182,
feedback,2.875419,1786439809638,7,Ry,5.000000,15.000000,5.180771,0.180771,,,435.908417,-66.844376,179.598846,-168.491898,29.497009,-174.275299,435.946960,-66.830162,179.599442,-169.597717,15.992597,-177.104980,-0.051095,-0.269244,0.008278,-0.029792,5.098099,-0.922126,
feedback,2.883448,1786439809646,7,Ry,5.000000,15.000000,5.289108,0.289108,,,435.908417,-66.844376,179.598846,-168.491898,29.497009,-174.275299,435.936523,-66.832634,179.602356,-169.599747,15.950741,-177.113129,-1.387735,-0.264583,0.402379,-0.018009,5.202302,-0.955057,
feedback,2.892360,1786439809655,7,Ry,5.000000,15.000000,5.163664,0.163664,,,435.908417,-66.844376,179.598846,-168.491898,29.497009,-174.275299,435.926361,-66.834152,179.604233,-169.602051,15.909714,-177.121353,-0.968342,-0.041321,0.212662,0.061239,5.077785,-0.938815,
feedback,2.899177,1786439809663,7,Ry,5.000000,15.000000,5.250653,0.250653,,,435.908417,-66.844376,179.598846,-168.491898,29.497009,-174.275299,435.917999,-66.834862,179.606705,-169.604218,15.868231,-177.129456,-0.872327,-0.051087,0.075335,-0.008227,5.168971,-0.922621,
feedback,2.907557,1786439809671,7,Ry,5.000000,15.000000,5.348399,0.348399,,,435.908417,-66.844376,179.598846,-168.491898,29.497009,-174.275299,435.908966,-66.838135,179.604355,-169.606293,15.826467,-177.138016,-1.285969,-0.445746,-0.350735,-0.000797,5.253537,-1.005951,
feedback,2.915947,1786439809680,7,Ry,5.000000,15.000000,5.410041,0.410041,,,435.908417,-66.844376,179.598846,-168.491898,29.497009,-174.275299,435.897797,-66.840981,179.597610,-169.608826,15.784277,-177.146622,-1.591756,-0.351673,-1.019418,0.043595,5.322087,-0.972135,
feedback,2.923898,1786439809688,7,Ry,5.000000,15.000000,5.389761,0.389761,,,435.908417,-66.844376,179.598846,-168.491898,29.497009,-174.275299,435.882050,-66.844063,179.587555,-169.610901,15.741537,-177.154922,-1.904976,-0.413238,-1.120682,-0.013245,5.300007,-0.980586,
feedback,2.932603,1786439809696,7,Ry,5.000000,15.000000,5.098287,0.098287,,,435.908417,-66.844376,179.598846,-168.491898,29.497009,-174.275299,435.874512,-66.843819,179.587570,-169.613739,15.700923,-177.163040,-0.617075,0.000541,0.392274,0.086850,5.013196,-0.928623,
feedback,2.941216,1786439809705,7,Ry,5.000000,15.000000,4.906017,-0.093983,,,435.908417,-66.844376,179.598846,-168.491898,29.497009,-174.275299,435.874359,-66.844719,179.589600,-169.616287,15.662228,-177.171722,0.103782,-0.126029,0.102246,0.073205,4.804117,-1.007190,
feedback,2.948884,1786439809713,7,Ry,5.000000,15.000000,4.937623,-0.062377,,,435.908417,-66.844376,179.598846,-168.491898,29.497009,-174.275299,435.873718,-66.844231,179.587357,-169.620148,15.604183,-177.183899,-0.037759,0.226745,-0.341664,0.071348,4.855783,-0.896119,
feedback,2.956588,1786439809722,7,Ry,5.000000,15.000000,4.817403,-0.182597,,,435.908417,-66.844376,179.598846,-168.491898,29.497009,-174.275299,435.877960,-66.842110,179.581360,-169.622681,15.566055,-177.192017,0.847704,0.316966,-0.666211,0.113109,4.725330,-0.943660,
feedback,2.966013,1786439809730,7,Ry,5.000000,15.000000,4.882007,-0.117993,,,435.908417,-66.844376,179.598846,-168.491898,29.497009,-174.275299,435.884308,-66.841530,179.580109,-169.624969,15.527939,-177.200470,0.676131,-0.047605,0.039945,0.012469,4.778944,-1.011739,
feedback,2.973277,1786439809734,7,Ry,5.000000,15.000000,4.850121,-0.149879,,,435.908417,-66.844376,179.598846,-168.491898,29.497009,-174.275299,435.886566,-66.840019,179.583313,-169.626251,15.508943,-177.204590,0.565497,0.377011,0.803842,0.075793,4.758416,-0.944447,
feedback,2.982588,1786439809743,7,Ry,5.000000,15.000000,5.075929,0.075929,,,435.908417,-66.844376,179.598846,-168.491898,29.497009,-174.275299,435.886810,-66.838654,179.589310,-169.628464,15.470361,-177.212067,-0.488534,0.354750,0.417640,0.024675,5.006292,-0.838964,
feedback,2.989453,1786439809751,7,Ry,5.000000,15.000000,5.058300,0.058300,,,435.908417,-66.844376,179.598846,-168.491898,29.497009,-174.275299,435.886139,-66.838448,179.593079,-169.630203,15.430656,-177.219788,-0.043466,0.025501,0.396002,-0.040775,4.978131,-0.897249,
feedback,2.998189,1786439809760,7,Ry,5.000000,15.000000,4.965635,-0.034365,,,435.908417,-66.844376,179.598846,-168.491898,29.497009,-174.275299,435.889893,-66.837265,179.600281,-169.632294,15.391155,-177.227463,0.670662,0.091643,1.219712,-0.014662,4.885108,-0.891166,
feedback,3.005655,1786439809768,7,Ry,5.000000,15.000000,5.058522,0.058522,,,435.908417,-66.844376,179.598846,-168.491898,29.497009,-174.275299,435.895508,-66.836227,179.608566,-169.634293,15.351760,-177.235321,0.518052,0.309279,0.824840,0.012870,4.980119,-0.887207,
feedback,3.013794,1786439809776,7,Ry,5.000000,15.000000,5.091978,0.091978,,,435.908417,-66.844376,179.598846,-168.491898,29.497009,-174.275299,435.894989,-66.837296,179.615128,-169.636078,15.311496,-177.242722,-0.101948,-0.159157,0.759688,-0.019971,5.022739,-0.838145,
feedback,3.022132,1786439809785,7,Ry,5.000000,15.000000,4.965091,-0.034909,,,435.908417,-66.844376,179.598846,-168.491898,29.497009,-174.275299,435.900299,-66.836700,179.632629,-169.638855,15.252810,-177.253616,0.375294,-0.043306,1.787765,-0.003207,4.884412,-0.891967,
feedback,3.030376,1786439809793,7,Ry,5.000000,15.000000,4.801735,-0.198265,,,435.908417,-66.844376,179.598846,-168.491898,29.497009,-174.275299,435.909821,-66.835320,179.641876,-169.640762,15.214443,-177.261398,1.414208,0.065537,1.314139,-0.035704,4.714180,-0.916740,
feedback,3.038908,1786439809802,7,Ry,5.000000,15.000000,4.804073,-0.195927,,,435.908417,-66.844376,179.598846,-168.491898,29.497009,-174.275299,435.916779,-66.833824,179.642258,-169.642654,15.176229,-177.268890,0.813260,0.380157,0.217208,0.019893,4.731988,-0.829092,
feedback,3.046714,1786439809810,7,Ry,5.000000,15.000000,4.712395,-0.287605,,,435.908417,-66.844376,179.598846,-168.491898,29.497009,-174.275299,435.920166,-66.833557,179.635468,-169.643402,15.138568,-177.275101,0.327955,0.081571,-0.898903,-0.149204,4.654492,-0.740724,
feedback,3.055023,1786439809818,7,Ry,5.000000,15.000000,4.446453,-0.553547,,,435.908417,-66.844376,179.598846,-168.491898,29.497009,-174.275299,435.924927,-66.829880,179.627914,-169.644318,15.102848,-177.281219,0.522432,0.471273,-0.977319,-0.098802,4.384706,-0.739250,
feedback,3.063249,1786439809827,7,Ry,5.000000,15.000000,4.007328,-0.992672,,,435.908417,-66.844376,179.598846,-168.491898,29.497009,-174.275299,435.931244,-66.828079,179.622726,-169.645493,15.070573,-177.286911,0.804734,0.038066,-0.534792,-0.051102,3.945634,-0.700515,
feedback,3.071463,1786439809835,7,Ry,5.000000,15.000000,3.670325,-1.329675,,,435.908417,-66.844376,179.598846,-168.491898,29.497009,-174.275299,435.939941,-66.826538,179.622498,-169.646439,15.041166,-177.292633,1.253897,0.274123,0.350756,-0.074962,3.608699,-0.670680,
feedback,3.079585,1786439809844,7,Ry,5.000000,15.000000,3.556263,-1.443737,,,435.908417,-66.844376,179.598846,-168.491898,29.497009,-174.275299,435.946899,-66.824059,179.619919,-169.647842,15.012937,-177.298019,0.813045,0.372616,-0.238539,0.040674,3.502074,-0.618423,
feedback,3.087953,1786439809852,7,Ry,5.000000,15.000000,3.534504,-1.465496,,,435.908417,-66.844376,179.598846,-168.491898,29.497009,-174.275299,435.949677,-66.823868,179.616226,-169.649170,14.984907,-177.303467,0.344953,0.109742,-0.428255,0.005487,3.478335,-0.627778,
feedback,3.096960,1786439809860,7,Ry,5.000000,15.000000,3.701769,-1.298231,,,435.908417,-66.844376,179.598846,-168.491898,29.497009,-174.275299,435.945282,-66.826431,179.611084,-169.649826,14.955874,-177.308044,-0.583479,-0.350249,-0.585738,-0.116934,3.663481,-0.541035,
feedback,3.104305,1786439809869,7,Ry,5.000000,15.000000,3.778441,-1.221559,,,435.908417,-66.844376,179.598846,-168.491898,29.497009,-174.275299,435.940765,-66.830498,179.603912,-169.650314,14.926058,-177.313217,-0.401818,-0.501405,-1.024467,-0.113170,3.721460,-0.653797,
feedback,3.113292,1786439809877,7,Ry,5.000000,15.000000,3.141487,-1.858513,,,435.908417,-66.844376,179.598846,-168.491898,29.497009,-174.275299,435.943726,-66.837776,179.595154,-169.650742,14.885944,-177.321259,0.657585,-0.264167,-0.553526,-0.096126,3.082076,-0.611861,
feedback,3.120418,1786439809886,7,Ry,5.000000,15.000000,2.736021,-2.263979,,,435.908417,-66.844376,179.598846,-168.491898,29.497009,-174.275299,435.945770,-66.840294,179.592026,-169.651093,14.863816,-177.325500,0.025647,-0.338821,-0.414517,-0.077361,2.693659,-0.479676,
feedback,3.128970,1786439809894,7,Ry,5.000000,15.000000,2.387567,-2.612433,,,435.908417,-66.844376,179.598846,-168.491898,29.497009,-174.275299,435.941498,-66.842155,179.587341,-169.651428,14.844322,-177.328766,-0.771173,-0.343788,-0.674700,-0.102840,2.358452,-0.374078,
feedback,3.137069,1786439809902,7,Ry,5.000000,15.000000,2.007525,-2.992475,,,435.908417,-66.844376,179.598846,-168.491898,29.497009,-174.275299,435.932068,-66.844986,179.580093,-169.651611,14.827629,-177.331390,-1.269334,-0.291323,-0.862573,-0.047452,1.986549,-0.294630,
feedback,3.145395,1786439809907,7,Ry,5.000000,15.000000,1.710025,-3.289975,,,435.908417,-66.844376,179.598846,-168.491898,29.497009,-174.275299,435.928253,-66.846031,179.576691,-169.651825,14.820892,-177.332626,-0.957184,-0.261192,-0.853432,-0.026988,1.684610,-0.293762,
feedback,3.153833,1786439809915,7,Ry,5.000000,15.000000,1.339632,-3.660368,,,435.908417,-66.844376,179.598846,-168.491898,29.497009,-174.275299,435.920898,-66.847923,179.574036,-169.651932,14.809319,-177.334381,-0.740772,-0.338456,-0.182289,-0.054726,1.317079,-0.245140,
feedback,3.161898,1786439809924,7,Ry,5.000000,15.000000,1.272264,-3.727736,,,435.908417,-66.844376,179.598846,-168.491898,29.497009,-174.275299,435.912598,-66.848839,179.574707,-169.651947,14.799025,-177.335846,-1.022013,-0.136599,0.098884,-0.054004,1.261429,-0.172799,
feedback,3.170036,1786439809932,7,Ry,5.000000,15.000000,1.230699,-3.769301,,,435.908417,-66.844376,179.598846,-168.491898,29.497009,-174.275299,435.905396,-66.850510,179.577423,-169.652100,14.789085,-177.337265,-0.905312,-0.214514,0.299052,-0.019106,1.218849,-0.174893,
feedback,3.178326,1786439809940,7,Ry,5.000000,15.000000,1.106592,-3.893408,,,435.908417,-66.844376,179.598846,-168.491898,29.497009,-174.275299,435.899445,-66.854408,179.578278,-169.651978,14.779911,-177.338745,-0.624395,-0.579514,0.090470,-0.091195,1.088856,-0.197449,
feedback,3.186338,1786439809949,7,Ry,5.000000,15.000000,0.667200,-4.332800,,,435.908417,-66.844376,179.598846,-168.491898,29.497009,-174.275299,435.899567,-66.859138,179.583191,-169.651810,14.770594,-177.340820,0.235110,-0.306201,0.330673,-0.025557,0.649175,-0.160604,
feedback,3.195115,1786439809957,7,Ry,5.000000,15.000000,0.524238,-4.475762,,,435.908417,-66.844376,179.598846,-168.491898,29.497009,-174.275299,435.897766,-66.861588,179.581879,-169.651978,14.766057,-177.341965,-0.201757,-0.410164,-0.222826,-0.032196,0.508403,-0.135677,
feedback,3.202361,1786439809966,7,Ry,5.000000,15.000000,0.298164,-4.701836,,,435.908417,-66.844376,179.598846,-168.491898,29.497009,-174.275299,435.895264,-66.862770,179.581558,-169.652039,14.763114,-177.342514,-0.304383,-0.223608,0.034218,-0.022699,0.291537,-0.063681,
feedback,3.211722,1786439809974,7,Ry,5.000000,15.000000,0.103805,-4.896195,,,435.908417,-66.844376,179.598846,-168.491898,29.497009,-174.275299,435.893829,-66.862091,179.581802,-169.652237,14.762026,-177.342712,-0.233557,0.027821,0.075798,0.004408,0.102977,-0.013781,
feedback,3.219301,1786439809982,7,Ry,5.000000,15.000000,0.001470,-4.998530,,,435.908417,-66.844376,179.598846,-168.491898,29.497009,-174.275299,435.893738,-66.861473,179.582092,-169.652420,14.761893,-177.342804,-0.021298,0.016966,0.052707,0.008255,0.000596,-0.005078,
feedback,3.226931,1786439809991,7,Ry,5.000000,15.000000,-0.005058,-5.005058,,,435.908417,-66.844376,179.598846,-168.491898,29.497009,-174.275299,435.893738,-66.861023,179.582123,-169.652542,14.761854,-177.342758,0.002333,0.023344,0.043294,0.008268,-0.004881,0.001454,
feedback,3.235075,1786439809999,7,Ry,5.000000,15.000000,-0.011586,-5.011586,,,435.908417,-66.844376,179.598846,-168.491898,29.497009,-174.275299,435.893555,-66.859940,179.582001,-169.652756,14.761782,-177.342697,0.087415,0.046307,0.040170,0.006504,-0.009206,0.014517,
feedback,3.243848,1786439810007,7,Ry,5.000000,15.000000,-0.008646,-5.008646,,,435.908417,-66.844376,179.598846,-168.491898,29.497009,-174.275299,435.893463,-66.858856,179.581741,-169.652985,14.761677,-177.342575,0.055695,0.083174,-0.001957,0.014133,-0.002252,0.037020,
feedback,3.252104,1786439810016,7,Ry,5.000000,15.000000,0.004411,-4.995589,,,435.908417,-66.844376,179.598846,-168.491898,29.497009,-174.275299,435.893250,-66.858566,179.581223,-169.653107,14.761569,-177.342499,0.008432,0.070418,0.016869,0.014108,0.008702,0.023956,
feedback,3.261426,1786439810024,7,Ry,5.000000,15.000000,-0.029979,-5.029979,,,435.908417,-66.844376,179.598846,-168.491898,29.497009,-174.275299,435.893280,-66.858383,179.581573,-169.653137,14.761581,-177.342331,0.161825,0.016313,0.191496,0.006543,-0.025637,0.027246,
feedback,3.267958,1786439810033,5,Ry,5.000000,15.000000,0.002940,-4.997060,,,435.908417,-66.844376,179.598846,-168.491898,29.497009,-174.275299,435.892944,-66.857834,179.581146,-169.653229,14.761428,-177.341995,0.035495,0.055008,0.053944,0.009405,0.005801,0.015971,
feedback,3.276194,1786439810041,5,Ry,5.000000,15.000000,0.012399,-4.987601,,,435.908417,-66.844376,179.598846,-168.491898,29.497009,-174.275299,435.893280,-66.857704,179.581467,-169.653427,14.761480,-177.342010,-0.051983,-0.027973,-0.030308,0.037098,0.011644,-0.005346,
