event,pc_time_s,controller_timestamp,robot_mode,axis,target_speed_deg_s,target_delta_deg,selected_actual_deg_s,speed_error_deg_s,command_interval_ms,command_latency_ms,target_x,target_y,target_z,target_rx,target_ry,target_rz,actual_x,actual_y,actual_z,actual_rx,actual_ry,actual_rz,tcp_vx,tcp_vy,tcp_vz,tcp_wx,tcp_wy,tcp_wz,response
feedback,0.004604,1786354405512,5,Ry,0.000000,0.000000,0.020599,0.020599,,,359.999603,-134.999649,479.999146,0.000549,-44.999836,-0.000356,360.000244,-134.999222,479.998566,0.000467,-44.999752,-0.000262,0.022455,-0.075740,-0.068660,-0.014566,0.020599,-0.008878,
feedback,0.011909,1786354405520,5,Ry,0.000000,0.000000,-0.034332,-0.034332,,,359.999603,-134.999649,479.999146,0.000549,-44.999836,-0.000356,359.999664,-134.999557,479.999176,0.000522,-44.999889,-0.000395,0.007995,-0.139976,0.064112,0.014566,-0.034332,-0.025455,
command,0.000012,,,Ry,50.000000,170.000000,,,,10.803,359.999603,-134.999649,479.999146,0.000549,-44.999836,-0.000356,,,,,,,,,,,,,"0,{1310},RelMovLTool(0.000000,0.000000,0.000000,0.000000,170.000000,0.000000,a=30,v=84,cp=100);"
feedback,0.020086,1786354405529,7,Ry,50.000000,170.000000,-0.013733,-50.013733,,,359.999603,-134.999649,479.999146,0.000549,-44.999836,-0.000356,359.999908,-134.999344,479.999146,0.000467,-44.999863,-0.000329,0.037653,0.010546,0.078930,-0.004855,-0.013733,-0.004855,
command,0.010982,,,Ry,50.000000,250.000000,,,10.969,7.750,359.999603,-134.999649,479.999146,0.000549,-44.999836,-0.000356,,,,,,,,,,,,,"0,{1311},RelMovLTool(0.000000,0.000000,0.000000,0.000000,80.000000,0.000000,a=30,v=84,cp=0);"
feedback,0.028787,1786354405537,7,Ry,50.000000,250.000000,0.020599,-49.979401,,,359.999603,-134.999649,479.999146,0.000549,-44.999836,-0.000356,359.999908,-134.999176,479.998718,0.000439,-44.999752,-0.000262,0.049504,0.022051,-0.144782,0.004855,0.020599,0.021432,
feedback,0.036633,1786354405546,7,Ry,50.000000,250.000000,0.000000,-50.000000,,,359.999603,-134.999649,479.999146,0.000549,-44.999836,-0.000356,360.000092,-134.999039,479.999207,0.000604,-44.999836,-0.000246,-0.073690,-0.042185,0.083478,0.024277,0.000000,0.014566,
feedback,0.045608,1786354405554,7,Ry,50.000000,250.000000,0.013733,-49.986267,,,359.999603,-134.999649,479.999146,0.000549,-44.999836,-0.000356,360.000031,-134.998871,479.999084,0.000522,-44.999836,-0.000285,0.089881,0.086287,-0.086286,0.009711,0.013733,0.004022,
feedback,0.053043,1786354405562,7,Ry,50.000000,250.000000,-0.020599,-50.020599,,,359.999603,-134.999649,479.999146,0.000549,-44.999836,-0.000356,360.000031,-134.998825,479.999420,0.000467,-44.999916,-0.000246,0.073605,0.183119,0.122073,-0.009711,-0.020599,0.027466,
feedback,0.061497,1786354405571,7,Ry,50.000000,250.000000,-0.027466,-50.027466,,,359.999603,-134.999649,479.999146,0.000549,-44.999836,-0.000356,360.000153,-134.998825,479.999237,0.000412,-44.999889,-0.000169,0.001743,0.096832,0.127156,-0.019421,-0.027466,0.023444,
feedback,0.069276,1786354405579,7,Ry,50.000000,250.000000,-0.013733,-50.013733,,,359.999603,-134.999649,479.999146,0.000549,-44.999836,-0.000356,359.999847,-134.999222,479.999054,0.000494,-44.999779,-0.000301,-0.051205,0.118883,0.108995,0.009711,-0.013733,0.020599,
feedback,0.078088,1786354405588,7,Ry,50.000000,250.000000,0.034332,-49.965668,,,359.999603,-134.999649,479.999146,0.000549,-44.999836,-0.000356,359.999786,-134.999084,479.999298,0.000494,-44.999779,-0.000235,-0.002687,0.065194,0.012009,0.004855,0.034332,0.028299,
feedback,0.085925,1786354405596,7,Ry,50.000000,250.000000,0.096130,-49.903870,,,359.999603,-134.999649,479.999146,0.000549,-44.999836,-0.000356,359.999603,-134.999222,479.999847,0.000522,-44.999203,-0.000340,-0.060331,-0.075740,0.109876,0.004855,0.096130,-0.028299,
feedback,0.093901,1786354405605,7,Ry,50.000000,250.000000,0.240326,-49.759674,,,359.999603,-134.999649,479.999146,0.000549,-44.999836,-0.000356,359.998962,-134.999252,480.000946,0.000494,-44.997829,-0.000262,-0.166298,-0.064236,0.076714,0.019421,0.240326,-0.006867,
feedback,0.102437,1786354405613,7,Ry,50.000000,250.000000,0.453186,-49.546814,,,359.999603,-134.999649,479.999146,0.000549,-44.999836,-0.000356,359.997711,-134.999695,480.005096,0.000494,-44.994972,-0.000423,-0.265707,-0.054648,0.798090,-0.009713,0.453186,-0.033153,
feedback,0.110569,1786354405617,7,Ry,50.000000,250.000000,0.583649,-49.416351,,,359.999603,-134.999649,479.999146,0.000549,-44.999836,-0.000356,359.997314,-134.998871,480.008362,0.000522,-44.992638,-0.000285,-0.099489,0.205168,0.813803,0.004854,0.583649,0.039187,
feedback,0.118684,1786354405625,7,Ry,50.000000,250.000000,0.844574,-49.155426,,,359.999603,-134.999649,479.999146,0.000549,-44.999836,-0.000356,359.995453,-134.998566,480.017487,0.000522,-44.986458,-0.000191,-0.193007,0.205166,1.171809,0.004852,0.844574,0.039186,
feedback,0.127108,1786354405634,7,Ry,50.000000,250.000000,1.078033,-48.921967,,,359.999603,-134.999649,479.999146,0.000549,-44.999836,-0.000356,359.991852,-134.999298,480.028595,0.000522,-44.978413,-0.000262,-0.468503,-0.032597,1.291755,-0.004860,1.078033,-0.011720,
feedback,0.134439,1786354405642,7,Ry,50.000000,250.000000,1.380158,-48.619842,,,359.999603,-134.999649,479.999146,0.000549,-44.999836,-0.000356,359.986267,-134.998871,480.040894,0.000439,-44.967949,-0.000168,-0.784044,0.107372,1.541990,-0.024279,1.380157,0.018602,
feedback,0.143382,1786354405651,7,Ry,50.000000,250.000000,1.647949,-48.352051,,,359.999603,-134.999649,479.999146,0.000549,-44.999836,-0.000356,359.978729,-134.999298,480.050751,0.000549,-44.955177,-0.000301,-1.005552,-0.053690,1.126566,0.004854,1.647949,-0.002015,
feedback,0.151175,1786354405659,7,Ry,50.000000,250.000000,2.094269,-47.905731,,,359.999603,-134.999649,479.999146,0.000549,-44.999836,-0.000356,359.968781,-134.999039,480.068542,0.000603,-44.931911,-0.000246,-0.746776,0.076685,1.680478,0.033996,2.094269,0.035125,
feedback,0.159918,1786354405668,7,Ry,50.000000,250.000000,2.664185,-47.335815,,,359.999603,-134.999649,479.999146,0.000549,-44.999836,-0.000356,359.961182,-134.999008,480.083527,0.000411,-44.911808,-0.000196,-0.895658,0.021089,1.851443,-0.014582,2.664185,-0.004833,
feedback,0.167788,1786354405676,7,Ry,50.000000,250.000000,3.364563,-46.635437,,,359.999603,-134.999649,479.999146,0.000549,-44.999836,-0.000356,359.953369,-134.999084,480.098358,0.000493,-44.886238,-0.000234,-0.921348,0.010543,1.764804,-0.014568,3.364563,0.004884,
feedback,0.176443,1786354405685,7,Ry,50.000000,250.000000,4.133606,-45.866394,,,359.999603,-134.999649,479.999146,0.000549,-44.999836,-0.000356,359.947510,-134.999481,480.108063,0.000575,-44.854733,-0.000366,-0.653816,-0.043138,0.973547,0.004833,4.133606,-0.011734,
feedback,0.183964,1786354405693,7,Ry,50.000000,250.000000,4.717255,-45.282745,,,359.999603,-134.999649,479.999146,0.000549,-44.999836,-0.000356,359.941925,-134.999435,480.117340,0.000438,-44.817875,-0.000211,-0.686061,-0.086274,1.135700,-0.014531,4.717255,0.000879,
feedback,0.192868,1786354405701,7,Ry,50.000000,250.000000,5.575562,-44.424438,,,359.999603,-134.999649,479.999146,0.000549,-44.999836,-0.000356,359.938232,-134.998825,480.125519,0.000464,-44.774727,-0.000245,-0.374426,0.183088,1.122445,-0.000060,5.575562,0.017755,
feedback,0.200503,1786354405710,7,Ry,50.000000,250.000000,6.399536,-43.600464,,,359.999603,-134.999649,479.999146,0.000549,-44.999836,-0.000356,359.935486,-134.998993,480.133453,0.000574,-44.725121,-0.000244,-0.304018,0.010545,0.854334,-0.004903,6.399536,-0.004832,
feedback,0.208949,1786354405718,7,Ry,50.000000,250.000000,7.147980,-42.852020,,,359.999603,-134.999649,479.999146,0.000549,-44.999836,-0.000356,359.933868,-134.999344,480.137268,0.000573,-44.669365,-0.000299,-0.242523,-0.117910,0.476639,0.009802,7.147980,0.005632,
feedback,0.216540,1786354405726,7,Ry,50.000000,250.000000,8.095550,-41.904450,,,359.999603,-134.999649,479.999146,0.000549,-44.999836,-0.000356,359.933624,-134.999176,480.137848,0.000599,-44.606663,-0.000309,-0.006971,-0.053681,-0.064720,0.009683,8.095551,-0.006933,
feedback,0.225342,1786354405735,7,Ry,50.000000,250.000000,9.029388,-40.970612,,,359.999603,-134.999649,479.999146,0.000549,-44.999836,-0.000356,359.932007,-134.999603,480.142273,0.000571,-44.536240,-0.000430,-0.277153,-0.108313,0.621538,0.004641,9.029388,-0.044914,
feedback,0.233008,1786354405743,7,Ry,50.000000,250.000000,10.574341,-39.425659,,,359.999603,-134.999649,479.999146,0.000549,-44.999836,-0.000356,359.927002,-134.999557,480.152313,0.000461,-44.416710,-0.000313,-0.643631,-0.172539,1.165671,-0.004826,10.574341,-0.022561,
feedback,0.241507,1786354405752,7,Ry,50.000000,250.000000,11.405182,-38.594818,,,359.999603,-134.999649,479.999146,0.000549,-44.999836,-0.000356,359.923523,-134.999741,480.158905,0.000460,-44.327114,-0.000340,-0.370928,-0.118856,0.740464,-0.009726,11.405182,-0.020485,
feedback,0.248989,1786354405760,7,Ry,50.000000,250.000000,12.277222,-37.722778,,,359.999603,-134.999649,479.999146,0.000549,-44.999836,-0.000356,359.923859,-134.999481,480.166443,0.000514,-44.230984,-0.000284,0.062308,0.043134,0.840825,-0.009609,12.277222,0.016707,
feedback,0.257977,1786354405768,7,Ry,50.000000,250.000000,13.183594,-36.816406,,,359.999603,-134.999649,479.999146,0.000549,-44.999836,-0.000356,359.924194,-134.999084,480.175934,0.000459,-44.128372,-0.000190,-0.051065,0.183082,1.403436,-0.009754,13.183594,0.027614,
feedback,0.265680,1786354405773,7,Ry,50.000000,250.000000,13.554382,-36.445618,,,359.999603,-134.999649,479.999146,0.000549,-44.999836,-0.000356,359.924988,-134.999039,480.177917,0.000457,-44.074154,-0.000228,0.213283,0.010547,0.500699,-0.000202,13.554382,-0.009709,
feedback,0.274276,1786354405781,7,Ry,50.000000,250.000000,14.474487,-35.525513,,,359.999603,-134.999649,479.999146,0.000549,-44.999836,-0.000356,359.928864,-134.999557,480.177399,0.000456,-43.960365,-0.000310,0.648190,0.000001,-0.403191,-0.009561,14.474487,0.009885,
feedback,0.282355,1786354405790,7,Ry,50.000000,250.000000,15.284729,-34.715271,,,359.999603,-134.999649,479.999146,0.000549,-44.999836,-0.000356,359.933350,-134.999207,480.172546,0.000565,-43.839706,-0.000227,0.545555,0.033542,-0.683071,0.019956,15.284729,0.042466,
feedback,0.290849,1786354405799,7,Ry,50.000000,250.000000,15.779114,-34.220886,,,359.999603,-134.999649,479.999146,0.000549,-44.999836,-0.000356,359.935883,-134.999344,480.167969,0.000562,-43.714161,-0.000291,0.228629,-0.053681,-0.277169,0.004918,15.779114,-0.002121,
feedback,0.299081,1786354405807,7,Ry,50.000000,250.000000,17.227936,-32.772064,,,359.999603,-134.999649,479.999146,0.000549,-44.999836,-0.000356,359.937347,-134.999176,480.164429,0.000450,-43.516022,-0.000290,0.174008,-0.000951,-0.745963,-0.015239,17.227936,-0.030758,
feedback,0.307060,1786354405816,7,Ry,50.000000,250.000000,18.463898,-31.536102,,,359.999603,-134.999649,479.999146,0.000549,-44.999836,-0.000356,359.939911,-134.999481,480.164307,0.000531,-43.371578,-0.000316,0.301247,-0.150499,-0.225121,0.009938,18.463898,-0.011169,
feedback,0.315022,1786354405824,7,Ry,50.000000,250.000000,19.658661,-30.341339,,,359.999603,-134.999649,479.999146,0.000549,-44.999836,-0.000356,359.939453,-134.999298,480.165161,0.000504,-43.217030,-0.000250,-0.103203,-0.139954,0.164452,0.000246,19.658661,-0.010893,
feedback,0.323532,1786354405833,7,Ry,50.000000,250.000000,20.441437,-29.558563,,,359.999603,-134.999649,479.999146,0.000549,-44.999836,-0.000356,359.942291,-134.999817,480.169739,0.000476,-43.055199,-0.000293,0.482752,-0.118862,0.707014,-0.019110,20.441437,-0.010235,
feedback,0.331326,1786354405841,7,Ry,50.000000,250.000000,21.224213,-28.775787,,,359.999603,-134.999649,479.999146,0.000549,-44.999836,-0.000356,359.944153,-134.999390,480.175751,0.000445,-42.886669,-0.000275,0.114239,0.010546,0.792182,-0.005082,21.224213,-0.004673,
feedback,0.339970,1786354405849,7,Ry,50.000000,250.000000,22.171784,-27.828216,,,359.999603,-134.999649,479.999146,0.000549,-44.999836,-0.000356,359.942841,-134.999390,480.180084,0.000604,-42.711739,-0.000321,0.058208,0.076679,0.013967,0.034478,22.171783,0.033797,
feedback,0.347611,1786354405858,7,Ry,50.000000,250.000000,22.473907,-27.526093,,,359.999603,-134.999649,479.999146,0.000549,-44.999836,-0.000356,359.942841,-134.999512,480.168457,0.000575,-42.532085,-0.000347,0.295145,-0.064228,-2.367501,0.019349,22.473907,-0.007703,
feedback,0.356293,1786354405866,7,Ry,50.000000,250.000000,23.703003,-26.296997,,,359.999603,-134.999649,479.999146,0.000549,-44.999836,-0.000356,359.947021,-134.999435,480.153046,0.000443,-42.344082,-0.000234,0.723785,0.064231,-2.013446,-0.014832,23.703003,0.002691,
feedback,0.364640,1786354405874,7,Ry,50.000000,250.000000,25.158692,-24.841308,,,359.999603,-134.999649,479.999146,0.000549,-44.999836,-0.000356,359.950409,-134.999298,480.136505,0.000468,-42.145340,-0.000206,0.284747,0.086275,-1.815961,-0.004680,25.158691,0.018824,
feedback,0.373017,1786354405883,7,Ry,50.000000,250.000000,26.538849,-23.461151,,,359.999603,-134.999649,479.999146,0.000549,-44.999836,-0.000356,359.947784,-135.000122,480.134857,0.000512,-41.831982,-0.000452,-0.041014,-0.162002,0.143072,0.004030,26.538849,-0.042278,
feedback,0.381164,1786354405891,7,Ry,50.000000,250.000000,28.022003,-21.977997,,,359.999603,-134.999649,479.999146,0.000549,-44.999836,-0.000356,359.947083,-134.999390,480.126923,0.000433,-41.613026,-0.000267,-0.173741,-0.118865,-0.511228,-0.005201,28.022003,-0.025159,
feedback,0.388702,1786354405900,7,Ry,50.000000,250.000000,28.152466,-21.847534,,,359.999603,-134.999649,479.999146,0.000549,-44.999836,-0.000356,359.955475,-134.999435,480.105804,0.000434,-41.389809,-0.000229,1.309830,-0.043135,-1.821102,-0.004607,28.152466,-0.001715,
feedback,0.398398,1786354405904,7,Ry,50.000000,250.000000,28.536987,-21.463013,,,359.999603,-134.999649,479.999146,0.000549,-44.999836,-0.000356,359.958923,-134.999039,480.090790,0.000429,-41.164398,-0.000209,0.074367,0.096823,-1.130960,-0.005265,28.536987,0.009213,
feedback,0.405793,1786354405912,7,Ry,50.000000,250.000000,29.113769,-20.886231,,,359.999603,-134.999649,479.999146,0.000549,-44.999836,-0.000356,359.959351,-134.999557,480.087799,0.000428,-41.047943,-0.000291,0.158579,-0.129415,-0.741267,-0.000056,29.113770,-0.020599,
feedback,0.414156,1786354405921,7,Ry,50.000000,250.000000,30.397796,-19.602204,,,359.999603,-134.999649,479.999146,0.000549,-44.999836,-0.000356,359.963074,-134.999390,480.092987,0.000449,-40.808769,-0.000298,0.310326,-0.065185,1.190175,-0.001492,30.397797,-0.033102,
feedback,0.421925,1786354405929,7,Ry,50.000000,250.000000,31.791687,-18.208313,,,359.999603,-134.999649,479.999146,0.000549,-44.999836,-0.000356,359.969513,-134.999512,480.092041,0.000529,-40.558968,-0.000296,1.119664,-0.086276,0.342642,0.004389,31.791687,-0.018950,
feedback,0.429848,1786354405937,7,Ry,50.000000,250.000000,31.709290,-18.290710,,,359.999603,-134.999649,479.999146,0.000549,-44.999836,-0.000356,359.973785,-134.999207,480.099487,0.000601,-40.305653,-0.000312,0.389725,0.011503,0.791354,0.015603,31.709290,0.020191,
feedback,0.437888,1786354405946,7,Ry,50.000000,250.000000,32.217407,-17.782593,,,359.999603,-134.999649,479.999146,0.000549,-44.999836,-0.000356,359.975159,-134.999130,480.095978,0.000474,-40.049175,-0.000202,0.469937,-0.010545,-0.518336,0.000730,32.217407,0.009674,
feedback,0.446084,1786354405954,7,Ry,50.000000,250.000000,33.673096,-16.326904,,,359.999603,-134.999649,479.999146,0.000549,-44.999836,-0.000356,359.979797,-134.998962,480.091522,0.000471,-39.783665,-0.000173,0.784375,0.000003,-0.720894,-0.000129,33.673096,0.000000,
feedback,0.454290,1786354405963,7,Ry,50.000000,250.000000,34.895325,-15.104675,,,359.999603,-134.999649,479.999146,0.000549,-44.999836,-0.000356,359.977661,-134.999481,480.095337,0.000491,-39.505737,-0.000290,-0.537731,-0.161061,0.996789,0.015810,34.895325,-0.007495,
feedback,0.464081,1786354405971,7,Ry,50.000000,250.000000,36.179352,-13.820648,,,359.999603,-134.999649,479.999146,0.000549,-44.999836,-0.000356,359.973999,-134.999557,480.097595,0.000388,-39.076805,-0.000244,-0.316872,-0.108329,-1.114008,-0.010730,36.179352,-0.029256,
feedback,0.470575,1786354405979,7,Ry,50.000000,250.000000,36.660004,-13.339996,,,359.999603,-134.999649,479.999146,0.000549,-44.999836,-0.000356,359.978394,-134.999512,480.074158,0.000468,-38.784649,-0.000215,0.702741,0.000002,-3.060383,-0.000088,36.660004,0.000000,
feedback,0.479437,1786354405988,7,Ry,50.000000,250.000000,38.047028,-11.952972,,,359.999603,-134.999649,479.999146,0.000549,-44.999836,-0.000356,359.973480,-134.999176,480.067871,0.000356,-38.482334,-0.000186,-0.569546,-0.022049,-0.159399,-0.010860,38.047028,-0.015412,
feedback,0.486885,1786354405996,7,Ry,50.000000,250.000000,38.898468,-11.101532,,,359.999603,-134.999649,479.999146,0.000549,-44.999836,-0.000356,359.971191,-134.999603,480.069336,0.000451,-38.172794,-0.000309,-0.244080,-0.086280,-0.380094,-0.000075,38.898468,-0.013733,
feedback,0.495767,1786354406005,7,Ry,50.000000,250.000000,39.612579,-10.387421,,,359.999603,-134.999649,479.999146,0.000549,-44.999836,-0.000356,359.978943,-134.999649,480.066010,0.000564,-37.854820,-0.000245,1.101315,-0.128463,-1.322393,0.030019,39.612579,-0.007721,
feedback,0.503528,1786354406013,7,Ry,50.000000,250.000000,39.454651,-10.545349,,,359.999603,-134.999649,479.999146,0.000549,-44.999836,-0.000356,359.982880,-134.999557,480.057159,0.000376,-37.539322,-0.000237,0.756985,-0.022047,-0.909391,-0.010965,39.454651,-0.015234,
feedback,0.511966,1786354406021,7,Ry,50.000000,250.000000,41.741180,-8.258820,,,359.999603,-134.999649,479.999146,0.000549,-44.999836,-0.000356,359.987427,-134.999084,480.057251,0.000401,-37.207397,-0.000153,0.640794,0.031641,-0.258150,-0.016546,41.741180,-0.012456,
feedback,0.520058,1786354406030,7,Ry,50.000000,250.000000,42.469025,-7.530975,,,359.999603,-134.999649,479.999146,0.000549,-44.999836,-0.000356,359.996857,-134.999390,480.049194,0.000391,-36.867729,-0.000240,0.822401,0.064237,-1.753874,-0.011088,42.469025,-0.001373,
feedback,0.528148,1786354406038,7,Ry,50.000000,250.000000,42.475891,-7.524109,,,359.999603,-134.999649,479.999146,0.000549,-44.999836,-0.000356,359.997986,-134.998993,480.049896,0.000471,-36.526218,-0.000156,0.427152,0.118884,-1.110734,0.001268,42.475891,0.030204,
feedback,0.536060,1786354406046,7,Ry,50.000000,250.000000,44.165039,-5.834961,,,359.999603,-134.999649,479.999146,0.000549,-44.999836,-0.000356,359.995972,-134.999176,480.033661,0.000488,-36.177017,-0.000216,-0.055998,-0.031639,-3.194941,0.020533,44.165039,0.006617,
feedback,0.544489,1786354406055,7,Ry,50.000000,250.000000,45.311737,-4.688263,,,359.999603,-134.999649,479.999146,0.000549,-44.999836,-0.000356,359.997742,-134.999603,480.026245,0.000369,-35.636162,-0.000194,-0.084713,-0.172572,0.344351,-0.008088,45.311737,-0.016305,
feedback,0.552442,1786354406063,7,Ry,50.000000,250.000000,44.796753,-5.203247,,,359.999603,-134.999649,479.999146,0.000549,-44.999836,-0.000356,359.999176,-134.999252,480.016754,0.000516,-35.276962,-0.000178,0.677294,0.054650,-1.465695,0.016666,44.796753,0.025630,
feedback,0.560620,1786354406067,7,Ry,50.000000,250.000000,45.778656,-4.221344,,,359.999603,-134.999649,479.999146,0.000549,-44.999836,-0.000356,360.009064,-134.998703,480.009857,0.000376,-34.912682,-0.000121,1.379839,0.270377,0.542970,0.016694,45.778656,0.059855,
feedback,0.568795,1786354406076,7,Ry,50.000000,250.000000,46.685028,-3.314972,,,359.999603,-134.999649,479.999146,0.000549,-44.999836,-0.000356,360.009003,-134.999435,480.012512,0.000364,-34.725945,-0.000163,0.107427,-0.183123,0.673438,-0.002291,46.685028,-0.012267,
feedback,0.577671,1786354406084,7,Ry,50.000000,250.000000,46.884155,-3.115845,,,359.999603,-134.999649,479.999146,0.000549,-44.999836,-0.000356,360.010559,-134.999435,480.023499,0.000399,-34.350815,-0.000229,0.197896,-0.129433,1.362910,-0.000112,46.884155,-0.020599,
feedback,0.585151,1786354406093,7,Ry,50.000000,250.000000,48.113251,-1.886749,,,359.999603,-134.999649,479.999146,0.000549,-44.999836,-0.000356,360.011658,-134.999039,480.017273,0.000368,-33.973381,-0.000172,-0.068304,-0.043145,-1.152276,-0.000161,48.113251,-0.006866,
feedback,0.593407,1786354406101,7,Ry,50.000000,250.000000,48.545837,-1.454163,,,359.999603,-134.999649,479.999146,0.000549,-44.999836,-0.000356,359.999725,-134.998962,480.025726,0.000439,-33.587761,-0.000176,-1.251315,0.096828,1.642355,0.005490,48.545837,-0.007226,
feedback,0.601574,1786354406109,7,Ry,50.000000,250.000000,49.211884,-0.788116,,,359.999603,-134.999649,479.999146,0.000549,-44.999836,-0.000356,359.993683,-134.998306,480.037201,0.000281,-33.195850,0.000040,-0.484155,0.150517,0.157933,-0.023029,49.211884,0.030318,
feedback,0.609712,1786354406118,7,Ry,50.000000,250.000000,48.504639,-1.495361,,,359.999603,-134.999649,479.999146,0.000549,-44.999836,-0.000356,359.990723,-134.999130,480.030212,0.000397,-32.805698,-0.000135,-0.268372,-0.172569,-0.852673,-0.000163,48.504639,-0.027466,
feedback,0.618126,1786354406126,7,Ry,50.000000,250.000000,49.871063,-0.128937,,,359.999603,-134.999649,479.999146,0.000549,-44.999836,-0.000356,359.990692,-134.999176,480.038147,0.000387,-32.415161,-0.000068,0.061217,-0.021092,1.217786,-0.003297,49.871063,0.030548,
feedback,0.626621,1786354406135,7,Ry,50.000000,250.000000,49.747467,-0.252533,,,359.999603,-134.999649,479.999146,0.000549,-44.999836,-0.000356,359.996124,-134.999435,480.046173,0.000364,-32.017483,-0.000187,1.324811,-0.118879,0.531947,-0.005941,49.747467,-0.024240,
feedback,0.634281,1786354406143,7,Ry,50.000000,250.000000,49.163819,-0.836181,,,359.999603,-134.999649,479.999146,0.000549,-44.999836,-0.000356,359.998474,-134.999603,480.029938,0.000470,-31.425045,-0.000185,-0.244627,0.087244,-1.324544,0.019739,49.163818,0.040779,
feedback,0.643016,1786354406151,7,Ry,50.000000,250.000000,50.791168,0.791168,,,359.999603,-134.999649,479.999146,0.000549,-44.999836,-0.000356,359.997467,-134.999985,480.027283,0.000401,-31.018717,-0.000298,0.363906,0.118883,-0.192311,0.009374,50.791168,0.018253,
feedback,0.650645,1786354406160,7,Ry,50.000000,250.000000,50.337982,0.337982,,,359.999603,-134.999649,479.999146,0.000549,-44.999836,-0.000356,360.001343,-134.999298,480.009552,0.000382,-30.613514,-0.000154,0.601332,-0.043142,-2.924123,-0.003641,50.337982,-0.000957,
feedback,0.658620,1786354406168,7,Ry,50.000000,250.000000,50.173187,0.173187,,,359.999603,-134.999649,479.999146,0.000549,-44.999836,-0.000356,360.004639,-134.998871,480.006104,0.000341,-30.212925,-0.000130,0.087637,0.021093,-0.961191,-0.018970,50.173187,0.004957,
feedback,0.666918,1786354406177,7,Ry,50.000000,250.000000,50.839234,0.839234,,,359.999603,-134.999649,479.999146,0.000549,-44.999836,-0.000356,360.011047,-134.997787,480.006958,0.000405,-29.809067,0.000095,1.460892,0.258877,-0.255688,-0.003779,50.839233,0.047157,
feedback,0.675786,1786354406185,7,Ry,50.000000,250.000000,50.564575,0.564575,,,359.999603,-134.999649,479.999146,0.000549,-44.999836,-0.000356,360.022797,-134.998398,480.000214,0.000332,-29.403534,0.000018,1.034865,-0.075740,-0.770818,-0.009620,50.564575,-0.011122,
feedback,0.683526,1786354406193,7,Ry,50.000000,250.000000,50.138855,0.138855,,,359.999603,-134.999649,479.999146,0.000549,-44.999836,-0.000356,360.017273,-134.998520,479.988342,0.000332,-29.001820,-0.000071,-0.438666,-0.011509,-0.655395,-0.014928,50.138855,-0.022859,
feedback,0.692138,1786354406202,7,Ry,50.000000,250.000000,51.024628,1.024628,,,359.999603,-134.999649,479.999146,0.000549,-44.999836,-0.000356,360.010742,-134.999908,479.991943,0.000300,-28.597385,-0.000227,-0.305452,0.032598,2.618861,-0.000593,51.024628,0.022211,
feedback,0.699545,1786354406210,7,Ry,50.000000,250.000000,49.939727,-0.060273,,,359.999603,-134.999649,479.999146,0.000549,-44.999836,-0.000356,360.010284,-135.001022,480.001617,0.000382,-28.193060,-0.000453,0.133165,-0.205177,2.521899,0.003776,49.939728,-0.055732,
feedback,0.708000,1786354406218,7,Ry,50.000000,250.000000,49.520874,-0.479126,,,359.999603,-134.999649,479.999146,0.000549,-44.999836,-0.000356,360.004242,-134.999741,480.003754,0.000310,-27.793982,-0.000228,-0.366299,0.290500,1.066462,-0.011890,49.520874,0.019445,
feedback,0.715919,1786354406227,7,Ry,50.000000,250.000000,50.942230,0.942230,,,359.999603,-134.999649,479.999146,0.000549,-44.999836,-0.000356,360.006378,-134.998138,480.019928,0.000402,-27.189020,0.000017,0.547105,0.398844,0.918190,0.002987,50.942230,0.040337,
feedback,0.724919,1786354406235,7,Ry,50.000000,250.000000,50.351715,0.351715,,,359.999603,-134.999649,479.999146,0.000549,-44.999836,-0.000356,360.002533,-134.998260,480.020020,0.000358,-26.786041,0.000022,-0.653592,0.022047,-0.846474,0.011970,50.351715,0.013055,
feedback,0.732450,1786354406239,7,Ry,50.000000,250.000000,49.974060,-0.025940,,,359.999603,-134.999649,479.999146,0.000549,-44.999836,-0.000356,359.994934,-134.998138,480.016327,0.000385,-26.586145,0.000050,-1.762672,0.032585,-0.923459,0.005829,49.974060,0.009939,
feedback,0.741129,1786354406248,7,Ry,50.000000,250.000000,50.296783,0.296783,,,359.999603,-134.999649,479.999146,0.000549,-44.999836,-0.000356,359.988068,-134.998520,480.027374,0.000423,-26.183853,-0.000035,-0.509119,-0.139974,1.559535,0.008926,50.296783,-0.023731,
feedback,0.748858,1786354406256,7,Ry,50.000000,250.000000,50.681305,0.681305,,,359.999603,-134.999649,479.999146,0.000549,-44.999836,-0.000356,359.989655,-134.999390,480.034454,0.000407,-25.777935,-0.000140,0.705663,-0.226254,0.433235,0.006037,50.681305,-0.031346,
feedback,0.757149,1786354406265,7,Ry,50.000000,250.000000,50.090790,0.090790,,,359.999603,-134.999649,479.999146,0.000549,-44.999836,-0.000356,359.991638,-135.000458,480.033295,0.000419,-25.378363,-0.000274,-0.001983,-0.032596,0.552620,-0.012090,50.090790,0.002598,
feedback,0.765321,1786354406273,7,Ry,50.000000,250.000000,49.864197,-0.135803,,,359.999603,-134.999649,479.999146,0.000549,-44.999836,-0.000356,359.989807,-134.999954,480.044891,0.000320,-24.977940,-0.000248,0.363625,0.161065,2.341241,-0.015821,49.864197,0.005677,
feedback,0.774406,1786354406282,7,Ry,50.000000,250.000000,51.031494,1.031494,,,359.999603,-134.999649,479.999146,0.000549,-44.999836,-0.000356,359.981598,-135.000244,480.046600,0.000425,-24.568726,-0.000335,-0.943930,0.032594,0.459126,0.006220,51.031494,0.009721,
feedback,0.781503,1786354406290,7,Ry,50.000000,250.000000,50.626373,0.626373,,,359.999603,-134.999649,479.999146,0.000549,-44.999836,-0.000356,359.983307,-135.000168,480.030701,0.000343,-24.165308,-0.000274,0.356058,0.075736,-1.869290,0.000619,50.626373,0.029073,
feedback,0.790364,1786354406298,7,Ry,50.000000,250.000000,50.193787,0.193787,,,359.999603,-134.999649,479.999146,0.000549,-44.999836,-0.000356,359.987671,-134.999435,480.023132,0.000313,-23.763016,-0.000163,1.004133,0.172569,-0.005471,-0.000120,50.193787,0.027466,
feedback,0.798033,1786354406307,7,Ry,50.000000,250.000000,50.743103,0.743103,,,359.999603,-134.999649,479.999146,0.000549,-44.999836,-0.000356,359.995178,-134.998093,480.026489,0.000338,-23.357840,0.000058,1.043851,0.054653,-0.306012,0.015873,50.743103,0.028204,
feedback,0.806674,1786354406315,7,Ry,50.000000,250.000000,50.592041,0.592041,,,359.999603,-134.999649,479.999146,0.000549,-44.999836,-0.000356,360.006226,-134.998611,480.002350,0.000248,-22.753071,-0.000110,0.724767,-0.087244,-3.323533,-0.017580,50.592041,-0.050218,
feedback,0.815277,1786354406324,7,Ry,50.000000,250.000000,50.887298,0.887298,,,359.999603,-134.999649,479.999146,0.000549,-44.999836,-0.000356,360.010529,-134.999527,479.992645,0.000273,-22.346659,-0.000246,0.460497,-0.032597,0.254100,-0.001227,50.887299,-0.022179,
feedback,0.822897,1786354406332,7,Ry,50.000000,250.000000,50.358582,0.358582,,,359.999603,-134.999649,479.999146,0.000549,-44.999836,-0.000356,360.010437,-135.000046,480.001770,0.000259,-21.941702,-0.000298,0.666969,0.022053,1.804449,0.012714,50.358582,0.011998,
feedback,0.831645,1786354406340,7,Ry,50.000000,250.000000,50.324249,0.324249,,,359.999603,-134.999649,479.999146,0.000549,-44.999836,-0.000356,360.008362,-135.000900,479.996796,0.000246,-21.541416,-0.000405,0.339067,-0.043145,0.151955,-0.002425,50.324249,-0.000480,
feedback,0.839421,1786354406349,7,Ry,50.000000,250.000000,50.331116,0.331116,,,359.999603,-134.999649,479.999146,0.000549,-44.999836,-0.000356,360.018890,-134.999817,479.996490,0.000326,-21.139563,-0.000212,2.173060,0.237784,0.571283,0.007784,50.331116,0.058960,
feedback,0.846980,1786354406357,7,Ry,50.000000,250.000000,51.086426,1.086426,,,359.999603,-134.999649,479.999146,0.000549,-44.999836,-0.000356,360.025024,-134.998398,479.988953,0.000296,-20.730816,0.000008,0.424173,0.172587,-0.779174,0.002161,51.086426,0.021044,
feedback,0.855773,1786354406365,7,Ry,50.000000,250.000000,50.200653,0.200653,,,359.999603,-134.999649,479.999146,0.000549,-44.999836,-0.000356,360.019135,-134.997787,479.981323,0.000239,-20.328526,0.000092,-1.174432,0.010538,-1.988221,-0.009161,50.200653,0.004053,
feedback,0.863535,1786354406374,7,Ry,50.000000,250.000000,50.557709,0.557709,,,359.999603,-134.999649,479.999146,0.000549,-44.999836,-0.000356,360.016052,-134.998444,479.982147,0.000339,-19.926838,-0.000048,0.791705,-0.128470,2.077816,0.025555,50.557709,-0.004372,
feedback,0.871748,1786354406382,7,Ry,50.000000,250.000000,50.660706,0.660706,,,359.999603,-134.999649,479.999146,0.000549,-44.999836,-0.000356,360.017944,-134.998917,479.987183,0.000309,-19.520782,-0.000130,0.557528,0.118892,0.768260,0.010866,50.660706,0.009950,
feedback,0.879576,1786354406391,7,Ry,50.000000,250.000000,50.186920,0.186920,,,359.999603,-134.999649,479.999146,0.000549,-44.999836,-0.000356,360.024780,-134.999298,479.982819,0.000324,-19.118710,-0.000155,0.231194,-0.053692,-1.911408,0.006343,50.186920,-0.004618,
feedback,0.888684,1786354406399,7,Ry,50.000000,250.000000,51.285553,1.285553,,,359.999603,-134.999649,479.999146,0.000549,-44.999836,-0.000356,360.021454,-135.000046,479.976959,0.000220,-18.512897,-0.000233,-1.137072,-0.086292,-0.630121,-0.002205,51.285553,-0.007222,
feedback,0.896661,1786354406403,7,Ry,50.000000,250.000000,50.852966,0.852966,,,359.999603,-134.999649,479.999146,0.000549,-44.999836,-0.000356,360.019470,-134.999954,479.979126,0.000164,-18.309484,-0.000233,-0.365589,0.021092,0.513098,-0.013062,50.852966,-0.004314,
feedback,0.904177,1786354406412,7,Ry,50.000000,250.000000,50.180054,0.180054,,,359.999603,-134.999649,479.999146,0.000549,-44.999836,-0.000356,360.018280,-134.999985,479.981049,0.000291,-17.906067,-0.000176,-0.294897,0.140943,-0.774850,0.015331,50.180054,0.046867,
feedback,0.912950,1786354406420,7,Ry,50.000000,250.000000,49.761200,-0.238800,,,359.999603,-134.999649,479.999146,0.000549,-44.999836,-0.000356,360.020630,-134.998566,479.981171,0.000270,-17.508389,0.000015,0.600814,0.173546,0.129697,0.021823,49.761200,0.055692,
feedback,0.921405,1786354406428,7,Ry,50.000000,250.000000,50.276184,0.276184,,,359.999603,-134.999649,479.999146,0.000549,-44.999836,-0.000356,360.027893,-134.997620,479.988739,0.000340,-17.104807,0.000123,1.485596,0.280944,2.019654,0.008701,50.276184,0.065230,
feedback,0.929618,1786354406437,7,Ry,50.000000,250.000000,50.619507,0.619507,,,359.999603,-134.999649,479.999146,0.000549,-44.999836,-0.000356,360.022888,-134.997452,479.982941,0.000338,-16.697489,0.000151,-1.099693,-0.085339,-1.608723,0.029841,50.619507,-0.012129,
feedback,0.937126,1786354406445,7,Ry,50.000000,250.000000,49.912262,-0.087738,,,359.999603,-134.999649,479.999146,0.000549,-44.999836,-0.000356,360.012848,-134.998520,479.983673,0.000363,-16.298630,-0.000013,-1.223459,0.011500,0.616398,0.017581,49.912262,0.019238,
feedback,0.945460,1786354406453,7,Ry,50.000000,250.000000,50.083923,0.083923,,,359.999603,-134.999649,479.999146,0.000549,-44.999836,-0.000356,360.009583,-134.999695,479.998657,0.000333,-15.896970,-0.000204,0.375329,-0.129432,3.013397,0.001785,50.083923,-0.027203,
feedback,0.953535,1786354406462,7,Ry,50.000000,250.000000,50.502777,0.502777,,,359.999603,-134.999649,479.999146,0.000549,-44.999836,-0.000356,360.007782,-135.000854,480.011902,0.000296,-15.492590,-0.000367,-0.178991,-0.193669,0.970641,0.016975,50.502777,-0.037031,
feedback,0.962378,1786354406470,7,Ry,50.000000,250.000000,50.200653,0.200653,,,359.999603,-134.999649,479.999146,0.000549,-44.999836,-0.000356,360.003021,-134.999603,480.007996,0.000259,-15.092331,-0.000146,-0.861373,0.205170,-1.857974,0.002958,50.200653,0.049379,
feedback,0.969788,1786354406479,7,Ry,50.000000,250.000000,51.779938,1.779938,,,359.999603,-134.999649,479.999146,0.000549,-44.999836,-0.000356,360.002289,-134.999771,480.004089,0.000380,-14.483386,-0.000202,0.348302,0.044103,0.075932,0.026494,51.779938,0.020602,
feedback,0.978115,1786354406487,7,Ry,50.000000,250.000000,50.949097,0.949097,,,359.999603,-134.999649,479.999146,0.000549,-44.999836,-0.000356,360.007996,-134.999252,480.004089,0.000268,-14.079913,-0.000147,0.682117,0.107382,-0.112340,-0.013467,50.949097,0.010392,
feedback,0.986162,1786354406496,7,Ry,50.000000,250.000000,49.768066,-0.231934,,,359.999603,-134.999649,479.999146,0.000549,-44.999836,-0.000356,360.008850,-134.999084,479.999390,0.000369,-13.681274,-0.000063,0.490623,-0.107379,0.302974,0.009904,49.768066,0.002858,
feedback,0.994319,1786354406504,7,Ry,50.000000,250.000000,51.086426,1.086426,,,359.999603,-134.999649,479.999146,0.000549,-44.999836,-0.000356,360.008209,-134.998138,479.996948,0.000312,-13.274890,0.000075,0.031161,0.096834,-0.365691,-0.007001,51.086426,0.012156,
feedback,1.002582,1786354406512,7,Ry,50.000000,250.000000,50.859833,0.859833,,,359.999603,-134.999649,479.999146,0.000549,-44.999836,-0.000356,360.009460,-134.998871,480.000885,0.000337,-12.868093,-0.000035,-0.292525,-0.053692,-0.377284,0.008004,50.859833,-0.012031,
feedback,1.010736,1786354406521,7,Ry,50.000000,250.000000,49.575806,-0.424194,,,359.999603,-134.999649,479.999146,0.000549,-44.999836,-0.000356,360.003418,-134.999863,479.999298,0.000296,-12.469647,-0.000143,-0.407976,0.021092,0.445777,-0.016445,49.575806,0.010444,
feedback,1.019067,1786354406529,7,Ry,50.000000,250.000000,50.193786,0.193786,,,359.999603,-134.999649,479.999146,0.000549,-44.999836,-0.000356,360.002533,-135.000595,480.009888,0.000229,-12.068179,-0.000364,0.399879,-0.237769,2.107372,-0.010510,50.193787,-0.057499,
feedback,1.027526,1786354406538,7,Ry,50.000000,250.000000,51.278687,1.278687,,,359.999603,-134.999649,479.999146,0.000549,-44.999836,-0.000356,360.003143,-134.999908,480.021301,0.000331,-11.662097,-0.000198,-0.710613,0.065194,-0.134761,0.014764,51.278687,0.009784,
feedback,1.035101,1786354406546,7,Ry,50.000000,250.000000,50.255585,0.255585,,,359.999603,-134.999649,479.999146,0.000549,-44.999836,-0.000356,359.997864,-134.998657,480.018921,0.000296,-11.261892,0.000023,-1.524051,0.086278,-2.160016,-0.001582,50.255585,0.020467,
feedback,1.044123,1786354406550,7,Ry,50.000000,250.000000,50.056458,0.056458,,,359.999603,-134.999649,479.999146,0.000549,-44.999836,-0.000356,359.992493,-134.997925,480.021454,0.000267,-10.860754,0.000133,0.015676,0.150519,1.226174,-0.013823,50.056458,0.018012,
feedback,1.051925,1786354406559,7,Ry,50.000000,250.000000,50.777435,0.777435,,,359.999603,-134.999649,479.999146,0.000549,-44.999836,-0.000356,359.990875,-134.999084,480.024719,0.000239,-10.657644,-0.000059,-0.287586,-0.291449,0.764635,-0.006918,50.777435,-0.049335,
feedback,1.060169,1786354406567,7,Ry,50.000000,250.000000,50.015259,0.015259,,,359.999603,-134.999649,479.999146,0.000549,-44.999836,-0.000356,359.989899,-134.998962,480.026550,0.000268,-10.054166,-0.000059,-0.523063,0.096828,-1.498535,-0.006953,50.015259,0.012534,
feedback,1.067875,1786354406576,7,Ry,50.000000,250.000000,50.482178,0.482178,,,359.999603,-134.999649,479.999146,0.000549,-44.999836,-0.000356,359.989349,-134.999557,480.020996,0.000312,-9.652066,-0.000086,-0.047192,-0.129426,-1.080699,-0.002424,50.482178,-0.007061,
feedback,1.076770,1786354406584,7,Ry,50.000000,250.000000,50.798035,0.798035,,,359.999603,-134.999649,479.999146,0.000549,-44.999836,-0.000356,359.995117,-134.999557,480.021484,0.000214,-9.245105,-0.000196,1.292169,-0.000956,0.316934,-0.025000,50.798035,-0.024834,
feedback,1.084390,1786354406593,7,Ry,50.000000,250.000000,50.083923,0.083923,,,359.999603,-134.999649,479.999146,0.000549,-44.999836,-0.000356,359.998108,-135.000732,480.016174,0.000286,-8.840451,-0.000305,0.610301,-0.118883,-1.148872,-0.008847,50.083923,-0.008085,
feedback,1.092548,1786354406601,7,Ry,50.000000,250.000000,50.180054,0.180054,,,359.999603,-134.999649,479.999146,0.000549,-44.999836,-0.000356,359.997955,-135.000381,480.008362,0.000284,-8.440054,-0.000250,-0.158828,-0.011505,-1.180214,-0.019368,50.180054,-0.016682,
feedback,1.100572,1786354406609,7,Ry,50.000000,250.000000,50.846100,0.846100,,,359.999603,-134.999649,479.999146,0.000549,-44.999836,-0.000356,360.004242,-134.998917,480.012146,0.000337,-8.034796,-0.000002,0.654036,0.054652,0.021220,0.019218,50.846100,0.023411,
feedback,1.109329,1786354406618,7,Ry,50.000000,250.000000,50.358582,0.358582,,,359.999603,-134.999649,479.999146,0.000549,-44.999836,-0.000356,360.007233,-134.997742,480.013062,0.000249,-7.629071,0.000190,0.379188,0.074785,0.052270,-0.021691,50.358582,0.010937,
feedback,1.117248,1786354406626,7,Ry,50.000000,250.000000,49.520874,-0.479126,,,359.999603,-134.999649,479.999146,0.000549,-44.999836,-0.000356,360.002930,-134.998611,480.004486,0.000361,-7.229828,0.000053,-0.005383,-0.064236,-0.468922,0.013363,49.520874,-0.005138,
feedback,1.125123,1786354406634,7,Ry,50.000000,250.000000,50.166321,0.166321,,,359.999603,-134.999649,479.999146,0.000549,-44.999836,-0.000356,360.001923,-134.999207,480.003448,0.000304,-6.827756,-0.000057,-0.263078,-0.183121,-0.790716,0.006649,50.166321,-0.026650,
feedback,1.133625,1786354406643,7,Ry,50.000000,250.000000,51.093292,1.093292,,,359.999603,-134.999649,479.999146,0.000549,-44.999836,-0.000356,360.007690,-134.999985,480.010345,0.000248,-6.418762,-0.000194,-0.010965,-0.172576,-0.727870,0.000719,51.093292,-0.034289,
feedback,1.141563,1786354406651,7,Ry,50.000000,250.000000,50.413513,0.413513,,,359.999603,-134.999649,479.999146,0.000549,-44.999836,-0.000356,360.002777,-135.000549,479.993683,0.000270,-5.815448,-0.000248,-0.437394,-0.065195,-1.542133,-0.015030,50.413513,-0.001462,
feedback,1.149739,1786354406660,7,Ry,50.000000,250.000000,51.045227,1.045227,,,359.999603,-134.999649,479.999146,0.000549,-44.999836,-0.000356,360.010071,-135.000641,479.994415,0.000323,-5.410821,-0.000248,0.865397,-0.064237,-0.104759,0.012401,51.045227,0.008100,
feedback,1.157970,1786354406668,7,Ry,50.000000,250.000000,50.667572,0.667572,,,359.999603,-134.999649,479.999146,0.000549,-44.999836,-0.000356,360.018585,-134.999939,479.992645,0.000326,-5.005591,-0.000193,0.902937,0.302019,-0.717351,-0.000073,50.667572,0.048065,
feedback,1.165967,1786354406676,7,Ry,50.000000,250.000000,50.111390,0.111390,,,359.999603,-134.999649,479.999146,0.000549,-44.999836,-0.000356,360.018188,-134.997360,479.981079,0.000324,-4.603848,0.000219,0.638340,0.442965,-0.527836,0.020101,50.111389,0.077184,
feedback,1.174032,1786354406685,7,Ry,50.000000,250.000000,50.914764,0.914764,,,359.999603,-134.999649,479.999146,0.000549,-44.999836,-0.000356,360.018890,-134.997498,479.982056,0.000185,-4.200320,0.000164,0.115167,0.095877,0.432185,-0.033625,50.914764,-0.009344,
feedback,1.182324,1786354406693,7,Ry,50.000000,250.000000,51.182556,1.182556,,,359.999603,-134.999649,479.999146,0.000549,-44.999836,-0.000356,360.020050,-134.998352,479.989624,0.000293,-3.794568,0.000054,-0.588797,-0.172585,-0.224760,-0.000294,51.182556,-0.027466,
feedback,1.190510,1786354406702,7,Ry,50.000000,250.000000,50.138855,0.138855,,,359.999603,-134.999649,479.999146,0.000549,-44.999836,-0.000356,360.014404,-134.998825,479.988647,0.000265,-3.395682,-0.000055,-1.203472,-0.010551,-0.998936,0.007452,50.138855,-0.013302,
feedback,1.198611,1786354406706,7,Ry,50.000000,250.000000,50.180054,0.180054,,,359.999603,-134.999649,479.999146,0.000549,-44.999836,-0.000356,360.011139,-134.998825,479.987152,0.000263,-3.194962,-0.000028,-0.710646,-0.000003,-0.438982,-0.000599,50.180054,0.006856,
feedback,1.206820,1786354406714,7,Ry,50.000000,250.000000,50.372314,0.372314,,,359.999603,-134.999649,479.999146,0.000549,-44.999836,-0.000356,360.013214,-135.000214,479.997375,0.000261,-2.791406,-0.000248,0.591617,-0.258868,1.359349,-0.000024,50.372314,-0.041199,
feedback,1.214939,1786354406723,7,Ry,50.000000,250.000000,50.530243,0.530243,,,359.999603,-134.999649,479.999146,0.000549,-44.999836,-0.000356,360.013580,-135.000595,480.000488,0.000286,-2.385681,-0.000302,-0.408527,-0.269415,-0.627691,0.007171,50.530243,-0.047773,
feedback,1.223250,1786354406731,7,Ry,50.000000,250.000000,50.701904,0.701904,,,359.999603,-134.999649,479.999146,0.000549,-44.999836,-0.000356,360.009369,-135.000214,479.985809,0.000255,-1.783301,-0.000220,0.043914,0.096835,-1.319845,-0.006887,50.701904,0.013519,
feedback,1.231357,1786354406739,7,Ry,50.000000,250.000000,50.811768,0.811768,,,359.999603,-134.999649,479.999146,0.000549,-44.999836,-0.000356,360.015228,-134.999435,479.977905,0.000310,-1.377246,-0.000165,0.453027,0.118890,-1.819773,0.007048,50.811768,0.007035,
feedback,1.239550,1786354406748,7,Ry,50.000000,250.000000,50.386047,0.386047,,,359.999603,-134.999649,479.999146,0.000549,-44.999836,-0.000356,360.026459,-134.998306,479.973267,0.000252,-0.970779,0.000055,0.831275,0.021097,-1.565512,-0.014021,50.386047,-0.000233,
feedback,1.247899,1786354406756,7,Ry,50.000000,250.000000,50.015259,0.015259,,,359.999603,-134.999649,479.999146,0.000549,-44.999836,-0.000356,360.033722,-134.998352,479.958344,0.000277,-0.570493,0.000082,1.412218,-0.053685,-1.207073,0.006578,50.015259,-0.006798,
feedback,1.256224,1786354406765,7,Ry,50.000000,250.000000,50.571442,0.571442,,,359.999603,-134.999649,479.999146,0.000549,-44.999836,-0.000356,360.042267,-134.999649,479.943237,0.000220,-0.164520,-0.000137,1.293691,-0.215739,-1.716057,-0.000156,50.571442,-0.013733,
feedback,1.264666,1786354406773,7,Ry,50.000000,250.000000,51.120758,1.120758,,,359.999603,-134.999649,479.999146,0.000549,-44.999836,-0.000356,360.055695,-134.999557,479.934784,0.000383,0.246671,-0.000110,1.190809,0.033573,-1.737444,0.034214,51.120758,0.020451,
feedback,1.272641,1786354406781,7,Ry,50.000000,250.000000,50.447846,0.447846,,,359.999603,-134.999649,479.999146,0.000549,-44.999836,-0.000356,360.059998,-134.999252,479.912445,0.000299,0.648743,-0.000082,0.381479,0.032606,-3.312965,0.006697,50.447845,0.006789,
feedback,1.281059,1786354406790,7,Ry,50.000000,250.000000,50.798035,0.798035,,,359.999603,-134.999649,479.999146,0.000549,-44.999836,-0.000356,360.073792,-134.999512,479.904846,0.000243,1.053067,-0.000110,1.790368,-0.010542,-1.068555,0.006744,50.798035,-0.000126,
feedback,1.289055,1786354406798,7,Ry,50.000000,250.000000,51.058960,1.058960,,,359.999603,-134.999649,479.999146,0.000549,-44.999836,-0.000356,360.088196,-134.999435,479.895355,0.000295,1.461813,-0.000110,1.847210,-0.096848,-1.385700,0.006893,51.058960,-0.007044,
feedback,1.297292,1786354406807,7,Ry,50.000000,250.000000,50.523376,0.523376,,,359.999603,-134.999649,479.999146,0.000549,-44.999836,-0.000356,360.089508,-134.999512,479.871307,0.000238,1.866220,-0.000137,-0.271033,0.010545,-3.670248,-0.006984,50.523376,0.000224,
feedback,1.305529,1786354406815,7,Ry,50.000000,250.000000,50.955963,0.955963,,,359.999603,-134.999649,479.999146,0.000549,-44.999836,-0.000356,360.103394,-134.999603,479.853149,0.000293,2.473792,-0.000083,1.867774,-0.053697,-0.770681,0.006738,50.955963,-0.007163,
feedback,1.314184,1786354406824,7,Ry,50.000000,250.000000,50.111389,0.111389,,,359.999603,-134.999649,479.999146,0.000549,-44.999836,-0.000356,360.117401,-134.999771,479.848389,0.000288,2.877923,-0.000165,2.094461,0.021096,-0.038556,-0.013467,50.111389,0.007547,
feedback,1.322624,1786354406832,7,Ry,50.000000,250.000000,50.207520,0.207520,,,359.999603,-134.999649,479.999146,0.000549,-44.999836,-0.000356,360.115204,-134.999252,479.827789,0.000285,3.282303,-0.000110,0.746711,0.140020,-1.356032,-0.007024,50.207520,0.020993,
feedback,1.330710,1786354406841,7,Ry,50.000000,250.000000,50.653839,0.653839,,,359.999603,-134.999649,479.999146,0.000549,-44.999836,-0.000356,360.118683,-134.999207,479.828033,0.000257,3.686627,-0.000083,0.919708,-0.010543,0.941754,0.006241,50.653839,-0.007294,
feedback,1.338530,1786354406849,7,Ry,50.000000,250.000000,50.791168,0.791168,,,359.999603,-134.999649,479.999146,0.000549,-44.999836,-0.000356,360.121613,-134.998825,479.834839,0.000228,4.092023,-0.000028,0.110289,0.129474,0.557887,-0.001199,50.791168,0.006901,
feedback,1.346842,1786354406857,7,Ry,50.000000,250.000000,50.276184,0.276184,,,359.999603,-134.999649,479.999146,0.000549,-44.999836,-0.000356,360.113190,-134.998871,479.836334,0.000255,4.491843,-0.000001,-1.634924,0.107399,-0.934953,-0.012294,50.276184,0.035345,
feedback,1.354728,1786354406862,7,Ry,50.000000,250.000000,50.530243,0.530243,,,359.999603,-134.999649,479.999146,0.000549,-44.999836,-0.000356,360.108826,-134.998138,479.845337,0.000226,4.893805,0.000109,-0.179552,0.183170,1.454726,-0.006571,50.530243,0.034893,
feedback,1.363462,1786354406870,7,Ry,50.000000,250.000000,50.543976,0.543976,,,359.999603,-134.999649,479.999146,0.000549,-44.999836,-0.000356,360.108948,-134.998520,479.852142,0.000358,5.095981,0.000026,0.125036,-0.095886,1.605084,0.032686,50.543976,-0.023595,
feedback,1.371079,1786354406878,7,Ry,50.000000,250.000000,50.276184,0.276184,,,359.999603,-134.999649,479.999146,0.000549,-44.999836,-0.000356,360.106354,-134.999207,479.861664,0.000254,5.498849,-0.000028,-1.013890,-0.065223,-0.084132,-0.011864,50.276184,0.008088,
feedback,1.379166,1786354406887,7,Ry,50.000000,250.000000,50.111389,0.111389,,,359.999603,-134.999649,479.999146,0.000549,-44.999836,-0.000356,360.094604,-135.000244,479.861145,0.000249,5.897571,-0.000221,-1.759487,-0.096856,-0.959481,0.007512,50.111389,-0.007608,
feedback,1.387433,1786354406895,7,Ry,50.000000,250.000000,51.017761,1.017761,,,359.999603,-134.999649,479.999146,0.000549,-44.999836,-0.000356,360.095184,-134.999939,479.864258,0.000268,6.506873,-0.000222,1.003475,0.215774,0.489100,-0.001630,51.017761,0.020688,
feedback,1.396053,1786354406904,7,Ry,50.000000,250.000000,49.376679,-0.623321,,,359.999603,-134.999649,479.999146,0.000549,-44.999836,-0.000356,360.099182,-134.999603,479.865143,0.000269,6.906088,-0.000139,-0.070729,0.140011,-0.523769,-0.005284,49.376678,0.035058,
feedback,1.403592,1786354406912,7,Ry,50.000000,250.000000,50.434113,0.434113,,,359.999603,-134.999649,479.999146,0.000549,-44.999836,-0.000356,360.097717,-134.999084,479.862549,0.000263,7.308710,-0.000085,-0.260556,0.096855,-0.430216,-0.007878,50.434113,0.007796,
feedback,1.412301,1786354406921,7,Ry,50.000000,250.000000,50.914765,0.914765,,,359.999603,-134.999649,479.999146,0.000549,-44.999836,-0.000356,360.095306,-134.998734,479.869568,0.000375,7.713666,0.000025,-0.165522,0.118917,1.091923,0.006536,50.914764,0.019678,
feedback,1.420048,1786354406929,7,Ry,50.000000,250.000000,50.138855,0.138855,,,359.999603,-134.999649,479.999146,0.000549,-44.999836,-0.000356,360.090820,-134.998901,479.880219,0.000381,8.117661,0.000053,-0.439408,0.053698,1.186748,-0.004129,50.138855,0.028229,
feedback,1.428825,1786354406937,7,Ry,50.000000,250.000000,49.500275,-0.499725,,,359.999603,-134.999649,479.999146,0.000549,-44.999836,-0.000356,360.081696,-134.999084,479.888000,0.000371,8.514295,-0.000031,-0.226627,-0.107399,2.119050,0.013368,49.500275,-0.015766,
feedback,1.436111,1786354406946,7,Ry,50.000000,250.000000,50.489044,0.489044,,,359.999603,-134.999649,479.999146,0.000549,-44.999836,-0.000356,360.081757,-134.999298,479.897217,0.000282,8.916998,-0.000114,0.400363,-0.215763,1.309582,-0.000169,50.489044,-0.034332,
feedback,1.445015,1786354406954,7,Ry,50.000000,250.000000,50.866699,0.866699,,,359.999603,-134.999649,479.999146,0.000549,-44.999836,-0.000356,360.077576,-134.999725,479.900696,0.000335,9.323410,-0.000169,-0.653442,0.075757,-0.010629,0.005541,50.866699,0.005845,
feedback,1.452828,1786354406962,7,Ry,50.000000,250.000000,50.303650,0.303650,,,359.999603,-134.999649,479.999146,0.000549,-44.999836,-0.000356,360.069977,-135.000671,479.891052,0.000397,9.724960,-0.000251,-0.782286,0.022059,-1.442775,0.014695,50.303650,0.011314,
feedback,1.461775,1786354406971,7,Ry,50.000000,250.000000,50.873565,0.873565,,,359.999603,-134.999649,479.999146,0.000549,-44.999836,-0.000356,360.074219,-135.001190,479.889648,0.000385,10.127691,-0.000389,0.734833,-0.043153,-0.424152,-0.003549,50.873566,-0.027145,
feedback,1.468979,1786354406979,7,Ry,50.000000,250.000000,50.351715,0.351715,,,359.999603,-134.999649,479.999146,0.000549,-44.999836,-0.000356,360.080139,-135.000031,479.890686,0.000420,10.735730,-0.000142,-0.716592,0.022059,-0.660483,0.013396,50.351715,0.004308,
feedback,1.477145,1786354406988,7,Ry,50.000000,250.000000,50.001526,0.001526,,,359.999603,-134.999649,479.999146,0.000549,-44.999836,-0.000356,360.074097,-134.998596,479.886353,0.000490,11.136264,0.000049,-0.916201,0.022054,-0.329354,0.010510,50.001526,-0.009260,
feedback,1.485311,1786354406996,7,Ry,50.000000,250.000000,50.674438,0.674438,,,359.999603,-134.999649,479.999146,0.000549,-44.999836,-0.000356,360.079407,-134.998993,479.892670,0.000411,11.540176,-0.000006,0.314741,-0.108364,-0.035657,-0.013698,50.674438,-0.017852,
feedback,1.493900,1786354407004,7,Ry,50.000000,250.000000,50.585175,0.585175,,,359.999603,-134.999649,479.999146,0.000549,-44.999836,-0.000356,360.079895,-134.999329,479.899963,0.000524,11.943705,-0.000005,-0.802683,-0.053702,-0.259077,0.007921,50.585175,-0.001570,
feedback,1.501970,1786354407013,7,Ry,50.000000,250.000000,49.932862,-0.067138,,,359.999603,-134.999649,479.999146,0.000549,-44.999836,-0.000356,360.070984,-134.998505,479.897858,0.000550,12.343882,0.000131,-1.113489,0.117934,-0.085168,-0.016055,49.932861,0.038260,
feedback,1.510235,1786354407021,7,Ry,50.000000,250.000000,50.138855,0.138855,,,359.999603,-134.999649,479.999146,0.000549,-44.999836,-0.000356,360.071289,-134.999847,479.911621,0.000631,12.746036,-0.000061,0.312860,-0.323153,2.354992,0.014741,50.138855,-0.044398,
feedback,1.517971,1786354407025,7,Ry,50.000000,250.000000,50.743103,0.743103,,,359.999603,-134.999649,479.999146,0.000549,-44.999836,-0.000356,360.070709,-135.000244,479.916962,0.000535,12.949008,-0.000200,-0.060401,-0.097817,1.220356,-0.023250,50.743103,-0.029367,
feedback,1.526972,1786354407034,7,Ry,50.000000,250.000000,49.582672,-0.417328,,,359.999603,-134.999649,479.999146,0.000549,-44.999836,-0.000356,360.062714,-135.001312,479.920410,0.000560,13.347895,-0.000365,-1.771510,-0.312600,-1.077694,0.005143,49.582672,-0.056331,
feedback,1.534410,1786354407042,7,Ry,50.000000,250.000000,50.640106,0.640106,,,359.999603,-134.999649,479.999146,0.000549,-44.999836,-0.000356,360.054260,-135.001404,479.907745,0.000510,13.753866,-0.000365,-0.601383,-0.032603,-1.420904,-0.008229,50.640106,-0.011904,
feedback,1.543129,1786354407050,7,Ry,50.000000,250.000000,50.791168,0.791168,,,359.999603,-134.999649,479.999146,0.000549,-44.999836,-0.000356,360.064606,-135.000885,479.907166,0.000405,14.160196,-0.000282,1.835604,0.031637,0.083465,-0.016590,50.791168,0.018355,
feedback,1.550755,1786354407059,7,Ry,50.000000,250.000000,49.843598,-0.156402,,,359.999603,-134.999649,479.999146,0.000549,-44.999836,-0.000356,360.075409,-134.999680,479.911987,0.000396,14.561938,-0.000119,1.097962,0.258916,0.859572,-0.000143,49.843597,0.041199,
feedback,1.558943,1786354407067,7,Ry,50.000000,250.000000,50.791168,0.791168,,,359.999603,-134.999649,479.999146,0.000549,-44.999836,-0.000356,360.065735,-134.998383,479.908447,0.000338,15.164264,0.000072,-0.642320,0.043147,-0.340239,-0.000317,50.791168,0.006866,
feedback,1.567016,1786354407076,7,Ry,50.000000,250.000000,50.907898,0.907898,,,359.999603,-134.999649,479.999146,0.000549,-44.999836,-0.000356,360.067993,-134.998215,479.910583,0.000343,15.571445,0.000128,0.560599,0.021096,-0.149982,-0.011727,50.907898,0.010301,
feedback,1.575940,1786354407084,7,Ry,50.000000,250.000000,49.678803,-0.321197,,,359.999603,-134.999649,479.999146,0.000549,-44.999836,-0.000356,360.067627,-134.998047,479.912079,0.000341,15.970743,0.000155,-0.070920,0.022058,0.165894,0.014735,49.678802,0.009689,
feedback,1.583583,1786354407093,7,Ry,50.000000,250.000000,50.180054,0.180054,,,359.999603,-134.999649,479.999146,0.000549,-44.999836,-0.000356,360.067566,-134.998825,479.910736,0.000293,16.372238,0.000046,0.558807,-0.130418,0.517114,-0.022722,50.180054,-0.006548,
feedback,1.591693,1786354407101,7,Ry,50.000000,250.000000,50.770569,0.770569,,,359.999603,-134.999649,479.999146,0.000549,-44.999836,-0.000356,360.064789,-135.000122,479.917450,0.000321,16.779364,-0.000233,-0.077868,-0.193696,1.589331,0.009111,50.770569,-0.044579,
feedback,1.599685,1786354407110,7,Ry,50.000000,250.000000,49.678802,-0.321198,,,359.999603,-134.999649,479.999146,0.000549,-44.999836,-0.000356,360.054474,-135.001328,479.923370,0.000327,17.180338,-0.000397,-1.024852,-0.248351,1.002448,-0.008493,49.678802,-0.045731,
feedback,1.608791,1786354407118,7,Ry,50.000000,250.000000,50.186920,0.186920,,,359.999603,-134.999649,479.999146,0.000549,-44.999836,-0.000356,360.052063,-135.001846,479.919891,0.000334,17.581009,-0.000452,0.543246,-0.129450,0.180685,0.002242,50.186920,-0.014054,
feedback,1.616371,1786354407127,7,Ry,50.000000,250.000000,51.189423,1.189423,,,359.999603,-134.999649,479.999146,0.000549,-44.999836,-0.000356,360.057343,-135.000717,479.919464,0.000277,17.988657,-0.000287,0.717330,0.236842,-0.434638,-0.013037,51.189423,0.038573,
feedback,1.625337,1786354407135,7,Ry,50.000000,250.000000,49.191284,-0.808716,,,359.999603,-134.999649,479.999146,0.000549,-44.999836,-0.000356,360.050018,-134.998001,479.932281,0.000420,18.587713,0.000208,-1.376157,0.097798,1.346088,0.019148,49.191284,0.014033,
feedback,1.633109,1786354407144,7,Ry,50.000000,250.000000,50.592041,0.592041,,,359.999603,-134.999649,479.999146,0.000549,-44.999836,-0.000356,360.050842,-134.997742,479.937866,0.000364,18.989620,0.000235,-0.104399,-0.074788,-0.000517,0.021300,50.592041,-0.007077,
feedback,1.641448,1786354407148,7,Ry,50.000000,250.000000,51.093292,1.093292,,,359.999603,-134.999649,479.999146,0.000549,-44.999836,-0.000356,360.052246,-134.998093,479.939362,0.000353,19.193995,0.000150,0.412666,-0.086296,0.239506,-0.002625,51.093292,-0.020218,
feedback,1.649642,1786354407157,7,Ry,50.000000,250.000000,50.605774,0.605774,,,359.999603,-134.999649,479.999146,0.000549,-44.999836,-0.000356,360.044830,-134.997955,479.945557,0.000289,19.597631,0.000208,-0.243013,-0.022058,1.835364,-0.010998,50.605774,0.004208,
feedback,1.657345,1786354407165,7,Ry,50.000000,250.000000,50.083923,0.083923,,,359.999603,-134.999649,479.999146,0.000549,-44.999836,-0.000356,360.031250,-134.998734,479.963593,0.000222,19.994953,0.000041,-0.029071,-0.087256,3.823880,-0.026050,50.083923,-0.011208,
feedback,1.666401,1786354407174,7,Ry,50.000000,250.000000,50.386047,0.386047,,,359.999603,-134.999649,479.999146,0.000549,-44.999836,-0.000356,360.030670,-135.000504,479.977051,0.000238,20.397655,-0.000264,0.817158,-0.064239,2.199264,0.012872,50.386047,-0.011653,
feedback,1.673925,1786354407182,7,Ry,50.000000,250.000000,50.743103,0.743103,,,359.999603,-134.999649,479.999146,0.000549,-44.999836,-0.000356,360.024139,-135.001404,479.974854,0.000263,20.802639,-0.000402,-0.129331,-0.139984,-0.051417,0.011418,50.743103,-0.010200,
feedback,1.682578,1786354407190,7,Ry,50.000000,250.000000,49.520874,-0.479126,,,359.999603,-134.999649,479.999146,0.000549,-44.999836,-0.000356,360.012085,-135.001022,479.979645,0.000234,21.201168,-0.000348,-0.667364,0.150527,2.165160,-0.012732,49.520874,0.025566,
feedback,1.690645,1786354407199,7,Ry,50.000000,250.000000,50.530243,0.530243,,,359.999603,-134.999649,479.999146,0.000549,-44.999836,-0.000356,360.014679,-134.999725,479.987579,0.000298,21.605740,-0.000099,1.503934,0.366255,0.905783,-0.007832,50.530243,0.072756,
feedback,1.698618,1786354407207,7,Ry,50.000000,250.000000,50.022125,0.022125,,,359.999603,-134.999649,479.999146,0.000549,-44.999836,-0.000356,360.024139,-134.998474,479.981323,0.000279,22.209330,0.000122,0.057700,0.043146,-1.320428,0.004903,50.022125,0.019581,
feedback,1.706806,1786354407215,7,Ry,50.000000,250.000000,50.571442,0.571442,,,359.999603,-134.999649,479.999146,0.000549,-44.999836,-0.000356,360.018463,-134.998901,479.976776,0.000320,22.613653,0.000037,-0.102009,-0.075745,0.660983,-0.006581,50.571442,-0.011093,
feedback,1.716084,1786354407224,7,Ry,50.000000,250.000000,50.605774,0.605774,,,359.999603,-134.999649,479.999146,0.000549,-44.999836,-0.000356,360.024719,-134.998947,479.983551,0.000444,23.019352,0.000034,1.620039,-0.009576,1.898950,0.028647,50.605774,-0.012879,
feedback,1.722998,1786354407232,7,Ry,50.000000,250.000000,49.980926,-0.019074,,,359.999603,-134.999649,479.999146,0.000549,-44.999836,-0.000356,360.022095,-134.998917,479.980408,0.000195,23.419418,-0.000022,-0.394586,-0.032601,-0.622234,-0.006516,49.980927,-0.004137,
feedback,1.732298,1786354407241,7,Ry,50.000000,250.000000,50.818634,0.818634,,,359.999603,-134.999649,479.999146,0.000549,-44.999836,-0.000356,360.015228,-134.999207,479.980957,0.000275,23.822836,-0.000050,-1.024298,0.032595,0.484873,0.003313,50.818634,-0.002188,
feedback,1.739754,1786354407249,7,Ry,50.000000,250.000000,51.031494,1.031494,,,359.999603,-134.999649,479.999146,0.000549,-44.999836,-0.000356,360.016907,-135.000168,479.980377,0.000206,24.229441,-0.000246,0.465357,-0.139981,-1.001598,0.006213,51.031494,-0.023417,
feedback,1.748148,1786354407258,7,Ry,50.000000,250.000000,50.097656,0.097656,,,359.999603,-134.999649,479.999146,0.000549,-44.999836,-0.000356,360.017548,-135.000076,479.970032,0.000259,24.630716,-0.000220,-0.977548,-0.117930,-2.063642,0.012930,50.097656,-0.034801,
feedback,1.755752,1786354407266,7,Ry,50.000000,250.000000,50.763703,0.763703,,,359.999603,-134.999649,479.999146,0.000549,-44.999836,-0.000356,360.015717,-134.999893,479.968475,0.000282,25.033283,-0.000133,-0.498794,0.151487,-0.467868,0.015251,50.763702,0.027876,
feedback,1.764440,1786354407274,7,Ry,50.000000,250.000000,50.990295,0.990295,,,359.999603,-134.999649,479.999146,0.000549,-44.999836,-0.000356,360.026093,-134.998779,479.970032,0.000199,25.440628,-0.000029,1.522233,0.193685,-0.628109,-0.021495,50.990295,0.014763,
feedback,1.772499,1786354407283,7,Ry,50.000000,250.000000,49.671936,-0.328064,,,359.999603,-134.999649,479.999146,0.000549,-44.999836,-0.000356,360.032013,-134.998993,479.962860,0.000251,25.841465,0.000003,0.038419,-0.150533,-1.043508,0.012145,49.671936,-0.026585,
feedback,1.780756,1786354407291,7,Ry,50.000000,250.000000,50.756836,0.756836,,,359.999603,-134.999649,479.999146,0.000549,-44.999836,-0.000356,360.023956,-134.998566,479.966522,0.000193,26.445547,0.000057,-1.369228,0.161069,-0.668623,-0.018711,50.756836,0.029773,
feedback,1.788602,1786354407295,7,Ry,50.000000,250.000000,51.141357,1.141357,,,359.999603,-134.999649,479.999146,0.000549,-44.999836,-0.000356,360.029602,-134.998474,479.972473,0.000233,26.650112,0.000053,1.459346,0.022063,1.323744,0.008900,51.141357,-0.005430,
feedback,1.797353,1786354407304,7,Ry,50.000000,250.000000,49.308014,-0.691986,,,359.999603,-134.999649,479.999146,0.000549,-44.999836,-0.000356,360.020142,-134.998184,479.977905,0.000191,27.049549,0.000172,-1.708160,0.107373,2.119086,-0.009415,49.308014,0.026093,
feedback,1.805818,1786354407313,7,Ry,50.000000,250.000000,50.090790,0.090790,,,359.999603,-134.999649,479.999146,0.000549,-44.999836,-0.000356,360.011230,-134.999252,479.997162,0.000202,27.448544,-0.000024,-0.228572,-0.140940,2.388653,-0.018448,50.090790,-0.017971,
feedback,1.813052,1786354407321,7,Ry,50.000000,250.000000,51.065826,1.065826,,,359.999603,-134.999649,479.999146,0.000549,-44.999836,-0.000356,360.011566,-134.999252,480.000458,0.000186,27.855534,-0.000056,-0.217906,-0.054651,-0.472662,-0.024800,51.065826,-0.016250,
feedback,1.821315,1786354407329,7,Ry,50.000000,250.000000,50.152588,0.152588,,,359.999603,-134.999649,479.999146,0.000549,-44.999836,-0.000356,359.993073,-135.000336,479.998138,0.000211,28.256424,-0.000222,-2.498456,-0.000001,-0.190379,-0.000024,50.152588,-0.000000,
feedback,1.830064,1786354407338,7,Ry,50.000000,250.000000,50.557709,0.557709,,,359.999603,-134.999649,479.999146,0.000549,-44.999836,-0.000356,359.991943,-135.001022,480.005280,0.000225,28.657644,-0.000301,0.588964,-0.129428,0.686045,0.006659,50.557709,-0.008549,
feedback,1.838087,1786354407346,7,Ry,50.000000,250.000000,50.715637,0.715637,,,359.999603,-134.999649,479.999146,0.000549,-44.999836,-0.000356,360.007050,-135.000549,480.008209,0.000360,29.062189,-0.000192,1.341503,-0.020132,-0.093953,0.039323,50.715637,-0.007144,
feedback,1.845720,1786354407354,7,Ry,50.000000,250.000000,49.932861,-0.067139,,,359.999603,-134.999649,479.999146,0.000549,-44.999836,-0.000356,359.999878,-134.999161,480.008789,0.000264,29.461432,0.000030,-1.303340,0.151475,-0.572465,0.018520,49.932861,0.032669,
feedback,1.854009,1786354407363,7,Ry,50.000000,250.000000,50.756836,0.756836,,,359.999603,-134.999649,479.999146,0.000549,-44.999836,-0.000356,360.002106,-134.998779,480.001129,0.000203,29.864492,0.000021,0.375909,0.043145,-0.695115,-0.003662,50.756836,0.000912,
feedback,1.862650,1786354407371,7,Ry,50.000000,250.000000,50.152588,0.152588,,,359.999603,-134.999649,479.999146,0.000549,-44.999836,-0.000356,360.007751,-134.998260,480.001160,0.000200,30.473301,0.000102,-0.752755,0.043139,-0.765667,-0.003795,50.152588,0.000948,
feedback,1.870240,1786354407380,7,Ry,50.000000,250.000000,51.965332,1.965332,,,359.999603,-134.999649,479.999146,0.000549,-44.999836,-0.000356,360.011932,-134.997879,479.987396,0.000264,30.877020,0.000151,1.320910,0.140950,-3.332573,0.020805,51.965332,0.022788,
feedback,1.878284,1786354407388,7,Ry,50.000000,250.000000,50.852966,0.852966,,,359.999603,-134.999649,479.999146,0.000549,-44.999836,-0.000356,360.013397,-134.999039,479.987213,0.000378,31.284256,0.000050,-0.611107,-0.073826,0.094117,0.044398,50.852966,-0.019091,
feedback,1.886367,1786354407397,7,Ry,50.000000,250.000000,50.063324,0.063324,,,359.999603,-134.999649,479.999146,0.000549,-44.999836,-0.000356,360.012878,-135.000504,479.979034,0.000270,31.685806,-0.000295,-0.653525,-0.215724,-2.540762,-0.010844,50.063324,-0.051861,
feedback,1.894732,1786354407405,7,Ry,50.000000,250.000000,50.420380,0.420380,,,359.999603,-134.999649,479.999146,0.000549,-44.999836,-0.000356,360.011292,-135.001877,479.977478,0.000284,32.088291,-0.000484,-0.397094,-0.150525,-0.035230,0.008156,50.420380,-0.033712,
feedback,1.902822,1786354407414,7,Ry,50.000000,250.000000,50.653839,0.653839,,,359.999603,-134.999649,479.999146,0.000549,-44.999836,-0.000356,360.015472,-135.000671,479.981567,0.000317,32.495388,-0.000228,1.003310,0.214765,0.613833,-0.026855,50.653839,0.036430,
feedback,1.910824,1786354407422,7,Ry,50.000000,250.000000,49.651337,-0.348663,,,359.999603,-134.999649,479.999146,0.000549,-44.999836,-0.000356,360.010895,-134.998734,479.991913,0.000341,32.893257,0.000171,-1.205963,0.398840,1.294366,0.008889,49.651337,0.088590,
feedback,1.919484,1786354407430,7,Ry,50.000000,250.000000,50.365448,0.365448,,,359.999603,-134.999649,479.999146,0.000549,-44.999836,-0.000356,360.011383,-134.998428,480.006378,0.000167,33.293354,0.000034,1.539682,0.042193,1.317149,-0.030786,50.365448,0.003598,
feedback,1.927523,1786354407439,7,Ry,50.000000,250.000000,50.056458,0.056458,,,359.999603,-134.999649,479.999146,0.000549,-44.999836,-0.000356,359.997711,-134.998215,480.007751,0.000264,33.899578,0.000120,-2.630679,0.065176,0.002102,0.007233,50.056458,0.000374,
feedback,1.935802,1786354407443,7,Ry,50.000000,250.000000,50.042725,0.042725,,,359.999603,-134.999649,479.999146,0.000549,-44.999836,-0.000356,359.992706,-134.997482,480.009094,0.000254,34.099751,0.000262,-1.220004,0.183104,0.160237,-0.002268,50.042725,0.037001,
feedback,1.944207,1786354407451,7,Ry,50.000000,250.000000,50.592041,0.592041,,,359.999603,-134.999649,479.999146,0.000549,-44.999836,-0.000356,359.998749,-134.998352,480.010406,0.000143,34.503304,0.000096,0.699335,-0.011501,-0.083588,-0.013377,50.592041,0.010461,
feedback,1.952297,1786354407460,7,Ry,50.000000,250.000000,50.138855,0.138855,,,359.999603,-134.999649,479.999146,0.000549,-44.999836,-0.000356,359.994995,-135.001114,480.009094,0.000231,34.906036,-0.000350,-2.585188,-0.376776,-2.145060,0.013036,50.138855,-0.072350,
feedback,1.960468,1786354407468,7,Ry,50.000000,250.000000,50.619507,0.619507,,,359.999603,-134.999649,479.999146,0.000549,-44.999836,-0.000356,359.991943,-135.001236,479.994110,0.000221,35.311707,-0.000345,-1.170429,-0.032594,-2.264847,-0.005506,50.619507,-0.002897,
feedback,1.968780,1786354407477,7,Ry,50.000000,250.000000,50.887299,0.887299,,,359.999603,-134.999649,479.999146,0.000549,-44.999836,-0.000356,359.999146,-135.001022,479.995331,0.000172,35.717213,-0.000353,1.508455,0.096830,-0.606898,-0.001493,50.887299,0.023316,
feedback,1.976978,1786354407485,7,Ry,50.000000,250.000000,50.131989,0.131989,,,359.999603,-134.999649,479.999146,0.000549,-44.999836,-0.000356,360.007080,-135.000031,479.999512,0.000197,36.118515,-0.000190,0.746096,0.172577,-0.119784,-0.004120,50.131989,0.021919,
feedback,1.985108,1786354407493,7,Ry,50.000000,250.000000,49.184418,-0.815582,,,359.999603,-134.999649,479.999146,0.000549,-44.999836,-0.000356,360.000610,-134.998215,480.012817,0.000139,36.513664,0.000084,-0.093790,0.172572,2.183745,-0.000307,49.184418,0.027466,
feedback,1.993656,1786354407502,7,Ry,50.000000,250.000000,50.866699,0.866699,,,359.999603,-134.999649,479.999146,0.000549,-44.999836,-0.000356,360.009888,-134.998138,480.003998,0.000213,36.925133,0.000144,0.823959,-0.043139,-0.833600,-0.000341,50.866699,-0.006866,
feedback,2.001408,1786354407510,7,Ry,50.000000,250.000000,49.424744,-0.575256,,,359.999603,-134.999649,479.999146,0.000549,-44.999836,-0.000356,359.999756,-134.998093,480.008026,0.000162,37.325665,0.000108,-1.313228,-0.065203,1.116748,-0.015416,49.424744,-0.010866,
feedback,2.009616,1786354407519,7,Ry,50.000000,250.000000,50.234985,0.234985,,,359.999603,-134.999649,479.999146,0.000549,-44.999836,-0.000356,359.998108,-134.998566,480.015350,0.000153,37.727711,0.000059,-0.195420,-0.184077,1.167814,-0.016557,50.234985,-0.021727,
feedback,2.017774,1786354407527,7,Ry,50.000000,250.000000,50.131989,0.131989,,,359.999603,-134.999649,479.999146,0.000549,-44.999836,-0.000356,359.992950,-134.999725,480.008972,0.000144,38.335060,-0.000100,-1.182589,-0.086287,-1.859609,0.008422,50.131989,-0.002961,
feedback,2.026222,1786354407535,7,Ry,50.000000,250.000000,50.440979,0.440979,,,359.999603,-134.999649,479.999146,0.000549,-44.999836,-0.000356,359.988098,-135.000244,480.012054,0.000252,38.735706,-0.000156,1.171672,-0.053687,1.392595,0.009604,50.440979,-0.005807,
feedback,2.034286,1786354407544,7,Ry,50.000000,250.000000,50.392914,0.392914,,,359.999603,-134.999649,479.999146,0.000549,-44.999836,-0.000356,359.997375,-135.000595,480.002502,0.000141,39.141212,-0.000240,1.377752,-0.043144,-1.425532,0.000024,50.392914,-0.006866,
feedback,2.042387,1786354407552,7,Ry,50.000000,250.000000,50.028992,0.028992,,,359.999603,-134.999649,479.999146,0.000549,-44.999836,-0.000356,359.988953,-134.999817,480.005859,0.000216,39.543999,-0.000068,-0.779893,0.172566,0.374228,0.004276,50.028992,0.032761,
feedback,2.050483,1786354407561,7,Ry,50.000000,250.000000,50.042725,0.042725,,,359.999603,-134.999649,479.999146,0.000549,-44.999836,-0.000356,359.996246,-134.998688,480.013855,0.000224,39.945190,0.000051,2.122665,0.162036,2.266230,0.000592,50.042725,0.017793,
feedback,2.058885,1786354407569,7,Ry,50.000000,250.000000,50.351715,0.351715,,,359.999603,-134.999649,479.999146,0.000549,-44.999836,-0.000356,360.002747,-134.998657,480.013428,0.000240,40.350311,0.000122,0.442539,-0.086285,-1.006931,0.008626,50.351715,-0.003267,
feedback,2.066690,1786354407577,7,Ry,50.000000,250.000000,50.331116,0.331116,,,359.999603,-134.999649,479.999146,0.000549,-44.999836,-0.000356,359.997162,-134.998734,480.003693,0.000270,40.752438,0.000085,-2.060209,0.054636,-1.308940,0.019822,50.331116,0.005487,
feedback,2.075313,1786354407586,7,Ry,50.000000,250.000000,51.347351,1.347351,,,359.999603,-134.999649,479.999146,0.000549,-44.999836,-0.000356,360.004120,-134.998474,479.999908,0.000213,41.160416,0.000111,1.307582,0.139984,-1.397420,-0.009984,51.347351,0.019949,
feedback,2.083358,1786354407594,7,Ry,50.000000,250.000000,49.960327,-0.039673,,,359.999603,-134.999649,479.999146,0.000549,-44.999836,-0.000356,360.000061,-134.998947,480.009033,0.000183,41.560703,0.000027,-1.034828,0.162022,0.767963,0.000367,49.960327,0.017773,
feedback,2.091825,1786354407603,7,Ry,50.000000,250.000000,50.289917,0.289917,,,359.999603,-134.999649,479.999146,0.000549,-44.999836,-0.000356,359.996368,-134.999252,480.011871,0.000203,41.960907,0.000045,0.059411,-0.000958,0.386730,-0.011410,50.289917,0.021710,
feedback,2.099811,1786354407607,7,Ry,50.000000,250.000000,51.278686,1.278686,,,359.999603,-134.999649,479.999146,0.000549,-44.999836,-0.000356,359.997131,-134.999435,480.010071,0.000178,42.166023,-0.000020,0.199569,-0.043142,-0.660616,-0.004757,51.278687,-0.011956,
feedback,2.108525,1786354407615,7,Ry,50.000000,250.000000,49.685669,-0.314331,,,359.999603,-134.999649,479.999146,0.000549,-44.999836,-0.000356,359.988342,-135.000076,480.001038,0.000097,42.770821,-0.000207,-1.420755,-0.022051,1.121765,-0.019454,49.685669,-0.007622,
feedback,2.116285,1786354407624,7,Ry,50.000000,250.000000,50.667572,0.667572,,,359.999603,-134.999649,479.999146,0.000549,-44.999836,-0.000356,360.000549,-135.000031,480.003021,0.000228,43.174923,-0.000106,3.010324,0.000004,0.307249,0.009324,50.667572,0.010015,
feedback,2.125485,1786354407632,7,Ry,50.000000,250.000000,49.850464,-0.149536,,,359.999603,-134.999649,479.999146,0.000549,-44.999836,-0.000356,360.001526,-135.000031,480.013733,0.000253,43.575596,-0.000069,-0.837664,0.064234,0.957957,0.004179,49.850464,0.031256,
feedback,2.132915,1786354407641,7,Ry,50.000000,250.000000,50.289917,0.289917,,,359.999603,-134.999649,479.999146,0.000549,-44.999836,-0.000356,359.994080,-134.999344,480.009338,0.000308,43.974922,-0.000009,-2.788059,-0.117934,-2.982525,0.014631,50.289917,-0.028036,
feedback,2.142041,1786354407649,7,Ry,50.000000,250.000000,51.422882,1.422882,,,359.999603,-134.999649,479.999146,0.000549,-44.999836,-0.000356,360.003265,-134.999161,480.003357,0.000142,44.385700,-0.000088,0.844642,-0.021089,-2.868316,-0.009595,51.422882,-0.029234,
feedback,2.150182,1786354407658,7,Ry,50.000000,250.000000,50.070190,0.070190,,,359.999603,-134.999649,479.999146,0.000549,-44.999836,-0.000356,359.999573,-134.999207,480.004425,0.000221,44.785877,-0.000012,-1.097888,-0.237771,-0.086690,-0.014776,50.070190,-0.036398,
feedback,2.158238,1786354407666,7,Ry,50.000000,250.000000,51.141357,1.141357,,,359.999603,-134.999649,479.999146,0.000549,-44.999836,-0.000356,360.005219,-134.999344,479.999878,0.000356,45.189514,0.000064,0.050066,-0.150523,-1.601599,0.019225,51.141357,-0.020664,
feedback,2.166423,1786354407674,7,Ry,50.000000,250.000000,50.571442,0.571442,,,359.999603,-134.999649,479.999146,0.000549,-44.999836,-0.000356,360.005859,-134.999466,479.992126,0.000271,45.596504,-0.000043,-0.142475,0.032597,-2.192276,0.004635,50.571442,0.001961,
feedback,2.174433,1786354407683,7,Ry,50.000000,250.000000,49.706268,-0.293732,,,359.999603,-134.999649,479.999146,0.000549,-44.999836,-0.000356,359.988983,-134.999420,480.010193,0.000270,45.994373,-0.000005,-0.934906,0.074777,2.646488,-0.009539,49.706268,0.026453,
feedback,2.182599,1786354407691,7,Ry,50.000000,250.000000,50.427246,0.427246,,,359.999603,-134.999649,479.999146,0.000549,-44.999836,-0.000356,359.985840,-135.000977,480.013214,0.000406,46.600655,-0.000187,-1.740244,-0.021091,-0.320192,0.009460,50.427246,-0.009978,
feedback,2.190254,1786354407699,7,Ry,50.000000,250.000000,50.440979,0.440979,,,359.999603,-134.999649,479.999146,0.000549,-44.999836,-0.000356,359.984314,-134.999817,480.012848,0.000263,47.002560,-0.000104,0.215318,0.031639,0.476886,-0.024213,50.440979,0.005701,
feedback,2.198600,1786354407708,7,Ry,50.000000,250.000000,50.207520,0.207520,,,359.999603,-134.999649,479.999146,0.000549,-44.999836,-0.000356,359.992340,-134.998901,480.025787,0.000292,47.405155,0.000112,1.246431,0.000964,1.971312,0.023403,50.207520,-0.008705,
feedback,2.206658,1786354407716,7,Ry,50.000000,250.000000,49.644470,-0.355530,,,359.999603,-134.999649,479.999146,0.000549,-44.999836,-0.000356,359.990723,-134.999298,480.026001,0.000258,47.804947,-0.000026,-0.202441,-0.011504,-0.760038,-0.014026,49.644470,0.008395,
feedback,2.214829,1786354407725,7,Ry,50.000000,250.000000,50.193787,0.193787,,,359.999603,-134.999649,479.999146,0.000549,-44.999836,-0.000356,359.993744,-134.998947,480.014648,0.000176,48.209766,0.000041,-0.016196,-0.097789,-0.019506,-0.024183,50.193787,-0.014392,
feedback,2.223160,1786354407733,7,Ry,50.000000,250.000000,50.344849,0.344849,,,359.999603,-134.999649,479.999146,0.000549,-44.999836,-0.000356,360.000519,-134.999039,479.999725,0.000291,48.619362,0.000123,-0.136817,-0.032598,-1.038300,0.010700,50.344849,0.011903,
feedback,2.231489,1786354407741,7,Ry,50.000000,250.000000,50.125122,0.125122,,,359.999603,-134.999649,479.999146,0.000549,-44.999836,-0.000356,359.996002,-134.999084,480.007385,0.000222,49.018414,-0.000004,-0.582484,-0.064237,-0.112481,0.003606,50.125122,-0.021737,
feedback,2.240522,1786354407750,7,Ry,50.000000,250.000000,50.660706,0.660706,,,359.999603,-134.999649,479.999146,0.000549,-44.999836,-0.000356,359.997162,-134.999039,480.018707,0.000114,49.422710,0.000009,-1.123663,0.064231,1.268038,-0.014342,50.660706,0.012831,
feedback,2.248822,1786354407758,7,Ry,50.000000,250.000000,50.283050,0.283050,,,359.999603,-134.999649,479.999146,0.000549,-44.999836,-0.000356,359.981232,-134.999939,480.009247,0.000172,49.824947,-0.000088,-2.399056,-0.248303,-0.637734,-0.004502,50.283051,-0.035952,
feedback,2.256081,1786354407767,7,Ry,50.000000,250.000000,50.283051,0.283051,,,359.999603,-134.999649,479.999146,0.000549,-44.999836,-0.000356,359.982361,-134.999390,480.011993,0.000220,50.229244,-0.000022,0.013533,0.183110,1.107764,-0.004561,50.283051,0.032743,
feedback,2.265540,1786354407775,7,Ry,50.000000,250.000000,50.063324,0.063324,,,359.999603,-134.999649,479.999146,0.000549,-44.999836,-0.000356,359.988678,-134.999039,480.018951,0.000250,50.830498,0.000073,0.298456,0.107377,-1.146892,-0.008890,50.063324,0.024380,
feedback,2.272371,1786354407784,7,Ry,50.000000,250.000000,51.127624,1.127624,,,359.999603,-134.999649,479.999146,0.000549,-44.999836,-0.000356,360.003906,-134.998779,480.019257,-0.000020,51.235756,-0.000060,2.904525,0.085341,-1.582224,-0.033479,51.127625,0.015385,
feedback,2.280594,1786354407788,7,Ry,50.000000,250.000000,50.619507,0.619507,,,359.999603,-134.999649,479.999146,0.000549,-44.999836,-0.000356,359.998993,-134.999863,480.016052,0.000254,51.438236,-0.000022,-1.251828,-0.268448,-1.036743,0.042781,50.619507,-0.044057,
feedback,2.288976,1786354407796,7,Ry,50.000000,250.000000,50.756836,0.756836,,,359.999603,-134.999649,479.999146,0.000549,-44.999836,-0.000356,359.993256,-134.999115,479.999237,0.000300,51.843273,0.000069,-0.898430,0.184069,-1.244358,0.007108,50.756836,0.013892,
feedback,2.296880,1786354407805,7,Ry,50.000000,250.000000,50.331116,0.331116,,,359.999603,-134.999649,479.999146,0.000549,-44.999836,-0.000356,360.003113,-134.998856,480.012939,0.000317,52.244823,0.000078,1.962531,0.247366,1.113878,-0.029165,50.331116,0.038006,
feedback,2.305597,1786354407813,7,Ry,50.000000,250.000000,49.864197,-0.135803,,,359.999603,-134.999649,479.999146,0.000549,-44.999836,-0.000356,359.990936,-134.999771,480.016968,0.000340,52.645988,0.000047,-1.802945,-0.118884,0.137955,0.012089,49.864197,-0.002643,
feedback,2.314012,1786354407821,7,Ry,50.000000,250.000000,51.828003,1.828003,,,359.999603,-134.999649,479.999146,0.000549,-44.999836,-0.000356,359.989594,-134.999557,480.016205,0.000165,53.051796,-0.000109,1.343931,0.010550,-0.810869,-0.020739,51.828003,-0.006895,
feedback,2.322229,1786354407830,7,Ry,50.000000,250.000000,49.452209,-0.547791,,,359.999603,-134.999649,479.999146,0.000549,-44.999836,-0.000356,359.985168,-134.999344,480.017456,0.000172,53.453621,-0.000038,-1.339161,0.010542,1.103512,-0.009771,49.452209,0.001428,
feedback,2.330372,1786354407838,7,Ry,50.000000,250.000000,50.489044,0.489044,,,359.999603,-134.999649,479.999146,0.000549,-44.999836,-0.000356,359.985352,-134.999771,480.016022,0.000114,53.856464,-0.000123,0.796288,0.011505,0.130069,0.006508,50.489044,-0.013818,
feedback,2.338846,1786354407847,7,Ry,50.000000,250.000000,49.987793,-0.012207,,,359.999603,-134.999649,479.999146,0.000549,-44.999836,-0.000356,359.984253,-135.000290,480.009888,0.000187,54.462990,-0.000114,-0.071507,-0.043141,0.597634,0.005564,49.987793,-0.002875,
feedback,2.346778,1786354407855,7,Ry,50.000000,250.000000,50.200653,0.200653,,,359.999603,-134.999649,479.999146,0.000549,-44.999836,-0.000356,359.989899,-134.998734,480.014313,0.000107,54.864983,0.000036,1.663836,0.162030,1.371648,0.003711,50.200653,0.021850,
feedback,2.354903,1786354407864,7,Ry,50.000000,250.000000,49.898529,-0.101471,,,359.999603,-134.999649,479.999146,0.000549,-44.999836,-0.000356,359.987976,-134.999344,480.024689,0.000128,55.266750,0.000020,-1.657807,-0.010551,0.848924,0.026340,49.898529,0.010006,
feedback,2.362884,1786354407872,7,Ry,50.000000,250.000000,50.777435,0.777435,,,359.999603,-134.999649,479.999146,0.000549,-44.999836,-0.000356,359.981110,-134.998474,480.020050,0.000046,55.669621,0.000059,-1.081770,0.312526,-0.865420,-0.004140,50.777435,0.053735,
feedback,2.371234,1786354407881,7,Ry,50.000000,250.000000,50.028992,0.028992,,,359.999603,-134.999649,479.999146,0.000549,-44.999836,-0.000356,359.980621,-134.998260,480.015656,0.000016,56.073723,0.000084,-1.692147,0.086272,-1.467210,-0.005985,50.028992,0.009901,
feedback,2.379372,1786354407889,7,Ry,50.000000,250.000000,49.596405,-0.403595,,,359.999603,-134.999649,479.999146,0.000549,-44.999836,-0.000356,359.983093,-134.998703,480.015320,0.000150,56.474533,0.000125,-0.654171,-0.107378,0.570789,-0.009825,49.596405,-0.036558,
feedback,2.388070,1786354407897,7,Ry,50.000000,250.000000,50.276184,0.276184,,,359.999603,-134.999649,479.999146,0.000549,-44.999836,-0.000356,359.994537,-134.998566,480.022217,0.000066,56.880779,0.000124,0.504780,-0.032594,1.387998,0.001758,50.276184,0.002636,
feedback,2.396013,1786354407906,7,Ry,50.000000,250.000000,49.713135,-0.286865,,,359.999603,-134.999649,479.999146,0.000549,-44.999836,-0.000356,359.978912,-134.999435,480.011139,0.000150,57.281727,0.000087,-3.188288,0.107366,-0.722355,0.009789,49.713135,0.036421,
feedback,2.403991,1786354407914,7,Ry,50.000000,250.000000,50.969696,0.969696,,,359.999603,-134.999649,479.999146,0.000549,-44.999836,-0.000356,359.982849,-135.000290,480.004456,0.000019,57.691158,-0.000206,-0.103451,-0.097785,-0.823200,-0.016813,50.969696,-0.006859,
feedback,2.412333,1786354407922,7,Ry,50.000000,250.000000,49.919129,-0.080871,,,359.999603,-134.999649,479.999146,0.000549,-44.999836,-0.000356,359.980530,-134.999817,480.010712,0.000132,58.091637,-0.000022,-0.948671,0.248298,0.185739,0.015215,49.919128,0.042629,
feedback,2.420497,1786354407931,7,Ry,50.000000,250.000000,50.550842,0.550842,,,359.999603,-134.999649,479.999146,0.000549,-44.999836,-0.000356,359.993317,-134.998871,480.018982,0.000030,58.493187,0.000062,2.379138,0.150528,0.375834,-0.007371,50.550842,0.032308,
feedback,2.429914,1786354407939,7,Ry,50.000000,250.000000,50.660706,0.660706,,,359.999603,-134.999649,479.999146,0.000549,-44.999836,-0.000356,359.989471,-134.998444,480.011047,0.000082,59.097572,0.000142,-2.800658,0.129411,-2.537783,-0.006159,50.660706,0.017073,
feedback,2.437223,1786354407948,7,Ry,50.000000,250.000000,50.962830,0.962830,,,359.999603,-134.999649,479.999146,0.000549,-44.999836,-0.000356,359.993958,-134.998611,480.005646,0.000080,59.505302,0.000112,0.577743,-0.032594,-0.335537,-0.003729,50.962830,-0.000950,
feedback,2.445107,1786354407956,7,Ry,50.000000,250.000000,49.294281,-0.705719,,,359.999603,-134.999649,479.999146,0.000549,-44.999836,-0.000356,359.989960,-134.999557,480.011230,0.000023,59.904053,-0.000054,-0.995012,-0.151478,2.390253,0.004901,49.294281,-0.008698,
feedback,2.453590,1786354407964,7,Ry,50.000000,250.000000,50.667572,0.667572,,,359.999603,-134.999649,479.999146,0.000549,-44.999836,-0.000356,359.999908,-134.999481,480.016510,0.000123,60.308460,0.000026,1.545007,-0.076695,0.930515,-0.005197,50.667572,0.016028,
feedback,2.461808,1786354407968,7,Ry,50.000000,250.000000,50.289917,0.289917,,,359.999603,-134.999649,479.999146,0.000549,-44.999836,-0.000356,359.984955,-134.999222,480.013794,0.000116,60.710533,0.000109,-4.703750,-0.044112,-1.362111,-0.007593,50.289917,0.013581,
feedback,2.469776,1786354407977,7,Ry,50.000000,250.000000,50.001526,0.001526,,,359.999603,-134.999649,479.999146,0.000549,-44.999836,-0.000356,359.985077,-134.998093,480.019897,0.000121,60.910538,0.000244,-0.021857,0.280897,1.255713,0.000365,50.001526,0.032726,
feedback,2.479303,1786354407990,7,Ry,50.000000,250.000000,49.637604,-0.362396,,,359.999603,-134.999649,479.999146,0.000549,-44.999836,-0.000356,359.979340,-135.000076,480.011658,0.000224,61.518028,-0.000003,-2.381917,0.117918,0.033407,0.002200,49.637604,0.038388,
feedback,2.486900,1786354407998,7,Ry,50.000000,250.000000,51.045227,1.045227,,,359.999603,-134.999649,479.999146,0.000549,-44.999836,-0.000356,359.981018,-135.000504,480.019928,0.000117,61.920757,-0.000144,0.789058,-0.270349,-0.299804,-0.003613,51.045227,-0.026658,
feedback,2.495785,1786354408006,7,Ry,50.000000,250.000000,49.225616,-0.774384,,,359.999603,-134.999649,479.999146,0.000549,-44.999836,-0.000356,359.977905,-134.999771,480.007141,0.000197,62.323132,-0.000008,-2.200536,0.108325,-0.999006,0.006284,49.225616,0.008438,
feedback,2.504073,1786354408015,7,Ry,50.000000,250.000000,51.017761,1.017761,,,359.999603,-134.999649,479.999146,0.000549,-44.999836,-0.000356,359.993164,-134.999039,480.006989,0.000168,62.729820,0.000100,1.806472,0.043149,-0.805039,0.024218,51.017761,0.019451,
feedback,2.512338,1786354408019,7,Ry,50.000000,250.000000,49.946594,-0.053406,,,359.999603,-134.999649,479.999146,0.000549,-44.999836,-0.000356,359.988983,-134.998215,480.017151,0.000139,63.130188,0.000175,-3.485001,0.280879,0.265039,0.012021,49.946594,0.038918,
feedback,2.520438,1786354408027,7,Ry,50.000000,250.000000,50.605774,0.605774,,,359.999603,-134.999649,479.999146,0.000549,-44.999836,-0.000356,359.987396,-134.998611,480.016663,0.000054,63.532837,0.000090,0.554696,-0.075734,0.079105,-0.003303,50.605774,-0.007586,
feedback,2.528921,1786354408036,7,Ry,50.000000,250.000000,50.358582,0.358582,,,359.999603,-134.999649,479.999146,0.000549,-44.999836,-0.000356,359.982941,-134.998871,480.015533,0.000106,63.937519,0.000060,-1.914609,0.118869,-0.055169,-0.003369,50.358582,0.011414,
feedback,2.536427,1786354408044,7,Ry,50.000000,250.000000,49.850464,-0.149536,,,359.999603,-134.999649,479.999146,0.000549,-44.999836,-0.000356,359.972656,-134.999817,480.016663,0.000101,64.337555,-0.000144,-1.787739,0.010543,-0.006074,-0.009258,49.850464,0.003216,
feedback,2.545339,1786354408053,7,Ry,50.000000,250.000000,50.248718,0.248718,,,359.999603,-134.999649,479.999146,0.000549,-44.999836,-0.000356,359.988312,-134.999039,480.018372,0.000100,64.742760,0.000027,-0.413480,0.075736,0.029605,0.008947,50.248718,0.010453,
feedback,2.553087,1786354408061,7,Ry,50.000000,250.000000,50.310516,0.310516,,,359.999603,-134.999649,479.999146,0.000549,-44.999836,-0.000356,359.990997,-134.999207,480.015839,0.000275,65.146484,0.000192,-0.083185,0.172568,0.432187,0.006062,50.310516,0.030352,
feedback,2.561352,1786354408070,7,Ry,50.000000,250.000000,50.138855,0.138855,,,359.999603,-134.999649,479.999146,0.000549,-44.999836,-0.000356,359.978088,-135.000168,480.013641,0.000099,65.550095,-0.000105,-1.964066,-0.065190,-0.204765,-0.005708,50.138855,-0.001232,
feedback,2.569209,1786354408078,7,Ry,50.000000,250.000000,51.237488,1.237488,,,359.999603,-134.999649,479.999146,0.000549,-44.999836,-0.000356,359.974731,-135.000122,480.008484,-0.000116,65.956230,-0.000310,-0.614956,0.074778,-1.630482,-0.033500,51.237488,0.014488,
feedback,2.578002,1786354408086,7,Ry,50.000000,250.000000,49.864197,-0.135803,,,359.999603,-134.999649,479.999146,0.000549,-44.999836,-0.000356,359.977509,-134.999130,480.012146,0.000032,66.357506,-0.000013,-1.003855,0.064229,-0.250367,-0.011965,49.864197,0.016693,
feedback,2.585530,1786354408095,7,Ry,50.000000,250.000000,50.598907,0.598907,,,359.999603,-134.999649,479.999146,0.000549,-44.999836,-0.000356,359.985931,-134.998352,480.025879,0.000101,66.757568,0.000233,1.721794,0.280907,0.343534,0.011462,50.598907,0.038156,
feedback,2.594425,1786354408103,7,Ry,50.000000,250.000000,49.829865,-0.170135,,,359.999603,-134.999649,479.999146,0.000549,-44.999836,-0.000356,359.983032,-134.998657,480.024841,0.000181,67.361542,0.000203,-3.143356,0.075721,1.515955,0.015079,49.829865,0.012682,
feedback,2.601709,1786354408112,7,Ry,50.000000,250.000000,50.667572,0.667572,,,359.999603,-134.999649,479.999146,0.000549,-44.999836,-0.000356,359.977325,-134.999176,480.019348,0.000180,67.767548,0.000120,0.190498,-0.129421,-0.857291,0.006186,50.667572,-0.018001,
feedback,2.610516,1786354408120,7,Ry,50.000000,250.000000,50.578308,0.578308,,,359.999603,-134.999649,479.999146,0.000549,-44.999836,-0.000356,359.977814,-134.998917,480.013000,0.000124,68.171570,0.000146,0.808122,0.031641,-0.944368,-0.007853,50.578308,0.019122,
feedback,2.618170,1786354408128,7,Ry,50.000000,250.000000,50.180054,0.180054,,,359.999603,-134.999649,479.999146,0.000549,-44.999836,-0.000356,359.990814,-134.999344,480.014130,0.000107,68.574654,0.000014,0.021566,-0.096830,0.066995,-0.004028,50.180054,-0.022633,
feedback,2.626785,1786354408137,7,Ry,50.000000,250.000000,50.440979,0.440979,,,359.999603,-134.999649,479.999146,0.000549,-44.999836,-0.000356,359.988678,-134.998779,480.016571,0.000148,68.975433,0.000171,0.828012,-0.021089,-0.680535,0.011119,50.440979,-0.010355,
feedback,2.634547,1786354408145,7,Ry,50.000000,250.000000,51.656342,1.656342,,,359.999603,-134.999649,479.999146,0.000549,-44.999836,-0.000356,359.985657,-134.998993,480.013641,0.000028,69.382011,-0.000014,0.575633,0.011505,-2.123846,0.000629,51.656342,-0.014831,
feedback,2.643086,1786354408154,7,Ry,50.000000,250.000000,50.296783,0.296783,,,359.999603,-134.999649,479.999146,0.000549,-44.999836,-0.000356,359.975372,-134.998825,480.020752,-0.000012,69.783455,0.000061,-0.601298,-0.032596,0.447065,-0.002566,50.296783,-0.000423,
feedback,2.651376,1786354408162,7,Ry,50.000000,250.000000,49.939728,-0.060272,,,359.999603,-134.999649,479.999146,0.000549,-44.999836,-0.000356,359.970642,-134.999390,480.020081,0.000089,70.186104,0.000056,-1.772135,-0.139969,0.076401,0.002208,49.939728,-0.027059,
feedback,2.659756,1786354408166,7,Ry,50.000000,250.000000,50.523376,0.523376,,,359.999603,-134.999649,479.999146,0.000549,-44.999836,-0.000356,359.975708,-134.999863,480.010162,0.000137,70.388199,0.000055,1.175784,-0.118874,-2.770640,0.004115,50.523376,-0.011827,
feedback,2.667679,1786354408174,7,Ry,50.000000,250.000000,51.230621,1.230621,,,359.999603,-134.999649,479.999146,0.000549,-44.999836,-0.000356,359.990204,-134.999863,480.002930,0.000168,70.795242,-0.000001,1.545029,0.107378,-2.363767,-0.011075,51.230621,0.024443,
feedback,2.676012,1786354408183,7,Ry,50.000000,250.000000,50.207520,0.207520,,,359.999603,-134.999649,479.999146,0.000549,-44.999836,-0.000356,359.996429,-134.998703,479.993683,0.000084,71.198631,0.000162,1.342385,0.419929,-0.079461,-0.006856,50.207520,0.081298,
feedback,2.683680,1786354408191,7,Ry,50.000000,250.000000,49.610138,-0.389862,,,359.999603,-134.999649,479.999146,0.000549,-44.999836,-0.000356,359.979004,-134.999435,480.015900,0.000109,71.798485,0.000049,-2.331774,-0.032600,2.775620,-0.015309,49.610138,-0.004633,
feedback,2.692848,1786354408200,7,Ry,50.000000,250.000000,50.420380,0.420380,,,359.999603,-134.999649,479.999146,0.000549,-44.999836,-0.000356,359.973358,-134.999130,480.025055,-0.000061,72.201271,-0.000015,-0.264317,-0.140922,0.812522,-0.019517,50.420380,-0.012050,
feedback,2.700489,1786354408208,7,Ry,50.000000,250.000000,50.523376,0.523376,,,359.999603,-134.999649,479.999146,0.000549,-44.999836,-0.000356,359.973267,-134.999557,480.025208,0.000165,72.604218,0.000110,-0.855812,0.043138,-0.974547,-0.000097,50.523376,0.006866,
feedback,2.708129,1786354408217,7,Ry,50.000000,250.000000,50.708771,0.708771,,,359.999603,-134.999649,479.999146,0.000549,-44.999836,-0.000356,359.984314,-134.999008,480.016663,0.000137,73.010498,0.000192,2.117653,-0.086275,-1.493162,0.006397,50.708771,-0.011727,
feedback,2.716543,1786354408225,7,Ry,50.000000,250.000000,51.759338,1.759338,,,359.999603,-134.999649,479.999146,0.000549,-44.999836,-0.000356,359.985535,-134.998444,480.003235,0.000312,73.414383,0.000398,1.820388,0.226263,-4.256651,-0.008814,51.759338,0.038953,
feedback,2.725854,1786354408233,7,Ry,50.000000,250.000000,50.248718,0.248718,,,359.999603,-134.999649,479.999146,0.000549,-44.999836,-0.000356,359.983490,-134.998962,480.010376,0.000110,73.816811,0.000192,-1.944913,-0.140933,0.534729,-0.012504,50.248718,-0.009596,
feedback,2.733568,1786354408242,7,Ry,50.000000,250.000000,51.271820,1.271820,,,359.999603,-134.999649,479.999146,0.000549,-44.999836,-0.000356,359.982513,-134.998657,480.012360,0.000247,74.219238,0.000275,1.968226,0.012469,-0.819896,0.006218,51.271820,-0.034388,
feedback,2.740973,1786354408250,7,Ry,50.000000,250.000000,50.482178,0.482178,,,359.999603,-134.999649,479.999146,0.000549,-44.999836,-0.000356,359.975647,-134.999435,480.008148,0.000292,74.624054,0.000241,-1.212982,-0.108331,-1.157878,-0.010383,50.482178,-0.009179,
feedback,2.750139,1786354408258,7,Ry,50.000000,250.000000,51.553345,1.553345,,,359.999603,-134.999649,479.999146,0.000549,-44.999836,-0.000356,359.978455,-134.999176,480.003876,0.000137,75.028824,0.000165,1.952689,0.183114,-1.857056,-0.008555,51.553345,0.032325,
feedback,2.757171,1786354408267,7,Ry,50.000000,250.000000,50.118256,0.118256,,,359.999603,-134.999649,479.999146,0.000549,-44.999836,-0.000356,359.980072,-135.000504,480.002228,0.000325,75.430862,0.000082,0.096347,-0.344170,0.407678,0.006933,50.118256,-0.074648,
feedback,2.766620,1786354408275,7,Ry,50.000000,250.000000,49.747467,-0.252533,,,359.999603,-134.999649,479.999146,0.000549,-44.999836,-0.000356,359.976166,-135.000504,480.018646,0.000441,76.031433,0.000200,-0.376024,-0.366215,2.001013,0.016666,49.747467,-0.064943,
feedback,2.774282,1786354408284,7,Ry,50.000000,250.000000,50.255585,0.255585,,,359.999603,-134.999649,479.999146,0.000549,-44.999836,-0.000356,359.980438,-134.999252,480.024658,0.000192,76.434166,0.000165,0.459786,0.118878,0.674920,-0.011884,50.255585,0.010703,
feedback,2.782366,1786354408292,7,Ry,50.000000,250.000000,50.344849,0.344849,,,359.999603,-134.999649,479.999146,0.000549,-44.999836,-0.000356,359.976288,-134.998962,480.027496,0.000110,76.836952,0.000192,0.374192,0.086282,0.337160,-0.006855,50.344849,0.012169,
feedback,2.790089,1786354408300,7,Ry,50.000000,250.000000,50.077057,0.077057,,,359.999603,-134.999649,479.999146,0.000549,-44.999836,-0.000356,359.969086,-134.999527,480.024323,0.000137,77.242264,0.000110,-1.254259,-0.248293,1.531053,-0.008309,50.077057,-0.036018,
feedback,2.798804,1786354408309,7,Ry,50.000000,250.000000,50.873566,0.873566,,,359.999603,-134.999649,479.999146,0.000549,-44.999836,-0.000356,359.969208,-134.999557,480.022491,0.000541,77.646286,0.000495,0.493850,-0.193649,-1.681212,0.016255,50.873566,-0.037943,
feedback,2.806832,1786354408317,7,Ry,50.000000,250.000000,49.768066,-0.231934,,,359.999603,-134.999649,479.999146,0.000549,-44.999836,-0.000356,359.980042,-134.998917,480.020203,0.000322,78.048492,0.000352,0.188254,-0.107373,1.042163,0.009371,49.768066,-0.025746,
feedback,2.815233,1786354408326,7,Ry,50.000000,250.000000,50.784302,0.784302,,,359.999603,-134.999649,479.999146,0.000549,-44.999836,-0.000356,359.987213,-134.998871,480.012451,0.000299,78.454224,0.000357,0.263772,0.194617,-1.467535,-0.010901,50.784302,0.018129,
feedback,2.822813,1786354408330,7,Ry,50.000000,250.000000,50.028992,0.028992,,,359.999603,-134.999649,479.999146,0.000549,-44.999836,-0.000356,359.988556,-134.997971,480.011658,0.000548,78.654335,0.000776,0.205307,0.226256,-0.496800,0.011802,50.028992,0.043766,
feedback,2.831631,1786354408338,7,Ry,50.000000,250.000000,50.866699,0.866699,,,359.999603,-134.999649,479.999146,0.000549,-44.999836,-0.000356,359.979218,-134.999313,480.007416,0.000252,79.059708,0.000282,-1.468879,0.053683,-1.174142,-0.021650,50.866699,0.009699,
feedback,2.839061,1786354408347,7,Ry,50.000000,250.000000,50.200653,0.200653,,,359.999603,-134.999649,479.999146,0.000549,-44.999836,-0.000356,359.965302,-134.998657,480.013367,0.000137,79.460434,0.000247,-1.831766,-0.301981,-0.105460,-0.006967,50.200653,-0.049321,
feedback,2.847185,1786354408355,7,Ry,50.000000,250.000000,49.630737,-0.369263,,,359.999603,-134.999649,479.999146,0.000549,-44.999836,-0.000356,359.969574,-134.999252,480.011292,0.000192,80.065063,0.000165,-0.286750,0.011500,1.368894,-0.003352,49.630737,-0.014609,
feedback,2.855416,1786354408364,7,Ry,50.000000,250.000000,50.592041,0.592041,,,359.999603,-134.999649,479.999146,0.000549,-44.999836,-0.000356,359.980225,-135.001587,480.004211,0.000574,80.471146,0.000140,0.565379,-0.516736,0.222123,-0.002055,50.592041,-0.103755,
feedback,2.864047,1786354408372,7,Ry,50.000000,250.000000,50.207520,0.207520,,,359.999603,-134.999649,479.999146,0.000549,-44.999836,-0.000356,359.977753,-135.000168,480.017487,0.000220,80.870277,0.000027,-0.372957,0.291437,0.547959,-0.012494,50.207520,0.039107,
feedback,2.872546,1786354408380,7,Ry,50.000000,250.000000,50.255585,0.255585,,,359.999603,-134.999649,479.999146,0.000549,-44.999836,-0.000356,359.967377,-134.999176,480.020905,0.000137,81.273804,0.000165,-2.139481,0.139958,-0.256316,-0.014760,50.255585,0.025303,
feedback,2.879920,1786354408389,7,Ry,50.000000,250.000000,50.873566,0.873566,,,359.999603,-134.999649,479.999146,0.000549,-44.999836,-0.000356,359.965698,-134.997925,480.020355,0.000298,81.677612,0.000547,0.008397,0.140918,-1.487199,-0.004130,50.873566,0.006090,
feedback,2.888140,1786354408397,7,Ry,50.000000,250.000000,50.228119,0.228119,,,359.999603,-134.999649,479.999146,0.000549,-44.999836,-0.000356,359.963867,-134.998184,480.014893,0.000252,82.080864,0.000501,-0.157454,-0.119825,-0.172149,-0.004995,50.228119,0.006539,
feedback,2.896066,1786354408406,7,Ry,50.000000,250.000000,51.113892,1.113892,,,359.999603,-134.999649,479.999146,0.000549,-44.999836,-0.000356,359.976532,-134.998749,480.005127,0.000400,82.486069,0.000457,0.647190,0.205158,-0.463446,-0.006130,51.113892,0.026627,
feedback,2.904155,1786354408414,7,Ry,50.000000,250.000000,50.564575,0.564575,,,359.999603,-134.999649,479.999146,0.000549,-44.999836,-0.000356,359.982025,-134.999741,480.015686,0.000605,82.887314,0.000526,1.646722,-0.010544,-0.117302,0.000777,50.564575,-0.006814,
feedback,2.912756,1786354408422,7,Ry,50.000000,250.000000,50.289917,0.289917,,,359.999603,-134.999649,479.999146,0.000549,-44.999836,-0.000356,359.981781,-134.999695,480.015808,0.000838,83.290100,0.000788,-1.221857,0.183108,-0.958802,0.005945,50.289917,0.035088,
feedback,2.920522,1786354408431,7,Ry,50.000000,250.000000,50.798035,0.798035,,,359.999603,-134.999649,479.999146,0.000549,-44.999836,-0.000356,359.985413,-134.999435,480.009827,0.000441,83.696129,0.000387,0.131319,-0.009589,-1.028915,-0.003177,50.798035,-0.028012,
feedback,2.929319,1786354408439,7,Ry,50.000000,250.000000,50.379181,0.379181,,,359.999603,-134.999649,479.999146,0.000549,-44.999836,-0.000356,359.973541,-134.998093,480.009827,0.000385,84.301338,0.000606,-0.768515,-0.161063,0.845463,-0.005077,50.379181,-0.041779,
feedback,2.936869,1786354408448,7,Ry,50.000000,250.000000,50.530243,0.530243,,,359.999603,-134.999649,479.999146,0.000549,-44.999836,-0.000356,359.960754,-134.999390,480.015930,0.000757,84.702995,0.000732,-1.444341,-0.193650,-0.187820,0.001147,50.530243,-0.041140,
feedback,2.945657,1786354408456,7,Ry,50.000000,250.000000,49.768066,-0.231934,,,359.999603,-134.999649,479.999146,0.000549,-44.999836,-0.000356,359.960876,-135.000427,480.023438,0.000806,85.103752,0.000616,-1.097599,-0.290469,1.291481,0.008623,49.768066,-0.061137,
feedback,2.953372,1786354408464,7,Ry,50.000000,250.000000,50.427246,0.427246,,,359.999603,-134.999649,479.999146,0.000549,-44.999836,-0.000356,359.968414,-135.001938,480.026123,0.001186,85.507034,0.000777,0.337238,-0.172560,-0.516783,0.000242,50.427246,-0.027466,
feedback,2.961424,1786354408473,7,Ry,50.000000,250.000000,50.743103,0.743103,,,359.999603,-134.999649,479.999146,0.000549,-44.999836,-0.000356,359.962433,-135.000778,480.029968,0.002469,85.909019,0.002228,-0.010763,0.010546,-1.154387,0.026979,50.743103,0.008808,
feedback,2.969521,1786354408477,7,Ry,50.000000,250.000000,50.791168,0.791168,,,359.999603,-134.999649,479.999146,0.000549,-44.999836,-0.000356,359.964905,-134.999344,480.025726,0.001350,86.112183,0.001353,0.455574,0.355659,-1.374490,-0.021139,50.791168,0.060386,
feedback,2.978866,1786354408489,7,Ry,50.000000,250.000000,51.017761,1.017761,,,359.999603,-134.999649,479.999146,0.000549,-44.999836,-0.000356,359.970947,-134.996628,480.000275,0.001124,86.722061,0.001537,1.508721,0.162027,-1.801813,-0.020687,51.017761,0.019433,
feedback,2.986448,1786354408494,7,Ry,50.000000,250.000000,50.543976,0.543976,,,359.999603,-134.999649,479.999146,0.000549,-44.999836,-0.000356,359.970337,-134.997971,479.991425,0.001160,86.924240,0.001381,-0.318861,-0.334572,-2.518723,-0.000683,50.543976,-0.048075,
feedback,2.995124,1786354408502,7,Ry,50.000000,250.000000,51.017761,1.017761,,,359.999603,-134.999649,479.999146,0.000549,-44.999836,-0.000356,359.980804,-134.997498,479.987183,0.001931,87.329117,0.002208,2.213214,0.011519,-2.563745,0.007428,51.017761,-0.013391,
feedback,3.002696,1786354408510,7,Ry,50.000000,250.000000,50.283050,0.283050,,,359.999603,-134.999649,479.999146,0.000549,-44.999836,-0.000356,359.972565,-135.000427,480.011627,0.002823,87.727287,0.002715,0.397090,-0.227202,0.834890,-0.007630,50.283051,-0.020888,
feedback,3.011543,1786354408519,7,Ry,50.000000,250.000000,49.713135,-0.286865,,,359.999603,-134.999649,479.999146,0.000549,-44.999836,-0.000356,359.976868,-135.000290,480.019958,0.003553,88.127571,0.003362,-0.993683,-0.236794,1.454796,0.007312,49.713135,-0.047833,
feedback,3.018979,1786354408527,7,Ry,50.000000,250.000000,49.829865,-0.170135,,,359.999603,-134.999649,479.999146,0.000549,-44.999836,-0.000356,359.972351,-135.000168,480.020996,0.003830,88.731323,0.003722,-1.617866,0.129420,0.751415,-0.000000,49.829865,0.020599,
feedback,3.028053,1786354408536,7,Ry,50.000000,250.000000,50.777435,0.777435,,,359.999603,-134.999649,479.999146,0.000549,-44.999836,-0.000356,359.962280,-134.999176,480.022522,0.005607,89.136940,0.005635,-1.271057,0.215690,-0.511570,-0.007012,50.777435,0.034229,
feedback,3.035550,1786354408544,7,Ry,50.000000,250.000000,50.434113,0.434113,,,359.999603,-134.999649,479.999146,0.000549,-44.999836,-0.000356,359.955109,-134.998093,480.021088,0.013800,89.540222,0.014020,-0.477421,0.248278,0.375560,0.006631,50.434113,0.034388,
feedback,3.044288,1786354408552,7,Ry,50.000000,250.000000,49.170685,-0.829315,,,359.999603,-134.999649,479.999146,0.000549,-44.999836,-0.000356,359.949127,-135.000214,480.024475,0.078336,89.939713,0.078281,-3.045568,-0.399731,1.390407,-0.006865,49.170685,-0.048072,
feedback,3.051768,1786354408561,7,Ry,50.000000,250.000000,50.296783,0.296783,,,359.999603,-134.999649,479.999146,0.000549,-44.999836,-0.000356,359.964905,-134.998795,480.011200,179.986526,89.652557,179.986633,-0.010606,0.032593,-0.503076,-0.007101,50.296783,0.000042,
feedback,3.061101,1786354408570,7,Ry,50.000000,250.000000,50.749970,0.749970,,,359.999603,-134.999649,479.999146,0.000549,-44.999836,-0.000356,359.974579,-134.999481,480.013245,179.993820,89.248863,179.993820,1.497497,0.205157,-1.013961,-0.007053,50.749969,0.027556,
feedback,3.068245,1786354408579,7,Ry,50.000000,250.000000,50.578308,0.578308,,,359.999603,-134.999649,479.999146,0.000549,-44.999836,-0.000356,359.978943,-134.998825,480.015198,179.994675,88.846436,179.994766,0.933172,-0.118872,-0.603704,0.006809,50.578308,-0.013873,
feedback,3.077349,1786354408587,7,Ry,50.000000,250.000000,50.736236,0.736236,,,359.999603,-134.999649,479.999146,0.000549,-44.999836,-0.000356,359.982880,-134.998444,480.003418,179.995636,88.241035,179.995804,1.046223,-0.151467,-2.295354,0.020768,50.736237,-0.014372,
feedback,3.085004,1786354408595,7,Ry,50.000000,250.000000,50.626373,0.626373,,,359.999603,-134.999649,479.999146,0.000549,-44.999836,-0.000356,359.967407,-134.998825,480.002960,179.997223,87.837036,179.997314,-0.881676,-0.226246,-2.545421,-0.000453,50.626373,-0.041194,
feedback,3.093610,1786354408604,7,Ry,50.000000,250.000000,50.612640,0.612640,,,359.999603,-134.999649,479.999146,0.000549,-44.999836,-0.000356,359.956635,-134.999222,480.010223,179.997101,87.433624,179.997101,-0.804239,-0.086278,-0.638087,-0.000146,50.612640,-0.013733,
feedback,3.101423,1786354408612,7,Ry,50.000000,250.000000,50.592041,0.592041,,,359.999603,-134.999649,479.999146,0.000549,-44.999836,-0.000356,359.951019,-135.002930,480.009857,179.997467,87.030807,179.996902,-0.098172,-0.248278,-1.182681,0.007601,50.592041,-0.034697,
feedback,3.110048,1786354408621,7,Ry,50.000000,250.000000,50.420380,0.420380,,,359.999603,-134.999649,479.999146,0.000549,-44.999836,-0.000356,359.942627,-135.002289,480.017487,179.997345,86.629257,179.996872,-0.240646,-0.183090,0.335384,0.006741,50.420380,-0.034724,
feedback,3.117832,1786354408625,7,Ry,50.000000,250.000000,49.925995,-0.074005,,,359.999603,-134.999649,479.999146,0.000549,-44.999836,-0.000356,359.946747,-134.998230,480.014313,179.998413,86.225784,179.998627,0.324390,1.164694,-0.103591,-0.013966,49.925995,0.186298,
feedback,3.126425,1786354408633,7,Ry,50.000000,250.000000,50.365448,0.365448,,,359.999603,-134.999649,479.999146,0.000549,-44.999836,-0.000356,359.956451,-134.997543,480.017426,179.998108,86.024323,179.998428,2.223568,0.172567,0.493786,0.006488,50.365448,0.026990,
feedback,3.134396,1786354408642,7,Ry,50.000000,250.000000,50.063324,0.063324,,,359.999603,-134.999649,479.999146,0.000549,-44.999836,-0.000356,359.964722,-134.996841,480.012054,179.997925,85.621368,179.998367,0.275733,0.517668,-0.740853,0.006390,50.063324,0.081873,
feedback,3.143001,1786354408650,7,Ry,50.000000,250.000000,50.495911,0.495911,,,359.999603,-134.999649,479.999146,0.000549,-44.999836,-0.000356,359.974152,-134.997406,480.017273,179.998138,85.217682,179.998459,0.737096,-0.043134,-0.133289,-0.000387,50.495911,-0.006866,
feedback,3.150848,1786354408658,7,Ry,50.000000,250.000000,50.804901,0.804901,,,359.999603,-134.999649,479.999146,0.000549,-44.999836,-0.000356,359.976776,-134.998062,480.013367,179.998566,84.814316,179.998810,1.056373,-0.022042,-2.414036,0.007787,50.804901,0.006190,
feedback,3.158471,1786354408667,7,Ry,50.000000,250.000000,50.962829,0.962829,,,359.999603,-134.999649,479.999146,0.000549,-44.999836,-0.000356,359.977234,-134.999649,480.008240,179.998428,84.410187,179.998398,0.885286,-0.398809,-2.300556,0.006092,50.962830,-0.069301,
feedback,3.167210,1786354408676,7,Ry,50.000000,250.000000,50.083923,0.083923,,,359.999603,-134.999649,479.999146,0.000549,-44.999836,-0.000356,359.958771,-135.001038,480.009003,179.999100,83.805359,179.998840,-3.183685,-0.258822,3.010081,-0.013533,50.083923,-0.039717,
feedback,3.175587,1786354408684,7,Ry,50.000000,250.000000,49.177551,-0.822449,,,359.999603,-134.999649,479.999146,0.000549,-44.999836,-0.000356,359.939575,-135.000076,480.023315,179.999207,83.408478,179.999069,-3.248980,0.399720,1.855219,-0.016030,49.177551,0.049778,
feedback,3.183728,1786354408693,7,Ry,50.000000,250.000000,50.255585,0.255585,,,359.999603,-134.999649,479.999146,0.000549,-44.999836,-0.000356,359.945129,-135.000473,480.010040,179.998520,82.999237,179.998367,-0.334919,-0.162000,-0.758417,0.021331,50.255585,-0.023161,
feedback,3.191454,1786354408701,7,Ry,50.000000,250.000000,50.598908,0.598908,,,359.999603,-134.999649,479.999146,0.000549,-44.999836,-0.000356,359.949432,-134.998795,480.005554,179.999054,82.595215,179.999161,1.273485,0.162007,-1.047537,-0.014697,50.598907,0.022427,
feedback,3.200404,1786354408710,7,Ry,50.000000,250.000000,50.756836,0.756836,,,359.999603,-134.999649,479.999146,0.000549,-44.999836,-0.000356,359.955383,-134.999222,480.009705,179.999252,82.191879,179.999329,1.259230,-0.022043,-1.015723,-0.011862,50.756836,0.008605,
feedback,3.208097,1786354408718,7,Ry,50.000000,250.000000,50.180054,0.180054,,,359.999603,-134.999649,479.999146,0.000549,-44.999836,-0.000356,359.960144,-134.999435,480.015015,179.998947,81.791046,179.998962,1.248594,-0.087228,0.175520,0.017418,50.180054,0.004624,
feedback,3.216596,1786354408726,7,Ry,50.000000,250.000000,50.028992,0.028992,,,359.999603,-134.999649,479.999146,0.000549,-44.999836,-0.000356,359.970245,-134.998917,480.012756,179.999359,81.387459,179.999466,-0.168536,0.075732,0.049602,-0.014774,50.028992,0.009000,
feedback,3.224014,1786354408735,7,Ry,50.000000,250.000000,49.987793,-0.012207,,,359.999603,-134.999649,479.999146,0.000549,-44.999836,-0.000356,359.969574,-134.998581,480.018555,179.999039,80.985275,179.999191,-1.149249,0.086274,1.693053,0.006566,49.987793,0.012657,
feedback,3.233478,1786354408743,7,Ry,50.000000,250.000000,49.774933,-0.225067,,,359.999603,-134.999649,479.999146,0.000549,-44.999836,-0.000356,359.970551,-134.999481,480.036041,179.999130,80.383911,179.999130,-0.606482,-0.150512,1.302409,0.004381,49.774933,-0.035286,
feedback,3.240680,1786354408748,7,Ry,50.000000,250.000000,50.221252,0.221252,,,359.999603,-134.999649,479.999146,0.000549,-44.999836,-0.000356,359.966553,-134.999786,480.041229,179.999451,80.183029,179.999405,-1.240663,-0.075733,1.028544,-0.012409,50.221252,-0.004626,
feedback,3.249196,1786354408756,7,Ry,50.000000,250.000000,49.864197,-0.135803,,,359.999603,-134.999649,479.999146,0.000549,-44.999836,-0.000356,359.960968,-135.000046,480.045807,179.999268,79.780571,179.999222,-1.655608,0.150508,1.983743,-0.004321,49.864197,0.035333,
feedback,3.257550,1786354408765,7,Ry,50.000000,250.000000,50.063324,0.063324,,,359.999603,-134.999649,479.999146,0.000549,-44.999836,-0.000356,359.949768,-135.000473,480.050629,179.999496,79.378197,179.999344,-1.848200,-0.086273,0.564883,-0.013450,50.063324,-0.011202,
feedback,3.265436,1786354408773,7,Ry,50.000000,250.000000,51.052094,1.052094,,,359.999603,-134.999649,479.999146,0.000549,-44.999836,-0.000356,359.950439,-134.999954,480.024292,179.999237,78.968956,179.999161,-0.758697,-0.032592,-2.905752,0.001289,51.052094,-0.000127,
feedback,3.273965,1786354408782,7,Ry,50.000000,250.000000,51.608276,1.608276,,,359.999603,-134.999649,479.999146,0.000549,-44.999836,-0.000356,359.950928,-134.999863,480.011078,179.999207,78.564110,179.999191,0.532739,-0.032591,-1.501765,0.008067,51.608276,-0.001498,
feedback,3.281812,1786354408790,7,Ry,50.000000,250.000000,50.674439,0.674439,,,359.999603,-134.999649,479.999146,0.000549,-44.999836,-0.000356,359.947723,-134.998657,480.004242,179.999374,78.159729,179.999557,-0.913904,0.128455,-1.387923,0.005441,50.674438,0.040614,
feedback,3.290020,1786354408799,7,Ry,50.000000,250.000000,50.255585,0.255585,,,359.999603,-134.999649,479.999146,0.000549,-44.999836,-0.000356,359.946808,-134.997452,479.991638,179.999390,77.755241,179.999771,-0.092614,0.226229,-1.225425,0.007805,50.255585,0.039586,
feedback,3.298374,1786354408807,7,Ry,50.000000,250.000000,50.365448,0.365448,,,359.999603,-134.999649,479.999146,0.000549,-44.999836,-0.000356,359.950439,-134.998444,479.982391,179.999405,77.148636,179.999634,-0.768142,-0.108323,-0.424355,-0.003857,50.365448,-0.005683,
feedback,3.306610,1786354408815,7,Ry,50.000000,250.000000,49.843597,-0.156403,,,359.999603,-134.999649,479.999146,0.000549,-44.999836,-0.000356,359.941254,-134.999863,479.986115,179.999451,76.745766,179.999435,-2.520633,-0.215682,2.039708,-0.006707,49.843597,-0.032758,
feedback,3.314539,1786354408824,7,Ry,50.000000,250.000000,49.610138,-0.389862,,,359.999603,-134.999649,479.999146,0.000549,-44.999836,-0.000356,359.939545,-135.000137,480.001190,179.999405,76.345558,179.999390,-1.174730,0.010547,3.229337,0.001645,49.610138,0.006672,
feedback,3.322526,1786354408832,7,Ry,50.000000,250.000000,50.186920,0.186920,,,359.999603,-134.999649,479.999146,0.000549,-44.999836,-0.000356,359.942841,-135.000427,480.003876,179.999390,75.942276,179.999268,-0.275658,-0.031638,0.709894,-0.004955,50.186920,-0.019982,
feedback,3.330983,1786354408837,7,Ry,50.000000,250.000000,51.168823,1.168823,,,359.999603,-134.999649,479.999146,0.000549,-44.999836,-0.000356,359.951874,-134.999649,479.998260,179.999359,75.537430,179.999313,1.623490,-0.161048,-2.154178,0.008080,51.168823,-0.043976,
feedback,3.339396,1786354408847,7,Ry,50.000000,250.000000,49.411011,-0.588989,,,359.999603,-134.999649,479.999146,0.000549,-44.999836,-0.000356,359.941833,-134.998581,480.014618,179.999451,75.339790,179.999680,-2.769690,0.268401,3.854284,-0.004786,49.411011,0.071022,
feedback,3.348249,1786354408855,7,Ry,50.000000,250.000000,50.097656,0.097656,,,359.999603,-134.999649,479.999146,0.000549,-44.999836,-0.000356,359.950745,-134.998962,480.019775,179.999603,74.735786,179.999741,0.199832,-0.021092,0.397732,-0.023632,50.097656,-0.007825,
feedback,3.355679,1786354408864,7,Ry,50.000000,250.000000,51.855469,1.855469,,,359.999603,-134.999649,479.999146,0.000549,-44.999836,-0.000356,359.964355,-134.999008,480.008148,179.999435,74.330666,179.999557,3.632247,-0.193637,-5.089761,0.002753,51.855469,-0.042543,
feedback,3.363802,1786354408872,7,Ry,50.000000,250.000000,50.166321,0.166321,,,359.999603,-134.999649,479.999146,0.000549,-44.999836,-0.000356,359.961639,-134.999176,480.018951,179.999359,73.929665,179.999435,0.835089,0.086279,-0.751592,-0.000120,50.166321,0.013733,
feedback,3.371870,1786354408881,7,Ry,50.000000,250.000000,50.626373,0.626373,,,359.999603,-134.999649,479.999146,0.000549,-44.999836,-0.000356,359.959991,-134.999741,480.028076,179.999496,73.526741,179.999481,0.477499,-0.150507,-0.647201,-0.010527,50.626373,-0.031821,
feedback,3.380832,1786354408889,7,Ry,50.000000,250.000000,51.210022,1.210022,,,359.999603,-134.999649,479.999146,0.000549,-44.999836,-0.000356,359.960693,-134.999573,480.029449,179.999313,73.123871,179.999390,1.211949,-0.194599,-2.354679,0.017079,51.210022,-0.025177,
feedback,3.389016,1786354408897,7,Ry,50.000000,250.000000,50.543976,0.543976,,,359.999603,-134.999649,479.999146,0.000549,-44.999836,-0.000356,359.956360,-134.999741,480.033386,179.999695,72.722519,179.999680,0.552223,-0.010546,-1.640788,-0.015201,50.543976,-0.002478,
feedback,3.396452,1786354408906,7,Ry,50.000000,250.000000,50.839233,0.839233,,,359.999603,-134.999649,479.999146,0.000549,-44.999836,-0.000356,359.958191,-134.999435,480.028290,179.999451,72.318161,179.999542,2.059267,0.085326,-3.954935,0.008269,50.839233,0.033035,
feedback,3.404883,1786354408914,7,Ry,50.000000,250.000000,50.461578,0.461578,,,359.999603,-134.999649,479.999146,0.000549,-44.999836,-0.000356,359.954498,-135.000046,480.037598,179.999634,71.916283,179.999496,0.459926,-0.204189,-1.013251,-0.019473,50.461578,-0.042785,
feedback,3.414040,1786354408923,7,Ry,50.000000,250.000000,50.283051,0.283051,,,359.999603,-134.999649,479.999146,0.000549,-44.999836,-0.000356,359.961029,-134.999390,480.033630,179.999649,71.512978,179.999680,0.889515,0.183102,-1.208397,-0.004431,50.283051,0.036155,
feedback,3.421115,1786354408931,7,Ry,50.000000,250.000000,50.935364,0.935364,,,359.999603,-134.999649,479.999146,0.000549,-44.999836,-0.000356,359.963440,-134.999527,480.034149,179.999466,71.108955,179.999481,2.118779,0.172558,-3.196637,-0.000073,50.935364,0.027466,
feedback,3.429066,1786354408939,7,Ry,50.000000,250.000000,49.884796,-0.115204,,,359.999603,-134.999649,479.999146,0.000549,-44.999836,-0.000356,359.958710,-134.998489,480.043335,179.999374,70.506653,179.999649,-1.105158,0.128457,0.729392,0.008974,49.884796,0.039624,
feedback,3.437387,1786354408948,7,Ry,50.000000,250.000000,50.399780,0.399780,,,359.999603,-134.999649,479.999146,0.000549,-44.999836,-0.000356,359.959351,-134.999100,480.040680,179.999435,70.102165,179.999573,-0.727624,-0.054640,0.159945,0.013347,50.399780,0.003300,
feedback,3.445585,1786354408956,7,Ry,50.000000,250.000000,50.537109,0.537109,,,359.999603,-134.999649,479.999146,0.000549,-44.999836,-0.000356,359.957214,-134.999268,480.039825,179.999603,69.698555,179.999710,-1.222370,-0.011502,0.424028,0.000610,50.537109,0.014836,
feedback,3.453722,1786354408965,7,Ry,50.000000,250.000000,50.804901,0.804901,,,359.999603,-134.999649,479.999146,0.000549,-44.999836,-0.000356,359.951111,-134.999832,480.032379,179.999634,69.295471,179.999634,-0.138220,-0.086275,-2.977446,-0.019293,50.804901,-0.006450,
feedback,3.461811,1786354408973,7,Ry,50.000000,250.000000,50.530243,0.530243,,,359.999603,-134.999649,479.999146,0.000549,-44.999836,-0.000356,359.945526,-134.999619,480.018768,179.999435,68.893036,179.999573,-0.572466,-0.045041,-2.802180,0.019757,50.530243,0.030647,
feedback,3.470143,1786354408981,7,Ry,50.000000,250.000000,50.083923,0.083923,,,359.999603,-134.999649,479.999146,0.000549,-44.999836,-0.000356,359.933929,-134.999176,480.013245,179.999542,68.494095,179.999619,-0.933209,0.097765,-1.950245,-0.020449,50.083923,0.006469,
feedback,3.478214,1786354408985,7,Ry,50.000000,250.000000,49.919128,-0.080872,,,359.999603,-134.999649,479.999146,0.000549,-44.999836,-0.000356,359.928833,-135.000610,480.009247,179.999466,68.294418,179.999374,-1.568947,-0.356571,-1.180643,0.007714,49.919128,-0.042659,
feedback,3.486374,1786354408994,7,Ry,50.000000,250.000000,50.015259,0.015259,,,359.999603,-134.999649,479.999146,0.000549,-44.999836,-0.000356,359.925446,-134.999741,480.000549,179.999542,67.897598,179.999588,0.019830,0.086269,-2.271974,0.006338,50.015259,0.011149,
feedback,3.494548,1786354409002,7,Ry,50.000000,250.000000,49.527741,-0.472259,,,359.999603,-134.999649,479.999146,0.000549,-44.999836,-0.000356,359.924530,-134.999222,479.993439,179.999481,67.503326,179.999603,0.033966,0.139949,-1.755683,0.008876,49.527740,0.024316,
feedback,3.502694,1786354409011,7,Ry,50.000000,250.000000,47.797394,-2.202606,,,359.999603,-134.999649,479.999146,0.000549,-44.999836,-0.000356,359.916870,-134.999054,479.999969,179.999496,67.116165,179.999649,-1.345186,-0.119805,0.709196,0.019562,47.797394,0.001494,
feedback,3.510775,1786354409019,7,Ry,50.000000,250.000000,48.847961,-1.152039,,,359.999603,-134.999649,479.999146,0.000549,-44.999836,-0.000356,359.915588,-135.000305,479.995453,179.999527,66.527626,179.999466,-0.401995,-0.485010,-0.572779,0.003610,48.847961,-0.084564,
feedback,3.518997,1786354409028,7,Ry,50.000000,250.000000,48.614502,-1.385498,,,359.999603,-134.999649,479.999146,0.000549,-44.999836,-0.000356,359.917450,-134.999832,479.988312,179.999634,66.138573,179.999619,0.088818,-0.021092,-0.856788,-0.011858,48.614502,-0.009781,
feedback,3.527192,1786354409036,7,Ry,50.000000,250.000000,47.975922,-2.024078,,,359.999603,-134.999649,479.999146,0.000549,-44.999836,-0.000356,359.909180,-135.000397,479.996918,179.999557,65.753891,179.999512,-1.101315,0.118853,0.710329,-0.015272,47.975922,0.019978,
feedback,3.535348,1786354409044,7,Ry,50.000000,250.000000,47.639465,-2.360535,,,359.999603,-134.999649,479.999146,0.000549,-44.999836,-0.000356,359.910522,-134.999527,479.988342,179.999557,65.369858,179.999664,-0.493960,0.161983,-1.002727,-0.009149,47.639465,0.024086,
feedback,3.543771,1786354409053,7,Ry,50.000000,250.000000,47.591400,-2.408600,,,359.999603,-134.999649,479.999146,0.000549,-44.999836,-0.000356,359.911804,-134.998535,479.979584,179.999649,64.988525,179.999893,0.275713,0.151439,-2.067380,-0.012211,47.591400,0.017924,
feedback,3.552029,1786354409061,7,Ry,50.000000,250.000000,47.289276,-2.710724,,,359.999603,-134.999649,479.999146,0.000549,-44.999836,-0.000356,359.906281,-134.999573,479.976837,179.999649,64.612434,179.999741,-0.409202,-0.086264,-1.487894,-0.012452,47.289276,-0.007845,
feedback,3.560563,1786354409069,7,Ry,50.000000,250.000000,46.492767,-3.507233,,,359.999603,-134.999649,479.999146,0.000549,-44.999836,-0.000356,359.895660,-135.000351,479.984192,179.999664,64.242470,179.999573,-0.922824,-0.107353,-0.180634,-0.012107,46.492767,-0.023117,
feedback,3.568518,1786354409078,7,Ry,50.000000,250.000000,46.060181,-3.939819,,,359.999603,-134.999649,479.999146,0.000549,-44.999836,-0.000356,359.898865,-134.999481,479.979034,179.999664,63.873524,179.999710,-0.229145,-0.064224,-0.381309,-0.012278,46.060181,-0.016173,
feedback,3.577039,1786354409086,7,Ry,50.000000,250.000000,44.680023,-5.319977,,,359.999603,-134.999649,479.999146,0.000549,-44.999836,-0.000356,359.899567,-134.999741,479.980988,179.999512,63.510262,179.999542,-1.354741,0.010545,2.010027,-0.003104,44.680023,0.009208,
feedback,3.584902,1786354409095,7,Ry,50.000000,250.000000,45.174408,-4.825592,,,359.999603,-134.999649,479.999146,0.000549,-44.999836,-0.000356,359.902222,-134.999878,479.971832,179.999481,63.146282,179.999512,-0.366247,-0.032585,-0.743590,0.009228,45.174408,-0.003842,
feedback,3.593608,1786354409103,7,Ry,50.000000,250.000000,45.318604,-4.681396,,,359.999603,-134.999649,479.999146,0.000549,-44.999836,-0.000356,359.893372,-134.999313,479.965454,179.999573,62.786674,179.999725,-0.370539,0.226198,-2.336775,-0.009138,45.318604,0.046719,
feedback,3.601293,1786354409111,7,Ry,50.000000,250.000000,44.405365,-5.594635,,,359.999603,-134.999649,479.999146,0.000549,-44.999836,-0.000356,359.891815,-134.999527,479.955597,179.999557,62.250374,179.999649,0.165280,0.226197,-0.623950,-0.002922,44.405365,0.043606,
feedback,3.610164,1786354409120,7,Ry,50.000000,250.000000,45.195007,-4.804993,,,359.999603,-134.999649,479.999146,0.000549,-44.999836,-0.000356,359.896881,-134.999832,479.940491,179.999588,61.892605,179.999649,1.351213,-0.075716,-3.771320,-0.008878,45.195007,-0.001206,
feedback,3.617777,1786354409128,7,Ry,50.000000,250.000000,44.364166,-5.635834,,,359.999603,-134.999649,479.999146,0.000549,-44.999836,-0.000356,359.892365,-134.998932,479.936981,179.999557,61.539558,179.999786,-0.821450,0.096805,-0.837611,-0.002871,44.364166,0.023042,
feedback,3.626467,1786354409136,7,Ry,50.000000,250.000000,44.158173,-5.841827,,,359.999603,-134.999649,479.999146,0.000549,-44.999836,-0.000356,359.894897,-134.998795,479.941650,179.999588,61.189865,179.999817,-0.074613,0.107353,1.343741,-0.005542,44.158173,0.032384,
feedback,3.634574,1786354409145,7,Ry,50.000000,250.000000,44.480896,-5.519104,,,359.999603,-134.999649,479.999146,0.000549,-44.999836,-0.000356,359.900543,-134.999664,479.939575,179.999542,60.839840,179.999634,0.992068,-0.161979,-2.605267,-0.002672,44.480896,-0.018124,
feedback,3.642625,1786354409153,7,Ry,50.000000,250.000000,44.144440,-5.855560,,,359.999603,-134.999649,479.999146,0.000549,-44.999836,-0.000356,359.907440,-134.999146,479.929443,179.999557,60.489708,179.999725,1.043036,-0.043130,-2.769381,0.005891,44.144440,-0.010249,
feedback,3.651243,1786354409162,7,Ry,50.000000,250.000000,43.924713,-6.075287,,,359.999603,-134.999649,479.999146,0.000549,-44.999836,-0.000356,359.909637,-134.998627,479.945221,179.999557,60.145863,179.999802,0.917438,0.043135,0.552754,0.005808,43.924713,0.003448,
feedback,3.659413,1786354409170,7,Ry,50.000000,250.000000,42.530823,-7.469177,,,359.999603,-134.999649,479.999146,0.000549,-44.999836,-0.000356,359.909424,-135.000519,479.964569,179.999466,59.803444,179.999405,-1.706236,-0.291377,4.577092,0.021339,42.530823,-0.052491,
feedback,3.668082,1786354409179,7,Ry,50.000000,250.000000,42.695618,-7.304382,,,359.999603,-134.999649,479.999146,0.000549,-44.999836,-0.000356,359.912750,-134.999573,479.970490,179.999619,59.458172,179.999680,-0.321584,0.108306,1.829439,0.004808,42.695618,0.001793,
feedback,3.676911,1786354409187,7,Ry,50.000000,250.000000,44.034577,-5.965423,,,359.999603,-134.999649,479.999146,0.000549,-44.999836,-0.000356,359.925568,-135.000092,479.998016,179.999619,58.942612,179.999603,2.006716,0.237713,-0.998982,-0.007064,44.034576,0.029434,
feedback,3.684588,1786354409191,7,Ry,50.000000,250.000000,43.437195,-6.562805,,,359.999603,-134.999649,479.999146,0.000549,-44.999836,-0.000356,359.925171,-135.000732,480.002502,179.999557,58.768864,179.999435,-0.354313,-0.161990,1.051534,0.009536,43.437195,-0.025155,
feedback,3.692776,1786354409200,7,Ry,50.000000,250.000000,42.990875,-7.009125,,,359.999603,-134.999649,479.999146,0.000549,-44.999836,-0.000356,359.926147,-134.999146,480.018494,179.999573,58.426090,179.999741,0.163166,0.108311,1.536733,-0.007273,42.990875,0.008899,
feedback,3.701152,1786354409208,7,Ry,50.000000,250.000000,43.395996,-6.604004,,,359.999603,-134.999649,479.999146,0.000549,-44.999836,-0.000356,359.939972,-134.998398,480.012604,179.999664,58.077713,179.999878,1.473771,-0.064222,-1.158646,-0.019105,43.395996,-0.011261,
feedback,3.708861,1786354409217,7,Ry,50.000000,250.000000,43.141937,-6.858063,,,359.999603,-134.999649,479.999146,0.000549,-44.999836,-0.000356,359.940155,-134.997208,479.995300,179.999557,57.729008,-179.999954,-2.034722,0.064214,-0.353345,0.007022,43.141937,0.018478,
feedback,3.717865,1786354409225,7,Ry,50.000000,250.000000,43.711853,-6.288147,,,359.999603,-134.999649,479.999146,0.000549,-44.999836,-0.000356,359.946442,-134.998489,479.980072,179.999420,57.379147,179.999741,0.557020,-0.000950,-1.177167,0.014660,43.711853,0.016267,
feedback,3.726391,1786354409234,7,Ry,50.000000,250.000000,43.595123,-6.404877,,,359.999603,-134.999649,479.999146,0.000549,-44.999836,-0.000356,359.941925,-134.999481,479.983307,179.999634,57.033821,179.999756,-0.611940,-0.184043,-0.905103,0.005406,43.595123,-0.013313,
feedback,3.734067,1786354409242,7,Ry,50.000000,250.000000,42.963410,-7.036590,,,359.999603,-134.999649,479.999146,0.000549,-44.999836,-0.000356,359.933960,-134.998581,479.975494,179.999771,56.686707,179.999969,-2.328499,0.431343,1.497489,-0.017379,42.963409,0.079978,
feedback,3.741775,1786354409250,7,Ry,50.000000,250.000000,42.901611,-7.098389,,,359.999603,-134.999649,479.999146,0.000549,-44.999836,-0.000356,359.930969,-134.999481,479.972534,179.999512,56.339977,179.999603,-1.675294,-0.032590,0.709755,0.003765,42.901611,-0.001151,
feedback,3.749864,1786354409259,7,Ry,50.000000,250.000000,43.917847,-6.082153,,,359.999603,-134.999649,479.999146,0.000549,-44.999836,-0.000356,359.924805,-134.999695,479.953949,179.999588,55.989788,179.999634,-0.710066,0.086268,-2.241540,0.005671,43.917847,0.009892,
feedback,3.757846,1786354409267,7,Ry,50.000000,250.000000,42.935944,-7.064056,,,359.999603,-134.999649,479.999146,0.000549,-44.999836,-0.000356,359.915131,-134.999878,479.965607,179.999603,55.473213,179.999619,-1.632516,0.269344,1.135753,0.009549,42.935944,0.042964,
feedback,3.766460,1786354409276,7,Ry,50.000000,250.000000,44.391632,-5.608368,,,359.999603,-134.999649,479.999146,0.000549,-44.999836,-0.000356,359.918549,-134.999405,479.975220,179.999634,55.126976,179.999695,2.005363,0.269350,-1.416665,-0.001771,44.391632,0.050758,
feedback,3.774741,1786354409284,7,Ry,50.000000,250.000000,43.512726,-6.487274,,,359.999603,-134.999649,479.999146,0.000549,-44.999836,-0.000356,359.924255,-134.999573,479.982178,179.999634,54.781815,179.999680,0.294769,-0.312485,0.080783,-0.015221,43.512726,-0.045755,
feedback,3.782895,1786354409292,7,Ry,50.000000,250.000000,44.261170,-5.738830,,,359.999603,-134.999649,479.999146,0.000549,-44.999836,-0.000356,359.937775,-134.998062,479.987762,179.999512,54.436268,179.999847,2.672472,0.194599,-2.125591,-0.013785,44.261169,0.027155,
feedback,3.791220,1786354409301,7,Ry,50.000000,250.000000,43.073273,-6.926727,,,359.999603,-134.999649,479.999146,0.000549,-44.999836,-0.000356,359.946808,-134.998703,479.983337,179.999573,54.089264,179.999725,0.683329,0.226232,-0.410166,0.003883,43.073273,0.039894,
feedback,3.799145,1786354409309,7,Ry,50.000000,250.000000,43.553925,-6.446075,,,359.999603,-134.999649,479.999146,0.000549,-44.999836,-0.000356,359.955292,-134.998108,479.982941,179.999588,53.741081,179.999908,0.891820,0.043142,0.119934,-0.000209,43.553925,0.006866,
feedback,3.807050,1786354409317,7,Ry,50.000000,250.000000,43.444061,-6.555939,,,359.999603,-134.999649,479.999146,0.000549,-44.999836,-0.000356,359.948639,-134.998322,479.993500,179.999619,53.397072,179.999878,-0.681136,0.065179,-0.580322,-0.008376,43.444061,0.002708,
feedback,3.815567,1786354409326,7,Ry,50.000000,250.000000,43.087006,-6.912994,,,359.999603,-134.999649,479.999146,0.000549,-44.999836,-0.000356,359.945221,-134.999573,480.000580,179.999695,53.051769,179.999741,-1.338163,-0.183094,2.056471,-0.009656,43.087006,-0.028826,
feedback,3.823873,1786354409334,7,Ry,50.000000,250.000000,43.196869,-6.803131,,,359.999603,-134.999649,479.999146,0.000549,-44.999836,-0.000356,359.934174,-134.999268,479.991760,179.999542,52.705372,179.999680,-2.461159,0.118856,-1.636455,-0.009685,43.196869,0.019297,
feedback,3.833215,1786354409342,7,Ry,50.000000,250.000000,43.608856,-6.391144,,,359.999603,-134.999649,479.999146,0.000549,-44.999836,-0.000356,359.937775,-135.000305,479.977478,179.999542,52.355732,179.999512,0.292664,0.139953,-2.475708,0.009693,43.608856,0.021843,
feedback,3.840063,1786354409351,7,Ry,50.000000,250.000000,42.345428,-7.654572,,,359.999603,-134.999649,479.999146,0.000549,-44.999836,-0.000356,359.918762,-135.000687,479.989258,179.999573,52.013618,179.999466,-2.276565,-0.096808,2.597363,0.006699,42.345428,-0.027597,
feedback,3.848672,1786354409359,7,Ry,50.000000,250.000000,43.505859,-6.494141,,,359.999603,-134.999649,479.999146,0.000549,-44.999836,-0.000356,359.920868,-135.000183,479.973206,179.999573,51.488499,179.999542,0.119973,-0.193627,-0.760083,-0.008509,43.505859,-0.038212,
feedback,3.856356,1786354409363,7,Ry,50.000000,250.000000,42.702484,-7.297516,,,359.999603,-134.999649,479.999146,0.000549,-44.999836,-0.000356,359.926483,-134.999451,479.982635,179.999557,51.317688,179.999664,1.132862,0.183085,2.333694,0.004251,42.702484,0.032826,
feedback,3.864907,1786354409372,7,Ry,50.000000,250.000000,42.263031,-7.736969,,,359.999603,-134.999649,479.999146,0.000549,-44.999836,-0.000356,359.927948,-134.998978,479.989502,179.999512,50.974339,179.999756,-1.051129,0.171586,1.739170,0.017213,42.263031,0.041937,
feedback,3.872679,1786354409380,7,Ry,50.000000,250.000000,43.162537,-6.837463,,,359.999603,-134.999649,479.999146,0.000549,-44.999836,-0.000356,359.944885,-134.998795,479.991547,179.999649,50.625137,179.999863,1.019626,0.022047,0.628090,-0.014144,43.162537,0.000607,
feedback,3.881534,1786354409389,7,Ry,50.000000,250.000000,42.469025,-7.530975,,,359.999603,-134.999649,479.999146,0.000549,-44.999836,-0.000356,359.941711,-134.999481,480.016479,179.999619,50.284233,179.999710,-0.529530,-0.096819,3.668076,-0.004428,42.469025,-0.019015,
feedback,3.888921,1786354409397,7,Ry,50.000000,250.000000,43.512726,-6.487274,,,359.999603,-134.999649,479.999146,0.000549,-44.999836,-0.000356,359.944122,-134.998886,480.015656,179.999573,49.935692,179.999802,-0.805419,-0.032592,-1.199110,-0.000940,43.512726,0.002808,
feedback,3.897792,1786354409406,7,Ry,50.000000,250.000000,43.327332,-6.672668,,,359.999603,-134.999649,479.999146,0.000549,-44.999836,-0.000356,359.948090,-134.997986,480.009216,179.999512,49.588467,179.999893,-0.249982,0.172546,-1.010511,0.005020,43.327332,0.023014,
feedback,3.905281,1786354409414,7,Ry,50.000000,250.000000,43.231201,-6.768799,,,359.999603,-134.999649,479.999146,0.000549,-44.999836,-0.000356,359.941132,-134.999054,479.999908,179.999496,49.239048,179.999786,-1.222647,-0.012451,0.869055,0.026119,43.231201,0.027157,
feedback,3.914449,1786354409422,7,Ry,50.000000,250.000000,44.329834,-5.670166,,,359.999603,-134.999649,479.999146,0.000549,-44.999836,-0.000356,359.937561,-134.999481,479.981934,179.999603,48.886909,179.999680,-1.207382,-0.064229,-2.667651,-0.009073,44.329834,-0.017213,
feedback,3.921586,1786354409431,7,Ry,50.000000,250.000000,44.082641,-5.917359,,,359.999603,-134.999649,479.999146,0.000549,-44.999836,-0.000356,359.934052,-135.000305,479.985229,179.999557,48.536610,179.999496,-0.801069,-0.193632,-0.383102,-0.009030,44.082642,-0.037757,
feedback,3.930448,1786354409439,7,Ry,50.000000,250.000000,44.219971,-5.780029,,,359.999603,-134.999649,479.999146,0.000549,-44.999836,-0.000356,359.935425,-134.998886,479.986908,179.999527,48.183372,179.999725,0.634880,0.236771,0.948614,0.014168,44.219971,0.039989,
feedback,3.937703,1786354409448,7,Ry,50.000000,250.000000,44.700622,-5.299378,,,359.999603,-134.999649,479.999146,0.000549,-44.999836,-0.000356,359.948792,-134.998672,479.988617,179.999649,47.649849,179.999832,1.274184,-0.193636,0.978275,-0.014476,44.700623,-0.032989,
feedback,3.946500,1786354409456,7,Ry,50.000000,250.000000,44.226837,-5.773163,,,359.999603,-134.999649,479.999146,0.000549,-44.999836,-0.000356,359.956573,-134.998581,479.999146,179.999619,47.293781,179.999863,0.554706,0.172554,2.343392,-0.010240,44.226837,0.036780,
feedback,3.954281,1786354409464,7,Ry,50.000000,250.000000,44.831085,-5.168915,,,359.999603,-134.999649,479.999146,0.000549,-44.999836,-0.000356,359.956879,-134.999451,479.993866,179.999603,46.932823,179.999695,-1.491694,-0.226238,0.513535,0.000285,44.831085,-0.044037,
feedback,3.963177,1786354409473,7,Ry,50.000000,250.000000,44.906616,-5.093384,,,359.999603,-134.999649,479.999146,0.000549,-44.999836,-0.000356,359.956451,-134.999313,479.997253,179.999634,46.572639,179.999725,-0.780802,-0.010547,0.411048,-0.004785,44.906616,-0.004987,
feedback,3.970471,1786354409481,7,Ry,50.000000,250.000000,45.565796,-4.434204,,,359.999603,-134.999649,479.999146,0.000549,-44.999836,-0.000356,359.946167,-134.999054,479.998718,179.999603,46.210007,179.999786,-1.361472,-0.043139,-0.337275,0.009826,45.565796,-0.016370,
feedback,3.979370,1786354409490,7,Ry,50.000000,250.000000,46.630096,-3.369904,,,359.999603,-134.999649,479.999146,0.000549,-44.999836,-0.000356,359.943085,-135.000946,479.975952,179.999725,45.841965,179.999527,0.958784,-0.549278,-4.144428,-0.019142,46.630096,-0.092392,
feedback,3.986702,1786354409498,7,Ry,50.000000,250.000000,46.176910,-3.823090,,,359.999603,-134.999649,479.999146,0.000549,-44.999836,-0.000356,359.935791,-135.000610,479.975067,179.999634,45.473759,179.999466,-0.738805,-0.042183,-0.490196,-0.009381,46.176910,-0.029211,
feedback,3.995642,1786354409502,7,Ry,50.000000,250.000000,46.575165,-3.424835,,,359.999603,-134.999649,479.999146,0.000549,-44.999836,-0.000356,359.938141,-135.000992,479.975372,179.999634,45.287457,179.999496,0.269819,-0.097770,0.073983,0.000010,46.575165,0.008532,
feedback,4.003264,1786354409511,7,Ry,50.000000,250.000000,46.911621,-3.088379,,,359.999603,-134.999649,479.999146,0.000549,-44.999836,-0.000356,359.947418,-134.999527,479.974487,179.999619,44.912605,179.999634,1.021668,0.248276,1.380921,0.009636,46.911621,0.021763,
feedback,4.012132,1786354409520,7,Ry,50.000000,250.000000,46.561432,-3.438568,,,359.999603,-134.999649,479.999146,0.000549,-44.999836,-0.000356,359.960388,-134.998230,479.976807,179.999619,44.347824,179.999908,0.162818,0.312516,1.275352,0.004709,46.561432,0.052865,
feedback,4.019512,1786354409528,7,Ry,50.000000,250.000000,48.449707,-1.550293,,,359.999603,-134.999649,479.999146,0.000549,-44.999836,-0.000356,359.956207,-134.998199,479.980438,179.999573,43.961655,179.999863,0.044823,0.064230,-1.085216,0.009676,48.449707,0.016400,
feedback,4.028336,1786354409536,7,Ry,50.000000,250.000000,49.156952,-0.843048,,,359.999603,-134.999649,479.999146,0.000549,-44.999836,-0.000356,359.948334,-134.998276,479.972992,179.999542,43.573891,179.999878,-0.552958,-0.097775,-2.028944,0.014735,49.156952,-0.006400,
feedback,4.035883,1786354409545,7,Ry,50.000000,250.000000,48.552704,-1.447296,,,359.999603,-134.999649,479.999146,0.000549,-44.999836,-0.000356,359.943939,-134.999100,479.979858,179.999634,43.186295,179.999771,-0.231425,-0.032591,1.607933,0.004913,48.552704,-0.002167,
feedback,4.044092,1786354409553,7,Ry,50.000000,250.000000,48.566437,-1.433563,,,359.999603,-134.999649,479.999146,0.000549,-44.999836,-0.000356,359.944489,-135.000092,479.978973,179.999588,42.794495,179.999573,0.504572,-0.086274,1.639820,0.004711,48.566437,-0.018771,
feedback,4.052106,1786354409562,7,Ry,50.000000,250.000000,47.721863,-2.278137,,,359.999603,-134.999649,479.999146,0.000549,-44.999836,-0.000356,359.955902,-135.000778,480.002533,179.999603,42.406704,179.999496,2.178940,-0.345110,4.951805,0.000137,47.721863,-0.054932,
feedback,4.060753,1786354409570,7,Ry,50.000000,250.000000,48.902893,-1.097107,,,359.999603,-134.999649,479.999146,0.000549,-44.999836,-0.000356,359.953461,-134.999741,480.009064,179.999619,42.010017,179.999664,-0.329161,0.269372,2.857060,0.000507,48.902893,0.050896,
feedback,4.068618,1786354409579,7,Ry,50.000000,250.000000,50.145722,0.145722,,,359.999603,-134.999649,479.999146,0.000549,-44.999836,-0.000356,359.944763,-134.998535,480.013031,179.999634,41.414528,179.999893,-2.002195,0.301949,-2.068266,-0.009253,50.145721,0.058364,
feedback,4.076840,1786354409588,7,Ry,50.000000,250.000000,49.651337,-0.348663,,,359.999603,-134.999649,479.999146,0.000549,-44.999836,-0.000356,359.940735,-134.999100,480.006073,179.999649,41.014847,179.999786,-1.589281,0.065177,1.047984,-0.014963,49.651337,0.009902,
feedback,4.085151,1786354409596,7,Ry,50.000000,250.000000,49.829865,-0.170135,,,359.999603,-134.999649,479.999146,0.000549,-44.999836,-0.000356,359.938416,-134.998840,479.994873,179.999619,40.612114,179.999847,-0.224202,0.096817,1.543796,-0.003846,49.829865,0.028628,
feedback,4.093629,1786354409600,7,Ry,50.000000,250.000000,50.001526,0.001526,,,359.999603,-134.999649,479.999146,0.000549,-44.999836,-0.000356,359.944275,-134.999954,480.001526,179.999634,40.209877,179.999619,0.634048,-0.162000,2.280783,-0.003598,50.001526,-0.012545,
feedback,4.101597,1786354409609,7,Ry,50.000000,250.000000,50.701904,0.701904,,,359.999603,-134.999649,479.999146,0.000549,-44.999836,-0.000356,359.947571,-135.000610,479.998932,179.999649,40.007072,179.999573,0.446137,-0.162003,-0.617838,-0.003448,50.701904,-0.012533,
feedback,4.110125,1786354409617,7,Ry,50.000000,250.000000,50.440979,0.440979,,,359.999603,-134.999649,479.999146,0.000549,-44.999836,-0.000356,359.954681,-134.999954,480.009064,179.999710,39.605247,179.999725,0.314681,-0.248281,1.412267,-0.007818,50.440979,-0.020951,
feedback,4.118061,1786354409626,7,Ry,50.000000,250.000000,50.351715,0.351715,,,359.999603,-134.999649,479.999146,0.000549,-44.999836,-0.000356,359.945984,-134.998322,480.004303,179.999557,39.202049,179.999832,-1.498264,0.452453,-0.744276,0.014789,50.351715,0.072024,
feedback,4.126378,1786354409634,7,Ry,50.000000,250.000000,49.836731,-0.163269,,,359.999603,-134.999649,479.999146,0.000549,-44.999836,-0.000356,359.941040,-134.999573,479.997162,179.999588,38.798409,179.999634,-1.204598,0.043136,0.681583,-0.000024,49.836731,0.006866,
feedback,4.134112,1786354409643,7,Ry,50.000000,250.000000,50.434112,0.434112,,,359.999603,-134.999649,479.999146,0.000549,-44.999836,-0.000356,359.938660,-134.999268,479.977875,179.999603,38.391888,179.999664,-0.190554,-0.150500,-1.438080,-0.006572,50.434113,-0.034510,
feedback,4.142392,1786354409651,7,Ry,50.000000,250.000000,49.768066,-0.231934,,,359.999603,-134.999649,479.999146,0.000549,-44.999836,-0.000356,359.938599,-134.999954,480.006683,179.999603,37.790936,179.999557,-0.489918,-0.118861,3.900630,0.005450,49.768066,-0.016392,
feedback,4.150212,1786354409660,7,Ry,50.000000,250.000000,48.490906,-1.509094,,,359.999603,-134.999649,479.999146,0.000549,-44.999836,-0.000356,359.945312,-135.000183,480.040924,179.999680,37.396584,179.999603,0.424787,-0.096820,5.518431,-0.005409,48.490906,-0.017903,
feedback,4.158969,1786354409668,7,Ry,50.000000,250.000000,49.850464,-0.149536,,,359.999603,-134.999649,479.999146,0.000549,-44.999836,-0.000356,359.947021,-134.998535,480.032684,179.999588,36.989071,179.999786,-0.001081,0.367139,1.329071,-0.007005,49.850464,0.048051,
feedback,4.167252,1786354409676,7,Ry,50.000000,250.000000,50.269318,0.269318,,,359.999603,-134.999649,479.999146,0.000549,-44.999836,-0.000356,359.943695,-134.999710,480.027740,179.999588,36.584694,179.999619,-1.226524,0.053683,-0.787812,0.005514,50.269318,0.010959,
feedback,4.175326,1786354409685,7,Ry,50.000000,250.000000,50.846100,0.846100,,,359.999603,-134.999649,479.999146,0.000549,-44.999836,-0.000356,359.941803,-135.000000,480.020935,179.999603,36.179436,179.999634,-0.482867,-0.280861,-0.859195,0.003027,50.846100,-0.028874,
feedback,4.183356,1786354409693,7,Ry,50.000000,250.000000,50.633240,0.633240,,,359.999603,-134.999649,479.999146,0.000549,-44.999836,-0.000356,359.942993,-134.998840,480.008270,179.999588,35.773956,179.999771,0.750816,0.193639,1.018399,0.007007,50.633240,0.041065,
feedback,4.191257,1786354409702,7,Ry,50.000000,250.000000,52.054596,2.054596,,,359.999603,-134.999649,479.999146,0.000549,-44.999836,-0.000356,359.948364,-134.999268,480.007080,179.999664,35.370895,179.999741,0.541180,0.065183,-5.800768,-0.011273,52.054596,0.005783,
feedback,4.199790,1786354409710,7,Ry,50.000000,250.000000,49.850464,-0.149536,,,359.999603,-134.999649,479.999146,0.000549,-44.999836,-0.000356,359.951843,-135.000137,480.012970,179.999619,34.968769,179.999512,0.011958,-0.248279,4.660367,0.013545,49.850464,-0.048517,
feedback,4.208225,1786354409718,7,Ry,50.000000,250.000000,50.708771,0.708771,,,359.999603,-134.999649,479.999146,0.000549,-44.999836,-0.000356,359.948914,-134.998886,480.006287,179.999603,34.564857,179.999741,-1.457251,-0.032594,-1.498533,0.017220,50.708771,-0.019934,
feedback,4.216075,1786354409727,7,Ry,50.000000,250.000000,50.468445,0.468445,,,359.999603,-134.999649,479.999146,0.000549,-44.999836,-0.000356,359.950439,-135.000092,480.008789,179.999649,34.162590,179.999619,-0.123030,0.118866,-1.081167,-0.009489,50.468445,0.022425,
feedback,4.223785,1786354409731,7,Ry,50.000000,250.000000,49.555206,-0.444794,,,359.999603,-134.999649,479.999146,0.000549,-44.999836,-0.000356,359.947388,-134.999832,480.016785,179.999710,33.964371,179.999664,-1.120758,0.065182,2.053116,-0.011390,49.555206,0.006061,
feedback,4.232593,1786354409740,7,Ry,50.000000,250.000000,50.475311,0.475311,,,359.999603,-134.999649,479.999146,0.000549,-44.999836,-0.000356,359.950134,-135.000305,479.996246,179.999680,33.353477,179.999588,-0.258654,-0.031638,-1.069128,-0.020909,50.475311,-0.005590,
feedback,4.240384,1786354409748,7,Ry,50.000000,250.000000,50.736237,0.736237,,,359.999603,-134.999649,479.999146,0.000549,-44.999836,-0.000356,359.954163,-134.999191,479.987427,179.999619,32.949150,179.999725,-0.120287,0.215688,-2.983736,0.003662,50.736237,0.028570,
feedback,4.248281,1786354409756,7,Ry,50.000000,250.000000,50.434113,0.434113,,,359.999603,-134.999649,479.999146,0.000549,-44.999836,-0.000356,359.952911,-134.998367,479.993164,179.999512,32.546501,179.999802,-0.336729,0.214733,1.224201,0.026677,50.434113,0.036454,
feedback,4.256498,1786354409765,7,Ry,50.000000,250.000000,50.846100,0.846100,,,359.999603,-134.999649,479.999146,0.000549,-44.999836,-0.000356,359.954559,-134.999405,479.998199,179.999649,32.143661,179.999695,-0.077844,-0.377694,-0.036791,0.013072,50.846100,-0.069773,
feedback,4.265331,1786354409773,7,Ry,50.000000,250.000000,50.118255,0.118255,,,359.999603,-134.999649,479.999146,0.000549,-44.999836,-0.000356,359.954590,-134.999054,480.035889,179.999680,31.746754,179.999817,-0.765739,-0.161053,2.711960,-0.021226,50.118256,-0.025599,
feedback,4.272951,1786354409781,7,Ry,50.000000,250.000000,51.127624,1.127624,,,359.999603,-134.999649,479.999146,0.000549,-44.999836,-0.000356,359.955292,-135.000046,480.042511,179.999619,31.344818,179.999588,-0.528847,-0.075729,-1.073713,0.013057,51.127625,-0.021890,
feedback,4.281447,1786354409790,7,Ry,50.000000,250.000000,50.269317,0.269317,,,359.999603,-134.999649,479.999146,0.000549,-44.999836,-0.000356,359.944611,-135.000443,480.030548,179.999664,30.939917,179.999573,-1.595946,-0.183089,-1.053386,-0.002263,50.269318,-0.036886,
feedback,4.289198,1786354409798,7,Ry,50.000000,250.000000,50.296784,0.296784,,,359.999603,-134.999649,479.999146,0.000549,-44.999836,-0.000356,359.942261,-134.999451,480.016724,179.999588,30.534687,179.999710,-0.097987,0.064228,0.286892,0.011804,50.296783,0.013844,
feedback,4.298015,1786354409807,7,Ry,50.000000,250.000000,50.228119,0.228119,,,359.999603,-134.999649,479.999146,0.000549,-44.999836,-0.000356,359.952057,-134.998886,480.019440,179.999649,30.131489,179.999756,1.814397,0.032596,1.350049,0.007728,50.228119,-0.020335,
feedback,4.305656,1786354409815,7,Ry,50.000000,250.000000,50.502777,0.502777,,,359.999603,-134.999649,479.999146,0.000549,-44.999836,-0.000356,359.960327,-134.999786,480.007996,179.999603,29.725983,179.999649,0.526127,-0.129416,-0.790478,0.000024,50.502777,-0.020599,
feedback,4.314611,1786354409823,7,Ry,50.000000,250.000000,50.482178,0.482178,,,359.999603,-134.999649,479.999146,0.000549,-44.999836,-0.000356,359.960236,-134.999664,479.986572,179.999634,29.119070,179.999680,-0.061259,0.000000,-2.757499,0.003341,50.482178,-0.005999,
feedback,4.322126,1786354409832,7,Ry,50.000000,250.000000,50.482178,0.482178,,,359.999603,-134.999649,479.999146,0.000549,-44.999836,-0.000356,359.954376,-134.999878,479.972534,179.999695,28.713154,179.999725,-1.728891,-0.183096,-0.933273,-0.015894,50.482178,-0.012698,
feedback,4.330781,1786354409840,7,Ry,50.000000,250.000000,50.502777,0.502777,,,359.999603,-134.999649,479.999146,0.000549,-44.999836,-0.000356,359.952667,-134.999313,479.988647,179.999634,28.311987,179.999741,-0.372408,0.010546,1.267777,0.005997,50.502777,0.003257,
feedback,4.339055,1786354409849,7,Ry,50.000000,250.000000,50.186920,0.186920,,,359.999603,-134.999649,479.999146,0.000549,-44.999836,-0.000356,359.954834,-134.999359,480.015259,179.999649,27.912853,179.999710,-0.140096,-0.032592,3.482213,0.009234,50.186920,-0.009720,
feedback,4.346932,1786354409857,7,Ry,50.000000,250.000000,50.145721,0.145721,,,359.999603,-134.999649,479.999146,0.000549,-44.999836,-0.000356,359.951324,-134.999451,480.032349,179.999603,27.512568,179.999725,-0.489385,-0.065183,2.019035,0.008984,50.145721,-0.001299,
feedback,4.355437,1786354409866,7,Ry,50.000000,250.000000,50.571442,0.571442,,,359.999603,-134.999649,479.999146,0.000549,-44.999836,-0.000356,359.952026,-134.998581,480.031952,179.999634,27.109615,179.999893,-1.024561,0.043134,-1.650305,-0.000145,50.571442,0.006866,
feedback,4.363999,1786354409874,7,Ry,50.000000,250.000000,50.138855,0.138855,,,359.999603,-134.999649,479.999146,0.000549,-44.999836,-0.000356,359.951233,-134.999054,480.036438,179.999588,26.707077,179.999771,-0.550831,0.096820,1.503114,0.006062,50.138855,0.016819,
feedback,4.371911,1786354409883,7,Ry,50.000000,250.000000,50.818634,0.818634,,,359.999603,-134.999649,479.999146,0.000549,-44.999836,-0.000356,359.943573,-135.000824,480.037201,179.999603,26.303604,179.999466,-0.545194,-0.129408,1.914285,0.003213,50.818634,-0.026755,
feedback,4.380540,1786354409891,7,Ry,50.000000,250.000000,50.763702,0.763702,,,359.999603,-134.999649,479.999146,0.000549,-44.999836,-0.000356,359.944641,-134.999969,480.023438,179.999619,25.898045,179.999634,-0.257928,0.043137,-2.670061,-0.005949,50.763702,0.019220,
feedback,4.388492,1786354409899,7,Ry,50.000000,250.000000,50.063324,0.063324,,,359.999603,-134.999649,479.999146,0.000549,-44.999836,-0.000356,359.952942,-134.998718,480.016266,179.999710,25.293274,179.999863,0.156177,0.173504,0.391263,-0.027910,50.063324,0.028806,
feedback,4.396377,1786354409904,7,Ry,50.000000,250.000000,50.605774,0.605774,,,359.999603,-134.999649,479.999146,0.000549,-44.999836,-0.000356,359.955750,-134.999146,480.016266,179.999664,25.090851,179.999817,0.351739,-0.108321,0.091838,0.009452,50.605774,-0.008557,
feedback,4.404477,1786354409912,7,Ry,50.000000,250.000000,50.303650,0.303650,,,359.999603,-134.999649,479.999146,0.000549,-44.999836,-0.000356,359.959869,-134.998978,480.013184,179.999634,24.687185,179.999771,0.527148,0.064232,0.830894,0.015249,50.303650,0.006363,
feedback,4.413709,1786354409921,7,Ry,50.000000,250.000000,50.749969,0.749969,,,359.999603,-134.999649,479.999146,0.000549,-44.999836,-0.000356,359.959259,-134.999664,479.989044,179.999771,24.280197,179.999756,-0.792356,-0.021093,-3.125895,-0.012543,50.749969,-0.005647,
feedback,4.420871,1786354409929,7,Ry,50.000000,250.000000,50.564575,0.564575,,,359.999603,-134.999649,479.999146,0.000549,-44.999836,-0.000356,359.960205,-134.999573,479.980011,179.999710,23.875626,179.999725,-0.742299,-0.171600,-2.070816,-0.025140,50.564575,-0.031716,
feedback,4.429362,1786354409937,7,Ry,50.000000,250.000000,49.967194,-0.032806,,,359.999603,-134.999649,479.999146,0.000549,-44.999836,-0.000356,359.963715,-134.999008,479.984375,179.999695,23.473362,179.999817,0.804324,0.032594,2.831761,-0.006394,49.967194,0.004131,
feedback,4.437111,1786354409946,7,Ry,50.000000,250.000000,50.255585,0.255585,,,359.999603,-134.999649,479.999146,0.000549,-44.999836,-0.000356,359.973572,-134.998413,480.003571,179.999619,23.072414,179.999863,1.272729,0.215704,2.972486,0.002522,50.255585,0.028015,
feedback,4.445799,1786354409954,7,Ry,50.000000,250.000000,50.420379,0.420379,,,359.999603,-134.999649,479.999146,0.000549,-44.999836,-0.000356,359.979034,-134.999786,480.023743,179.999756,22.672073,179.999725,-0.266073,-0.301985,0.793466,-0.000000,50.420380,-0.048065,
feedback,4.453233,1786354409962,7,Ry,50.000000,250.000000,50.763702,0.763702,,,359.999603,-134.999649,479.999146,0.000549,-44.999836,-0.000356,359.973145,-135.000443,480.016571,179.999756,22.268215,179.999680,-1.792447,-0.366209,-3.072113,-0.020417,50.763702,-0.041073,
feedback,4.462365,1786354409971,7,Ry,50.000000,250.000000,49.321747,-0.678253,,,359.999603,-134.999649,479.999146,0.000549,-44.999836,-0.000356,359.970398,-135.000229,480.012634,179.999695,21.867599,179.999619,-0.099502,0.162013,1.935667,-0.008859,49.321747,0.031281,
feedback,4.469735,1786354409979,7,Ry,50.000000,250.000000,50.585175,0.585175,,,359.999603,-134.999649,479.999146,0.000549,-44.999836,-0.000356,359.970276,-134.998840,480.005249,179.999695,21.257996,179.999847,-0.182546,0.162012,-0.266407,-0.009010,50.585175,0.031376,
feedback,4.478683,1786354409988,7,Ry,50.000000,250.000000,50.008392,0.008392,,,359.999603,-134.999649,479.999146,0.000549,-44.999836,-0.000356,359.974579,-134.998535,480.007629,179.999725,20.855896,179.999893,0.256264,0.129421,1.119210,0.002277,50.008392,0.014183,
feedback,4.486348,1786354409996,7,Ry,50.000000,250.000000,50.324249,0.324249,,,359.999603,-134.999649,479.999146,0.000549,-44.999836,-0.000356,359.972351,-134.998764,479.982025,179.999649,20.448496,179.999847,0.010821,0.129420,-0.365945,-0.000121,50.324249,0.020599,
feedback,4.495380,1786354410004,7,Ry,50.000000,250.000000,50.701905,0.701905,,,359.999603,-134.999649,479.999146,0.000549,-44.999836,-0.000356,359.970062,-134.999100,479.962799,179.999649,20.042633,179.999786,-0.499624,0.290475,-1.553855,0.019279,50.701904,0.048259,
feedback,4.503240,1786354410013,7,Ry,50.000000,250.000000,50.440979,0.440979,,,359.999603,-134.999649,479.999146,0.000549,-44.999836,-0.000356,359.975067,-135.000061,479.975464,179.999603,19.641027,179.999649,-0.049542,-0.184063,0.334342,0.019473,50.440979,-0.027408,
feedback,4.512033,1786354410021,7,Ry,50.000000,250.000000,50.749969,0.749969,,,359.999603,-134.999649,479.999146,0.000549,-44.999836,-0.000356,359.976685,-134.998886,479.989655,179.999603,19.239368,179.999756,-0.726914,-0.172563,-0.717121,0.011216,50.749969,-0.059881,
feedback,4.519465,1786354410030,7,Ry,50.000000,250.000000,49.864197,-0.135803,,,359.999603,-134.999649,479.999146,0.000549,-44.999836,-0.000356,359.977264,-134.999023,480.010803,179.999603,18.840427,179.999786,-0.065927,-0.010546,3.041754,-0.004353,49.864197,-0.008716,
feedback,4.528083,1786354410038,7,Ry,50.000000,250.000000,50.571441,0.571441,,,359.999603,-134.999649,479.999146,0.000549,-44.999836,-0.000356,359.975098,-135.000137,480.022308,179.999664,18.439426,179.999634,-0.715727,-0.183106,1.733041,-0.002097,50.571442,-0.042666,
feedback,4.536076,1786354410047,7,Ry,50.000000,250.000000,50.509644,0.509644,,,359.999603,-134.999649,479.999146,0.000549,-44.999836,-0.000356,359.971466,-134.999756,480.023956,179.999634,18.035156,179.999680,-0.767599,0.129420,0.594695,0.000024,50.509644,0.020599,
feedback,4.544596,1786354410055,7,Ry,50.000000,250.000000,50.571442,0.571442,,,359.999603,-134.999649,479.999146,0.000549,-44.999836,-0.000356,359.963379,-134.999405,480.021820,179.999634,17.631628,179.999710,-1.999494,0.398794,-1.289339,0.014839,50.571442,0.037702,
feedback,4.552025,1786354410063,7,Ry,50.000000,250.000000,49.925995,-0.074005,,,359.999603,-134.999649,479.999146,0.000549,-44.999836,-0.000356,359.945618,-134.998764,480.024048,179.999680,17.028259,179.999908,-1.594474,0.226226,1.613113,0.002424,49.925995,0.049474,
feedback,4.560870,1786354410068,7,Ry,50.000000,250.000000,50.028991,0.028991,,,359.999603,-134.999649,479.999146,0.000549,-44.999836,-0.000356,359.942047,-135.000305,480.033142,179.999664,16.828144,179.999573,-1.202234,-0.388224,2.385537,0.006059,50.028992,-0.081515,
feedback,4.568775,1786354410076,7,Ry,50.000000,250.000000,49.239349,-0.760651,,,359.999603,-134.999649,479.999146,0.000549,-44.999836,-0.000356,359.934052,-134.999710,480.056244,179.999619,16.428242,179.999680,-0.399414,-0.161995,6.344374,0.006610,49.239349,-0.025524,
feedback,4.577685,1786354410085,7,Ry,50.000000,250.000000,50.056458,0.056458,,,359.999603,-134.999649,479.999146,0.000549,-44.999836,-0.000356,359.919800,-134.997681,480.066010,179.999634,16.026306,179.999985,-1.838909,0.280833,2.280056,-0.007776,50.056458,0.024475,
feedback,4.584860,1786354410093,7,Ry,50.000000,250.000000,50.248718,0.248718,,,359.999603,-134.999649,479.999146,0.000549,-44.999836,-0.000356,359.904419,-134.997849,480.071014,179.999649,15.624646,179.999985,-2.306526,0.096798,0.219465,0.008221,50.248718,0.008970,
feedback,4.593724,1786354410101,7,Ry,50.000000,250.000000,50.289917,0.289917,,,359.999603,-134.999649,479.999146,0.000549,-44.999836,-0.000356,359.897430,-134.999878,480.104767,179.999634,15.226117,179.999695,-1.855992,-0.108299,2.362382,0.013299,50.289917,-0.016993,
feedback,4.601752,1786354410110,7,Ry,50.000000,250.000000,49.404144,-0.595856,,,359.999603,-134.999649,479.999146,0.000549,-44.999836,-0.000356,359.896240,-134.999756,480.164124,179.999664,14.832339,179.999710,-0.877073,-0.075715,6.993495,0.004904,49.404144,-0.005337,
feedback,4.609982,1786354410118,7,Ry,50.000000,250.000000,49.596405,-0.403595,,,359.999603,-134.999649,479.999146,0.000549,-44.999836,-0.000356,359.881836,-134.998764,480.190155,179.999680,14.432739,179.999847,-1.521868,0.107347,4.462145,0.016603,49.596405,0.003856,
feedback,4.618496,1786354410127,7,Ry,50.000000,250.000000,50.083923,0.083923,,,359.999603,-134.999649,479.999146,0.000549,-44.999836,-0.000356,359.866577,-134.999924,480.184509,179.999664,14.028882,179.999695,-0.794731,-0.183054,1.486325,-0.006614,50.083923,-0.029130,
feedback,4.626452,1786354410136,7,Ry,50.000000,250.000000,49.781799,-0.218201,,,359.999603,-134.999649,479.999146,0.000549,-44.999836,-0.000356,359.875031,-135.001221,480.175079,179.999710,13.423343,179.999466,1.831062,-0.074775,2.380942,-0.016634,49.781799,-0.025006,
feedback,4.633975,1786354410144,7,Ry,50.000000,250.000000,50.406647,0.406647,,,359.999603,-134.999649,479.999146,0.000549,-44.999836,-0.000356,359.879730,-135.000275,480.166687,179.999680,13.017453,179.999664,0.696624,0.129385,0.780287,-0.002997,50.406647,0.033979,
feedback,4.642061,1786354410152,7,Ry,50.000000,250.000000,50.955963,0.955963,,,359.999603,-134.999649,479.999146,0.000549,-44.999836,-0.000356,359.882324,-134.998886,480.133698,179.999664,12.609860,179.999832,0.401318,0.129388,-3.553014,0.002900,50.955963,0.007198,
feedback,4.650255,1786354410161,7,Ry,50.000000,250.000000,52.143860,2.143860,,,359.999603,-134.999649,479.999146,0.000549,-44.999836,-0.000356,359.886108,-134.999405,480.103760,179.999664,12.202185,179.999741,-1.300592,-0.194556,-5.632926,0.013398,52.143860,-0.031430,
feedback,4.658495,1786354410169,7,Ry,50.000000,250.000000,50.193786,0.193786,,,359.999603,-134.999649,479.999146,0.000549,-44.999836,-0.000356,359.895325,-134.999786,480.111603,179.999695,11.800690,179.999725,0.616740,-0.226200,0.578927,-0.006697,50.193787,-0.035737,
feedback,4.666568,1786354410177,7,Ry,50.000000,250.000000,50.070190,0.070190,,,359.999603,-134.999649,479.999146,0.000549,-44.999836,-0.000356,359.901672,-134.998505,480.119354,179.999649,11.398096,179.999908,0.123266,-0.032585,0.298260,0.007944,50.070190,-0.012241,
feedback,4.674826,1786354410186,7,Ry,50.000000,250.000000,50.557709,0.557709,,,359.999603,-134.999649,479.999146,0.000549,-44.999836,-0.000356,359.896759,-134.998032,480.112488,179.999680,10.994403,180.000000,-1.712397,0.086254,-2.114521,-0.000218,50.557709,0.013733,
feedback,4.682818,1786354410194,7,Ry,50.000000,250.000000,50.804901,0.804901,,,359.999603,-134.999649,479.999146,0.000549,-44.999836,-0.000356,359.893127,-134.999496,480.124115,179.999741,10.591974,179.999771,-2.038350,-0.301914,-0.997246,-0.001287,50.804901,-0.041316,
feedback,4.691156,1786354410203,7,Ry,50.000000,250.000000,50.255585,0.255585,,,359.999603,-134.999649,479.999146,0.000549,-44.999836,-0.000356,359.885925,-135.001434,480.150940,179.999649,10.193583,179.999420,-2.039907,-0.227129,0.981077,0.021754,50.255585,-0.044311,
feedback,4.699400,1786354410211,7,Ry,50.000000,250.000000,49.953461,-0.046539,,,359.999603,-134.999649,479.999146,0.000549,-44.999836,-0.000356,359.881470,-135.000656,480.161682,179.999710,9.791867,179.999619,-0.049721,0.022037,1.603269,-0.014557,49.953461,0.011297,
feedback,4.707716,1786354410215,7,Ry,50.000000,250.000000,50.976563,0.976563,,,359.999603,-134.999649,479.999146,0.000549,-44.999836,-0.000356,359.879059,-135.000275,480.149872,179.999680,9.587961,179.999634,-0.890770,0.096805,-2.838728,0.008012,50.976562,0.008106,
feedback,4.715857,1786354410224,7,Ry,50.000000,250.000000,51.416016,1.416016,,,359.999603,-134.999649,479.999146,0.000549,-44.999836,-0.000356,359.883759,-134.999710,480.114044,179.999664,8.977560,179.999771,-0.712981,0.107351,-5.668047,0.012518,51.416016,0.022658,
feedback,4.724121,1786354410232,7,Ry,50.000000,250.000000,51.594543,1.594543,,,359.999603,-134.999649,479.999146,0.000549,-44.999836,-0.000356,359.893921,-134.999832,480.103821,179.999741,8.572962,179.999725,-1.473171,0.108300,-6.730625,-0.013555,51.594543,0.018552,
feedback,4.732081,1786354410240,7,Ry,50.000000,250.000000,50.949097,0.949097,,,359.999603,-134.999649,479.999146,0.000549,-44.999836,-0.000356,359.899017,-134.998886,480.097107,179.999695,8.168829,179.999863,-0.694983,0.291370,-3.619449,-0.007870,50.949097,0.053886,
feedback,4.740361,1786354410249,7,Ry,50.000000,250.000000,49.534607,-0.465393,,,359.999603,-134.999649,479.999146,0.000549,-44.999836,-0.000356,359.904419,-134.998367,480.099152,179.999695,7.767169,179.999939,1.194785,-0.172523,3.680143,-0.000166,49.534607,-0.027466,
feedback,4.748582,1786354410257,7,Ry,50.000000,250.000000,49.562073,-0.437927,,,359.999603,-134.999649,479.999146,0.000549,-44.999836,-0.000356,359.913452,-134.997421,480.127441,179.999756,7.366745,-179.999893,1.605880,0.065183,6.711783,-0.013048,49.562073,0.005162,
feedback,4.756663,1786354410266,7,Ry,50.000000,250.000000,50.489044,0.489044,,,359.999603,-134.999649,479.999146,0.000549,-44.999836,-0.000356,359.915588,-134.998840,480.141998,179.999664,6.965415,179.999832,-0.581478,-0.086267,0.654699,0.000736,50.489044,-0.020549,
feedback,4.764911,1786354410274,7,Ry,50.000000,250.000000,50.976562,0.976562,,,359.999603,-134.999649,479.999146,0.000549,-44.999836,-0.000356,359.905365,-134.999832,480.123199,179.999634,6.559717,179.999664,-2.124340,-0.323961,-2.987159,0.015261,50.976562,-0.067006,
feedback,4.773060,1786354410283,7,Ry,50.000000,250.000000,49.905395,-0.094605,,,359.999603,-134.999649,479.999146,0.000549,-44.999836,-0.000356,359.902435,-135.000656,480.118103,179.999725,6.156958,179.999619,-0.250228,-0.194565,0.258973,0.013797,49.905396,-0.032859,
feedback,4.781387,1786354410291,7,Ry,50.000000,250.000000,50.262451,0.262451,,,359.999603,-134.999649,479.999146,0.000549,-44.999836,-0.000356,359.908508,-135.000732,480.134460,179.999786,5.553287,179.999664,0.931257,0.161980,1.447347,-0.010012,50.262451,0.060972,
feedback,4.789313,1786354410300,7,Ry,50.000000,250.000000,51.058960,1.058960,,,359.999603,-134.999649,479.999146,0.000549,-44.999836,-0.000356,359.912323,-135.000824,480.105438,179.999725,5.146930,179.999557,1.216602,-0.022045,-2.006650,0.013849,51.058960,-0.005634,
feedback,4.797812,1786354410308,7,Ry,50.000000,250.000000,51.683808,1.683808,,,359.999603,-134.999649,479.999146,0.000549,-44.999836,-0.000356,359.914337,-134.998550,480.074860,179.999710,4.738156,179.999924,-0.219157,0.333568,-2.409948,0.020380,51.683807,0.049767,
feedback,4.806148,1786354410317,7,Ry,50.000000,250.000000,50.839234,0.839234,,,359.999603,-134.999649,479.999146,0.000549,-44.999836,-0.000356,359.922150,-134.998108,480.078430,179.999756,4.334930,180.000000,0.048101,0.334525,-1.219281,-0.006028,50.839233,0.040719,
feedback,4.814812,1786354410325,7,Ry,50.000000,250.000000,50.646973,0.646973,,,359.999603,-134.999649,479.999146,0.000549,-44.999836,-0.000356,359.934631,-134.998062,480.075989,179.999741,3.931842,180.000000,1.814146,0.108322,-0.590241,-0.013448,50.646973,0.012807,
feedback,4.822491,1786354410333,7,Ry,50.000000,250.000000,50.008392,0.008392,,,359.999603,-134.999649,479.999146,0.000549,-44.999836,-0.000356,359.937195,-134.997421,480.078094,179.999771,3.529468,-179.999893,-0.145491,0.010545,0.201584,0.006965,50.008392,-0.006431,
feedback,4.831416,1786354410342,7,Ry,50.000000,250.000000,49.768066,-0.231934,,,359.999603,-134.999649,479.999146,0.000549,-44.999836,-0.000356,359.932373,-134.997986,480.102020,179.999680,3.129730,-179.999969,-0.942655,-0.161998,3.782307,0.006641,49.768066,-0.027091,
feedback,4.838936,1786354410350,7,Ry,50.000000,250.000000,50.605774,0.605774,,,359.999603,-134.999649,479.999146,0.000549,-44.999836,-0.000356,359.922913,-134.999832,480.112488,179.999771,2.726477,179.999786,-1.496914,-0.182132,1.323904,-0.034269,50.605774,-0.022232,
feedback,4.847526,1786354410354,7,Ry,50.000000,250.000000,50.310516,0.310516,,,359.999603,-134.999649,479.999146,0.000549,-44.999836,-0.000356,359.918854,-135.000092,480.108582,179.999710,2.525235,179.999664,-1.259870,-0.065173,-0.855374,0.014397,50.310516,-0.026847,
feedback,4.855075,1786354410363,7,Ry,50.000000,250.000000,50.784302,0.784302,,,359.999603,-134.999649,479.999146,0.000549,-44.999836,-0.000356,359.910522,-135.000015,480.097778,179.999664,2.120856,179.999725,-1.566604,0.183078,-2.784981,0.006681,50.784302,0.034582,
feedback,4.863039,1786354410371,7,Ry,50.000000,250.000000,50.173187,0.173187,,,359.999603,-134.999649,479.999146,0.000549,-44.999836,-0.000356,359.928406,-135.000916,480.085999,179.999695,1.513861,179.999557,3.740159,-0.043149,1.924994,0.000374,50.173187,-0.013731,
feedback,4.871256,1786354410380,7,Ry,50.000000,250.000000,51.450348,1.450348,,,359.999603,-134.999649,479.999146,0.000549,-44.999836,-0.000356,359.935181,-135.000565,480.068787,179.999695,1.107394,179.999588,-0.122652,0.139953,-4.848535,0.007013,51.450348,0.020732,
feedback,4.880125,1786354410389,7,Ry,50.000000,250.000000,51.107025,1.107025,,,359.999603,-134.999649,479.999146,0.000549,-44.999836,-0.000356,359.936951,-134.998978,480.053284,179.999664,0.702466,179.999802,-0.848014,0.269359,-4.119757,0.006961,51.107025,0.027551,
feedback,4.887919,1786354410397,7,Ry,50.000000,250.000000,50.063324,0.063324,,,359.999603,-134.999649,479.999146,0.000549,-44.999836,-0.000356,359.953064,-134.998764,480.053467,179.999649,0.300394,179.999863,1.814759,-0.075726,-0.055196,0.006770,50.063324,-0.013697,
feedback,4.896732,1786354410405,7,Ry,50.000000,250.000000,50.495911,0.495911,,,359.999603,-134.999649,479.999146,0.000549,-44.999836,-0.000356,359.969757,-134.997513,480.066406,179.999725,-0.102475,-179.999893,1.463290,0.043148,0.883397,-0.000290,50.495911,0.006866,
feedback,4.904078,1786354410414,7,Ry,50.000000,250.000000,50.990295,0.990295,,,359.999603,-134.999649,479.999146,0.000549,-44.999836,-0.000356,359.970306,-134.997162,480.057190,179.999725,-0.507761,-179.999863,-1.156221,0.032586,-2.504397,-0.007148,50.990295,0.013793,
feedback,4.912890,1786354410422,7,Ry,50.000000,250.000000,49.424744,-0.575256,,,359.999603,-134.999649,479.999146,0.000549,-44.999836,-0.000356,359.976349,-134.999100,480.045044,179.999756,-0.908267,179.999863,1.358229,-0.193652,0.918943,-0.013585,49.424744,-0.013517,
feedback,4.920264,1786354410431,7,Ry,50.000000,250.000000,49.472809,-0.527191,,,359.999603,-134.999649,479.999146,0.000549,-44.999836,-0.000356,359.964813,-135.000702,480.044952,179.999786,-1.314706,179.999588,0.795776,-0.312522,4.831412,-0.006722,49.472809,-0.047908,
feedback,4.929232,1786354410439,7,Ry,50.000000,250.000000,50.049591,0.049591,,,359.999603,-134.999649,479.999146,0.000549,-44.999836,-0.000356,359.966278,-135.001129,480.046143,179.999725,-1.718893,179.999557,0.652302,0.032590,2.582894,-0.006030,50.049591,0.027663,
feedback,4.937148,1786354410447,7,Ry,50.000000,250.000000,50.386047,0.386047,,,359.999603,-134.999649,479.999146,0.000549,-44.999836,-0.000356,359.960785,-135.000229,480.023193,179.999710,-2.325641,179.999649,-0.113127,0.172554,-1.065458,-0.000461,50.386047,0.013744,
feedback,4.945711,1786354410456,7,Ry,50.000000,250.000000,50.475311,0.475311,,,359.999603,-134.999649,479.999146,0.000549,-44.999836,-0.000356,359.963226,-134.999756,480.020721,179.999741,-2.730569,179.999695,0.345223,-0.031639,1.437235,-0.021206,50.475311,-0.012736,
feedback,4.953438,1786354410464,7,Ry,50.000000,250.000000,49.877930,-0.122070,,,359.999603,-134.999649,479.999146,0.000549,-44.999836,-0.000356,359.976898,-134.998840,480.037354,179.999710,-3.130417,179.999863,1.535921,0.183111,3.591760,0.006761,49.877930,0.027091,
feedback,4.961620,1786354410473,7,Ry,50.000000,250.000000,49.610138,-0.389862,,,359.999603,-134.999649,479.999146,0.000549,-44.999836,-0.000356,359.981415,-134.997757,480.041321,179.999802,-3.532516,-179.999939,0.779085,0.215709,3.973900,-0.000685,49.610138,0.027479,
feedback,4.969509,1786354410481,7,Ry,50.000000,250.000000,49.088287,-0.911713,,,359.999603,-134.999649,479.999146,0.000549,-44.999836,-0.000356,359.984314,-134.996994,480.049530,179.999741,-3.932501,-179.999802,1.877506,-0.074766,4.220830,-0.020904,49.088287,-0.005454,
feedback,4.978498,1786354410489,7,Ry,50.000000,250.000000,50.784302,0.784302,,,359.999603,-134.999649,479.999146,0.000549,-44.999836,-0.000356,359.978790,-134.998718,480.043762,179.999741,-4.340094,179.999924,-0.210780,-0.162017,-0.188314,0.006205,50.784302,-0.034832,
feedback,4.986183,1786354410493,7,Ry,50.000000,250.000000,50.365448,0.365448,,,359.999603,-134.999649,479.999146,0.000549,-44.999836,-0.000356,359.979553,-135.000061,480.041840,179.999710,-4.541556,179.999695,-0.024803,-0.334580,-0.348288,0.006917,50.365448,-0.055475,
feedback,4.994828,1786354410502,7,Ry,50.000000,250.000000,51.807404,1.807404,,,359.999603,-134.999649,479.999146,0.000549,-44.999836,-0.000356,359.966797,-135.000015,480.033234,179.999802,-4.946841,179.999695,-3.667868,0.140922,-2.734349,-0.021065,51.807404,0.022401,
feedback,5.003022,1786354410510,7,Ry,50.000000,250.000000,50.228119,0.228119,,,359.999603,-134.999649,479.999146,0.000549,-44.999836,-0.000356,359.964020,-135.000488,480.028564,179.999771,-5.349545,179.999649,0.094565,0.033547,1.563394,-0.034062,50.228119,0.016934,
feedback,5.011425,1786354410519,7,Ry,50.000000,250.000000,50.489044,0.489044,,,359.999603,-134.999649,479.999146,0.000549,-44.999836,-0.000356,359.968872,-135.000092,480.037994,179.999741,-5.750711,179.999725,-0.638446,0.183105,2.559182,0.007593,50.489044,0.033610,
feedback,5.019654,1786354410527,7,Ry,50.000000,250.000000,51.367950,1.367950,,,359.999603,-134.999649,479.999146,0.000549,-44.999836,-0.000356,359.965393,-134.999924,480.007965,179.999863,-6.159787,179.999786,-0.668282,0.130372,-5.242975,-0.026546,51.367950,0.037240,
feedback,5.027930,1786354410535,7,Ry,50.000000,250.000000,49.314881,-0.685119,,,359.999603,-134.999649,479.999146,0.000549,-44.999836,-0.000356,359.974457,-134.997986,480.013947,179.999725,-6.762442,-179.999969,2.265548,0.215710,6.195786,-0.000213,49.314880,0.034332,
feedback,5.035650,1786354410544,7,Ry,50.000000,250.000000,49.630737,-0.369263,,,359.999603,-134.999649,479.999146,0.000549,-44.999836,-0.000356,359.981262,-134.997772,480.048218,179.999695,-7.161548,-179.999924,2.973923,0.074793,8.420764,0.020201,49.630737,0.004298,
feedback,5.043965,1786354410552,7,Ry,50.000000,250.000000,50.386047,0.386047,,,359.999603,-134.999649,479.999146,0.000549,-44.999836,-0.000356,359.987518,-134.997726,480.066437,179.999771,-7.561835,-179.999893,0.530075,0.010549,1.329826,0.007445,50.386047,0.005903,
feedback,5.052686,1786354410561,7,Ry,50.000000,250.000000,48.957825,-1.042175,,,359.999603,-134.999649,479.999146,0.000549,-44.999836,-0.000356,359.983307,-134.998413,480.061005,179.999786,-7.962314,180.000000,1.014384,-0.096825,2.727519,-0.006965,48.957825,-0.012782,
feedback,5.059689,1786354410569,7,Ry,50.000000,250.000000,50.427246,0.427246,,,359.999603,-134.999649,479.999146,0.000549,-44.999836,-0.000356,359.965149,-135.000229,480.048523,179.999725,-8.370895,179.999695,-0.664049,-0.086277,0.491344,0.000097,50.427246,-0.013733,
feedback,5.068646,1786354410577,7,Ry,50.000000,250.000000,50.660706,0.660706,,,359.999603,-134.999649,479.999146,0.000549,-44.999836,-0.000356,359.971893,-135.002472,480.042969,179.999725,-8.774973,179.999359,0.968862,-0.194616,0.292619,0.016080,50.660706,-0.022855,
feedback,5.075951,1786354410586,7,Ry,50.000000,250.000000,50.440979,0.440979,,,359.999603,-134.999649,479.999146,0.000549,-44.999836,-0.000356,359.973602,-135.002029,480.019714,179.999786,-9.181356,179.999451,1.210425,0.139958,-1.762063,0.008213,50.440979,0.026282,
feedback,5.085200,1786354410594,7,Ry,50.000000,250.000000,50.770569,0.770569,,,359.999603,-134.999649,479.999146,0.000549,-44.999836,-0.000356,359.979736,-135.000610,479.991760,179.999878,-9.588923,179.999634,0.588178,0.367174,-3.643925,-0.014563,50.770569,0.057315,
feedback,5.092452,1786354410603,7,Ry,50.000000,250.000000,50.736237,0.736237,,,359.999603,-134.999649,479.999146,0.000549,-44.999836,-0.000356,359.986420,-135.000183,480.000793,179.999817,-9.991461,179.999695,1.554103,0.043139,0.787901,-0.001118,50.736237,0.000104,
feedback,5.101481,1786354410611,7,Ry,50.000000,250.000000,50.640106,0.640106,,,359.999603,-134.999649,479.999146,0.000549,-44.999836,-0.000356,359.996582,-134.999237,480.014221,179.999756,-10.391803,179.999863,0.637696,0.096832,-1.085648,0.009182,50.640106,0.026002,
feedback,5.109422,1786354410620,7,Ry,50.000000,250.000000,49.829864,-0.170136,,,359.999603,-134.999649,479.999146,0.000549,-44.999836,-0.000356,359.997375,-134.995911,480.022614,179.999741,-10.992124,-179.999680,-1.234179,0.161054,1.673886,0.014483,49.829865,-0.010290,
feedback,5.118278,1786354410628,7,Ry,50.000000,250.000000,49.493408,-0.506592,,,359.999603,-134.999649,479.999146,0.000549,-44.999836,-0.000356,360.001892,-134.996902,480.025665,179.999710,-11.390432,-179.999786,0.351277,-0.108335,0.417747,0.014463,49.493408,-0.016580,
feedback,5.125823,1786354410637,7,Ry,50.000000,250.000000,50.234985,0.234985,,,359.999603,-134.999649,479.999146,0.000549,-44.999836,-0.000356,359.991608,-134.999619,480.021667,179.999802,-11.789401,179.999771,-2.857142,-0.376776,-2.573537,-0.018762,50.234985,-0.044001,
feedback,5.134597,1786354410645,7,Ry,50.000000,250.000000,50.166321,0.166321,,,359.999603,-134.999649,479.999146,0.000549,-44.999836,-0.000356,359.989410,-135.000275,480.003540,179.999771,-12.186804,179.999664,-1.188422,0.053690,-4.326233,0.005358,50.166321,-0.001295,
feedback,5.142491,1786354410653,7,Ry,50.000000,250.000000,48.731232,-1.268768,,,359.999603,-134.999649,479.999146,0.000549,-44.999836,-0.000356,359.995087,-135.001343,479.998657,179.999786,-12.580088,179.999557,0.364615,-0.172573,0.917757,0.000234,48.731232,-0.027466,
feedback,5.150607,1786354410657,7,Ry,50.000000,250.000000,49.156952,-0.843048,,,359.999603,-134.999649,479.999146,0.000549,-44.999836,-0.000356,359.992676,-135.001602,480.000092,179.999741,-12.776715,179.999466,-0.765429,-0.065188,0.491247,0.012157,49.156952,-0.023466,
feedback,5.158552,1786354410666,7,Ry,50.000000,250.000000,48.477173,-1.522827,,,359.999603,-134.999649,479.999146,0.000549,-44.999836,-0.000356,359.994141,-135.000916,480.009186,179.999741,-13.164862,179.999588,-0.266583,-0.010545,-0.259039,-0.008064,48.477173,-0.005122,
feedback,5.167107,1786354410675,7,Ry,50.000000,250.000000,48.889160,-1.110840,,,359.999603,-134.999649,479.999146,0.000549,-44.999836,-0.000356,359.991638,-134.997849,480.000305,179.999771,-13.555344,-179.999924,-0.822841,0.560844,-2.669754,-0.001844,48.889160,0.082589,
feedback,5.174951,1786354410684,7,Ry,50.000000,250.000000,47.797394,-2.202606,,,359.999603,-134.999649,479.999146,0.000549,-44.999836,-0.000356,360.003723,-134.996597,480.009613,179.999756,-14.131384,-179.999786,0.277623,0.075743,2.062619,-0.010401,47.797394,0.002092,
feedback,5.184104,1786354410692,7,Ry,50.000000,250.000000,47.124481,-2.875519,,,359.999603,-134.999649,479.999146,0.000549,-44.999836,-0.000356,360.007660,-134.996689,480.045685,179.999817,-14.505221,-179.999786,-1.941241,-0.031654,2.426492,-0.023766,47.124481,-0.008136,
feedback,5.191270,1786354410700,7,Ry,50.000000,250.000000,46.753692,-3.246308,,,359.999603,-134.999649,479.999146,0.000549,-44.999836,-0.000356,360.013367,-134.997589,480.029175,179.999741,-14.881146,-179.999954,-0.098216,-0.280921,-3.260803,0.011262,46.753693,-0.058228,
feedback,5.199952,1786354410709,7,Ry,50.000000,250.000000,46.307373,-3.692627,,,359.999603,-134.999649,479.999146,0.000549,-44.999836,-0.000356,360.004669,-135.000092,480.012878,179.999771,-15.253308,179.999725,-1.620580,-0.409384,-1.497851,-0.013183,46.307373,-0.058185,
feedback,5.208229,1786354410717,7,Ry,50.000000,250.000000,44.982147,-5.017853,,,359.999603,-134.999649,479.999146,0.000549,-44.999836,-0.000356,360.014313,-135.002304,480.022003,179.999741,-15.613688,179.999420,1.451191,-0.215736,2.250587,0.000345,44.982147,-0.034332,
feedback,5.216201,1786354410726,7,Ry,50.000000,250.000000,43.924713,-6.075287,,,359.999603,-134.999649,479.999146,0.000549,-44.999836,-0.000356,360.019348,-135.002258,480.021790,179.999710,-15.971072,179.999390,1.828082,0.053678,1.731591,0.008828,43.924713,0.011579,
feedback,5.224056,1786354410734,7,Ry,50.000000,250.000000,44.776154,-5.223846,,,359.999603,-134.999649,479.999146,0.000549,-44.999836,-0.000356,360.017700,-135.000702,479.993591,179.999741,-16.327551,179.999573,-0.418908,0.172583,-4.911616,0.000150,44.776154,0.027466,
feedback,5.232686,1786354410742,7,Ry,50.000000,250.000000,42.784882,-7.215118,,,359.999603,-134.999649,479.999146,0.000549,-44.999836,-0.000356,360.021942,-134.999146,479.989410,179.999817,-16.672054,179.999939,-0.062011,0.346128,-0.705292,-0.022433,42.784882,0.082833,
feedback,5.240214,1786354410751,7,Ry,50.000000,250.000000,42.489624,-7.510376,,,359.999603,-134.999649,479.999146,0.000549,-44.999836,-0.000356,360.022461,-134.998840,479.991455,179.999756,-17.014389,179.999908,0.124418,0.043146,1.104911,-0.002091,42.489624,0.000301,
feedback,5.248898,1786354410759,7,Ry,50.000000,250.000000,41.802978,-8.197022,,,359.999603,-134.999649,479.999146,0.000549,-44.999836,-0.000356,360.033997,-134.996048,479.994781,179.999725,-17.511301,-179.999649,0.298662,0.085334,-3.736118,0.027858,41.802979,0.005150,
feedback,5.257133,1786354410767,7,Ry,50.000000,250.000000,38.761139,-11.238861,,,359.999603,-134.999649,479.999146,0.000549,-44.999836,-0.000356,360.054077,-134.996216,480.002319,179.999725,-17.827816,-179.999680,3.130363,-0.194627,2.646760,0.010618,38.761139,-0.045073,
feedback,5.265261,1786354410776,7,Ry,50.000000,250.000000,39.475250,-10.524750,,,359.999603,-134.999649,479.999146,0.000549,-44.999836,-0.000356,360.043976,-134.997803,479.981537,179.999771,-18.149578,-179.999954,-0.903439,-0.226292,-0.288652,-0.008853,39.475250,-0.038718,
feedback,5.273135,1786354410784,7,Ry,50.000000,250.000000,37.566375,-12.433625,,,359.999603,-134.999649,479.999146,0.000549,-44.999836,-0.000356,360.047760,-135.000610,479.990814,179.999802,-18.452774,179.999603,0.837552,-0.258896,0.122634,-0.006412,37.566376,-0.060739,
feedback,5.282460,1786354410793,7,Ry,50.000000,250.000000,37.621307,-12.378693,,,359.999603,-134.999649,479.999146,0.000549,-44.999836,-0.000356,360.035492,-135.000916,479.989349,179.999756,-18.758688,179.999573,-0.457419,0.022057,0.190718,-0.010651,37.621307,0.017784,
feedback,5.289575,1786354410797,7,Ry,50.000000,250.000000,35.987091,-14.012909,,,359.999603,-134.999649,479.999146,0.000549,-44.999836,-0.000356,360.037720,-135.001007,479.995453,179.999802,-18.902637,179.999603,0.480195,-0.021094,1.593710,-0.010630,35.987091,0.010945,
feedback,5.298234,1786354410805,7,Ry,50.000000,250.000000,36.296081,-13.703919,,,359.999603,-134.999649,479.999146,0.000549,-44.999836,-0.000356,360.030334,-135.000610,480.004089,179.999908,-19.191715,179.999634,-2.741809,0.140956,0.730737,-0.019368,36.296082,0.034237,
feedback,5.306151,1786354410814,7,Ry,50.000000,250.000000,34.140015,-15.859985,,,359.999603,-134.999649,479.999146,0.000549,-44.999836,-0.000356,360.030396,-134.998764,480.005219,179.999695,-19.472443,179.999969,0.643323,0.247374,2.995285,0.023934,34.140015,0.040413,
feedback,5.314466,1786354410822,7,Ry,50.000000,250.000000,34.751129,-15.248871,,,359.999603,-134.999649,479.999146,0.000549,-44.999836,-0.000356,360.028442,-134.997513,479.997955,179.999802,-19.749380,-179.999878,-1.627614,0.183123,-0.979220,0.003942,34.751129,0.018683,
feedback,5.322197,1786354410830,7,Ry,50.000000,250.000000,32.546997,-17.453003,,,359.999603,-134.999649,479.999146,0.000549,-44.999836,-0.000356,360.032074,-134.997726,479.993378,179.999847,-20.018875,-179.999954,2.899865,-0.182156,2.943868,-0.032430,32.546997,-0.008846,
feedback,5.331035,1786354410839,7,Ry,50.000000,250.000000,32.581329,-17.418671,,,359.999603,-134.999649,479.999146,0.000549,-44.999836,-0.000356,360.037811,-134.997559,479.980774,179.999710,-20.281229,-179.999878,0.379756,0.021094,-0.191157,0.012710,32.581329,-0.004760,
feedback,5.338689,1786354410847,7,Ry,50.000000,250.000000,30.912781,-19.087219,,,359.999603,-134.999649,479.999146,0.000549,-44.999836,-0.000356,360.043762,-134.998199,479.972839,179.999771,-20.660229,-179.999924,0.576315,-0.086295,-0.434154,0.004727,30.912781,-0.000883,
feedback,5.347512,1786354410856,7,Ry,50.000000,250.000000,30.335999,-19.664001,,,359.999603,-134.999649,479.999146,0.000549,-44.999836,-0.000356,360.043396,-134.999359,479.968506,179.999863,-20.902424,179.999908,-0.634306,-0.031639,-0.321731,-0.014373,30.335999,0.020179,
feedback,5.354995,1786354410864,7,Ry,50.000000,250.000000,29.045105,-20.954895,,,359.999603,-134.999649,479.999146,0.000549,-44.999836,-0.000356,360.037292,-135.000061,479.974304,179.999756,-21.139288,179.999741,0.563566,-0.118898,1.010989,0.006446,29.045105,-0.023076,
feedback,5.363925,1786354410873,7,Ry,50.000000,250.000000,27.307892,-22.692108,,,359.999603,-134.999649,479.999146,0.000549,-44.999836,-0.000356,360.040009,-134.999969,480.003937,179.999817,-21.361568,179.999771,0.646697,0.032601,5.658408,-0.003867,27.307892,0.015762,
feedback,5.371085,1786354410881,7,Ry,50.000000,250.000000,27.472687,-22.527313,,,359.999603,-134.999649,479.999146,0.000549,-44.999836,-0.000356,360.031799,-134.999969,480.022705,179.999802,-21.581680,179.999802,-1.186916,0.054657,2.599368,-0.016603,27.472687,0.027695,
feedback,5.379812,1786354410889,7,Ry,50.000000,250.000000,26.126862,-23.873138,,,359.999603,-134.999649,479.999146,0.000549,-44.999836,-0.000356,360.035919,-134.997986,480.030731,179.999756,-21.794458,-179.999893,0.873469,0.193686,1.833805,0.017737,26.126862,0.035118,
feedback,5.387604,1786354410898,7,Ry,50.000000,250.000000,26.374054,-23.625946,,,359.999603,-134.999649,479.999146,0.000549,-44.999836,-0.000356,360.037109,-134.998154,480.017181,179.999756,-22.001139,-179.999924,-1.585563,-0.108357,-3.496232,0.010059,26.374054,-0.032110,
feedback,5.396293,1786354410906,7,Ry,50.000000,250.000000,25.357818,-24.642182,,,359.999603,-134.999649,479.999146,0.000549,-44.999836,-0.000356,360.032410,-134.998291,479.995361,179.999756,-22.206005,179.999985,-0.733917,-0.108351,-2.851375,0.007439,25.357819,-0.038504,
feedback,5.404095,1786354410915,7,Ry,50.000000,250.000000,24.320984,-25.679016,,,359.999603,-134.999649,479.999146,0.000549,-44.999836,-0.000356,360.033783,-134.999359,479.977417,179.999771,-22.401205,179.999817,-0.220017,-0.065202,-3.143661,0.010068,24.320984,-0.025315,
feedback,5.412767,1786354410923,7,Ry,50.000000,250.000000,22.659302,-27.340698,,,359.999603,-134.999649,479.999146,0.000549,-44.999836,-0.000356,360.047729,-135.000870,479.966980,179.999847,-22.585775,179.999634,1.506320,-0.161090,0.248209,-0.013669,22.659302,-0.000008,
feedback,5.420621,1786354410932,7,Ry,50.000000,250.000000,22.027588,-27.972412,,,359.999603,-134.999649,479.999146,0.000549,-44.999836,-0.000356,360.051758,-134.999008,479.965149,179.999878,-22.853622,179.999924,0.842587,0.172599,-0.844061,-0.002709,22.027588,0.021138,
feedback,5.429288,1786354410940,7,Ry,50.000000,250.000000,19.947052,-30.052948,,,359.999603,-134.999649,479.999146,0.000549,-44.999836,-0.000356,360.064087,-134.999313,479.971283,179.999832,-23.018665,179.999908,1.965423,-0.075754,2.187500,0.011671,19.947052,-0.003778,
feedback,5.437130,1786354410948,7,Ry,50.000000,250.000000,19.596863,-30.403137,,,359.999603,-134.999649,479.999146,0.000549,-44.999836,-0.000356,360.069092,-134.998764,479.975647,179.999817,-23.176291,179.999985,0.406393,0.032606,-0.407463,-0.003657,19.596863,0.015881,
feedback,5.445669,1786354410952,7,Ry,50.000000,250.000000,19.507599,-30.492401,,,359.999603,-134.999649,479.999146,0.000549,-44.999836,-0.000356,360.066681,-134.998932,479.973419,179.999817,-23.254322,179.999924,-0.622188,-0.043152,-0.531718,-0.002748,19.507599,-0.013175,
feedback,5.453343,1786354410961,7,Ry,50.000000,250.000000,18.992615,-31.007385,,,359.999603,-134.999649,479.999146,0.000549,-44.999836,-0.000356,360.054962,-134.998413,479.964142,179.999832,-23.406673,179.999985,-2.089138,-0.075760,-2.235060,0.006238,18.992615,-0.016461,
feedback,5.461693,1786354410969,7,Ry,50.000000,250.000000,17.440796,-32.559204,,,359.999603,-134.999649,479.999146,0.000549,-44.999836,-0.000356,360.043121,-134.998245,479.959930,179.999802,-23.550074,-179.999893,-0.973628,0.096839,-0.193355,0.011715,17.440796,0.023579,
feedback,5.470064,1786354410978,7,Ry,50.000000,250.000000,16.307831,-33.692169,,,359.999603,-134.999649,479.999146,0.000549,-44.999836,-0.000356,360.042053,-134.999359,479.952118,179.999863,-23.683722,179.999908,-0.564796,0.162046,-0.131935,-0.003546,16.307831,0.036512,
feedback,5.478636,1786354410986,7,Ry,50.000000,250.000000,16.033173,-33.966827,,,359.999603,-134.999649,479.999146,0.000549,-44.999836,-0.000356,360.036865,-134.999664,479.954010,179.999863,-23.810146,179.999786,-1.413796,0.086295,-0.959725,-0.005544,16.033173,0.001169,
feedback,5.486322,1786354410995,7,Ry,50.000000,250.000000,14.886475,-35.113525,,,359.999603,-134.999649,479.999146,0.000549,-44.999836,-0.000356,360.035156,-134.999191,479.949951,179.999741,-23.931437,179.999939,-0.026557,-0.000963,-0.673786,0.030661,14.886475,-0.005455,
feedback,5.494931,1786354411003,7,Ry,50.000000,250.000000,13.382721,-36.617279,,,359.999603,-134.999649,479.999146,0.000549,-44.999836,-0.000356,360.033447,-134.998932,479.958191,179.999832,-24.101038,179.999924,-0.318050,0.010546,0.745965,0.009046,13.382721,0.003464,
feedback,5.502576,1786354411012,7,Ry,50.000000,250.000000,11.968231,-38.031769,,,359.999603,-134.999649,479.999146,0.000549,-44.999836,-0.000356,360.038177,-134.999100,479.976349,179.999832,-24.199558,179.999878,1.007394,-0.044110,3.027987,0.022220,11.968231,-0.031255,
feedback,5.511226,1786354411020,7,Ry,50.000000,250.000000,11.116791,-38.883209,,,359.999603,-134.999649,479.999146,0.000549,-44.999836,-0.000356,360.043488,-134.998932,479.998352,179.999832,-24.289124,179.999924,0.182581,0.053695,2.134848,0.006237,11.116791,0.004042,
feedback,5.519395,1786354411028,7,Ry,50.000000,250.000000,10.533142,-39.466858,,,359.999603,-134.999649,479.999146,0.000549,-44.999836,-0.000356,360.047852,-134.998672,480.010498,179.999878,-24.374790,179.999985,0.206558,0.043149,1.834067,0.002804,10.533142,0.013121,
feedback,5.526972,1786354411037,7,Ry,50.000000,250.000000,9.681702,-40.318298,,,359.999603,-134.999649,479.999146,0.000549,-44.999836,-0.000356,360.050659,-134.998932,480.024902,179.999802,-24.454138,179.999985,0.325469,-0.032603,1.740437,0.006232,9.681702,-0.009709,
feedback,5.536079,1786354411045,7,Ry,50.000000,250.000000,9.427643,-40.572357,,,359.999603,-134.999649,479.999146,0.000549,-44.999836,-0.000356,360.044159,-134.999054,480.024078,179.999802,-24.529888,179.999908,-1.020644,0.010545,-1.045825,0.000532,9.427643,-0.015344,
feedback,5.543079,1786354411054,7,Ry,50.000000,250.000000,8.528137,-41.471863,,,359.999603,-134.999649,479.999146,0.000549,-44.999836,-0.000356,360.037018,-134.999313,480.012451,179.999847,-24.599735,179.999908,-0.733866,-0.000001,-1.436332,0.002850,8.528137,0.006243,
feedback,5.551689,1786354411062,7,Ry,50.000000,250.000000,7.662964,-42.337036,,,359.999603,-134.999649,479.999146,0.000549,-44.999836,-0.000356,360.034729,-134.999527,480.001526,179.999863,-24.662521,179.999908,-0.010856,0.022055,-1.629390,-0.006754,7.662964,0.025077,
feedback,5.559720,1786354411070,7,Ry,50.000000,250.000000,6.893921,-43.106079,,,359.999603,-134.999649,479.999146,0.000549,-44.999836,-0.000356,360.037659,-134.999619,479.988617,179.999817,-24.718304,179.999847,0.477371,-0.065203,-1.983152,0.012475,6.893921,-0.019475,
feedback,5.568220,1786354411079,7,Ry,50.000000,250.000000,6.001282,-43.998718,,,359.999603,-134.999649,479.999146,0.000549,-44.999836,-0.000356,360.045013,-134.999496,479.974426,179.999847,-24.767742,179.999878,0.755727,-0.096843,-1.889448,-0.006238,6.001282,-0.010856,
feedback,5.575950,1786354411087,7,Ry,50.000000,250.000000,4.827118,-45.172882,,,359.999603,-134.999649,479.999146,0.000549,-44.999836,-0.000356,360.049438,-134.999313,479.962921,179.999863,-24.830557,179.999878,0.270961,-0.064241,-0.337987,-0.015351,4.827118,-0.007331,
feedback,5.586162,1786354411092,7,Ry,50.000000,250.000000,4.600525,-45.399475,,,359.999603,-134.999649,479.999146,0.000549,-44.999836,-0.000356,360.049225,-134.998764,479.960144,179.999832,-24.848959,179.999954,-0.055989,0.139993,-0.690659,0.006220,4.600525,0.017714,
feedback,5.592872,1786354411100,7,Ry,50.000000,250.000000,3.996277,-46.003723,,,359.999603,-134.999649,479.999146,0.000549,-44.999836,-0.000356,360.048004,-134.998978,479.955627,179.999741,-24.882166,179.999893,-0.220281,-0.011511,-0.547765,0.015792,3.996277,-0.021763,
feedback,5.600956,1786354411109,7,Ry,50.000000,250.000000,3.337097,-46.662903,,,359.999603,-134.999649,479.999146,0.000549,-44.999836,-0.000356,360.046326,-134.999191,479.956696,179.999863,-24.909740,179.999954,-0.303537,-0.032603,0.041846,0.009115,3.337097,-0.003531,
feedback,5.609242,1786354411117,7,Ry,50.000000,250.000000,2.595520,-47.404480,,,359.999603,-134.999649,479.999146,0.000549,-44.999836,-0.000356,360.046722,-134.998932,479.958588,179.999802,-24.931797,179.999985,0.029648,0.043149,0.245123,-0.005794,2.595520,-0.005587,
feedback,5.616934,1786354411125,7,Ry,50.000000,250.000000,1.977539,-48.022461,,,359.999603,-134.999649,479.999146,0.000549,-44.999836,-0.000356,360.045105,-134.999573,479.959869,179.999878,-24.948797,179.999939,-0.278246,-0.032603,0.145213,0.012017,1.977539,0.002689,
feedback,5.625176,1786354411134,7,Ry,50.000000,250.000000,1.620483,-48.379517,,,359.999603,-134.999649,479.999146,0.000549,-44.999836,-0.000356,360.040131,-134.999313,479.957947,179.999847,-24.962448,179.999908,-0.695428,0.043147,-0.356260,-0.005797,1.620483,-0.005584,
feedback,5.633158,1786354411142,7,Ry,50.000000,250.000000,1.455688,-48.544312,,,359.999603,-134.999649,479.999146,0.000549,-44.999836,-0.000356,360.032257,-134.999756,479.954834,179.999771,-24.974396,179.999847,-1.060046,-0.075748,-0.493332,0.003326,1.455688,-0.022856,
feedback,5.641981,1786354411151,7,Ry,50.000000,250.000000,1.187897,-48.812103,,,359.999603,-134.999649,479.999146,0.000549,-44.999836,-0.000356,360.024353,-134.999756,479.952972,179.999771,-24.984503,179.999878,-0.844251,0.021093,-0.162360,0.012448,1.187897,-0.005800,
feedback,5.649527,1786354411159,7,Ry,50.000000,250.000000,0.837708,-49.162292,,,359.999603,-134.999649,479.999146,0.000549,-44.999836,-0.000356,360.017334,-134.999100,479.954224,179.999802,-24.995901,179.999954,-0.450663,0.086290,0.153170,-0.002903,0.837708,0.007510,
feedback,5.657770,1786354411167,7,Ry,50.000000,250.000000,0.672913,-49.327087,,,359.999603,-134.999649,479.999146,0.000549,-44.999836,-0.000356,360.014069,-134.999329,479.954010,179.999725,-25.001614,179.999908,-0.305877,0.117928,-0.133126,0.015767,0.672913,-0.001196,
feedback,5.665948,1786354411176,7,Ry,50.000000,250.000000,0.466919,-49.533081,,,359.999603,-134.999649,479.999146,0.000549,-44.999836,-0.000356,360.012695,-134.999619,479.952576,179.999802,-25.005817,179.999878,-0.191324,-0.053691,-0.141287,-0.012028,0.466919,-0.016410,
feedback,5.673996,1786354411184,7,Ry,50.000000,250.000000,0.274658,-49.725342,,,359.999603,-134.999649,479.999146,0.000549,-44.999836,-0.000356,360.012207,-134.999664,479.949768,179.999802,-25.008535,179.999939,0.073720,-0.053691,-0.270377,-0.003320,0.274658,0.002259,
feedback,5.682478,1786354411193,7,Ry,50.000000,250.000000,0.054932,-49.945068,,,359.999603,-134.999649,479.999146,0.000549,-44.999836,-0.000356,360.011200,-134.999191,479.948822,179.999832,-25.009497,-179.999985,-0.031853,0.054651,0.093887,-0.009959,0.054932,0.041110,
feedback,5.690411,1786354411201,7,Ry,50.000000,250.000000,0.034332,-49.965668,,,359.999603,-134.999649,479.999146,0.000549,-44.999836,-0.000356,360.010681,-134.999786,479.947754,179.999802,-25.009745,179.999847,-0.104261,-0.043144,-0.161101,0.002903,0.034332,-0.000644,
feedback,5.699251,1786354411209,7,Ry,50.000000,250.000000,-0.006866,-50.006866,,,359.999603,-134.999649,479.999146,0.000549,-44.999836,-0.000356,360.010559,-134.999359,479.948639,179.999756,-25.009634,179.999908,-0.089328,-0.043145,0.077715,0.000000,-0.006866,-0.006866,
feedback,5.706840,1786354411218,7,Ry,50.000000,250.000000,-0.020599,-50.020599,,,359.999603,-134.999649,479.999146,0.000549,-44.999836,-0.000356,360.011169,-134.999359,479.949493,179.999756,-25.009470,179.999908,0.094603,0.000000,0.030562,0.000000,-0.020599,-0.000000,
feedback,5.715140,1786354411226,7,Ry,50.000000,250.000000,0.006866,-49.993134,,,359.999603,-134.999649,479.999146,0.000549,-44.999836,-0.000356,360.011017,-134.999664,479.950256,179.999725,-25.009333,179.999847,0.117543,0.010546,-0.112285,0.009126,0.006866,0.003320,
feedback,5.723493,1786354411234,7,Ry,50.000000,250.000000,0.006866,-49.993134,,,359.999603,-134.999649,479.999146,0.000549,-44.999836,-0.000356,360.010925,-134.999786,479.950409,179.999817,-25.009304,179.999817,0.056971,-0.064237,-0.077715,-0.015348,0.006866,-0.007283,
feedback,5.732143,1786354411243,7,Ry,50.000000,250.000000,-0.013733,-50.013733,,,359.999603,-134.999649,479.999146,0.000549,-44.999836,-0.000356,360.011719,-134.999023,479.951233,179.999771,-25.009167,179.999893,0.086407,0.139980,0.095969,0.000417,-0.013733,0.005251,
feedback,5.740404,1786354411247,5,Ry,50.000000,250.000000,0.027466,-49.972534,,,359.999603,-134.999649,479.999146,0.000549,-44.999836,-0.000356,360.011261,-134.999496,479.950775,179.999725,-25.009277,179.999878,-0.117682,-0.118888,-0.113117,0.012028,0.027466,-0.011057,
feedback,5.747947,1786354411256,5,Ry,50.000000,250.000000,0.013733,-49.986267,,,359.999603,-134.999649,479.999146,0.000549,-44.999836,-0.000356,360.011780,-134.999359,479.950867,179.999756,-25.009251,179.999908,-0.031274,-0.000000,-0.017148,-0.000000,0.013733,0.000000,
feedback,5.755965,1786354411264,5,Ry,50.000000,250.000000,-0.006866,-50.006866,,,359.999603,-134.999649,479.999146,0.000549,-44.999836,-0.000356,360.012054,-134.999573,479.951324,179.999893,-25.009140,179.999878,0.079508,0.011506,0.013414,-0.021571,-0.006866,0.009352,
feedback,5.764821,1786354411273,5,Ry,50.000000,250.000000,-0.006866,-50.006866,,,359.999603,-134.999649,479.999146,0.000549,-44.999836,-0.000356,360.011993,-134.999023,479.952209,179.999771,-25.009003,179.999893,-0.009279,0.064237,0.082555,0.009542,-0.006866,-0.005162,
feedback,5.772239,1786354411281,5,Ry,50.000000,250.000000,0.000000,-50.000000,,,359.999603,-134.999649,479.999146,0.000549,-44.999836,-0.000356,360.012360,-134.999237,479.952301,179.999771,-25.008976,179.999939,0.063871,0.043145,0.004840,-0.000000,0.000000,0.006866,
feedback,5.780422,1786354411289,5,Ry,50.000000,250.000000,0.013733,-49.986267,,,359.999603,-134.999649,479.999146,0.000549,-44.999836,-0.000356,360.012482,-134.999496,479.953064,179.999817,-25.008839,179.999939,0.057513,-0.021092,-0.086289,-0.009543,0.013733,0.012028,
