event,pc_time_s,controller_timestamp,robot_mode,axis,target_speed_deg_s,target_delta_deg,selected_actual_deg_s,speed_error_deg_s,command_interval_ms,command_latency_ms,target_x,target_y,target_z,target_rx,target_ry,target_rz,actual_x,actual_y,actual_z,actual_rx,actual_ry,actual_rz,tcp_vx,tcp_vy,tcp_vz,tcp_wx,tcp_wy,tcp_wz,response
feedback,0.006080,1786441546177,5,Rx,0.000000,0.000000,-0.013381,-0.013381,,,435.910828,-66.845657,179.611145,-89.999886,76.999992,-89.999939,435.910583,-66.844841,179.611374,-89.999886,76.999992,-89.999802,-0.034215,0.089476,0.041896,-0.006866,-0.000000,0.013733,
command,0.000014,,,Rx,5.000000,25.000000,,,,9.474,435.910828,-66.845657,179.611145,-89.999886,76.999992,-89.999939,,,,,,,,,,,,,"0,{1498},RelMovLTool(0.000000,0.000000,0.000000,25.000000,0.000000,0.000000,a=30,v=23,cp=0);"
feedback,0.012955,1786441546186,7,Rx,5.000000,25.000000,0.008170,-4.991830,,,435.910828,-66.845657,179.611145,-89.999886,76.999992,-89.999939,435.911102,-66.844978,179.611374,-89.999763,77.000000,-89.999748,0.100562,0.007506,-0.009856,-0.004901,-0.006579,-0.006866,
feedback,0.021105,1786441546190,7,Rx,5.000000,25.000000,0.011901,-4.988099,,,435.910828,-66.845657,179.611145,-89.999886,76.999992,-89.999939,435.910126,-66.845467,179.611115,-90.000114,76.999977,-90.000114,-0.100562,-0.075097,0.009856,-0.008832,0.006579,-0.013733,
feedback,0.029217,1786441546202,9,Rx,5.000000,25.000000,0.011901,-4.988099,,,435.910828,-66.845657,179.611145,-89.999886,76.999992,-89.999939,435.910126,-66.845467,179.611115,-90.000114,76.999977,-90.000114,-0.100562,-0.075097,0.009856,-0.008832,0.006579,-0.013733,
feedback,0.038843,1786441546212,9,Rx,5.000000,25.000000,-0.017882,-5.017882,,,435.910828,-66.845657,179.611145,-89.999886,76.999992,-89.999939,435.910828,-66.844788,179.611481,-89.999649,77.000038,-89.999550,0.193481,0.175229,0.187062,0.004924,-0.039475,0.027466,
feedback,0.046210,1786441546221,9,Rx,5.000000,25.000000,-0.005210,-5.005210,,,435.910828,-66.845657,179.611145,-89.999886,76.999992,-89.999939,435.910828,-66.845253,179.611053,-90.000000,77.000015,-90.000000,0.058337,0.067272,0.032041,0.008832,-0.006579,0.006866,
feedback,0.054826,1786441546225,9,Rx,5.000000,25.000000,0.011901,-4.988099,,,435.910828,-66.845657,179.611145,-89.999886,76.999992,-89.999939,435.910797,-66.845551,179.610764,-90.000114,76.999947,-90.000168,-0.008100,-0.074798,-0.073937,-0.015698,0.006579,-0.013733,
feedback,0.063259,1786441546234,9,Rx,5.000000,25.000000,0.009650,-4.990350,,,435.910828,-66.845657,179.611145,-89.999886,76.999992,-89.999939,435.911041,-66.844902,179.611908,-89.999413,77.000023,-89.999374,0.050415,-0.007472,0.105979,0.003930,-0.013158,-0.006866,
feedback,0.071109,1786441546243,9,Rx,5.000000,25.000000,-0.015570,-5.015570,,,435.910828,-66.845657,179.611145,-89.999886,76.999992,-89.999939,435.910431,-66.845085,179.610611,-90.000351,77.000015,-90.000290,-0.162604,0.028597,-0.213236,0.001942,0.039475,0.006866,
feedback,0.079627,1786441546252,9,Rx,5.000000,25.000000,0.002960,-4.997040,,,435.910828,-66.845657,179.611145,-89.999886,76.999992,-89.999939,435.910706,-66.845108,179.610916,-90.000000,76.999985,-89.999947,0.149722,0.017403,-0.003990,0.003930,-0.013158,-0.000000,
feedback,0.087305,1786441546260,9,Rx,5.000000,25.000000,-0.002960,-5.002960,,,435.910828,-66.845657,179.611145,-89.999886,76.999992,-89.999939,435.910797,-66.845085,179.611481,-89.999649,76.999977,-89.999603,-0.100651,-0.030063,-0.064082,-0.003930,0.013158,-0.000000,
feedback,0.095389,1786441546269,9,Rx,5.000000,25.000000,-0.023031,-5.023031,,,435.910828,-66.845657,179.611145,-89.999886,76.999992,-89.999939,435.910370,-66.845100,179.611145,-90.000000,77.000015,-89.999947,-0.041238,0.109908,-0.079804,0.009803,0.013158,0.020599,
feedback,0.103514,1786441546278,9,Rx,5.000000,25.000000,0.071345,-4.928655,,,435.910828,-66.845657,179.611145,-89.999886,76.999992,-89.999939,435.910583,-66.846886,179.611298,-89.999763,77.000031,-90.000046,-0.070655,-0.410311,0.159010,-0.000971,-0.019738,-0.068665,
feedback,0.111663,1786441546282,9,Rx,5.000000,25.000000,-0.100357,-5.100357,,,435.910828,-66.845657,179.611145,-89.999886,76.999992,-89.999939,435.911224,-66.844360,179.611176,-89.999763,77.000000,-89.999634,0.158879,0.631268,-0.031444,-0.006866,-0.000000,0.102997,
feedback,0.120009,1786441546292,9,Rx,5.000000,25.000000,0.051273,-4.948727,,,435.910828,-66.845657,179.611145,-89.999886,76.999992,-89.999939,435.910919,-66.846024,179.612000,-89.999298,77.000061,-89.999428,0.001272,-0.348554,0.153741,-0.000971,-0.019738,-0.048065,
feedback,0.128138,1786441546301,9,Rx,5.000000,25.000000,0.041623,-4.958377,,,435.910828,-66.845657,179.611145,-89.999886,76.999992,-89.999939,435.910858,-66.845695,179.610962,-90.000000,76.999985,-90.000137,0.050325,-0.120150,0.032041,0.001965,-0.006579,-0.041199,
feedback,0.136083,1786441546309,9,Rx,5.000000,25.000000,0.001480,-4.998520,,,435.910828,-66.845657,179.611145,-89.999886,76.999992,-89.999939,435.910645,-66.844803,179.611267,-89.999886,76.999962,-89.999832,0.016111,0.059447,0.073937,-0.004901,-0.006579,-0.000000,
feedback,0.144561,1786441546318,9,Rx,5.000000,25.000000,-0.001480,-5.001480,,,435.910828,-66.845657,179.611145,-89.999886,76.999992,-89.999939,435.910706,-66.845276,179.610825,-90.000114,76.999947,-90.000145,-0.069684,0.061138,-0.016319,-0.008832,0.006579,0.000000,
feedback,0.152564,1786441546326,9,Rx,5.000000,25.000000,0.015571,-4.984429,,,435.910828,-66.845657,179.611145,-89.999886,76.999992,-89.999939,435.910950,-66.845329,179.611725,-89.999535,77.000015,-89.999542,0.120378,-0.013892,0.255133,0.004924,-0.039475,-0.006866,
feedback,0.161071,1786441546334,9,Rx,5.000000,25.000000,0.014151,-4.985849,,,435.910828,-66.845657,179.611145,-89.999886,76.999992,-89.999939,435.910645,-66.845306,179.610825,-90.000114,76.999947,-90.000114,0.023664,-0.033205,-0.206773,-0.021593,0.026317,-0.020599,
feedback,0.170151,1786441546339,9,Rx,5.000000,25.000000,0.026762,-4.973238,,,435.910828,-66.845657,179.611145,-89.999886,76.999992,-89.999939,435.910767,-66.845055,179.611206,-89.999886,76.999992,-89.999886,-0.043391,-0.103082,0.015722,0.006866,0.000000,-0.027466,
feedback,0.178120,1786441546352,9,Rx,5.000000,25.000000,0.026762,-4.973238,,,435.910828,-66.845657,179.611145,-89.999886,76.999992,-89.999939,435.910767,-66.845055,179.611206,-89.999886,76.999992,-89.999886,-0.043391,-0.103082,0.015722,0.006866,0.000000,-0.027466,
feedback,0.185900,1786441546356,9,Rx,5.000000,25.000000,0.025991,-4.974009,,,435.910828,-66.845657,179.611145,-89.999886,76.999992,-89.999939,435.910736,-66.845390,179.611298,-89.999763,77.000031,-89.999771,0.125868,-0.139266,0.143885,0.014727,-0.026317,-0.020599,
feedback,0.193657,1786441546365,9,Rx,5.000000,25.000000,0.019362,-4.980638,,,435.910828,-66.845657,179.611145,-89.999886,76.999992,-89.999939,435.911102,-66.844986,179.611176,-89.999763,77.000000,-89.999718,-0.038180,-0.238113,-0.228361,-0.002959,0.032896,-0.027466,
feedback,0.201827,1786441546373,9,Rx,5.000000,25.000000,0.019362,-4.980638,,,435.910828,-66.845657,179.611145,-89.999886,76.999992,-89.999939,435.910858,-66.844933,179.610870,-90.000114,76.999977,-90.000084,-0.092919,-0.145193,-0.196917,-0.009826,0.032896,-0.027466,
feedback,0.210723,1786441546382,9,Rx,5.000000,25.000000,0.041623,-4.958377,,,435.910828,-66.845657,179.611145,-89.999886,76.999992,-89.999939,435.910645,-66.845924,179.611588,-89.999649,77.000008,-89.999710,-0.076512,-0.294622,0.063484,0.001965,-0.006579,-0.041199,
feedback,0.218541,1786441546390,9,Rx,5.000000,25.000000,0.013381,-4.986619,,,435.910828,-66.845657,179.611145,-89.999886,76.999992,-89.999939,435.910706,-66.845009,179.611130,-90.000000,76.999985,-89.999947,-0.021701,-0.078860,0.052350,0.000000,-0.000000,-0.013733,
feedback,0.227135,1786441546398,9,Rx,5.000000,25.000000,0.020071,-4.979929,,,435.910828,-66.845657,179.611145,-89.999886,76.999992,-89.999939,435.910706,-66.845291,179.611206,-89.999886,76.999992,-89.999886,-0.025198,-0.184387,-0.026175,-0.006866,-0.000000,-0.020599,
feedback,0.234546,1786441546407,9,Rx,5.000000,25.000000,0.026762,-4.973238,,,435.910828,-66.845657,179.611145,-89.999886,76.999992,-89.999939,435.910950,-66.845016,179.611343,-89.999763,77.000000,-89.999748,0.019359,-0.166292,-0.015722,0.006866,0.000000,-0.027466,
feedback,0.242854,1786441546415,9,Rx,5.000000,25.000000,-0.005210,-5.005210,,,435.910828,-66.845657,179.611145,-89.999886,76.999992,-89.999939,435.910858,-66.845047,179.611053,-90.000000,76.999954,-89.999969,0.086872,0.048478,0.042494,-0.004901,-0.006579,0.006866,
feedback,0.251311,1786441546424,9,Rx,5.000000,25.000000,0.015631,-4.984369,,,435.910828,-66.845657,179.611145,-89.999886,76.999992,-89.999939,435.910309,-66.845718,179.610428,-90.000465,76.999977,-90.000481,-0.103084,-0.207650,-0.101391,0.000971,0.019738,-0.020599,
feedback,0.261175,1786441546432,9,Rx,5.000000,25.000000,0.017821,-4.982179,,,435.910828,-66.845657,179.611145,-89.999886,76.999992,-89.999939,435.910706,-66.845085,179.611023,-90.000000,77.000015,-89.999969,0.056184,-0.055597,0.127566,0.005895,-0.019738,-0.013733,
feedback,0.267184,1786441546441,9,Rx,5.000000,25.000000,0.008170,-4.991830,,,435.910828,-66.845657,179.611145,-89.999886,76.999992,-89.999939,435.910889,-66.844856,179.610657,-90.000114,76.999977,-90.000031,0.099396,-0.020159,-0.036031,0.001965,-0.006579,-0.006866,
feedback,0.275347,1786441546449,9,Rx,5.000000,25.000000,-0.001480,-5.001480,,,435.910828,-66.845657,179.611145,-89.999886,76.999992,-89.999939,435.910828,-66.844353,179.610825,-90.000114,76.999977,-90.000008,0.059323,0.072354,-0.089659,-0.001965,0.006579,0.000000,
feedback,0.283772,1786441546458,9,Rx,5.000000,25.000000,0.022261,-4.977739,,,435.910828,-66.845657,179.611145,-89.999886,76.999992,-89.999939,435.910736,-66.845413,179.611191,-89.999763,77.000000,-89.999748,0.062142,-0.026500,0.208052,-0.001942,-0.039475,-0.013733,
feedback,0.291798,1786441546466,9,Rx,5.000000,25.000000,0.015631,-4.984369,,,435.910828,-66.845657,179.611145,-89.999886,76.999992,-89.999939,435.910614,-66.845703,179.610641,-90.000237,76.999939,-90.000313,0.051123,-0.079639,-0.148557,-0.012762,0.019738,-0.020599,
feedback,0.300252,1786441546475,9,Rx,5.000000,25.000000,0.009650,-4.990350,,,435.910828,-66.845657,179.611145,-89.999886,76.999992,-89.999939,435.910645,-66.844803,179.611267,-89.999886,76.999992,-89.999832,-0.006656,0.030117,0.085072,0.003930,-0.013158,-0.006866,
feedback,0.308255,1786441546483,9,Rx,5.000000,25.000000,-0.040143,-5.040143,,,435.910828,-66.845657,179.611145,-89.999886,76.999992,-89.999939,435.911255,-66.844254,179.611557,-89.999535,77.000015,-89.999382,0.024032,0.224313,0.000000,0.006866,0.000000,0.041199,
feedback,0.316746,1786441546487,9,Rx,5.000000,25.000000,0.038663,-4.961337,,,435.910828,-66.845657,179.611145,-89.999886,76.999992,-89.999939,435.911133,-66.845161,179.611359,-89.999649,77.000008,-89.999657,-0.030967,-0.226384,-0.047763,-0.001965,0.006579,-0.041199,
feedback,0.324822,1786441546496,9,Rx,5.000000,25.000000,0.020071,-4.979929,,,435.910828,-66.845657,179.611145,-89.999886,76.999992,-89.999939,435.910431,-66.845390,179.610703,-90.000237,76.999939,-90.000198,-0.017188,-0.154677,-0.026175,-0.020599,-0.000000,-0.020599,
feedback,0.332677,1786441546504,9,Rx,5.000000,25.000000,-0.032682,-5.032682,,,435.910828,-66.845657,179.611145,-89.999886,76.999992,-89.999939,435.910614,-66.845055,179.610443,-90.000351,76.999962,-90.000259,-0.019727,0.111547,-0.191051,0.005872,0.026317,0.027466,
feedback,0.340838,1786441546513,9,Rx,5.000000,25.000000,-0.023031,-5.023031,,,435.910828,-66.845657,179.611145,-89.999886,76.999992,-89.999939,435.910797,-66.844582,179.611313,-89.999886,77.000023,-89.999779,0.023843,0.102030,-0.058898,0.009803,0.013159,0.020599,
feedback,0.349512,1786441546521,9,Rx,5.000000,25.000000,0.030431,-4.969569,,,435.910828,-66.845657,179.611145,-89.999886,76.999992,-89.999939,435.910767,-66.845161,179.611099,-89.999886,77.000023,-89.999886,0.105622,-0.036043,0.266268,0.027489,-0.046055,-0.020599,
feedback,0.357501,1786441546530,9,Rx,5.000000,25.000000,0.013381,-4.986619,,,435.910828,-66.845657,179.611145,-89.999886,76.999992,-89.999939,435.911011,-66.845108,179.610703,-90.000114,77.000008,-90.000084,0.070761,-0.078560,-0.031444,0.006866,0.000000,-0.013733,
feedback,0.365624,1786441546538,9,Rx,5.000000,25.000000,0.024511,-4.975489,,,435.910828,-66.845657,179.611145,-89.999886,76.999992,-89.999939,435.911163,-66.845062,179.611557,-89.999535,77.000046,-89.999519,0.035659,-0.029623,0.117113,0.005895,-0.019738,-0.020599,
feedback,0.373799,1786441546547,9,Rx,5.000000,25.000000,0.069865,-4.930135,,,435.910828,-66.845657,179.611145,-89.999886,76.999992,-89.999939,435.910522,-66.846031,179.611557,-89.999649,77.000008,-89.999771,-0.165537,-0.465969,0.116516,-0.002936,-0.013158,-0.068665,
feedback,0.381984,1786441546556,9,Rx,5.000000,25.000000,-0.043103,-5.043103,,,435.910828,-66.845657,179.611145,-89.999886,76.999992,-89.999939,435.910736,-66.844688,179.610641,-90.000237,76.999969,-90.000145,0.077587,0.322261,-0.111247,-0.017663,0.013158,0.041199,
feedback,0.390686,1786441546561,9,Rx,5.000000,25.000000,0.001480,-4.998520,,,435.910828,-66.845657,179.611145,-89.999886,76.999992,-89.999939,435.910736,-66.844795,179.610825,-90.000114,76.999977,-90.000031,-0.001076,-0.027639,0.047763,0.001965,-0.006579,-0.000000,
feedback,0.398687,1786441546570,9,Rx,5.000000,25.000000,-0.025991,-5.025991,,,435.910828,-66.845657,179.611145,-89.999886,76.999992,-89.999939,435.910400,-66.845268,179.610428,-90.000465,76.999924,-90.000458,-0.098499,0.092805,-0.159607,-0.021593,0.026317,0.020599,
feedback,0.406940,1786441546579,9,Rx,5.000000,25.000000,0.030492,-4.969508,,,435.910828,-66.845657,179.611145,-89.999886,76.999992,-89.999939,435.910400,-66.845894,179.610886,-90.000114,76.999977,-90.000168,-0.060769,-0.267389,-0.069351,0.002936,0.013158,-0.034332,
feedback,0.415163,1786441546587,9,Rx,5.000000,25.000000,0.016341,-4.983659,,,435.910828,-66.845657,179.611145,-89.999886,76.999992,-89.999939,435.910767,-66.844872,179.611206,-89.999886,76.999992,-89.999832,0.049249,-0.057668,0.079804,0.010797,-0.013158,-0.013733,
feedback,0.423120,1786441546596,9,Rx,5.000000,25.000000,-0.009650,-5.009650,,,435.910828,-66.845657,179.611145,-89.999886,76.999992,-89.999939,435.910675,-66.844704,179.610550,-90.000351,76.999992,-90.000259,0.046710,0.118434,-0.085072,0.009803,0.013158,0.006866,
feedback,0.432148,1786441546604,9,Rx,5.000000,25.000000,0.006690,-4.993310,,,435.910828,-66.845657,179.611145,-89.999886,76.999992,-89.999939,435.910980,-66.845123,179.611725,-89.999535,77.000046,-89.999519,-0.067424,-0.124621,0.015722,0.006866,-0.000000,-0.006866,
feedback,0.439362,1786441546612,9,Rx,5.000000,25.000000,-0.013381,-5.013381,,,435.910828,-66.845657,179.611145,-89.999886,76.999992,-89.999939,435.910736,-66.845192,179.611404,-89.999763,76.999969,-89.999748,-0.095959,-0.038236,0.005269,-0.006866,-0.000000,0.013733,
feedback,0.448621,1786441546621,9,Rx,5.000000,25.000000,0.017821,-4.982179,,,435.910828,-66.845657,179.611145,-89.999886,76.999992,-89.999939,435.910980,-66.845825,179.611465,-89.999649,76.999977,-89.999710,0.083553,-0.102057,0.111845,-0.000971,-0.019738,-0.013733,
feedback,0.456553,1786441546629,9,Rx,5.000000,25.000000,-0.029722,-5.029722,,,435.910828,-66.845657,179.611145,-89.999886,76.999992,-89.999939,435.910767,-66.844566,179.610641,-90.000237,76.999939,-90.000145,0.053555,0.188070,-0.111247,-0.017663,0.013158,0.027466,
feedback,0.464181,1786441546638,9,Rx,5.000000,25.000000,-0.011130,-5.011130,,,435.910828,-66.845657,179.611145,-89.999886,76.999992,-89.999939,435.910828,-66.844284,179.611023,-90.000000,77.000038,-89.999832,-0.064195,0.003356,-0.127566,0.007837,0.019738,0.006866,
feedback,0.472637,1786441546646,9,Rx,5.000000,25.000000,-0.028242,-5.028242,,,435.910828,-66.845657,179.611145,-89.999886,76.999992,-89.999939,435.910736,-66.844986,179.610916,-90.000000,76.999985,-89.999947,-0.028625,0.108889,-0.084390,-0.008832,0.006579,0.027466,
feedback,0.480261,1786441546654,9,Rx,5.000000,25.000000,-0.004440,-5.004440,,,435.910828,-66.845657,179.611145,-89.999886,76.999992,-89.999939,435.910645,-66.844955,179.610641,-90.000237,77.000000,-90.000114,-0.000279,-0.054718,-0.132835,0.000971,0.019738,-0.000000,
feedback,0.488509,1786441546663,9,Rx,5.000000,25.000000,-0.026762,-5.026762,,,435.910828,-66.845657,179.611145,-89.999886,76.999992,-89.999939,435.910187,-66.844963,179.610825,-90.000237,77.000000,-90.000145,-0.078772,0.093910,0.031444,0.000000,0.000000,0.027466,
feedback,0.496490,1786441546667,9,Rx,5.000000,25.000000,0.000000,-5.000000,,,435.910828,-66.845657,179.611145,-89.999886,76.999992,-89.999939,435.910461,-66.845367,179.610703,-90.000237,77.000000,-90.000229,0.014856,0.031755,-0.026175,-0.000000,-0.000000,0.000000,
feedback,0.504776,1786441546676,9,Rx,5.000000,25.000000,0.022322,-4.977678,,,435.910828,-66.845657,179.611145,-89.999886,76.999992,-89.999939,435.910858,-66.845245,179.610962,-90.000000,76.999985,-90.000000,0.014577,-0.113085,-0.159010,0.000971,0.019738,-0.027466,
feedback,0.512859,1786441546684,9,Rx,5.000000,25.000000,0.020842,-4.979158,,,435.910828,-66.845657,179.611145,-89.999886,76.999992,-89.999939,435.910156,-66.845848,179.610382,-90.000465,76.999977,-90.000511,-0.088317,-0.198453,-0.201503,0.005872,0.026317,-0.027466,
feedback,0.521174,1786441546693,9,Rx,5.000000,25.000000,0.006690,-4.993310,,,435.910828,-66.845657,179.611145,-89.999886,76.999992,-89.999939,435.910461,-66.845566,179.610596,-90.000237,77.000023,-90.000252,0.101638,0.035145,-0.057618,0.013733,-0.000000,-0.006866,
feedback,0.529271,1786441546701,9,Rx,5.000000,25.000000,0.052044,-4.947956,,,435.910828,-66.845657,179.611145,-89.999886,76.999992,-89.999939,435.910400,-66.845673,179.610809,-90.000237,77.000000,-90.000282,-0.068690,-0.364664,0.004587,0.004901,0.006579,-0.054932,
feedback,0.537932,1786441546709,9,Rx,5.000000,25.000000,0.048313,-4.951687,,,435.910828,-66.845657,179.611145,-89.999886,76.999992,-89.999939,435.910858,-66.845650,179.611343,-89.999763,77.000000,-89.999825,0.010271,-0.291232,0.032041,0.008832,-0.006579,-0.048065,
feedback,0.545368,1786441546718,9,Rx,5.000000,25.000000,0.023031,-4.976969,,,435.910828,-66.845657,179.611145,-89.999886,76.999992,-89.999939,435.910492,-66.845749,179.611465,-89.999763,77.000000,-89.999825,-0.096947,-0.178500,0.126969,-0.002936,-0.013158,-0.020599,
feedback,0.553689,1786441546726,9,Rx,5.000000,25.000000,0.011901,-4.988099,,,435.910828,-66.845657,179.611145,-89.999886,76.999992,-89.999939,435.910492,-66.844666,179.611237,-89.999886,76.999992,-89.999779,-0.181665,-0.126640,-0.011050,0.004901,0.006579,-0.013733,
feedback,0.562414,1786441546735,9,Rx,5.000000,25.000000,0.056484,-4.943516,,,435.910828,-66.845657,179.611145,-89.999886,76.999992,-89.999939,435.910767,-66.845924,179.611481,-89.999649,77.000008,-89.999825,0.046917,-0.248181,0.027454,0.010797,-0.013158,-0.054932,
feedback,0.572585,1786441546743,9,Rx,5.000000,25.000000,0.024511,-4.975489,,,435.910828,-66.845657,179.611145,-89.999886,76.999992,-89.999939,435.911133,-66.845673,179.611633,-89.999413,77.000000,-89.999481,0.081221,-0.179919,0.059495,-0.000971,-0.019738,-0.020599,
feedback,0.579071,1786441546752,9,Rx,5.000000,25.000000,-0.036412,-5.036412,,,435.910828,-66.845657,179.611145,-89.999886,76.999992,-89.999939,435.910919,-66.844650,179.610657,-90.000114,76.999947,-90.000008,0.061565,0.240311,-0.111247,-0.017663,0.013158,0.034332,
feedback,0.586596,1786441546760,9,Rx,5.000000,25.000000,0.024511,-4.975489,,,435.910828,-66.845657,179.611145,-89.999886,76.999992,-89.999939,435.910980,-66.844917,179.611237,-89.999763,76.999969,-89.999718,0.055018,-0.105793,0.101392,0.012762,-0.019738,-0.020599,
feedback,0.595250,1786441546769,9,Rx,5.000000,25.000000,-0.063945,-5.063945,,,435.910828,-66.845657,179.611145,-89.999886,76.999992,-89.999939,435.911346,-66.844360,179.611588,-89.999535,77.000015,-89.999352,0.198952,0.448633,0.022185,-0.002936,-0.013159,0.068665,
feedback,0.602707,1786441546777,9,Rx,5.000000,25.000000,0.005920,-4.994080,,,435.910828,-66.845657,179.611145,-89.999886,76.999992,-89.999939,435.910645,-66.844749,179.611557,-89.999649,77.000008,-89.999519,0.026572,-0.019381,0.164876,0.014727,-0.026317,0.000000,
feedback,0.611088,1786441546785,9,Rx,5.000000,25.000000,0.014861,-4.985139,,,435.910828,-66.845657,179.611145,-89.999886,76.999992,-89.999939,435.910553,-66.845253,179.611267,-89.999886,76.999962,-89.999855,0.050326,-0.030029,0.032041,0.001965,-0.006579,-0.013733,
feedback,0.619328,1786441546794,9,Rx,5.000000,25.000000,0.007400,-4.992600,,,435.910828,-66.845657,179.611145,-89.999886,76.999992,-89.999939,435.911163,-66.845039,179.611664,-89.999535,77.000046,-89.999542,0.217413,0.119574,0.202101,0.016692,-0.032896,0.000000,
feedback,0.627350,1786441546798,9,Rx,5.000000,25.000000,-0.023031,-5.023031,,,435.910828,-66.845657,179.611145,-89.999886,76.999992,-89.999939,435.911224,-66.844543,179.611176,-89.999763,77.000000,-89.999687,0.008998,0.124914,-0.121700,-0.010797,0.013158,0.020599,
feedback,0.637231,1786441546807,9,Rx,5.000000,25.000000,0.033452,-4.966548,,,435.910828,-66.845657,179.611145,-89.999886,76.999992,-89.999939,435.910522,-66.845261,179.611084,-90.000000,76.999954,-89.999969,-0.102804,-0.197993,0.031444,-0.006866,-0.000000,-0.034332,
feedback,0.643989,1786441546816,9,Rx,5.000000,25.000000,-0.025991,-5.025991,,,435.910828,-66.845657,179.611145,-89.999886,76.999992,-89.999939,435.910492,-66.844376,179.611038,-90.000000,76.999985,-89.999832,-0.067621,0.183980,-0.185782,-0.014727,0.026317,0.020599,
feedback,0.652054,1786441546825,9,Rx,5.000000,25.000000,0.046833,-4.953167,,,435.910828,-66.845657,179.611145,-89.999886,76.999992,-89.999939,435.911346,-66.845520,179.611450,-89.999649,77.000038,-89.999687,0.067252,-0.328848,-0.020991,0.006866,-0.000000,-0.048065,
feedback,0.660487,1786441546833,9,Rx,5.000000,25.000000,0.008880,-4.991120,,,435.910828,-66.845657,179.611145,-89.999886,76.999992,-89.999939,435.910645,-66.845146,179.611313,-89.999886,76.999962,-89.999802,0.183128,-0.054572,0.223689,0.004924,-0.039475,-0.000000,
feedback,0.668353,1786441546842,9,Rx,5.000000,25.000000,-0.043873,-5.043873,,,435.910828,-66.845657,179.611145,-89.999886,76.999992,-89.999939,435.911072,-66.844315,179.611420,-89.999649,76.999977,-89.999496,0.059602,0.284785,0.043176,-0.009803,-0.013159,0.048065,
feedback,0.677602,1786441546850,9,Rx,5.000000,25.000000,-0.008170,-5.008170,,,435.910828,-66.845657,179.611145,-89.999886,76.999992,-89.999939,435.910675,-66.845108,179.610641,-90.000237,76.999969,-90.000198,0.052478,0.092840,-0.063485,-0.001965,0.006579,0.006866,
feedback,0.684640,1786441546858,9,Rx,5.000000,25.000000,-0.020842,-5.020842,,,435.910828,-66.845657,179.611145,-89.999886,76.999992,-89.999939,435.911224,-66.844269,179.611465,-89.999649,77.000008,-89.999496,0.161419,0.274923,0.133433,0.014727,-0.026317,0.027466,
feedback,0.693063,1786441546868,9,Rx,5.000000,25.000000,-0.033452,-5.033452,,,435.910828,-66.845657,179.611145,-89.999886,76.999992,-89.999939,435.910767,-66.844711,179.611404,-89.999763,76.999969,-89.999634,0.001165,0.140317,0.026175,-0.000000,-0.000000,0.034332,
feedback,0.701210,1786441546872,9,Rx,5.000000,25.000000,-0.008941,-5.008941,,,435.910828,-66.845657,179.611145,-89.999886,76.999992,-89.999939,435.911163,-66.844086,179.611801,-89.999413,77.000000,-89.999237,0.095072,0.155410,0.101392,0.005895,-0.019738,0.013733,
feedback,0.709241,1786441546880,9,Rx,5.000000,25.000000,0.008170,-4.991830,,,435.910828,-66.845657,179.611145,-89.999886,76.999992,-89.999939,435.910614,-66.845322,179.611038,-90.000114,76.999924,-90.000114,0.096048,0.060793,0.068669,-0.018634,-0.006579,-0.006866,
feedback,0.717485,1786441546889,9,Rx,5.000000,25.000000,0.037183,-4.962817,,,435.910828,-66.845657,179.611145,-89.999886,76.999992,-89.999939,435.910645,-66.845413,179.611023,-90.000000,76.999985,-90.000000,-0.002521,-0.245205,-0.111247,-0.003930,0.013158,-0.041199,
feedback,0.726046,1786441546897,9,Rx,5.000000,25.000000,-0.057254,-5.057254,,,435.910828,-66.845657,179.611145,-89.999886,76.999992,-89.999939,435.910553,-66.844086,179.610504,-90.000351,76.999931,-90.000092,0.084800,0.446641,0.069351,-0.002936,-0.013159,0.061798,
feedback,0.733903,1786441546906,9,Rx,5.000000,25.000000,0.008170,-4.991830,,,435.910828,-66.845657,179.611145,-89.999886,76.999992,-89.999939,435.910614,-66.844650,179.611267,-89.999886,77.000023,-89.999748,-0.036457,-0.033420,0.063484,0.008832,-0.006579,-0.006866,
feedback,0.742053,1786441546914,9,Rx,5.000000,25.000000,0.026762,-4.973238,,,435.910828,-66.845657,179.611145,-89.999886,76.999992,-89.999939,435.910522,-66.845146,179.610886,-90.000114,77.000008,-90.000084,-0.051402,-0.132792,0.015722,0.006866,0.000000,-0.027466,
feedback,0.750038,1786441546922,9,Rx,5.000000,25.000000,-0.011191,-5.011191,,,435.910828,-66.845657,179.611145,-89.999886,76.999992,-89.999939,435.910919,-66.844536,179.611679,-89.999535,76.999962,-89.999435,0.079329,0.173238,0.234227,0.004924,-0.039475,0.020599,
feedback,0.760273,1786441546931,9,Rx,5.000000,25.000000,-0.009650,-5.009650,,,435.910828,-66.845657,179.611145,-89.999886,76.999992,-89.999939,435.910889,-66.844963,179.611145,-89.999886,76.999962,-89.999802,-0.007024,0.020432,-0.121700,0.002936,0.013158,0.006866,
feedback,0.766455,1786441546939,9,Rx,5.000000,25.000000,-0.011131,-5.011131,,,435.910828,-66.845657,179.611145,-89.999886,76.999992,-89.999939,435.910797,-66.844589,179.611099,-89.999886,76.999962,-89.999748,-0.041328,0.064821,-0.153741,-0.012762,0.019738,0.006866,
feedback,0.774590,1786441546948,9,Rx,5.000000,25.000000,-0.011840,-5.011840,,,435.910828,-66.845657,179.611145,-89.999886,76.999992,-89.999939,435.910187,-66.845375,179.610382,-90.000465,76.999954,-90.000404,-0.383247,-0.196423,-0.272048,-0.015721,0.052634,-0.000000,
feedback,0.782993,1786441546956,9,Rx,5.000000,25.000000,0.009650,-4.990350,,,435.910828,-66.845657,179.611145,-89.999886,76.999992,-89.999939,435.911041,-66.845222,179.611176,-89.999763,77.000000,-89.999718,0.126855,-0.066593,0.022185,0.017663,-0.013158,-0.006866,
feedback,0.791385,1786441546964,9,Rx,5.000000,25.000000,-0.002250,-5.002250,,,435.910828,-66.845657,179.611145,-89.999886,76.999992,-89.999939,435.910706,-66.844818,179.611313,-89.999886,76.999992,-89.999779,-0.022588,0.015784,0.159010,0.005895,-0.019738,0.006866,
feedback,0.799438,1786441546973,9,Rx,5.000000,25.000000,0.010421,-4.989579,,,435.910828,-66.845657,179.611145,-89.999886,76.999992,-89.999939,435.910248,-66.845154,179.610870,-90.000237,77.000000,-90.000145,-0.210301,-0.162510,-0.006463,-0.010797,0.013158,-0.013733,
feedback,0.807887,1786441546981,9,Rx,5.000000,25.000000,-0.023802,-5.023802,,,435.910828,-66.845657,179.611145,-89.999886,76.999992,-89.999939,435.910889,-66.845169,179.611343,-89.999763,77.000031,-89.999718,-0.021512,0.111014,0.111247,0.010797,-0.013158,0.027466,
feedback,0.815808,1786441546990,9,Rx,5.000000,25.000000,0.002960,-4.997040,,,435.910828,-66.845657,179.611145,-89.999886,76.999992,-89.999939,435.910400,-66.844986,179.610855,-90.000114,77.000008,-90.000061,0.000190,0.054691,0.058898,0.010797,-0.013158,-0.000000,
feedback,0.825261,1786441546998,9,Rx,5.000000,25.000000,0.003730,-4.996270,,,435.910828,-66.845657,179.611145,-89.999886,76.999992,-89.999939,435.909912,-66.845840,179.610458,-90.000587,76.999969,-90.000595,-0.114342,-0.056683,-0.011732,0.002936,0.013158,-0.006866,
feedback,0.832229,1786441547006,9,Rx,5.000000,25.000000,-0.033452,-5.033452,,,435.910828,-66.845657,179.611145,-89.999886,76.999992,-89.999939,435.910736,-66.844505,179.610931,-90.000114,76.999947,-89.999977,0.016021,0.172072,-0.000000,-0.006866,-0.000000,0.034332,
feedback,0.840620,1786441547015,9,Rx,5.000000,25.000000,-0.041623,-5.041623,,,435.910828,-66.845657,179.611145,-89.999886,76.999992,-89.999939,435.910553,-66.844444,179.610809,-90.000237,77.000000,-90.000092,0.012595,0.330166,-0.058216,-0.008832,0.006579,0.041199,
feedback,0.848893,1786441547023,9,Rx,5.000000,25.000000,0.008170,-4.991830,,,435.910828,-66.845657,179.611145,-89.999886,76.999992,-89.999939,435.910614,-66.845139,179.610748,-90.000237,77.000000,-90.000175,-0.002242,-0.077835,0.021588,0.022565,-0.006579,-0.006866,
feedback,0.856805,1786441547032,9,Rx,5.000000,25.000000,-0.006690,-5.006690,,,435.910828,-66.845657,179.611145,-89.999886,76.999992,-89.999939,435.911224,-66.844772,179.611313,-89.999763,77.000031,-89.999664,0.158709,0.042617,-0.036712,-0.000000,-0.000000,0.006866,
feedback,0.865805,1786441547036,9,Rx,5.000000,25.000000,0.017111,-4.982889,,,435.910828,-66.845657,179.611145,-89.999886,76.999992,-89.999939,435.910645,-66.845215,179.611130,-90.000000,76.999985,-89.999969,-0.144042,-0.110615,-0.048360,-0.010797,0.013158,-0.020599,
feedback,0.873326,1786441547044,9,Rx,5.000000,25.000000,-0.000710,-5.000710,,,435.910828,-66.845657,179.611145,-89.999886,76.999992,-89.999939,435.909943,-66.845230,179.609787,-90.000938,76.999924,-90.000854,-0.236773,-0.065934,-0.186378,-0.009826,0.032896,-0.006866,
feedback,0.881841,1786441547053,9,Rx,5.000000,25.000000,0.029722,-4.970278,,,435.910828,-66.845657,179.611145,-89.999886,76.999992,-89.999939,435.910797,-66.845757,179.610962,-90.000000,76.999985,-90.000084,0.098320,-0.115389,0.011732,0.003930,-0.013158,-0.027466,
feedback,0.890154,1786441547061,9,Rx,5.000000,25.000000,0.035703,-4.964297,,,435.910828,-66.845657,179.611145,-89.999886,76.999992,-89.999939,435.910461,-66.845436,179.610504,-90.000351,76.999931,-90.000397,-0.020804,-0.141396,-0.143288,-0.012762,0.019738,-0.041199,
feedback,0.897580,1786441547069,9,Rx,5.000000,25.000000,0.037892,-4.962108,,,435.910828,-66.845657,179.611145,-89.999886,76.999992,-89.999939,435.910767,-66.845383,179.611481,-89.999649,76.999977,-89.999657,-0.082001,-0.191779,0.174732,0.012762,-0.019738,-0.034332,
feedback,0.906599,1786441547078,9,Rx,5.000000,25.000000,-0.004501,-5.004501,,,435.910828,-66.845657,179.611145,-89.999886,76.999992,-89.999939,435.910614,-66.844841,179.611359,-89.999763,77.000000,-89.999664,0.062142,0.063622,0.208052,0.025524,-0.039475,0.013733,
feedback,0.914107,1786441547087,9,Rx,5.000000,25.000000,0.052753,-4.947247,,,435.910828,-66.845657,179.611145,-89.999886,76.999992,-89.999939,435.911560,-66.845032,179.612106,-89.999184,77.000069,-89.999199,0.082476,-0.242348,0.159608,0.014727,-0.026317,-0.048065,
feedback,0.922368,1786441547096,9,Rx,5.000000,25.000000,0.008941,-4.991059,,,435.910828,-66.845657,179.611145,-89.999886,76.999992,-89.999939,435.910797,-66.844994,179.610580,-90.000237,76.999916,-90.000145,0.006566,-0.097734,-0.159010,-0.005895,0.019738,-0.013733,
feedback,0.930313,1786441547105,9,Rx,5.000000,25.000000,-0.026762,-5.026762,,,435.910828,-66.845657,179.611145,-89.999886,76.999992,-89.999939,435.910522,-66.844589,179.610703,-90.000237,76.999969,-90.000061,0.044557,0.130747,0.010453,0.000000,0.000000,0.027466,
feedback,0.939382,1786441547113,9,Rx,5.000000,25.000000,0.000770,-4.999230,,,435.910828,-66.845657,179.611145,-89.999886,76.999992,-89.999939,435.910461,-66.845680,179.611084,-90.000000,76.999954,-90.000031,-0.066627,-0.151700,-0.164876,-0.007861,0.026317,-0.006866,
feedback,0.946510,1786441547117,9,Rx,5.000000,25.000000,-0.046833,-5.046833,,,435.910828,-66.845657,179.611145,-89.999886,76.999992,-89.999939,435.910950,-66.844345,179.610962,-90.000000,77.000015,-89.999832,0.126836,0.332184,-0.031444,0.013733,0.000000,0.048065,
feedback,0.954986,1786441547126,9,Rx,5.000000,25.000000,-0.009711,-5.009711,,,435.910828,-66.845657,179.611145,-89.999886,76.999992,-89.999939,435.911133,-66.844978,179.611359,-89.999649,77.000008,-89.999603,0.346611,0.253072,0.187659,0.006890,-0.046055,0.020599,
feedback,0.962738,1786441547134,9,Rx,5.000000,25.000000,-0.007400,-5.007400,,,435.910828,-66.845657,179.611145,-89.999886,76.999992,-89.999939,435.910278,-66.845329,179.610474,-90.000351,77.000015,-90.000313,-0.122621,-0.063943,-0.233544,0.003907,0.032896,-0.000000,
feedback,0.971275,1786441547143,9,Rx,5.000000,25.000000,0.020071,-4.979929,,,435.910828,-66.845657,179.611145,-89.999886,76.999992,-89.999939,435.911163,-66.845039,179.611664,-89.999535,76.999962,-89.999542,-0.035380,-0.050841,0.015722,0.000000,0.000000,-0.020599,
feedback,0.979484,1786441547151,9,Rx,5.000000,25.000000,0.000770,-4.999230,,,435.910828,-66.845657,179.611145,-89.999886,76.999992,-89.999939,435.910400,-66.845490,179.610504,-90.000351,76.999992,-90.000343,-0.138553,-0.145867,-0.159607,0.005872,0.026317,-0.006866,
feedback,0.987771,1786441547159,9,Rx,5.000000,25.000000,0.028242,-4.971758,,,435.910828,-66.845657,179.611145,-89.999886,76.999992,-89.999939,435.911163,-66.844757,179.610977,-89.999886,77.000023,-89.999832,0.057171,-0.073045,0.005866,0.008832,-0.006579,-0.027466,
feedback,0.995862,1786441547168,9,Rx,5.000000,25.000000,-0.007461,-5.007461,,,435.910828,-66.845657,179.611145,-89.999886,76.999992,-89.999939,435.911316,-66.844528,179.611206,-89.999763,77.000031,-89.999664,0.180778,0.153692,0.117711,0.021594,-0.026317,0.013733,
feedback,1.004410,1786441547176,9,Rx,5.000000,25.000000,-0.034162,-5.034162,,,435.910828,-66.845657,179.611145,-89.999886,76.999992,-89.999939,435.910461,-66.844673,179.610123,-90.000587,76.999969,-90.000458,-0.080235,0.230060,-0.181195,-0.002959,0.032896,0.027466,
feedback,1.012298,1786441547185,9,Rx,5.000000,25.000000,-0.001541,-5.001541,,,435.910828,-66.845657,179.611145,-89.999886,76.999992,-89.999939,435.910858,-66.844376,179.611298,-89.999763,77.000053,-89.999611,0.206184,0.106646,0.256412,0.022588,-0.052634,0.013733,
feedback,1.020672,1786441547193,9,Rx,5.000000,25.000000,0.041623,-4.958377,,,435.910828,-66.845657,179.611145,-89.999886,76.999992,-89.999939,435.910889,-66.845261,179.611343,-89.999763,77.000000,-89.999748,0.018282,-0.238991,0.032041,0.001965,-0.006579,-0.041199,
feedback,1.028503,1786441547201,9,Rx,5.000000,25.000000,-0.021551,-5.021551,,,435.910828,-66.845657,179.611145,-89.999886,76.999992,-89.999939,435.910797,-66.844757,179.611023,-90.000000,76.999985,-89.999947,0.033120,0.214071,-0.047763,-0.001965,0.006579,0.020599,
feedback,1.037318,1786441547210,9,Rx,5.000000,25.000000,0.003730,-4.996270,,,435.910828,-66.845657,179.611145,-89.999886,76.999992,-89.999939,435.911255,-66.845306,179.611206,-89.999763,76.999969,-89.999825,0.152851,0.023124,-0.132238,-0.017663,0.013158,-0.006866,
feedback,1.044685,1786441547218,9,Rx,5.000000,25.000000,-0.031972,-5.031972,,,435.910828,-66.845657,179.611145,-89.999886,76.999992,-89.999939,435.911194,-66.845070,179.611023,-89.999886,77.000023,-89.999832,0.180499,0.166565,-0.015125,0.001965,-0.006579,0.034332,
feedback,1.052830,1786441547227,9,Rx,5.000000,25.000000,-0.013381,-5.013381,,,435.910828,-66.845657,179.611145,-89.999886,76.999992,-89.999939,435.910767,-66.844688,179.611206,-89.999886,76.999992,-89.999779,-0.006845,0.043016,0.026175,-0.006866,-0.000000,0.013733,
feedback,1.061280,1786441547235,9,Rx,5.000000,25.000000,0.046124,-4.953876,,,435.910828,-66.845657,179.611145,-89.999886,76.999992,-89.999939,435.910492,-66.845337,179.610703,-90.000237,76.999939,-90.000252,0.001874,-0.179683,-0.228360,-0.023559,0.032896,-0.054932,
feedback,1.069240,1786441547243,9,Rx,5.000000,25.000000,0.004440,-4.995560,,,435.910828,-66.845657,179.611145,-89.999886,76.999992,-89.999939,435.910736,-66.845078,179.611206,-89.999886,76.999992,-89.999855,0.108751,0.059800,0.138019,0.005895,-0.019738,0.000000,
feedback,1.077812,1786441547252,9,Rx,5.000000,25.000000,0.005210,-4.994790,,,435.910828,-66.845657,179.611145,-89.999886,76.999992,-89.999939,435.911072,-66.844894,179.610886,-90.000000,76.999954,-89.999947,0.081014,0.028985,-0.053032,-0.008832,0.006579,-0.006866,
feedback,1.086808,1786441547260,9,Rx,5.000000,25.000000,0.024511,-4.975489,,,435.910828,-66.845657,179.611145,-89.999886,76.999992,-89.999939,435.911377,-66.845001,179.611679,-89.999413,77.000053,-89.999405,0.083553,-0.124587,0.111845,0.019628,-0.019738,-0.020599,
feedback,1.094259,1786441547269,9,Rx,5.000000,25.000000,-0.018591,-5.018591,,,435.910828,-66.845657,179.611145,-89.999886,76.999992,-89.999939,435.910980,-66.844521,179.611435,-89.999763,76.999947,-89.999664,0.067513,0.169709,0.058216,-0.004901,-0.006579,0.020599,
feedback,1.101987,1786441547273,9,Rx,5.000000,25.000000,0.031972,-4.968028,,,435.910828,-66.845657,179.611145,-89.999886,76.999992,-89.999939,435.910522,-66.845551,179.611267,-89.999886,76.999962,-89.999916,-0.118915,-0.257440,-0.042494,0.004901,0.006579,-0.034332,
feedback,1.110219,1786441547282,9,Rx,5.000000,25.000000,-0.004440,-5.004440,,,435.910828,-66.845657,179.611145,-89.999886,76.999992,-89.999939,435.910645,-66.845314,179.610641,-90.000237,76.999939,-90.000229,0.015743,0.004702,-0.132835,-0.005895,0.019738,0.000000,
feedback,1.118301,1786441547291,9,Rx,5.000000,25.000000,0.028242,-4.971758,,,435.910828,-66.845657,179.611145,-89.999886,76.999992,-89.999939,435.910461,-66.845497,179.611084,-90.000000,76.999985,-89.999969,0.010271,-0.223640,0.032041,0.008832,-0.006579,-0.027466,
feedback,1.126410,1786441547299,9,Rx,5.000000,25.000000,0.025991,-4.974009,,,435.910828,-66.845657,179.611145,-89.999886,76.999992,-89.999939,435.910950,-66.845108,179.611343,-89.999763,77.000000,-89.999771,0.071129,-0.046346,0.175329,0.007861,-0.026317,-0.020599,
feedback,1.134536,1786441547308,9,Rx,5.000000,25.000000,0.004440,-4.995560,,,435.910828,-66.845657,179.611145,-89.999886,76.999992,-89.999939,435.910889,-66.844658,179.610764,-90.000114,76.999977,-90.000008,0.071040,0.021219,0.101392,0.005895,-0.019738,-0.000000,
feedback,1.142705,1786441547316,9,Rx,5.000000,25.000000,-0.086206,-5.086206,,,435.910828,-66.845657,179.611145,-89.999886,76.999992,-89.999939,435.910400,-66.844398,179.610764,-90.000237,76.999969,-90.000061,-0.111013,0.373793,-0.170060,-0.000994,0.026317,0.082397,
feedback,1.151167,1786441547325,9,Rx,5.000000,25.000000,0.020071,-4.979929,,,435.910828,-66.845657,179.611145,-89.999886,76.999992,-89.999939,435.910858,-66.845131,179.610764,-90.000114,76.999947,-90.000114,0.029712,-0.004082,-0.052350,-0.000000,-0.000000,-0.020599,
feedback,1.159477,1786441547333,9,Rx,5.000000,25.000000,-0.002250,-5.002250,,,435.910828,-66.845657,179.611145,-89.999886,76.999992,-89.999939,435.910645,-66.845123,179.611130,-90.000000,76.999985,-89.999947,0.145298,0.093246,0.148472,0.005895,-0.019738,0.006866,
feedback,1.167429,1786441547341,9,Rx,5.000000,25.000000,-0.006690,-5.006690,,,435.910828,-66.845657,179.611145,-89.999886,76.999992,-89.999939,435.910492,-66.845558,179.611084,-90.000000,76.999985,-90.000031,-0.028535,0.041325,-0.010453,-0.000000,0.000000,0.006866,
feedback,1.175723,1786441547350,9,Rx,5.000000,25.000000,-0.012671,-5.012671,,,435.910828,-66.845657,179.611145,-89.999886,76.999992,-89.999939,435.910919,-66.845337,179.611526,-89.999649,76.999977,-89.999657,0.112278,0.046492,0.181195,0.009826,-0.032896,0.020599,
feedback,1.183993,1786441547358,9,Rx,5.000000,25.000000,0.023031,-4.976969,,,435.910828,-66.845657,179.611145,-89.999886,76.999992,-89.999939,435.911041,-66.844925,179.611191,-89.999886,77.000023,-89.999802,0.049249,-0.080198,0.079804,0.010797,-0.013158,-0.020599,
feedback,1.191847,1786441547367,9,Rx,5.000000,25.000000,0.016341,-4.983659,,,435.910828,-66.845657,179.611145,-89.999886,76.999992,-89.999939,435.910858,-66.845352,179.611145,-89.999886,76.999992,-89.999886,0.062939,-0.053579,0.027454,0.010797,-0.013158,-0.013733,
feedback,1.200435,1786441547375,9,Rx,5.000000,25.000000,0.040913,-4.959087,,,435.910828,-66.845657,179.611145,-89.999886,76.999992,-89.999939,435.910767,-66.845581,179.610764,-90.000114,77.000008,-90.000145,-0.051771,-0.255128,-0.191051,-0.007861,0.026317,-0.048065,
feedback,1.208468,1786441547383,9,Rx,5.000000,25.000000,-0.014861,-5.014861,,,435.910828,-66.845657,179.611145,-89.999886,76.999992,-89.999939,435.910858,-66.845154,179.611252,-89.999886,77.000023,-89.999855,0.090190,0.153952,-0.026857,-0.001965,0.006579,0.013733,
feedback,1.216731,1786441547388,9,Rx,5.000000,25.000000,0.002960,-4.997040,,,435.910828,-66.845657,179.611145,-89.999886,76.999992,-89.999939,435.911041,-66.845314,179.611465,-89.999649,77.000008,-89.999634,0.048083,-0.040273,0.053629,-0.002936,-0.013158,-0.000000,
feedback,1.224900,1786441547396,9,Rx,5.000000,25.000000,0.004440,-4.995560,,,435.910828,-66.845657,179.611145,-89.999886,76.999992,-89.999939,435.911011,-66.844910,179.611725,-89.999535,76.999992,-89.999489,0.108751,0.059800,0.138019,-0.000971,-0.019738,-0.000000,
feedback,1.233066,1786441547405,9,Rx,5.000000,25.000000,0.008170,-4.991830,,,435.910828,-66.845657,179.611145,-89.999886,76.999992,-89.999939,435.910889,-66.845261,179.611038,-89.999886,76.999992,-89.999855,0.031972,-0.122250,-0.020309,0.001965,-0.006579,-0.006866,
feedback,1.241460,1786441547414,9,Rx,5.000000,25.000000,0.051273,-4.948727,,,435.910828,-66.845657,179.611145,-89.999886,76.999992,-89.999939,435.911133,-66.845360,179.611252,-89.999649,77.000038,-89.999687,0.001284,-0.293916,0.064764,0.012762,-0.019738,-0.048065,
feedback,1.249789,1786441547422,9,Rx,5.000000,25.000000,0.002190,-4.997810,,,435.910828,-66.845657,179.611145,-89.999886,76.999992,-89.999939,435.910675,-66.845314,179.611206,-89.999886,76.999962,-89.999855,0.031264,-0.050084,0.234227,-0.008809,-0.039475,0.006866,
feedback,1.259631,1786441547430,9,Rx,5.000000,25.000000,0.002250,-4.997750,,,435.910828,-66.845657,179.611145,-89.999886,76.999992,-89.999939,435.910828,-66.845055,179.610580,-90.000237,77.000000,-90.000198,-0.020803,-0.028744,-0.143288,0.014704,0.019738,-0.006866,
feedback,1.265995,1786441547439,9,Rx,5.000000,25.000000,0.010421,-4.989579,,,435.910828,-66.845657,179.611145,-89.999886,76.999992,-89.999939,435.910217,-66.845741,179.610764,-90.000237,77.000000,-90.000252,-0.174921,-0.179259,-0.022185,-0.003930,0.013158,-0.013733,
feedback,1.274183,1786441547447,9,Rx,5.000000,25.000000,-0.006690,-5.006690,,,435.910828,-66.845657,179.611145,-89.999886,76.999992,-89.999939,435.910889,-66.844582,179.610962,-90.000000,76.999985,-89.999832,0.078771,0.018741,-0.031444,0.013733,0.000000,0.006866,
feedback,1.282694,1786441547456,9,Rx,5.000000,25.000000,0.011130,-4.988870,,,435.910828,-66.845657,179.611145,-89.999886,76.999992,-89.999939,435.910736,-66.845078,179.611206,-89.999886,76.999992,-89.999855,0.071040,-0.001312,0.101392,0.012762,-0.019738,-0.006866,
feedback,1.290586,1786441547464,9,Rx,5.000000,25.000000,-0.004440,-5.004440,,,435.910828,-66.845657,179.611145,-89.999886,76.999992,-89.999939,435.910492,-66.844978,179.610397,-90.000351,76.999962,-90.000259,-0.048173,0.040246,-0.127566,-0.005895,0.019738,-0.000000,
feedback,1.299563,1786441547473,9,Rx,5.000000,25.000000,0.011131,-4.988869,,,435.910828,-66.845657,179.611145,-89.999886,76.999992,-89.999939,435.910767,-66.845383,179.611481,-89.999649,76.999977,-89.999657,-0.015743,-0.027233,0.132835,-0.000971,-0.019738,-0.006866,
feedback,1.307384,1786441547481,9,Rx,5.000000,25.000000,-0.065425,-5.065425,,,435.910828,-66.845657,179.611145,-89.999886,76.999992,-89.999939,435.910980,-66.844162,179.611145,-89.999886,76.999992,-89.999664,0.126925,0.399802,0.042494,0.001965,-0.006579,0.068665,
feedback,1.317069,1786441547489,9,Rx,5.000000,25.000000,0.057964,-4.942036,,,435.910828,-66.845657,179.611145,-89.999886,76.999992,-89.999939,435.910431,-66.845879,179.610977,-90.000000,76.999901,-90.000053,-0.029594,-0.407621,0.090939,-0.014704,-0.019738,-0.054932,
feedback,1.324530,1786441547498,9,Rx,5.000000,25.000000,0.014151,-4.985849,,,435.910828,-66.845657,179.611145,-89.999886,76.999992,-89.999939,435.910461,-66.845566,179.610886,-90.000114,77.000008,-90.000145,-0.122531,-0.131507,-0.159607,-0.000994,0.026317,-0.020599,
feedback,1.331901,1786441547506,9,Rx,5.000000,25.000000,-0.001480,-5.001480,,,435.910828,-66.845657,179.611145,-89.999886,76.999992,-89.999939,435.910614,-66.844925,179.611267,-89.999886,76.999962,-89.999832,-0.041149,0.042344,-0.005866,0.004901,0.006579,0.000000,
feedback,1.340607,1786441547515,9,Rx,5.000000,25.000000,-0.031202,-5.031202,,,435.910828,-66.845657,179.611145,-89.999886,76.999992,-89.999939,435.910431,-66.844574,179.610947,-90.000114,76.999977,-90.000008,-0.090398,0.145072,-0.085670,-0.005895,0.019738,0.027466,
feedback,1.348126,1786441547523,9,Rx,5.000000,25.000000,0.008170,-4.991830,,,435.910828,-66.845657,179.611145,-89.999886,76.999992,-89.999939,435.910858,-66.844955,179.611053,-90.000000,76.999931,-89.999947,0.051491,0.020167,0.058216,-0.018634,-0.006579,-0.006866,
feedback,1.356636,1786441547527,9,Rx,5.000000,25.000000,-0.000000,-5.000000,,,435.910828,-66.845657,179.611145,-89.999886,76.999992,-89.999939,435.911011,-66.845024,179.610992,-90.000000,76.999954,-89.999947,0.035380,-0.016750,-0.015722,0.006866,0.000000,-0.000000,
feedback,1.364897,1786441547536,9,Rx,5.000000,25.000000,0.014091,-4.985909,,,435.910828,-66.845657,179.611145,-89.999886,76.999992,-89.999939,435.911194,-66.845367,179.611832,-89.999298,77.000031,-89.999313,0.171691,0.028751,0.165474,0.016692,-0.032896,-0.006866,
feedback,1.373520,1786441547544,9,Rx,5.000000,25.000000,0.025282,-4.974718,,,435.910828,-66.845657,179.611145,-89.999886,76.999992,-89.999939,435.910492,-66.845177,179.610886,-90.000114,76.999947,-90.000061,-0.102893,-0.175489,-0.042494,-0.008832,0.006579,-0.027466,
feedback,1.382516,1786441547552,9,Rx,5.000000,25.000000,0.001480,-4.998520,,,435.910828,-66.845657,179.611145,-89.999886,76.999992,-89.999939,435.911011,-66.844513,179.611038,-89.999886,76.999962,-89.999779,0.101728,0.057702,0.016319,0.001965,-0.006579,0.000000,
feedback,1.389175,1786441547561,9,Rx,5.000000,25.000000,-0.008941,-5.008941,,,435.910828,-66.845657,179.611145,-89.999886,76.999992,-89.999939,435.910797,-66.844810,179.610870,-90.000114,76.999947,-89.999977,0.099575,0.047485,0.111845,0.026495,-0.019738,0.013733,
feedback,1.397794,1786441547569,9,Rx,5.000000,25.000000,-0.037122,-5.037122,,,435.910828,-66.845657,179.611145,-89.999886,76.999992,-89.999939,435.910309,-66.844635,179.610184,-90.000587,76.999916,-90.000435,-0.051879,0.211213,-0.318617,-0.020623,0.046055,0.027466,
feedback,1.406054,1786441547577,9,Rx,5.000000,25.000000,-0.006690,-5.006690,,,435.910828,-66.845657,179.611145,-89.999886,76.999992,-89.999939,435.911072,-66.844711,179.610886,-90.000000,76.999954,-89.999893,0.122163,0.031702,-0.047166,0.006866,0.000000,0.006866,
feedback,1.413792,1786441547586,9,Rx,5.000000,25.000000,0.010421,-4.989579,,,435.910828,-66.845657,179.611145,-89.999886,76.999992,-89.999939,435.910919,-66.845848,179.610886,-90.000000,76.999985,-90.000053,0.050047,-0.084747,-0.100794,0.002936,0.013158,-0.013733,
feedback,1.421888,1786441547594,9,Rx,5.000000,25.000000,0.005920,-4.994080,,,435.910828,-66.845657,179.611145,-89.999886,76.999992,-89.999939,435.911285,-66.844627,179.612228,-89.999184,76.999985,-89.999123,0.197965,0.195718,0.143886,-0.012739,-0.026317,-0.000000,
feedback,1.430460,1786441547603,9,Rx,5.000000,25.000000,-0.039372,-5.039372,,,435.910828,-66.845657,179.611145,-89.999886,76.999992,-89.999939,435.910400,-66.844513,179.610947,-90.000114,76.999924,-89.999947,-0.156746,0.093151,-0.117711,-0.021594,0.026317,0.034332,
feedback,1.438939,1786441547612,9,Rx,5.000000,25.000000,0.017821,-4.982179,,,435.910828,-66.845657,179.611145,-89.999886,76.999992,-89.999939,435.910522,-66.845436,179.610779,-90.000114,76.999977,-90.000145,0.063029,-0.053552,0.101391,0.005895,-0.019738,-0.013733,
feedback,1.446647,1786441547620,9,Rx,5.000000,25.000000,-0.050503,-5.050503,,,435.910828,-66.845657,179.611145,-89.999886,76.999992,-89.999939,435.910645,-66.844955,179.610931,-90.000114,76.999977,-90.000008,-0.124981,0.179804,-0.250546,-0.000023,0.046055,0.041199,
feedback,1.455190,1786441547629,9,Rx,5.000000,25.000000,0.067675,-4.932325,,,435.910828,-66.845657,179.611145,-89.999886,76.999992,-89.999939,435.909943,-66.846405,179.610626,-90.000351,76.999931,-90.000481,-0.257380,-0.515931,-0.128163,-0.014727,0.026317,-0.075531,
feedback,1.463082,1786441547637,9,Rx,5.000000,25.000000,-0.053524,-5.053524,,,435.910828,-66.845657,179.611145,-89.999886,76.999992,-89.999939,435.910736,-66.844521,179.611023,-90.000000,76.999954,-89.999832,0.054910,0.360548,-0.026175,-0.000000,0.000000,0.054932,
feedback,1.471260,1786441547645,9,Rx,5.000000,25.000000,-0.039372,-5.039372,,,435.910828,-66.845657,179.611145,-89.999886,76.999992,-89.999939,435.910431,-66.845085,179.610611,-90.000351,76.999908,-90.000290,-0.140724,0.152571,-0.117710,-0.035326,0.026317,0.034332,
feedback,1.480288,1786441547654,9,Rx,5.000000,25.000000,0.025991,-4.974009,,,435.910828,-66.845657,179.611145,-89.999886,76.999992,-89.999939,435.910706,-66.845306,179.611404,-89.999763,77.000000,-89.999748,-0.032841,-0.159353,0.180598,0.014727,-0.026317,-0.020599,
feedback,1.488200,1786441547662,9,Rx,5.000000,25.000000,-0.011901,-5.011901,,,435.910828,-66.845657,179.611145,-89.999886,76.999992,-89.999939,435.911072,-66.844986,179.611481,-89.999763,76.999969,-89.999748,0.060668,0.145134,0.084391,-0.004901,-0.006579,0.013733,
feedback,1.495979,1786441547670,9,Rx,5.000000,25.000000,0.012611,-4.987389,,,435.910828,-66.845657,179.611145,-89.999886,76.999992,-89.999939,435.910858,-66.844360,179.611511,-89.999763,77.000000,-89.999634,0.093996,0.060180,0.149154,0.007861,-0.026317,-0.006866,
feedback,1.506993,1786441547679,9,Rx,5.000000,25.000000,-0.019301,-5.019301,,,435.910828,-66.845657,179.611145,-89.999886,76.999992,-89.999939,435.910645,-66.845436,179.610291,-90.000465,76.999977,-90.000427,0.067055,0.092407,-0.222495,-0.007861,0.026317,0.013733,
feedback,1.512181,1786441547683,9,Rx,5.000000,25.000000,0.009650,-4.990350,,,435.910828,-66.845657,179.611145,-89.999886,76.999992,-89.999939,435.911041,-66.845390,179.611374,-89.999763,77.000031,-89.999802,0.180589,0.031409,0.058813,0.003930,-0.013158,-0.006866,
feedback,1.520587,1786441547691,9,Rx,5.000000,25.000000,-0.042332,-5.042332,,,435.910828,-66.845657,179.611145,-89.999886,76.999992,-89.999939,435.910522,-66.844986,179.610458,-90.000465,76.999977,-90.000343,-0.127224,0.101969,-0.228958,-0.011791,0.039475,0.034332,
feedback,1.528751,1786441547700,9,Rx,5.000000,25.000000,-0.009650,-5.009650,,,435.910828,-66.845657,179.611145,-89.999886,76.999992,-89.999939,435.911072,-66.844696,179.610992,-90.000000,76.999954,-89.999916,0.109460,0.055225,-0.116516,-0.003930,0.013158,0.006866,
feedback,1.536844,1786441547709,9,Rx,5.000000,25.000000,0.002960,-4.997040,,,435.910828,-66.845657,179.611145,-89.999886,76.999992,-89.999939,435.910248,-66.845139,179.611298,-89.999886,77.000023,-89.999832,-0.155183,-0.100986,0.079888,-0.002936,-0.013158,-0.000000,
feedback,1.545735,1786441547717,9,Rx,5.000000,25.000000,-0.044583,-5.044583,,,435.910828,-66.845657,179.611145,-89.999886,76.999992,-89.999939,435.910370,-66.844612,179.610764,-90.000237,76.999916,-90.000092,-0.033317,0.207183,-0.153741,-0.033361,0.019738,0.041199,
feedback,1.553712,1786441547726,9,Rx,5.000000,25.000000,-0.037183,-5.037183,,,435.910828,-66.845657,179.611145,-89.999886,76.999992,-89.999939,435.910553,-66.844284,179.610992,-90.000114,77.000008,-89.999893,0.009366,0.247249,0.085072,0.010797,-0.013158,0.041199,
feedback,1.561424,1786441547734,9,Rx,5.000000,25.000000,-0.002960,-5.002960,,,435.910828,-66.845657,179.611145,-89.999886,76.999992,-89.999939,435.910706,-66.844917,179.611130,-90.000000,76.999985,-89.999916,-0.057260,-0.017103,-0.079804,-0.003930,0.013158,-0.000000,
feedback,1.569268,1786441547742,9,Rx,5.000000,25.000000,0.013381,-4.986619,,,435.910828,-66.845657,179.611145,-89.999886,76.999992,-89.999939,435.910614,-66.845139,179.610748,-90.000237,77.000023,-90.000175,0.086782,-0.019140,-0.031444,0.020599,0.000000,-0.013733,
feedback,1.578413,1786441547751,9,Rx,5.000000,25.000000,-0.010421,-5.010421,,,435.910828,-66.845657,179.611145,-89.999886,76.999992,-89.999939,435.910614,-66.845032,179.610840,-90.000237,76.999969,-90.000175,-0.028357,0.063908,0.137422,0.003930,-0.013158,0.013733,
feedback,1.585773,1786441547759,9,Rx,5.000000,25.000000,-0.002960,-5.002960,,,435.910828,-66.845657,179.611145,-89.999886,76.999992,-89.999939,435.910919,-66.845116,179.611145,-89.999886,77.000023,-89.999886,-0.005858,0.025568,-0.095525,-0.003930,0.013158,0.000000,
feedback,1.593977,1786441547768,9,Rx,5.000000,25.000000,0.008170,-4.991830,,,435.910828,-66.845657,179.611145,-89.999886,76.999992,-89.999939,435.910706,-66.844513,179.611649,-89.999649,77.000061,-89.999519,-0.035291,-0.005754,0.089659,0.015698,-0.006579,-0.006866,
feedback,1.601880,1786441547776,9,Rx,5.000000,25.000000,-0.027532,-5.027532,,,435.910828,-66.845657,179.611145,-89.999886,76.999992,-89.999939,435.911194,-66.844650,179.611359,-89.999649,76.999977,-89.999573,0.153408,0.267743,0.133433,0.007861,-0.026317,0.034332,
feedback,1.610588,1786441547785,9,Rx,5.000000,25.000000,0.057193,-4.942807,,,435.910828,-66.845657,179.611145,-89.999886,76.999992,-89.999939,435.911072,-66.845688,179.611847,-89.999413,76.999969,-89.999481,0.102113,-0.263800,0.276721,-0.006843,-0.046055,-0.048065,
feedback,1.618545,1786441547793,9,Rx,5.000000,25.000000,-0.002960,-5.002960,,,435.910828,-66.845657,179.611145,-89.999886,76.999992,-89.999939,435.910309,-66.846123,179.610504,-90.000351,76.999992,-90.000427,0.020345,-0.048558,-0.137422,0.002936,0.013158,-0.000000,
feedback,1.627497,1786441547802,9,Rx,5.000000,25.000000,0.017821,-4.982179,,,435.910828,-66.845657,179.611145,-89.999886,76.999992,-89.999939,435.911224,-66.844826,179.611847,-89.999413,77.000076,-89.999405,0.114431,-0.010881,0.085670,0.012762,-0.019738,-0.013733,
feedback,1.634827,1786441547806,9,Rx,5.000000,25.000000,0.003730,-4.996270,,,435.910828,-66.845657,179.611145,-89.999886,76.999992,-89.999939,435.911316,-66.845001,179.611404,-89.999649,77.000008,-89.999657,0.021512,-0.043423,-0.111247,-0.017663,0.013158,-0.006866,
feedback,1.643915,1786441547815,9,Rx,5.000000,25.000000,0.008941,-4.991059,,,435.910828,-66.845657,179.611145,-89.999886,76.999992,-89.999939,435.910339,-66.844910,179.611053,-90.000114,76.999947,-90.000031,-0.172678,-0.123955,-0.043773,-0.019628,0.019738,-0.013733,
feedback,1.651354,1786441547824,9,Rx,5.000000,25.000000,-0.023031,-5.023031,,,435.910828,-66.845657,179.611145,-89.999886,76.999992,-89.999939,435.910706,-66.844894,179.610931,-90.000114,77.000008,-90.000061,0.074079,0.117035,-0.100794,0.002936,0.013158,0.020599,
feedback,1.659852,1786441547833,9,Rx,5.000000,25.000000,0.027471,-4.972529,,,435.910828,-66.845657,179.611145,-89.999886,76.999992,-89.999939,435.911285,-66.845406,179.611588,-89.999535,76.999992,-89.999596,0.208237,-0.005393,0.175927,0.009826,-0.032896,-0.020599,
feedback,1.667584,1786441547841,9,Rx,5.000000,25.000000,0.010421,-4.989579,,,435.910828,-66.845657,179.611145,-89.999886,76.999992,-89.999939,435.910645,-66.845886,179.611206,-89.999886,77.000023,-89.999992,-0.048083,-0.004788,-0.053629,0.002936,0.013158,-0.013733,
feedback,1.676554,1786441547850,9,Rx,5.000000,25.000000,-0.014151,-5.014151,,,435.910828,-66.845657,179.611145,-89.999886,76.999992,-89.999939,435.910858,-66.844376,179.611893,-89.999535,77.000046,-89.999382,0.030068,0.131207,0.243400,0.007861,-0.026317,0.020599,
feedback,1.684319,1786441547858,9,Rx,5.000000,25.000000,-0.001480,-5.001480,,,435.910828,-66.845657,179.611145,-89.999886,76.999992,-89.999939,435.910950,-66.844620,179.611252,-89.999886,77.000023,-89.999802,0.082179,0.079181,-0.026857,0.004901,0.006579,0.000000,
feedback,1.694531,1786441547867,9,Rx,5.000000,25.000000,-0.019362,-5.019362,,,435.910828,-66.845657,179.611145,-89.999886,76.999992,-89.999939,435.910828,-66.844765,179.611588,-89.999649,77.000008,-89.999573,0.065549,0.191653,0.212639,-0.003907,-0.032896,0.027466,
feedback,1.700309,1786441547875,9,Rx,5.000000,25.000000,-0.002250,-5.002250,,,435.910828,-66.845657,179.611145,-89.999886,76.999992,-89.999939,435.910767,-66.844788,179.611603,-89.999763,77.000000,-89.999687,-0.005401,0.102869,0.185185,0.005895,-0.019738,0.006866,
feedback,1.708470,1786441547879,9,Rx,5.000000,25.000000,0.013381,-4.986619,,,435.910828,-66.845657,179.611145,-89.999886,76.999992,-89.999939,435.910767,-66.845070,179.611404,-89.999763,77.000000,-89.999748,0.005679,-0.070682,-0.052350,0.000000,0.000000,-0.013733,
feedback,1.716935,1786441547888,9,Rx,5.000000,25.000000,-0.008170,-5.008170,,,435.910828,-66.845657,179.611145,-89.999886,76.999992,-89.999939,435.910950,-66.844727,179.611435,-89.999763,77.000000,-89.999687,-0.042315,0.037209,-0.032041,0.004901,0.006579,0.006866,
feedback,1.724962,1786441547896,9,Rx,5.000000,25.000000,-0.021551,-5.021551,,,435.910828,-66.845657,179.611145,-89.999886,76.999992,-89.999939,435.910645,-66.845131,179.610641,-90.000237,76.999916,-90.000175,-0.058337,0.022849,-0.032041,-0.015698,0.006579,0.020599,
feedback,1.733136,1786441547905,9,Rx,5.000000,25.000000,0.008941,-4.991059,,,435.910828,-66.845657,179.611145,-89.999886,76.999992,-89.999939,435.910706,-66.846001,179.611053,-90.000000,76.999985,-90.000084,0.043112,-0.086818,-0.148557,-0.019628,0.019738,-0.013733,
feedback,1.741005,1786441547913,9,Rx,5.000000,25.000000,0.034162,-4.965838,,,435.910828,-66.845657,179.611145,-89.999886,76.999992,-89.999939,435.910980,-66.845215,179.611725,-89.999535,77.000015,-89.999542,0.018650,-0.139186,0.238814,-0.003907,-0.032896,-0.027466,
feedback,1.749976,1786441547921,9,Rx,5.000000,25.000000,-0.051273,-5.051273,,,435.910828,-66.845657,179.611145,-89.999886,76.999992,-89.999939,435.910797,-66.844299,179.611206,-89.999886,77.000023,-89.999695,0.047786,0.281255,-0.132835,-0.012762,0.019738,0.048065,
feedback,1.757281,1786441547930,9,Rx,5.000000,25.000000,0.052044,-4.947956,,,435.910828,-66.845657,179.611145,-89.999886,76.999992,-89.999939,435.910614,-66.845505,179.610748,-90.000237,76.999969,-90.000282,-0.082369,-0.314115,-0.032041,-0.001965,0.006579,-0.054932,
feedback,1.765840,1786441547939,9,Rx,5.000000,25.000000,0.025282,-4.974718,,,435.910828,-66.845657,179.611145,-89.999886,76.999992,-89.999939,435.910614,-66.845535,179.611313,-89.999886,77.000023,-89.999886,-0.045823,-0.213078,-0.021588,0.004901,0.006579,-0.027466,
feedback,1.773977,1786441547947,9,Rx,5.000000,25.000000,-0.006690,-5.006690,,,435.910828,-66.845657,179.611145,-89.999886,76.999992,-89.999939,435.910522,-66.844971,179.610886,-90.000114,77.000008,-90.000031,-0.058236,0.032453,-0.047081,0.006866,0.000000,0.006866,
feedback,1.782805,1786441547955,9,Rx,5.000000,25.000000,-0.022322,-5.022322,,,435.910828,-66.845657,179.611145,-89.999886,76.999992,-89.999939,435.910797,-66.844490,179.611313,-89.999886,76.999992,-89.999748,0.191031,0.283768,0.096123,0.005895,-0.019738,0.027466,
feedback,1.790472,1786441547964,9,Rx,5.000000,25.000000,-0.015631,-5.015631,,,435.910828,-66.845657,179.611145,-89.999886,76.999992,-89.999939,435.911163,-66.845047,179.611755,-89.999535,77.000015,-89.999542,0.036825,0.133225,0.143288,-0.000971,-0.019738,0.020599,
feedback,1.798747,1786441547972,9,Rx,5.000000,25.000000,-0.018591,-5.018591,,,435.910828,-66.845657,179.611145,-89.999886,76.999992,-89.999939,435.911041,-66.844299,179.611633,-89.999649,77.000008,-89.999519,0.030967,0.158793,0.047763,0.001965,-0.006579,0.020599,
feedback,1.806690,1786441547981,9,Rx,5.000000,25.000000,0.008941,-4.991059,,,435.910828,-66.845657,179.611145,-89.999886,76.999992,-89.999939,435.910675,-66.845016,179.610641,-90.000237,76.999969,-90.000175,-0.123608,-0.136616,-0.111844,-0.012762,0.019738,-0.013733,
feedback,1.814996,1786441547989,9,Rx,5.000000,25.000000,0.015631,-4.984369,,,435.910828,-66.845657,179.611145,-89.999886,76.999992,-89.999939,435.910431,-66.845467,179.610809,-90.000237,76.999939,-90.000252,-0.137298,-0.163235,-0.059495,-0.012762,0.019738,-0.020599,
feedback,1.822912,1786441547998,9,Rx,5.000000,25.000000,-0.027471,-5.027471,,,435.910828,-66.845657,179.611145,-89.999886,76.999992,-89.999939,435.910553,-66.844559,179.610703,-90.000237,77.000000,-90.000092,-0.120289,0.058979,-0.181195,-0.002959,0.032896,0.020599,
feedback,1.831447,1786441548006,9,Rx,5.000000,25.000000,-0.042393,-5.042393,,,435.910828,-66.845657,179.611145,-89.999886,76.999992,-89.999939,435.910950,-66.844566,179.611343,-89.999763,76.999969,-89.999611,0.072205,0.206597,0.127566,-0.000971,-0.019738,0.048065,
feedback,1.839636,1786441548014,9,Rx,5.000000,25.000000,0.011901,-4.988099,,,435.910828,-66.845657,179.611145,-89.999886,76.999992,-89.999939,435.910645,-66.845123,179.611130,-90.000000,77.000015,-89.999947,-0.060679,-0.199772,0.004587,0.011768,0.006579,-0.013733,
feedback,1.847630,1786441548019,9,Rx,5.000000,25.000000,-0.008941,-5.008941,,,435.910828,-66.845657,179.611145,-89.999886,76.999992,-89.999939,435.911194,-66.844566,179.611465,-89.999649,77.000008,-89.999550,0.130452,0.138660,0.085670,-0.000971,-0.019738,0.013733,
feedback,1.855943,1786441548027,9,Rx,5.000000,25.000000,-0.080995,-5.080995,,,435.910828,-66.845657,179.611145,-89.999886,76.999992,-89.999939,435.910614,-66.843803,179.610886,-90.000114,76.999977,-89.999786,-0.081402,0.360107,-0.207370,-0.002959,0.032896,0.075531,
feedback,1.864096,1786441548036,9,Rx,5.000000,25.000000,-0.008170,-5.008170,,,435.910828,-66.845657,179.611145,-89.999886,76.999992,-89.999939,435.911163,-66.844589,179.611664,-89.999535,77.000046,-89.999405,0.044468,0.063130,-0.063485,-0.008832,0.006579,0.006866,
feedback,1.871995,1786441548044,9,Rx,5.000000,25.000000,-0.002250,-5.002250,,,435.910828,-66.845657,179.611145,-89.999886,76.999992,-89.999939,435.910767,-66.844910,179.611588,-89.999649,76.999977,-89.999550,0.048173,-0.017716,0.127566,-0.014704,-0.019738,0.006866,
feedback,1.880770,1786441548053,9,Rx,5.000000,25.000000,0.027471,-4.972529,,,435.910828,-66.845657,179.611145,-89.999886,76.999992,-89.999939,435.911194,-66.844856,179.611557,-89.999535,76.999962,-89.999489,0.098598,-0.038141,0.144568,0.002959,-0.032896,-0.020599,
feedback,1.888461,1786441548062,9,Rx,5.000000,25.000000,0.009650,-4.990350,,,435.910828,-66.845657,179.611145,-89.999886,76.999992,-89.999939,435.910889,-66.844765,179.611252,-89.999886,76.999992,-89.999779,0.034393,-0.066892,0.105978,-0.009803,-0.013159,-0.006866,
feedback,1.896893,1786441548071,9,Rx,5.000000,25.000000,-0.003730,-5.003730,,,435.910828,-66.845657,179.611145,-89.999886,76.999992,-89.999939,435.910889,-66.844879,179.611145,-89.999886,77.000023,-89.999779,0.049249,0.009923,0.079804,0.003930,-0.013158,0.006866,
feedback,1.904768,1786441548075,9,Rx,5.000000,25.000000,0.025282,-4.974718,,,435.910828,-66.845657,179.611145,-89.999886,76.999992,-89.999939,435.910675,-66.845314,179.611206,-89.999886,76.999962,-89.999855,-0.081203,-0.196328,-0.005866,-0.008832,0.006579,-0.027466,
feedback,1.912786,1786441548084,9,Rx,5.000000,25.000000,-0.006690,-5.006690,,,435.910828,-66.845657,179.611145,-89.999886,76.999992,-89.999939,435.910706,-66.845108,179.611206,-89.999886,77.000023,-89.999832,0.008011,0.052241,0.000000,0.013733,0.000000,0.006866,
feedback,1.921032,1786441548093,9,Rx,5.000000,25.000000,-0.020071,-5.020071,,,435.910828,-66.845657,179.611145,-89.999886,76.999992,-89.999939,435.910736,-66.845100,179.611404,-89.999763,77.000000,-89.999718,0.044557,0.108217,0.010453,-0.006866,-0.000000,0.020599,
feedback,1.929362,1786441548102,9,Rx,5.000000,25.000000,0.015571,-4.984429,,,435.910828,-66.845657,179.611145,-89.999886,76.999992,-89.999939,435.910828,-66.845276,179.611542,-89.999763,77.000000,-89.999748,0.155758,-0.030642,0.239411,0.011791,-0.039475,-0.006866,
feedback,1.937738,1786441548110,9,Rx,5.000000,25.000000,0.003730,-4.996270,,,435.910828,-66.845657,179.611145,-89.999886,76.999992,-89.999939,435.910797,-66.844994,179.610870,-90.000114,77.000008,-90.000031,0.042036,-0.091927,-0.100794,-0.003930,0.013158,-0.006866,
feedback,1.945497,1786441548119,9,Rx,5.000000,25.000000,-0.008170,-5.008170,,,435.910828,-66.845657,179.611145,-89.999886,76.999992,-89.999939,435.910675,-66.844933,179.611313,-89.999886,76.999992,-89.999779,-0.028636,-0.013340,0.004587,0.004901,0.006579,0.006866,
feedback,1.953764,1786441548127,9,Rx,5.000000,25.000000,0.040143,-4.959857,,,435.910828,-66.845657,179.611145,-89.999886,76.999992,-89.999939,435.910828,-66.845726,179.610962,-90.000000,76.999985,-90.000107,0.071926,-0.141016,-0.005269,-0.000000,0.000000,-0.041199,
feedback,1.961985,1786441548136,9,Rx,5.000000,25.000000,0.021551,-4.978449,,,435.910828,-66.845657,179.611145,-89.999886,76.999992,-89.999939,435.910553,-66.845955,179.611023,-90.000000,76.999985,-90.000053,-0.069667,-0.224986,0.037310,0.008832,-0.006579,-0.020599,
feedback,1.970106,1786441548144,9,Rx,5.000000,25.000000,-0.012671,-5.012671,,,435.910828,-66.845657,179.611145,-89.999886,76.999992,-89.999939,435.910583,-66.844681,179.611267,-89.999886,76.999992,-89.999718,0.098598,0.097041,0.144567,0.002959,-0.032896,0.020599,
feedback,1.979253,1786441548152,9,Rx,5.000000,25.000000,-0.021491,-5.021491,,,435.910828,-66.845657,179.611145,-89.999886,76.999992,-89.999939,435.909882,-66.845642,179.609787,-90.000938,76.999870,-90.000916,-0.199519,-0.037064,-0.430460,-0.033384,0.065792,0.006867,
feedback,1.986422,1786441548161,9,Rx,5.000000,25.000000,0.011130,-4.988870,,,435.910828,-66.845657,179.611145,-89.999886,76.999992,-89.999939,435.911194,-66.844658,179.611465,-89.999649,77.000008,-89.999573,0.114431,0.011649,0.085670,0.005895,-0.019738,-0.006866,
feedback,1.994603,1786441548169,9,Rx,5.000000,25.000000,-0.014151,-5.014151,,,435.910828,-66.845657,179.611145,-89.999886,76.999992,-89.999939,435.910645,-66.845306,179.611450,-89.999649,77.000008,-89.999657,0.006047,0.096715,0.154423,0.007861,-0.026317,0.020599,
feedback,2.002859,1786441548177,9,Rx,5.000000,25.000000,0.025991,-4.974009,,,435.910828,-66.845657,179.611145,-89.999886,76.999992,-89.999939,435.911072,-66.845383,179.611862,-89.999535,76.999992,-89.999573,0.128199,-0.083934,0.196235,0.000994,-0.026317,-0.020599,
feedback,2.011084,1786441548186,9,Rx,5.000000,25.000000,-0.001419,-5.001419,,,435.910828,-66.845657,179.611145,-89.999886,76.999992,-89.999939,435.910522,-66.845749,179.610260,-90.000465,76.999954,-90.000511,-0.076190,-0.067818,-0.451452,-0.012785,0.065792,-0.013733,
feedback,2.019116,1786441548190,9,Rx,5.000000,25.000000,-0.006751,-5.006751,,,435.910828,-66.845657,179.611145,-89.999886,76.999992,-89.999939,435.911011,-66.845116,179.611908,-89.999413,77.000000,-89.999405,0.121822,0.158613,0.414143,0.010820,-0.059213,0.020599,
feedback,2.027964,1786441548199,9,Rx,5.000000,25.000000,-0.011901,-5.011901,,,435.910828,-66.845657,179.611145,-89.999886,76.999992,-89.999939,435.910553,-66.845047,179.611084,-90.000000,76.999985,-89.999947,-0.056981,0.082676,0.053032,0.001965,-0.006579,0.013733,
feedback,2.035925,1786441548207,9,Rx,5.000000,25.000000,-0.008941,-5.008941,,,435.910828,-66.845657,179.611145,-89.999886,76.999992,-89.999939,435.910889,-66.845055,179.611145,-89.999886,76.999992,-89.999832,0.116762,0.134571,0.138019,0.005895,-0.019738,0.013733,
feedback,2.043839,1786441548216,9,Rx,5.000000,25.000000,0.035703,-4.964297,,,435.910828,-66.845657,179.611145,-89.999886,76.999992,-89.999939,435.910278,-66.845711,179.610947,-90.000114,77.000008,-90.000168,-0.210390,-0.252658,-0.080401,0.000971,0.019738,-0.041199,
feedback,2.051765,1786441548225,9,Rx,5.000000,25.000000,-0.049023,-5.049023,,,435.910828,-66.845657,179.611145,-89.999886,76.999992,-89.999939,435.909790,-66.844688,179.610870,-90.000351,76.999992,-90.000175,-0.233365,0.174748,-0.181792,-0.004924,0.039475,0.041199,
feedback,2.060961,1786441548233,9,Rx,5.000000,25.000000,-0.008170,-5.008170,,,435.910828,-66.845657,179.611145,-89.999886,76.999992,-89.999939,435.910492,-66.845558,179.611084,-90.000000,76.999985,-90.000031,-0.034304,0.066919,-0.032041,-0.008832,0.006579,0.006866,
feedback,2.068230,1786441548241,9,Rx,5.000000,25.000000,0.025282,-4.974718,,,435.910828,-66.845657,179.611145,-89.999886,76.999992,-89.999939,435.910767,-66.845161,179.611099,-89.999886,76.999992,-89.999886,-0.104059,-0.203155,-0.068669,0.004901,0.006579,-0.027466,
feedback,2.076386,1786441548250,9,Rx,5.000000,25.000000,-0.020071,-5.020071,,,435.910828,-66.845657,179.611145,-89.999886,76.999992,-89.999939,435.910980,-66.844650,179.611526,-89.999649,77.000038,-89.999519,0.008011,0.097301,0.000000,-0.000000,-0.000000,0.020599,
feedback,2.084819,1786441548258,9,Rx,5.000000,25.000000,0.020071,-4.979929,,,435.910828,-66.845657,179.611145,-89.999886,76.999992,-89.999939,435.910889,-66.844963,179.611145,-89.999886,76.999962,-89.999802,-0.024033,-0.156722,-0.000000,-0.006866,-0.000000,-0.020599,
feedback,2.093411,1786441548266,9,Rx,5.000000,25.000000,0.002250,-4.997750,,,435.910828,-66.845657,179.611145,-89.999886,76.999992,-89.999939,435.910156,-66.845093,179.610916,-90.000114,77.000008,-90.000008,-0.218401,-0.169716,-0.080401,0.007837,0.019738,-0.006866,
feedback,2.100919,1786441548275,9,Rx,5.000000,25.000000,0.010421,-4.989579,,,435.910828,-66.845657,179.611145,-89.999886,76.999992,-89.999939,435.910614,-66.845253,179.610641,-90.000237,76.999969,-90.000175,-0.037902,-0.138334,-0.095525,-0.003930,0.013158,-0.013733,
feedback,2.110297,1786441548283,9,Rx,5.000000,25.000000,-0.011901,-5.011901,,,435.910828,-66.845657,179.611145,-89.999886,76.999992,-89.999939,435.910431,-66.845306,179.610703,-90.000237,77.000000,-90.000175,-0.043302,0.032127,0.089659,0.008832,-0.006579,0.013733,
feedback,2.117565,1786441548292,9,Rx,5.000000,25.000000,-0.023741,-5.023741,,,435.910828,-66.845657,179.611145,-89.999886,76.999992,-89.999939,435.910461,-66.845474,179.610596,-90.000237,76.999969,-90.000229,-0.186726,-0.038029,-0.287173,-0.020622,0.046055,0.013733,
feedback,2.125537,1786441548300,9,Rx,5.000000,25.000000,-0.001480,-5.001480,,,435.910828,-66.845657,179.611145,-89.999886,76.999992,-89.999939,435.910492,-66.845085,179.610886,-90.000114,77.000031,-90.000031,-0.042315,0.014678,-0.032041,0.004901,0.006579,-0.000000,
feedback,2.134221,1786441548309,9,Rx,5.000000,25.000000,-0.012671,-5.012671,,,435.910828,-66.845657,179.611145,-89.999886,76.999992,-89.999939,435.911224,-66.844269,179.611755,-89.999535,76.999992,-89.999382,0.180867,0.176249,0.191649,0.002959,-0.032896,0.020599,
feedback,2.143232,1786441548313,9,Rx,5.000000,25.000000,0.007461,-4.992539,,,435.910828,-66.845657,179.611145,-89.999886,76.999992,-89.999939,435.910400,-66.844803,179.611145,-90.000000,76.999985,-89.999893,-0.202468,-0.132853,-0.154338,-0.000994,0.026317,-0.013733,
feedback,2.150720,1786441548322,9,Rx,5.000000,25.000000,0.017821,-4.982179,,,435.910828,-66.845657,179.611145,-89.999886,76.999992,-89.999939,435.910889,-66.845078,179.611633,-89.999649,77.000008,-89.999573,0.071028,-0.078480,0.190369,-0.000971,-0.019738,-0.013733,
feedback,2.159432,1786441548330,9,Rx,5.000000,25.000000,-0.017882,-5.017882,,,435.910828,-66.845657,179.611145,-89.999886,76.999992,-89.999939,435.910980,-66.844963,179.611618,-89.999535,77.000015,-89.999435,0.194647,0.202895,0.213236,0.004924,-0.039475,0.027466,
feedback,2.166897,1786441548338,9,Rx,5.000000,25.000000,-0.017821,-5.017821,,,435.910828,-66.845657,179.611145,-89.999886,76.999992,-89.999939,435.910767,-66.844978,179.611404,-89.999763,77.000000,-89.999718,-0.083553,0.102057,-0.111845,-0.005895,0.019738,0.013733,
feedback,2.175522,1786441548347,9,Rx,5.000000,25.000000,-0.017111,-5.017111,,,435.910828,-66.845657,179.611145,-89.999886,76.999992,-89.999939,435.910980,-66.844269,179.611343,-89.999763,77.000000,-89.999550,0.108662,0.127365,0.064082,0.010797,-0.013158,0.020599,
feedback,2.182994,1786441548355,9,Rx,5.000000,25.000000,0.002250,-4.997750,,,435.910828,-66.845657,179.611145,-89.999886,76.999992,-89.999939,435.910309,-66.844940,179.610764,-90.000237,76.999916,-90.000114,-0.079051,-0.073459,-0.101391,-0.040228,0.019738,-0.006866,
feedback,2.191668,1786441548364,9,Rx,5.000000,25.000000,0.010421,-4.989579,,,435.910828,-66.845657,179.611145,-89.999886,76.999992,-89.999939,435.910736,-66.845520,179.611053,-90.000000,76.999985,-89.999969,-0.001355,-0.127418,-0.085072,0.002936,0.013158,-0.013733,
feedback,2.199410,1786441548372,9,Rx,5.000000,25.000000,0.005920,-4.994080,,,435.910828,-66.845657,179.611145,-89.999886,76.999992,-89.999939,435.910858,-66.844864,179.611969,-89.999413,77.000000,-89.999344,0.071129,0.021245,0.175329,-0.012739,-0.026317,-0.000000,
feedback,2.208213,1786441548380,9,Rx,5.000000,25.000000,0.016341,-4.983659,,,435.910828,-66.845657,179.611145,-89.999886,76.999992,-89.999939,435.910553,-66.844887,179.610977,-90.000000,76.999985,-89.999863,-0.090101,-0.153925,0.100794,0.010797,-0.013158,-0.013733,
feedback,2.215831,1786441548389,9,Rx,5.000000,25.000000,-0.048313,-5.048313,,,435.910828,-66.845657,179.611145,-89.999886,76.999992,-89.999939,435.911194,-66.844276,179.611267,-89.999763,76.999969,-89.999611,0.105046,0.298359,-0.053032,0.004901,0.006579,0.048065,
feedback,2.224743,1786441548397,9,Rx,5.000000,25.000000,-0.007400,-5.007400,,,435.910828,-66.845657,179.611145,-89.999886,76.999992,-89.999939,435.910034,-66.845436,179.610535,-90.000351,76.999962,-90.000259,-0.296186,-0.115784,-0.170657,-0.009826,0.032896,-0.000000,
feedback,2.232010,1786441548406,9,Rx,5.000000,25.000000,0.015571,-4.984429,,,435.910828,-66.845657,179.611145,-89.999886,76.999992,-89.999939,435.911072,-66.844406,179.611725,-89.999535,76.999992,-89.999405,0.128389,0.015818,0.255133,0.018657,-0.039475,-0.006866,
feedback,2.240266,1786441548415,9,Rx,5.000000,25.000000,-0.026762,-5.026762,,,435.910828,-66.845657,179.611145,-89.999886,76.999992,-89.999939,435.910797,-66.844414,179.611099,-89.999886,76.999992,-89.999695,0.090290,0.253677,-0.041897,0.000000,0.000000,0.027466,
feedback,2.249760,1786441548419,9,Rx,5.000000,25.000000,-0.015571,-5.015571,,,435.910828,-66.845657,179.611145,-89.999886,76.999992,-89.999939,435.910614,-66.844757,179.610550,-90.000351,76.999931,-90.000206,-0.083832,0.024808,-0.244680,-0.018657,0.039475,0.006866,
feedback,2.256293,1786441548428,9,Rx,5.000000,25.000000,-0.013381,-5.013381,,,435.910828,-66.845657,179.611145,-89.999886,76.999992,-89.999939,435.910583,-66.844658,179.611084,-90.000000,76.999985,-89.999863,0.001166,0.072726,0.026175,-0.006866,-0.000000,0.013733,
feedback,2.264650,1786441548436,9,Rx,5.000000,25.000000,-0.028242,-5.028242,,,435.910828,-66.845657,179.611145,-89.999886,76.999992,-89.999939,435.911072,-66.844131,179.611420,-89.999649,77.000008,-89.999435,0.037622,0.128676,-0.037310,-0.001965,0.006579,0.027466,
feedback,2.272791,1786441548444,9,Rx,5.000000,25.000000,-0.055004,-5.055004,,,435.910828,-66.845657,179.611145,-89.999886,76.999992,-89.999939,435.910767,-66.844330,179.611206,-89.999886,77.000023,-89.999664,-0.041150,0.222587,-0.005866,0.018634,0.006579,0.054932,
feedback,2.280972,1786441548453,9,Rx,5.000000,25.000000,-0.014861,-5.014861,,,435.910828,-66.845657,179.611145,-89.999886,76.999992,-89.999939,435.910370,-66.844719,179.610657,-90.000237,76.999969,-90.000092,-0.054828,0.137954,-0.042494,-0.001965,0.006579,0.013733,
feedback,2.289378,1786441548461,9,Rx,5.000000,25.000000,0.015631,-4.984369,,,435.910828,-66.845657,179.611145,-89.999886,76.999992,-89.999939,435.910889,-66.845055,179.611145,-89.999886,77.000046,-89.999832,-0.079050,-0.118520,-0.101392,0.007837,0.019738,-0.020599,
feedback,2.297414,1786441548470,9,Rx,5.000000,25.000000,0.002250,-4.997750,,,435.910828,-66.845657,179.611145,-89.999886,76.999992,-89.999939,435.910553,-66.845467,179.610443,-90.000351,76.999962,-90.000313,-0.088227,-0.130835,-0.127566,-0.005895,0.019738,-0.006866,
feedback,2.305544,1786441548478,9,Rx,5.000000,25.000000,0.065425,-4.934575,,,435.910828,-66.845657,179.611145,-89.999886,76.999992,-89.999939,435.910583,-66.846123,179.610916,-90.000000,76.999954,-90.000107,-0.056166,-0.433301,-0.073937,-0.015698,0.006579,-0.068665,
feedback,2.313900,1786441548486,9,Rx,5.000000,25.000000,-0.004440,-5.004440,,,435.910828,-66.845657,179.611145,-89.999886,76.999992,-89.999939,435.910736,-66.844719,179.611206,-89.999886,76.999962,-89.999748,-0.056184,0.010536,-0.127566,-0.005895,0.019738,0.000000,
feedback,2.321993,1786441548495,9,Rx,5.000000,25.000000,0.000000,-5.000000,,,435.910828,-66.845657,179.611145,-89.999886,76.999992,-89.999939,435.910583,-66.844727,179.611191,-90.000000,76.999985,-89.999916,-0.076440,0.059120,0.083793,0.000000,-0.000000,0.000000,
feedback,2.330310,1786441548503,9,Rx,5.000000,25.000000,0.028242,-4.971758,,,435.910828,-66.845657,179.611145,-89.999886,76.999992,-89.999939,435.910706,-66.845306,179.611099,-89.999886,76.999962,-89.999855,-0.046799,-0.186052,0.011135,-0.004901,-0.006579,-0.027466,
feedback,2.338359,1786441548512,9,Rx,5.000000,25.000000,0.006690,-4.993310,,,435.910828,-66.845657,179.611145,-89.999886,76.999992,-89.999939,435.910950,-66.844635,179.611145,-89.999886,76.999992,-89.999779,0.036546,-0.011614,0.010453,0.013733,0.000000,-0.006866,
feedback,2.347013,1786441548521,9,Rx,5.000000,25.000000,-0.001480,-5.001480,,,435.910828,-66.845657,179.611145,-89.999886,76.999992,-89.999939,435.910919,-66.844757,179.611145,-89.999886,76.999992,-89.999779,0.028446,-0.018821,-0.063485,-0.001965,0.006579,-0.000000,
feedback,2.355244,1786441548530,9,Rx,5.000000,25.000000,-0.052814,-5.052814,,,435.910828,-66.845657,179.611145,-89.999886,76.999992,-89.999939,435.911133,-66.844116,179.611801,-89.999413,77.000000,-89.999207,0.123796,0.349020,0.170743,0.002959,-0.032896,0.061798,
feedback,2.363652,1786441548538,9,Rx,5.000000,25.000000,0.001480,-4.998520,,,435.910828,-66.845657,179.611145,-89.999886,76.999992,-89.999939,435.910767,-66.844803,179.611099,-89.999886,77.000023,-89.999779,0.092551,0.000327,-0.009856,0.001965,-0.006579,-0.000000,
feedback,2.373361,1786441548543,9,Rx,5.000000,25.000000,-0.014861,-5.014861,,,435.910828,-66.845657,179.611145,-89.999886,76.999992,-89.999939,435.910767,-66.844406,179.611130,-90.000000,76.999931,-89.999832,-0.004603,0.098321,0.004587,-0.022565,0.006579,0.013733,
feedback,2.380551,1786441548551,9,Rx,5.000000,25.000000,0.066905,-4.933095,,,435.910828,-66.845657,179.611145,-89.999886,76.999992,-89.999939,435.910400,-66.845764,179.611420,-89.999763,76.999947,-89.999855,-0.111981,-0.368020,0.005269,-0.006866,0.000000,-0.068665,
feedback,2.387860,1786441548560,9,Rx,5.000000,25.000000,0.007400,-4.992600,,,435.910828,-66.845657,179.611145,-89.999886,76.999992,-89.999939,435.911316,-66.844437,179.612122,-89.999184,77.000015,-89.999062,0.076897,-0.004349,0.196917,-0.003907,-0.032896,-0.000000,
feedback,2.396859,1786441548568,9,Rx,5.000000,25.000000,0.018652,-4.981348,,,435.910828,-66.845657,179.611145,-89.999886,76.999992,-89.999939,435.910126,-66.845940,179.609802,-90.000816,76.999931,-90.000908,-0.200685,-0.199911,-0.456635,-0.026518,0.065792,-0.034332,
feedback,2.404768,1786441548577,9,Rx,5.000000,25.000000,-0.037183,-5.037183,,,435.910828,-66.845657,179.611145,-89.999886,76.999992,-89.999939,435.910919,-66.844574,179.611145,-89.999886,76.999992,-89.999718,0.117838,0.252332,0.090257,-0.002936,-0.013159,0.041199,
feedback,2.412994,1786441548585,9,Rx,5.000000,25.000000,-0.010421,-5.010421,,,435.910828,-66.845657,179.611145,-89.999886,76.999992,-89.999939,435.911194,-66.844368,179.611267,-89.999763,76.999969,-89.999634,0.080127,0.123629,0.053629,-0.009803,-0.013159,0.013733,
feedback,2.421128,1786441548593,9,Rx,5.000000,25.000000,-0.041623,-5.041623,,,435.910828,-66.845657,179.611145,-89.999886,76.999992,-89.999939,435.910919,-66.844467,179.610962,-90.000000,77.000038,-89.999832,0.089024,0.216408,-0.053032,0.004901,0.006579,0.041199,
feedback,2.430610,1786441548602,9,Rx,5.000000,25.000000,0.007461,-4.992539,,,435.910828,-66.845657,179.611145,-89.999886,76.999992,-89.999939,435.910400,-66.845291,179.610321,-90.000465,76.999924,-90.000427,-0.027738,-0.053346,-0.191051,-0.021594,0.026317,-0.013733,
feedback,2.437576,1786441548610,9,Rx,5.000000,25.000000,0.006690,-4.993310,,,435.910828,-66.845657,179.611145,-89.999886,76.999992,-89.999939,435.910980,-66.844742,179.611237,-89.999763,76.999969,-89.999664,-0.025198,-0.139327,-0.026175,-0.006866,-0.000000,-0.006866,
feedback,2.445929,1786441548618,9,Rx,5.000000,25.000000,0.037183,-4.962817,,,435.910828,-66.845657,179.611145,-89.999886,76.999992,-89.999939,435.910461,-66.845589,179.610779,-90.000114,76.999977,-90.000114,-0.133861,-0.311752,-0.090256,-0.017663,0.013158,-0.041199,
feedback,2.454141,1786441548627,9,Rx,5.000000,25.000000,-0.018591,-5.018591,,,435.910828,-66.845657,179.611145,-89.999886,76.999992,-89.999939,435.910950,-66.844551,179.611145,-89.999886,77.000023,-89.999748,0.153130,0.167964,0.000597,0.015698,-0.006579,0.020599,
feedback,2.462761,1786441548635,9,Rx,5.000000,25.000000,0.018591,-4.981409,,,435.910828,-66.845657,179.611145,-89.999886,76.999992,-89.999939,435.910767,-66.845711,179.611145,-89.999886,76.999939,-89.999886,0.003247,-0.203208,-0.089659,-0.008832,0.006579,-0.020599,
feedback,2.470467,1786441548644,9,Rx,5.000000,25.000000,-0.038663,-5.038663,,,435.910828,-66.845657,179.611145,-89.999886,76.999992,-89.999939,435.910797,-66.844307,179.610718,-90.000114,76.999977,-89.999924,0.037812,0.228428,0.021588,-0.004901,-0.006579,0.041199,
feedback,2.478477,1786441548653,9,Rx,5.000000,25.000000,-0.005920,-5.005920,,,435.910828,-66.845657,179.611145,-89.999886,76.999992,-89.999939,435.910553,-66.845161,179.610352,-90.000465,76.999924,-90.000404,-0.034583,-0.010330,-0.164876,-0.035326,0.026317,0.000000,
feedback,2.486594,1786441548661,9,Rx,5.000000,25.000000,-0.005210,-5.005210,,,435.910828,-66.845657,179.611145,-89.999886,76.999992,-89.999939,435.910889,-66.844765,179.610962,-90.000000,76.999985,-89.999893,0.158798,0.042644,0.037225,0.008832,-0.006579,0.006866,
feedback,2.494620,1786441548666,9,Rx,5.000000,25.000000,-0.005210,-5.005210,,,435.910828,-66.845657,179.611145,-89.999886,76.999992,-89.999939,435.910583,-66.844772,179.611267,-89.999886,76.999962,-89.999748,-0.079848,-0.001319,0.079206,-0.004901,-0.006579,0.006866,
feedback,2.502742,1786441548674,9,Rx,5.000000,25.000000,0.006690,-4.993310,,,435.910828,-66.845657,179.611145,-89.999886,76.999992,-89.999939,435.910675,-66.844521,179.610550,-90.000351,76.999962,-90.000206,0.036546,-0.011614,0.010453,-0.000000,-0.000000,-0.006866,
feedback,2.510978,1786441548683,9,Rx,5.000000,25.000000,-0.013381,-5.013381,,,435.910828,-66.845657,179.611145,-89.999886,76.999992,-89.999939,435.910797,-66.844788,179.610382,-90.000351,76.999962,-90.000229,0.059413,0.117442,-0.015722,-0.000000,0.000000,0.013733,
feedback,2.519090,1786441548691,9,Rx,5.000000,25.000000,0.038602,-4.961398,,,435.910828,-66.845657,179.611145,-89.999886,76.999992,-89.999939,435.910797,-66.844994,179.611786,-89.999535,77.000015,-89.999458,0.117059,-0.164427,0.324484,0.022588,-0.052634,-0.027466,
feedback,2.527286,1786441548700,9,Rx,5.000000,25.000000,0.060924,-4.939076,,,435.910828,-66.845657,179.611145,-89.999886,76.999992,-89.999939,435.910736,-66.845390,179.611588,-89.999649,76.999977,-89.999657,0.044854,-0.303433,0.196917,0.002959,-0.032896,-0.054932,
feedback,2.535408,1786441548708,9,Rx,5.000000,25.000000,-0.005920,-5.005920,,,435.910828,-66.845657,179.611145,-89.999886,76.999992,-89.999939,435.910736,-66.844887,179.610825,-90.000114,76.999947,-90.000061,-0.055107,0.038175,-0.175329,-0.007861,0.026317,0.000000,
feedback,2.543780,1786441548716,9,Rx,5.000000,25.000000,-0.000710,-5.000710,,,435.910828,-66.845657,179.611145,-89.999886,76.999992,-89.999939,435.910522,-66.845367,179.610352,-90.000465,77.000008,-90.000427,-0.076898,-0.018181,-0.196917,0.010774,0.032896,-0.006866,
feedback,2.551806,1786441548725,9,Rx,5.000000,25.000000,-0.034162,-5.034162,,,435.910828,-66.845657,179.611145,-89.999886,76.999992,-89.999939,435.910431,-66.844902,179.610611,-90.000351,76.999992,-90.000229,-0.163680,0.068549,-0.165473,-0.002959,0.032896,0.027466,
feedback,2.559961,1786441548733,9,Rx,5.000000,25.000000,0.003730,-4.996270,,,435.910828,-66.845657,179.611145,-89.999886,76.999992,-89.999939,435.910706,-66.845108,179.611206,-89.999886,77.000046,-89.999832,0.014666,-0.045467,-0.085072,0.016669,0.013159,-0.006866,
feedback,2.568201,1786441548742,9,Rx,5.000000,25.000000,0.031972,-4.968028,,,435.910828,-66.845657,179.611145,-89.999886,76.999992,-89.999939,435.910675,-66.845406,179.611206,-89.999886,76.999962,-89.999886,-0.038978,-0.233564,-0.047763,-0.008832,0.006579,-0.034332,
feedback,2.576403,1786441548751,9,Rx,5.000000,25.000000,-0.023031,-5.023031,,,435.910828,-66.845657,179.611145,-89.999886,76.999992,-89.999939,435.910858,-66.844818,179.611145,-89.999886,77.000023,-89.999718,-0.021880,0.033738,-0.095525,-0.003930,0.013158,0.020599,
feedback,2.584668,1786441548760,9,Rx,5.000000,25.000000,0.018591,-4.981409,,,435.910828,-66.845657,179.611145,-89.999886,76.999992,-89.999939,435.910614,-66.844543,179.611084,-90.000000,76.999985,-89.999863,-0.035470,-0.050868,-0.058216,-0.001965,0.006579,-0.020599,
feedback,2.592768,1786441548765,9,Rx,5.000000,25.000000,0.006690,-4.993310,,,435.910828,-66.845657,179.611145,-89.999886,76.999992,-89.999939,435.910736,-66.844810,179.610916,-90.000000,76.999954,-89.999893,0.034215,-0.066946,-0.041897,-0.006866,-0.000000,-0.006866,
feedback,2.600798,1786441548773,9,Rx,5.000000,25.000000,-0.010421,-5.010421,,,435.910828,-66.845657,179.611145,-89.999886,76.999992,-89.999939,435.910736,-66.844414,179.611221,-90.000000,76.999985,-89.999832,0.101817,0.102790,0.090257,0.010797,-0.013158,0.013733,
feedback,2.609084,1786441548782,9,Rx,5.000000,25.000000,0.002960,-4.997040,,,435.910828,-66.845657,179.611145,-89.999886,76.999992,-89.999939,435.910919,-66.844154,179.611786,-89.999535,77.000015,-89.999352,-0.007832,-0.029657,0.147875,0.017663,-0.013158,0.000000,
feedback,2.617246,1786441548791,9,Rx,5.000000,25.000000,-0.023092,-5.023092,,,435.910828,-66.845657,179.611145,-89.999886,76.999992,-89.999939,435.911469,-66.843597,179.611511,-89.999649,77.000008,-89.999413,0.176542,0.329289,0.329071,0.013756,-0.046055,0.034332,
feedback,2.625405,1786441548800,9,Rx,5.000000,25.000000,0.025282,-4.974718,,,435.910828,-66.845657,179.611145,-89.999886,76.999992,-89.999939,435.910706,-66.844910,179.611023,-90.000000,76.999985,-89.999916,-0.037812,-0.183368,-0.021588,-0.001965,0.006579,-0.027466,
feedback,2.633685,1786441548808,9,Rx,5.000000,25.000000,-0.014091,-5.014091,,,435.910828,-66.845657,179.611145,-89.999886,76.999992,-89.999939,435.910461,-66.845116,179.610596,-90.000237,77.000000,-90.000114,-0.166012,-0.054373,-0.217823,-0.002959,0.032896,0.006866,
feedback,2.641810,1786441548816,9,Rx,5.000000,25.000000,-0.006690,-5.006690,,,435.910828,-66.845657,179.611145,-89.999886,76.999992,-89.999939,435.910919,-66.845070,179.610931,-89.999886,76.999962,-89.999802,0.049070,0.009870,-0.068071,-0.006866,-0.000000,0.006866,
feedback,2.650300,1786441548825,9,Rx,5.000000,25.000000,-0.022322,-5.022322,,,435.910828,-66.845657,179.611145,-89.999886,76.999992,-89.999939,435.910767,-66.844597,179.611206,-89.999886,76.999992,-89.999748,0.012792,0.066625,0.143288,0.005895,-0.019738,0.027466,
feedback,2.658242,1786441548833,9,Rx,5.000000,25.000000,0.020071,-4.979929,,,435.910828,-66.845657,179.611145,-89.999886,76.999992,-89.999939,435.910858,-66.844841,179.610870,-90.000114,77.000008,-90.000061,0.044557,-0.026965,0.010453,-0.006866,-0.000000,-0.020599,
feedback,2.666638,1786441548837,9,Rx,5.000000,25.000000,-0.033452,-5.033452,,,435.910828,-66.845657,179.611145,-89.999886,76.999992,-89.999939,435.910919,-66.844269,179.610764,-90.000114,76.999977,-89.999924,0.014856,0.144406,-0.026175,-0.006866,-0.000000,0.034332,
feedback,2.674741,1786441548846,9,Rx,5.000000,25.000000,0.020842,-4.979158,,,435.910828,-66.845657,179.611145,-89.999886,76.999992,-89.999939,435.911072,-66.845093,179.611084,-89.999886,76.999962,-89.999855,0.000798,-0.117201,-0.180598,-0.014727,0.026317,-0.027466,
feedback,2.682762,1786441548856,9,Rx,5.000000,25.000000,-0.004440,-5.004440,,,435.910828,-66.845657,179.611145,-89.999886,76.999992,-89.999939,435.910767,-66.844498,179.610825,-90.000114,76.999947,-89.999977,-0.047007,0.067912,-0.101391,-0.012762,0.019738,0.000000,
feedback,2.691023,1786441548865,9,Rx,5.000000,25.000000,0.022322,-4.977678,,,435.910828,-66.845657,179.611145,-89.999886,76.999992,-89.999939,435.910583,-66.845322,179.611359,-89.999763,77.000031,-89.999771,-0.166999,-0.194637,-0.096123,-0.005895,0.019738,-0.027466,
feedback,2.699102,1786441548873,9,Rx,5.000000,25.000000,0.019301,-4.980699,,,435.910828,-66.845657,179.611145,-89.999886,76.999992,-89.999939,435.911285,-66.844734,179.611832,-89.999298,77.000031,-89.999237,0.067631,-0.106812,0.096805,0.000994,-0.026317,-0.013733,
feedback,2.707621,1786441548881,9,Rx,5.000000,25.000000,-0.011901,-5.011901,,,435.910828,-66.845657,179.611145,-89.999886,76.999992,-89.999939,435.910980,-66.844452,179.611038,-89.999886,76.999992,-89.999718,0.034304,0.000672,0.032041,-0.004901,-0.006579,0.013733,
feedback,2.715694,1786441548890,9,Rx,5.000000,25.000000,-0.008170,-5.008170,,,435.910828,-66.845657,179.611145,-89.999886,76.999992,-89.999939,435.911102,-66.844490,179.611618,-89.999535,76.999992,-89.999435,-0.014945,-0.009251,-0.047763,-0.008832,0.006579,0.006866,
feedback,2.724038,1786441548898,9,Rx,5.000000,25.000000,-0.017821,-5.017821,,,435.910828,-66.845657,179.611145,-89.999886,76.999992,-89.999939,435.911163,-66.844589,179.611359,-89.999649,77.000008,-89.999519,-0.048173,0.085307,-0.127566,-0.005895,0.019738,0.013733,
feedback,2.732215,1786441548907,9,Rx,5.000000,25.000000,0.061694,-4.938306,,,435.910828,-66.845657,179.611145,-89.999886,76.999992,-89.999939,435.911072,-66.845169,179.611801,-89.999413,77.000023,-89.999458,-0.118737,-0.347508,0.105381,0.008832,-0.006579,-0.061798,
feedback,2.740430,1786441548915,9,Rx,5.000000,25.000000,-0.014861,-5.014861,,,435.910828,-66.845657,179.611145,-89.999886,76.999992,-89.999939,435.910400,-66.844688,179.611252,-90.000000,76.999954,-89.999893,-0.127932,0.061484,0.025577,-0.008832,0.006579,0.013733,
feedback,2.748268,1786441548919,9,Rx,5.000000,25.000000,0.011901,-4.988099,,,435.910828,-66.845657,179.611145,-89.999886,76.999992,-89.999939,435.910828,-66.845070,179.610764,-90.000114,76.999947,-90.000061,0.106052,-0.095337,-0.121103,-0.001965,0.006579,-0.013733,
feedback,2.756632,1786441548929,9,Rx,5.000000,25.000000,-0.001541,-5.001541,,,435.910828,-66.845657,179.611145,-89.999886,76.999992,-89.999939,435.911255,-66.844749,179.611938,-89.999298,77.000061,-89.999237,0.192493,0.102556,0.308762,0.022588,-0.052634,0.013733,
feedback,2.764886,1786441548937,9,Rx,5.000000,25.000000,0.020071,-4.979929,,,435.910828,-66.845657,179.611145,-89.999886,76.999992,-89.999939,435.910889,-66.844322,179.611404,-89.999763,76.999969,-89.999664,-0.055905,-0.002337,0.005269,0.000000,0.000000,-0.020599,
feedback,2.772845,1786441548946,9,Rx,5.000000,25.000000,-0.011901,-5.011901,,,435.910828,-66.845657,179.611145,-89.999886,76.999992,-89.999939,435.910767,-66.844872,179.610916,-90.000000,76.999985,-89.999947,0.037812,0.138307,0.021588,0.008832,-0.006579,0.013733,
feedback,2.781156,1786441548955,9,Rx,5.000000,25.000000,0.028242,-4.971758,,,435.910828,-66.845657,179.611145,-89.999886,76.999992,-89.999939,435.910645,-66.846085,179.611099,-89.999886,77.000023,-90.000023,0.004603,-0.143381,-0.004587,0.015698,-0.006579,-0.027466,
feedback,2.789284,1786441548964,9,Rx,5.000000,25.000000,0.014861,-4.985139,,,435.910828,-66.845657,179.611145,-89.999886,76.999992,-89.999939,435.911102,-66.844994,179.611267,-89.999763,77.000000,-89.999718,0.122252,-0.035863,0.026772,0.008832,-0.006579,-0.013733,
feedback,2.798311,1786441548973,9,Rx,5.000000,25.000000,-0.046833,-5.046833,,,435.910828,-66.845657,179.611145,-89.999886,76.999992,-89.999939,435.911285,-66.844147,179.611359,-89.999649,77.000038,-89.999496,0.141692,0.363940,-0.057618,0.006866,0.000000,0.048065,
feedback,2.806786,1786441548977,9,Rx,5.000000,25.000000,0.033452,-4.966548,,,435.910828,-66.845657,179.611145,-89.999886,76.999992,-89.999939,435.910889,-66.844925,179.611389,-89.999649,77.000038,-89.999634,-0.095959,-0.195949,0.005269,0.000000,0.000000,-0.034332,
feedback,2.814486,1786441548986,9,Rx,5.000000,25.000000,0.014861,-4.985139,,,435.910828,-66.845657,179.611145,-89.999886,76.999992,-89.999939,435.911072,-66.844887,179.611694,-89.999413,77.000053,-89.999374,-0.059313,-0.062777,0.000682,0.008832,-0.006579,-0.013733,
feedback,2.822368,1786441548995,9,Rx,5.000000,25.000000,-0.011131,-5.011131,,,435.910828,-66.845657,179.611145,-89.999886,76.999992,-89.999939,435.910919,-66.844444,179.611053,-90.000000,76.999954,-89.999863,-0.027648,0.014272,-0.117113,-0.026495,0.019738,0.006866,
feedback,2.830444,1786441549004,9,Rx,5.000000,25.000000,0.014861,-4.985139,,,435.910828,-66.845657,179.611145,-89.999886,76.999992,-89.999939,435.910797,-66.844971,179.610992,-89.999886,76.999992,-89.999832,0.056005,-0.055650,-0.020309,0.001965,-0.006579,-0.013733,
feedback,2.838784,1786441549013,9,Rx,5.000000,25.000000,-0.014861,-5.014861,,,435.910828,-66.845657,179.611145,-89.999886,76.999992,-89.999939,435.911072,-66.845207,179.611267,-89.999763,77.000031,-89.999748,0.042125,-0.024309,-0.026857,-0.001965,0.006579,0.013733,
feedback,2.847090,1786441549022,9,Rx,5.000000,25.000000,-0.030492,-5.030492,,,435.910828,-66.845657,179.611145,-89.999886,76.999992,-89.999939,435.910675,-66.844818,179.611359,-89.999763,77.000000,-89.999687,-0.035191,0.184093,0.074619,0.003930,-0.013158,0.034332,
feedback,2.854999,1786441549026,9,Rx,5.000000,25.000000,0.005210,-4.994790,,,435.910828,-66.845657,179.611145,-89.999886,76.999992,-89.999939,435.910919,-66.844940,179.611145,-89.999886,76.999962,-89.999832,0.064992,-0.030435,-0.053032,-0.008832,0.006579,-0.006866,
feedback,2.862953,1786441549035,9,Rx,5.000000,25.000000,0.014151,-4.985849,,,435.910828,-66.845657,179.611145,-89.999886,76.999992,-89.999939,435.910370,-66.845100,179.610855,-90.000114,76.999924,-90.000061,-0.073461,-0.144168,-0.227678,-0.014727,0.026317,-0.020599,
feedback,2.871276,1786441549044,9,Rx,5.000000,25.000000,-0.000710,-5.000710,,,435.910828,-66.845657,179.611145,-89.999886,76.999992,-89.999939,435.910767,-66.845070,179.610489,-90.000351,76.999931,-90.000313,-0.078064,-0.045847,-0.223092,-0.009826,0.032896,-0.006866,
feedback,2.879485,1786441549052,9,Rx,5.000000,25.000000,0.036412,-4.963588,,,435.910828,-66.845657,179.611145,-89.999886,76.999992,-89.999939,435.910797,-66.845261,179.611481,-89.999649,77.000008,-89.999657,0.004692,-0.165885,0.069351,0.003930,-0.013158,-0.034332,
feedback,2.887572,1786441549061,9,Rx,5.000000,25.000000,0.029722,-4.970278,,,435.910828,-66.845657,179.611145,-89.999886,76.999992,-89.999939,435.911072,-66.845284,179.611465,-89.999649,77.000038,-89.999657,0.040072,-0.160105,0.053629,0.010797,-0.013158,-0.027466,
feedback,2.895621,1786441549070,9,Rx,5.000000,25.000000,0.018591,-4.981409,,,435.910828,-66.845657,179.611145,-89.999886,76.999992,-89.999939,435.910736,-66.845169,179.611206,-89.999886,76.999962,-89.999886,-0.058337,-0.112333,-0.032041,-0.001965,0.006579,-0.020599,
feedback,2.903961,1786441549079,9,Rx,5.000000,25.000000,0.037183,-4.962817,,,435.910828,-66.845657,179.611145,-89.999886,76.999992,-89.999939,435.910278,-66.845016,179.610382,-90.000465,76.999954,-90.000404,-0.124684,-0.254376,-0.064082,0.002936,0.013158,-0.041199,
feedback,2.911932,1786441549083,9,Rx,5.000000,25.000000,0.021551,-4.978449,,,435.910828,-66.845657,179.611145,-89.999886,76.999992,-89.999939,435.910828,-66.844765,179.610672,-90.000237,76.999969,-90.000145,0.077695,-0.099019,0.016319,0.008832,-0.006579,-0.020599,
feedback,2.920241,1786441549092,9,Rx,5.000000,25.000000,0.005210,-4.994790,,,435.910828,-66.845657,179.611145,-89.999886,76.999992,-89.999939,435.910217,-66.845032,179.611206,-90.000000,76.999985,-89.999947,-0.172488,-0.046733,0.015124,0.004901,0.006579,-0.006866,
feedback,2.931081,1786441549100,9,Rx,5.000000,25.000000,-0.015631,-5.015631,,,435.910828,-66.845657,179.611145,-89.999886,76.999992,-89.999939,435.910919,-66.844559,179.611862,-89.999413,77.000023,-89.999290,-0.022588,0.060844,0.159010,0.005895,-0.019738,0.020599,
feedback,2.936660,1786441549109,9,Rx,5.000000,25.000000,-0.008941,-5.008941,,,435.910828,-66.845657,179.611145,-89.999886,76.999992,-89.999939,435.910767,-66.845161,179.611099,-89.999886,76.999962,-89.999886,0.036825,0.110695,0.143288,-0.000971,-0.019738,0.013733,
feedback,2.944942,1786441549117,9,Rx,5.000000,25.000000,-0.045292,-5.045292,,,435.910828,-66.845657,179.611145,-89.999886,76.999992,-89.999939,435.910919,-66.844048,179.611298,-89.999763,77.000031,-89.999580,-0.169627,0.116620,-0.334936,-0.008855,0.052634,0.034332,
feedback,2.953083,1786441549125,9,Rx,5.000000,25.000000,0.003730,-4.996270,,,435.910828,-66.845657,179.611145,-89.999886,76.999992,-89.999939,435.910706,-66.845711,179.611481,-89.999649,77.000008,-89.999687,-0.081293,-0.128764,-0.079804,-0.003930,0.013158,-0.006866,
feedback,2.961272,1786441549134,9,Rx,5.000000,25.000000,-0.027532,-5.027532,,,435.910828,-66.845657,179.611145,-89.999886,76.999992,-89.999939,435.910828,-66.844360,179.611206,-89.999886,77.000023,-89.999748,0.213987,0.367790,0.143885,0.014727,-0.026317,0.034332,
feedback,2.969335,1786441549142,9,Rx,5.000000,25.000000,0.021551,-4.978449,,,435.910828,-66.845657,179.611145,-89.999886,76.999992,-89.999939,435.911041,-66.844505,179.611526,-89.999649,76.999977,-89.999550,-0.028446,-0.048770,0.063484,-0.004901,-0.006579,-0.020599,
feedback,2.977761,1786441549151,9,Rx,5.000000,25.000000,-0.004440,-5.004440,,,435.910828,-66.845657,179.611145,-89.999886,76.999992,-89.999939,435.910645,-66.844536,179.610977,-90.000000,76.999954,-89.999863,-0.083553,0.056996,-0.111844,0.000971,0.019738,-0.000000,
feedback,2.985759,1786441549159,9,Rx,5.000000,25.000000,-0.021551,-5.021551,,,435.910828,-66.845657,179.611145,-89.999886,76.999992,-89.999939,435.910736,-66.844719,179.611206,-89.999886,76.999992,-89.999748,-0.050326,0.052559,-0.032041,0.004901,0.006579,0.020599,
feedback,2.993920,1786441549168,9,Rx,5.000000,25.000000,-0.020842,-5.020842,,,435.910828,-66.845657,179.611145,-89.999886,76.999992,-89.999939,435.910706,-66.844048,179.611160,-89.999886,77.000046,-89.999641,0.165922,0.166998,0.143885,0.014727,-0.026317,0.027466,
feedback,3.002073,1786441549176,9,Rx,5.000000,25.000000,0.016341,-4.983659,,,435.910828,-66.845657,179.611145,-89.999886,76.999992,-89.999939,435.910767,-66.844711,179.611404,-89.999763,77.000031,-89.999634,-0.090101,-0.153925,0.100794,0.010797,-0.013158,-0.013733,
feedback,3.010510,1786441549185,9,Rx,5.000000,25.000000,0.004440,-4.995560,,,435.910828,-66.845657,179.611145,-89.999886,76.999992,-89.999939,435.910370,-66.845100,179.611145,-90.000000,76.999985,-89.999947,0.042504,0.040013,0.090939,0.012762,-0.019738,0.000000,
feedback,3.019042,1786441549193,9,Rx,5.000000,25.000000,-0.039433,-5.039433,,,435.910828,-66.845657,179.611145,-89.999886,76.999992,-89.999939,435.911102,-66.843811,179.611526,-89.999649,76.999977,-89.999413,0.241445,0.366417,0.202101,0.002959,-0.032896,0.048065,
feedback,3.028537,1786441549202,9,Rx,5.000000,25.000000,0.000770,-4.999230,,,435.910828,-66.845657,179.611145,-89.999886,76.999992,-89.999939,435.910706,-66.844444,179.610931,-90.000114,76.999977,-89.999924,-0.026572,-0.003150,-0.164876,0.012739,0.026317,-0.006866,
feedback,3.035322,1786441549206,9,Rx,5.000000,25.000000,0.033452,-4.966548,,,435.910828,-66.845657,179.611145,-89.999886,76.999992,-89.999939,435.910431,-66.845306,179.610992,-90.000114,76.999947,-90.000061,-0.067424,-0.214743,0.015722,-0.006866,-0.000000,-0.034332,
feedback,3.043588,1786441549215,9,Rx,5.000000,25.000000,0.026762,-4.973238,,,435.910828,-66.845657,179.611145,-89.999886,76.999992,-89.999939,435.910736,-66.844688,179.610641,-90.000237,76.999939,-90.000145,0.042226,-0.104826,-0.041897,-0.006866,-0.000000,-0.027466,
feedback,3.051665,1786441549223,9,Rx,5.000000,25.000000,-0.016341,-5.016341,,,435.910828,-66.845657,179.611145,-89.999886,76.999992,-89.999939,435.911133,-66.844383,179.611191,-89.999886,76.999992,-89.999748,0.002153,0.100339,-0.095525,0.009803,0.013159,0.013733,
feedback,3.059839,1786441549232,9,Rx,5.000000,25.000000,-0.032682,-5.032682,,,435.910828,-66.845657,179.611145,-89.999886,76.999992,-89.999939,435.910919,-66.844444,179.610764,-90.000114,77.000008,-89.999977,-0.019727,0.111547,-0.191051,0.005872,0.026317,0.027466,
feedback,3.068218,1786441549240,9,Rx,5.000000,25.000000,-0.014151,-5.014151,,,435.910828,-66.845657,179.611145,-89.999886,76.999992,-89.999939,435.911133,-66.844406,179.611374,-89.999763,76.999947,-89.999611,0.159077,0.142423,0.170060,0.000994,-0.026317,0.020599,
feedback,3.076898,1786441549249,9,Rx,5.000000,25.000000,-0.051273,-5.051273,,,435.910828,-66.845657,179.611145,-89.999886,76.999992,-89.999939,435.910858,-66.844299,179.610870,-90.000114,76.999947,-89.999893,0.082000,0.236840,-0.174732,0.000971,0.019738,0.048065,
feedback,3.084616,1786441549257,9,Rx,5.000000,25.000000,-0.043103,-5.043103,,,435.910828,-66.845657,179.611145,-89.999886,76.999992,-89.999939,435.910522,-66.844566,179.610809,-90.000237,76.999939,-90.000092,0.034196,0.309300,-0.095525,-0.003930,0.013158,0.041199,
feedback,3.093023,1786441549266,9,Rx,5.000000,25.000000,0.036412,-4.963588,,,435.910828,-66.845657,179.611145,-89.999886,76.999992,-89.999939,435.911591,-66.844719,179.611725,-89.999413,77.000000,-89.999405,0.137197,-0.071672,0.074535,-0.002936,-0.013158,-0.034332,
feedback,3.101146,1786441549274,9,Rx,5.000000,25.000000,0.011901,-4.988099,,,435.910828,-66.845657,179.611145,-89.999886,76.999992,-89.999939,435.910156,-66.845543,179.610916,-90.000114,76.999977,-90.000145,-0.044646,-0.085713,-0.084390,0.004901,0.006579,-0.013733,
feedback,3.109702,1786441549282,9,Rx,5.000000,25.000000,0.037183,-4.962817,,,435.910828,-66.845657,179.611145,-89.999886,76.999992,-89.999939,435.910431,-66.845482,179.610703,-90.000237,76.999916,-90.000229,-0.109828,-0.222621,-0.090256,-0.003930,0.013158,-0.041199,
feedback,3.119096,1786441549291,9,Rx,5.000000,25.000000,-0.025282,-5.025282,,,435.910828,-66.845657,179.611145,-89.999886,76.999992,-89.999939,435.910553,-66.845070,179.611267,-89.999886,76.999962,-89.999802,0.006934,0.092193,0.047763,-0.004901,-0.006579,0.027466,
feedback,3.125313,1786441549299,9,Rx,5.000000,25.000000,0.003730,-4.996270,,,435.910828,-66.845657,179.611145,-89.999886,76.999992,-89.999939,435.910706,-66.845078,179.610931,-90.000114,76.999977,-90.000114,-0.033227,0.049497,-0.079804,0.009803,0.013158,-0.006866,
feedback,3.133557,1786441549308,9,Rx,5.000000,25.000000,-0.008880,-5.008880,,,435.910828,-66.845657,179.611145,-89.999886,76.999992,-89.999939,435.910645,-66.845131,179.610641,-90.000237,76.999916,-90.000175,-0.021083,-0.060932,-0.276123,-0.018657,0.039475,0.000000,
feedback,3.142006,1786441549316,9,Rx,5.000000,25.000000,0.002250,-4.997750,,,435.910828,-66.845657,179.611145,-89.999886,76.999992,-89.999939,435.910248,-66.845093,179.610916,-90.000114,76.999924,-90.000114,-0.126944,0.021505,-0.096122,-0.012762,0.019738,-0.006866,
feedback,3.150705,1786441549321,9,Rx,5.000000,25.000000,-0.003730,-5.003730,,,435.910828,-66.845657,179.611145,-89.999886,76.999992,-89.999939,435.910858,-66.845154,179.611252,-89.999886,76.999962,-89.999855,0.149711,-0.014705,0.084988,0.010797,-0.013158,0.006866,
feedback,3.158517,1786441549329,9,Rx,5.000000,25.000000,-0.013381,-5.013381,,,435.910828,-66.845657,179.611145,-89.999886,76.999992,-89.999939,435.911346,-66.845009,179.611496,-89.999535,77.000015,-89.999519,0.138184,0.113652,-0.047165,0.006866,-0.000000,0.013733,
feedback,3.166144,1786441549338,9,Rx,5.000000,25.000000,-0.020071,-5.020071,,,435.910828,-66.845657,179.611145,-89.999886,76.999992,-89.999939,435.910950,-66.844749,179.611038,-89.999886,76.999992,-89.999779,0.006845,0.069636,-0.026175,0.006866,0.000000,0.020599,
feedback,3.174966,1786441549346,9,Rx,5.000000,25.000000,0.008170,-4.991830,,,435.910828,-66.845657,179.611145,-89.999886,76.999992,-89.999939,435.910736,-66.844696,179.611023,-90.000000,76.999954,-89.999893,0.064016,-0.003409,-0.020309,0.001965,-0.006579,-0.006866,
feedback,3.182318,1786441549354,9,Rx,5.000000,25.000000,0.016341,-4.983659,,,435.910828,-66.845657,179.611145,-89.999886,76.999992,-89.999939,435.910461,-66.845474,179.610886,-90.000114,76.999977,-90.000114,0.012703,-0.068584,0.069351,0.003930,-0.013158,-0.013733,
feedback,3.190830,1786441549363,9,Rx,5.000000,25.000000,-0.035703,-5.035703,,,435.910828,-66.845657,179.611145,-89.999886,76.999992,-89.999939,435.911469,-66.844124,179.611877,-89.999298,77.000031,-89.999100,0.158987,0.209987,0.096123,0.012762,-0.019738,0.041199,
feedback,3.198767,1786441549371,9,Rx,5.000000,25.000000,0.017111,-4.982889,,,435.910828,-66.845657,179.611145,-89.999886,76.999992,-89.999939,435.910522,-66.845055,179.610886,-90.000114,76.999947,-90.000061,-0.073282,-0.144114,-0.079804,0.002936,0.013158,-0.020599,
feedback,3.206930,1786441549379,9,Rx,5.000000,25.000000,-0.009650,-5.009650,,,435.910828,-66.845657,179.611145,-89.999886,76.999992,-89.999939,435.910553,-66.845268,179.610550,-90.000351,76.999962,-90.000290,0.016998,0.054925,-0.032723,-0.003930,0.013158,0.006866,
feedback,3.215013,1786441549388,9,Rx,5.000000,25.000000,-0.020071,-5.020071,,,435.910828,-66.845657,179.611145,-89.999886,76.999992,-89.999939,435.910797,-66.844490,179.611023,-90.000000,76.999985,-89.999863,0.154206,0.195603,-0.047165,0.000000,-0.000000,0.020599,
feedback,3.223643,1786441549396,9,Rx,5.000000,25.000000,-0.003730,-5.003730,,,435.910828,-66.845657,179.611145,-89.999886,76.999992,-89.999939,435.910889,-66.845146,179.611145,-89.999886,77.000023,-89.999855,0.051581,0.065254,0.132153,0.017663,-0.013158,0.006866,
feedback,3.231435,1786441549405,9,Rx,5.000000,25.000000,0.064654,-4.935346,,,435.910828,-66.845657,179.611145,-89.999886,76.999992,-89.999939,435.910980,-66.845772,179.611618,-89.999535,76.999992,-89.999680,0.038995,-0.300395,0.101392,0.005895,-0.019738,-0.061798,
feedback,3.241319,1786441549414,9,Rx,5.000000,25.000000,0.020781,-4.979219,,,435.910828,-66.845657,179.611145,-89.999886,76.999992,-89.999939,435.910736,-66.845207,179.611588,-89.999649,76.999977,-89.999603,0.089411,-0.127624,0.207370,0.009826,-0.032896,-0.013733,
feedback,3.247977,1786441549422,9,Rx,5.000000,25.000000,0.011901,-4.988099,,,435.910828,-66.845657,179.611145,-89.999886,76.999992,-89.999939,435.910614,-66.845245,179.610825,-90.000114,76.999924,-90.000061,-0.038978,-0.165973,-0.047763,-0.008832,0.006579,-0.013733,
feedback,3.256168,1786441549431,9,Rx,5.000000,25.000000,-0.005210,-5.005210,,,435.910828,-66.845657,179.611145,-89.999886,76.999992,-89.999939,435.910767,-66.844803,179.611099,-89.999886,76.999962,-89.999779,-0.029612,0.013686,0.037310,-0.011768,-0.006579,0.006866,
feedback,3.264280,1786441549435,9,Rx,5.000000,25.000000,0.012671,-4.987329,,,435.910828,-66.845657,179.611145,-89.999886,76.999992,-89.999939,435.910736,-66.845200,179.610291,-90.000465,76.999954,-90.000427,-0.012982,-0.098786,-0.202186,-0.002959,0.032896,-0.020599,
feedback,3.272484,1786441549444,9,Rx,5.000000,25.000000,-0.005210,-5.005210,,,435.910828,-66.845657,179.611145,-89.999886,76.999992,-89.999939,435.910583,-66.844948,179.611267,-89.999886,76.999962,-89.999802,-0.087859,-0.031030,0.079206,-0.004901,-0.006579,0.006866,
feedback,3.280704,1786441549452,9,Rx,5.000000,25.000000,0.024511,-4.975489,,,435.910828,-66.845657,179.611145,-89.999886,76.999992,-89.999939,435.910889,-66.845146,179.611435,-89.999763,77.000000,-89.999748,0.091564,-0.094877,0.111845,0.026495,-0.019738,-0.020599,
feedback,3.289125,1786441549461,9,Rx,5.000000,25.000000,-0.019301,-5.019301,,,435.910828,-66.845657,179.611145,-89.999886,76.999992,-89.999939,435.910645,-66.844666,179.610748,-90.000237,76.999969,-90.000061,-0.042594,0.005021,-0.164876,-0.000994,0.026317,0.013733,
feedback,3.297160,1786441549469,9,Rx,5.000000,25.000000,-0.006690,-5.006690,,,435.910828,-66.845657,179.611145,-89.999886,76.999992,-89.999939,435.910065,-66.844994,179.610977,-90.000114,76.999947,-90.000031,-0.107307,0.045114,0.020991,-0.006866,-0.000000,0.006866,
feedback,3.305326,1786441549477,9,Rx,5.000000,25.000000,-0.023031,-5.023031,,,435.910828,-66.845657,179.611145,-89.999886,76.999992,-89.999939,435.910126,-66.845291,179.610825,-90.000237,76.999916,-90.000175,-0.136032,0.054277,-0.048360,-0.010797,0.013158,0.020599,
feedback,3.313507,1786441549486,9,Rx,5.000000,25.000000,-0.000770,-5.000770,,,435.910828,-66.845657,179.611145,-89.999886,76.999992,-89.999939,435.910706,-66.845131,179.611099,-89.999886,76.999992,-89.999802,0.105343,-0.000640,0.133432,0.007861,-0.026317,0.006866,
feedback,3.321750,1786441549494,9,Rx,5.000000,25.000000,-0.049023,-5.049023,,,435.910828,-66.845657,179.611145,-89.999886,76.999992,-89.999939,435.910706,-66.844246,179.610443,-90.000351,76.999992,-90.000122,-0.067811,0.196880,-0.244680,-0.004924,0.039475,0.041199,
feedback,3.330255,1786441549502,9,Rx,5.000000,25.000000,-0.019301,-5.019301,,,435.910828,-66.845657,179.611145,-89.999886,76.999992,-89.999939,435.910339,-66.844528,179.610870,-90.000237,76.999939,-90.000061,-0.009385,0.151527,-0.138701,-0.007861,0.026317,0.013733,
feedback,3.338077,1786441549511,9,Rx,5.000000,25.000000,0.026762,-4.973238,,,435.910828,-66.845657,179.611145,-89.999886,76.999992,-89.999939,435.910522,-66.845039,179.610992,-90.000114,76.999977,-90.000084,-0.036546,-0.101037,-0.010453,0.020599,0.000000,-0.027466,
feedback,3.346619,1786441549520,9,Rx,5.000000,25.000000,-0.014151,-5.014151,,,435.910828,-66.845657,179.611145,-89.999886,76.999992,-89.999939,435.910980,-66.844360,179.611343,-89.999763,76.999969,-89.999580,0.193291,0.098008,0.128164,0.000994,-0.026317,0.020599,
feedback,3.354548,1786441549529,9,Rx,5.000000,25.000000,-0.002250,-5.002250,,,435.910828,-66.845657,179.611145,-89.999886,76.999992,-89.999939,435.911194,-66.844276,179.611267,-89.999763,77.000000,-89.999611,0.115596,0.084375,0.111845,0.012762,-0.019738,0.006866,
feedback,3.365581,1786441549537,9,Rx,5.000000,25.000000,0.000710,-4.999290,,,435.910828,-66.845657,179.611145,-89.999886,76.999992,-89.999939,435.910919,-66.844070,179.611786,-89.999535,76.999992,-89.999321,0.042682,0.062597,0.238814,0.009826,-0.032896,0.006866,
feedback,3.370961,1786441549546,9,Rx,5.000000,25.000000,0.050564,-4.949436,,,435.910828,-66.845657,179.611145,-89.999886,76.999992,-89.999939,435.910370,-66.845505,179.610931,-90.000000,76.999985,-90.000000,-0.135027,-0.384478,-0.116431,0.009803,0.013158,-0.054932,
feedback,3.379224,1786441549554,9,Rx,5.000000,25.000000,0.011131,-4.988869,,,435.910828,-66.845657,179.611145,-89.999886,76.999992,-89.999939,435.910736,-66.844986,179.611206,-89.999886,76.999962,-89.999832,0.049338,-0.035111,0.153741,0.005895,-0.019738,-0.006866,
feedback,3.387365,1786441549558,9,Rx,5.000000,25.000000,0.015631,-4.984369,,,435.910828,-66.845657,179.611145,-89.999886,76.999992,-89.999939,435.910492,-66.845444,179.610596,-90.000237,76.999969,-90.000252,-0.065361,-0.114431,-0.153741,0.000971,0.019738,-0.020599,
feedback,3.395551,1786441549567,9,Rx,5.000000,25.000000,-0.020071,-5.020071,,,435.910828,-66.845657,179.611145,-89.999886,76.999992,-89.999939,435.910553,-66.844757,179.610886,-90.000114,76.999947,-90.000008,-0.027370,0.114051,0.015722,0.006866,0.000000,0.020599,
feedback,3.403653,1786441549575,9,Rx,5.000000,25.000000,-0.029722,-5.029722,,,435.910828,-66.845657,179.611145,-89.999886,76.999992,-89.999939,435.910706,-66.844513,179.611359,-89.999763,76.999947,-89.999634,-0.099486,0.087723,-0.037907,-0.010797,0.013158,0.027466,
feedback,3.412014,1786441549584,9,Rx,5.000000,25.000000,0.034162,-4.965838,,,435.910828,-66.845657,179.611145,-89.999886,76.999992,-89.999939,435.910950,-66.845016,179.611343,-89.999763,77.000000,-89.999748,0.120289,-0.081510,0.181195,0.016692,-0.032896,-0.027466,
feedback,3.420266,1786441549592,9,Rx,5.000000,25.000000,0.001480,-4.998520,,,435.910828,-66.845657,179.611145,-89.999886,76.999992,-89.999939,435.911133,-66.844978,179.611359,-89.999649,76.999977,-89.999603,0.005769,-0.025594,0.021588,0.008832,-0.006579,0.000000,
feedback,3.428603,1786441549601,9,Rx,5.000000,25.000000,0.015631,-4.984369,,,435.910828,-66.845657,179.611145,-89.999886,76.999992,-89.999939,435.910980,-66.845428,179.610886,-90.000000,76.999954,-90.000000,0.013411,-0.118220,-0.185185,-0.005895,0.019738,-0.020599,
feedback,3.436637,1786441549609,9,Rx,5.000000,25.000000,-0.014861,-5.014861,,,435.910828,-66.845657,179.611145,-89.999886,76.999992,-89.999939,435.911041,-66.844124,179.611038,-89.999886,76.999962,-89.999695,0.015932,0.104454,-0.073938,0.004901,0.006579,0.013733,
feedback,3.445141,1786441549617,9,Rx,5.000000,25.000000,0.010421,-4.989579,,,435.910828,-66.845657,179.611145,-89.999886,76.999992,-89.999939,435.910583,-66.844749,179.611374,-89.999886,76.999939,-89.999779,-0.100651,-0.075124,-0.064082,-0.017663,0.013158,-0.013733,
feedback,3.452984,1786441549626,9,Rx,5.000000,25.000000,-0.009711,-5.009711,,,435.910828,-66.845657,179.611145,-89.999886,76.999992,-89.999939,435.911438,-66.844490,179.611679,-89.999413,77.000023,-89.999321,0.259828,0.227151,0.219103,0.013756,-0.046055,0.020599,
feedback,3.461143,1786441549634,9,Rx,5.000000,25.000000,0.040143,-4.959857,,,435.910828,-66.845657,179.611145,-89.999886,76.999992,-89.999939,435.910858,-66.844978,179.610962,-90.000000,76.999985,-89.999916,0.054739,-0.228102,-0.031444,0.006866,0.000000,-0.041199,
feedback,3.469456,1786441549643,9,Rx,5.000000,25.000000,0.024511,-4.975489,,,435.910828,-66.845657,179.611145,-89.999886,76.999992,-89.999939,435.910706,-66.845490,179.611404,-89.999763,77.000031,-89.999802,0.027648,-0.059333,0.117113,0.019628,-0.019738,-0.020599,
feedback,3.477618,1786441549651,9,Rx,5.000000,25.000000,-0.029722,-5.029722,,,435.910828,-66.845657,179.611145,-89.999886,76.999992,-89.999939,435.910675,-66.845116,179.611023,-90.000000,77.000015,-89.999947,-0.099486,0.087724,-0.037907,0.016669,0.013159,0.027466,
feedback,3.485665,1786441549660,9,Rx,5.000000,25.000000,-0.046063,-5.046063,,,435.910828,-66.845657,179.611145,-89.999886,76.999992,-89.999939,435.910553,-66.844269,179.610214,-90.000465,76.999954,-90.000267,0.047696,0.258698,-0.206773,-0.007861,0.026317,0.041199,
feedback,3.493764,1786441549668,9,Rx,5.000000,25.000000,-0.000770,-5.000770,,,435.910828,-66.845657,179.611145,-89.999886,76.999992,-89.999939,435.911255,-66.845253,179.611298,-89.999649,77.000008,-89.999634,0.139558,-0.045055,0.091536,0.000994,-0.026317,0.006866,
feedback,3.501890,1786441549676,9,Rx,5.000000,25.000000,0.018591,-4.981409,,,435.910828,-66.845657,179.611145,-89.999886,76.999992,-89.999939,435.910675,-66.844933,179.611023,-90.000000,77.000015,-89.999893,-0.002432,-0.177587,-0.037310,0.011768,0.006579,-0.020599,
feedback,3.510167,1786441549685,9,Rx,5.000000,25.000000,0.026762,-4.973238,,,435.910828,-66.845657,179.611145,-89.999886,76.999992,-89.999939,435.910706,-66.845306,179.611404,-89.999763,77.000000,-89.999748,-0.024033,-0.179252,-0.000000,0.013733,0.000000,-0.027466,
feedback,3.518322,1786441549693,9,Rx,5.000000,25.000000,0.045353,-4.954647,,,435.910828,-66.845657,179.611145,-89.999886,76.999992,-89.999939,435.910614,-66.845627,179.610718,-90.000114,77.000008,-90.000145,-0.066348,-0.232164,-0.032041,-0.008832,0.006579,-0.048065,
feedback,3.526603,1786441549702,9,Rx,5.000000,25.000000,-0.008170,-5.008170,,,435.910828,-66.845657,179.611145,-89.999886,76.999992,-89.999939,435.910858,-66.844955,179.610474,-90.000237,77.000000,-90.000175,0.094704,0.078135,-0.105381,0.004901,0.006579,0.006866,
feedback,3.534662,1786441549710,9,Rx,5.000000,25.000000,0.000000,-5.000000,,,435.910828,-66.845657,179.611145,-89.999886,76.999992,-89.999939,435.910706,-66.845085,179.611023,-90.000000,76.999985,-89.999969,0.000000,0.000000,0.000000,0.000000,0.000000,0.000000,
feedback,3.542848,1786441549714,9,Rx,5.000000,25.000000,0.014861,-4.985139,,,435.910828,-66.845657,179.611145,-89.999886,76.999992,-89.999939,435.910400,-66.845474,179.611237,-89.999886,76.999992,-89.999916,-0.081014,-0.096576,0.053031,0.001965,-0.006579,-0.013733,
feedback,3.553446,1786441549723,9,Rx,5.000000,25.000000,0.034162,-4.965838,,,435.910828,-66.845657,179.611145,-89.999886,76.999992,-89.999939,435.910980,-66.845322,179.611618,-89.999535,77.000015,-89.999542,0.089411,-0.172685,0.207370,0.009826,-0.032896,-0.027466,
feedback,3.559244,1786441549731,9,Rx,5.000000,25.000000,-0.014861,-5.014861,,,435.910828,-66.845657,179.611145,-89.999886,76.999992,-89.999939,435.911041,-66.844124,179.611343,-89.999763,76.999969,-89.999580,-0.058337,0.000319,-0.032041,-0.022565,0.006579,0.013733,
feedback,3.568237,1786441549740,9,Rx,5.000000,25.000000,-0.046833,-5.046833,,,435.910828,-66.845657,179.611145,-89.999886,76.999992,-89.999939,435.910736,-66.844398,179.611038,-90.000114,76.999977,-89.999977,0.077766,0.344845,0.036628,0.000000,0.000000,0.048065,
feedback,3.575946,1786441549748,9,Rx,5.000000,25.000000,-0.005210,-5.005210,,,435.910828,-66.845657,179.611145,-89.999886,76.999992,-89.999939,435.911194,-66.843948,179.611618,-89.999535,76.999992,-89.999382,-0.050136,0.062190,0.026857,0.001965,-0.006579,0.006866,
feedback,3.584290,1786441549756,9,Rx,5.000000,25.000000,0.031202,-4.968798,,,435.910828,-66.845657,179.611145,-89.999886,76.999992,-89.999939,435.911011,-66.845184,179.611725,-89.999535,76.999962,-89.999573,0.115596,-0.028277,0.111845,-0.007837,-0.019738,-0.027466,
feedback,3.592211,1786441549765,9,Rx,5.000000,25.000000,-0.008941,-5.008941,,,435.910828,-66.845657,179.611145,-89.999886,76.999992,-89.999939,435.910614,-66.844559,179.611267,-89.999886,76.999962,-89.999718,-0.007732,0.070069,0.132835,0.005895,-0.019738,0.013733,
feedback,3.600374,1786441549773,9,Rx,5.000000,25.000000,-0.004440,-5.004440,,,435.910828,-66.845657,179.611145,-89.999886,76.999992,-89.999939,435.911011,-66.844688,179.611343,-89.999763,76.999969,-89.999718,-0.019637,0.021452,-0.117113,-0.005895,0.019738,0.000000,
feedback,3.609429,1786441549782,9,Rx,5.000000,25.000000,0.008941,-4.991059,,,435.910828,-66.845657,179.611145,-89.999886,76.999992,-89.999939,435.910278,-66.844757,179.610489,-90.000465,76.999954,-90.000320,-0.129287,-0.110995,-0.059495,0.000971,0.019738,-0.013733,
feedback,3.616606,1786441549790,9,Rx,5.000000,25.000000,-0.060214,-5.060214,,,435.910828,-66.845657,179.611145,-89.999886,76.999992,-89.999939,435.910950,-66.844345,179.611252,-89.999886,76.999992,-89.999718,0.033209,0.349280,0.026175,0.006866,0.000000,0.061798,
feedback,3.624985,1786441549798,9,Rx,5.000000,25.000000,-0.029012,-5.029012,,,435.910828,-66.845657,179.611145,-89.999886,76.999992,-89.999939,435.910461,-66.844872,179.610611,-90.000351,76.999992,-90.000259,0.116762,0.202162,0.138019,0.005895,-0.019738,0.034332,
feedback,3.633050,1786441549807,9,Rx,5.000000,25.000000,0.001480,-4.998520,,,435.910828,-66.845657,179.611145,-89.999886,76.999992,-89.999939,435.910736,-66.845100,179.611099,-89.999886,76.999962,-89.999832,0.028636,0.035871,-0.004587,-0.004901,-0.006579,-0.000000,
feedback,3.641268,1786441549815,9,Rx,5.000000,25.000000,-0.026762,-5.026762,,,435.910828,-66.845657,179.611145,-89.999886,76.999992,-89.999939,435.910919,-66.844246,179.610870,-90.000114,76.999977,-89.999947,0.113146,0.260504,0.020906,-0.000000,-0.000000,0.027466,
feedback,3.650577,1786441549824,9,Rx,5.000000,25.000000,-0.030492,-5.030492,,,435.910828,-66.845657,179.611145,-89.999886,76.999992,-89.999939,435.910614,-66.844742,179.611267,-89.999886,76.999992,-89.999779,0.001355,0.195009,0.085072,0.003930,-0.013158,0.034332,
feedback,3.657638,1786441549832,9,Rx,5.000000,25.000000,0.049084,-4.950916,,,435.910828,-66.845657,179.611145,-89.999886,76.999992,-89.999939,435.910614,-66.845802,179.611023,-90.000000,76.999931,-90.000084,-0.008290,-0.264671,-0.132835,-0.012762,0.019738,-0.054932,
feedback,3.665893,1786441549837,9,Rx,5.000000,25.000000,-0.011901,-5.011901,,,435.910828,-66.845657,179.611145,-89.999886,76.999992,-89.999939,435.910492,-66.845558,179.611374,-89.999886,77.000023,-89.999916,-0.035291,0.061837,0.089659,0.022565,-0.006579,0.013733,
feedback,3.674784,1786441549845,9,Rx,5.000000,25.000000,-0.029722,-5.029722,,,435.910828,-66.845657,179.611145,-89.999886,76.999992,-89.999939,435.910522,-66.844986,179.611084,-90.000000,76.999985,-89.999893,-0.004692,0.143355,-0.069351,0.002936,0.013158,0.027466,
feedback,3.682129,1786441549854,9,Rx,5.000000,25.000000,-0.005210,-5.005210,,,435.910828,-66.845657,179.611145,-89.999886,76.999992,-89.999939,435.910919,-66.845139,179.611343,-89.999763,77.000031,-89.999748,0.051491,0.065228,0.058216,0.008832,-0.006579,0.006866,
feedback,3.690587,1786441549862,9,Rx,5.000000,25.000000,0.011131,-4.988869,,,435.910828,-66.845657,179.611145,-89.999886,76.999992,-89.999939,435.910919,-66.844940,179.611435,-89.999763,76.999969,-89.999718,0.049338,-0.035111,0.153741,0.005895,-0.019738,-0.006866,
feedback,3.699497,1786441549871,9,Rx,5.000000,25.000000,-0.011901,-5.011901,,,435.910828,-66.845657,179.611145,-89.999886,76.999992,-89.999939,435.910767,-66.844894,179.611404,-89.999763,76.999969,-89.999687,0.050326,0.060092,0.032041,0.001965,-0.006579,0.013733,
feedback,3.707126,1786441549879,9,Rx,5.000000,25.000000,0.000770,-4.999230,,,435.910828,-66.845657,179.611145,-89.999886,76.999992,-89.999939,435.910706,-66.845398,179.611099,-89.999886,76.999962,-89.999886,-0.122531,-0.086446,-0.159607,-0.014727,0.026317,-0.006866,
feedback,3.715432,1786441549888,9,Rx,5.000000,25.000000,0.031972,-4.968028,,,435.910828,-66.845657,179.611145,-89.999886,76.999992,-89.999939,435.911041,-66.845390,179.611084,-89.999886,76.999992,-89.999916,-0.037812,-0.205898,-0.021588,-0.001965,0.006579,-0.034332,
feedback,3.723742,1786441549896,9,Rx,5.000000,25.000000,0.022261,-4.977739,,,435.910828,-66.845657,179.611145,-89.999886,76.999992,-89.999939,435.910706,-66.845009,179.611130,-90.000000,76.999985,-89.999947,0.105522,-0.068177,0.281307,0.011791,-0.039475,-0.013733,
feedback,3.732326,1786441549905,9,Rx,5.000000,25.000000,-0.037892,-5.037892,,,435.910828,-66.845657,179.611145,-89.999886,76.999992,-89.999939,435.911011,-66.844444,179.611526,-89.999649,77.000061,-89.999496,-0.107586,0.080517,-0.111845,0.021570,0.019738,0.034332,
feedback,3.739769,1786441549913,9,Rx,5.000000,25.000000,-0.002190,-5.002190,,,435.910828,-66.845657,179.611145,-89.999886,76.999992,-89.999939,435.910767,-66.845108,179.610275,-90.000351,76.999931,-90.000259,-0.073651,-0.153799,-0.286576,-0.025524,0.039475,-0.006866,
feedback,3.748830,1786441549921,9,Rx,5.000000,25.000000,-0.010421,-5.010421,,,435.910828,-66.845657,179.611145,-89.999886,76.999992,-89.999939,435.911224,-66.844360,179.611465,-89.999649,77.000038,-89.999519,0.074447,0.149250,0.105979,0.017663,-0.013158,0.013733,
feedback,3.756599,1786441549930,9,Rx,5.000000,25.000000,-0.013381,-5.013381,,,435.910828,-66.845657,179.611145,-89.999886,76.999992,-89.999939,435.910889,-66.844788,179.611145,-89.999886,76.999962,-89.999748,0.079937,0.068937,-0.005269,-0.000000,-0.000000,0.013733,
feedback,3.765232,1786441549938,9,Rx,5.000000,25.000000,-0.023031,-5.023031,,,435.910828,-66.845657,179.611145,-89.999886,76.999992,-89.999939,435.910583,-66.845352,179.610748,-90.000237,77.000000,-90.000198,-0.020714,0.061404,-0.069351,0.009803,0.013158,0.020599,
feedback,3.773575,1786441549946,9,Rx,5.000000,25.000000,0.002960,-4.997040,,,435.910828,-66.845657,179.611145,-89.999886,76.999992,-89.999939,435.910858,-66.844826,179.611298,-89.999763,77.000000,-89.999748,0.094983,0.110323,0.027454,-0.002936,-0.013158,-0.000000,
feedback,3.781254,1786441549955,9,Rx,5.000000,25.000000,0.032682,-4.967318,,,435.910828,-66.845657,179.611145,-89.999886,76.999992,-89.999939,435.910889,-66.844543,179.611481,-89.999649,77.000008,-89.999550,-0.008808,-0.092752,0.180598,0.007861,-0.026317,-0.027466,
feedback,3.789781,1786441549963,9,Rx,5.000000,25.000000,0.011901,-4.988099,,,435.910828,-66.845657,179.611145,-89.999886,76.999992,-89.999939,435.910461,-66.845184,179.610703,-90.000237,77.000000,-90.000175,-0.101728,-0.102763,-0.016319,-0.008832,0.006579,-0.013733,
feedback,3.799958,1786441549972,9,Rx,5.000000,25.000000,-0.024511,-5.024511,,,435.910828,-66.845657,179.611145,-89.999886,76.999992,-89.999939,435.910675,-66.845116,179.611023,-90.000000,76.999931,-89.999947,-0.043670,-0.000088,-0.117113,-0.019628,0.019738,0.020599,
feedback,3.805467,1786441549980,9,Rx,5.000000,25.000000,0.002960,-4.997040,,,435.910828,-66.845657,179.611145,-89.999886,76.999992,-89.999939,435.911041,-66.844505,179.611526,-89.999649,77.000038,-89.999550,-0.021512,0.020892,0.111247,0.003930,-0.013158,0.000000,
feedback,3.813800,1786441549984,9,Rx,5.000000,25.000000,0.003730,-4.996270,,,435.910828,-66.845657,179.611145,-89.999886,76.999992,-89.999939,435.910431,-66.845375,179.610504,-90.000351,77.000015,-90.000343,-0.065271,-0.069343,-0.079803,0.009803,0.013158,-0.006866,
feedback,3.821730,1786441549993,9,Rx,5.000000,25.000000,0.009650,-4.990350,,,435.910828,-66.845657,179.611145,-89.999886,76.999992,-89.999939,435.910461,-66.845566,179.610886,-90.000114,76.999947,-90.000145,0.005858,-0.048098,0.095525,-0.016669,-0.013158,-0.006866,
feedback,3.829833,1786441550002,9,Rx,5.000000,25.000000,-0.003730,-5.003730,,,435.910828,-66.845657,179.611145,-89.999886,76.999992,-89.999939,435.910675,-66.845230,179.611511,-89.999763,77.000000,-89.999718,0.000178,0.022584,0.147875,0.010797,-0.013158,0.006866,
feedback,3.838024,1786441550011,9,Rx,5.000000,25.000000,0.018591,-4.981409,,,435.910828,-66.845657,179.611145,-89.999886,76.999992,-89.999939,435.910797,-66.844955,179.611404,-89.999763,77.000000,-89.999748,-0.051491,-0.110288,-0.058216,-0.001965,0.006579,-0.020599,
feedback,3.846409,1786441550020,9,Rx,5.000000,25.000000,-0.004440,-5.004440,,,435.910828,-66.845657,179.611145,-89.999886,76.999992,-89.999939,435.910431,-66.845261,179.610321,-90.000465,76.999977,-90.000458,-0.012793,0.023496,-0.143288,0.007837,0.019738,-0.000000,
feedback,3.854294,1786441550029,9,Rx,5.000000,25.000000,-0.013381,-5.013381,,,435.910828,-66.845657,179.611145,-89.999886,76.999992,-89.999939,435.910706,-66.845108,179.610916,-90.000000,76.999985,-89.999947,0.078771,0.041271,-0.031444,-0.006866,-0.000000,0.013733,
feedback,3.862560,1786441550037,9,Rx,5.000000,25.000000,0.054233,-4.945767,,,435.910828,-66.845657,179.611145,-89.999886,76.999992,-89.999939,435.910858,-66.845512,179.610962,-90.000000,76.999954,-90.000084,0.120289,-0.149101,0.181195,0.002959,-0.032896,-0.048065,
feedback,3.870669,1786441550042,9,Rx,5.000000,25.000000,-0.026762,-5.026762,,,435.910828,-66.845657,179.611145,-89.999886,76.999992,-89.999939,435.910828,-66.845276,179.610962,-90.000000,76.999954,-89.999969,-0.008011,0.060411,-0.000000,0.000000,0.000000,0.027466,
feedback,3.878861,1786441550051,9,Rx,5.000000,25.000000,0.016341,-4.983659,,,435.910828,-66.845657,179.611145,-89.999886,76.999992,-89.999939,435.910706,-66.845177,179.611313,-89.999886,77.000023,-89.999886,0.085795,-0.046752,0.090257,0.017663,-0.013158,-0.013733,
feedback,3.887104,1786441550060,9,Rx,5.000000,25.000000,-0.002960,-5.002960,,,435.910828,-66.845657,179.611145,-89.999886,76.999992,-89.999939,435.910309,-66.845024,179.610764,-90.000237,76.999939,-90.000145,-0.166909,-0.104489,-0.022185,-0.003930,0.013158,-0.000000,
feedback,3.895377,1786441550068,9,Rx,5.000000,25.000000,0.046833,-4.953167,,,435.910828,-66.845657,179.611145,-89.999886,76.999992,-89.999939,435.910919,-66.845428,179.611526,-89.999649,77.000008,-89.999687,-0.075435,-0.289514,0.015722,0.000000,0.000000,-0.048065,
feedback,3.903433,1786441550077,9,Rx,5.000000,25.000000,-0.004440,-5.004440,,,435.910828,-66.845657,179.611145,-89.999886,76.999992,-89.999939,435.910339,-66.845200,179.610947,-90.000114,76.999947,-90.000084,-0.122442,-0.063889,-0.085670,-0.012762,0.019738,0.000000,
feedback,3.911553,1786441550085,9,Rx,5.000000,25.000000,0.023092,-4.976908,,,435.910828,-66.845657,179.611145,-89.999886,76.999992,-89.999939,435.910431,-66.845467,179.610504,-90.000351,76.999931,-90.000366,-0.107954,-0.199531,-0.318617,-0.020622,0.046055,-0.034332,
feedback,3.919938,1786441550093,9,Rx,5.000000,25.000000,0.018591,-4.981409,,,435.910828,-66.845657,179.611145,-89.999886,76.999992,-89.999939,435.910645,-66.844696,179.611084,-90.000000,76.999954,-89.999947,-0.057171,-0.084667,-0.005866,-0.001965,0.006579,-0.020599,
feedback,3.927938,1786441550102,9,Rx,5.000000,25.000000,-0.020071,-5.020071,,,435.910828,-66.845657,179.611145,-89.999886,76.999992,-89.999939,435.910431,-66.844597,179.611145,-90.000000,76.999985,-89.999863,-0.012514,0.145806,-0.010453,-0.006866,-0.000000,0.020599,
feedback,3.936224,1786441550111,9,Rx,5.000000,25.000000,-0.020781,-5.020781,,,435.910828,-66.845657,179.611145,-89.999886,76.999992,-89.999939,435.910278,-66.844833,179.610382,-90.000465,76.999954,-90.000343,-0.105433,0.068204,-0.207370,-0.002959,0.032896,0.013733,
feedback,3.944330,1786441550119,9,Rx,5.000000,25.000000,-0.032682,-5.032682,,,435.910828,-66.845657,179.611145,-89.999886,76.999992,-89.999939,435.910370,-66.845123,179.610428,-90.000465,76.999954,-90.000374,-0.041428,0.077747,-0.138701,-0.000994,0.026317,0.027466,
feedback,3.952695,1786441550128,9,Rx,5.000000,25.000000,-0.037183,-5.037183,,,435.910828,-66.845657,179.611145,-89.999886,76.999992,-89.999939,435.910919,-66.844246,179.611786,-89.999535,76.999962,-89.999382,0.060768,0.289920,0.069351,0.003930,-0.013158,0.041199,
feedback,3.960757,1786441550132,9,Rx,5.000000,25.000000,-0.021551,-5.021551,,,435.910828,-66.845657,179.611145,-89.999886,76.999992,-89.999939,435.910919,-66.845047,179.611343,-89.999763,77.000031,-89.999718,0.001076,0.095230,-0.047763,0.011768,0.006579,0.020599,
feedback,3.968973,1786441550140,9,Rx,5.000000,25.000000,-0.010421,-5.010421,,,435.910828,-66.845657,179.611145,-89.999886,76.999992,-89.999939,435.911072,-66.844498,179.611725,-89.999535,76.999992,-89.999435,0.037901,0.138334,0.095525,-0.009803,-0.013158,0.013733,
feedback,3.977023,1786441550149,9,Rx,5.000000,25.000000,-0.013381,-5.013381,,,435.910828,-66.845657,179.611145,-89.999886,76.999992,-89.999939,435.910706,-66.844589,179.611160,-89.999886,76.999992,-89.999802,-0.011348,0.150941,0.015722,0.013733,0.000000,0.013733,
feedback,3.985518,1786441550157,9,Rx,5.000000,25.000000,-0.011191,-5.011191,,,435.910828,-66.845657,179.611145,-89.999886,76.999992,-89.999939,435.910828,-66.844765,179.611588,-89.999649,76.999977,-89.999573,0.071318,0.143528,0.234227,0.004924,-0.039475,0.020599,
feedback,3.993469,1786441550166,9,Rx,5.000000,25.000000,-0.011130,-5.011130,,,435.910828,-66.845657,179.611145,-89.999886,76.999992,-89.999939,435.910309,-66.845230,179.610657,-90.000237,77.000023,-90.000175,-0.134955,0.036855,-0.096122,0.007837,0.019738,0.006866,
feedback,4.001716,1786441550174,9,Rx,5.000000,25.000000,-0.017111,-5.017111,,,435.910828,-66.845657,179.611145,-89.999886,76.999992,-89.999939,435.910675,-66.844704,179.611160,-89.999886,76.999962,-89.999802,0.058437,0.166998,0.017001,-0.009803,-0.013158,0.020599,
feedback,4.009834,1786441550183,9,Rx,5.000000,25.000000,0.038663,-4.961337,,,435.910828,-66.845657,179.611145,-89.999886,76.999992,-89.999939,435.910919,-66.845428,179.611237,-89.999763,77.000000,-89.999802,-0.076690,-0.294676,-0.084390,-0.008832,0.006579,-0.041199,
feedback,4.018258,1786441550192,9,Rx,5.000000,25.000000,-0.013381,-5.013381,,,435.910828,-66.845657,179.611145,-89.999886,76.999992,-89.999939,435.910492,-66.844688,179.611099,-90.000114,76.999977,-89.999977,-0.021701,0.011261,0.052349,0.006866,0.000000,0.013733,
feedback,4.026316,1786441550200,9,Rx,5.000000,25.000000,-0.012611,-5.012611,,,435.910828,-66.845657,179.611145,-89.999886,76.999992,-89.999939,435.910797,-66.844582,179.611023,-90.000000,76.999954,-89.999893,-0.105344,0.045700,-0.133432,-0.007861,0.026317,0.006866,
feedback,4.035113,1786441550209,9,Rx,5.000000,25.000000,-0.003730,-5.003730,,,435.910828,-66.845657,179.611145,-89.999886,76.999992,-89.999939,435.910797,-66.844681,179.611694,-89.999649,77.000038,-89.999550,-0.029523,0.013712,0.111247,0.010797,-0.013158,0.006866,
feedback,4.042742,1786441550217,9,Rx,5.000000,25.000000,-0.008941,-5.008941,,,435.910828,-66.845657,179.611145,-89.999886,76.999992,-89.999939,435.911346,-66.845100,179.611496,-89.999535,77.000069,-89.999542,0.166999,0.149576,0.096123,0.026495,-0.019738,0.013733,
feedback,4.050738,1786441550225,9,Rx,5.000000,25.000000,0.003730,-4.996270,,,435.910828,-66.845657,179.611145,-89.999886,76.999992,-89.999939,435.910736,-66.845390,179.610382,-90.000351,76.999962,-90.000343,0.021511,-0.043423,-0.111247,-0.010797,0.013158,-0.006866,
feedback,4.059255,1786441550234,9,Rx,5.000000,25.000000,-0.004440,-5.004440,,,435.910828,-66.845657,179.611145,-89.999886,76.999992,-89.999939,435.910736,-66.844597,179.610931,-90.000114,77.000008,-90.000008,-0.071040,-0.021219,-0.101392,0.000971,0.019738,-0.000000,
feedback,4.068008,1786441550242,9,Rx,5.000000,25.000000,-0.033452,-5.033452,,,435.910828,-66.845657,179.611145,-89.999886,76.999992,-89.999939,435.911224,-66.844048,179.611084,-89.999886,76.999992,-89.999718,0.128002,0.314790,-0.005269,0.006866,0.000000,0.034332,
feedback,4.075274,1786441550250,9,Rx,5.000000,25.000000,0.020071,-4.979929,,,435.910828,-66.845657,179.611145,-89.999886,76.999992,-89.999939,435.910767,-66.845161,179.611099,-89.999886,76.999962,-89.999886,0.102804,0.017750,-0.031444,0.000000,0.000000,-0.020599,
feedback,4.084198,1786441550255,9,Rx,5.000000,25.000000,-0.018591,-5.018591,,,435.910828,-66.845657,179.611145,-89.999886,76.999992,-89.999939,435.910980,-66.844719,179.611343,-89.999763,77.000000,-89.999687,0.051491,0.110288,0.058216,0.008832,-0.006579,0.020599,
feedback,4.091864,1786441550263,9,Rx,5.000000,25.000000,-0.016402,-5.016402,,,435.910828,-66.845657,179.611145,-89.999886,76.999992,-89.999939,435.910980,-66.844543,179.611343,-89.999763,77.000031,-89.999634,0.166201,0.221716,0.276721,0.020622,-0.046055,0.027466,
feedback,4.101328,1786441550272,9,Rx,5.000000,25.000000,-0.007400,-5.007400,,,435.910828,-66.845657,179.611145,-89.999886,76.999992,-89.999939,435.910706,-66.845009,179.610825,-90.000114,77.000008,-90.000061,-0.012982,-0.031195,-0.202186,0.010774,0.032896,-0.000000,
feedback,4.111609,1786441550280,9,Rx,5.000000,25.000000,-0.026762,-5.026762,,,435.910828,-66.845657,179.611145,-89.999886,76.999992,-89.999939,435.910889,-66.844452,179.610580,-90.000237,77.000000,-90.000092,0.197597,0.231094,-0.062888,0.000000,0.000000,0.027466,
feedback,4.115990,1786441550289,9,Rx,5.000000,25.000000,-0.010421,-5.010421,,,435.910828,-66.845657,179.611145,-89.999886,76.999992,-89.999939,435.911072,-66.844795,179.612000,-89.999298,77.000031,-89.999237,-0.021512,0.065953,0.111247,-0.002936,-0.013158,0.013733,
feedback,4.124173,1786441550297,9,Rx,5.000000,25.000000,0.025991,-4.974009,,,435.910828,-66.845657,179.611145,-89.999886,76.999992,-89.999939,435.910858,-66.844849,179.611481,-89.999649,77.000038,-89.999603,0.063118,-0.076056,0.175329,0.007861,-0.026317,-0.020599,
feedback,4.132307,1786441550306,9,Rx,5.000000,25.000000,-0.028951,-5.028951,,,435.910828,-66.845657,179.611145,-89.999886,76.999992,-89.999939,435.910278,-66.845169,179.610947,-90.000114,77.000008,-90.000008,-0.171780,0.016282,-0.239411,-0.011791,0.039475,0.020599,
feedback,4.140808,1786441550315,9,Rx,5.000000,25.000000,-0.008941,-5.008941,,,435.910828,-66.845657,179.611145,-89.999886,76.999992,-89.999939,435.911224,-66.844551,179.611557,-89.999535,77.000015,-89.999435,0.130452,0.138660,0.085670,0.005895,-0.019738,0.013733,
feedback,4.149434,1786441550323,9,Rx,5.000000,25.000000,0.014090,-4.985910,,,435.910828,-66.845657,179.611145,-89.999886,76.999992,-89.999939,435.910980,-66.845222,179.611801,-89.999413,77.000053,-89.999405,0.120288,-0.013919,0.181195,0.009826,-0.032896,-0.006866,
feedback,4.157238,1786441550331,9,Rx,5.000000,25.000000,-0.008170,-5.008170,,,435.910828,-66.845657,179.611145,-89.999886,76.999992,-89.999939,435.910278,-66.844513,179.610825,-90.000237,77.000000,-90.000114,-0.121086,0.040998,-0.000597,0.011768,0.006579,0.006866,
feedback,4.165307,1786441550340,9,Rx,5.000000,25.000000,-0.011901,-5.011901,,,435.910828,-66.845657,179.611145,-89.999886,76.999992,-89.999939,435.911102,-66.844688,179.611191,-89.999886,76.999992,-89.999802,0.110904,0.160139,0.042494,0.015698,-0.006579,0.013733,
feedback,4.173484,1786441550348,9,Rx,5.000000,25.000000,-0.031972,-5.031972,,,435.910828,-66.845657,179.611145,-89.999886,76.999992,-89.999939,435.910736,-66.845123,179.611588,-89.999649,77.000008,-89.999573,-0.059324,0.040298,0.089659,-0.004901,-0.006579,0.034332,
feedback,4.181631,1786441550356,9,Rx,5.000000,25.000000,0.005210,-4.994790,,,435.910828,-66.845657,179.611145,-89.999886,76.999992,-89.999939,435.910919,-66.845139,179.611343,-89.999763,77.000000,-89.999748,-0.094883,-0.078188,-0.042494,-0.001965,0.006579,-0.006866,
feedback,4.189763,1786441550365,9,Rx,5.000000,25.000000,-0.017821,-5.017821,,,435.910828,-66.845657,179.611145,-89.999886,76.999992,-89.999939,435.910645,-66.845222,179.610336,-90.000351,76.999962,-90.000313,0.072824,0.066812,-0.200907,-0.012762,0.019738,0.013733,
feedback,4.198010,1786441550369,9,Rx,5.000000,25.000000,0.002960,-4.997040,,,435.910828,-66.845657,179.611145,-89.999886,76.999992,-89.999939,435.910309,-66.845322,179.610947,-90.000114,77.000008,-90.000084,-0.079759,-0.023823,0.153144,0.010797,-0.013158,-0.000000,
feedback,4.206146,1786441550378,9,Rx,5.000000,25.000000,0.000770,-4.999230,,,435.910828,-66.845657,179.611145,-89.999886,76.999992,-89.999939,435.910217,-66.845436,179.610672,-90.000351,76.999992,-90.000343,-0.129376,-0.088491,-0.133432,-0.000994,0.026317,-0.006866,
feedback,4.214372,1786441550386,9,Rx,5.000000,25.000000,0.002960,-4.997040,,,435.910828,-66.845657,179.611145,-89.999886,76.999992,-89.999939,435.911041,-66.844818,179.611618,-89.999535,77.000015,-89.999458,0.041238,-0.042318,0.079804,0.003930,-0.013158,-0.000000,
feedback,4.222536,1786441550394,9,Rx,5.000000,25.000000,0.005210,-4.994790,,,435.910828,-66.845657,179.611145,-89.999886,76.999992,-89.999939,435.910461,-66.845276,179.610992,-90.000114,76.999977,-90.000084,-0.151964,-0.095238,0.025577,0.011768,0.006579,-0.006866,
feedback,4.230578,1786441550403,9,Rx,5.000000,25.000000,-0.020781,-5.020781,,,435.910828,-66.845657,179.611145,-89.999886,76.999992,-89.999939,435.910583,-66.845039,179.610352,-90.000465,76.999924,-90.000404,-0.010640,0.123835,-0.238813,-0.009826,0.032896,0.013733,
feedback,4.238715,1786441550411,9,Rx,5.000000,25.000000,-0.008170,-5.008170,,,435.910828,-66.845657,179.611145,-89.999886,76.999992,-89.999939,435.910858,-66.844643,179.611298,-89.999763,77.000031,-89.999687,-0.047983,0.117468,-0.068669,-0.001965,0.006579,0.006866,
feedback,4.246913,1786441550420,9,Rx,5.000000,25.000000,0.002960,-4.997040,,,435.910828,-66.845657,179.611145,-89.999886,76.999992,-89.999939,435.910828,-66.844360,179.611206,-89.999886,76.999992,-89.999748,0.058426,0.044769,0.105978,0.003930,-0.013158,0.000000,
feedback,4.255162,1786441550428,9,Rx,5.000000,25.000000,-0.015631,-5.015631,,,435.910828,-66.845657,179.611145,-89.999886,76.999992,-89.999939,435.910675,-66.845139,179.611511,-89.999763,77.000000,-89.999687,-0.002064,0.012340,0.169463,-0.000971,-0.019738,0.020599,
feedback,4.263330,1786441550437,9,Rx,5.000000,25.000000,0.018591,-4.981409,,,435.910828,-66.845657,179.611145,-89.999886,76.999992,-89.999939,435.910858,-66.845154,179.610657,-90.000114,77.000031,-90.000084,-0.008100,-0.097328,-0.073938,0.004901,0.006579,-0.020599,
feedback,4.271474,1786441550445,9,Rx,5.000000,25.000000,0.022261,-4.977739,,,435.910828,-66.845657,179.611145,-89.999886,76.999992,-89.999939,435.910950,-66.845329,179.612015,-89.999413,77.000023,-89.999428,-0.032663,-0.136769,0.328473,0.004924,-0.039475,-0.013733,
feedback,4.279727,1786441550453,9,Rx,5.000000,25.000000,0.044583,-4.955417,,,435.910828,-66.845657,179.611145,-89.999886,76.999992,-89.999939,435.911072,-66.845184,179.611084,-89.999886,76.999992,-89.999886,0.193202,-0.104792,0.054226,0.005895,-0.019738,-0.041199,
feedback,4.287828,1786441550462,9,Rx,5.000000,25.000000,0.005920,-4.994080,,,435.910828,-66.845657,179.611145,-89.999886,76.999992,-89.999939,435.911316,-66.845200,179.611298,-89.999649,77.000008,-89.999687,0.164756,0.049211,0.117711,0.014727,-0.026317,0.000000,
feedback,4.296354,1786441550470,9,Rx,5.000000,25.000000,0.015631,-4.984369,,,435.910828,-66.845657,179.611145,-89.999886,76.999992,-89.999939,435.910431,-66.845390,179.610703,-90.000237,77.000000,-90.000198,-0.001445,-0.149975,-0.159010,-0.005895,0.019738,-0.020599,
feedback,4.304192,1786441550478,9,Rx,5.000000,25.000000,0.020842,-4.979158,,,435.910828,-66.845657,179.611145,-89.999886,76.999992,-89.999939,435.910614,-66.845161,179.610641,-90.000237,76.999969,-90.000145,-0.058616,-0.189581,-0.164876,-0.000994,0.026317,-0.027466,
feedback,4.312366,1786441550487,9,Rx,5.000000,25.000000,0.006690,-4.993310,,,435.910828,-66.845657,179.611145,-89.999886,76.999992,-89.999939,435.910736,-66.844620,179.610825,-90.000114,76.999977,-89.999977,-0.043391,-0.035491,0.015722,-0.006866,-0.000000,-0.006866,
feedback,4.320485,1786441550496,9,Rx,5.000000,25.000000,0.024511,-4.975489,,,435.910828,-66.845657,179.611145,-89.999886,76.999992,-89.999939,435.911041,-66.845306,179.611374,-89.999763,76.999969,-89.999771,0.077874,-0.098966,0.164194,-0.007837,-0.019738,-0.020599,
feedback,4.328623,1786441550500,9,Rx,5.000000,25.000000,-0.025282,-5.025282,,,435.910828,-66.845657,179.611145,-89.999886,76.999992,-89.999939,435.910980,-66.844742,179.611526,-89.999649,77.000038,-89.999550,-0.013590,0.140697,0.037310,0.015698,-0.006579,0.027466,
feedback,4.336935,1786441550509,9,Rx,5.000000,25.000000,0.025282,-4.974718,,,435.910828,-66.845657,179.611145,-89.999886,76.999992,-89.999939,435.910645,-66.845200,179.611557,-89.999649,77.000008,-89.999657,-0.077695,-0.058693,-0.016319,-0.015698,0.006579,-0.027466,
feedback,4.345190,1786441550518,9,Rx,5.000000,25.000000,0.003730,-4.996270,,,435.910828,-66.845657,179.611145,-89.999886,76.999992,-89.999939,435.910492,-66.845177,179.611191,-90.000000,77.000015,-89.999947,-0.088138,-0.130808,-0.053629,0.009803,0.013158,-0.006866,
feedback,4.356502,1786441550526,9,Rx,5.000000,25.000000,-0.026762,-5.026762,,,435.910828,-66.845657,179.611145,-89.999886,76.999992,-89.999939,435.910889,-66.843964,179.611404,-89.999763,77.000031,-89.999550,0.024032,0.179252,0.000000,0.006866,0.000000,0.027466,
feedback,4.361481,1786441550535,9,Rx,5.000000,25.000000,0.008941,-4.991059,,,435.910828,-66.845657,179.611145,-89.999886,76.999992,-89.999939,435.910156,-66.845276,179.610916,-90.000114,76.999977,-90.000061,-0.175010,-0.179286,-0.096123,-0.012762,0.019738,-0.013733,
feedback,4.369737,1786441550543,9,Rx,5.000000,25.000000,-0.009650,-5.009650,,,435.910828,-66.845657,179.611145,-89.999886,76.999992,-89.999939,435.910797,-66.844208,179.610916,-90.000000,77.000015,-89.999779,-0.093806,-0.005489,-0.090257,-0.003930,0.013158,0.006866,
feedback,4.378113,1786441550551,9,Rx,5.000000,25.000000,0.036412,-4.963588,,,435.910828,-66.845657,179.611145,-89.999886,76.999992,-89.999939,435.911163,-66.845245,179.611557,-89.999535,77.000015,-89.999573,0.084629,-0.142009,0.064082,0.003930,-0.013158,-0.034332,
feedback,4.386086,1786441550560,9,Rx,5.000000,25.000000,0.009650,-4.990350,,,435.910828,-66.845657,179.611145,-89.999886,76.999992,-89.999939,435.910461,-66.844894,179.611420,-89.999763,76.999969,-89.999664,-0.045544,-0.090769,0.111247,-0.002936,-0.013158,-0.006866,
feedback,4.394229,1786441550568,9,Rx,5.000000,25.000000,0.013381,-4.986619,,,435.910828,-66.845657,179.611145,-89.999886,76.999992,-89.999939,435.910370,-66.844902,179.610947,-90.000114,77.000008,-90.000031,-0.122163,-0.054232,0.047165,0.006866,0.000000,-0.013733,
feedback,4.402361,1786441550577,9,Rx,5.000000,25.000000,-0.027532,-5.027532,,,435.910828,-66.845657,179.611145,-89.999886,76.999992,-89.999939,435.911133,-66.844589,179.611694,-89.999413,77.000053,-89.999321,0.102006,0.225072,0.149154,0.014727,-0.026317,0.034332,
feedback,4.410564,1786441550585,9,Rx,5.000000,25.000000,0.033452,-4.966548,,,435.910828,-66.845657,179.611145,-89.999886,76.999992,-89.999939,435.910339,-66.844910,179.610764,-90.000237,76.999969,-90.000145,-0.052568,-0.182988,-0.010453,0.006866,0.000000,-0.034332,
feedback,4.418739,1786441550593,9,Rx,5.000000,25.000000,0.035703,-4.964297,,,435.910828,-66.845657,179.611145,-89.999886,76.999992,-89.999939,435.910889,-66.845818,179.611526,-89.999649,77.000008,-89.999771,-0.051681,-0.232571,-0.117113,-0.005895,0.019738,-0.041199,
feedback,4.427536,1786441550602,9,Rx,5.000000,25.000000,0.014091,-4.985909,,,435.910828,-66.845657,179.611145,-89.999886,76.999992,-89.999939,435.910797,-66.845261,179.611481,-89.999649,77.000008,-89.999657,0.164846,0.026707,0.191648,0.002959,-0.032896,-0.006866,
feedback,4.435635,1786441550610,9,Rx,5.000000,25.000000,0.020071,-4.979929,,,435.910828,-66.845657,179.611145,-89.999886,76.999992,-89.999939,435.910980,-66.845009,179.611526,-89.999649,77.000008,-89.999634,-0.050236,-0.082596,0.041897,0.006866,0.000000,-0.020599,
feedback,4.443289,1786441550615,9,Rx,5.000000,25.000000,-0.029722,-5.029722,,,435.910828,-66.845657,179.611145,-89.999886,76.999992,-89.999939,435.910767,-66.844711,179.611099,-89.999886,76.999992,-89.999748,-0.050415,0.075063,-0.105978,-0.003930,0.013158,0.027466,
feedback,4.451774,1786441550624,9,Rx,5.000000,25.000000,-0.003730,-5.003730,,,435.910828,-66.845657,179.611145,-89.999886,76.999992,-89.999939,435.911133,-66.845070,179.611664,-89.999535,77.000046,-89.999519,0.034393,-0.021832,0.105979,0.003930,-0.013158,0.006866,
feedback,4.460284,1786441550632,9,Rx,5.000000,25.000000,0.032682,-4.967318,,,435.910828,-66.845657,179.611145,-89.999886,76.999992,-89.999939,435.911194,-66.844940,179.611847,-89.999413,77.000053,-89.999405,0.120188,-0.136175,0.196235,0.007861,-0.026317,-0.027466,
feedback,4.467748,1786441550641,9,Rx,5.000000,25.000000,-0.017882,-5.017882,,,435.910828,-66.845657,179.611145,-89.999886,76.999992,-89.999939,435.910950,-66.844437,179.611572,-89.999535,77.000046,-89.999405,0.202657,0.232605,0.213236,0.018657,-0.039475,0.027466,
feedback,4.476752,1786441550650,9,Rx,5.000000,25.000000,0.043873,-4.956127,,,435.910828,-66.845657,179.611145,-89.999886,76.999992,-89.999939,435.910400,-66.845764,179.610214,-90.000465,76.999977,-90.000542,-0.029891,-0.221275,-0.095525,0.009803,0.013158,-0.048065,
feedback,4.484947,1786441550659,9,Rx,5.000000,25.000000,-0.017821,-5.017821,,,435.910828,-66.845657,179.611145,-89.999886,76.999992,-89.999939,435.910339,-66.844810,179.610382,-90.000465,76.999977,-90.000374,0.047786,0.168603,-0.132835,-0.005895,0.019738,0.013733,
feedback,4.492884,1786441550668,9,Rx,5.000000,25.000000,0.014861,-4.985139,,,435.910828,-66.845657,179.611145,-89.999886,76.999992,-89.999939,435.910858,-66.845131,179.611053,-90.000000,76.999985,-90.000000,0.101728,0.012642,0.016319,0.008832,-0.006579,-0.013733,
feedback,4.501978,1786441550672,9,Rx,5.000000,25.000000,-0.002250,-5.002250,,,435.910828,-66.845657,179.611145,-89.999886,76.999992,-89.999939,435.910797,-66.845177,179.611481,-89.999649,77.000008,-89.999634,-0.016909,-0.009838,0.106660,0.005895,-0.019738,0.006866,
feedback,4.509154,1786441550681,9,Rx,5.000000,25.000000,-0.008941,-5.008941,,,435.910828,-66.845657,179.611145,-89.999886,76.999992,-89.999939,435.911163,-66.844582,179.611572,-89.999649,76.999977,-89.999550,0.160153,0.147532,0.122298,-0.007837,-0.019738,0.013733,
feedback,4.517733,1786441550690,9,Rx,5.000000,25.000000,0.014861,-4.985139,,,435.910828,-66.845657,179.611145,-89.999886,76.999992,-89.999939,435.911011,-66.844223,179.611435,-89.999763,76.999969,-89.999611,0.110904,0.070018,0.042494,-0.011768,-0.006579,-0.013733,
feedback,4.525687,1786441550698,9,Rx,5.000000,25.000000,-0.034162,-5.034162,,,435.910828,-66.845657,179.611145,-89.999886,76.999992,-89.999939,435.910553,-66.844467,179.610992,-90.000114,76.999924,-89.999947,-0.135145,0.049755,-0.155020,-0.030425,0.032896,0.027466,
feedback,4.533928,1786441550706,9,Rx,5.000000,25.000000,0.003730,-4.996270,,,435.910828,-66.845657,179.611145,-89.999886,76.999992,-89.999939,435.910614,-66.845345,179.610641,-90.000237,77.000000,-90.000198,-0.078961,-0.073433,-0.027454,0.002936,0.013158,-0.006866,
feedback,4.543858,1786441550715,9,Rx,5.000000,25.000000,0.029012,-4.970988,,,435.910828,-66.845657,179.611145,-89.999886,76.999992,-89.999939,435.910706,-66.845688,179.610992,-89.999886,76.999962,-89.999939,-0.029980,-0.176241,-0.169463,-0.012762,0.019738,-0.034332,
feedback,4.550004,1786441550723,9,Rx,5.000000,25.000000,0.004440,-4.995560,,,435.910828,-66.845657,179.611145,-89.999886,76.999992,-89.999939,435.911011,-66.844353,179.611526,-89.999649,77.000038,-89.999466,0.056183,-0.010536,0.127566,0.012762,-0.019738,0.000000,
feedback,4.558336,1786441550732,9,Rx,5.000000,25.000000,0.020071,-4.979929,,,435.910828,-66.845657,179.611145,-89.999886,76.999992,-89.999939,435.910736,-66.844788,179.611023,-90.000000,76.999985,-89.999916,0.043391,-0.054631,-0.015722,0.000000,-0.000000,-0.020599,
feedback,4.566435,1786441550740,9,Rx,5.000000,25.000000,-0.014861,-5.014861,,,435.910828,-66.845657,179.611145,-89.999886,76.999992,-89.999939,435.910797,-66.844574,179.610916,-90.000000,76.999985,-89.999893,0.060489,0.145081,-0.063485,-0.008832,0.006579,0.013733,
feedback,4.574796,1786441550748,9,Rx,5.000000,25.000000,-0.005210,-5.005210,,,435.910828,-66.845657,179.611145,-89.999886,76.999992,-89.999939,435.910919,-66.844536,179.611389,-89.999649,76.999977,-89.999550,-0.035280,0.093945,0.000682,-0.004901,-0.006579,0.006866,
feedback,4.582678,1786441550757,9,Rx,5.000000,25.000000,-0.052753,-5.052753,,,435.910828,-66.845657,179.611145,-89.999886,76.999992,-89.999939,435.910797,-66.844414,179.611099,-89.999886,76.999992,-89.999695,-0.098499,0.182927,-0.159607,-0.000994,0.026317,0.048065,
feedback,4.591175,1786441550765,9,Rx,5.000000,25.000000,0.024511,-4.975489,,,435.910828,-66.845657,179.611145,-89.999886,76.999992,-89.999939,435.910828,-66.844963,179.611481,-89.999649,77.000008,-89.999603,0.040162,-0.137547,0.127566,0.019628,-0.019738,-0.020599,
feedback,4.599041,1786441550774,9,Rx,5.000000,25.000000,-0.019301,-5.019301,,,435.910828,-66.845657,179.611145,-89.999886,76.999992,-89.999939,435.910797,-66.844673,179.610428,-90.000237,76.999916,-90.000145,0.003140,0.127951,-0.217226,-0.021594,0.026317,0.013733,
feedback,4.607357,1786441550778,9,Rx,5.000000,25.000000,-0.017111,-5.017111,,,435.910828,-66.845657,179.611145,-89.999886,76.999992,-89.999939,435.910767,-66.844498,179.610825,-90.000114,76.999977,-89.999977,0.073282,0.144114,0.079804,-0.002936,-0.013158,0.020599,
feedback,4.615763,1786441550787,9,Rx,5.000000,25.000000,0.023741,-4.976259,,,435.910828,-66.845657,179.611145,-89.999886,76.999992,-89.999939,435.911133,-66.845093,179.611557,-89.999535,77.000015,-89.999489,0.204918,-0.065807,0.245277,0.000023,-0.046055,-0.013733,
feedback,4.623852,1786441550796,9,Rx,5.000000,25.000000,0.035703,-4.964297,,,435.910828,-66.845657,179.611145,-89.999886,76.999992,-89.999939,435.910919,-66.844917,179.611252,-89.999886,76.999962,-89.999855,-0.100751,-0.219910,-0.049042,-0.012762,0.019738,-0.041199,
feedback,4.631792,1786441550805,9,Rx,5.000000,25.000000,0.001480,-4.998520,,,435.910828,-66.845657,179.611145,-89.999886,76.999992,-89.999939,435.911041,-66.844414,179.611526,-89.999649,76.999977,-89.999519,-0.037623,-0.038555,0.037310,-0.011768,-0.006579,-0.000000,
feedback,4.640110,1786441550814,9,Rx,5.000000,25.000000,0.001541,-4.998459,,,435.910828,-66.845657,179.611145,-89.999886,76.999992,-89.999939,435.910614,-66.845139,179.610443,-90.000351,76.999992,-90.000290,-0.208516,-0.161977,-0.308761,-0.015721,0.052634,-0.013733,
feedback,4.648410,1786441550822,9,Rx,5.000000,25.000000,0.054233,-4.945767,,,435.910828,-66.845657,179.611145,-89.999886,76.999992,-89.999939,435.911102,-66.845840,179.611847,-89.999413,77.000000,-89.999565,0.171690,-0.106431,0.165474,0.002959,-0.032896,-0.048065,
feedback,4.656642,1786441550830,9,Rx,5.000000,25.000000,-0.012611,-5.012611,,,435.910828,-66.845657,179.611145,-89.999886,76.999992,-89.999939,435.910553,-66.844963,179.610779,-90.000114,76.999977,-90.000031,-0.114520,-0.011676,-0.159607,-0.014727,0.026317,0.006866,
feedback,4.667033,1786441550839,9,Rx,5.000000,25.000000,0.019301,-4.980699,,,435.910828,-66.845657,179.611145,-89.999886,76.999992,-89.999939,435.910492,-66.845245,179.611618,-89.999649,77.000061,-89.999657,0.071129,-0.023815,0.175329,0.021594,-0.026317,-0.013733,
feedback,4.673039,1786441550847,9,Rx,5.000000,25.000000,0.018591,-4.981409,,,435.910828,-66.845657,179.611145,-89.999886,76.999992,-89.999939,435.910645,-66.845306,179.611130,-90.000000,77.000015,-90.000000,-0.081203,-0.173798,-0.005866,-0.001965,0.006579,-0.020599,
feedback,4.681380,1786441550855,9,Rx,5.000000,25.000000,-0.034223,-5.034223,,,435.910828,-66.845657,179.611145,-89.999886,76.999992,-89.999939,435.910522,-66.844551,179.611237,-89.999886,77.000023,-89.999779,0.031245,0.281102,0.180598,0.007861,-0.026317,0.041199,
feedback,4.689743,1786441550864,9,Rx,5.000000,25.000000,-0.001480,-5.001480,,,435.910828,-66.845657,179.611145,-89.999886,76.999992,-89.999939,435.910889,-66.845055,179.610855,-90.000000,76.999954,-89.999947,0.035291,-0.016776,-0.089659,-0.015698,0.006579,-0.000000,
feedback,4.697684,1786441550872,9,Rx,5.000000,25.000000,0.024511,-4.975489,,,435.910828,-66.845657,179.611145,-89.999886,76.999992,-89.999939,435.911011,-66.844627,179.612152,-89.999184,77.000038,-89.999092,0.019637,-0.089043,0.117113,0.012762,-0.019738,-0.020599,
feedback,4.705900,1786441550881,9,Rx,5.000000,25.000000,-0.005210,-5.005210,,,435.910828,-66.845657,179.611145,-89.999886,76.999992,-89.999939,435.910828,-66.844673,179.611588,-89.999649,77.000008,-89.999550,0.008100,0.052267,0.073937,0.008832,-0.006579,0.006866,
feedback,4.713952,1786441550885,9,Rx,5.000000,25.000000,-0.011901,-5.011901,,,435.910828,-66.845657,179.611145,-89.999886,76.999992,-89.999939,435.911255,-66.844254,179.611557,-89.999535,77.000015,-89.999382,0.108573,0.104808,-0.009856,0.001965,-0.006579,0.013733,
feedback,4.722237,1786441550894,9,Rx,5.000000,25.000000,0.023031,-4.976969,,,435.910828,-66.845657,179.611145,-89.999886,76.999992,-89.999939,435.910553,-66.845161,179.611267,-89.999886,76.999962,-89.999832,-0.045544,-0.135829,0.111247,0.003930,-0.013158,-0.020599,
feedback,4.730497,1786441550903,9,Rx,5.000000,25.000000,-0.029722,-5.029722,,,435.910828,-66.845657,179.611145,-89.999886,76.999992,-89.999939,435.910706,-66.844818,179.611023,-90.000000,76.999985,-89.999893,0.014666,0.067185,-0.085072,0.002936,0.013158,0.027466,
feedback,4.738560,1786441550912,9,Rx,5.000000,25.000000,0.017821,-4.982179,,,435.910828,-66.845657,179.611145,-89.999886,76.999992,-89.999939,435.910889,-66.845123,179.610962,-90.000000,76.999985,-90.000000,0.201213,0.015039,0.054226,0.012762,-0.019738,-0.013733,
feedback,4.747093,1786441550921,9,Rx,5.000000,25.000000,0.000770,-4.999230,,,435.910828,-66.845657,179.611145,-89.999886,76.999992,-89.999939,435.910675,-66.845207,179.610718,-90.000114,76.999947,-90.000084,0.051034,-0.034605,-0.222495,-0.014727,0.026317,-0.006866,
feedback,4.755256,1786441550929,9,Rx,5.000000,25.000000,-0.028951,-5.028951,,,435.910828,-66.845657,179.611145,-89.999886,76.999992,-89.999939,435.910828,-66.844986,179.610764,-90.000114,76.999977,-90.000031,-0.047286,0.080785,-0.234227,-0.004924,0.039475,0.020599,
feedback,4.763293,1786441550938,9,Rx,5.000000,25.000000,0.005210,-4.994790,,,435.910828,-66.845657,179.611145,-89.999886,76.999992,-89.999939,435.910767,-66.844978,179.611099,-89.999886,76.999992,-89.999832,0.042136,-0.037262,-0.115834,0.004901,0.006579,-0.006866,
feedback,4.771507,1786441550943,9,Rx,5.000000,25.000000,-0.005920,-5.005920,,,435.910828,-66.845657,179.611145,-89.999886,76.999992,-89.999939,435.910614,-66.845139,179.610443,-90.000351,76.999931,-90.000290,-0.042594,-0.040040,-0.164876,-0.014727,0.026317,0.000000,
feedback,4.780585,1786441550952,9,Rx,5.000000,25.000000,0.010421,-4.989579,,,435.910828,-66.845657,179.611145,-89.999886,76.999992,-89.999939,435.910492,-66.844887,179.610703,-90.000237,76.999916,-90.000114,-0.072116,-0.093918,-0.053629,-0.010797,0.013158,-0.013733,
feedback,4.789364,1786441550960,9,Rx,5.000000,25.000000,-0.022322,-5.022322,,,435.910828,-66.845657,179.611145,-89.999886,76.999992,-89.999939,435.910736,-66.845009,179.611404,-89.999763,76.999947,-89.999687,0.005947,0.064580,0.169463,-0.014704,-0.019738,0.027466,
feedback,4.795928,1786441550968,9,Rx,5.000000,25.000000,0.000000,-5.000000,,,435.910828,-66.845657,179.611145,-89.999886,76.999992,-89.999939,435.910767,-66.845093,179.611588,-89.999649,77.000008,-89.999603,0.020524,-0.048504,0.010453,-0.000000,-0.000000,-0.000000,
feedback,4.803927,1786441550977,9,Rx,5.000000,25.000000,-0.017111,-5.017111,,,435.910828,-66.845657,179.611145,-89.999886,76.999992,-89.999939,435.910767,-66.844780,179.611206,-89.999886,76.999992,-89.999802,0.044746,0.162909,0.069351,-0.002936,-0.013158,0.020599,
feedback,4.812221,1786441550985,9,Rx,5.000000,25.000000,0.009650,-4.990350,,,435.910828,-66.845657,179.611145,-89.999886,76.999992,-89.999939,435.911163,-66.845154,179.611847,-89.999413,76.999969,-89.999428,-0.037533,-0.061059,0.111247,-0.009803,-0.013158,-0.006866,
feedback,4.820428,1786441550994,9,Rx,5.000000,25.000000,0.001480,-4.998520,,,435.910828,-66.845657,179.611145,-89.999886,76.999992,-89.999939,435.910950,-66.844948,179.611526,-89.999649,76.999977,-89.999573,0.054828,-0.092893,0.042494,-0.004901,-0.006579,-0.000000,
feedback,4.829039,1786441551002,9,Rx,5.000000,25.000000,-0.023031,-5.023031,,,435.910828,-66.845657,179.611145,-89.999886,76.999992,-89.999939,435.911163,-66.844421,179.611176,-89.999763,77.000000,-89.999580,0.021511,0.046699,-0.111247,-0.003930,0.013158,0.020599,
feedback,4.836792,1786441551011,9,Rx,5.000000,25.000000,-0.008170,-5.008170,,,435.910828,-66.845657,179.611145,-89.999886,76.999992,-89.999939,435.910645,-66.845032,179.611130,-90.000000,77.000015,-89.999916,0.036457,0.033420,-0.063484,-0.001965,0.006579,0.006866,
feedback,4.845062,1786441551019,9,Rx,5.000000,25.000000,-0.012611,-5.012611,,,435.910828,-66.845657,179.611145,-89.999886,76.999992,-89.999939,435.910461,-66.844543,179.611252,-90.000000,76.999954,-89.999916,-0.168093,0.108909,-0.101989,-0.014727,0.026317,0.006866,
feedback,4.853011,1786441551027,9,Rx,5.000000,25.000000,-0.023031,-5.023031,,,435.910828,-66.845657,179.611145,-89.999886,76.999992,-89.999939,435.910797,-66.844681,179.611404,-89.999763,77.000000,-89.999664,-0.038907,0.165240,-0.027454,-0.003930,0.013158,0.020599,
feedback,4.861202,1786441551036,9,Rx,5.000000,25.000000,-0.025282,-5.025282,,,435.910828,-66.845657,179.611145,-89.999886,76.999992,-89.999939,435.911224,-66.844360,179.611755,-89.999535,77.000046,-89.999405,0.110904,0.205200,0.042494,0.015698,-0.006579,0.027466,
feedback,4.869978,1786441551044,9,Rx,5.000000,25.000000,-0.000770,-5.000770,,,435.910828,-66.845657,179.611145,-89.999886,76.999992,-89.999939,435.910950,-66.845200,179.611343,-89.999763,76.999969,-89.999802,0.173933,0.129117,0.143885,0.007861,-0.026317,0.006866,
feedback,4.878884,1786441551048,9,Rx,5.000000,25.000000,-0.046063,-5.046063,,,435.910828,-66.845657,179.611145,-89.999886,76.999992,-89.999939,435.911133,-66.844078,179.611099,-90.000000,77.000015,-89.999832,0.085408,0.297280,-0.170145,-0.000994,0.026317,0.041199,
feedback,4.886497,1786441551057,9,Rx,5.000000,25.000000,-0.000770,-5.000770,,,435.910828,-66.845657,179.611145,-89.999886,76.999992,-89.999939,435.911224,-66.844284,179.611557,-89.999535,76.999992,-89.999352,0.024240,-0.052182,0.112527,-0.005872,-0.026317,0.006866,
feedback,4.894069,1786441551066,9,Rx,5.000000,25.000000,-0.007400,-5.007400,,,435.910828,-66.845657,179.611145,-89.999886,76.999992,-89.999939,435.910187,-66.845261,179.610809,-90.000114,76.999947,-90.000061,-0.209403,-0.089864,-0.202101,-0.009826,0.032896,-0.000000,
feedback,4.902668,1786441551074,9,Rx,5.000000,25.000000,0.003021,-4.996979,,,435.910828,-66.845657,179.611145,-89.999886,76.999992,-89.999939,435.910339,-66.844910,179.610764,-90.000237,76.999939,-90.000145,-0.220940,-0.083736,-0.245277,-0.020623,0.046055,-0.013733,
feedback,4.911411,1786441551083,9,Rx,5.000000,25.000000,0.018531,-4.981469,,,435.910828,-66.845657,179.611145,-89.999886,76.999992,-89.999939,435.911041,-66.844688,179.612152,-89.999184,77.000038,-89.999146,0.108053,0.119014,0.303577,0.022588,-0.052634,-0.006866,
feedback,4.919283,1786441551091,9,Rx,5.000000,25.000000,-0.044583,-5.044583,,,435.910828,-66.845657,179.611145,-89.999886,76.999992,-89.999939,435.910767,-66.844330,179.611206,-89.999886,76.999992,-89.999664,0.018074,0.195216,-0.080486,-0.005895,0.019738,0.041199,
feedback,4.926701,1786441551100,9,Rx,5.000000,25.000000,0.034223,-4.965777,,,435.910828,-66.845657,179.611145,-89.999886,76.999992,-89.999939,435.910522,-66.845390,179.610550,-90.000351,76.999962,-90.000290,-0.082648,-0.323772,-0.164876,-0.021593,0.026317,-0.041199,
feedback,4.935542,1786441551108,9,Rx,5.000000,25.000000,-0.011901,-5.011901,,,435.910828,-66.845657,179.611145,-89.999886,76.999992,-89.999939,435.910645,-66.844551,179.610870,-90.000000,77.000015,-89.999832,0.109738,0.132473,0.016319,0.015698,-0.006579,0.013733,
feedback,4.943550,1786441551116,9,Rx,5.000000,25.000000,0.030492,-4.969508,,,435.910828,-66.845657,179.611145,-89.999886,76.999992,-89.999939,435.910522,-66.845261,179.611084,-90.000000,76.999954,-89.999969,-0.124684,-0.231846,-0.064082,-0.010797,0.013158,-0.034332,
feedback,4.952145,1786441551125,9,Rx,5.000000,25.000000,0.019301,-4.980699,,,435.910828,-66.845657,179.611145,-89.999886,76.999992,-89.999939,435.910583,-66.845154,179.611465,-89.999763,76.999969,-89.999718,0.048262,-0.085280,0.201504,-0.005872,-0.026317,-0.013733,
feedback,4.959287,1786441551133,9,Rx,5.000000,25.000000,-0.006690,-5.006690,,,435.910828,-66.845657,179.611145,-89.999886,76.999992,-89.999939,435.910431,-66.844193,179.610764,-90.000237,76.999969,-90.000038,-0.063916,0.058074,0.005269,-0.000000,-0.000000,0.006866,
feedback,4.968144,1786441551141,9,Rx,5.000000,25.000000,0.031972,-4.968028,,,435.910828,-66.845657,179.611145,-89.999886,76.999992,-89.999939,435.910889,-66.845238,179.611145,-89.999886,76.999962,-89.999886,-0.037812,-0.205898,-0.021588,-0.015698,0.006579,-0.034332,
feedback,4.985120,1786441551150,9,Rx,5.000000,25.000000,0.001480,-4.998520,,,435.910828,-66.845657,179.611145,-89.999886,76.999992,-89.999939,435.910645,-66.844444,179.611267,-89.999886,76.999992,-89.999718,-0.044468,-0.040599,0.063484,0.015698,-0.006579,0.000000,
feedback,4.985288,1786441551159,9,Rx,5.000000,25.000000,-0.021551,-5.021551,,,435.910828,-66.845657,179.611145,-89.999886,76.999992,-89.999939,435.910736,-66.844917,179.611099,-89.999886,76.999992,-89.999779,0.007921,0.097275,-0.073937,-0.001965,0.006579,0.020599,
feedback,4.992030,1786441551163,9,Rx,5.000000,25.000000,-0.011130,-5.011130,,,435.910828,-66.845657,179.611145,-89.999886,76.999992,-89.999939,435.910522,-66.844788,179.610596,-90.000237,77.000000,-90.000092,-0.056184,0.033066,-0.127566,0.000971,0.019738,0.006866,
feedback,5.000703,1786441551172,9,Rx,5.000000,25.000000,-0.000710,-5.000710,,,435.910828,-66.845657,179.611145,-89.999886,76.999992,-89.999939,435.910187,-66.845459,179.610382,-90.000465,76.999924,-90.000427,-0.121455,-0.058807,-0.207370,-0.023559,0.032896,-0.006866,
feedback,5.008607,1786441551181,9,Rx,5.000000,25.000000,0.002960,-4.997040,,,435.910828,-66.845657,179.611145,-89.999886,76.999992,-89.999939,435.910675,-66.845230,179.611511,-89.999763,77.000000,-89.999718,-0.000987,-0.027612,0.121700,0.017663,-0.013158,0.000000,
feedback,5.016832,1786441551190,9,Rx,5.000000,25.000000,0.035703,-4.964297,,,435.910828,-66.845657,179.611145,-89.999886,76.999992,-89.999939,435.910309,-66.845322,179.610657,-90.000237,77.000000,-90.000198,-0.131618,-0.256447,-0.111844,-0.012762,0.019738,-0.041199,
feedback,5.024917,1786441551199,9,Rx,5.000000,25.000000,0.008941,-4.991059,,,435.910828,-66.845657,179.611145,-89.999886,76.999992,-89.999939,435.910156,-66.845184,179.610916,-90.000114,76.999947,-90.000031,-0.158988,-0.119866,-0.096123,-0.005895,0.019738,-0.013733,
feedback,5.033164,1786441551207,9,Rx,5.000000,25.000000,0.024511,-4.975489,,,435.910828,-66.845657,179.611145,-89.999886,76.999992,-89.999939,435.911163,-66.845154,179.611847,-89.999413,77.000053,-89.999428,0.084719,-0.096922,0.138020,0.012762,-0.019738,-0.020599,
