event,pc_time_s,controller_timestamp,robot_mode,axis,target_speed_deg_s,target_delta_deg,selected_actual_deg_s,speed_error_deg_s,command_interval_ms,command_latency_ms,target_x,target_y,target_z,target_rx,target_ry,target_rz,actual_x,actual_y,actual_z,actual_rx,actual_ry,actual_rz,tcp_vx,tcp_vy,tcp_vz,tcp_wx,tcp_wy,tcp_wz,response
feedback,0.006618,1786352448654,5,Ry,0.000000,0.000000,-0.020600,-0.020600,,,359.999969,-134.999222,479.999939,179.999481,-50.000015,-179.999451,359.999695,-134.999496,480.000275,179.999420,-49.999931,-179.999496,-0.072086,-0.065194,0.087452,0.008827,-0.020599,-0.024253,
feedback,0.013398,1786352448663,5,Ry,0.000000,0.000000,0.006866,0.006866,,,359.999969,-134.999222,479.999939,179.999481,-50.000015,-179.999451,360.000092,-134.999054,479.999603,179.999359,-50.000042,-179.999451,0.044941,0.074782,-0.043143,0.018501,0.006866,-0.004500,
feedback,0.015701,1786352448672,5,Ry,0.000000,0.000000,0.020599,0.020599,,,359.999969,-134.999222,479.999939,179.999481,-50.000015,-179.999451,359.999817,-134.999405,479.999420,179.999405,-50.000099,-179.999542,-0.104556,-0.129430,-0.082547,-0.005260,0.020599,-0.025013,
command,0.000008,,,Ry,5.000000,20.000000,,,,10.659,359.999969,-134.999222,479.999939,179.999481,-50.000015,-179.999451,,,,,,,,,,,,,"0,{1291},RelMovLTool(0.000000,0.000000,0.000000,0.000000,20.000000,0.000000,a=30,v=23,cp=100);"
feedback,0.023909,1786352448680,7,Ry,5.000000,20.000000,0.006866,-4.993134,,,359.999969,-134.999222,479.999939,179.999481,-50.000015,-179.999451,359.999786,-134.999359,479.999268,179.999344,-50.000099,-179.999496,-0.114860,0.042184,-0.035787,0.017655,0.006866,-0.021040,
command,0.010789,,,Ry,5.000000,40.000000,,,10.782,7.891,359.999969,-134.999222,479.999939,179.999481,-50.000015,-179.999451,,,,,,,,,,,,,"0,{1292},RelMovLTool(0.000000,0.000000,0.000000,0.000000,20.000000,0.000000,a=30,v=23,cp=100);"
feedback,0.032131,1786352448689,7,Ry,5.000000,40.000000,0.013733,-4.986267,,,359.999969,-134.999222,479.999939,179.999481,-50.000015,-179.999451,359.999847,-134.999054,479.999268,179.999329,-50.000126,-179.999405,0.071069,0.053689,-0.165338,0.014934,0.013733,0.010434,
feedback,0.040129,1786352448697,7,Ry,5.000000,40.000000,-0.020599,-5.020599,,,359.999969,-134.999222,479.999939,179.999481,-50.000015,-179.999451,359.999939,-134.998764,480.000427,179.999359,-49.999931,-179.999344,0.057997,0.139976,0.124526,0.014934,-0.020599,0.024167,
feedback,0.049152,1786352448706,7,Ry,5.000000,40.000000,0.048065,-4.951935,,,359.999969,-134.999222,479.999939,179.999481,-50.000015,-179.999451,359.999634,-134.999527,479.999115,179.999481,-50.000153,-179.999542,-0.101434,-0.162027,-0.250216,0.004414,0.048065,-0.032726,
feedback,0.056787,1786352448714,7,Ry,5.000000,40.000000,-0.027466,-5.027466,,,359.999969,-134.999222,479.999939,179.999481,-50.000015,-179.999451,360.000244,-134.999008,480.000092,179.999481,-49.999931,-179.999466,0.089993,0.053689,0.083713,0.014934,-0.027466,0.010434,
feedback,0.065030,1786352448722,7,Ry,5.000000,40.000000,0.000000,-5.000000,,,359.999969,-134.999222,479.999939,179.999481,-50.000015,-179.999451,359.999939,-134.999405,480.000275,179.999512,-49.999931,-179.999512,0.047874,0.000000,-0.002452,-0.005260,0.000000,-0.004414,
feedback,0.072906,1786352448731,7,Ry,5.000000,40.000000,0.013733,-4.986267,,,359.999969,-134.999222,479.999939,179.999481,-50.000015,-179.999451,359.999908,-134.999496,479.999939,179.999390,-49.999989,-179.999466,-0.024024,-0.086286,-0.123360,0.005260,0.013733,-0.009319,
feedback,0.082010,1786352448739,7,Ry,5.000000,40.000000,0.048065,-4.951935,,,359.999969,-134.999222,479.999939,179.999481,-50.000015,-179.999451,359.999908,-134.999405,479.999542,179.999435,-50.000237,-179.999435,0.064295,0.000000,-0.097016,0.005260,0.048065,0.004414,
feedback,0.089605,1786352448748,7,Ry,5.000000,40.000000,0.295258,-4.704742,,,359.999969,-134.999222,479.999939,179.999481,-50.000015,-179.999451,359.996582,-134.998718,479.998627,179.999359,-50.001801,-179.999390,-0.530441,0.150519,-0.217991,0.014086,0.295258,0.014493,
feedback,0.097792,1786352448756,7,Ry,5.000000,40.000000,0.528717,-4.471283,,,359.999969,-134.999222,479.999939,179.999481,-50.000015,-179.999451,359.988098,-134.999146,479.998566,179.999451,-50.005482,-179.999496,-1.251749,0.043140,0.103138,-0.010522,0.528717,-0.001960,
feedback,0.106500,1786352448764,7,Ry,5.000000,40.000000,0.769043,-4.230957,,,359.999969,-134.999222,479.999939,179.999481,-50.000015,-179.999451,359.975891,-134.999359,479.998627,179.999451,-50.011578,-179.999481,-1.578810,-0.086282,0.322141,0.005260,0.769043,-0.009320,
feedback,0.115052,1786352448773,7,Ry,5.000000,40.000000,0.920105,-4.079895,,,359.999969,-134.999222,479.999939,179.999481,-50.000015,-179.999451,359.962311,-134.999359,480.005127,179.999451,-50.018555,-179.999481,-1.740307,-0.053686,0.959002,0.000849,0.920105,0.002807,
feedback,0.122693,1786352448781,7,Ry,5.000000,40.000000,0.975037,-4.024963,,,359.999969,-134.999222,479.999939,179.999481,-50.000015,-179.999451,359.950653,-134.999359,480.017151,179.999512,-50.026329,-179.999557,-1.313674,0.021091,1.713585,-0.001702,0.975037,-0.019347,
feedback,0.130995,1786352448785,7,Ry,5.000000,40.000000,1.057434,-3.942566,,,359.999969,-134.999222,479.999939,179.999481,-50.000015,-179.999451,359.945679,-134.998795,480.023743,179.999420,-50.030556,-179.999390,-1.240692,0.139953,1.648089,0.014933,1.057434,0.024159,
feedback,0.139495,1786352448794,7,Ry,5.000000,40.000000,1.098633,-3.901367,,,359.999969,-134.999222,479.999939,179.999481,-50.000015,-179.999451,359.935760,-134.999527,480.041931,179.999451,-50.043358,-179.999496,-0.765496,0.032589,1.372610,-0.004410,1.098633,0.012130,
feedback,0.147144,1786352448802,7,Ry,5.000000,40.000000,1.187897,-3.812103,,,359.999969,-134.999222,479.999939,179.999481,-50.000015,-179.999451,359.931671,-134.999008,480.049988,179.999512,-50.052612,-179.999512,-0.534573,-0.086271,0.856665,-0.000002,1.187897,-0.013733,
feedback,0.155725,1786352448811,7,Ry,5.000000,40.000000,1.400757,-3.599243,,,359.999969,-134.999222,479.999939,179.999481,-50.000015,-179.999451,359.926941,-134.999313,480.057343,179.999451,-50.063160,-179.999512,-0.464641,0.053680,0.752502,0.004407,1.400757,0.001602,
feedback,0.164170,1786352448819,7,Ry,5.000000,40.000000,1.840210,-3.159790,,,359.999969,-134.999222,479.999939,179.999481,-50.000015,-179.999451,359.921509,-134.999329,480.064636,179.999313,-50.076756,-179.999496,-0.719984,-0.000950,0.830865,0.022892,1.840210,-0.023524,
feedback,0.172315,1786352448828,7,Ry,5.000000,40.000000,2.362061,-2.637939,,,359.999969,-134.999222,479.999939,179.999481,-50.000015,-179.999451,359.916840,-134.999313,480.069489,179.999451,-50.094662,-179.999512,-0.478052,-0.021093,0.624550,-0.008812,2.362061,0.010535,
feedback,0.179898,1786352448836,7,Ry,5.000000,40.000000,2.808380,-2.191620,,,359.999969,-134.999222,479.999939,179.999481,-50.000015,-179.999451,359.912964,-134.998795,480.075134,179.999420,-50.116249,-179.999390,-0.429832,0.108305,0.730452,0.001725,2.808380,0.039943,
feedback,0.189652,1786352448844,7,Ry,5.000000,40.000000,3.357697,-1.642303,,,359.999969,-134.999222,479.999939,179.999481,-50.000015,-179.999451,359.909119,-134.998840,480.079193,179.999451,-50.142040,-179.999390,-0.421744,0.118850,0.449866,-0.004409,3.357697,0.025870,
feedback,0.196300,1786352448853,7,Ry,5.000000,40.000000,3.852081,-1.147919,,,359.999969,-134.999222,479.999939,179.999481,-50.000015,-179.999451,359.906616,-134.999237,480.081421,179.999390,-50.171730,-179.999512,-0.255900,0.074770,0.176921,0.018463,3.852081,-0.004555,
feedback,0.205169,1786352448861,7,Ry,5.000000,40.000000,4.037476,-0.962524,,,359.999969,-134.999222,479.999939,179.999481,-50.000015,-179.999451,359.907928,-134.999527,480.083557,179.999451,-50.203262,-179.999496,0.095615,0.086264,0.187152,0.005274,4.037476,0.018128,
feedback,0.212454,1786352448870,7,Ry,5.000000,40.000000,3.907013,-1.092987,,,359.999969,-134.999222,479.999939,179.999481,-50.000015,-179.999451,359.912231,-134.999496,480.087250,179.999344,-50.234463,-179.999573,0.521280,-0.065173,0.480527,0.008784,3.907013,-0.024289,
feedback,0.221513,1786352448878,7,Ry,5.000000,40.000000,4.078674,-0.921326,,,359.999969,-134.999222,479.999939,179.999481,-50.000015,-179.999451,359.919556,-134.998505,480.091644,179.999374,-50.282253,-179.999405,0.565194,0.268400,0.240709,0.021927,4.078674,0.007924,
feedback,0.228932,1786352448886,7,Ry,5.000000,40.000000,4.394531,-0.605469,,,359.999969,-134.999222,479.999939,179.999481,-50.000015,-179.999451,359.920593,-134.999283,480.092377,179.999390,-50.316750,-179.999466,-0.068611,0.075721,0.024706,-0.004389,4.394531,0.019017,
feedback,0.237499,1786352448895,7,Ry,5.000000,40.000000,4.648590,-0.351410,,,359.999969,-134.999222,479.999939,179.999481,-50.000015,-179.999451,359.921265,-134.999313,480.090179,179.999481,-50.353390,-179.999557,-0.034480,-0.075721,-0.287728,-0.000910,4.648590,-0.023401,
feedback,0.245299,1786352448903,7,Ry,5.000000,40.000000,4.813385,-0.186615,,,359.999969,-134.999222,479.999939,179.999481,-50.000015,-179.999451,359.922485,-134.999313,480.089996,179.999451,-50.391376,-179.999512,0.169584,0.032588,-0.061847,-0.009672,4.813385,0.007779,
feedback,0.253703,1786352448911,7,Ry,5.000000,40.000000,4.847717,-0.152283,,,359.999969,-134.999222,479.999939,179.999481,-50.000015,-179.999451,359.925781,-134.998764,480.090881,179.999420,-50.430294,-179.999435,0.598625,0.171589,0.149612,0.017485,4.847717,-0.000573,
feedback,0.262134,1786352448920,7,Ry,5.000000,40.000000,4.971314,-0.028686,,,359.999969,-134.999222,479.999939,179.999481,-50.000015,-179.999451,359.929718,-134.999313,480.093384,179.999420,-50.470669,-179.999466,0.628534,-0.010546,0.629724,-0.004375,4.971313,0.005296,
feedback,0.270242,1786352448928,7,Ry,5.000000,40.000000,5.026245,0.026245,,,359.999969,-134.999222,479.999939,179.999481,-50.000015,-179.999451,359.938995,-134.999542,480.095825,179.999405,-50.510494,-179.999619,0.923198,-0.205133,0.361068,-0.006232,5.026245,-0.048365,
feedback,0.278307,1786352448932,7,Ry,5.000000,40.000000,4.833984,-0.166016,,,359.999969,-134.999222,479.999939,179.999481,-50.000015,-179.999451,359.949829,-134.999573,480.099274,179.999390,-50.549332,-179.999573,1.486352,0.117913,0.396482,0.002485,4.833984,-0.010899,
feedback,0.286365,1786352448941,7,Ry,5.000000,40.000000,4.813385,-0.186615,,,359.999969,-134.999222,479.999939,179.999481,-50.000015,-179.999451,359.954437,-134.999359,480.100342,179.999435,-50.568584,-179.999466,1.151333,0.054638,0.264640,-0.007785,4.813385,0.034005,
feedback,0.294839,1786352448949,7,Ry,5.000000,40.000000,4.820252,-0.179748,,,359.999969,-134.999222,479.999939,179.999481,-50.000015,-179.999451,359.960785,-134.999313,480.101471,179.999405,-50.607201,-179.999466,0.727290,0.032593,0.091925,0.011557,4.820251,0.025246,
feedback,0.303111,1786352448958,7,Ry,5.000000,40.000000,4.827118,-0.172882,,,359.999969,-134.999222,479.999939,179.999481,-50.000015,-179.999451,359.967743,-134.999283,480.100861,179.999313,-50.665459,-179.999542,0.551833,-0.087233,0.222375,0.017407,4.827118,-0.041843,
feedback,0.310480,1786352448966,7,Ry,5.000000,40.000000,4.950714,-0.049286,,,359.999969,-134.999222,479.999939,179.999481,-50.000015,-179.999451,359.971100,-134.999283,480.101349,179.999344,-50.704487,-179.999420,0.132293,-0.139965,0.136742,-0.004353,4.950714,-0.015285,
feedback,0.318896,1786352448975,7,Ry,5.000000,40.000000,5.033112,0.033112,,,359.999969,-134.999222,479.999939,179.999481,-50.000015,-179.999451,359.974762,-134.999283,480.102997,179.999420,-50.743980,-179.999512,0.257408,0.010546,0.233463,-0.000977,5.033112,-0.009662,
feedback,0.326769,1786352448983,7,Ry,5.000000,40.000000,5.074310,0.074310,,,359.999969,-134.999222,479.999939,179.999481,-50.000015,-179.999451,359.978607,-134.999146,480.102722,179.999451,-50.784302,-179.999481,0.485696,0.053687,-0.259633,-0.000986,5.074310,-0.002795,
feedback,0.335183,1786352448992,7,Ry,5.000000,40.000000,5.170440,0.170440,,,359.999969,-134.999222,479.999939,179.999481,-50.000015,-179.999451,359.981689,-134.998932,480.100189,179.999420,-50.825611,-179.999451,0.234943,-0.054643,-0.269308,0.002356,5.170441,-0.038377,
feedback,0.343038,1786352449000,7,Ry,5.000000,40.000000,5.245972,0.245972,,,359.999969,-134.999222,479.999939,179.999481,-50.000015,-179.999451,359.978943,-134.999146,480.097565,179.999435,-50.867496,-179.999481,-0.661479,0.096826,-0.189954,0.009652,5.245972,0.012740,
feedback,0.351779,1786352449009,7,Ry,5.000000,40.000000,5.355835,0.355835,,,359.999969,-134.999222,479.999939,179.999481,-50.000015,-179.999451,359.970306,-134.999878,480.094757,179.999435,-50.909657,-179.999542,-1.417317,-0.129418,-0.373106,0.010661,5.355835,-0.011940,
feedback,0.359261,1786352449017,7,Ry,5.000000,40.000000,5.397034,0.397034,,,359.999969,-134.999222,479.999939,179.999481,-50.000015,-179.999451,359.961029,-134.998840,480.088684,179.999435,-50.952557,-179.999390,-1.110646,0.139959,-0.943668,0.004313,5.397034,0.015267,
feedback,0.367519,1786352449025,7,Ry,5.000000,40.000000,5.369568,0.369568,,,359.999969,-134.999222,479.999939,179.999481,-50.000015,-179.999451,359.953735,-134.999008,480.081757,179.999405,-50.995541,-179.999359,-0.859758,0.065181,-0.785994,-0.003318,5.369568,0.028726,
feedback,0.375722,1786352449034,7,Ry,5.000000,40.000000,5.410767,0.410767,,,359.999969,-134.999222,479.999939,179.999481,-50.000015,-179.999451,359.948486,-134.999527,480.075562,179.999496,-51.038361,-179.999573,-0.806409,-0.161050,-0.718869,-0.018295,5.410767,-0.008900,
feedback,0.384066,1786352449042,7,Ry,5.000000,40.000000,5.156708,0.156708,,,359.999969,-134.999222,479.999939,179.999481,-50.000015,-179.999451,359.944336,-134.999313,480.074036,179.999405,-51.100819,-179.999466,0.016251,0.000000,-0.051467,-0.005349,5.156708,-0.004312,
feedback,0.392097,1786352449050,7,Ry,5.000000,40.000000,5.081177,0.081177,,,359.999969,-134.999222,479.999939,179.999481,-50.000015,-179.999451,359.945557,-134.999405,480.070587,179.999496,-51.141991,-179.999512,0.459373,0.022045,-0.287702,-0.013968,5.081177,0.013252,
feedback,0.400194,1786352449059,7,Ry,5.000000,40.000000,5.108642,0.108642,,,359.999969,-134.999222,479.999939,179.999481,-50.000015,-179.999451,359.946869,-134.999283,480.066803,179.999405,-51.182884,-179.999512,0.170972,0.021092,-0.550576,-0.002097,5.108643,-0.019308,
feedback,0.408426,1786352449067,7,Ry,5.000000,40.000000,5.060577,0.060577,,,359.999969,-134.999222,479.999939,179.999481,-50.000015,-179.999451,359.947327,-134.999573,480.061249,179.999496,-51.223618,-179.999527,0.096022,-0.010546,-0.765085,-0.004303,5.060577,0.005353,
feedback,0.416762,1786352449071,7,Ry,5.000000,40.000000,5.005646,0.005646,,,359.999969,-134.999222,479.999939,179.999481,-50.000015,-179.999451,359.947479,-134.999008,480.053345,179.999390,-51.263882,-179.999359,0.018946,-0.064229,-1.097530,-0.008603,5.005646,0.003846,
feedback,0.424803,1786352449080,7,Ry,5.000000,40.000000,5.039978,0.039978,,,359.999969,-134.999222,479.999939,179.999481,-50.000015,-179.999451,359.947327,-134.998795,480.048950,179.999435,-51.284042,-179.999420,-0.038081,0.053683,-1.098487,-0.006433,5.039978,-0.007081,
feedback,0.432964,1786352449088,7,Ry,5.000000,40.000000,5.026245,0.026245,,,359.999969,-134.999222,479.999939,179.999481,-50.000015,-179.999451,359.949402,-134.999329,480.040070,179.999298,-51.324169,-179.999496,0.295760,-0.032591,-1.229864,-0.001072,5.026245,-0.016518,
feedback,0.441072,1786352449097,7,Ry,5.000000,40.000000,5.053711,0.053711,,,359.999969,-134.999222,479.999939,179.999481,-50.000015,-179.999451,359.954834,-134.999222,480.031128,179.999496,-51.364571,-179.999481,0.770220,-0.021091,-1.140288,-0.024672,5.053711,-0.002134,
feedback,0.449310,1786352449105,7,Ry,5.000000,40.000000,5.046845,0.046845,,,359.999969,-134.999222,479.999939,179.999481,-50.000015,-179.999451,359.962982,-134.999222,480.023682,179.999451,-51.404919,-179.999435,1.304611,0.033549,-0.965429,-0.026791,5.046844,0.036283,
feedback,0.457414,1786352449114,7,Ry,5.000000,40.000000,5.101776,0.101776,,,359.999969,-134.999222,479.999939,179.999481,-50.000015,-179.999451,359.972076,-134.999405,480.016663,179.999344,-51.445377,-179.999481,1.159478,-0.043139,-1.008434,0.005367,5.101776,-0.002587,
feedback,0.465781,1786352449122,7,Ry,5.000000,40.000000,5.294037,0.294037,,,359.999969,-134.999222,479.999939,179.999481,-50.000015,-179.999451,359.982361,-134.998978,480.000366,179.999435,-51.508602,-179.999451,0.461835,-0.053686,-1.205572,-0.009658,5.294037,-0.005766,
feedback,0.473914,1786352449131,7,Ry,5.000000,40.000000,5.417633,0.417633,,,359.999969,-134.999222,479.999939,179.999481,-50.000015,-179.999451,359.980530,-134.999100,479.990326,179.999405,-51.551476,-179.999481,-0.399537,-0.096828,-1.100192,-0.009655,5.417633,-0.012625,
feedback,0.482114,1786352449139,7,Ry,5.000000,40.000000,5.273437,0.273437,,,359.999969,-134.999222,479.999939,179.999481,-50.000015,-179.999451,359.975708,-134.999451,479.985718,179.999435,-51.593773,-179.999573,-0.707193,-0.032595,-0.402756,-0.001118,5.273438,-0.016513,
feedback,0.490535,1786352449147,7,Ry,5.000000,40.000000,5.300903,0.300903,,,359.999969,-134.999222,479.999939,179.999481,-50.000015,-179.999451,359.971191,-134.998581,479.982391,179.999374,-51.636292,-179.999344,-0.505548,0.183104,-0.370938,-0.001137,5.300903,0.017820,
feedback,0.498500,1786352449156,7,Ry,5.000000,40.000000,5.204773,0.204773,,,359.999969,-134.999222,479.999939,179.999481,-50.000015,-179.999451,359.967316,-134.999191,479.985077,179.999344,-51.678177,-179.999496,-0.314252,-0.119827,0.392741,0.015897,5.204773,-0.058659,
feedback,0.506511,1786352449164,7,Ry,5.000000,40.000000,5.033112,0.033112,,,359.999969,-134.999222,479.999939,179.999481,-50.000015,-179.999451,359.966187,-134.998627,479.990143,179.999222,-51.718990,-179.999283,0.226124,0.193649,0.852480,0.013886,5.033112,0.020940,
feedback,0.514689,1786352449172,7,Ry,5.000000,40.000000,5.184173,0.184173,,,359.999969,-134.999222,479.999939,179.999481,-50.000015,-179.999451,359.967896,-134.999573,479.993103,179.999374,-51.760025,-179.999557,0.286508,-0.086279,0.057727,-0.005393,5.184174,-0.017983,
feedback,0.522864,1786352449181,7,Ry,5.000000,40.000000,5.225372,0.225372,,,359.999969,-134.999222,479.999939,179.999481,-50.000015,-179.999451,359.970581,-134.999496,479.991486,179.999390,-51.801662,-179.999481,0.417299,-0.183105,-0.471824,0.006544,5.225372,-0.013577,
feedback,0.531203,1786352449189,7,Ry,5.000000,40.000000,5.094910,0.094910,,,359.999969,-134.999222,479.999939,179.999481,-50.000015,-179.999451,359.971771,-134.998886,479.989471,179.999313,-51.842888,-179.999359,0.017518,0.129419,-0.084018,-0.000010,5.094910,0.020599,
feedback,0.539153,1786352449198,7,Ry,5.000000,40.000000,4.909515,-0.090485,,,359.999969,-134.999222,479.999939,179.999481,-50.000015,-179.999451,359.971436,-134.998932,479.992249,179.999374,-51.882687,-179.999405,0.001253,0.043140,0.402574,-0.005412,4.909515,0.002628,
feedback,0.547492,1786352449206,7,Ry,5.000000,40.000000,4.868316,-0.131684,,,359.999969,-134.999222,479.999939,179.999481,-50.000015,-179.999451,359.976013,-134.999023,479.994476,179.999344,-51.942150,-179.999466,0.709351,0.031639,0.255895,0.001878,4.868317,-0.024685,
feedback,0.555597,1786352449214,7,Ry,5.000000,40.000000,4.724121,-0.275879,,,359.999969,-134.999222,479.999939,179.999481,-50.000015,-179.999451,359.986420,-134.999191,479.999817,179.999527,-51.980053,-179.999557,1.288795,-0.150515,0.731209,-0.040922,4.724121,-0.035156,
feedback,0.563966,1786352449223,7,Ry,5.000000,40.000000,4.710388,-0.289612,,,359.999969,-134.999222,479.999939,179.999481,-50.000015,-179.999451,359.997833,-134.999237,480.006073,179.999374,-52.017326,-179.999496,1.153145,0.043144,0.870580,-0.000005,4.710388,0.006866,
feedback,0.572154,1786352449227,7,Ry,5.000000,40.000000,4.724121,-0.275879,,,359.999969,-134.999222,479.999939,179.999481,-50.000015,-179.999451,360.001831,-134.999268,480.008636,179.999405,-52.036221,-179.999496,0.997865,-0.010545,0.640788,-0.004229,4.724121,0.005414,
feedback,0.580362,1786352449235,7,Ry,5.000000,40.000000,4.895783,-0.104217,,,359.999969,-134.999222,479.999939,179.999481,-50.000015,-179.999451,360.008942,-134.999573,480.010284,179.999512,-52.074947,-179.999573,0.694450,-0.128473,0.106275,-0.022300,4.895782,0.003712,
feedback,0.588571,1786352449244,7,Ry,5.000000,40.000000,4.854584,-0.145416,,,359.999969,-134.999222,479.999939,179.999481,-50.000015,-179.999451,360.014130,-134.999313,480.013336,179.999390,-52.113811,-179.999451,0.463006,-0.010546,0.534553,0.012036,4.854584,0.018069,
feedback,0.596700,1786352449252,7,Ry,5.000000,40.000000,4.895782,-0.104218,,,359.999969,-134.999222,479.999939,179.999481,-50.000015,-179.999451,360.017700,-134.998978,480.017120,179.999283,-52.152870,-179.999420,0.313898,0.010547,0.737529,0.004206,4.895782,-0.005422,
feedback,0.605784,1786352449260,7,Ry,5.000000,40.000000,4.916382,-0.083618,,,359.999969,-134.999222,479.999939,179.999481,-50.000015,-179.999451,360.018127,-134.999573,480.023773,179.999451,-52.192722,-179.999481,0.252376,-0.085330,1.018260,-0.016839,4.916382,0.014834,
feedback,0.613077,1786352449269,7,Ry,5.000000,40.000000,4.916382,-0.083618,,,359.999969,-134.999222,479.999939,179.999481,-50.000015,-179.999451,360.020294,-134.998764,480.034973,179.999298,-52.232109,-179.999283,0.365510,0.065200,1.573930,0.002433,4.916382,0.033000,
feedback,0.622106,1786352449277,7,Ry,5.000000,40.000000,4.916382,-0.083618,,,359.999969,-134.999222,479.999939,179.999481,-50.000015,-179.999451,360.021729,-134.998840,480.044403,179.999374,-52.271797,-179.999329,0.222726,0.108346,1.114522,0.002446,4.916382,0.039864,
feedback,0.629572,1786352449286,7,Ry,5.000000,40.000000,5.204773,0.204773,,,359.999969,-134.999222,479.999939,179.999481,-50.000015,-179.999451,360.018982,-134.999359,480.047333,179.999374,-52.313515,-179.999573,-0.319749,-0.108344,0.091282,0.008393,5.204773,-0.031467,
feedback,0.637701,1786352449294,7,Ry,5.000000,40.000000,5.314636,0.314636,,,359.999969,-134.999222,479.999939,179.999481,-50.000015,-179.999451,360.013214,-134.999359,480.044800,179.999374,-52.376823,-179.999573,-0.638524,-0.043145,-0.456048,-0.016318,5.314636,-0.019442,
feedback,0.645732,1786352449303,7,Ry,5.000000,40.000000,5.232239,0.232239,,,359.999969,-134.999222,479.999939,179.999481,-50.000015,-179.999451,360.011505,-134.999023,480.044983,179.999298,-52.418465,-179.999420,-0.045570,0.043145,-0.071685,0.005434,5.232239,0.011054,
feedback,0.654671,1786352449311,7,Ry,5.000000,40.000000,5.170441,0.170441,,,359.999969,-134.999222,479.999939,179.999481,-50.000015,-179.999451,360.009613,-134.999268,480.045776,179.999390,-52.459743,-179.999496,-0.236062,-0.150526,-0.003022,-0.013817,5.170441,-0.013894,
feedback,0.662277,1786352449320,7,Ry,5.000000,40.000000,5.088043,0.088043,,,359.999969,-134.999222,479.999939,179.999481,-50.000015,-179.999451,360.007263,-134.998932,480.049103,179.999283,-52.500641,-179.999298,-0.373567,0.032597,0.511191,0.006705,5.088043,0.020674,
feedback,0.671160,1786352449328,7,Ry,5.000000,40.000000,5.012512,0.012512,,,359.999969,-134.999222,479.999939,179.999481,-50.000015,-179.999451,360.004364,-134.999146,480.053650,179.999390,-52.540794,-179.999420,-0.241932,-0.010546,0.524587,0.001267,5.012512,0.009627,
feedback,0.679242,1786352449336,7,Ry,5.000000,40.000000,4.964447,-0.035553,,,359.999969,-134.999222,479.999939,179.999481,-50.000015,-179.999451,360.003937,-134.998581,480.055817,179.999329,-52.580513,-179.999298,-0.018033,0.032597,0.131101,0.001267,4.964447,0.016492,
feedback,0.687377,1786352449345,7,Ry,5.000000,40.000000,4.868317,-0.131683,,,359.999969,-134.999222,479.999939,179.999481,-50.000015,-179.999451,360.002594,-134.999237,480.057861,179.999329,-52.619595,-179.999451,0.106823,-0.032597,0.266706,0.015076,4.868317,-0.003985,
feedback,0.695304,1786352449353,7,Ry,5.000000,40.000000,4.827118,-0.172882,,,359.999969,-134.999222,479.999939,179.999481,-50.000015,-179.999451,360.001984,-134.998840,480.057465,179.999405,-52.658432,-179.999527,0.165295,0.150523,-0.272730,0.002862,4.827118,0.005516,
feedback,0.703337,1786352449362,7,Ry,5.000000,40.000000,4.909515,-0.090485,,,359.999969,-134.999222,479.999939,179.999481,-50.000015,-179.999451,360.000885,-134.999146,480.052979,179.999344,-52.698120,-179.999542,0.163364,-0.032597,-0.607148,-0.012229,4.909515,-0.024812,
feedback,0.711339,1786352449370,7,Ry,5.000000,40.000000,5.088043,0.088043,,,359.999969,-134.999222,479.999939,179.999481,-50.000015,-179.999451,360.002502,-134.998932,480.039856,179.999420,-52.758846,-179.999481,0.130536,0.129431,-1.147109,-0.005476,5.088043,0.016444,
feedback,0.720240,1786352449378,7,Ry,5.000000,40.000000,4.957580,-0.042420,,,359.999969,-134.999222,479.999939,179.999481,-50.000015,-179.999451,360.004211,-134.999237,480.036652,179.999405,-52.798729,-179.999542,0.141767,-0.043144,-0.325316,-0.005474,4.957581,-0.011018,
feedback,0.727677,1786352449383,7,Ry,5.000000,40.000000,4.950714,-0.049286,,,359.999969,-134.999222,479.999939,179.999481,-50.000015,-179.999451,360.004822,-134.999451,480.035217,179.999420,-52.818531,-179.999557,0.158177,-0.053690,-0.361803,-0.004152,4.950714,-0.001396,
feedback,0.736904,1786352449391,7,Ry,5.000000,40.000000,4.978180,-0.021820,,,359.999969,-134.999222,479.999939,179.999481,-50.000015,-179.999451,360.005615,-134.998886,480.034973,179.999359,-52.858631,-179.999435,0.248537,0.031639,-0.288271,0.012428,4.978180,-0.016421,
feedback,0.744034,1786352449399,7,Ry,5.000000,40.000000,5.177307,0.177307,,,359.999969,-134.999222,479.999939,179.999481,-50.000015,-179.999451,360.004669,-134.999542,480.030273,179.999329,-52.900185,-179.999542,0.097689,0.021092,-0.830749,0.002807,5.177307,-0.015095,
feedback,0.752233,1786352449408,7,Ry,5.000000,40.000000,5.348969,0.348969,,,359.999969,-134.999222,479.999939,179.999481,-50.000015,-179.999451,360.001923,-134.998795,480.023376,179.999420,-52.943306,-179.999405,-0.232315,0.151481,-0.715346,-0.019248,5.348969,0.030150,
feedback,0.760160,1786352449416,7,Ry,5.000000,40.000000,5.376434,0.376434,,,359.999969,-134.999222,479.999939,179.999481,-50.000015,-179.999451,359.994965,-134.999359,480.016052,179.999451,-52.986290,-179.999481,-1.189704,-0.150521,-0.892580,-0.002790,5.376434,-0.005500,
feedback,0.768484,1786352449425,7,Ry,5.000000,40.000000,5.397034,0.397034,,,359.999969,-134.999222,479.999939,179.999481,-50.000015,-179.999451,359.989044,-134.999359,480.007294,179.999435,-53.029305,-179.999481,-0.994924,0.032595,-1.136899,-0.004135,5.397034,0.012352,
feedback,0.776667,1786352449433,7,Ry,5.000000,40.000000,5.410767,0.410767,,,359.999969,-134.999222,479.999939,179.999481,-50.000015,-179.999451,359.983398,-134.999237,479.998962,179.999283,-53.072727,-179.999390,-0.657286,0.021092,-0.920232,0.024713,5.410767,0.001398,
feedback,0.785756,1786352449441,7,Ry,5.000000,40.000000,5.369568,0.369568,,,359.999969,-134.999222,479.999939,179.999481,-50.000015,-179.999451,359.978302,-134.999313,479.992279,179.999374,-53.115822,-179.999435,-0.514867,-0.183109,-0.760782,-0.009619,5.369568,-0.026095,
feedback,0.792979,1786352449450,7,Ry,5.000000,40.000000,5.232239,0.232239,,,359.999969,-134.999222,479.999939,179.999481,-50.000015,-179.999451,359.976654,-134.999191,479.988495,179.999481,-53.157925,-179.999512,-0.159896,0.032594,-0.308828,-0.009620,5.232239,0.008244,
feedback,0.801834,1786352449458,7,Ry,5.000000,40.000000,5.081177,0.081177,,,359.999969,-134.999222,479.999939,179.999481,-50.000015,-179.999451,359.976685,-134.999313,479.985626,179.999420,-53.219944,-179.999481,0.112424,-0.043140,-0.012314,-0.000005,5.081177,-0.006866,
feedback,0.809111,1786352449467,7,Ry,5.000000,40.000000,5.108643,0.108643,,,359.999969,-134.999222,479.999939,179.999481,-50.000015,-179.999451,359.977844,-134.999405,479.980499,179.999313,-53.261196,-179.999466,0.262728,-0.043140,-0.577733,0.011003,5.108643,0.001348,
feedback,0.817965,1786352449475,7,Ry,5.000000,40.000000,5.101776,0.101776,,,359.999969,-134.999222,479.999939,179.999481,-50.000015,-179.999451,359.980499,-134.999146,479.972015,179.999405,-53.302341,-179.999451,0.318997,0.096828,-0.888010,-0.001410,5.101776,0.004124,
feedback,0.825528,1786352449483,7,Ry,5.000000,40.000000,5.005646,0.005646,,,359.999969,-134.999222,479.999939,179.999481,-50.000015,-179.999451,359.983368,-134.999619,479.963654,179.999344,-53.342991,-179.999496,0.460182,0.043141,-0.754977,-0.005508,5.005646,0.002767,
feedback,0.834443,1786352449492,7,Ry,5.000000,40.000000,4.943848,-0.056152,,,359.999969,-134.999222,479.999939,179.999481,-50.000015,-179.999451,359.991302,-134.999268,479.956207,179.999451,-53.383034,-179.999405,1.223244,0.000002,-0.873192,-0.011030,4.943848,-0.008191,
feedback,0.841957,1786352449500,7,Ry,5.000000,40.000000,4.971314,-0.028686,,,359.999969,-134.999222,479.999939,179.999481,-50.000015,-179.999451,360.001373,-134.998764,479.949951,179.999344,-53.423054,-179.999359,1.428560,0.247358,-0.724573,0.017777,4.971313,0.021882,
feedback,0.850437,1786352449509,7,Ry,5.000000,40.000000,4.847717,-0.152283,,,359.999969,-134.999222,479.999939,179.999481,-50.000015,-179.999451,360.010590,-134.999359,479.949829,179.999222,-53.461918,-179.999374,1.022645,-0.118887,0.118276,0.009603,4.847717,-0.022028,
feedback,0.858406,1786352449517,7,Ry,5.000000,40.000000,4.882050,-0.117950,,,359.999969,-134.999222,479.999939,179.999481,-50.000015,-179.999451,360.016785,-134.999100,479.951080,179.999344,-53.500919,-179.999405,0.728406,0.054653,0.183575,-0.017779,4.882050,0.026208,
feedback,0.866650,1786352449525,7,Ry,5.000000,40.000000,5.088043,0.088043,,,359.999969,-134.999222,479.999939,179.999481,-50.000015,-179.999451,360.018250,-134.999268,479.950012,179.999374,-53.540909,-179.999481,0.150999,-0.021092,-0.129241,-0.008166,5.088043,0.011045,
feedback,0.874788,1786352449530,7,Ry,5.000000,40.000000,5.108642,0.108642,,,359.999969,-134.999222,479.999939,179.999481,-50.000015,-179.999451,360.017609,-134.999359,479.948456,179.999329,-53.561344,-179.999512,-0.166362,-0.022053,-0.385364,0.008154,5.108643,-0.017914,
feedback,0.883594,1786352449538,7,Ry,5.000000,40.000000,5.067444,0.067444,,,359.999969,-134.999222,479.999939,179.999481,-50.000015,-179.999451,360.011963,-134.999313,479.951050,179.999329,-53.622318,-179.999390,-0.482419,0.022052,0.410814,-0.002622,5.067444,0.021996,
feedback,0.891146,1786352449547,7,Ry,5.000000,40.000000,5.136109,0.136109,,,359.999969,-134.999222,479.999939,179.999481,-50.000015,-179.999451,360.008636,-134.998886,479.955170,179.999283,-53.663460,-179.999329,-0.414049,0.162030,0.639568,0.001453,5.136108,0.037066,
feedback,0.899909,1786352449555,7,Ry,5.000000,40.000000,5.039978,0.039978,,,359.999969,-134.999222,479.999939,179.999481,-50.000015,-179.999451,360.012329,-134.999619,479.958191,179.999374,-53.704193,-179.999542,0.637969,-0.096835,0.300575,-0.004065,5.039978,-0.008199,
feedback,0.907733,1786352449564,7,Ry,5.000000,40.000000,4.971313,-0.028687,,,359.999969,-134.999222,479.999939,179.999481,-50.000015,-179.999451,360.017975,-134.999100,479.964050,179.999420,-53.744732,-179.999496,0.641681,-0.096836,0.873923,-0.015142,4.971313,-0.016317,
feedback,0.916365,1786352449572,7,Ry,5.000000,40.000000,5.039978,0.039978,,,359.999969,-134.999222,479.999939,179.999481,-50.000015,-179.999451,360.019012,-134.999237,479.971191,179.999344,-53.785576,-179.999481,0.037151,0.064238,1.034504,0.013649,5.039978,-0.000157,
feedback,0.923925,1786352449580,7,Ry,5.000000,40.000000,5.156708,0.156708,,,359.999969,-134.999222,479.999939,179.999481,-50.000015,-179.999451,360.017212,-134.998978,479.975403,179.999298,-53.826553,-179.999451,-0.319197,-0.032600,0.368882,-0.001497,5.156708,-0.016462,
feedback,0.932912,1786352449589,7,Ry,5.000000,40.000000,5.149841,0.149841,,,359.999969,-134.999222,479.999939,179.999481,-50.000015,-179.999451,360.013824,-134.999191,479.978180,179.999283,-53.867561,-179.999435,-0.500801,-0.151488,0.148847,0.019184,5.149841,-0.030460,
feedback,0.940411,1786352449597,7,Ry,5.000000,40.000000,4.978180,-0.021820,,,359.999969,-134.999222,479.999939,179.999481,-50.000015,-179.999451,360.012024,-134.999451,479.981567,179.999344,-53.908180,-179.999466,-0.430925,-0.205177,0.934110,-0.001506,4.978180,-0.043926,
feedback,0.949019,1786352449605,7,Ry,5.000000,40.000000,4.923248,-0.076752,,,359.999969,-134.999222,479.999939,179.999481,-50.000015,-179.999451,360.010376,-134.999222,479.987915,179.999451,-53.947899,-179.999451,-0.220692,0.054650,1.022140,-0.017682,4.923248,0.026346,
feedback,0.956619,1786352449614,7,Ry,5.000000,40.000000,4.724121,-0.275879,,,359.999969,-134.999222,479.999939,179.999481,-50.000015,-179.999451,360.013000,-134.999756,479.998169,179.999344,-53.986076,-179.999557,0.373044,-0.129435,1.488610,0.000002,4.724121,-0.020599,
feedback,0.965327,1786352449622,7,Ry,5.000000,40.000000,4.641723,-0.358277,,,359.999969,-134.999222,479.999939,179.999481,-50.000015,-179.999451,360.021759,-134.999496,480.012238,179.999435,-54.042381,-179.999557,0.737722,-0.096837,1.206858,-0.026266,4.641724,-0.024302,
feedback,0.973274,1786352449631,7,Ry,5.000000,40.000000,4.689789,-0.310211,,,359.999969,-134.999222,479.999939,179.999481,-50.000015,-179.999451,360.026093,-134.999359,480.019104,179.999207,-54.080036,-179.999359,0.538609,0.021092,0.863928,0.024736,4.689789,0.000963,
feedback,0.981635,1786352449639,7,Ry,5.000000,40.000000,4.820252,-0.179748,,,359.999969,-134.999222,479.999939,179.999481,-50.000015,-179.999451,360.027649,-134.999054,480.022797,179.999313,-54.118187,-179.999405,0.007828,0.043147,0.332569,0.011120,4.820251,0.014916,
feedback,0.990285,1786352449648,7,Ry,5.000000,40.000000,4.799652,-0.200348,,,359.999969,-134.999222,479.999939,179.999481,-50.000015,-179.999451,360.028778,-134.999268,480.026886,179.999405,-54.156418,-179.999527,0.241594,0.129440,0.484295,-0.005571,4.799652,0.016579,
feedback,0.997859,1786352449652,7,Ry,5.000000,40.000000,4.792786,-0.207214,,,359.999969,-134.999222,479.999939,179.999481,-50.000015,-179.999451,360.029449,-134.999191,480.029144,179.999237,-54.175591,-179.999374,0.165365,0.021092,0.569552,0.024736,4.792786,0.000922,
feedback,1.006444,1786352449661,7,Ry,5.000000,40.000000,4.978180,-0.021820,,,359.999969,-134.999222,479.999939,179.999481,-50.000015,-179.999451,360.029785,-134.998840,480.029633,179.999359,-54.215195,-179.999466,0.053618,0.139986,0.117689,-0.007135,4.978180,0.006999,
feedback,1.013889,1786352449670,7,Ry,5.000000,40.000000,5.081177,0.081177,,,359.999969,-134.999222,479.999939,179.999481,-50.000015,-179.999451,360.028595,-134.999237,480.033478,179.999298,-54.275318,-179.999420,-0.149790,0.032600,0.160691,-0.009589,5.081177,0.008432,
feedback,1.022803,1786352449679,7,Ry,5.000000,40.000000,5.163574,0.163574,,,359.999969,-134.999222,479.999939,179.999481,-50.000015,-179.999451,360.027313,-134.999023,480.034576,179.999313,-54.316269,-179.999451,-0.306711,-0.011509,-0.036400,0.012008,5.163574,-0.023598,
feedback,1.030618,1786352449687,7,Ry,5.000000,40.000000,5.197907,0.197907,,,359.999969,-134.999222,479.999939,179.999481,-50.000015,-179.999451,360.024078,-134.998672,480.035767,179.999207,-54.357853,-179.999252,-0.465218,0.139983,0.298519,0.020729,5.197906,0.027023,
feedback,1.039433,1786352449696,7,Ry,5.000000,40.000000,5.280304,0.280304,,,359.999969,-134.999222,479.999939,179.999481,-50.000015,-179.999451,360.018463,-134.999023,480.033417,179.999283,-54.400204,-179.999405,-0.695988,0.118889,-0.245871,0.001578,5.280304,0.030180,
feedback,1.046957,1786352449704,7,Ry,5.000000,40.000000,5.280304,0.280304,,,359.999969,-134.999222,479.999939,179.999481,-50.000015,-179.999451,360.009003,-134.999191,480.032074,179.999237,-54.442448,-179.999374,-1.286473,-0.022053,-0.196874,0.013567,5.280304,-0.014046,
feedback,1.055085,1786352449712,7,Ry,5.000000,40.000000,5.424500,0.424500,,,359.999969,-134.999222,479.999939,179.999481,-50.000015,-179.999451,359.997864,-134.999054,480.028778,179.999344,-54.485073,-179.999451,-1.527206,-0.053691,-0.512709,0.001592,5.424500,0.002711,
feedback,1.064294,1786352449721,7,Ry,5.000000,40.000000,5.307770,0.307770,,,359.999969,-134.999222,479.999939,179.999481,-50.000015,-179.999451,359.988708,-134.999054,480.024780,179.999298,-54.527565,-179.999390,-1.141676,0.064232,-0.434378,0.019146,5.307770,0.003652,
feedback,1.071909,1786352449729,7,Ry,5.000000,40.000000,5.266571,0.266571,,,359.999969,-134.999222,479.999939,179.999481,-50.000015,-179.999451,359.980438,-134.999283,480.021484,179.999359,-54.569614,-179.999466,-0.989394,0.043140,-0.511919,-0.005600,5.266571,0.002886,
feedback,1.079753,1786352449738,7,Ry,5.000000,40.000000,5.074310,0.074310,,,359.999969,-134.999222,479.999939,179.999481,-50.000015,-179.999451,359.977936,-134.999710,480.021942,179.999237,-54.610481,-179.999466,-0.391499,-0.087237,0.147391,0.027104,5.074310,-0.035037,
feedback,1.088789,1786352449746,7,Ry,5.000000,40.000000,5.136108,0.136108,,,359.999969,-134.999222,479.999939,179.999481,-50.000015,-179.999451,359.980988,-134.999191,480.015778,179.999268,-54.672062,-179.999420,0.588939,0.064234,-0.681825,0.007936,5.136108,-0.004338,
feedback,1.095991,1786352449754,7,Ry,5.000000,40.000000,5.019379,0.019379,,,359.999969,-134.999222,479.999939,179.999481,-50.000015,-179.999451,359.984802,-134.999313,480.010986,179.999313,-54.712490,-179.999374,0.337977,-0.183111,-0.484079,0.001633,5.019379,-0.017894,
feedback,1.104072,1786352449763,7,Ry,5.000000,40.000000,4.943848,-0.056152,,,359.999969,-134.999222,479.999939,179.999481,-50.000015,-179.999451,359.986023,-134.999313,480.006287,179.999359,-54.752151,-179.999420,0.229542,-0.096829,-0.533598,-0.009575,4.943848,-0.012088,
feedback,1.112404,1786352449771,7,Ry,5.000000,40.000000,4.902649,-0.097351,,,359.999969,-134.999222,479.999939,179.999481,-50.000015,-179.999451,359.985718,-134.998932,479.999878,179.999283,-54.791618,-179.999313,0.088075,-0.086283,-0.826617,0.011211,4.902649,-0.005815,
feedback,1.120586,1786352449780,7,Ry,5.000000,40.000000,5.026245,0.026245,,,359.999969,-134.999222,479.999939,179.999481,-50.000015,-179.999451,359.983765,-134.999283,479.992157,179.999283,-54.832268,-179.999374,-0.188333,-0.215706,-0.901804,0.011221,5.026245,-0.026423,
feedback,1.128738,1786352449784,7,Ry,5.000000,40.000000,5.060577,0.060577,,,359.999969,-134.999222,479.999939,179.999481,-50.000015,-179.999451,359.983856,-134.998932,479.988190,179.999329,-54.852512,-179.999359,0.024442,0.086283,-0.992059,-0.005624,5.060577,0.009780,
feedback,1.136854,1786352449792,7,Ry,5.000000,40.000000,4.923248,-0.076752,,,359.999969,-134.999222,479.999939,179.999481,-50.000015,-179.999451,359.985687,-134.999313,479.985352,179.999344,-54.892063,-179.999420,0.292854,0.000957,-0.195025,-0.015801,4.923248,0.029335,
feedback,1.145178,1786352449800,7,Ry,5.000000,40.000000,4.895782,-0.104218,,,359.999969,-134.999222,479.999939,179.999481,-50.000015,-179.999451,359.985718,-134.999237,479.986969,179.999298,-54.931587,-179.999420,-0.046988,0.064234,0.477273,0.007886,4.895782,-0.004373,
feedback,1.153269,1786352449809,7,Ry,5.000000,40.000000,5.019379,0.019379,,,359.999969,-134.999222,479.999939,179.999481,-50.000015,-179.999451,359.986023,-134.999237,479.990509,179.999329,-54.971245,-179.999466,0.070989,0.117921,0.216565,0.000574,5.019379,-0.011018,
feedback,1.161443,1786352449817,7,Ry,5.000000,40.000000,5.156708,0.156708,,,359.999969,-134.999222,479.999939,179.999481,-50.000015,-179.999451,359.985474,-134.999405,479.989166,179.999329,-55.012337,-179.999496,-0.074823,0.053688,-0.185006,-0.007316,5.156708,-0.006634,
feedback,1.169497,1786352449826,7,Ry,5.000000,40.000000,5.280304,0.280304,,,359.999969,-134.999222,479.999939,179.999481,-50.000015,-179.999451,359.981750,-134.999496,479.985474,179.999313,-55.054276,-179.999390,-0.664578,-0.139969,-0.590141,0.007321,5.280304,-0.007105,
feedback,1.177679,1786352449834,7,Ry,5.000000,40.000000,5.390167,0.390167,,,359.999969,-134.999222,479.999939,179.999481,-50.000015,-179.999451,359.972626,-134.999237,479.980408,179.999298,-55.118271,-179.999420,-0.777470,-0.075734,-0.150421,0.003922,5.390167,-0.019366,
feedback,1.185812,1786352449842,7,Ry,5.000000,40.000000,5.252838,0.252838,,,359.999969,-134.999222,479.999939,179.999481,-50.000015,-179.999451,359.966949,-134.998718,479.978882,179.999298,-55.160622,-179.999329,-0.505429,0.107369,-0.337835,0.024740,5.252838,0.014229,
feedback,1.194069,1786352449851,7,Ry,5.000000,40.000000,5.321503,0.321503,,,359.999969,-134.999222,479.999939,179.999481,-50.000015,-179.999451,359.966644,-134.998581,479.977722,179.999313,-55.202919,-179.999313,-0.166295,0.053685,-0.094792,0.009542,5.321503,0.005146,
feedback,1.202186,1786352449859,7,Ry,5.000000,40.000000,5.163574,0.163574,,,359.999969,-134.999222,479.999939,179.999481,-50.000015,-179.999451,359.968842,-134.999405,479.977448,179.999329,-55.244476,-179.999496,0.394010,0.074778,0.125695,0.011741,5.163574,-0.010058,
feedback,1.210355,1786352449868,7,Ry,5.000000,40.000000,5.211639,0.211639,,,359.999969,-134.999222,479.999939,179.999481,-50.000015,-179.999451,359.972076,-134.999741,479.976318,179.999435,-55.286171,-179.999512,0.390363,-0.031638,-0.074957,-0.023019,5.211639,0.009112,
feedback,1.218753,1786352449876,7,Ry,5.000000,40.000000,5.355835,0.355835,,,359.999969,-134.999222,479.999939,179.999481,-50.000015,-179.999451,359.977448,-134.999832,479.968994,179.999344,-55.328220,-179.999496,0.717177,-0.065189,-1.152115,0.013462,5.355835,-0.021121,
feedback,1.226808,1786352449884,7,Ry,5.000000,40.000000,5.245972,0.245972,,,359.999969,-134.999222,479.999939,179.999481,-50.000015,-179.999451,359.983185,-134.999054,479.957886,179.999359,-55.370461,-179.999313,0.693298,0.010547,-1.362559,0.020842,5.245972,0.006056,
feedback,1.235277,1786352449893,7,Ry,5.000000,40.000000,5.019378,0.019378,,,359.999969,-134.999222,479.999939,179.999481,-50.000015,-179.999451,359.986908,-134.999451,479.953064,179.999359,-55.411057,-179.999481,0.433890,-0.022049,-0.350878,-0.003512,5.019379,-0.025968,
feedback,1.243083,1786352449901,7,Ry,5.000000,40.000000,4.806518,-0.193482,,,359.999969,-134.999222,479.999939,179.999481,-50.000015,-179.999451,359.990601,-134.999405,479.953278,179.999451,-55.450111,-179.999634,0.526884,-0.151476,0.307786,-0.003525,4.806519,-0.046565,
feedback,1.251776,1786352449910,7,Ry,5.000000,40.000000,4.662323,-0.337677,,,359.999969,-134.999222,479.999939,179.999481,-50.000015,-179.999451,359.997955,-134.999786,479.957855,179.999359,-55.487823,-179.999542,0.883641,-0.139975,0.779701,-0.009546,4.662323,-0.018832,
feedback,1.259355,1786352449918,7,Ry,5.000000,40.000000,4.641724,-0.358276,,,359.999969,-134.999222,479.999939,179.999481,-50.000015,-179.999451,360.009644,-134.999008,479.973480,179.999283,-55.543251,-179.999252,0.844364,0.044106,1.394348,-0.009887,4.641724,0.040265,
feedback,1.267863,1786352449926,7,Ry,5.000000,40.000000,4.751587,-0.248413,,,359.999969,-134.999222,479.999939,179.999481,-50.000015,-179.999451,360.015839,-134.999756,479.981873,179.999329,-55.581017,-179.999542,0.718278,-0.226272,0.908605,0.001785,4.751587,-0.024787,
feedback,1.275868,1786352449935,7,Ry,5.000000,40.000000,4.916382,-0.083618,,,359.999969,-134.999222,479.999939,179.999481,-50.000015,-179.999451,360.019928,-134.999359,479.986420,179.999298,-55.619850,-179.999481,0.353006,-0.108344,0.330372,0.019086,4.916382,-0.024179,
feedback,1.284624,1786352449939,7,Ry,5.000000,40.000000,4.978180,-0.021820,,,359.999969,-134.999222,479.999939,179.999481,-50.000015,-179.999451,360.022339,-134.999710,479.986664,179.999329,-55.639763,-179.999420,0.599937,-0.085330,0.067510,-0.004165,4.978180,0.023558,
feedback,1.296618,1786352449947,7,Ry,5.000000,40.000000,5.012512,0.012512,,,359.999969,-134.999222,479.999939,179.999481,-50.000015,-179.999451,360.024475,-134.999664,479.989349,179.999420,-55.679726,-179.999557,0.011036,-0.010546,0.438584,-0.003871,5.012512,0.005671,
feedback,1.301397,1786352449956,7,Ry,5.000000,40.000000,4.991913,-0.008087,,,359.999969,-134.999222,479.999939,179.999481,-50.000015,-179.999451,360.020294,-134.999496,479.996429,179.999222,-55.719963,-179.999466,-0.649298,-0.000961,1.138552,0.021144,4.991913,-0.025694,
feedback,1.308309,1786352449964,7,Ry,5.000000,40.000000,5.129242,0.129242,,,359.999969,-134.999222,479.999939,179.999481,-50.000015,-179.999451,360.015961,-134.999146,480.002045,179.999451,-55.760834,-179.999527,-0.526063,-0.000001,0.640435,-0.017037,5.129242,-0.011590,
feedback,1.317568,1786352449973,7,Ry,5.000000,40.000000,5.094910,0.094910,,,359.999969,-134.999222,479.999939,179.999481,-50.000015,-179.999451,360.014374,-134.999222,480.007477,179.999512,-55.801674,-179.999527,-0.226710,-0.236817,0.775999,-0.019084,5.094910,-0.030693,
feedback,1.327202,1786352449981,7,Ry,5.000000,40.000000,5.115509,0.115509,,,359.999969,-134.999222,479.999939,179.999481,-50.000015,-179.999451,360.013611,-134.998764,480.013184,179.999390,-55.842545,-179.999420,-0.027182,0.117928,0.652568,0.011554,5.115509,-0.003313,
feedback,1.334052,1786352449989,7,Ry,5.000000,40.000000,5.046844,0.046844,,,359.999969,-134.999222,479.999939,179.999481,-50.000015,-179.999451,360.011871,-134.998978,480.018738,179.999420,-55.883194,-179.999451,-0.274044,0.117927,0.848547,0.011544,5.046844,-0.003321,
feedback,1.341415,1786352449998,7,Ry,5.000000,40.000000,5.067444,0.067444,,,359.999969,-134.999222,479.999939,179.999481,-50.000015,-179.999451,360.008148,-134.999237,480.023865,179.999313,-55.923759,-179.999451,-0.334447,0.107380,0.619424,0.002002,5.067444,-0.001489,
feedback,1.356883,1786352450006,7,Ry,5.000000,40.000000,5.170441,0.170441,,,359.999969,-134.999222,479.999939,179.999481,-50.000015,-179.999451,360.004120,-134.999054,480.028595,179.999359,-55.985008,-179.999481,-0.556269,0.107379,0.555620,0.001983,5.170441,-0.001491,
feedback,1.359269,1786352450015,7,Ry,5.000000,40.000000,5.046845,0.046845,,,359.999969,-134.999222,479.999939,179.999481,-50.000015,-179.999451,360.000885,-134.998840,480.032074,179.999405,-56.025631,-179.999374,-0.253167,0.151480,0.474357,-0.007686,5.046844,0.038854,
feedback,1.365454,1786352450023,7,Ry,5.000000,40.000000,4.902649,-0.097351,,,359.999969,-134.999222,479.999939,179.999481,-50.000015,-179.999451,359.999817,-134.999237,480.036835,179.999313,-56.064854,-179.999451,-0.037974,0.010546,0.513149,0.009525,4.902649,-0.001864,
feedback,1.374289,1786352450031,7,Ry,5.000000,40.000000,4.792786,-0.207214,,,359.999969,-134.999222,479.999939,179.999481,-50.000015,-179.999451,360.001740,-134.999146,480.040192,179.999374,-56.103607,-179.999420,0.467359,-0.053689,0.405983,-0.009536,4.792786,-0.004996,
feedback,1.382077,1786352450040,7,Ry,5.000000,40.000000,4.813385,-0.186615,,,359.999969,-134.999222,479.999939,179.999481,-50.000015,-179.999451,360.004395,-134.999191,480.042358,179.999283,-56.142746,-179.999451,0.652618,-0.043143,0.391557,-0.000005,4.813385,-0.006866,
feedback,1.390522,1786352450048,7,Ry,5.000000,40.000000,4.827118,-0.172882,,,359.999969,-134.999222,479.999939,179.999481,-50.000015,-179.999451,360.008759,-134.999619,480.040924,179.999390,-56.181747,-179.999557,0.698653,-0.032598,-0.085020,-0.001883,4.827118,-0.016393,
feedback,1.399392,1786352450056,7,Ry,5.000000,40.000000,4.957580,-0.042420,,,359.999969,-134.999222,479.999939,179.999481,-50.000015,-179.999451,360.012604,-134.999542,480.037018,179.999283,-56.221134,-179.999512,0.534984,-0.022052,-0.636266,0.007635,4.957581,-0.018281,
feedback,1.407008,1786352450065,7,Ry,5.000000,40.000000,5.012512,0.012512,,,359.999969,-134.999222,479.999939,179.999481,-50.000015,-179.999451,360.014648,-134.999573,480.030212,179.999268,-56.261234,-179.999451,0.322488,0.053691,-0.852972,0.003814,5.012512,0.001156,
feedback,1.415281,1786352450073,7,Ry,5.000000,40.000000,5.074310,0.074310,,,359.999969,-134.999222,479.999939,179.999481,-50.000015,-179.999451,360.015594,-134.999268,480.021576,179.999390,-56.302021,-179.999496,0.142586,0.000000,-0.958719,-0.005718,5.074310,-0.003810,
feedback,1.423088,1786352450082,7,Ry,5.000000,40.000000,5.108643,0.108643,,,359.999969,-134.999222,479.999939,179.999481,-50.000015,-179.999451,360.013306,-134.999619,480.015594,179.999451,-56.343193,-179.999481,-0.048807,-0.085329,-0.623624,-0.015224,5.108643,0.015995,
feedback,1.431289,1786352450090,7,Ry,5.000000,40.000000,5.115509,0.115509,,,359.999969,-134.999222,479.999939,179.999481,-50.000015,-179.999451,360.008453,-134.999222,480.015076,179.999466,-56.404495,-179.999466,-0.537229,0.011505,0.186210,-0.022845,5.115509,0.016426,
feedback,1.440569,1786352450094,7,Ry,5.000000,40.000000,5.142975,0.142975,,,359.999969,-134.999222,479.999939,179.999481,-50.000015,-179.999451,360.006897,-134.999222,480.014984,179.999466,-56.425068,-179.999466,-0.391710,-0.000001,-0.027228,-0.000007,5.142975,0.000000,
feedback,1.447927,1786352450103,7,Ry,5.000000,40.000000,5.218506,0.218506,,,359.999969,-134.999222,479.999939,179.999481,-50.000015,-179.999451,360.001404,-134.998795,480.016052,179.999359,-56.466816,-179.999359,-0.679868,0.108336,0.080915,-0.001875,5.218506,0.035840,
feedback,1.456085,1786352450111,7,Ry,5.000000,40.000000,5.163574,0.163574,,,359.999969,-134.999222,479.999939,179.999481,-50.000015,-179.999451,359.994324,-134.999573,480.017487,179.999359,-56.508263,-179.999557,-0.883688,-0.032596,0.265551,-0.001937,5.163574,-0.016382,
feedback,1.463757,1786352450119,7,Ry,5.000000,40.000000,5.287170,0.287170,,,359.999969,-134.999222,479.999939,179.999481,-50.000015,-179.999451,359.986816,-134.999237,480.017242,179.999390,-56.550255,-179.999542,-0.944650,0.074779,-0.129831,-0.000109,5.287170,-0.017891,
feedback,1.472487,1786352450128,7,Ry,5.000000,40.000000,5.300903,0.300903,,,359.999969,-134.999222,479.999939,179.999481,-50.000015,-179.999451,359.981110,-134.999405,480.011078,179.999268,-56.592964,-179.999420,-0.542018,0.021092,-0.956780,0.019023,5.300903,-0.003903,
feedback,1.480469,1786352450136,7,Ry,5.000000,40.000000,5.369568,0.369568,,,359.999969,-134.999222,479.999939,179.999481,-50.000015,-179.999451,359.975586,-134.999496,480.002960,179.999359,-56.636417,-179.999466,-0.577923,-0.042185,-0.993978,-0.015107,5.369568,0.022939,
feedback,1.488800,1786352450144,7,Ry,5.000000,40.000000,5.239105,0.239105,,,359.999969,-134.999222,479.999939,179.999481,-50.000015,-179.999451,359.971954,-134.999359,479.998352,179.999435,-56.678604,-179.999496,-0.457240,-0.042185,-0.270439,-0.015093,5.239105,0.022951,
feedback,1.497182,1786352450153,7,Ry,5.000000,40.000000,5.163574,0.163574,,,359.999969,-134.999222,479.999939,179.999481,-50.000015,-179.999451,359.968628,-134.999054,479.997528,179.999344,-56.719913,-179.999466,-0.165712,0.031638,-0.283302,0.005556,5.163574,-0.020989,
feedback,1.504779,1786352450161,7,Ry,5.000000,40.000000,5.067444,0.067444,,,359.999969,-134.999222,479.999939,179.999481,-50.000015,-179.999451,359.969971,-134.999283,479.996399,179.999374,-56.760479,-179.999496,0.501679,-0.043139,-0.173275,-0.011491,5.067444,-0.014394,
feedback,1.512883,1786352450170,7,Ry,5.000000,40.000000,4.923248,-0.076752,,,359.999969,-134.999222,479.999939,179.999481,-50.000015,-179.999451,359.975342,-134.999146,479.994385,179.999359,-56.800194,-179.999420,0.651391,-0.118874,-0.209122,0.009498,4.923248,-0.022585,
feedback,1.521818,1786352450178,7,Ry,5.000000,40.000000,4.902649,-0.097351,,,359.999969,-134.999222,479.999939,179.999481,-50.000015,-179.999451,359.978912,-134.999313,479.990540,179.999359,-56.859989,-179.999435,0.055443,-0.086281,-0.060907,0.005745,4.902649,-0.009979,
feedback,1.529496,1786352450186,7,Ry,5.000000,40.000000,4.861450,-0.138550,,,359.999969,-134.999222,479.999939,179.999481,-50.000015,-179.999451,359.980225,-134.999191,479.988617,179.999390,-56.899128,-179.999420,0.208674,0.011503,-0.140468,-0.005505,4.861450,0.027873,
feedback,1.538220,1786352450195,7,Ry,5.000000,40.000000,4.950714,-0.049286,,,359.999969,-134.999222,479.999939,179.999481,-50.000015,-179.999451,359.984009,-134.999451,479.983215,179.999283,-56.938980,-179.999420,0.477998,-0.010546,-0.449587,-0.003748,4.950714,0.005755,
feedback,1.545870,1786352450203,7,Ry,5.000000,40.000000,4.971313,-0.028687,,,359.999969,-134.999222,479.999939,179.999481,-50.000015,-179.999451,359.988190,-134.999329,479.979584,179.999207,-56.978668,-179.999420,0.631771,0.085327,-0.459722,0.026480,4.971313,-0.008679,
feedback,1.554604,1786352450212,7,Ry,5.000000,40.000000,4.923248,-0.076752,,,359.999969,-134.999222,479.999939,179.999481,-50.000015,-179.999451,359.993652,-134.998978,479.979431,179.999252,-57.018028,-179.999420,0.599109,0.107378,0.149855,0.013229,4.923248,0.005951,
feedback,1.562270,1786352450220,7,Ry,5.000000,40.000000,4.916382,-0.083618,,,359.999969,-134.999222,479.999939,179.999481,-50.000015,-179.999451,359.999420,-134.998581,479.981506,179.999374,-57.057384,-179.999374,0.875234,0.129432,0.249387,0.005748,4.916382,0.024333,
feedback,1.571082,1786352450228,7,Ry,5.000000,40.000000,5.094909,0.094909,,,359.999969,-134.999222,479.999939,179.999481,-50.000015,-179.999451,360.002502,-134.999146,479.982269,179.999359,-57.098061,-179.999405,0.416711,-0.065194,-0.083240,0.001687,5.094910,-0.028993,
feedback,1.578687,1786352450237,7,Ry,5.000000,40.000000,5.191040,0.191040,,,359.999969,-134.999222,479.999939,179.999481,-50.000015,-179.999451,360.002777,-134.999100,479.981873,179.999283,-57.139507,-179.999359,-0.100427,0.075741,0.009610,0.013570,5.191040,0.030678,
feedback,1.587691,1786352450245,7,Ry,5.000000,40.000000,5.307770,0.307770,,,359.999969,-134.999222,479.999939,179.999481,-50.000015,-179.999451,360.001312,-134.999268,479.977173,179.999283,-57.182079,-179.999390,-0.178035,0.107379,-0.463644,0.007438,5.307770,0.002192,
feedback,1.595256,1786352450254,7,Ry,5.000000,40.000000,5.273438,0.273438,,,359.999969,-134.999222,479.999939,179.999481,-50.000015,-179.999451,359.999451,-134.999359,479.973846,179.999298,-57.224323,-179.999329,-0.119160,0.118883,-0.418347,0.002051,5.273438,0.030090,
feedback,1.603051,1786352450258,7,Ry,5.000000,40.000000,5.362701,0.362701,,,359.999969,-134.999222,479.999939,179.999481,-50.000015,-179.999451,360.000153,-134.999054,479.970428,179.999298,-57.245773,-179.999405,0.178204,0.074782,-0.852705,-0.000412,5.362701,-0.017888,
feedback,1.611391,1786352450266,7,Ry,5.000000,40.000000,5.136108,0.136108,,,359.999969,-134.999222,479.999939,179.999481,-50.000015,-179.999451,360.004364,-134.999146,479.964264,179.999359,-57.308998,-179.999405,0.280309,0.096834,-0.037326,0.003701,5.136108,0.007954,
feedback,1.620122,1786352450275,7,Ry,5.000000,40.000000,5.094910,0.094910,,,359.999969,-134.999222,479.999939,179.999481,-50.000015,-179.999451,360.005890,-134.999100,479.968140,179.999283,-57.350170,-179.999359,0.149300,-0.236811,0.608541,0.009928,5.094910,-0.011656,
feedback,1.628139,1786352450283,7,Ry,5.000000,40.000000,4.964447,-0.035553,,,359.999969,-134.999222,479.999939,179.999481,-50.000015,-179.999451,360.007172,-134.998840,479.974884,179.999268,-57.390297,-179.999374,0.184182,0.117927,1.070281,0.005308,4.964447,-0.007320,
feedback,1.636611,1786352450292,7,Ry,5.000000,40.000000,4.978180,-0.021820,,,359.999969,-134.999222,479.999939,179.999481,-50.000015,-179.999451,360.008209,-134.999146,479.980286,179.999313,-57.430317,-179.999359,0.168866,0.011506,0.678080,-0.005310,4.978180,0.027923,
feedback,1.644152,1786352450300,7,Ry,5.000000,40.000000,4.909515,-0.090485,,,359.999969,-134.999222,479.999939,179.999481,-50.000015,-179.999451,360.006897,-134.999542,479.986633,179.999268,-57.469948,-179.999496,-0.191238,-0.118886,0.838412,0.009482,4.909515,-0.022696,
feedback,1.652510,1786352450309,7,Ry,5.000000,40.000000,4.758453,-0.241547,,,359.999969,-134.999222,479.999939,179.999481,-50.000015,-179.999451,360.006989,-134.999710,479.994720,179.999268,-57.508595,-179.999512,0.275743,-0.054650,1.208631,0.011068,4.758453,-0.031108,
feedback,1.660220,1786352450317,7,Ry,5.000000,40.000000,4.827118,-0.172882,,,359.999969,-134.999222,479.999939,179.999481,-50.000015,-179.999451,360.011047,-134.999573,479.998322,179.999298,-57.547264,-179.999481,0.552143,-0.054651,0.386905,0.011054,4.827118,-0.031115,
feedback,1.668762,1786352450326,7,Ry,5.000000,40.000000,4.806518,-0.193482,,,359.999969,-134.999222,479.999939,179.999481,-50.000015,-179.999451,360.020508,-134.999329,479.997467,179.999191,-57.585938,-179.999405,1.294707,-0.097798,-0.039740,0.011040,4.806519,-0.037989,
feedback,1.676841,1786352450334,7,Ry,5.000000,40.000000,4.703522,-0.296478,,,359.999969,-134.999222,479.999939,179.999481,-50.000015,-179.999451,360.032990,-134.999405,480.003815,179.999252,-57.642876,-179.999405,0.931952,-0.065202,0.767613,0.013148,4.703522,-0.021659,
feedback,1.685440,1786352450342,7,Ry,5.000000,40.000000,4.840851,-0.159149,,,359.999969,-134.999222,479.999939,179.999481,-50.000015,-179.999451,360.039703,-134.998672,480.007019,179.999176,-57.681107,-179.999252,0.782363,0.000002,0.184418,0.011594,4.840851,0.007342,
feedback,1.693034,1786352450351,7,Ry,5.000000,40.000000,4.957580,-0.042420,,,359.999969,-134.999222,479.999939,179.999481,-50.000015,-179.999451,360.044098,-134.998840,480.006927,179.999268,-57.720436,-179.999374,0.408320,-0.022055,-0.061381,0.001519,4.957581,-0.022144,
feedback,1.701587,1786352450359,7,Ry,5.000000,40.000000,5.177307,0.177307,,,359.999969,-134.999222,479.999939,179.999481,-50.000015,-179.999451,360.045319,-134.999191,480.004028,179.999176,-57.761223,-179.999329,-0.039474,-0.075751,-0.228100,0.015274,5.177307,-0.012215,
feedback,1.709133,1786352450367,7,Ry,5.000000,40.000000,5.039978,0.039978,,,359.999969,-134.999222,479.999939,179.999481,-50.000015,-179.999451,360.043945,-134.999451,480.006073,179.999313,-57.801544,-179.999451,-0.267837,-0.064241,0.488098,-0.013130,5.039978,0.001096,
feedback,1.717324,1786352450376,7,Ry,5.000000,40.000000,5.129242,0.129242,,,359.999969,-134.999222,479.999939,179.999481,-50.000015,-179.999451,360.041779,-134.999573,480.008545,179.999252,-57.842331,-179.999435,-0.347484,-0.000000,0.219240,0.005813,5.129242,0.003655,
feedback,1.725507,1786352450384,7,Ry,5.000000,40.000000,5.218506,0.218506,,,359.999969,-134.999222,479.999939,179.999481,-50.000015,-179.999451,360.040863,-134.999191,480.009155,179.999130,-57.883858,-179.999268,-0.136442,0.074786,0.079419,0.028393,5.218506,0.000371,
feedback,1.734418,1786352450393,7,Ry,5.000000,40.000000,5.129242,0.129242,,,359.999969,-134.999222,479.999939,179.999481,-50.000015,-179.999451,360.038239,-134.999023,480.010315,179.999222,-57.925224,-179.999344,-0.366677,0.107387,0.078407,0.001467,5.129242,-0.001550,
feedback,1.741946,1786352450401,7,Ry,5.000000,40.000000,5.218506,0.218506,,,359.999969,-134.999222,479.999939,179.999481,-50.000015,-179.999451,360.034332,-134.999100,480.011780,179.999268,-57.967136,-179.999344,-0.563753,0.043146,0.175943,0.005813,5.218506,0.010508,
feedback,1.750772,1786352450405,7,Ry,5.000000,40.000000,5.232239,0.232239,,,359.999969,-134.999222,479.999939,179.999481,-50.000015,-179.999451,360.031525,-134.998810,480.012390,179.999268,-57.988064,-179.999420,-0.695631,0.074784,0.152190,-0.000735,5.232239,-0.017880,
feedback,1.758907,1786352450414,7,Ry,5.000000,40.000000,5.307770,0.307770,,,359.999969,-134.999222,479.999939,179.999481,-50.000015,-179.999451,360.025299,-134.998978,480.010803,179.999344,-58.030251,-179.999374,-0.654411,0.075745,-0.483739,0.002179,5.307770,0.023194,
feedback,1.767195,1786352450422,7,Ry,5.000000,40.000000,5.314636,0.314636,,,359.999969,-134.999222,479.999939,179.999481,-50.000015,-179.999451,360.015411,-134.999146,480.004608,179.999207,-58.093807,-179.999237,-0.788779,0.032598,-0.659952,0.008021,5.314636,0.019954,
feedback,1.775060,1786352450430,7,Ry,5.000000,40.000000,5.211639,0.211639,,,359.999969,-134.999222,479.999939,179.999481,-50.000015,-179.999451,360.011108,-134.999268,479.997406,179.999313,-58.135967,-179.999420,-0.556276,-0.032599,-0.752788,-0.002212,5.211639,-0.016323,
feedback,1.783479,1786352450439,7,Ry,5.000000,40.000000,5.170441,0.170441,,,359.999969,-134.999222,479.999939,179.999481,-50.000015,-179.999451,360.008728,-134.999100,479.991852,179.999359,-58.177467,-179.999451,-0.146106,0.139979,-0.779658,-0.013890,5.170441,0.003903,
feedback,1.791565,1786352450447,7,Ry,5.000000,40.000000,5.108643,0.108643,,,359.999969,-134.999222,479.999939,179.999481,-50.000015,-179.999451,360.009521,-134.999527,479.987488,179.999359,-58.218338,-179.999451,0.162118,-0.010546,-0.608523,-0.015293,5.108643,-0.001396,
feedback,1.800111,1786352450456,7,Ry,5.000000,40.000000,4.943848,-0.056152,,,359.999969,-134.999222,479.999939,179.999481,-50.000015,-179.999451,360.013397,-134.999146,479.984039,179.999374,-58.258137,-179.999451,0.546008,0.000001,-0.473459,-0.011686,4.943848,-0.007225,
feedback,1.808085,1786352450464,7,Ry,5.000000,40.000000,4.827118,-0.172882,,,359.999969,-134.999222,479.999939,179.999481,-50.000015,-179.999451,360.017426,-134.999146,479.984985,179.999298,-58.296616,-179.999344,0.372386,0.075745,0.116367,-0.009457,4.827118,0.015966,
feedback,1.816686,1786352450472,7,Ry,5.000000,40.000000,4.854584,-0.145416,,,359.999969,-134.999222,479.999939,179.999481,-50.000015,-179.999451,360.018494,-134.998932,479.986420,179.999268,-58.335232,-179.999313,0.045936,0.043145,0.112916,0.005835,4.854584,0.010471,
feedback,1.824745,1786352450481,7,Ry,5.000000,40.000000,4.902649,-0.097351,,,359.999969,-134.999222,479.999939,179.999481,-50.000015,-179.999451,360.017822,-134.999023,479.985992,179.999252,-58.374454,-179.999390,-0.066229,-0.000961,0.004754,0.008548,4.902649,-0.033854,
feedback,1.832883,1786352450489,7,Ry,5.000000,40.000000,4.895782,-0.104218,,,359.999969,-134.999222,479.999939,179.999481,-50.000015,-179.999451,360.015991,-134.999268,479.985565,179.999268,-58.413456,-179.999374,-0.338635,-0.043145,-0.118947,-0.005854,4.895782,-0.010463,
feedback,1.840570,1786352450498,7,Ry,5.000000,40.000000,5.074310,0.074310,,,359.999969,-134.999222,479.999939,179.999481,-50.000015,-179.999451,360.010223,-134.999100,479.984772,179.999298,-58.453445,-179.999390,-0.971431,-0.000001,0.063819,-0.005859,5.074310,-0.003592,
feedback,1.849209,1786352450506,7,Ry,5.000000,40.000000,5.218506,0.218506,,,359.999969,-134.999222,479.999939,179.999481,-50.000015,-179.999451,360.005341,-134.999313,479.977661,179.999329,-58.515297,-179.999420,-0.249630,0.032597,-0.645303,-0.009447,5.218506,0.009136,
feedback,1.857154,1786352450514,7,Ry,5.000000,40.000000,5.294037,0.294037,,,359.999969,-134.999222,479.999939,179.999481,-50.000015,-179.999451,360.004822,-134.999268,479.972015,179.999207,-58.557377,-179.999313,0.185471,0.086288,-0.886605,0.011711,5.294037,0.020897,
feedback,1.865834,1786352450523,7,Ry,5.000000,40.000000,5.232239,0.232239,,,359.999969,-134.999222,479.999939,179.999481,-50.000015,-179.999451,360.002991,-134.999237,479.969452,179.999283,-58.599262,-179.999420,-0.305287,-0.032598,-0.234342,0.009433,5.232239,-0.009150,
feedback,1.873884,1786352450531,7,Ry,5.000000,40.000000,5.129242,0.129242,,,359.999969,-134.999222,479.999939,179.999481,-50.000015,-179.999451,360.000183,-134.998978,479.971497,179.999222,-58.640572,-179.999390,-0.296748,0.042184,0.175251,0.008423,5.129242,-0.027027,
feedback,1.881893,1786352450540,7,Ry,5.000000,40.000000,5.259705,0.259705,,,359.999969,-134.999222,479.999939,179.999481,-50.000015,-179.999451,359.994995,-134.999146,479.971069,179.999283,-58.683033,-179.999344,-0.485775,-0.096832,-0.165532,-0.015309,5.259705,-0.015005,
feedback,1.891221,1786352450548,7,Ry,5.000000,40.000000,5.369568,0.369568,,,359.999969,-134.999222,479.999939,179.999481,-50.000015,-179.999451,359.991119,-134.998764,479.967255,179.999207,-58.725605,-179.999222,-0.488379,0.043141,-0.357616,0.005856,5.369568,0.010431,
feedback,1.897739,1786352450557,7,Ry,5.000000,40.000000,5.307770,0.307770,,,359.999969,-134.999222,479.999939,179.999481,-50.000015,-179.999451,359.984772,-134.998932,479.963257,179.999344,-58.768013,-179.999420,-0.840560,0.086281,-0.466117,-0.011753,5.307770,0.006612,
feedback,1.907455,1786352450561,7,Ry,5.000000,40.000000,5.239105,0.239105,,,359.999969,-134.999222,479.999939,179.999481,-50.000015,-179.999451,359.981506,-134.999191,479.962646,179.999161,-58.788967,-179.999313,-0.813605,-0.065191,-0.151816,0.024729,5.239105,-0.014804,
feedback,1.914173,1786352450569,7,Ry,5.000000,40.000000,5.191040,0.191040,,,359.999969,-134.999222,479.999939,179.999481,-50.000015,-179.999451,359.975433,-134.999313,479.962891,179.999283,-58.830467,-179.999359,-0.715685,-0.032595,0.007003,0.003549,5.191040,-0.012742,
feedback,1.922520,1786352450578,7,Ry,5.000000,40.000000,5.033112,0.033112,,,359.999969,-134.999222,479.999939,179.999481,-50.000015,-179.999451,359.973297,-134.999283,479.964081,179.999252,-58.871037,-179.999359,-0.140721,-0.000000,0.198170,0.005873,5.033112,0.003550,
feedback,1.930518,1786352450586,7,Ry,5.000000,40.000000,4.861450,-0.138550,,,359.999969,-134.999222,479.999939,179.999481,-50.000015,-179.999451,359.975403,-134.999100,479.969330,179.999252,-58.930473,-179.999329,0.253714,-0.043140,0.645958,0.005874,4.861450,-0.003323,
feedback,1.939297,1786352450594,7,Ry,5.000000,40.000000,4.792785,-0.207215,,,359.999969,-134.999222,479.999939,179.999481,-50.000015,-179.999451,359.979645,-134.999237,479.973480,179.999222,-58.969116,-179.999359,0.445611,0.031639,0.555787,0.004731,4.792786,-0.021191,
feedback,1.947113,1786352450603,7,Ry,5.000000,40.000000,4.751587,-0.248413,,,359.999969,-134.999222,479.999939,179.999481,-50.000015,-179.999451,359.985352,-134.999191,479.978546,179.999344,-59.006966,-179.999390,0.757040,0.011504,0.450791,-0.016500,4.751587,0.020989,
feedback,1.955365,1786352450611,7,Ry,5.000000,40.000000,4.806518,-0.193482,,,359.999969,-134.999222,479.999939,179.999481,-50.000015,-179.999451,359.989746,-134.999237,479.980255,179.999222,-59.045223,-179.999359,0.603164,-0.075737,0.068219,-0.002361,4.806519,-0.023153,
feedback,1.963483,1786352450620,7,Ry,5.000000,40.000000,4.936981,-0.063019,,,359.999969,-134.999222,479.999939,179.999481,-50.000015,-179.999451,359.993652,-134.998978,479.979980,179.999207,-59.084446,-179.999390,0.562368,0.117924,-0.158743,0.010576,4.936981,-0.003940,
feedback,1.971642,1786352450628,7,Ry,5.000000,40.000000,5.115509,0.115509,,,359.999969,-134.999222,479.999939,179.999481,-50.000015,-179.999451,359.996918,-134.999313,479.978821,179.999313,-59.123997,-179.999405,0.469007,-0.064235,-0.592395,-0.001159,5.115509,0.008444,
feedback,1.979799,1786352450636,7,Ry,5.000000,40.000000,5.067444,0.067444,,,359.999969,-134.999222,479.999939,179.999481,-50.000015,-179.999451,360.002106,-134.999237,479.977356,179.999268,-59.163712,-179.999405,0.555137,-0.032597,-0.277186,-0.008277,5.067444,-0.019802,
feedback,1.988327,1786352450645,7,Ry,5.000000,40.000000,4.978180,-0.021820,,,359.999969,-134.999222,479.999939,179.999481,-50.000015,-179.999451,360.010010,-134.999100,479.975281,179.999298,-59.203949,-179.999374,1.047539,0.000002,-0.083236,-0.000007,4.978180,-0.000000,
feedback,1.995912,1786352450653,7,Ry,5.000000,40.000000,5.046845,0.046845,,,359.999969,-134.999222,479.999939,179.999481,-50.000015,-179.999451,360.015686,-134.999313,479.977264,179.999222,-59.244377,-179.999298,0.506282,-0.031638,0.574631,-0.010539,5.046844,0.017702,
feedback,2.004683,1786352450662,7,Ry,5.000000,40.000000,5.088043,0.088043,,,359.999969,-134.999222,479.999939,179.999481,-50.000015,-179.999451,360.016602,-134.999054,479.982269,179.999329,-59.284920,-179.999298,-0.093445,-0.085330,0.604418,-0.008135,5.088043,0.020254,
feedback,2.012557,1786352450670,7,Ry,5.000000,40.000000,5.149841,0.149841,,,359.999969,-134.999222,479.999939,179.999481,-50.000015,-179.999451,360.012360,-134.999054,479.986572,179.999222,-59.346825,-179.999329,-0.404319,-0.022053,0.328987,0.018808,5.149841,-0.011679,
feedback,2.021088,1786352450679,7,Ry,5.000000,40.000000,5.170440,0.170440,,,359.999969,-134.999222,479.999939,179.999481,-50.000015,-179.999451,360.007538,-134.999268,479.990204,179.999283,-59.388161,-179.999405,-0.646409,-0.000960,0.401533,0.013981,5.170441,-0.030505,
feedback,2.029048,1786352450687,7,Ry,5.000000,40.000000,5.074310,0.074310,,,359.999969,-134.999222,479.999939,179.999481,-50.000015,-179.999451,360.003845,-134.999069,479.996796,179.999100,-59.428894,-179.999344,-0.413085,0.042184,0.941892,0.013964,5.074310,-0.023648,
feedback,2.037462,1786352450696,7,Ry,5.000000,40.000000,5.094910,0.094910,,,359.999969,-134.999222,479.999939,179.999481,-50.000015,-179.999451,360.004028,-134.999405,480.001404,179.999207,-59.469490,-179.999374,0.189813,0.021092,0.482390,0.006974,5.094910,-0.011829,
feedback,2.045072,1786352450700,7,Ry,5.000000,40.000000,5.067444,0.067444,,,359.999969,-134.999222,479.999939,179.999481,-50.000015,-179.999451,360.005829,-134.999405,480.003082,179.999161,-59.489758,-179.999329,0.450448,0.000000,0.416974,0.005913,5.067444,0.003486,
feedback,2.053818,1786352450708,7,Ry,5.000000,40.000000,5.122376,0.122376,,,359.999969,-134.999222,479.999939,179.999481,-50.000015,-179.999451,360.011322,-134.999054,480.003540,179.999374,-59.530792,-179.999344,0.510093,-0.009585,0.217645,-0.029255,5.122375,0.029494,
feedback,2.061387,1786352450717,7,Ry,5.000000,40.000000,5.012512,0.012512,,,359.999969,-134.999222,479.999939,179.999481,-50.000015,-179.999451,360.013763,-134.999329,480.007843,179.999207,-59.570976,-179.999435,0.260217,-0.108342,0.485720,0.001032,5.012512,-0.035918,
feedback,2.069785,1786352450725,7,Ry,5.000000,40.000000,4.861450,-0.138550,,,359.999969,-134.999222,479.999939,179.999481,-50.000015,-179.999451,360.014160,-134.998840,480.010773,179.999176,-59.610390,-179.999298,0.107130,0.096836,0.324143,0.003464,4.861450,0.007810,
feedback,2.077682,1786352450734,7,Ry,5.000000,40.000000,4.978180,-0.021820,,,359.999969,-134.999222,479.999939,179.999481,-50.000015,-179.999451,360.014160,-134.999054,480.010559,179.999207,-59.650352,-179.999313,-0.016888,0.086290,-0.135364,0.011844,4.978180,0.020672,
feedback,2.085888,1786352450742,7,Ry,5.000000,40.000000,4.861450,-0.138550,,,359.999969,-134.999222,479.999939,179.999481,-50.000015,-179.999451,360.017975,-134.999054,480.011200,179.999252,-59.709072,-179.999374,0.375744,0.053692,0.225698,0.009385,4.861450,0.004401,
feedback,2.093994,1786352450751,7,Ry,5.000000,40.000000,4.744721,-0.255279,,,359.999969,-134.999222,479.999939,179.999481,-50.000015,-179.999451,360.020172,-134.999405,480.014526,179.999115,-59.747387,-179.999268,0.351339,-0.107383,0.508707,0.010873,4.744720,0.008508,
feedback,2.102514,1786352450759,7,Ry,5.000000,40.000000,4.779052,-0.220948,,,359.999969,-134.999222,479.999939,179.999481,-50.000015,-179.999451,360.024353,-134.999329,480.018494,179.999191,-59.785648,-179.999420,0.773045,-0.118892,0.541675,-0.008414,4.779053,-0.033444,
feedback,2.110540,1786352450767,7,Ry,5.000000,40.000000,4.923248,-0.076752,,,359.999969,-134.999222,479.999939,179.999481,-50.000015,-179.999451,360.029022,-134.999100,480.018127,179.999283,-59.824760,-179.999374,0.666445,0.010547,-0.192357,0.003444,4.923248,-0.005936,
feedback,2.119486,1786352450776,7,Ry,5.000000,40.000000,4.943848,-0.056152,,,359.999969,-134.999222,479.999939,179.999481,-50.000015,-179.999451,360.032501,-134.998886,480.019867,179.999161,-59.864037,-179.999237,0.276401,0.107387,0.257978,0.012824,4.943848,0.005304,
feedback,2.127073,1786352450784,7,Ry,5.000000,40.000000,5.046845,0.046845,,,359.999969,-134.999222,479.999939,179.999481,-50.000015,-179.999451,360.031647,-134.999146,480.019073,179.999313,-59.904243,-179.999374,-0.174293,-0.021092,-0.046942,-0.006894,5.046844,0.011882,
feedback,2.136166,1786352450792,7,Ry,5.000000,40.000000,5.149841,0.149841,,,359.999969,-134.999222,479.999939,179.999481,-50.000015,-179.999451,360.027283,-134.999054,480.018585,179.999252,-59.945030,-179.999374,-0.633436,-0.000001,-0.108483,-0.005951,5.149841,-0.003439,
feedback,2.143257,1786352450801,7,Ry,5.000000,40.000000,5.273438,0.273438,,,359.999969,-134.999222,479.999939,179.999481,-50.000015,-179.999451,360.020081,-134.998764,480.015442,179.999237,-59.987083,-179.999252,-0.648400,0.075743,-0.614288,0.008444,5.273438,0.026548,
feedback,2.152068,1786352450809,7,Ry,5.000000,40.000000,5.376434,0.376434,,,359.999969,-134.999222,479.999939,179.999481,-50.000015,-179.999451,360.012604,-134.998810,480.009338,179.999146,-60.030010,-179.999283,-0.901696,0.031637,-0.702345,0.010280,5.376434,-0.017845,
feedback,2.159915,1786352450818,7,Ry,5.000000,40.000000,5.362701,0.362701,,,359.999969,-134.999222,479.999939,179.999481,-50.000015,-179.999451,360.006561,-134.999237,480.004425,179.999100,-60.072609,-179.999222,-0.803773,-0.086289,-0.750051,0.005946,5.362701,-0.010307,
feedback,2.168402,1786352450826,7,Ry,5.000000,40.000000,5.390167,0.390167,,,359.999969,-134.999222,479.999939,179.999481,-50.000015,-179.999451,360.001678,-134.999023,479.996552,179.999222,-60.136715,-179.999359,-0.380381,0.075740,-0.782288,-0.015336,5.390167,0.012850,
feedback,2.176088,1786352450834,7,Ry,5.000000,40.000000,5.335236,0.335236,,,359.999969,-134.999222,479.999939,179.999481,-50.000015,-179.999451,360.001587,-134.999146,479.991852,179.999207,-60.179207,-179.999252,-0.047076,-0.235850,-0.746282,-0.014538,5.335236,0.011692,
feedback,2.184737,1786352450843,7,Ry,5.000000,40.000000,5.211640,0.211640,,,359.999969,-134.999222,479.999939,179.999481,-50.000015,-179.999451,360.000122,-134.998886,479.988831,179.999252,-60.221092,-179.999344,-0.157817,0.022051,-0.279425,-0.012790,5.211639,0.015376,
feedback,2.192440,1786352450851,7,Ry,5.000000,40.000000,5.122375,0.122375,,,359.999969,-134.999222,479.999939,179.999481,-50.000015,-179.999451,359.995178,-134.999023,479.990204,179.999176,-60.262180,-179.999313,-0.863117,0.064234,0.366666,0.000842,5.122375,-0.008464,
feedback,2.200621,1786352450860,7,Ry,5.000000,40.000000,5.074310,0.074310,,,359.999969,-134.999222,479.999939,179.999481,-50.000015,-179.999451,359.990936,-134.999283,479.990753,179.999115,-60.302883,-179.999359,-0.651997,-0.065192,0.065006,0.000836,5.074310,-0.029064,
feedback,2.209421,1786352450864,7,Ry,5.000000,40.000000,5.088043,0.088043,,,359.999969,-134.999222,479.999939,179.999481,-50.000015,-179.999451,359.988678,-134.998810,479.990234,179.999146,-60.323235,-179.999283,-0.564212,0.118878,-0.131143,-0.003409,5.088043,0.026565,
feedback,2.216879,1786352450872,7,Ry,5.000000,40.000000,5.081177,0.081177,,,359.999969,-134.999222,479.999939,179.999481,-50.000015,-179.999451,359.982574,-134.998810,479.988068,179.999084,-60.363804,-179.999222,-0.793738,0.010545,-0.420611,0.015322,5.081177,0.000823,
feedback,2.224976,1786352450881,7,Ry,5.000000,40.000000,4.985046,-0.014954,,,359.999969,-134.999222,479.999939,179.999481,-50.000015,-179.999451,359.978790,-134.999023,479.985687,179.999161,-60.403603,-179.999313,-0.384769,-0.086282,-0.387164,-0.005978,4.985046,-0.017124,
feedback,2.233290,1786352450889,7,Ry,5.000000,40.000000,5.005646,0.005646,,,359.999969,-134.999222,479.999939,179.999481,-50.000015,-179.999451,359.978424,-134.999313,479.980408,179.999252,-60.443508,-179.999329,0.137716,-0.085325,-0.878322,-0.025499,5.005646,0.010251,
feedback,2.241319,1786352450898,7,Ry,5.000000,40.000000,5.026246,0.026246,,,359.999969,-134.999222,479.999939,179.999481,-50.000015,-179.999451,359.982971,-134.998749,479.976074,179.999374,-60.483143,-179.999283,0.708096,0.162977,-0.850279,-0.016929,5.026245,0.064209,
feedback,2.249507,1786352450906,7,Ry,5.000000,40.000000,4.888916,-0.111084,,,359.999969,-134.999222,479.999939,179.999481,-50.000015,-179.999451,359.987946,-134.998840,479.974518,179.999161,-60.522419,-179.999283,0.834657,0.162022,0.050679,0.002589,4.888916,0.036822,
feedback,2.257671,1786352450914,7,Ry,5.000000,40.000000,4.854584,-0.145416,,,359.999969,-134.999222,479.999939,179.999481,-50.000015,-179.999451,359.989319,-134.999268,479.979736,179.999161,-60.580589,-179.999268,-0.236784,-0.053688,0.693528,0.002604,4.854584,0.002487,
feedback,2.265840,1786352450923,7,Ry,5.000000,40.000000,5.094910,0.094910,,,359.999969,-134.999222,479.999939,179.999481,-50.000015,-179.999451,359.989471,-134.998718,479.978912,179.999146,-60.621048,-179.999191,-0.118171,0.065191,-0.182016,-0.000766,5.094910,0.029068,
feedback,2.274239,1786352450931,7,Ry,5.000000,40.000000,5.094910,0.094910,,,359.999969,-134.999222,479.999939,179.999481,-50.000015,-179.999451,359.986969,-134.998672,479.977325,179.999069,-60.661724,-179.999130,-0.293884,0.129424,-0.232076,0.017945,5.094910,0.030692,
feedback,2.282596,1786352450940,7,Ry,5.000000,40.000000,5.170441,0.170441,,,359.999969,-134.999222,479.999939,179.999481,-50.000015,-179.999451,359.983307,-134.998886,479.975281,179.999191,-60.703472,-179.999268,-0.451935,0.096828,-0.049742,0.003350,5.170441,0.007745,
feedback,2.290714,1786352450948,7,Ry,5.000000,40.000000,5.136109,0.136109,,,359.999969,-134.999222,479.999939,179.999481,-50.000015,-179.999451,359.977417,-134.998932,479.978027,179.999161,-60.744617,-179.999222,-0.806390,-0.052732,0.590737,-0.016788,5.136108,0.029953,
feedback,2.298525,1786352450956,7,Ry,5.000000,40.000000,5.170441,0.170441,,,359.999969,-134.999222,479.999939,179.999481,-50.000015,-179.999451,359.973602,-134.998978,479.981323,179.999084,-60.785759,-179.999237,-0.283382,0.021092,0.255934,0.006695,5.170441,-0.011986,
feedback,2.306896,1786352450965,7,Ry,5.000000,40.000000,5.060577,0.060577,,,359.999969,-134.999222,479.999939,179.999481,-50.000015,-179.999451,359.972046,-134.999405,479.986481,179.999130,-60.826466,-179.999298,-0.191343,-0.032594,0.763976,0.003345,5.060577,-0.012862,
feedback,2.314931,1786352450973,7,Ry,5.000000,40.000000,5.067444,0.067444,,,359.999969,-134.999222,479.999939,179.999481,-50.000015,-179.999451,359.971283,-134.998718,479.993195,179.999176,-60.867252,-179.999237,-0.012523,0.086279,0.912781,-0.000012,5.067444,0.013733,
feedback,2.323105,1786352450982,7,Ry,5.000000,40.000000,5.088043,0.088043,,,359.999969,-134.999222,479.999939,179.999481,-50.000015,-179.999451,359.970123,-134.998718,479.998566,179.999237,-60.907928,-179.999298,-0.152852,0.129418,0.620742,-0.006012,5.088043,0.017261,
feedback,2.331991,1786352450990,7,Ry,5.000000,40.000000,5.211640,0.211640,,,359.999969,-134.999222,479.999939,179.999481,-50.000015,-179.999451,359.967102,-134.999222,480.000580,179.999344,-60.969563,-179.999359,-0.288228,0.000954,-0.189274,-0.025343,5.211639,0.024217,
feedback,2.339520,1786352450998,7,Ry,5.000000,40.000000,5.156708,0.156708,,,359.999969,-134.999222,479.999939,179.999481,-50.000015,-179.999451,359.966766,-134.999054,479.999146,179.999130,-61.010735,-179.999237,-0.081989,-0.043139,-0.173358,-0.000007,5.156708,-0.006866,
feedback,2.348347,1786352451003,7,Ry,5.000000,40.000000,5.074310,0.074310,,,359.999969,-134.999222,479.999939,179.999481,-50.000015,-179.999451,359.968536,-134.999405,479.997711,179.999130,-61.031029,-179.999298,0.444144,-0.086279,-0.357273,-0.000002,5.074310,-0.013733,
feedback,2.356006,1786352451011,7,Ry,5.000000,40.000000,5.094910,0.094910,,,359.999969,-134.999222,479.999939,179.999481,-50.000015,-179.999451,359.973328,-134.999146,479.994293,179.999237,-61.072037,-179.999298,0.769993,0.064233,-0.504635,0.006635,5.094910,-0.005153,
feedback,2.364285,1786352451020,7,Ry,5.000000,40.000000,4.985046,-0.014954,,,359.999969,-134.999222,479.999939,179.999481,-50.000015,-179.999451,359.983734,-134.998886,479.991486,179.999222,-61.111809,-179.999329,1.514334,0.021095,-0.555479,-0.005399,4.985046,-0.018658,
feedback,2.373354,1786352451028,7,Ry,5.000000,40.000000,4.820251,-0.179749,,,359.999969,-134.999222,479.999939,179.999481,-50.000015,-179.999451,359.997711,-134.998886,479.988708,179.999222,-61.151054,-179.999313,1.927135,0.064239,0.071941,0.000603,4.820251,-0.008475,
feedback,2.380764,1786352451037,7,Ry,5.000000,40.000000,4.689789,-0.310211,,,359.999969,-134.999222,479.999939,179.999481,-50.000015,-179.999451,360.008545,-134.998886,479.990326,179.999069,-61.188988,-179.999146,1.188187,-0.032596,0.281243,0.015333,4.689789,-0.006265,
feedback,2.389357,1786352451045,7,Ry,5.000000,40.000000,4.820251,-0.179749,,,359.999969,-134.999222,479.999939,179.999481,-50.000015,-179.999451,360.014740,-134.999664,479.992218,179.999176,-61.227657,-179.999313,0.546770,-0.075744,0.207452,0.003305,4.820251,-0.019752,
feedback,2.396878,1786352451054,7,Ry,5.000000,40.000000,4.820251,-0.179749,,,359.999969,-134.999222,479.999939,179.999481,-50.000015,-179.999451,360.018799,-134.999237,479.996033,179.999023,-61.265862,-179.999146,0.389686,-0.118890,0.269760,0.021359,4.820251,-0.016717,
feedback,2.404995,1786352451062,7,Ry,5.000000,40.000000,4.895783,-0.104217,,,359.999969,-134.999222,479.999939,179.999481,-50.000015,-179.999451,360.021149,-134.998932,480.003998,179.999207,-61.323898,-179.999268,-0.078022,-0.042185,0.700845,-0.013189,4.895782,0.024097,
feedback,2.413158,1786352451070,7,Ry,5.000000,40.000000,4.923248,-0.076752,,,359.999969,-134.999222,479.999939,179.999481,-50.000015,-179.999451,360.021820,-134.999313,480.010712,179.999222,-61.363121,-179.999313,0.134168,-0.161076,0.594819,-0.003851,4.923248,0.000771,
feedback,2.421827,1786352451079,7,Ry,5.000000,40.000000,5.081177,0.081177,,,359.999969,-134.999222,479.999939,179.999481,-50.000015,-179.999451,360.024384,-134.999054,480.016174,179.999176,-61.403137,-179.999283,0.530060,-0.010545,0.282344,-0.003294,5.081177,0.006029,
feedback,2.429674,1786352451087,7,Ry,5.000000,40.000000,5.136108,0.136108,,,359.999969,-134.999222,479.999939,179.999481,-50.000015,-179.999451,360.030823,-134.999100,480.018951,179.999084,-61.443813,-179.999313,0.800182,-0.000962,0.213367,0.013124,5.136108,-0.030991,
feedback,2.437723,1786352451095,7,Ry,5.000000,40.000000,5.142975,0.142975,,,359.999969,-134.999222,479.999939,179.999481,-50.000015,-179.999451,360.033783,-134.999054,480.021942,179.999115,-61.484985,-179.999222,0.138167,0.000000,0.463781,0.006026,5.142975,0.003278,
feedback,2.445873,1786352451104,7,Ry,5.000000,40.000000,5.115509,0.115509,,,359.999969,-134.999222,479.999939,179.999481,-50.000015,-179.999451,360.031219,-134.999268,480.026459,179.999252,-61.525993,-179.999374,-0.423596,-0.022055,0.578040,-0.005529,5.115509,-0.025485,
feedback,2.454762,1786352451112,7,Ry,5.000000,40.000000,5.280304,0.280304,,,359.999969,-134.999222,479.999939,179.999481,-50.000015,-179.999451,360.026001,-134.999710,480.026428,179.999252,-61.568016,-179.999359,-0.805276,-0.150531,-0.120560,-0.018615,5.280304,-0.015061,
feedback,2.462270,1786352451121,7,Ry,5.000000,40.000000,5.259705,0.259705,,,359.999969,-134.999222,479.999939,179.999481,-50.000015,-179.999451,360.021210,-134.999054,480.026001,179.999115,-61.610065,-179.999222,-0.511462,-0.010547,-0.105934,0.002768,5.259705,0.009305,
feedback,2.470511,1786352451129,7,Ry,5.000000,40.000000,5.136108,0.136108,,,359.999969,-134.999222,479.999939,179.999481,-50.000015,-179.999451,360.018951,-134.999054,480.026520,179.999161,-61.651455,-179.999283,-0.284328,-0.010547,-0.013003,-0.009311,5.136108,0.002783,
feedback,2.478664,1786352451133,7,Ry,5.000000,40.000000,5.184174,0.184174,,,359.999969,-134.999222,479.999939,179.999481,-50.000015,-179.999451,360.017273,-134.999237,480.027466,179.999161,-61.672192,-179.999313,-0.416967,-0.043146,0.244499,-0.000005,5.184174,-0.006866,
feedback,2.486859,1786352451142,7,Ry,5.000000,40.000000,5.012512,0.012512,,,359.999969,-134.999222,479.999939,179.999481,-50.000015,-179.999451,360.017395,-134.999054,480.030762,179.999222,-61.712349,-179.999344,0.094781,-0.021092,0.380265,-0.018608,5.012512,0.005585,
feedback,2.494873,1786352451150,7,Ry,5.000000,40.000000,5.005646,0.005646,,,359.999969,-134.999222,479.999939,179.999481,-50.000015,-179.999451,360.020660,-134.999054,480.029541,179.999161,-61.773018,-179.999283,0.248476,-0.010546,0.091176,-0.003255,5.005646,0.006050,
feedback,2.503641,1786352451159,7,Ry,5.000000,40.000000,4.971313,-0.028687,,,359.999969,-134.999222,479.999939,179.999481,-50.000015,-179.999451,360.022705,-134.999054,480.028870,179.999161,-61.812874,-179.999283,0.109433,-0.075746,-0.089037,0.003236,4.971313,-0.019785,
feedback,2.511186,1786352451167,7,Ry,5.000000,40.000000,4.882049,-0.117951,,,359.999969,-134.999222,479.999939,179.999481,-50.000015,-179.999451,360.024445,-134.999237,480.027740,179.999268,-61.852093,-179.999420,0.257487,-0.053692,-0.222662,-0.015353,4.882050,-0.007291,
feedback,2.520433,1786352451176,7,Ry,5.000000,40.000000,4.875183,-0.124817,,,359.999969,-134.999222,479.999939,179.999481,-50.000015,-179.999451,360.025879,-134.999054,480.026581,179.999115,-61.890957,-179.999222,0.179724,-0.043146,-0.247204,-0.006064,4.875183,-0.010102,
feedback,2.527549,1786352451184,7,Ry,5.000000,40.000000,5.012512,0.012512,,,359.999969,-134.999222,479.999939,179.999481,-50.000015,-179.999451,360.025574,-134.999023,480.022186,179.999176,-61.930729,-179.999329,-0.074722,0.052730,-0.677697,0.016147,5.012512,-0.030294,
feedback,2.536429,1786352451192,7,Ry,5.000000,40.000000,5.053711,0.053711,,,359.999969,-134.999222,479.999939,179.999481,-50.000015,-179.999451,360.024536,-134.999268,480.014618,179.999237,-61.971020,-179.999359,-0.159531,-0.172585,-1.024775,0.006056,5.053711,-0.024239,
feedback,2.543997,1786352451201,7,Ry,5.000000,40.000000,5.067444,0.067444,,,359.999969,-134.999222,479.999939,179.999481,-50.000015,-179.999451,360.025238,-134.999054,480.007050,179.999100,-62.011368,-179.999222,-0.019137,0.043146,-1.065796,-0.000007,5.067444,0.006866,
feedback,2.552859,1786352451209,7,Ry,5.000000,40.000000,5.142975,0.142975,,,359.999969,-134.999222,479.999939,179.999481,-50.000015,-179.999451,360.024933,-134.998932,480.000641,179.999176,-62.052483,-179.999252,0.064553,-0.021092,-0.791996,-0.006446,5.142975,0.012131,
feedback,2.560336,1786352451217,7,Ry,5.000000,40.000000,5.218506,0.218506,,,359.999969,-134.999222,479.999939,179.999481,-50.000015,-179.999451,360.025757,-134.998810,479.995880,179.999054,-62.093601,-179.999191,-0.152098,0.043146,-0.474685,-0.000010,5.218506,0.006866,
feedback,2.569117,1786352451226,7,Ry,5.000000,40.000000,5.129242,0.129242,,,359.999969,-134.999222,479.999939,179.999481,-50.000015,-179.999451,360.022156,-134.998886,479.995972,179.999100,-62.155342,-179.999191,-0.520044,0.043145,0.253601,0.006062,5.129242,0.010074,
feedback,2.576611,1786352451234,7,Ry,5.000000,40.000000,5.163574,0.163574,,,359.999969,-134.999222,479.999939,179.999481,-50.000015,-179.999451,360.015564,-134.998718,479.999146,179.999207,-62.196571,-179.999268,-0.839385,0.162032,0.468553,0.002859,5.163574,0.036742,
feedback,2.585595,1786352451243,7,Ry,5.000000,40.000000,5.273438,0.273438,,,359.999969,-134.999222,479.999939,179.999481,-50.000015,-179.999451,360.007111,-134.998978,480.000549,179.999313,-62.238457,-179.999359,-0.977463,0.086286,-0.021602,-0.006086,5.273438,0.010535,
feedback,2.592847,1786352451251,7,Ry,5.000000,40.000000,5.259704,0.259704,,,359.999969,-134.999222,479.999939,179.999481,-50.000015,-179.999451,359.997681,-134.999405,480.001678,179.999252,-62.280586,-179.999435,-1.146153,-0.086286,0.077769,-0.012159,5.259705,-0.020121,
feedback,2.602284,1786352451259,7,Ry,5.000000,40.000000,5.300903,0.300903,,,359.999969,-134.999222,479.999939,179.999481,-50.000015,-179.999451,359.987946,-134.999100,479.998169,179.999222,-62.323215,-179.999329,-1.213618,0.043140,-0.294663,0.006073,5.300903,0.010056,
feedback,2.609307,1786352451268,7,Ry,5.000000,40.000000,5.335236,0.335236,,,359.999969,-134.999222,479.999939,179.999481,-50.000015,-179.999451,359.981232,-134.999100,479.993713,179.999222,-62.365788,-179.999329,-0.737188,0.064232,-0.586975,0.006362,5.335236,-0.005300,
feedback,2.618162,1786352451276,7,Ry,5.000000,40.000000,5.266571,0.266571,,,359.999969,-134.999222,479.999939,179.999481,-50.000015,-179.999451,359.978363,-134.999008,479.987671,179.999283,-62.408222,-179.999298,-0.117086,0.075735,-0.703347,0.002895,5.266571,0.022999,
feedback,2.625863,1786352451284,7,Ry,5.000000,40.000000,5.191040,0.191040,,,359.999969,-134.999222,479.999939,179.999481,-50.000015,-179.999451,359.977875,-134.999054,479.982758,179.999191,-62.450218,-179.999329,0.067315,0.032595,-0.529099,-0.003183,5.191040,0.012954,
feedback,2.634337,1786352451289,7,Ry,5.000000,40.000000,5.026245,0.026245,,,359.999969,-134.999222,479.999939,179.999481,-50.000015,-179.999451,359.977905,-134.999054,479.983917,179.999191,-62.490620,-179.999329,-0.025940,-0.108329,0.265557,-0.005844,5.026245,-0.039123,
feedback,2.641936,1786352451297,7,Ry,5.000000,40.000000,4.991913,-0.008087,,,359.999969,-134.999222,479.999939,179.999481,-50.000015,-179.999451,359.977905,-134.998795,479.984863,179.999252,-62.510586,-179.999268,-0.000135,0.065189,0.234246,-0.006351,4.991913,0.025915,
feedback,2.650504,1786352451306,7,Ry,5.000000,40.000000,4.964447,-0.035553,,,359.999969,-134.999222,479.999939,179.999481,-50.000015,-179.999451,359.979187,-134.999100,479.984924,179.999222,-62.550220,-179.999329,0.203755,-0.053687,-0.112744,-0.003172,4.964447,-0.000773,
feedback,2.658305,1786352451314,7,Ry,5.000000,40.000000,4.916382,-0.083618,,,359.999969,-134.999222,479.999939,179.999481,-50.000015,-179.999451,359.982178,-134.999100,479.981323,179.999222,-62.589882,-179.999313,0.367595,-0.043141,-0.409622,-0.000007,4.916382,-0.006866,
feedback,2.667285,1786352451322,7,Ry,5.000000,40.000000,4.957581,-0.042419,,,359.999969,-134.999222,479.999939,179.999481,-50.000015,-179.999451,359.987152,-134.998795,479.973450,179.999191,-62.649261,-179.999207,0.462522,0.129426,-0.680991,0.012186,4.957581,0.026909,
feedback,2.674957,1786352451331,7,Ry,5.000000,40.000000,4.902649,-0.097351,,,359.999969,-134.999222,479.999939,179.999481,-50.000015,-179.999451,359.989227,-134.999054,479.972107,179.999146,-62.688511,-179.999252,0.320135,0.086284,-0.066604,0.012195,4.902649,0.020034,
feedback,2.682784,1786352451339,7,Ry,5.000000,40.000000,4.902649,-0.097351,,,359.999969,-134.999222,479.999939,179.999481,-50.000015,-179.999451,359.993286,-134.998535,479.970123,179.999146,-62.727924,-179.999176,0.434502,0.129428,0.004908,0.012192,4.902649,0.026892,
feedback,2.690796,1786352451348,7,Ry,5.000000,40.000000,4.943847,-0.056153,,,359.999969,-134.999222,479.999939,179.999481,-50.000015,-179.999451,359.997131,-134.999405,479.969757,179.999146,-62.767612,-179.999313,0.487618,-0.205168,0.067547,0.003140,4.943848,-0.040438,
feedback,2.699367,1786352451356,7,Ry,5.000000,40.000000,4.943847,-0.056153,,,359.999969,-134.999222,479.999939,179.999481,-50.000015,-179.999451,360.000488,-134.999100,479.971619,179.999115,-62.807301,-179.999344,0.497519,-0.033555,0.355959,0.015685,4.943848,-0.044271,
feedback,2.708919,1786352451364,7,Ry,5.000000,40.000000,5.156708,0.156708,,,359.999969,-134.999222,479.999939,179.999481,-50.000015,-179.999451,360.001831,-134.998978,479.973511,179.999130,-62.847923,-179.999313,0.197214,-0.000959,0.100470,0.012527,5.156708,-0.031305,
feedback,2.715717,1786352451373,7,Ry,5.000000,40.000000,5.204773,0.204773,,,359.999969,-134.999222,479.999939,179.999481,-50.000015,-179.999451,360.000610,-134.999237,479.974396,179.999130,-62.889091,-179.999283,-0.280494,-0.065195,-0.065808,0.018477,5.204773,-0.019699,
feedback,2.724926,1786352451381,7,Ry,5.000000,40.000000,5.307770,0.307770,,,359.999969,-134.999222,479.999939,179.999481,-50.000015,-179.999451,359.999268,-134.998581,479.970734,179.999329,-62.931446,-179.999359,-0.016354,0.205169,-0.549290,-0.015369,5.307770,0.034197,
feedback,2.732584,1786352451390,7,Ry,5.000000,40.000000,5.342102,0.342102,,,359.999969,-134.999222,479.999939,179.999481,-50.000015,-179.999451,359.997101,-134.999451,479.965424,179.999100,-62.974236,-179.999252,-0.157369,-0.032597,-0.693117,0.021467,5.342102,-0.003623,
feedback,2.740956,1786352451398,7,Ry,5.000000,40.000000,5.211639,0.211639,,,359.999969,-134.999222,479.999939,179.999481,-50.000015,-179.999451,359.999542,-134.999146,479.958618,179.999023,-63.037518,-179.999222,0.517983,-0.022050,-0.546598,0.006222,5.211639,-0.019107,
feedback,2.748369,1786352451407,7,Ry,5.000000,40.000000,5.232239,0.232239,,,359.999969,-134.999222,479.999939,179.999481,-50.000015,-179.999451,360.004272,-134.999237,479.955658,179.999130,-63.079872,-179.999283,0.681519,0.031639,-0.241795,0.015444,5.232239,-0.015258,
feedback,2.756914,1786352451415,7,Ry,5.000000,40.000000,5.067444,0.067444,,,359.999969,-134.999222,479.999939,179.999481,-50.000015,-179.999451,360.009949,-134.998932,479.957947,179.999161,-63.120628,-179.999222,0.586762,-0.032597,0.477374,-0.003030,5.067444,-0.016095,
feedback,2.765326,1786352451424,7,Ry,5.000000,40.000000,4.936981,-0.063019,,,359.999969,-134.999222,479.999939,179.999481,-50.000015,-179.999451,360.013031,-134.999405,479.964478,179.999176,-63.160316,-179.999359,0.312629,-0.022052,0.788965,-0.006056,4.936981,-0.025320,
feedback,2.773247,1786352451428,7,Ry,5.000000,40.000000,5.046845,0.046845,,,359.999969,-134.999222,479.999939,179.999481,-50.000015,-179.999451,360.012604,-134.999664,479.968079,179.999237,-63.180504,-179.999390,-0.109672,-0.064237,0.897656,-0.006196,5.046844,0.005389,
feedback,2.781172,1786352451436,7,Ry,5.000000,40.000000,4.950714,-0.049286,,,359.999969,-134.999222,479.999939,179.999481,-50.000015,-179.999451,360.013428,-134.998932,479.971252,179.999100,-63.220467,-179.999161,0.109981,0.011507,0.433947,0.002969,4.950714,0.031444,
feedback,2.789741,1786352451445,7,Ry,5.000000,40.000000,4.875183,-0.124817,,,359.999969,-134.999222,479.999939,179.999481,-50.000015,-179.999451,360.014252,-134.998581,479.973938,179.999100,-63.259716,-179.999100,0.070352,0.172580,0.525376,-0.000014,4.875183,0.027466,
feedback,2.797346,1786352451453,7,Ry,5.000000,40.000000,4.792786,-0.207214,,,359.999969,-134.999222,479.999939,179.999481,-50.000015,-179.999451,360.015320,-134.999100,479.979706,179.999146,-63.298195,-179.999252,0.269683,0.010547,0.646661,0.003079,4.792786,-0.006134,
feedback,2.805894,1786352451462,7,Ry,5.000000,40.000000,4.861450,-0.138550,,,359.999969,-134.999222,479.999939,179.999481,-50.000015,-179.999451,360.020172,-134.999237,479.984344,179.999237,-63.336346,-179.999390,0.519832,0.021093,0.542970,-0.006114,4.861450,-0.018435,
feedback,2.814018,1786352451470,7,Ry,5.000000,40.000000,4.882050,-0.117950,,,359.999969,-134.999222,479.999939,179.999481,-50.000015,-179.999451,360.033203,-134.999222,479.983612,179.999237,-63.394657,-179.999237,1.149720,-0.064238,-0.053685,-0.006157,4.882050,0.005412,
feedback,2.822228,1786352451478,7,Ry,5.000000,40.000000,4.785919,-0.214081,,,359.999969,-134.999222,479.999939,179.999481,-50.000015,-179.999451,360.040802,-134.999008,479.987030,179.999252,-63.432972,-179.999283,1.033915,0.065206,0.522016,-0.018434,4.785919,0.019874,
feedback,2.829968,1786352451487,7,Ry,5.000000,40.000000,4.772186,-0.227814,,,359.999969,-134.999222,479.999939,179.999481,-50.000015,-179.999451,360.045349,-134.999268,479.993896,179.999207,-63.470955,-179.999329,0.379781,0.010546,0.850712,-0.003081,4.772186,-0.009210,
feedback,2.838937,1786352451495,7,Ry,5.000000,40.000000,4.991913,-0.008087,,,359.999969,-134.999222,479.999939,179.999481,-50.000015,-179.999451,360.047882,-134.999313,479.996124,179.999115,-63.510399,-179.999207,0.251898,-0.064241,0.016504,0.012307,4.991913,0.014613,
feedback,2.846458,1786352451504,7,Ry,5.000000,40.000000,5.108642,0.108642,,,359.999969,-134.999222,479.999939,179.999481,-50.000015,-179.999451,360.047089,-134.998932,479.996613,179.999146,-63.550716,-179.999207,-0.118525,-0.086298,-0.235851,-0.006158,5.108643,-0.016791,
feedback,2.855259,1786352451512,7,Ry,5.000000,40.000000,5.122375,0.122375,,,359.999969,-134.999222,479.999939,179.999481,-50.000015,-179.999451,360.042053,-134.999496,479.998352,179.999222,-63.591751,-179.999359,-0.817351,-0.139991,0.423086,0.003094,5.122375,-0.011395,
feedback,2.862634,1786352451520,7,Ry,5.000000,40.000000,5.149842,0.149842,,,359.999969,-134.999222,479.999939,179.999481,-50.000015,-179.999451,360.037842,-134.998886,480.002472,179.999054,-63.632729,-179.999146,-0.627362,0.162044,0.540139,0.009245,5.149841,0.039717,
feedback,2.871594,1786352451529,7,Ry,5.000000,40.000000,5.177307,0.177307,,,359.999969,-134.999222,479.999939,179.999481,-50.000015,-179.999451,360.032593,-134.999008,480.004730,179.999252,-63.674313,-179.999268,-0.439094,-0.021093,0.156195,-0.012254,5.177307,0.009264,
feedback,2.879306,1786352451537,7,Ry,5.000000,40.000000,5.108643,0.108643,,,359.999969,-134.999222,479.999939,179.999481,-50.000015,-179.999451,360.028412,-134.998672,480.008148,179.999023,-63.715374,-179.999115,-0.520617,0.064238,0.527549,0.006069,5.108643,-0.005447,
feedback,2.887926,1786352451545,7,Ry,5.000000,40.000000,5.184174,0.184174,,,359.999969,-134.999222,479.999939,179.999481,-50.000015,-179.999451,360.022766,-134.998581,480.012634,179.999084,-63.756657,-179.999084,-0.856120,0.022051,0.548515,-0.006087,5.184174,0.019184,
feedback,2.895392,1786352451554,7,Ry,5.000000,40.000000,5.115509,0.115509,,,359.999969,-134.999222,479.999939,179.999481,-50.000015,-179.999451,360.016296,-134.998764,480.018036,179.999191,-63.797554,-179.999237,-0.785832,-0.010548,0.695362,-0.009205,5.115509,0.003129,
feedback,2.904839,1786352451562,7,Ry,5.000000,40.000000,5.060577,0.060577,,,359.999969,-134.999222,479.999939,179.999481,-50.000015,-179.999451,360.007355,-134.999405,480.024689,179.999054,-63.858555,-179.999222,-0.572780,-0.022052,0.389458,0.018376,5.060577,-0.013144,
feedback,2.912267,1786352451571,7,Ry,5.000000,40.000000,5.101776,0.101776,,,359.999969,-134.999222,479.999939,179.999481,-50.000015,-179.999451,360.002533,-134.999359,480.025726,179.999191,-63.899559,-179.999252,-0.496176,-0.106421,0.071176,-0.024296,5.101776,0.027110,
feedback,2.920739,1786352451579,7,Ry,5.000000,40.000000,5.088043,0.088043,,,359.999969,-134.999222,479.999939,179.999481,-50.000015,-179.999451,359.997620,-134.999191,480.024902,179.999191,-63.940430,-179.999237,-0.652028,0.075739,-0.013754,-0.003024,5.088043,0.019901,
feedback,2.928274,1786352451583,7,Ry,5.000000,40.000000,5.177307,0.177307,,,359.999969,-134.999222,479.999939,179.999481,-50.000015,-179.999451,359.996033,-134.999527,480.021698,179.999130,-63.961140,-179.999222,-0.396491,-0.086286,-0.801933,0.006167,5.177307,-0.010719,
feedback,2.937208,1786352451592,7,Ry,5.000000,40.000000,5.060577,0.060577,,,359.999969,-134.999222,479.999939,179.999481,-50.000015,-179.999451,359.994232,-134.999237,480.016357,179.999100,-64.001785,-179.999252,-0.078523,-0.032596,-0.770792,-0.003167,5.060577,-0.016048,
feedback,2.944636,1786352451600,7,Ry,5.000000,40.000000,5.026245,0.026245,,,359.999969,-134.999222,479.999939,179.999481,-50.000015,-179.999451,359.995209,-134.998978,480.010468,179.999268,-64.042053,-179.999329,0.186191,0.043143,-0.761895,-0.006183,5.026245,0.003861,
feedback,2.953494,1786352451608,7,Ry,5.000000,40.000000,4.950714,-0.049286,,,359.999969,-134.999222,479.999939,179.999481,-50.000015,-179.999451,359.997803,-134.999191,480.005280,179.999130,-64.081772,-179.999161,0.322361,-0.010546,-0.587159,-0.009184,4.950714,0.003175,
feedback,2.961247,1786352451617,7,Ry,5.000000,40.000000,4.861450,-0.138550,,,359.999969,-134.999222,479.999939,179.999481,-50.000015,-179.999451,359.998871,-134.999008,480.005524,179.999237,-64.120712,-179.999268,0.143902,-0.010546,0.109828,-0.003006,4.861450,0.006178,
feedback,2.969037,1786352451625,7,Ry,5.000000,40.000000,4.868317,-0.131683,,,359.999969,-134.999222,479.999939,179.999481,-50.000015,-179.999451,359.999268,-134.999008,480.006531,179.999298,-64.159523,-179.999329,0.155282,-0.074781,-0.007130,-0.015168,4.868317,0.008680,
feedback,2.977175,1786352451634,7,Ry,5.000000,40.000000,4.813385,-0.186615,,,359.999969,-134.999222,479.999939,179.999481,-50.000015,-179.999451,360.000122,-134.999008,480.007812,179.999176,-64.198250,-179.999191,0.128788,0.000000,0.197256,-0.000009,4.813385,0.000000,
feedback,2.986110,1786352451642,7,Ry,5.000000,40.000000,5.026245,0.026245,,,359.999969,-134.999222,479.999939,179.999481,-50.000015,-179.999451,359.995911,-134.999527,480.008759,179.999298,-64.258759,-179.999405,-0.372437,-0.150521,0.094986,-0.018337,5.026245,-0.014194,
feedback,2.993532,1786352451650,7,Ry,5.000000,40.000000,5.225372,0.225372,,,359.999969,-134.999222,479.999939,179.999481,-50.000015,-179.999451,359.992554,-134.999573,480.006439,179.999207,-64.299904,-179.999283,-0.517341,-0.010546,-0.484940,0.009394,5.225372,0.012143,
feedback,3.001874,1786352451659,7,Ry,5.000000,40.000000,5.342102,0.342102,,,359.999969,-134.999222,479.999939,179.999481,-50.000015,-179.999451,359.988922,-134.998672,479.999146,179.999298,-64.342560,-179.999268,-0.587158,-0.010548,-0.812909,-0.015367,5.342102,0.000243,
feedback,3.009882,1786352451667,7,Ry,5.000000,40.000000,5.403900,0.403900,,,359.999969,-134.999222,479.999939,179.999481,-50.000015,-179.999451,359.985596,-134.999146,479.991058,179.999268,-64.385788,-179.999344,-0.493580,-0.128468,-0.897022,-0.018073,5.403900,0.008065,
feedback,3.018721,1786352451676,7,Ry,5.000000,40.000000,5.252838,0.252838,,,359.999969,-134.999222,479.999939,179.999481,-50.000015,-179.999451,359.980347,-134.998795,479.988342,179.999146,-64.428085,-179.999161,-0.700374,0.022047,-0.115132,0.000254,5.252838,0.022218,
feedback,3.026380,1786352451684,7,Ry,5.000000,40.000000,5.287170,0.287170,,,359.999969,-134.999222,479.999939,179.999481,-50.000015,-179.999451,359.975800,-134.999008,479.987427,179.999283,-64.470001,-179.999313,-0.670928,-0.064234,0.084844,-0.012125,5.287170,0.002566,
feedback,3.035118,1786352451693,7,Ry,5.000000,40.000000,5.218506,0.218506,,,359.999969,-134.999222,479.999939,179.999481,-50.000015,-179.999451,359.972290,-134.998978,479.987518,179.999207,-64.511993,-179.999252,-0.237564,0.021092,0.141943,0.005900,5.218506,-0.012396,
feedback,3.042994,1786352451701,7,Ry,5.000000,40.000000,5.218506,0.218506,,,359.999969,-134.999222,479.999939,179.999481,-50.000015,-179.999451,359.969940,-134.998886,479.985138,179.999146,-64.554100,-179.999252,-0.263924,-0.032594,-0.247066,0.002940,5.218506,-0.013067,
feedback,3.051801,1786352451710,7,Ry,5.000000,40.000000,5.149841,0.149841,,,359.999969,-134.999222,479.999939,179.999481,-50.000015,-179.999451,359.967621,-134.999054,479.984009,179.999146,-64.595543,-179.999115,-0.257528,-0.021093,-0.127977,0.000301,5.149841,0.015351,
feedback,3.059514,1786352451718,7,Ry,5.000000,40.000000,5.163574,0.163574,,,359.999969,-134.999222,479.999939,179.999481,-50.000015,-179.999451,359.961273,-134.999359,479.983124,179.999222,-64.657318,-179.999298,-0.518406,-0.075731,-0.281729,0.002934,5.163574,-0.019939,
feedback,3.068248,1786352451722,7,Ry,5.000000,40.000000,5.156708,0.156708,,,359.999969,-134.999222,479.999939,179.999481,-50.000015,-179.999451,359.960388,-134.999054,479.981537,179.999207,-64.677940,-179.999344,-0.216888,0.074776,-0.396042,0.002596,5.156708,-0.014691,
feedback,3.075899,1786352451731,7,Ry,5.000000,40.000000,5.149841,0.149841,,,359.999969,-134.999222,479.999939,179.999481,-50.000015,-179.999451,359.960541,-134.998932,479.980103,179.999115,-64.718452,-179.999176,-0.162235,-0.000000,-0.242404,0.006199,5.149841,0.002932,
feedback,3.084379,1786352451740,7,Ry,5.000000,40.000000,4.882050,-0.117950,,,359.999969,-134.999222,479.999939,179.999481,-50.000015,-179.999451,359.963837,-134.998764,479.978882,179.999176,-64.757980,-179.999222,0.596869,0.053686,0.018680,0.002916,4.882050,0.000656,
feedback,3.092353,1786352451748,7,Ry,5.000000,40.000000,4.820251,-0.179749,,,359.999969,-134.999222,479.999939,179.999481,-50.000015,-179.999451,359.968658,-134.998932,479.980255,179.999176,-64.796730,-179.999252,0.602873,0.010547,0.211649,0.009127,4.820251,-0.003289,
feedback,3.100067,1786352451757,7,Ry,5.000000,40.000000,4.737854,-0.262146,,,359.999969,-134.999222,479.999939,179.999481,-50.000015,-179.999451,359.976044,-134.999008,479.981873,179.999222,-64.834961,-179.999237,1.121597,0.032596,0.370220,-0.002929,4.737854,0.013081,
feedback,3.108340,1786352451765,7,Ry,5.000000,40.000000,4.847717,-0.152283,,,359.999969,-134.999222,479.999939,179.999481,-50.000015,-179.999451,359.983765,-134.999359,479.981934,179.999222,-64.873665,-179.999298,0.969938,-0.075735,-0.072688,0.009128,4.847717,-0.017034,
feedback,3.116480,1786352451773,7,Ry,5.000000,40.000000,4.868317,-0.131683,,,359.999969,-134.999222,479.999939,179.999481,-50.000015,-179.999451,359.991547,-134.999496,479.980438,179.999252,-64.912582,-179.999390,0.932385,0.086285,-0.169085,-0.012440,4.868317,0.007910,
feedback,3.124539,1786352451782,7,Ry,5.000000,40.000000,5.005646,0.005646,,,359.999969,-134.999222,479.999939,179.999481,-50.000015,-179.999451,359.998535,-134.999222,479.973602,179.999313,-64.952713,-179.999329,0.831091,0.032598,-0.848790,-0.002914,5.005646,0.013087,
feedback,3.132938,1786352451790,7,Ry,5.000000,40.000000,5.342102,0.342102,,,359.999969,-134.999222,479.999939,179.999481,-50.000015,-179.999451,360.005829,-134.998795,479.960724,179.999130,-65.015633,-179.999146,0.594486,0.086289,-1.236438,0.012435,5.342102,0.019533,
feedback,3.141290,1786352451799,7,Ry,5.000000,40.000000,5.259705,0.259705,,,359.999969,-134.999222,479.999939,179.999481,-50.000015,-179.999451,360.009186,-134.999054,479.954102,179.999191,-65.057709,-179.999176,0.249612,-0.064236,-0.719813,0.000425,5.259705,0.008481,
feedback,3.149469,1786352451807,7,Ry,5.000000,40.000000,5.156708,0.156708,,,359.999969,-134.999222,479.999939,179.999481,-50.000015,-179.999451,360.011108,-134.998749,479.953583,179.999268,-65.099022,-179.999176,0.032396,0.010546,0.141990,0.009104,5.156708,-0.003337,
feedback,3.158631,1786352451815,7,Ry,5.000000,40.000000,5.129242,0.129242,,,359.999969,-134.999222,479.999939,179.999481,-50.000015,-179.999451,360.011047,-134.998840,479.957916,179.999161,-65.140106,-179.999146,0.039027,0.032598,0.622470,-0.002899,5.129242,0.013097,
feedback,3.165562,1786352451824,7,Ry,5.000000,40.000000,4.991913,-0.008087,,,359.999969,-134.999222,479.999939,179.999481,-50.000015,-179.999451,360.011597,-134.999146,479.965912,179.999191,-65.180321,-179.999268,0.042078,-0.011506,1.160997,0.008640,4.991913,-0.025563,
feedback,3.175124,1786352451832,7,Ry,5.000000,40.000000,4.998779,-0.001221,,,359.999969,-134.999222,479.999939,179.999481,-50.000015,-179.999451,360.010162,-134.999191,479.974457,179.999161,-65.220612,-179.999191,-0.319757,0.043144,1.267043,0.012461,4.998779,0.012622,
feedback,3.182119,1786352451841,7,Ry,5.000000,40.000000,5.094910,0.094910,,,359.999969,-134.999222,479.999939,179.999481,-50.000015,-179.999451,360.007690,-134.999664,479.982239,179.999130,-65.261093,-179.999283,-0.530745,-0.075742,0.834007,0.002874,5.094910,-0.019969,
feedback,3.190770,1786352451849,7,Ry,5.000000,40.000000,5.136109,0.136109,,,359.999969,-134.999222,479.999939,179.999481,-50.000015,-179.999451,360.006866,-134.999405,479.986877,179.999237,-65.301826,-179.999283,-0.013518,0.054650,0.340353,-0.014850,5.136108,0.029579,
feedback,3.198268,1786352451853,7,Ry,5.000000,40.000000,5.136108,0.136108,,,359.999969,-134.999222,479.999939,179.999481,-50.000015,-179.999451,360.007019,-134.999313,479.989349,179.999115,-65.342644,-179.999222,-0.001730,-0.118886,0.213244,0.015340,5.136108,-0.021110,
feedback,3.206701,1786352451862,7,Ry,5.000000,40.000000,5.039978,0.039978,,,359.999969,-134.999222,479.999939,179.999481,-50.000015,-179.999451,360.007355,-134.998718,479.991119,179.999176,-65.362801,-179.999115,0.079383,0.151484,0.446272,-0.005739,5.039978,0.039949,
feedback,3.214528,1786352451870,7,Ry,5.000000,40.000000,4.985046,-0.014954,,,359.999969,-134.999222,479.999939,179.999481,-50.000015,-179.999451,360.005890,-134.999008,479.995361,179.999207,-65.402657,-179.999237,-0.284632,-0.053691,0.567122,-0.002868,4.985046,-0.000623,
feedback,3.223219,1786352451878,7,Ry,5.000000,40.000000,4.930115,-0.069885,,,359.999969,-134.999222,479.999939,179.999481,-50.000015,-179.999451,360.007172,-134.998672,480.001434,179.999023,-65.461655,-179.998978,0.343591,0.118887,0.323226,0.009627,4.930115,0.032549,
feedback,3.231119,1786352451887,7,Ry,5.000000,40.000000,4.799652,-0.200348,,,359.999969,-134.999222,479.999939,179.999481,-50.000015,-179.999451,360.010803,-134.999451,480.004944,179.999268,-65.500214,-179.999283,0.596854,-0.226268,0.331142,-0.002852,4.799652,-0.028084,
feedback,3.240092,1786352451895,7,Ry,5.000000,40.000000,4.737854,-0.262146,,,359.999969,-134.999222,479.999939,179.999481,-50.000015,-179.999451,360.016846,-134.999496,480.008423,179.999176,-65.538200,-179.999313,0.729743,-0.022053,0.475724,0.005684,4.737854,-0.019367,
feedback,3.247522,1786352451904,7,Ry,5.000000,40.000000,4.696655,-0.303345,,,359.999969,-134.999222,479.999939,179.999481,-50.000015,-179.999451,360.021057,-134.999496,480.014191,179.999176,-65.575775,-179.999313,0.465880,-0.022053,0.832875,0.011928,4.696655,-0.016531,
feedback,3.256427,1786352451912,7,Ry,5.000000,40.000000,4.779053,-0.220947,,,359.999969,-134.999222,479.999939,179.999481,-50.000015,-179.999451,360.023773,-134.999573,480.018585,179.999176,-65.613838,-179.999237,0.338432,-0.053692,0.392757,0.009670,4.779053,0.005058,
feedback,3.264003,1786352451920,7,Ry,5.000000,40.000000,4.847717,-0.152283,,,359.999969,-134.999222,479.999939,179.999481,-50.000015,-179.999451,360.026001,-134.998932,480.020660,179.999084,-65.652374,-179.999161,0.205558,-0.022054,0.190073,0.011908,4.847717,-0.016547,
feedback,3.272358,1786352451929,7,Ry,5.000000,40.000000,4.888916,-0.111084,,,359.999969,-134.999222,479.999939,179.999481,-50.000015,-179.999451,360.026794,-134.998489,480.026154,179.999084,-65.690994,-179.999008,0.035204,0.118893,0.595083,0.003415,4.888916,0.029684,
feedback,3.280269,1786352451937,7,Ry,5.000000,40.000000,4.950714,-0.049286,,,359.999969,-134.999222,479.999939,179.999481,-50.000015,-179.999451,360.025543,-134.998627,480.030701,179.999054,-65.730461,-179.999039,-0.203692,0.053692,0.522581,0.009068,4.950714,0.003429,
feedback,3.289059,1786352451946,7,Ry,5.000000,40.000000,5.012512,0.012512,,,359.999969,-134.999222,479.999939,179.999481,-50.000015,-179.999451,360.023285,-134.998581,480.035217,179.999084,-65.770561,-179.999100,-0.449370,-0.075747,0.766687,0.002804,5.012512,-0.019994,
feedback,3.296677,1786352451954,7,Ry,5.000000,40.000000,5.156708,0.156708,,,359.999969,-134.999222,479.999939,179.999481,-50.000015,-179.999451,360.019104,-134.999359,480.037048,179.999252,-65.832222,-179.999344,-0.297113,-0.022054,0.061648,-0.000647,5.156708,-0.022207,
feedback,3.304766,1786352451962,7,Ry,5.000000,40.000000,5.225372,0.225372,,,359.999969,-134.999222,479.999939,179.999481,-50.000015,-179.999451,360.015900,-134.999786,480.038544,179.999313,-65.873886,-179.999390,-0.453778,-0.010546,0.105297,-0.009073,5.225372,0.003460,
feedback,3.312930,1786352451971,7,Ry,5.000000,40.000000,5.266571,0.266571,,,359.999969,-134.999222,479.999939,179.999481,-50.000015,-179.999451,360.012848,-134.999619,480.037506,179.999084,-65.916183,-179.999252,-0.241424,0.096836,0.050480,0.002802,5.266571,0.007464,
feedback,3.321501,1786352451979,7,Ry,5.000000,40.000000,5.321503,0.321503,,,359.999969,-134.999222,479.999939,179.999481,-50.000015,-179.999451,360.009888,-134.999054,480.034332,179.999115,-65.958725,-179.999237,-0.334435,0.118887,-0.552779,-0.002805,5.321503,0.026870,
feedback,3.329338,1786352451987,7,Ry,5.000000,40.000000,5.335236,0.335236,,,359.999969,-134.999222,479.999939,179.999481,-50.000015,-179.999451,360.005798,-134.998764,480.028564,179.999069,-66.001518,-179.999115,-0.438263,0.107379,-0.768394,0.005573,5.335236,0.001187,
feedback,3.338381,1786352451996,7,Ry,5.000000,40.000000,5.245972,0.245972,,,359.999969,-134.999222,479.999939,179.999481,-50.000015,-179.999451,360.000458,-134.998276,480.023285,179.999283,-66.043793,-179.999237,-0.621408,-0.000002,-0.751884,-0.012570,5.245972,-0.005576,
feedback,3.345933,1786352452004,7,Ry,5.000000,40.000000,5.232239,0.232239,,,359.999969,-134.999222,479.999939,179.999481,-50.000015,-179.999451,359.993622,-134.998154,480.020813,179.999023,-66.086006,-179.999039,-0.700327,0.053686,-0.374896,0.009040,5.232239,0.003373,
feedback,3.354687,1786352452012,7,Ry,5.000000,40.000000,5.088043,0.088043,,,359.999969,-134.999222,479.999939,179.999481,-50.000015,-179.999451,359.987244,-134.998489,480.020660,179.999130,-66.127014,-179.999054,-0.620376,0.129423,-0.001466,0.006262,5.088043,0.023378,
feedback,3.362415,1786352452021,7,Ry,5.000000,40.000000,5.005646,0.005646,,,359.999969,-134.999222,479.999939,179.999481,-50.000015,-179.999451,359.984467,-134.999283,480.021423,179.999069,-66.167412,-179.999191,-0.310494,-0.129424,0.165890,-0.006286,5.005646,-0.023374,
feedback,3.371177,1786352452029,7,Ry,5.000000,40.000000,4.806518,-0.193482,,,359.999969,-134.999222,479.999939,179.999481,-50.000015,-179.999451,359.983917,-134.999710,480.024414,179.999008,-66.206413,-179.999283,-0.074108,0.031638,0.546881,0.014596,4.806519,-0.016078,
feedback,3.378815,1786352452038,7,Ry,5.000000,40.000000,4.854584,-0.145416,,,359.999969,-134.999222,479.999939,179.999481,-50.000015,-179.999451,359.984680,-135.000015,480.026306,179.999100,-66.245552,-179.999298,0.264773,-0.150517,0.062139,-0.005527,4.854584,-0.008030,
feedback,3.387391,1786352452046,7,Ry,5.000000,40.000000,4.971314,-0.028686,,,359.999969,-134.999222,479.999939,179.999481,-50.000015,-179.999451,359.991760,-134.999100,480.020874,179.999069,-66.304581,-179.999161,0.662270,0.118881,-0.673189,0.003521,4.971313,0.029646,
feedback,3.395827,1786352452055,7,Ry,5.000000,40.000000,5.081177,0.081177,,,359.999969,-134.999222,479.999939,179.999481,-50.000015,-179.999451,359.995239,-134.998489,480.014557,179.999115,-66.344704,-179.999054,0.207243,0.172571,-0.733772,0.006272,5.081177,0.030221,
feedback,3.403632,1786352452059,7,Ry,5.000000,40.000000,4.909516,-0.090484,,,359.999969,-134.999222,479.999939,179.999481,-50.000015,-179.999451,359.997131,-134.998230,480.011505,179.999054,-66.364342,-179.998856,0.469788,0.065195,-0.766407,0.007054,4.909515,0.031820,
feedback,3.411892,1786352452067,7,Ry,5.000000,40.000000,4.998779,-0.001221,,,359.999969,-134.999222,479.999939,179.999481,-50.000015,-179.999451,359.994873,-134.998459,480.005219,179.999023,-66.404854,-179.998978,-0.154672,0.032596,-0.808063,0.003527,4.998779,0.015907,
feedback,3.420119,1786352452076,7,Ry,5.000000,40.000000,5.149841,0.149841,,,359.999969,-134.999222,479.999939,179.999481,-50.000015,-179.999451,359.992065,-134.998840,479.998291,179.999237,-66.446327,-179.999237,-0.161938,0.022050,-0.934285,-0.018089,5.149841,0.013967,
feedback,3.428127,1786352452084,7,Ry,5.000000,40.000000,5.197906,0.197906,,,359.999969,-134.999222,479.999939,179.999481,-50.000015,-179.999451,359.991821,-134.999146,479.991272,179.999146,-66.487694,-179.999222,-0.061691,-0.118881,-0.906511,-0.009861,5.197906,-0.032374,
feedback,3.436497,1786352452093,7,Ry,5.000000,40.000000,5.115509,0.115509,,,359.999969,-134.999222,479.999939,179.999481,-50.000015,-179.999451,359.990997,-134.999741,479.988983,179.999146,-66.528862,-179.999237,-0.129129,-0.064234,-0.183426,0.000829,5.115509,0.008465,
feedback,3.444641,1786352452101,7,Ry,5.000000,40.000000,5.136108,0.136108,,,359.999969,-134.999222,479.999939,179.999481,-50.000015,-179.999451,359.989563,-134.999619,479.990906,179.998993,-66.570335,-179.999176,-0.024658,0.107376,0.214607,-0.000840,5.136108,-0.001598,
feedback,3.452820,1786352452110,7,Ry,5.000000,40.000000,5.204773,0.204773,,,359.999969,-134.999222,479.999939,179.999481,-50.000015,-179.999451,359.986847,-135.000092,479.993195,179.999207,-66.611671,-179.999359,-0.425750,-0.150517,0.085438,-0.011749,5.204773,-0.010721,
feedback,3.460951,1786352452118,7,Ry,5.000000,40.000000,5.307770,0.307770,,,359.999969,-134.999222,479.999939,179.999481,-50.000015,-179.999451,359.985809,-134.998840,479.990417,179.999176,-66.674843,-179.999176,-0.226131,-0.010547,-0.467175,-0.002731,5.307770,0.006305,
feedback,3.469086,1786352452127,7,Ry,5.000000,40.000000,5.232239,0.232239,,,359.999969,-134.999222,479.999939,179.999481,-50.000015,-179.999451,359.983337,-134.998962,479.987396,179.999313,-66.716980,-179.999237,-0.293980,-0.107375,-0.190052,-0.011748,5.232239,-0.003832,
feedback,3.477305,1786352452135,7,Ry,5.000000,40.000000,5.287170,0.287170,,,359.999969,-134.999222,479.999939,179.999481,-50.000015,-179.999451,359.979553,-134.998718,479.984344,179.999130,-66.759140,-179.999069,-0.504333,0.021091,-0.492101,0.011713,5.287170,-0.009909,
feedback,3.485780,1786352452144,7,Ry,5.000000,40.000000,5.273437,0.273437,,,359.999969,-134.999222,479.999939,179.999481,-50.000015,-179.999451,359.976776,-134.998672,479.979889,179.999161,-66.801376,-179.999146,-0.137834,0.010546,-0.586713,0.002690,5.273438,-0.006311,
feedback,3.493680,1786352452152,7,Ry,5.000000,40.000000,5.245972,0.245972,,,359.999969,-134.999222,479.999939,179.999481,-50.000015,-179.999451,359.975830,-134.999222,479.977020,179.999191,-66.843239,-179.999222,-0.094296,-0.096827,-0.438548,-0.002708,5.245972,-0.007420,
feedback,3.503075,1786352452160,7,Ry,5.000000,40.000000,5.088043,0.088043,,,359.999969,-134.999222,479.999939,179.999481,-50.000015,-179.999451,359.977661,-134.999481,479.975006,179.999252,-66.884132,-179.999252,0.550524,0.011503,-0.358857,-0.008092,5.088043,0.025812,
feedback,3.510283,1786352452169,7,Ry,5.000000,40.000000,5.026245,0.026245,,,359.999969,-134.999222,479.999939,179.999481,-50.000015,-179.999451,359.983612,-134.999573,479.972534,179.999191,-66.924835,-179.999268,0.805329,0.053688,-0.326319,0.002689,5.026245,0.000549,
feedback,3.518572,1786352452177,7,Ry,5.000000,40.000000,4.998779,-0.001221,,,359.999969,-134.999222,479.999939,179.999481,-50.000015,-179.999451,359.993652,-134.999527,479.968933,179.999100,-66.964691,-179.999207,1.281077,0.031639,-0.564932,0.020696,4.998779,-0.013583,
feedback,3.526694,1786352452182,7,Ry,5.000000,40.000000,4.895782,-0.104218,,,359.999969,-134.999222,479.999939,179.999481,-50.000015,-179.999451,360.003448,-134.998886,479.965393,179.999191,-67.004074,-179.999161,1.231404,0.064239,-0.448944,0.011674,4.895782,-0.003093,
feedback,3.535256,1786352452190,7,Ry,5.000000,40.000000,4.854584,-0.145416,,,359.999969,-134.999222,479.999939,179.999481,-50.000015,-179.999451,360.005920,-134.998886,479.965088,179.999130,-67.023499,-179.999084,0.618747,0.000001,-0.078751,0.006310,4.854584,0.002680,
feedback,3.543105,1786352452198,7,Ry,5.000000,40.000000,4.868317,-0.131683,,,359.999969,-134.999222,479.999939,179.999481,-50.000015,-179.999451,360.011047,-134.998367,479.964783,179.999115,-67.081917,-179.999008,0.348435,0.108343,-0.095706,-0.005366,4.868317,0.033248,
feedback,3.551615,1786352452207,7,Ry,5.000000,40.000000,4.875183,-0.124817,,,359.999969,-134.999222,479.999939,179.999481,-50.000015,-179.999451,360.013397,-134.998322,479.963867,179.999023,-67.120804,-179.998932,0.549278,0.086292,-0.243747,0.006308,4.875183,0.016403,
feedback,3.559563,1786352452215,7,Ry,5.000000,40.000000,4.854584,-0.145416,,,359.999969,-134.999222,479.999939,179.999481,-50.000015,-179.999451,360.015198,-134.999405,479.965698,179.999054,-67.159508,-179.999100,0.063207,-0.139981,0.300778,0.016314,4.854584,-0.006275,
feedback,3.568177,1786352452224,7,Ry,5.000000,40.000000,4.820251,-0.179749,,,359.999969,-134.999222,479.999939,179.999481,-50.000015,-179.999451,360.016876,-134.999664,479.968353,179.999069,-67.198593,-179.999222,0.568195,-0.043145,0.420773,0.006330,4.820251,-0.004205,
feedback,3.576050,1786352452232,7,Ry,5.000000,40.000000,4.936981,-0.063019,,,359.999969,-134.999222,479.999939,179.999481,-50.000015,-179.999451,360.019775,-134.999878,479.973145,179.999146,-67.238144,-179.999313,0.451521,0.043145,0.552308,0.006334,4.936981,0.009523,
feedback,3.583587,1786352452240,7,Ry,5.000000,40.000000,5.108642,0.108642,,,359.999969,-134.999222,479.999939,179.999481,-50.000015,-179.999451,360.024506,-135.000015,479.974609,179.999054,-67.278870,-179.999268,0.638624,-0.000962,0.197149,0.010613,5.108643,-0.032201,
feedback,3.592300,1786352452249,7,Ry,5.000000,40.000000,5.122375,0.122375,,,359.999969,-134.999222,479.999939,179.999481,-50.000015,-179.999451,360.028168,-134.999268,479.976990,179.999023,-67.319878,-179.999161,0.218254,0.053693,0.478938,0.002643,5.122375,0.000531,
feedback,3.600406,1786352452257,7,Ry,5.000000,40.000000,5.088043,0.088043,,,359.999969,-134.999222,479.999939,179.999481,-50.000015,-179.999451,360.026703,-134.998886,479.982513,179.999115,-67.360832,-179.999084,-0.348333,0.032599,0.810383,-0.002655,5.088043,0.013204,
feedback,3.608517,1786352452265,7,Ry,5.000000,40.000000,5.191040,0.191040,,,359.999969,-134.999222,479.999939,179.999481,-50.000015,-179.999451,360.023743,-134.998322,479.985504,179.999100,-67.402084,-179.999161,-0.389358,0.116968,0.207975,-0.006905,5.191040,-0.048063,
feedback,3.616880,1786352452274,7,Ry,5.000000,40.000000,5.211639,0.211639,,,359.999969,-134.999222,479.999939,179.999481,-50.000015,-179.999451,360.021240,-134.998459,479.986908,179.999252,-67.443695,-179.999237,-0.125931,-0.010547,0.132444,-0.015334,5.211639,0.001073,
feedback,3.625879,1786352452282,7,Ry,5.000000,40.000000,5.163574,0.163574,,,359.999969,-134.999222,479.999939,179.999481,-50.000015,-179.999451,360.017548,-134.999146,479.988434,179.999115,-67.506317,-179.999207,-0.314520,-0.075745,0.277733,-0.003725,5.163574,-0.022704,
feedback,3.633313,1786352452291,7,Ry,5.000000,40.000000,5.060577,0.060577,,,359.999969,-134.999222,479.999939,179.999481,-50.000015,-179.999451,360.016968,-134.999527,479.991974,179.999207,-67.546936,-179.999329,-0.045795,-0.075744,0.457028,-0.003726,5.060577,-0.022701,
feedback,3.642253,1786352452299,7,Ry,5.000000,40.000000,5.005646,0.005646,,,359.999969,-134.999222,479.999939,179.999481,-50.000015,-179.999451,360.018585,-134.999786,479.994568,179.999130,-67.587448,-179.999207,0.395518,0.065199,0.389144,0.013807,5.005646,0.034282,
feedback,3.649879,1786352452307,7,Ry,5.000000,40.000000,4.957581,-0.042419,,,359.999969,-134.999222,479.999939,179.999481,-50.000015,-179.999451,360.020538,-134.999741,479.999146,179.999298,-67.627441,-179.999420,0.290351,0.075745,0.680793,-0.015313,4.957581,0.014855,
feedback,3.657940,1786352452316,7,Ry,5.000000,40.000000,4.854584,-0.145416,,,359.999969,-134.999222,479.999939,179.999481,-50.000015,-179.999451,360.022736,-134.999405,480.004822,179.999100,-67.666580,-179.999146,0.301400,0.064238,0.740308,0.011565,4.854584,-0.003227,
feedback,3.665734,1786352452324,7,Ry,5.000000,40.000000,4.730988,-0.269012,,,359.999969,-134.999222,479.999939,179.999481,-50.000015,-179.999451,360.025421,-134.999100,480.009918,179.999191,-67.704704,-179.999161,0.434187,-0.064238,0.493990,-0.005219,4.730988,0.005840,
feedback,3.674576,1786352452333,7,Ry,5.000000,40.000000,4.785919,-0.214081,,,359.999969,-134.999222,479.999939,179.999481,-50.000015,-179.999451,360.028351,-134.999054,480.011475,179.999268,-67.743347,-179.999130,0.328783,-0.085330,0.011574,-0.016769,4.785919,0.015952,
feedback,3.683061,1786352452341,7,Ry,5.000000,40.000000,4.868316,-0.131684,,,359.999969,-134.999222,479.999939,179.999481,-50.000015,-179.999451,360.028412,-134.998459,480.012146,179.999115,-67.782677,-179.999084,0.188563,0.042185,0.139745,0.004012,4.868317,-0.028023,
feedback,3.690853,1786352452349,7,Ry,5.000000,40.000000,4.799652,-0.200348,,,359.999969,-134.999222,479.999939,179.999481,-50.000015,-179.999451,360.032532,-134.999100,480.012756,179.999252,-67.821487,-179.999237,0.631729,-0.043146,0.093247,-0.012726,4.799652,-0.012051,
feedback,3.698632,1786352452353,7,Ry,5.000000,40.000000,4.936981,-0.063019,,,359.999969,-134.999222,479.999939,179.999481,-50.000015,-179.999451,360.033661,-134.999222,480.012695,179.999161,-67.841232,-179.999191,0.280500,-0.032601,-0.015024,0.008942,4.936981,-0.010636,
feedback,3.707186,1786352452362,7,Ry,5.000000,40.000000,4.943848,-0.056152,,,359.999969,-134.999222,479.999939,179.999481,-50.000015,-179.999451,360.037811,-134.999573,480.011780,179.999222,-67.880569,-179.999313,0.575887,0.074786,-0.211442,0.007754,4.943848,-0.012217,
feedback,3.714764,1786352452370,7,Ry,5.000000,40.000000,5.088043,0.088043,,,359.999969,-134.999222,479.999939,179.999481,-50.000015,-179.999451,360.041077,-134.999527,480.010101,179.999130,-67.941048,-179.999237,0.148129,0.000000,-0.222218,-0.000002,5.088043,-0.000000,
feedback,3.723531,1786352452379,7,Ry,5.000000,40.000000,5.081177,0.081177,,,359.999969,-134.999222,479.999939,179.999481,-50.000015,-179.999451,360.040924,-134.999405,480.008453,179.999084,-67.981781,-179.999146,-0.081687,0.075750,-0.093795,0.010152,5.081177,0.025247,
feedback,3.731080,1786352452387,7,Ry,5.000000,40.000000,5.129242,0.129242,,,359.999969,-134.999222,479.999939,179.999481,-50.000015,-179.999451,360.035950,-134.999191,480.009796,179.999054,-68.022896,-179.999115,-0.715979,-0.053695,0.220796,-0.002577,5.129242,-0.000499,
feedback,3.740026,1786352452395,7,Ry,5.000000,40.000000,5.163574,0.163574,,,359.999969,-134.999222,479.999939,179.999481,-50.000015,-179.999451,360.029541,-134.998627,480.011810,179.999100,-68.064178,-179.999100,-0.831625,-0.000002,0.257149,0.006354,5.163574,0.002565,
feedback,3.748418,1786352452404,7,Ry,5.000000,40.000000,5.252838,0.252838,,,359.999969,-134.999222,479.999939,179.999481,-50.000015,-179.999451,360.022064,-134.998749,480.011322,179.999176,-68.106224,-179.999100,-0.904906,0.022051,0.020310,-0.011507,5.252838,0.017048,
feedback,3.756182,1786352452412,7,Ry,5.000000,40.000000,5.239105,0.239105,,,359.999969,-134.999222,479.999939,179.999481,-50.000015,-179.999451,360.012634,-134.998886,480.011505,179.999008,-68.148140,-179.998978,-1.217843,-0.000003,-0.004608,0.012734,5.239105,0.005112,
feedback,3.764097,1786352452421,7,Ry,5.000000,40.000000,5.321503,0.321503,,,359.999969,-134.999222,479.999939,179.999481,-50.000015,-179.999451,360.003601,-134.999100,480.010620,179.999115,-68.190269,-179.999084,-1.102129,-0.021094,-0.317172,-0.005112,5.321503,0.012750,
feedback,3.772989,1786352452430,7,Ry,5.000000,40.000000,5.287170,0.287170,,,359.999969,-134.999222,479.999939,179.999481,-50.000015,-179.999451,359.997040,-134.999664,480.008636,179.999207,-68.232704,-179.999237,-0.586128,-0.031639,-0.326331,-0.020395,5.287170,0.014038,
feedback,3.780445,1786352452438,7,Ry,5.000000,40.000000,5.252838,0.252838,,,359.999969,-134.999222,479.999939,179.999481,-50.000015,-179.999451,359.994843,-134.999451,480.000793,179.999100,-68.296181,-179.999130,-0.218394,0.021092,-0.545794,0.017833,5.252838,-0.007681,
feedback,3.789310,1786352452446,7,Ry,5.000000,40.000000,5.060577,0.060577,,,359.999969,-134.999222,479.999939,179.999481,-50.000015,-179.999451,359.994476,-134.999146,479.999603,179.999023,-68.337051,-179.999100,-0.141338,0.182158,-0.070622,0.019048,5.060577,-0.008773,
feedback,3.797515,1786352452455,7,Ry,5.000000,40.000000,5.046845,0.046845,,,359.999969,-134.999222,479.999939,179.999481,-50.000015,-179.999451,359.993256,-134.998932,480.001465,179.999100,-68.377724,-179.999039,-0.112645,0.086284,0.202878,-0.000012,5.046844,0.013733,
feedback,3.805749,1786352452463,7,Ry,5.000000,40.000000,5.053711,0.053711,,,359.999969,-134.999222,479.999939,179.999481,-50.000015,-179.999451,359.993256,-134.998886,480.000824,179.999146,-68.417992,-179.999115,0.063423,0.010546,-0.222868,-0.003871,5.053711,-0.008911,
feedback,3.813685,1786352452472,7,Ry,5.000000,40.000000,4.985046,-0.014954,,,359.999969,-134.999222,479.999939,179.999481,-50.000015,-179.999451,359.994537,-134.999054,479.997101,179.999146,-68.458061,-179.999146,0.119579,-0.043142,-0.483491,-0.006396,4.985046,-0.009388,
feedback,3.821685,1786352452480,7,Ry,5.000000,40.000000,4.806519,-0.193481,,,359.999969,-134.999222,479.999939,179.999481,-50.000015,-179.999451,359.996216,-134.998962,479.994995,179.999191,-68.497009,-179.999115,0.373154,0.043144,-0.318306,-0.000012,4.806519,0.006866,
feedback,3.829934,1786352452489,7,Ry,5.000000,40.000000,4.923248,-0.076752,,,359.999969,-134.999222,479.999939,179.999481,-50.000015,-179.999451,359.995392,-134.999222,479.992828,179.999207,-68.536423,-179.999237,0.041883,-0.043143,-0.472901,-0.000007,4.923248,-0.006866,
feedback,3.838714,1786352452493,7,Ry,5.000000,40.000000,4.985046,-0.014954,,,359.999969,-134.999222,479.999939,179.999481,-50.000015,-179.999451,359.995300,-134.998840,479.990448,179.999039,-68.556366,-179.999039,-0.021619,0.096831,-0.595441,0.015281,4.985046,0.012362,
feedback,3.846204,1786352452501,7,Ry,5.000000,40.000000,4.930115,-0.069885,,,359.999969,-134.999222,479.999939,179.999481,-50.000015,-179.999451,359.995209,-134.999191,479.985443,179.999176,-68.596130,-179.999237,0.073127,-0.043143,-0.507916,-0.012793,4.930115,-0.011878,
feedback,3.855004,1786352452510,7,Ry,5.000000,40.000000,4.902649,-0.097351,,,359.999969,-134.999222,479.999939,179.999481,-50.000015,-179.999451,359.997009,-134.999405,479.979218,179.999130,-68.635849,-179.999191,0.187229,-0.074781,-0.647688,-0.013904,4.902649,0.009816,
feedback,3.862596,1786352452518,7,Ry,5.000000,40.000000,5.026245,0.026245,,,359.999969,-134.999222,479.999939,179.999481,-50.000015,-179.999451,359.997681,-134.998978,479.975769,179.999069,-68.696686,-179.999130,0.115761,0.043143,-0.115227,-0.000010,5.026245,0.006866,
feedback,3.871783,1786352452527,7,Ry,5.000000,40.000000,5.026245,0.026245,,,359.999969,-134.999222,479.999939,179.999481,-50.000015,-179.999451,359.997925,-134.999222,479.977142,179.999130,-68.736679,-179.999161,0.076417,-0.107378,0.127483,-0.004988,5.026245,-0.000935,
feedback,3.878981,1786352452535,7,Ry,5.000000,40.000000,5.101776,0.101776,,,359.999969,-134.999222,479.999939,179.999481,-50.000015,-179.999451,359.997437,-134.998962,479.979370,179.999252,-68.777405,-179.999176,0.001945,0.075740,0.215318,-0.002498,5.101776,0.020134,
feedback,3.888243,1786352452543,7,Ry,5.000000,40.000000,5.252838,0.252838,,,359.999969,-134.999222,479.999939,179.999481,-50.000015,-179.999451,359.995728,-134.999222,479.979553,179.999130,-68.818741,-179.999161,-0.554011,0.042184,0.189891,0.016319,5.252838,-0.023129,
feedback,3.895300,1786352452552,7,Ry,5.000000,40.000000,5.307770,0.307770,,,359.999969,-134.999222,479.999939,179.999481,-50.000015,-179.999451,359.994415,-134.999405,479.977142,179.999054,-68.861176,-179.999100,-0.449981,-0.075739,-0.171883,0.002471,5.307770,-0.020137,
feedback,3.904322,1786352452560,7,Ry,5.000000,40.000000,5.548096,0.548096,,,359.999969,-134.999222,479.999939,179.999481,-50.000015,-179.999451,359.993073,-134.999146,479.969604,179.999069,-68.904381,-179.999161,-0.344682,0.031638,-1.233114,0.001000,5.548096,-0.021690,
feedback,3.912450,1786352452569,7,Ry,5.000000,40.000000,5.458832,0.458832,,,359.999969,-134.999222,479.999939,179.999481,-50.000015,-179.999451,359.990967,-134.999146,479.960419,179.999252,-68.948029,-179.999207,-0.460587,-0.074781,-1.070900,-0.013818,5.458832,0.009891,
feedback,3.920426,1786352452577,7,Ry,5.000000,40.000000,5.369568,0.369568,,,359.999969,-134.999222,479.999939,179.999481,-50.000015,-179.999451,359.988434,-134.999451,479.953644,179.999008,-68.991257,-179.999023,-0.569031,-0.096830,-0.671732,0.003943,5.369568,-0.004861,
feedback,3.928625,1786352452586,7,Ry,5.000000,40.000000,5.239105,0.239105,,,359.999969,-134.999222,479.999939,179.999481,-50.000015,-179.999451,359.983246,-134.999359,479.951965,179.999054,-69.033524,-179.998993,-0.677293,-0.085327,-0.078399,0.009400,5.239105,0.026152,
feedback,3.937602,1786352452594,7,Ry,5.000000,40.000000,5.053711,0.053711,,,359.999969,-134.999222,479.999939,179.999481,-50.000015,-179.999451,359.981079,-134.998978,479.954895,179.999130,-69.094635,-179.999191,0.028696,0.085325,0.323408,-0.003038,5.053711,-0.023692,
feedback,3.945399,1786352452603,7,Ry,5.000000,40.000000,4.916382,-0.083618,,,359.999969,-134.999222,479.999939,179.999481,-50.000015,-179.999451,359.981934,-134.999100,479.960083,179.999115,-69.134384,-179.998932,0.192049,0.087239,0.948007,-0.016211,4.916382,0.043818,
feedback,3.953864,1786352452611,7,Ry,5.000000,40.000000,4.820251,-0.179749,,,359.999969,-134.999222,479.999939,179.999481,-50.000015,-179.999451,359.984192,-134.999359,479.965302,179.999054,-69.173271,-179.998993,0.375897,0.010547,0.570563,0.008852,4.820251,-0.003976,
feedback,3.961976,1786352452619,7,Ry,5.000000,40.000000,4.875183,-0.124817,,,359.999969,-134.999222,479.999939,179.999481,-50.000015,-179.999451,359.987122,-134.999268,479.968658,179.999146,-69.212601,-179.999146,0.653701,0.129426,0.151444,-0.006426,4.875183,0.018162,
feedback,3.970459,1786352452628,7,Ry,5.000000,40.000000,4.964447,-0.035553,,,359.999969,-134.999222,479.999939,179.999481,-50.000015,-179.999451,359.994568,-134.999405,479.963776,179.998962,-69.252045,-179.999008,1.169250,-0.096830,-0.920732,0.010405,4.964447,-0.002447,
feedback,3.977976,1786352452636,7,Ry,5.000000,40.000000,4.813385,-0.186615,,,359.999969,-134.999222,479.999939,179.999481,-50.000015,-179.999451,360.002502,-134.999313,479.961151,179.999161,-69.290939,-179.999146,1.042530,-0.010545,-0.050756,-0.002435,4.813385,0.006423,
feedback,3.986795,1786352452644,7,Ry,5.000000,40.000000,4.875183,-0.124817,,,359.999969,-134.999222,479.999939,179.999481,-50.000015,-179.999451,360.005096,-134.999100,479.960663,179.998886,-69.329994,-179.998978,0.193997,-0.033557,0.035860,0.024961,4.875183,-0.041008,
feedback,3.994369,1786352452653,7,Ry,5.000000,40.000000,4.868316,-0.131684,,,359.999969,-134.999222,479.999939,179.999481,-50.000015,-179.999451,360.007690,-134.999008,479.962585,179.998932,-69.368362,-179.998947,0.335748,-0.108339,-0.068210,0.024108,4.868317,-0.026193,
feedback,4.003122,1786352452661,7,Ry,5.000000,40.000000,4.840851,-0.159149,,,359.999969,-134.999222,479.999939,179.999481,-50.000015,-179.999451,360.010773,-134.998932,479.964386,179.999023,-69.407036,-179.999115,0.341885,0.074783,0.338122,-0.005619,4.840851,-0.017247,
feedback,4.010577,1786352452670,7,Ry,5.000000,40.000000,4.888916,-0.111084,,,359.999969,-134.999222,479.999939,179.999481,-50.000015,-179.999451,360.013336,-134.999237,479.968628,179.998917,-69.446198,-179.999084,0.250887,-0.011506,0.763824,0.007227,4.888916,-0.026155,
feedback,4.019532,1786352452678,7,Ry,5.000000,40.000000,4.923248,-0.076752,,,359.999969,-134.999222,479.999939,179.999481,-50.000015,-179.999451,360.016205,-134.999268,479.981964,179.999130,-69.504486,-179.999130,-0.008401,-0.064237,1.224876,-0.004815,4.923248,0.005997,
feedback,4.026868,1786352452682,7,Ry,5.000000,40.000000,4.936981,-0.063019,,,359.999969,-134.999222,479.999939,179.999481,-50.000015,-179.999451,360.016724,-134.999054,479.986481,179.999252,-69.524231,-179.999268,0.129578,0.053692,1.132802,-0.010473,4.936981,-0.004370,
feedback,4.036710,1786352452691,7,Ry,5.000000,40.000000,5.026245,0.026245,,,359.999969,-134.999222,479.999939,179.999481,-50.000015,-179.999451,360.017334,-134.999664,479.990906,179.999008,-69.564087,-179.999023,0.019449,-0.236819,0.289391,0.014506,5.026245,-0.014271,
feedback,4.043632,1786352452699,7,Ry,5.000000,40.000000,4.868317,-0.131683,,,359.999969,-134.999222,479.999939,179.999481,-50.000015,-179.999451,360.015900,-134.999359,479.993896,179.998993,-69.603333,-179.999084,-0.367377,-0.032599,0.375149,0.002388,4.868317,-0.013302,
feedback,4.052796,1786352452708,7,Ry,5.000000,40.000000,4.593659,-0.406341,,,359.999969,-134.999222,479.999939,179.999481,-50.000015,-179.999451,360.013397,-134.998932,479.997620,179.998978,-69.640823,-179.998917,-0.329833,0.075743,0.589213,0.004038,4.593658,0.022559,
feedback,4.060981,1786352452716,7,Ry,5.000000,40.000000,4.380798,-0.619202,,,359.999969,-134.999222,479.999939,179.999481,-50.000015,-179.999451,360.010712,-134.999191,480.001038,179.998917,-69.676361,-179.998962,-0.443547,-0.000001,0.513271,-0.006445,4.380798,-0.002385,
command,4.050907,,,Ry,5.000000,60.000000,,,4040.126,8.117,359.999969,-134.999222,479.999939,179.999481,-50.000015,-179.999451,,,,,,,,,,,,,"0,{1293},RelMovLTool(0.000000,0.000000,0.000000,0.000000,20.000000,0.000000,a=30,v=23,cp=100);"
feedback,4.068940,1786352452725,7,Ry,5.000000,60.000000,4.147339,-0.852661,,,359.999969,-134.999222,479.999939,179.999481,-50.000015,-179.999451,360.008911,-134.999191,480.003906,179.999069,-69.709656,-179.999130,-0.299919,-0.053691,0.427381,-0.008827,4.147339,-0.002807,
feedback,4.076979,1786352452733,7,Ry,5.000000,60.000000,3.907013,-1.092987,,,359.999969,-134.999222,479.999939,179.999481,-50.000015,-179.999451,360.007568,-134.999054,480.005798,179.999023,-69.741180,-179.999023,-0.160519,-0.000000,0.146765,-0.000007,3.907013,0.000000,
feedback,4.085652,1786352452742,7,Ry,5.000000,60.000000,3.762817,-1.237183,,,359.999969,-134.999222,479.999939,179.999481,-50.000015,-179.999451,360.006866,-134.999359,480.008362,179.998993,-69.771507,-179.999069,-0.076123,-0.021092,0.295575,-0.004752,3.762817,0.012886,
feedback,4.093443,1786352452750,7,Ry,5.000000,60.000000,3.714752,-1.285248,,,359.999969,-134.999222,479.999939,179.999481,-50.000015,-179.999451,360.006500,-134.999619,480.011261,179.999039,-69.801414,-179.999100,-0.060526,-0.043144,0.439393,0.006442,3.714752,-0.004496,
feedback,4.102465,1786352452758,7,Ry,5.000000,60.000000,3.804016,-1.195984,,,359.999969,-134.999222,479.999939,179.999481,-50.000015,-179.999451,360.007141,-134.998795,480.017578,179.999069,-69.846870,-179.998962,0.227546,0.130392,0.549890,-0.009474,3.804016,0.053250,
feedback,4.109456,1786352452767,7,Ry,5.000000,60.000000,3.769684,-1.230316,,,359.999969,-134.999222,479.999939,179.999481,-50.000015,-179.999451,360.008881,-134.998840,480.019379,179.998901,-69.877304,-179.998901,0.227172,0.086289,0.299649,-0.000009,3.769684,0.013733,
feedback,4.118205,1786352452775,7,Ry,5.000000,60.000000,3.563690,-1.436310,,,359.999969,-134.999222,479.999939,179.999481,-50.000015,-179.999451,360.011414,-134.999054,480.018097,179.999008,-69.906250,-179.999008,0.288726,0.053691,-0.164390,0.002352,3.563690,0.000418,
feedback,4.125653,1786352452784,7,Ry,5.000000,60.000000,3.392029,-1.607971,,,359.999969,-134.999222,479.999939,179.999481,-50.000015,-179.999451,360.014893,-134.999222,480.013977,179.998856,-69.933502,-179.998871,0.400839,0.010547,-0.787983,0.008801,3.392029,-0.004094,
feedback,4.134592,1786352452792,7,Ry,5.000000,60.000000,3.083038,-1.916962,,,359.999969,-134.999222,479.999939,179.999481,-50.000015,-179.999451,360.016479,-134.999359,480.010376,179.999084,-69.958984,-179.999039,0.321146,-0.043145,-0.420220,-0.000004,3.083038,-0.006866,
feedback,4.142618,1786352452800,7,Ry,5.000000,60.000000,2.794647,-2.205353,,,359.999969,-134.999222,479.999939,179.999481,-50.000015,-179.999451,360.018219,-134.999405,480.007141,179.998932,-69.981674,-179.998978,0.172070,-0.075744,-0.591501,-0.004104,2.794647,-0.022535,
feedback,4.150575,1786352452809,7,Ry,5.000000,60.000000,2.416992,-2.583008,,,359.999969,-134.999222,479.999939,179.999481,-50.000015,-179.999451,360.019775,-134.999313,480.007172,179.998947,-70.001556,-179.999069,0.211450,-0.022053,0.058643,0.004694,2.416992,-0.019771,
feedback,4.160414,1786352452817,7,Ry,5.000000,60.000000,2.341461,-2.658539,,,359.999969,-134.999222,479.999939,179.999481,-50.000015,-179.999451,360.021576,-134.999405,480.007751,179.998932,-70.020157,-179.998978,0.164401,-0.011507,0.047936,0.007036,2.341461,-0.026226,
feedback,4.167046,1786352452826,7,Ry,5.000000,60.000000,2.451324,-2.548676,,,359.999969,-134.999222,479.999939,179.999481,-50.000015,-179.999451,360.021698,-134.999191,480.008972,179.998901,-70.039215,-179.998947,-0.076693,0.064238,0.129198,0.004685,2.451324,-0.006041,
feedback,4.177039,1786352452834,7,Ry,5.000000,60.000000,2.636719,-2.363281,,,359.999969,-134.999222,479.999939,179.999481,-50.000015,-179.999451,360.020538,-134.999146,480.010834,179.998978,-70.059784,-179.998917,-0.178539,-0.021093,0.157326,-0.011143,2.636719,0.010568,
feedback,4.183314,1786352452842,7,Ry,5.000000,60.000000,2.911377,-2.088623,,,359.999969,-134.999222,479.999939,179.999481,-50.000015,-179.999451,360.017090,-134.999054,480.017853,179.998932,-70.093513,-179.998917,-0.236421,-0.021093,0.643646,-0.004681,2.911377,0.012912,
feedback,4.191297,1786352452847,7,Ry,5.000000,60.000000,3.021240,-1.978760,,,359.999969,-134.999222,479.999939,179.999481,-50.000015,-179.999451,360.015015,-134.999313,480.021362,179.999054,-70.105598,-179.999023,-0.520925,-0.064238,0.883152,-0.011134,3.021240,0.003710,
feedback,4.199841,1786352452855,7,Ry,5.000000,60.000000,3.295898,-1.704102,,,359.999969,-134.999222,479.999939,179.999481,-50.000015,-179.999451,360.012268,-134.999222,480.027527,179.998993,-70.131363,-179.999023,-0.285218,0.074783,0.645665,0.006996,3.295898,-0.012507,
feedback,4.208551,1786352452864,7,Ry,5.000000,60.000000,3.556824,-1.443176,,,359.999969,-134.999222,479.999939,179.999481,-50.000015,-179.999451,360.010498,-134.999710,480.033752,179.998825,-70.159210,-179.998947,0.007235,-0.107381,0.657994,0.001798,3.556824,0.001515,
feedback,4.216164,1786352452872,7,Ry,5.000000,60.000000,3.810883,-1.189117,,,359.999969,-134.999222,479.999939,179.999481,-50.000015,-179.999451,360.010620,-134.999573,480.035400,179.998993,-70.189316,-179.999084,0.079782,0.075743,0.093973,-0.015249,3.810883,0.015539,
feedback,4.224319,1786352452880,7,Ry,5.000000,60.000000,3.934479,-1.065521,,,359.999969,-134.999222,479.999939,179.999481,-50.000015,-179.999451,360.012390,-134.999496,480.032959,179.998871,-70.220573,-179.998993,0.303496,0.064237,-0.508767,-0.001816,3.934479,-0.008380,
feedback,4.232473,1786352452889,7,Ry,5.000000,60.000000,4.085541,-0.914459,,,359.999969,-134.999222,479.999939,179.999481,-50.000015,-179.999451,360.012329,-134.999481,480.029541,179.998978,-70.252792,-179.998962,-0.079158,0.022052,-0.631021,-0.011107,4.085541,0.017472,
feedback,4.241117,1786352452897,7,Ry,5.000000,60.000000,4.236603,-0.763397,,,359.999969,-134.999222,479.999939,179.999481,-50.000015,-179.999451,360.009827,-134.999054,480.026367,179.998764,-70.286324,-179.998749,-0.353263,0.064236,-0.335217,0.024016,4.236603,0.000887,
feedback,4.249136,1786352452905,7,Ry,5.000000,60.000000,4.524994,-0.475006,,,359.999969,-134.999222,479.999939,179.999481,-50.000015,-179.999451,360.004028,-134.998413,480.024078,179.999023,-70.321754,-179.998886,-0.852598,0.129428,-0.270561,-0.000017,4.524994,0.020599,
feedback,4.258056,1786352452914,7,Ry,5.000000,60.000000,4.655457,-0.344543,,,359.999969,-134.999222,479.999939,179.999481,-50.000015,-179.999451,359.997467,-134.999054,480.022736,179.998993,-70.358589,-179.998993,-0.675961,-0.043144,-0.312817,0.006458,4.655457,-0.004558,
feedback,4.265699,1786352452922,7,Ry,5.000000,60.000000,5.081177,0.081177,,,359.999969,-134.999222,479.999939,179.999481,-50.000015,-179.999451,359.986450,-134.999100,480.019958,179.998856,-70.417969,-179.998825,-1.087398,-0.054647,-0.070142,0.013364,5.081177,-0.030840,
feedback,4.274092,1786352452931,7,Ry,5.000000,60.000000,5.170441,0.170441,,,359.999969,-134.999222,479.999939,179.999481,-50.000015,-179.999451,359.979309,-134.999451,480.020142,179.999008,-70.459274,-179.999039,-0.766219,-0.022049,0.104268,0.011059,5.170441,-0.017512,
feedback,4.281452,1786352452939,7,Ry,5.000000,60.000000,5.191040,0.191040,,,359.999969,-134.999222,479.999939,179.999481,-50.000015,-179.999451,359.972717,-134.999832,480.022827,179.999008,-70.500671,-179.999207,-0.885720,-0.087235,0.411429,0.015643,5.191040,-0.044198,
feedback,4.290106,1786352452947,7,Ry,5.000000,60.000000,5.156708,0.156708,,,359.999969,-134.999222,479.999939,179.999481,-50.000015,-179.999451,359.968811,-134.999786,480.025391,179.998932,-70.541870,-179.999008,-0.236372,-0.000000,0.137372,0.006474,5.156708,0.002287,
feedback,4.297683,1786352452956,7,Ry,5.000000,60.000000,5.115509,0.115509,,,359.999969,-134.999222,479.999939,179.999481,-50.000015,-179.999451,359.967560,-134.999054,480.026703,179.998825,-70.582901,-179.998810,-0.127838,0.150510,0.200155,0.017507,5.115509,0.012213,
feedback,4.306440,1786352452964,7,Ry,5.000000,60.000000,5.142975,0.142975,,,359.999969,-134.999222,479.999939,179.999481,-50.000015,-179.999451,359.968994,-134.998962,480.025787,179.999023,-70.623962,-179.998947,0.190110,0.183104,-0.120353,0.008743,5.142975,0.023266,
feedback,4.314457,1786352452973,7,Ry,5.000000,60.000000,5.019379,0.019379,,,359.999969,-134.999222,479.999939,179.999481,-50.000015,-179.999451,359.970947,-134.998795,480.023346,179.999023,-70.664368,-179.998917,0.554672,0.075735,-0.423378,-0.008767,5.019379,0.017939,
feedback,4.322962,1786352452981,7,Ry,5.000000,60.000000,5.026245,0.026245,,,359.999969,-134.999222,479.999939,179.999481,-50.000015,-179.999451,359.973236,-134.998795,480.020172,179.999023,-70.704521,-179.998917,0.441433,0.075735,-0.513787,-0.002283,5.026245,0.020214,
feedback,4.330757,1786352452985,7,Ry,5.000000,60.000000,5.012512,0.012512,,,359.999969,-134.999222,479.999939,179.999481,-50.000015,-179.999451,359.974792,-134.999222,480.017456,179.998886,-70.724571,-179.998917,0.390427,-0.108328,-0.679646,0.011008,5.012512,-0.031296,
feedback,4.339243,1786352452994,7,Ry,5.000000,60.000000,5.067444,0.067444,,,359.999969,-134.999222,479.999939,179.999481,-50.000015,-179.999451,359.981262,-134.998962,480.004639,179.999023,-70.785080,-179.998947,0.660219,-0.010545,-1.372552,-0.008756,5.067444,0.004224,
feedback,4.347123,1786352453003,7,Ry,5.000000,60.000000,5.156708,0.156708,,,359.999969,-134.999222,479.999939,179.999481,-50.000015,-179.999451,359.985565,-134.999405,479.992493,179.998962,-70.825920,-179.999023,0.552606,-0.022049,-1.720927,0.004505,5.156708,-0.019838,
feedback,4.355498,1786352453011,7,Ry,5.000000,60.000000,5.088043,0.088043,,,359.999969,-134.999222,479.999939,179.999481,-50.000015,-179.999451,359.989166,-134.999313,479.980896,179.999100,-70.866844,-179.999084,0.503897,0.117923,-1.319449,-0.006230,5.088043,-0.010230,
feedback,4.363174,1786352453020,7,Ry,5.000000,60.000000,5.108642,0.108642,,,359.999969,-134.999222,479.999939,179.999481,-50.000015,-179.999451,359.995422,-134.999664,479.967896,179.999100,-70.907768,-179.999130,0.880178,-0.108335,-1.751685,-0.001999,5.108643,-0.035823,
feedback,4.372139,1786352453028,7,Ry,5.000000,60.000000,5.067444,0.067444,,,359.999969,-134.999222,479.999939,179.999481,-50.000015,-179.999451,359.998291,-134.999222,479.961090,179.999069,-70.948967,-179.998962,0.457365,0.139976,-0.586208,0.002232,5.067444,0.014109,
feedback,4.379926,1786352453036,7,Ry,5.000000,60.000000,5.046845,0.046845,,,359.999969,-134.999222,479.999939,179.999481,-50.000015,-179.999451,359.998932,-134.999008,479.958435,179.999115,-70.989700,-179.999023,0.115771,0.043143,-0.090503,-0.012996,5.046844,0.002393,
feedback,4.388990,1786352453045,7,Ry,5.000000,60.000000,5.094910,0.094910,,,359.999969,-134.999222,479.999939,179.999481,-50.000015,-179.999451,359.998230,-134.999100,479.960266,179.999100,-71.030182,-179.998932,-0.134750,0.043143,0.216110,-0.000012,5.094910,0.006866,
feedback,4.396007,1786352453053,7,Ry,5.000000,60.000000,5.094910,0.094910,,,359.999969,-134.999222,479.999939,179.999481,-50.000015,-179.999451,359.997040,-134.999405,479.962463,179.998978,-71.070885,-179.998901,-0.028928,-0.043143,0.037005,-0.000007,5.094910,-0.006866,
feedback,4.404937,1786352453061,7,Ry,5.000000,60.000000,5.177307,0.177307,,,359.999969,-134.999222,479.999939,179.999481,-50.000015,-179.999451,359.993530,-134.999130,479.965454,179.999039,-71.112495,-179.998840,-0.485509,-0.010547,0.516207,-0.002235,5.177307,0.006497,
feedback,4.412243,1786352453070,7,Ry,5.000000,60.000000,5.191040,0.191040,,,359.999969,-134.999222,479.999939,179.999481,-50.000015,-179.999451,359.989777,-134.999268,479.966766,179.998932,-71.154106,-179.998779,-0.529133,-0.021093,0.177318,0.002052,5.191040,0.015215,
feedback,4.421300,1786352453078,7,Ry,5.000000,60.000000,5.424500,0.424500,,,359.999969,-134.999222,479.999939,179.999481,-50.000015,-179.999451,359.986298,-134.999146,479.962860,179.999008,-71.217529,-179.998947,-0.356911,0.053687,-0.446726,0.008701,5.424500,0.002576,
feedback,4.428722,1786352453087,7,Ry,5.000000,60.000000,5.376434,0.376434,,,359.999969,-134.999222,479.999939,179.999481,-50.000015,-179.999451,359.985443,-134.999268,479.959167,179.999084,-71.260155,-179.998947,-0.494025,-0.085327,-0.156221,-0.015337,5.376434,0.016937,
feedback,4.437327,1786352453095,7,Ry,5.000000,60.000000,5.136108,0.136108,,,359.999969,-134.999222,479.999939,179.999481,-50.000015,-179.999451,359.983032,-134.999573,479.958923,179.999054,-71.301651,-179.999008,-0.383768,0.010546,0.195565,0.008700,5.136108,-0.004303,
feedback,4.445051,1786352453104,7,Ry,5.000000,60.000000,5.088043,0.088043,,,359.999969,-134.999222,479.999939,179.999481,-50.000015,-179.999451,359.979797,-134.999664,479.962494,179.999069,-71.342361,-179.999115,-0.381110,-0.065190,0.418942,-0.002115,5.088043,-0.028941,
feedback,4.453304,1786352453112,7,Ry,5.000000,60.000000,4.991913,-0.008087,,,359.999969,-134.999222,479.999939,179.999481,-50.000015,-179.999451,359.979095,-134.999222,479.967041,179.999054,-71.382401,-179.998947,-0.147758,-0.021093,0.595194,-0.010901,4.991913,0.010822,
feedback,4.461488,1786352453120,7,Ry,5.000000,60.000000,4.978180,-0.021820,,,359.999969,-134.999222,479.999939,179.999481,-50.000015,-179.999451,359.982239,-134.999268,479.968658,179.999069,-71.422531,-179.998947,0.476334,0.065191,0.204769,0.002124,4.978180,0.028938,
feedback,4.469833,1786352453129,7,Ry,5.000000,60.000000,4.916382,-0.083618,,,359.999969,-134.999222,479.999939,179.999481,-50.000015,-179.999451,359.985748,-134.999313,479.971863,179.999069,-71.461700,-179.999054,0.550486,0.010547,0.130584,-0.004334,4.916382,-0.008693,
feedback,4.477935,1786352453133,7,Ry,5.000000,60.000000,4.833984,-0.166016,,,359.999969,-134.999222,479.999939,179.999481,-50.000015,-179.999451,359.987488,-134.999435,479.973663,179.998993,-71.481033,-179.998886,0.436420,-0.031638,0.447430,0.006472,4.833984,0.023895,
feedback,4.486850,1786352453141,7,Ry,5.000000,60.000000,4.882050,-0.117950,,,359.999969,-134.999222,479.999939,179.999481,-50.000015,-179.999451,359.991333,-134.999146,479.974670,179.999069,-71.519791,-179.999023,0.524033,-0.043141,0.010379,-0.013034,4.882050,-0.011219,
feedback,4.494390,1786352453150,7,Ry,5.000000,60.000000,4.916382,-0.083618,,,359.999969,-134.999222,479.999939,179.999481,-50.000015,-179.999451,359.995758,-134.999359,479.971954,179.999100,-71.559036,-179.999054,0.540754,-0.021091,-0.291710,-0.010865,4.916382,0.010856,
feedback,4.503286,1786352453158,7,Ry,5.000000,60.000000,4.916382,-0.083618,,,359.999969,-134.999222,479.999939,179.999481,-50.000015,-179.999451,360.000061,-134.999405,479.970245,179.998947,-71.598312,-179.998871,0.482149,-0.053689,-0.198547,-0.002175,4.916382,-0.000351,
feedback,4.511348,1786352453167,7,Ry,5.000000,60.000000,4.792786,-0.207214,,,359.999969,-134.999222,479.999939,179.999481,-50.000015,-179.999451,360.005249,-134.999008,479.971436,179.999008,-71.656296,-179.998901,0.278182,0.032598,0.412330,-0.008690,4.792786,0.011223,
feedback,4.519197,1786352453175,7,Ry,5.000000,60.000000,4.916382,-0.083618,,,359.999969,-134.999222,479.999939,179.999481,-50.000015,-179.999451,360.006744,-134.999451,479.975372,179.998779,-71.695267,-179.998810,0.222135,-0.032598,0.382536,0.002152,4.916382,-0.013385,
feedback,4.527308,1786352453184,7,Ry,5.000000,60.000000,4.758453,-0.241547,,,359.999969,-134.999222,479.999939,179.999481,-50.000015,-179.999451,360.009613,-134.999664,479.982544,179.998886,-71.733635,-179.998917,0.506538,-0.129433,0.832515,-0.013043,4.758453,-0.024904,
feedback,4.536546,1786352453192,7,Ry,5.000000,60.000000,4.854584,-0.145416,,,359.999969,-134.999222,479.999939,179.999481,-50.000015,-179.999451,360.011932,-134.999481,479.989655,179.998886,-71.772667,-179.998886,0.456808,0.021093,0.768690,0.004291,4.854584,-0.013044,
feedback,4.544043,1786352453200,7,Ry,5.000000,60.000000,5.012512,0.012512,,,359.999969,-134.999222,479.999939,179.999481,-50.000015,-179.999451,360.013550,-134.999664,479.996918,179.998718,-71.812767,-179.998734,0.285379,-0.032599,0.776279,0.002141,5.012512,-0.013390,
feedback,4.552952,1786352453209,7,Ry,5.000000,60.000000,5.156708,0.156708,,,359.999969,-134.999222,479.999939,179.999481,-50.000015,-179.999451,360.012848,-134.999313,480.002228,179.998886,-71.853470,-179.998856,-0.190563,0.064237,0.530467,0.010795,5.156708,-0.004045,
feedback,4.560592,1786352453217,7,Ry,5.000000,60.000000,5.245972,0.245972,,,359.999969,-134.999222,479.999939,179.999481,-50.000015,-179.999451,360.010742,-134.999100,480.003143,179.998596,-71.895271,-179.998566,-0.334532,0.053690,-0.002502,0.021703,5.245972,0.006741,
feedback,4.568423,1786352453226,7,Ry,5.000000,60.000000,5.122376,0.122376,,,359.999969,-134.999222,479.999939,179.999481,-50.000015,-179.999451,360.007782,-134.999100,480.006409,179.998932,-71.936447,-179.998917,-0.493713,-0.010547,0.588140,-0.008667,5.122375,0.004399,
feedback,4.576500,1786352453234,7,Ry,5.000000,60.000000,5.101776,0.101776,,,359.999969,-134.999222,479.999939,179.999481,-50.000015,-179.999451,360.001343,-134.999405,480.014313,179.998764,-71.998108,-179.998672,-0.451653,-0.183120,0.729343,0.004401,5.101776,-0.018813,
feedback,4.584809,1786352453242,7,Ry,5.000000,60.000000,5.074310,0.074310,,,359.999969,-134.999222,479.999939,179.999481,-50.000015,-179.999451,359.996552,-134.999359,480.021851,179.998734,-72.038643,-179.998672,-0.518531,-0.064236,0.828795,0.008821,5.074310,0.010432,
feedback,4.593647,1786352453251,7,Ry,5.000000,60.000000,4.971313,-0.028687,,,359.999969,-134.999222,479.999939,179.999481,-50.000015,-179.999451,359.995087,-134.999619,480.029327,179.998764,-72.078552,-179.998810,0.056169,-0.065193,0.843900,0.017290,4.971313,-0.022574,
feedback,4.600878,1786352453259,7,Ry,5.000000,60.000000,4.847717,-0.152283,,,359.999969,-134.999222,479.999939,179.999481,-50.000015,-179.999451,359.995117,-134.999741,480.038086,179.998901,-72.117691,-179.999023,0.121190,0.010546,1.040631,-0.010961,4.847717,-0.010752,
feedback,4.609168,1786352453268,7,Ry,5.000000,60.000000,4.882050,-0.117950,,,359.999969,-134.999222,479.999939,179.999481,-50.000015,-179.999451,359.995880,-134.999451,480.046875,179.998672,-72.157074,-179.998688,0.225514,-0.021092,0.997467,0.015396,4.882050,0.019384,
feedback,4.617252,1786352453276,7,Ry,5.000000,60.000000,4.943848,-0.056152,,,359.999969,-134.999222,479.999939,179.999481,-50.000015,-179.999451,360.000092,-134.999527,480.049744,179.998886,-72.196465,-179.998871,0.596628,-0.064235,0.151709,0.008872,4.943848,0.010408,
feedback,4.625519,1786352453284,7,Ry,5.000000,60.000000,4.957581,-0.042419,,,359.999969,-134.999222,479.999939,179.999481,-50.000015,-179.999451,360.006653,-134.998749,480.045868,179.998917,-72.236374,-179.998840,0.843152,0.139980,-0.510708,-0.004458,4.957581,0.011965,
feedback,4.633557,1786352453293,7,Ry,5.000000,60.000000,4.902649,-0.097351,,,359.999969,-134.999222,479.999939,179.999481,-50.000015,-179.999451,360.009033,-134.999359,480.042328,179.998779,-72.275864,-179.998856,0.057130,-0.065196,-0.265235,0.004176,4.902649,-0.026814,
feedback,4.641629,1786352453297,7,Ry,5.000000,60.000000,4.943848,-0.056152,,,359.999969,-134.999222,479.999939,179.999481,-50.000015,-179.999451,360.010834,-134.998962,480.039825,179.998764,-72.295639,-179.998688,0.450035,0.097796,-0.628439,0.000265,4.943848,0.042311,
feedback,4.650024,1786352453306,7,Ry,5.000000,60.000000,4.882050,-0.117950,,,359.999969,-134.999222,479.999939,179.999481,-50.000015,-179.999451,360.012115,-134.999222,480.039185,179.998993,-72.334778,-179.998901,0.123157,-0.117927,0.081213,-0.012803,4.882050,0.003811,
feedback,4.658286,1786352453314,7,Ry,5.000000,60.000000,4.909515,-0.090485,,,359.999969,-134.999222,479.999939,179.999481,-50.000015,-179.999451,360.017273,-134.999100,480.035492,179.998917,-72.374115,-179.998886,0.636619,0.000001,-0.516569,-0.006554,4.909515,-0.002079,
feedback,4.666368,1786352453322,7,Ry,5.000000,60.000000,4.978180,-0.021820,,,359.999969,-134.999222,479.999939,179.999481,-50.000015,-179.999451,360.024109,-134.999664,480.030426,179.998856,-72.433517,-179.998886,0.617267,-0.031638,-0.321827,-0.006220,4.978180,0.019639,
feedback,4.674438,1786352453331,7,Ry,5.000000,60.000000,4.971313,-0.028687,,,359.999969,-134.999222,479.999939,179.999481,-50.000015,-179.999451,360.026459,-134.999664,480.031281,179.998932,-72.473373,-179.998962,0.195777,-0.086293,0.196543,-0.006550,4.971313,-0.015801,
feedback,4.682902,1786352453339,7,Ry,5.000000,60.000000,5.081177,0.081177,,,359.999969,-134.999222,479.999939,179.999481,-50.000015,-179.999451,360.026581,-134.999405,480.031097,179.998795,-72.513916,-179.998856,0.055420,0.053693,-0.159685,-0.004491,5.081177,-0.001746,
feedback,4.690880,1786352453348,7,Ry,5.000000,60.000000,5.122376,0.122376,,,359.999969,-134.999222,479.999939,179.999481,-50.000015,-179.999451,360.026917,-134.999191,480.030487,179.998672,-72.554977,-179.998734,0.041272,0.139985,0.029228,0.002051,5.122375,0.014049,
feedback,4.699032,1786352453356,7,Ry,5.000000,60.000000,5.163574,0.163574,,,359.999969,-134.999222,479.999939,179.999481,-50.000015,-179.999451,360.026093,-134.999100,480.029327,179.998810,-72.596420,-179.998795,-0.189623,-0.054655,-0.039552,0.006151,5.163574,-0.033389,
feedback,4.707359,1786352453364,7,Ry,5.000000,60.000000,5.300903,0.300903,,,359.999969,-134.999222,479.999939,179.999481,-50.000015,-179.999451,360.022766,-134.998932,480.027557,179.998978,-72.638718,-179.998947,-0.515127,0.086291,-0.145691,-0.013120,5.300903,0.009635,
feedback,4.715706,1786352453373,7,Ry,5.000000,60.000000,5.362701,0.362701,,,359.999969,-134.999222,479.999939,179.999481,-50.000015,-179.999451,360.018677,-134.999100,480.024048,179.998810,-72.681343,-179.998779,-0.541364,-0.043146,-0.599080,-0.000010,5.362701,-0.006866,
feedback,4.723788,1786352453381,7,Ry,5.000000,60.000000,5.424499,0.424499,,,359.999969,-134.999222,479.999939,179.999481,-50.000015,-179.999451,360.013458,-134.999664,480.018402,179.998825,-72.724411,-179.998856,-0.735450,-0.279961,-0.865886,-0.004081,5.424500,-0.028085,
feedback,4.731962,1786352453390,7,Ry,5.000000,60.000000,5.472565,0.472565,,,359.999969,-134.999222,479.999939,179.999481,-50.000015,-179.999451,360.009186,-134.999481,480.009521,179.998917,-72.768082,-179.998932,-0.560793,-0.075743,-1.142253,-0.004529,5.472565,-0.022325,
feedback,4.740075,1786352453398,7,Ry,5.000000,60.000000,5.321503,0.321503,,,359.999969,-134.999222,479.999939,179.999481,-50.000015,-179.999451,360.006531,-134.999664,479.997864,179.998734,-72.832520,-179.998764,-0.060824,-0.043144,-0.844770,-0.000003,5.321503,-0.006866,
feedback,4.748152,1786352453407,7,Ry,5.000000,60.000000,5.294037,0.294037,,,359.999969,-134.999222,479.999939,179.999481,-50.000015,-179.999451,360.008911,-134.999359,479.987488,179.998932,-72.875282,-179.998886,0.439988,0.139980,-1.214388,-0.017672,5.294037,0.007972,
feedback,4.756575,1786352453415,7,Ry,5.000000,60.000000,5.252838,0.252838,,,359.999969,-134.999222,479.999939,179.999481,-50.000015,-179.999451,360.013031,-134.999176,479.977173,179.998871,-72.917664,-179.998642,0.530009,0.044106,-1.164608,-0.008081,5.252838,0.039987,
feedback,4.764624,1786352453423,7,Ry,5.000000,60.000000,5.033112,0.033112,,,359.999969,-134.999222,479.999939,179.999481,-50.000015,-179.999451,360.015717,-134.999268,479.971558,179.998901,-72.958557,-179.998764,0.575015,-0.074782,-0.619489,-0.006047,5.033112,0.012828,
feedback,4.773306,1786352453432,7,Ry,5.000000,60.000000,4.964447,-0.035553,,,359.999969,-134.999222,479.999939,179.999481,-50.000015,-179.999451,360.016479,-134.999054,479.969971,179.998688,-72.998825,-179.998550,0.194312,-0.064237,-0.203199,0.009105,4.964447,0.010282,
feedback,4.781090,1786352453440,7,Ry,5.000000,60.000000,4.875183,-0.124817,,,359.999969,-134.999222,479.999939,179.999481,-50.000015,-179.999451,360.018890,-134.999100,479.967133,179.998779,-73.038208,-179.998764,0.350923,0.043146,-0.334606,-0.006577,4.875183,0.004863,
feedback,4.789788,1786352453444,7,Ry,5.000000,60.000000,4.854584,-0.145416,,,359.999969,-134.999222,479.999939,179.999481,-50.000015,-179.999451,360.019562,-134.999451,479.966522,179.998688,-73.057625,-179.998718,0.171587,-0.086291,-0.153608,0.006564,4.854584,-0.011732,
feedback,4.797308,1786352453453,7,Ry,5.000000,60.000000,4.909515,-0.090485,,,359.999969,-134.999222,479.999939,179.999481,-50.000015,-179.999451,360.019806,-134.999664,479.965546,179.998901,-73.096848,-179.998932,-0.103195,-0.075745,-0.112127,-0.011146,4.909515,-0.024296,
feedback,4.806228,1786352453461,7,Ry,5.000000,60.000000,4.916382,-0.083618,,,359.999969,-134.999222,479.999939,179.999481,-50.000015,-179.999451,360.019440,-134.999878,479.964478,179.998901,-73.136154,-179.999084,-0.241161,-0.022053,-0.032762,-0.002585,4.916382,-0.022001,
feedback,4.813453,1786352453470,7,Ry,5.000000,60.000000,4.998779,-0.001221,,,359.999969,-134.999222,479.999939,179.999481,-50.000015,-179.999451,360.020752,-134.999664,479.960236,179.998886,-73.175758,-179.998932,0.238836,0.065199,-0.840951,-0.017122,4.998779,0.022903,
feedback,4.821877,1786352453478,7,Ry,5.000000,60.000000,5.170441,0.170441,,,359.999969,-134.999222,479.999939,179.999481,-50.000015,-179.999451,360.024384,-134.999313,479.946564,179.998703,-73.237335,-179.998672,0.187684,-0.032600,-1.007303,0.021697,5.170441,-0.007500,
feedback,4.829861,1786352453487,7,Ry,5.000000,60.000000,5.142975,0.142975,,,359.999969,-134.999222,479.999939,179.999481,-50.000015,-179.999451,360.024170,-134.999313,479.940643,179.998795,-73.278641,-179.998779,0.029308,-0.204223,-0.749903,-0.005934,5.142975,-0.007737,
feedback,4.838543,1786352453495,7,Ry,5.000000,60.000000,5.218506,0.218506,,,359.999969,-134.999222,479.999939,179.999481,-50.000015,-179.999451,360.020691,-134.999222,479.938507,179.998840,-73.319977,-179.998749,-0.408694,-0.010547,-0.373980,-0.001981,5.218506,0.006578,
feedback,4.846280,1786352453503,7,Ry,5.000000,60.000000,5.232239,0.232239,,,359.999969,-134.999222,479.999939,179.999481,-50.000015,-179.999451,360.018250,-134.999390,479.937469,179.999039,-73.361427,-179.998840,-0.251915,-0.073823,-0.394365,-0.026931,5.232239,0.042121,
feedback,4.854881,1786352453512,7,Ry,5.000000,60.000000,5.149841,0.149841,,,359.999969,-134.999222,479.999939,179.999481,-50.000015,-179.999451,360.016327,-134.999619,479.938995,179.998871,-73.402649,-179.998795,-0.038613,-0.074784,0.251061,0.000691,5.149841,0.014836,
feedback,4.862578,1786352453520,7,Ry,5.000000,60.000000,5.191040,0.191040,,,359.999969,-134.999222,479.999939,179.999481,-50.000015,-179.999451,360.012634,-134.999313,479.942993,179.998688,-73.444099,-179.998657,-0.430333,0.064236,0.439555,0.017069,5.191040,-0.002384,
feedback,4.871334,1786352453528,7,Ry,5.000000,60.000000,5.170441,0.170441,,,359.999969,-134.999222,479.999939,179.999481,-50.000015,-179.999451,360.006989,-134.999573,479.948578,179.998810,-73.485382,-179.998917,-0.706230,-0.065196,0.525014,0.003901,5.170441,-0.026899,
feedback,4.878750,1786352453537,7,Ry,5.000000,60.000000,5.170441,0.170441,,,359.999969,-134.999222,479.999939,179.999481,-50.000015,-179.999451,360.001648,-134.999222,479.953217,179.998627,-73.526550,-179.998657,-0.600455,0.096832,0.284373,0.015109,5.170441,0.011043,
feedback,4.887735,1786352453545,7,Ry,5.000000,60.000000,5.184173,0.184173,,,359.999969,-134.999222,479.999939,179.999481,-50.000015,-179.999451,359.995972,-134.999451,479.955658,179.998749,-73.567917,-179.998779,-0.869172,-0.022051,0.301783,0.003880,5.184174,-0.020038,
feedback,4.895180,1786352453554,7,Ry,5.000000,60.000000,5.211639,0.211639,,,359.999969,-134.999222,479.999939,179.999481,-50.000015,-179.999451,359.989502,-134.999146,479.960144,179.998581,-73.609032,-179.998520,-0.860574,0.021091,0.599231,0.017040,5.211639,-0.009299,
feedback,4.904106,1786352453562,7,Ry,5.000000,60.000000,5.012512,0.012512,,,359.999969,-134.999222,479.999939,179.999481,-50.000015,-179.999451,359.981201,-134.999313,479.966919,179.998672,-73.669815,-179.998642,-0.521767,-0.032596,0.619390,0.001923,5.012512,-0.013456,
feedback,4.911492,1786352453570,7,Ry,5.000000,60.000000,4.978180,-0.021820,,,359.999969,-134.999222,479.999939,179.999481,-50.000015,-179.999451,359.978088,-134.999405,479.971893,179.998611,-73.709579,-179.998672,-0.262318,0.085325,0.565480,0.014290,4.978180,-0.017571,
feedback,4.920443,1786352453579,7,Ry,5.000000,60.000000,4.895782,-0.104218,,,359.999969,-134.999222,479.999939,179.999481,-50.000015,-179.999451,359.977661,-134.999695,479.976013,179.998596,-73.748886,-179.998596,0.002681,-0.043141,0.478257,-0.000002,4.895782,-0.006866,
feedback,4.927822,1786352453583,7,Ry,5.000000,60.000000,4.888916,-0.111084,,,359.999969,-134.999222,479.999939,179.999481,-50.000015,-179.999451,359.979034,-134.999832,479.977325,179.998566,-73.768440,-179.998627,0.346315,-0.032595,0.327599,0.001919,4.888916,-0.013459,
feedback,4.936540,1786352453591,7,Ry,5.000000,60.000000,4.737854,-0.262146,,,359.999969,-134.999222,479.999939,179.999481,-50.000015,-179.999451,359.983612,-134.999695,479.980591,179.998596,-73.806755,-179.998596,0.602421,-0.010546,0.503763,0.004677,4.737854,0.008509,
feedback,4.944066,1786352453600,7,Ry,5.000000,60.000000,4.799652,-0.200348,,,359.999969,-134.999222,479.999939,179.999481,-50.000015,-179.999451,359.988953,-134.999863,479.981689,179.998703,-73.845100,-179.998596,0.750669,0.065192,0.030805,0.002772,4.799652,0.028834,
feedback,4.953057,1786352453608,7,Ry,5.000000,60.000000,4.902649,-0.097351,,,359.999969,-134.999222,479.999939,179.999481,-50.000015,-179.999451,359.993744,-134.998962,479.982452,179.998749,-73.883774,-179.998672,0.602982,0.031640,-0.099253,-0.000890,4.902649,-0.021696,
feedback,4.960614,1786352453617,7,Ry,5.000000,60.000000,4.930115,-0.069885,,,359.999969,-134.999222,479.999939,179.999481,-50.000015,-179.999451,359.996674,-134.998795,479.979736,179.998550,-73.923073,-179.998444,0.304053,0.043144,-0.455530,0.006584,4.930115,0.008768,
feedback,4.969548,1786352453625,7,Ry,5.000000,60.000000,4.875183,-0.124817,,,359.999969,-134.999222,479.999939,179.999481,-50.000015,-179.999451,359.997284,-134.998840,479.979309,179.998672,-73.962402,-179.998535,0.036501,0.064235,0.102189,0.010379,4.875183,-0.004435,
feedback,4.976970,1786352453634,7,Ry,5.000000,60.000000,4.902649,-0.097351,,,359.999969,-134.999222,479.999939,179.999481,-50.000015,-179.999451,359.995117,-134.999008,479.982605,179.998581,-74.001602,-179.998474,-0.254109,0.032596,0.418252,0.004696,4.902649,0.015359,
feedback,4.985752,1786352453642,7,Ry,5.000000,60.000000,4.950714,-0.049286,,,359.999969,-134.999222,479.999939,179.999481,-50.000015,-179.999451,359.992798,-134.999359,479.990326,179.998764,-74.060432,-179.998718,-0.115559,-0.053689,0.489784,-0.015098,4.950714,-0.004035,
feedback,4.993721,1786352453651,7,Ry,5.000000,60.000000,5.019379,0.019379,,,359.999969,-134.999222,479.999939,179.999481,-50.000015,-179.999451,359.990448,-135.000046,479.996948,179.998764,-74.100533,-179.998825,-0.238046,-0.107376,0.863662,-0.010363,5.019379,-0.002406,
feedback,5.002135,1786352453659,7,Ry,5.000000,60.000000,4.991913,-0.008087,,,359.999969,-134.999222,479.999939,179.999481,-50.000015,-179.999451,359.989929,-135.000397,480.005249,179.998657,-74.140358,-179.998779,0.023305,-0.096830,0.923543,0.004736,4.991913,-0.005251,
feedback,5.010285,1786352453668,7,Ry,5.000000,60.000000,5.094910,0.094910,,,359.999969,-134.999222,479.999939,179.999481,-50.000015,-179.999451,359.990967,-134.999481,480.012360,179.998627,-74.180870,-179.998642,0.254901,0.117923,0.736184,0.012217,5.094910,-0.004214,
feedback,5.018087,1786352453676,7,Ry,5.000000,60.000000,5.129242,0.129242,,,359.999969,-134.999222,479.999939,179.999481,-50.000015,-179.999451,359.995148,-134.999222,480.014740,179.998672,-74.222015,-179.998703,0.520073,0.043143,0.338323,-0.000007,5.129242,0.006866,
feedback,5.026474,1786352453684,7,Ry,5.000000,60.000000,5.156708,0.156708,,,359.999969,-134.999222,479.999939,179.999481,-50.000015,-179.999451,359.997223,-134.998749,480.016296,179.998505,-74.263374,-179.998413,0.042436,-0.032597,0.289791,0.008457,5.156708,-0.011613,
feedback,5.033996,1786352453693,7,Ry,5.000000,60.000000,5.156708,0.156708,,,359.999969,-134.999222,479.999939,179.999481,-50.000015,-179.999451,359.995087,-134.998932,480.018951,179.998795,-74.304436,-179.998749,-0.393282,-0.054648,0.384552,-0.007661,5.156708,-0.037279,
feedback,5.043859,1786352453701,7,Ry,5.000000,60.000000,5.156708,0.156708,,,359.999969,-134.999222,479.999939,179.999481,-50.000015,-179.999451,359.989655,-134.998627,480.022430,179.998611,-74.346024,-179.998489,-0.576561,0.032594,0.440125,0.004742,5.156708,0.015331,
feedback,5.050659,1786352453710,7,Ry,5.000000,60.000000,5.156708,0.156708,,,359.999969,-134.999222,479.999939,179.999481,-50.000015,-179.999451,359.987610,-134.999313,480.024261,179.998718,-74.386971,-179.998688,-0.219211,-0.010546,0.248252,-0.008469,5.156708,0.004765,
feedback,5.059590,1786352453718,7,Ry,5.000000,60.000000,5.067444,0.067444,,,359.999969,-134.999222,479.999939,179.999481,-50.000015,-179.999451,359.986786,-134.999527,480.026642,179.998840,-74.427673,-179.998825,0.038460,0.075737,0.330243,-0.001848,5.067444,0.020347,
feedback,5.067421,1786352453722,7,Ry,5.000000,60.000000,4.936981,-0.063019,,,359.999969,-134.999222,479.999939,179.999481,-50.000015,-179.999451,359.988098,-134.999664,480.030304,179.998901,-74.467392,-179.998947,0.258070,0.022050,0.512291,-0.010296,4.936981,0.018259,
feedback,5.075832,1786352453731,7,Ry,5.000000,60.000000,4.758453,-0.241547,,,359.999969,-134.999222,479.999939,179.999481,-50.000015,-179.999451,359.989624,-134.999878,480.036194,179.998520,-74.506035,-179.998688,0.164707,-0.022050,0.976158,0.010288,4.758453,-0.018266,
feedback,5.084250,1786352453739,7,Ry,5.000000,60.000000,4.820252,-0.179748,,,359.999969,-134.999222,479.999939,179.999481,-50.000015,-179.999451,359.995239,-134.999451,480.038849,179.998764,-74.544792,-179.998810,0.732343,0.032597,0.335354,-0.015071,4.820251,0.009825,
feedback,5.091884,1786352453748,7,Ry,5.000000,60.000000,4.744721,-0.255279,,,359.999969,-134.999222,479.999939,179.999481,-50.000015,-179.999451,360.002228,-134.998932,480.042114,179.998764,-74.582939,-179.998734,0.937011,0.086289,0.349230,-0.013250,4.744720,0.010082,
feedback,5.100041,1786352453756,7,Ry,5.000000,60.000000,4.813385,-0.186615,,,359.999969,-134.999222,479.999939,179.999481,-50.000015,-179.999451,360.008850,-134.998749,480.043793,179.998657,-74.621307,-179.998596,0.744564,-0.086286,0.130673,-0.006634,4.813385,-0.015554,
feedback,5.109137,1786352453765,7,Ry,5.000000,60.000000,4.875183,-0.124817,,,359.999969,-134.999222,479.999939,179.999481,-50.000015,-179.999451,360.014313,-134.999359,480.043060,179.998611,-74.660172,-179.998566,0.567593,-0.171618,-0.163014,-0.007273,4.875183,0.005888,
feedback,5.116237,1786352453773,7,Ry,5.000000,60.000000,4.930115,-0.069885,,,359.999969,-134.999222,479.999939,179.999481,-50.000015,-179.999451,360.017639,-134.999405,480.041534,179.998840,-74.699287,-179.998779,0.458804,-0.085329,-0.383728,-0.007255,4.930115,0.019626,
feedback,5.124680,1786352453782,7,Ry,5.000000,60.000000,5.081177,0.081177,,,359.999969,-134.999222,479.999939,179.999481,-50.000015,-179.999451,360.020721,-134.999619,480.035950,179.998749,-74.739632,-179.998825,0.330837,0.000000,-0.683280,-0.013251,5.081177,-0.003615,
feedback,5.132704,1786352453790,7,Ry,5.000000,60.000000,5.033112,0.033112,,,359.999969,-134.999222,479.999939,179.999481,-50.000015,-179.999451,360.023743,-134.999619,480.031677,179.998550,-74.780228,-179.998611,0.342964,0.032600,-0.218355,0.011446,5.033112,0.017097,
feedback,5.141299,1786352453798,7,Ry,5.000000,60.000000,5.280304,0.280304,,,359.999969,-134.999222,479.999939,179.999481,-50.000015,-179.999451,360.030426,-134.999405,480.022034,179.998413,-74.842575,-179.998474,0.346845,0.096840,-0.821074,0.021673,5.280304,0.012491,
feedback,5.148759,1786352453807,7,Ry,5.000000,60.000000,5.328369,0.328369,,,359.999969,-134.999222,479.999939,179.999481,-50.000015,-179.999451,360.035187,-134.999146,480.012848,179.998672,-74.885315,-179.998627,0.689994,0.117934,-1.186938,0.018619,5.328369,-0.002573,
feedback,5.157563,1786352453815,7,Ry,5.000000,60.000000,5.314636,0.314636,,,359.999969,-134.999222,479.999939,179.999481,-50.000015,-179.999451,360.037842,-134.998932,480.006348,179.998535,-74.927994,-179.998489,0.173913,0.043148,-0.361722,-0.006643,5.314636,0.005081,
feedback,5.165333,1786352453823,7,Ry,5.000000,60.000000,5.287170,0.287170,,,359.999969,-134.999222,479.999939,179.999481,-50.000015,-179.999451,360.036102,-134.999054,480.002899,179.998505,-74.970619,-179.998520,-0.260738,-0.022056,-0.359608,0.010183,5.287170,-0.018349,
feedback,5.174090,1786352453832,7,Ry,5.000000,60.000000,5.136108,0.136108,,,359.999969,-134.999222,479.999939,179.999481,-50.000015,-179.999451,360.033539,-134.999176,480.002258,179.998581,-75.012207,-179.998505,-0.220268,-0.117933,0.009578,0.001296,5.136108,0.007941,
feedback,5.181712,1786352453840,7,Ry,5.000000,60.000000,5.307769,0.307769,,,359.999969,-134.999222,479.999939,179.999481,-50.000015,-179.999451,360.028687,-134.999405,480.002197,179.998505,-75.054611,-179.998566,-0.581854,-0.140949,-0.119168,0.011942,5.307770,-0.045598,
feedback,5.190477,1786352453849,7,Ry,5.000000,60.000000,5.197906,0.197906,,,359.999969,-134.999222,479.999939,179.999481,-50.000015,-179.999451,360.023315,-134.999405,480.004486,179.998489,-75.096169,-179.998550,-0.686070,0.053691,0.279613,0.001761,5.197906,0.000231,
feedback,5.197941,1786352453857,7,Ry,5.000000,60.000000,5.177307,0.177307,,,359.999969,-134.999222,479.999939,179.999481,-50.000015,-179.999451,360.018585,-134.999573,480.004974,179.998596,-75.137802,-179.998688,-0.550128,0.053691,-0.030616,-0.004878,5.177307,-0.001531,
feedback,5.206849,1786352453861,7,Ry,5.000000,60.000000,5.177307,0.177307,,,359.999969,-134.999222,479.999939,179.999481,-50.000015,-179.999451,360.015686,-134.999878,480.005127,179.998672,-75.158516,-179.998718,-0.720166,-0.074783,0.042373,-0.005276,5.177307,0.013046,
feedback,5.214299,1786352453870,7,Ry,5.000000,60.000000,5.191040,0.191040,,,359.999969,-134.999222,479.999939,179.999481,-50.000015,-179.999451,360.013184,-134.999054,480.001434,179.998581,-75.200401,-179.998596,-0.339159,0.117927,-0.335790,-0.008025,5.191040,-0.009691,
feedback,5.223142,1786352453878,7,Ry,5.000000,60.000000,5.177307,0.177307,,,359.999969,-134.999222,479.999939,179.999481,-50.000015,-179.999451,360.013184,-134.998886,479.990540,179.998581,-75.262909,-179.998428,0.011055,0.065197,-0.806315,0.016413,5.177307,0.032254,
feedback,5.230581,1786352453887,7,Ry,5.000000,60.000000,5.026245,0.026245,,,359.999969,-134.999222,479.999939,179.999481,-50.000015,-179.999451,360.010071,-134.998718,479.987976,179.998581,-75.303673,-179.998535,-0.288417,0.171617,-0.278251,0.006954,5.026245,-0.005968,
feedback,5.239513,1786352453895,7,Ry,5.000000,60.000000,4.930115,-0.069885,,,359.999969,-134.999222,479.999939,179.999481,-50.000015,-179.999451,360.007996,-134.999176,479.987030,179.998550,-75.343056,-179.998474,-0.175275,0.032598,-0.225720,0.004896,4.930115,0.015247,
feedback,5.247099,1786352453904,7,Ry,5.000000,60.000000,4.895783,-0.104217,,,359.999969,-134.999222,479.999939,179.999481,-50.000015,-179.999451,360.009125,-134.999054,479.984436,179.998459,-75.382332,-179.998474,0.207284,0.096835,-0.314553,0.008368,4.895782,0.008822,
feedback,5.256657,1786352453912,7,Ry,5.000000,60.000000,5.012512,0.012512,,,359.999969,-134.999222,479.999939,179.999481,-50.000015,-179.999451,360.010010,-134.999481,479.983093,179.998734,-75.421745,-179.998749,0.204309,-0.053690,-0.347959,-0.008378,5.012512,-0.001949,
feedback,5.262986,1786352453920,7,Ry,5.000000,60.000000,4.840851,-0.159149,,,359.999969,-134.999222,479.999939,179.999481,-50.000015,-179.999451,360.011108,-134.999359,479.984528,179.998642,-75.460526,-179.998611,0.160765,0.032599,0.197504,-0.001731,4.840851,0.013513,
feedback,5.271956,1786352453929,7,Ry,5.000000,60.000000,4.765320,-0.234680,,,359.999969,-134.999222,479.999939,179.999481,-50.000015,-179.999451,360.011810,-134.999695,479.986725,179.998428,-75.499008,-179.998444,0.196249,-0.021092,0.358081,0.003207,4.765320,0.015015,
feedback,5.279466,1786352453937,7,Ry,5.000000,60.000000,5.019379,0.019379,,,359.999969,-134.999222,479.999939,179.999481,-50.000015,-179.999451,360.011414,-134.998795,479.987183,179.998505,-75.538803,-179.998398,0.020233,0.054651,0.002185,-0.005159,5.019379,0.033680,
feedback,5.289131,1786352453946,7,Ry,5.000000,60.000000,5.094909,0.094909,,,359.999969,-134.999222,479.999939,179.999481,-50.000015,-179.999451,360.010162,-134.998932,479.988281,179.998581,-75.578659,-179.998535,-0.411277,-0.065198,0.121615,-0.003242,5.094910,-0.028743,
feedback,5.295986,1786352453954,7,Ry,5.000000,60.000000,5.046845,0.046845,,,359.999969,-134.999222,479.999939,179.999481,-50.000015,-179.999451,360.007202,-134.998886,479.989532,179.998444,-75.618927,-179.998474,-0.476986,-0.075743,0.200950,0.014996,5.046844,0.038637,
feedback,5.305430,1786352453963,7,Ry,5.000000,60.000000,5.232239,0.232239,,,359.999969,-134.999222,479.999939,179.999481,-50.000015,-179.999451,359.997284,-134.999008,479.989929,179.998520,-75.681190,-179.998413,-0.931377,0.022048,0.044393,-0.003409,5.232239,0.020173,
feedback,5.312349,1786352453971,7,Ry,5.000000,60.000000,5.280304,0.280304,,,359.999969,-134.999222,479.999939,179.999481,-50.000015,-179.999451,359.988281,-134.999222,479.990570,179.998322,-75.723351,-179.998352,-1.259238,-0.022051,0.257324,0.010033,5.280304,-0.018482,
feedback,5.321227,1786352453979,7,Ry,5.000000,60.000000,5.280304,0.280304,,,359.999969,-134.999222,479.999939,179.999481,-50.000015,-179.999451,359.982452,-134.999664,479.988617,179.998596,-75.765785,-179.998764,-0.708134,0.020136,-0.215507,-0.003181,5.280304,-0.050177,
feedback,5.328645,1786352453988,7,Ry,5.000000,60.000000,5.204773,0.204773,,,359.999969,-134.999222,479.999939,179.999481,-50.000015,-179.999451,359.978760,-134.999878,479.987518,179.998718,-75.807755,-179.998764,-0.339931,0.032595,-0.037248,-0.001683,5.204773,0.013523,
feedback,5.337851,1786352453996,7,Ry,5.000000,60.000000,5.266571,0.266571,,,359.999969,-134.999222,479.999939,179.999481,-50.000015,-179.999451,359.976349,-134.999481,479.985870,179.998474,-75.850021,-179.998489,-0.238557,0.086280,-0.101445,0.006653,5.266571,0.015411,
feedback,5.345362,1786352454000,7,Ry,5.000000,60.000000,5.252838,0.252838,,,359.999969,-134.999222,479.999939,179.999481,-50.000015,-179.999451,359.976379,-134.999191,479.984894,179.998718,-75.871033,-179.998795,0.010744,0.074779,-0.242587,-0.014955,5.252838,-0.018138,
feedback,5.353267,1786352454009,7,Ry,5.000000,60.000000,5.218506,0.218506,,,359.999969,-134.999222,479.999939,179.999481,-50.000015,-179.999451,359.975891,-134.999268,479.983490,179.998764,-75.912949,-179.998795,0.129887,0.010546,-0.201591,-0.004996,5.218506,-0.008331,
feedback,5.361342,1786352454017,7,Ry,5.000000,60.000000,5.280304,0.280304,,,359.999969,-134.999222,479.999939,179.999481,-50.000015,-179.999451,359.975464,-134.999054,479.982849,179.998627,-75.954254,-179.998642,-0.209228,0.010546,-0.251753,-0.005005,5.280304,-0.008328,
feedback,5.370227,1786352454026,7,Ry,5.000000,60.000000,5.033112,0.033112,,,359.999969,-134.999222,479.999939,179.999481,-50.000015,-179.999451,359.974457,-134.998840,479.984558,179.998489,-75.994713,-179.998367,-0.144629,-0.010547,0.386351,0.011648,5.033112,0.009986,
feedback,5.377789,1786352454034,7,Ry,5.000000,60.000000,4.978180,-0.021820,,,359.999969,-134.999222,479.999939,179.999481,-50.000015,-179.999451,359.968201,-134.999176,479.988556,179.998474,-76.054970,-179.998413,-0.561798,-0.107372,0.296848,0.016673,4.978180,0.004560,
feedback,5.385939,1786352454043,7,Ry,5.000000,60.000000,4.978180,-0.021820,,,359.999969,-134.999222,479.999939,179.999481,-50.000015,-179.999451,359.965240,-134.999451,479.988495,179.998749,-76.094963,-179.998795,-0.474752,-0.075732,0.044518,0.001645,4.978180,-0.020398,
feedback,5.394321,1786352454051,7,Ry,5.000000,60.000000,4.820251,-0.179749,,,359.999969,-134.999222,479.999939,179.999481,-50.000015,-179.999451,359.964294,-134.999878,479.988678,179.998917,-76.133911,-179.998962,-0.065918,-0.043139,0.170276,-0.013333,4.820251,-0.010158,
feedback,5.402858,1786352454059,7,Ry,5.000000,60.000000,4.854584,-0.145416,,,359.999969,-134.999222,479.999939,179.999481,-50.000015,-179.999451,359.965424,-134.999786,479.990295,179.998642,-76.172386,-179.998734,0.079634,-0.075732,0.354737,-0.011694,4.854584,-0.023683,
feedback,5.411142,1786352454068,7,Ry,5.000000,60.000000,4.991913,-0.008087,,,359.999969,-134.999222,479.999939,179.999481,-50.000015,-179.999451,359.969330,-134.999481,479.988678,179.998657,-76.211525,-179.998672,0.482794,0.043140,-0.174267,-0.000005,4.991913,0.006866,
feedback,5.419370,1786352454076,7,Ry,5.000000,60.000000,4.888916,-0.111084,,,359.999969,-134.999222,479.999939,179.999481,-50.000015,-179.999451,359.976868,-134.999268,479.985931,179.998734,-76.250610,-179.998764,1.008303,-0.086279,-0.423931,-0.006677,4.888916,-0.015365,
feedback,5.427337,1786352454085,7,Ry,5.000000,60.000000,4.840851,-0.159149,,,359.999969,-134.999222,479.999939,179.999481,-50.000015,-179.999451,359.984161,-134.999359,479.984131,179.998459,-76.289528,-179.998550,0.794780,-0.118877,-0.077794,0.014964,4.840851,-0.024015,
feedback,5.435119,1786352454093,7,Ry,5.000000,60.000000,4.888916,-0.111084,,,359.999969,-134.999222,479.999939,179.999481,-50.000015,-179.999451,359.987854,-134.999268,479.986908,179.998627,-76.328583,-179.998642,0.263652,-0.043141,0.514336,-0.000007,4.888916,-0.006866,
feedback,5.443987,1786352454101,7,Ry,5.000000,60.000000,5.012512,0.012512,,,359.999969,-134.999222,479.999939,179.999481,-50.000015,-179.999451,359.989044,-134.999222,479.990295,179.998474,-76.368271,-179.998520,0.047356,-0.075738,0.621969,0.014957,5.012512,-0.017169,
feedback,5.451614,1786352454110,7,Ry,5.000000,60.000000,5.101776,0.101776,,,359.999969,-134.999222,479.999939,179.999481,-50.000015,-179.999451,359.989288,-134.999481,479.991241,179.998642,-76.408760,-179.998657,-0.045276,-0.096830,0.132004,0.011730,5.101776,-0.003832,
feedback,5.459689,1786352454118,7,Ry,5.000000,60.000000,5.170440,0.170440,,,359.999969,-134.999222,479.999939,179.999481,-50.000015,-179.999451,359.987640,-134.999664,479.990509,179.998520,-76.470749,-179.998703,-0.214841,-0.033553,-0.027644,0.001356,5.170441,-0.048719,
feedback,5.467989,1786352454127,7,Ry,5.000000,60.000000,5.197907,0.197907,,,359.999969,-134.999222,479.999939,179.999481,-50.000015,-179.999451,359.983459,-134.999268,479.993439,179.998596,-76.512276,-179.998627,-0.573030,0.065189,0.445778,-0.009888,5.197906,0.025486,
feedback,5.475963,1786352454135,7,Ry,5.000000,60.000000,5.252838,0.252838,,,359.999969,-134.999222,479.999939,179.999481,-50.000015,-179.999451,359.980713,-134.999451,479.994690,179.998489,-76.554024,-179.998535,-0.157762,-0.043141,-0.024990,-0.006683,5.252838,-0.008463,
feedback,5.484255,1786352454143,7,Ry,5.000000,60.000000,5.225372,0.225372,,,359.999969,-134.999222,479.999939,179.999481,-50.000015,-179.999451,359.980316,-134.999100,479.994385,179.998474,-76.595718,-179.998474,-0.119631,-0.010546,-0.036199,-0.001602,5.225372,0.006679,
feedback,5.492749,1786352454147,7,Ry,5.000000,60.000000,5.191040,0.191040,,,359.999969,-134.999222,479.999939,179.999481,-50.000015,-179.999451,359.980621,-134.998840,479.994019,179.998428,-76.616486,-179.998444,0.073699,0.064233,-0.089039,0.003166,5.191040,-0.006494,
feedback,5.500724,1786352454156,7,Ry,5.000000,60.000000,5.149841,0.149841,,,359.999969,-134.999222,479.999939,179.999481,-50.000015,-179.999451,359.980804,-134.998795,479.995209,179.998505,-76.658424,-179.998413,0.210235,0.086282,0.349340,-0.006696,5.149841,0.012148,
feedback,5.509430,1786352454164,7,Ry,5.000000,60.000000,5.115509,0.115509,,,359.999969,-134.999222,479.999939,179.999481,-50.000015,-179.999451,359.981445,-134.999146,479.998260,179.998489,-76.699432,-179.998459,0.151633,-0.043141,0.301820,0.020037,5.115509,-0.002127,
feedback,5.517283,1786352454173,7,Ry,5.000000,60.000000,5.039978,0.039978,,,359.999969,-134.999222,479.999939,179.999481,-50.000015,-179.999451,359.984253,-134.999405,480.002136,179.998444,-76.739807,-179.998505,0.560715,0.064234,0.346315,0.009829,5.039978,-0.004925,
feedback,5.525210,1786352454181,7,Ry,5.000000,60.000000,4.998779,-0.001221,,,359.999969,-134.999222,479.999939,179.999481,-50.000015,-179.999451,359.989166,-134.999451,480.004639,179.998459,-76.779739,-179.998505,0.792720,0.032597,0.040661,-0.008260,4.998779,0.011981,
feedback,5.533474,1786352454190,7,Ry,5.000000,60.000000,5.026245,0.026245,,,359.999969,-134.999222,479.999939,179.999481,-50.000015,-179.999451,359.994843,-134.999481,480.005371,179.998489,-76.819649,-179.998505,0.892690,-0.031637,-0.166441,0.015355,5.026245,0.024754,
feedback,5.542319,1786352454198,7,Ry,5.000000,60.000000,5.012512,0.012512,,,359.999969,-134.999222,479.999939,179.999481,-50.000015,-179.999451,360.000275,-134.999313,480.003845,179.998474,-76.859581,-179.998474,0.684963,-0.021091,-0.359411,-0.003129,5.012512,0.013373,
feedback,5.549724,1786352454206,7,Ry,5.000000,60.000000,4.964447,-0.035553,,,359.999969,-134.999222,479.999939,179.999481,-50.000015,-179.999451,360.011444,-134.999100,479.994476,179.998566,-76.919403,-179.998550,1.114981,0.021094,-0.870793,-0.003590,4.964447,-0.014931,
feedback,5.558551,1786352454215,7,Ry,5.000000,60.000000,4.875183,-0.124817,,,359.999969,-134.999222,479.999939,179.999481,-50.000015,-179.999451,360.018707,-134.999222,479.989716,179.998291,-76.958572,-179.998337,0.708058,-0.096836,-0.384239,0.011822,4.875183,-0.003945,
feedback,5.566044,1786352454223,7,Ry,5.000000,60.000000,4.861450,-0.138550,,,359.999969,-134.999222,479.999939,179.999481,-50.000015,-179.999451,360.024506,-134.999008,479.987396,179.998505,-76.997734,-179.998550,0.556345,0.031639,0.015436,-0.002065,4.861450,-0.021616,
feedback,5.575050,1786352454231,7,Ry,5.000000,60.000000,4.854584,-0.145416,,,359.999969,-134.999222,479.999939,179.999481,-50.000015,-179.999451,360.027283,-134.999481,479.987030,179.998581,-77.036491,-179.998596,0.302912,-0.096839,-0.091437,-0.008236,4.854584,-0.008582,
feedback,5.582467,1786352454240,7,Ry,5.000000,60.000000,4.875183,-0.124817,,,359.999969,-134.999222,479.999939,179.999481,-50.000015,-179.999451,360.030151,-134.999222,479.987579,179.998398,-77.075302,-179.998444,0.277322,-0.022054,0.053187,0.003065,4.875183,-0.020251,
feedback,5.591189,1786352454248,7,Ry,5.000000,60.000000,4.991913,-0.008087,,,359.999969,-134.999222,479.999939,179.999481,-50.000015,-179.999451,360.031281,-134.999786,479.988831,179.998306,-77.114822,-179.998398,-0.132114,-0.043147,0.368674,0.006694,4.991913,-0.005335,
feedback,5.598896,1786352454257,7,Ry,5.000000,60.000000,4.833985,-0.166015,,,359.999969,-134.999222,479.999939,179.999481,-50.000015,-179.999451,360.032745,-134.999695,479.994659,179.998474,-77.153854,-179.998489,0.274420,0.054656,0.853911,-0.017971,4.833984,0.030763,
feedback,5.607479,1786352454265,7,Ry,5.000000,60.000000,5.019379,0.019379,,,359.999969,-134.999222,479.999939,179.999481,-50.000015,-179.999451,360.034515,-134.999268,479.998718,179.998291,-77.193840,-179.998306,0.162661,0.139988,0.580342,0.014906,5.019379,0.016948,
feedback,5.615194,1786352454273,7,Ry,5.000000,60.000000,5.142975,0.142975,,,359.999969,-134.999222,479.999939,179.999481,-50.000015,-179.999451,360.037445,-134.999176,479.999481,179.998703,-77.234764,-179.998642,0.357617,-0.042184,-0.047450,-0.012775,5.142975,0.025270,
feedback,5.623827,1786352454282,7,Ry,5.000000,60.000000,5.211639,0.211639,,,359.999969,-134.999222,479.999939,179.999481,-50.000015,-179.999451,360.040161,-134.999176,479.997223,179.998581,-77.276566,-179.998520,0.251941,0.053695,-0.179001,-0.005196,5.211639,-0.001344,
feedback,5.631657,1786352454290,7,Ry,5.000000,60.000000,5.239105,0.239105,,,359.999969,-134.999222,479.999939,179.999481,-50.000015,-179.999451,360.033600,-134.999100,479.999969,179.998627,-77.339600,-179.998489,-0.701254,-0.021094,0.339709,-0.009722,5.239105,0.011894,
feedback,5.640252,1786352454299,7,Ry,5.000000,60.000000,5.225372,0.225372,,,359.999969,-134.999222,479.999939,179.999481,-50.000015,-179.999451,360.028229,-134.999435,480.003632,179.998627,-77.381294,-179.998535,-0.536633,-0.053693,0.417806,-0.008208,5.225372,-0.001666,
feedback,5.647842,1786352454303,7,Ry,5.000000,60.000000,5.204773,0.204773,,,359.999969,-134.999222,479.999939,179.999481,-50.000015,-179.999451,360.027557,-134.999573,480.003967,179.998474,-77.402115,-179.998428,-0.168775,-0.032601,0.086741,0.008194,5.204773,-0.012070,
feedback,5.656563,1786352454311,7,Ry,5.000000,60.000000,5.204773,0.204773,,,359.999969,-134.999222,479.999939,179.999481,-50.000015,-179.999451,360.024994,-134.999664,480.005249,179.998413,-77.443672,-179.998459,-0.276678,0.053692,0.046018,0.008192,5.204773,0.001657,
feedback,5.664023,1786352454320,7,Ry,5.000000,60.000000,5.033111,0.033111,,,359.999969,-134.999222,479.999939,179.999481,-50.000015,-179.999451,360.023926,-134.999481,480.006622,179.998276,-77.484596,-179.998291,-0.174681,0.074784,0.382689,0.017866,5.033112,-0.010267,
feedback,5.673058,1786352454328,7,Ry,5.000000,60.000000,5.033112,0.033112,,,359.999969,-134.999222,479.999939,179.999481,-50.000015,-179.999451,360.022552,-134.999222,480.007904,179.998474,-77.525742,-179.998520,-0.034625,0.183130,0.248140,-0.005228,5.033112,0.019278,
feedback,5.680584,1786352454337,7,Ry,5.000000,60.000000,5.088043,0.088043,,,359.999969,-134.999222,479.999939,179.999481,-50.000015,-179.999451,360.022339,-134.999664,480.007202,179.998398,-77.566994,-179.998444,0.102979,-0.086292,-0.051926,0.006703,5.088043,-0.012255,
feedback,5.689247,1786352454345,7,Ry,5.000000,60.000000,5.005646,0.005646,,,359.999969,-134.999222,479.999939,179.999481,-50.000015,-179.999451,360.023407,-134.999359,480.004456,179.998535,-77.607727,-179.998505,0.293479,-0.117930,-0.330590,-0.017841,5.005646,0.003439,
feedback,5.696771,1786352454353,7,Ry,5.000000,60.000000,4.895783,-0.104217,,,359.999969,-134.999222,479.999939,179.999481,-50.000015,-179.999451,360.024200,-134.998886,480.004425,179.998566,-77.647552,-179.998428,0.286956,0.022055,-0.167394,-0.009659,4.895782,0.018813,
feedback,5.705676,1786352454362,7,Ry,5.000000,60.000000,4.909515,-0.090485,,,359.999969,-134.999222,479.999939,179.999481,-50.000015,-179.999451,360.023743,-134.999054,480.004639,179.998199,-77.687317,-179.998215,0.012365,0.021092,0.025117,0.002919,4.909515,-0.013417,
feedback,5.713427,1786352454370,7,Ry,5.000000,60.000000,4.964447,-0.035553,,,359.999969,-134.999222,479.999939,179.999481,-50.000015,-179.999451,360.025024,-134.999619,480.003052,179.998352,-77.745575,-179.998413,-0.048137,-0.043146,-0.207629,-0.000002,4.964447,-0.006866,
feedback,5.722384,1786352454379,7,Ry,5.000000,60.000000,4.895783,-0.104217,,,359.999969,-134.999222,479.999939,179.999481,-50.000015,-179.999451,360.025330,-134.999741,480.002106,179.998428,-77.784683,-179.998413,0.074065,-0.064238,-0.185162,-0.009619,4.895782,0.005103,
feedback,5.729750,1786352454387,7,Ry,5.000000,60.000000,4.998779,-0.001221,,,359.999969,-134.999222,479.999939,179.999481,-50.000015,-179.999451,360.026093,-134.999664,479.997009,179.998230,-77.824570,-179.998276,0.073785,0.043146,-0.718108,-0.000002,4.998779,0.006866,
feedback,5.738521,1786352454395,7,Ry,5.000000,60.000000,5.108643,0.108643,,,359.999969,-134.999222,479.999939,179.999481,-50.000015,-179.999451,360.026855,-134.999695,479.991119,179.998260,-77.864967,-179.998276,0.026787,-0.042184,-0.808817,-0.012489,5.108643,0.025409,
feedback,5.746214,1786352454404,7,Ry,5.000000,60.000000,5.149841,0.149841,,,359.999969,-134.999222,479.999939,179.999481,-50.000015,-179.999451,360.027832,-134.999054,479.984497,179.998413,-77.906029,-179.998291,0.038282,0.043147,-0.860350,-0.000012,5.149841,0.006866,
feedback,5.754951,1786352454412,7,Ry,5.000000,60.000000,5.156708,0.156708,,,359.999969,-134.999222,479.999939,179.999481,-50.000015,-179.999451,360.029327,-134.999054,479.978668,179.998291,-77.947067,-179.998306,0.182542,-0.022054,-0.812209,0.009573,5.156708,-0.018863,
feedback,5.762416,1786352454420,7,Ry,5.000000,60.000000,5.218506,0.218506,,,359.999969,-134.999222,479.999939,179.999481,-50.000015,-179.999451,360.028625,-134.999008,479.975861,179.998108,-77.988510,-179.998016,-0.132660,-0.064239,-0.341190,0.010562,5.218506,0.009424,
feedback,5.771283,1786352454429,7,Ry,5.000000,60.000000,5.156708,0.156708,,,359.999969,-134.999222,479.999939,179.999481,-50.000015,-179.999451,360.024506,-134.999176,479.976746,179.998230,-78.029900,-179.998169,-0.552251,-0.000001,0.254969,-0.000010,5.156708,0.000000,
feedback,5.778790,1786352454437,7,Ry,5.000000,60.000000,5.149841,0.149841,,,359.999969,-134.999222,479.999939,179.999481,-50.000015,-179.999451,360.018005,-134.999695,479.980347,179.998352,-78.071098,-179.998383,-0.886872,-0.096837,0.449012,-0.001422,5.149841,-0.007015,
feedback,5.788199,1786352454446,7,Ry,5.000000,60.000000,5.142975,0.142975,,,359.999969,-134.999222,479.999939,179.999481,-50.000015,-179.999451,360.012909,-134.999832,479.984894,179.998322,-78.112434,-179.998398,-0.717512,-0.107382,0.651818,-0.016267,5.142975,-0.003123,
feedback,5.795166,1786352454454,7,Ry,5.000000,60.000000,5.129242,0.129242,,,359.999969,-134.999222,479.999939,179.999481,-50.000015,-179.999451,360.006561,-134.999695,479.990143,179.998352,-78.153496,-179.998367,-0.911585,0.043144,0.748598,-0.006723,5.129242,0.005457,
feedback,5.804235,1786352454462,7,Ry,5.000000,60.000000,5.197906,0.197906,,,359.999969,-134.999222,479.999939,179.999481,-50.000015,-179.999451,359.998230,-134.999008,479.995728,179.997833,-78.215408,-179.997879,-0.591768,0.182158,0.207709,0.020445,5.197906,-0.010205,
feedback,5.811616,1786352454471,7,Ry,5.000000,60.000000,5.259705,0.259705,,,359.999969,-134.999222,479.999939,179.999481,-50.000015,-179.999451,359.995361,-134.998962,479.994507,179.998306,-78.257294,-179.998245,-0.244936,0.010546,-0.365653,-0.005338,5.259705,-0.008120,
feedback,5.820590,1786352454479,7,Ry,5.000000,60.000000,5.321503,0.321503,,,359.999969,-134.999222,479.999939,179.999481,-50.000015,-179.999451,359.993958,-134.999176,479.989197,179.998459,-78.299614,-179.998398,-0.100712,-0.043143,-0.923386,-0.020182,5.321503,-0.011044,
feedback,5.827964,1786352454483,7,Ry,5.000000,60.000000,5.252838,0.252838,,,359.999969,-134.999222,479.999939,179.999481,-50.000015,-179.999451,359.993225,-134.999146,479.987061,179.998291,-78.320625,-179.998260,-0.183971,0.010546,-0.533137,0.008104,5.252838,-0.005334,
feedback,5.836229,1786352454492,7,Ry,5.000000,60.000000,5.177307,0.177307,,,359.999969,-134.999222,479.999939,179.999481,-50.000015,-179.999451,359.989410,-134.999435,479.983124,179.998108,-78.362511,-179.998016,-0.555732,-0.150519,-0.289630,0.003948,5.177307,-0.005764,
feedback,5.844334,1786352454500,7,Ry,5.000000,60.000000,5.115509,0.115509,,,359.999969,-134.999222,479.999939,179.999481,-50.000015,-179.999451,359.985168,-134.999695,479.980988,179.998184,-78.403572,-179.998199,-0.546677,-0.108332,-0.317471,0.002758,5.115509,-0.034052,
feedback,5.852641,1786352454508,7,Ry,5.000000,60.000000,5.074310,0.074310,,,359.999969,-134.999222,479.999939,179.999481,-50.000015,-179.999451,359.984589,-134.999619,479.977570,179.998245,-78.444000,-179.998322,-0.015567,-0.075737,-0.574796,-0.005354,5.074310,-0.021836,
feedback,5.860779,1786352454517,7,Ry,5.000000,60.000000,4.916382,-0.083618,,,359.999969,-134.999222,479.999939,179.999481,-50.000015,-179.999451,359.985657,-134.999832,479.975311,179.997864,-78.483688,-179.997940,0.116374,-0.064234,-0.200419,0.010715,4.916382,0.009332,
feedback,5.868935,1786352454525,7,Ry,5.000000,60.000000,4.792786,-0.207214,,,359.999969,-134.999222,479.999939,179.999481,-50.000015,-179.999451,359.988739,-134.999664,479.975372,179.998138,-78.522476,-179.998184,0.402010,0.000000,0.194771,-0.000002,4.792786,0.000000,
feedback,5.877278,1786352454534,7,Ry,5.000000,60.000000,4.785919,-0.214081,,,359.999969,-134.999222,479.999939,179.999481,-50.000015,-179.999451,359.990753,-134.999405,479.976685,179.998199,-78.560951,-179.998276,0.232478,-0.097788,0.225391,0.004081,4.785919,-0.040790,
feedback,5.885469,1786352454542,7,Ry,5.000000,60.000000,4.799652,-0.200348,,,359.999969,-134.999222,479.999939,179.999481,-50.000015,-179.999451,359.994385,-134.998795,479.980347,179.998367,-78.598991,-179.998138,0.392913,-0.042183,0.251205,0.001286,4.799652,0.028281,
feedback,5.894453,1786352454550,7,Ry,5.000000,60.000000,4.868317,-0.131683,,,359.999969,-134.999222,479.999939,179.999481,-50.000015,-179.999451,359.997162,-134.998886,479.983948,179.998169,-78.656754,-179.998016,0.183578,0.010547,0.226088,0.008069,4.868317,-0.005382,
feedback,5.901759,1786352454559,7,Ry,5.000000,60.000000,4.971313,-0.028687,,,359.999969,-134.999222,479.999939,179.999481,-50.000015,-179.999451,359.996429,-134.998886,479.984619,179.997879,-78.696686,-179.997726,-0.249320,-0.000001,0.230652,0.006719,4.971313,0.001346,
feedback,5.909958,1786352454567,7,Ry,5.000000,60.000000,5.039978,0.039978,,,359.999969,-134.999222,479.999939,179.999481,-50.000015,-179.999451,359.994476,-134.999695,479.985077,179.998260,-78.736679,-179.998291,-0.174176,-0.128470,-0.071690,-0.018835,5.039978,0.010522,
feedback,5.918236,1786352454576,7,Ry,5.000000,60.000000,5.142975,0.142975,,,359.999969,-134.999222,479.999939,179.999481,-50.000015,-179.999451,359.989868,-134.999695,479.985657,179.998260,-78.777603,-179.998276,-0.504775,0.032596,0.080683,-0.008074,5.142975,0.012265,
feedback,5.926295,1786352454584,7,Ry,5.000000,60.000000,5.122375,0.122375,,,359.999969,-134.999222,479.999939,179.999481,-50.000015,-179.999451,359.987549,-135.000092,479.984406,179.998138,-78.818993,-179.998184,-0.103195,0.010546,-0.183680,0.001334,5.122375,-0.006736,
feedback,5.934635,1786352454592,7,Ry,5.000000,60.000000,5.245972,0.245972,,,359.999969,-134.999222,479.999939,179.999481,-50.000015,-179.999451,359.985413,-134.999573,479.983368,179.998413,-78.861237,-179.998383,-0.171837,0.065190,-0.086384,0.004079,5.245972,0.028534,
feedback,5.942941,1786352454601,7,Ry,5.000000,60.000000,5.300904,0.300904,,,359.999969,-134.999222,479.999939,179.999481,-50.000015,-179.999451,359.985779,-134.999176,479.980255,179.998093,-78.903641,-179.998032,0.091961,0.000957,-0.436773,-0.012034,5.300903,0.032497,
feedback,5.951101,1786352454609,7,Ry,5.000000,60.000000,5.335236,0.335236,,,359.999969,-134.999222,479.999939,179.999481,-50.000015,-179.999451,359.988586,-134.999176,479.975281,179.998367,-78.946053,-179.998322,0.545649,0.021093,-0.804217,-0.017594,5.335236,-0.017428,
feedback,5.959827,1786352454617,7,Ry,5.000000,60.000000,5.300903,0.300903,,,359.999969,-134.999222,479.999939,179.999481,-50.000015,-179.999451,359.991913,-134.998932,479.971405,179.998169,-78.988457,-179.998138,0.411946,0.031639,-0.424713,0.003922,5.300903,-0.020220,
feedback,5.967406,1786352454626,7,Ry,5.000000,60.000000,5.170441,0.170441,,,359.999969,-134.999222,479.999939,179.999481,-50.000015,-179.999451,359.994385,-134.999008,479.971222,179.998215,-79.030182,-179.998123,0.250666,-0.075738,0.180910,0.001294,5.170441,-0.020474,
feedback,5.975974,1786352454634,7,Ry,5.000000,60.000000,5.039978,0.039978,,,359.999969,-134.999222,479.999939,179.999481,-50.000015,-179.999451,359.993591,-134.999435,479.975555,179.998260,-79.070854,-179.998184,-0.168228,-0.107377,0.616783,-0.002611,5.039978,-0.000249,
feedback,5.983936,1786352454643,7,Ry,5.000000,60.000000,5.012512,0.012512,,,359.999969,-134.999222,479.999939,179.999481,-50.000015,-179.999451,359.991882,-134.999741,479.981354,179.998093,-79.131531,-179.998077,-0.181229,-0.032596,0.498452,-0.005451,5.012512,-0.014904,
feedback,5.992362,1786352454651,7,Ry,5.000000,60.000000,4.998779,-0.001221,,,359.999969,-134.999222,479.999939,179.999481,-50.000015,-179.999451,359.990753,-134.999878,479.984131,179.998199,-79.171822,-179.998245,-0.086585,-0.000000,0.398268,0.000000,4.998779,0.000000,
feedback,6.000845,1786352454659,7,Ry,5.000000,60.000000,4.861450,-0.138550,,,359.999969,-134.999222,479.999939,179.999481,-50.000015,-179.999451,359.990631,-134.999741,479.986145,179.998108,-79.211319,-179.998245,0.145062,-0.118880,0.300991,0.001285,4.861450,-0.027344,
feedback,6.008630,1786352454663,7,Ry,5.000000,60.000000,5.067444,0.067444,,,359.999969,-134.999222,479.999939,179.999481,-50.000015,-179.999451,359.990021,-134.999619,479.985748,179.997849,-79.231583,-179.997910,-0.157812,0.032596,-0.092763,0.012206,5.067444,0.016178,
feedback,6.016563,1786352454672,7,Ry,5.000000,60.000000,4.950714,-0.049286,,,359.999969,-134.999222,479.999939,179.999481,-50.000015,-179.999451,359.994171,-134.999100,479.984924,179.998093,-79.270782,-179.997940,0.609782,-0.021091,-0.461224,-0.009315,4.950714,0.012215,
feedback,6.025136,1786352454680,7,Ry,5.000000,60.000000,4.998779,-0.001221,,,359.999969,-134.999222,479.999939,179.999481,-50.000015,-179.999451,360.001495,-134.999146,479.979187,179.998291,-79.310333,-179.998260,1.070508,0.107381,-1.012617,-0.004210,4.998779,-0.001035,
feedback,6.033667,1786352454689,7,Ry,5.000000,60.000000,4.950714,-0.049286,,,359.999969,-134.999222,479.999939,179.999481,-50.000015,-179.999451,360.007202,-134.998932,479.974335,179.998398,-79.350075,-179.998383,0.626422,0.043146,-0.570065,-0.020256,4.950714,0.003060,
feedback,6.041581,1786352454697,7,Ry,5.000000,60.000000,4.847717,-0.152283,,,359.999969,-134.999222,479.999939,179.999481,-50.000015,-179.999451,360.010895,-134.999359,479.974762,179.998306,-79.388962,-179.998276,0.373206,-0.031638,0.155059,-0.010549,4.847717,0.018983,
feedback,6.049144,1786352454706,7,Ry,5.000000,60.000000,4.792786,-0.207214,,,359.999969,-134.999222,479.999939,179.999481,-50.000015,-179.999451,360.013611,-134.999481,479.977417,179.998230,-79.427254,-179.998123,0.325279,0.021093,0.301478,0.002513,4.792786,-0.013500,
feedback,6.058201,1786352454714,7,Ry,5.000000,60.000000,4.820251,-0.179749,,,359.999969,-134.999222,479.999939,179.999481,-50.000015,-179.999451,360.018372,-134.999527,479.984009,179.998138,-79.485229,-179.998138,0.331015,0.010546,0.762797,0.001248,4.820251,-0.006751,
feedback,6.065554,1786352454723,7,Ry,5.000000,60.000000,4.847717,-0.152283,,,359.999969,-134.999222,479.999939,179.999481,-50.000015,-179.999451,360.020416,-134.999664,479.989563,179.998108,-79.524261,-179.998154,0.208710,-0.032599,0.849575,0.007998,4.847717,-0.012370,
feedback,6.075725,1786352454731,7,Ry,5.000000,60.000000,4.971314,-0.028686,,,359.999969,-134.999222,479.999939,179.999481,-50.000015,-179.999451,360.020386,-134.999008,479.995972,179.998123,-79.563675,-179.998047,-0.234396,0.193674,0.932889,0.009229,4.971313,0.015204,
feedback,6.083318,1786352454740,7,Ry,5.000000,60.000000,5.026245,0.026245,,,359.999969,-134.999222,479.999939,179.999481,-50.000015,-179.999451,360.018372,-134.998962,480.001740,179.998093,-79.603966,-179.998032,-0.245062,0.021092,0.796867,0.002466,5.026245,-0.013507,
feedback,6.092153,1786352454748,7,Ry,5.000000,60.000000,5.142975,0.142975,,,359.999969,-134.999222,479.999939,179.999481,-50.000015,-179.999451,360.015656,-134.999146,480.005707,179.998093,-79.644974,-179.998062,-0.390831,-0.129436,0.573117,-0.006764,5.142975,-0.021834,
feedback,6.099855,1786352454757,7,Ry,5.000000,60.000000,5.156708,0.156708,,,359.999969,-134.999222,479.999939,179.999481,-50.000015,-179.999451,360.012146,-134.999359,480.010498,179.998260,-79.686119,-179.998230,-0.623687,-0.193672,0.600754,-0.002466,5.156708,-0.013955,
feedback,6.108469,1786352454765,7,Ry,5.000000,60.000000,5.122376,0.122376,,,359.999969,-134.999222,479.999939,179.999481,-50.000015,-179.999451,360.009033,-134.999573,480.014435,179.997971,-79.727234,-179.997940,-0.552594,-0.117927,0.618496,0.003078,5.122375,0.007761,
feedback,6.116028,1786352454773,7,Ry,5.000000,60.000000,5.129242,0.129242,,,359.999969,-134.999222,479.999939,179.999481,-50.000015,-179.999451,360.006134,-134.999481,480.018066,179.997910,-79.768379,-179.997940,-0.455990,-0.032598,0.609200,0.007972,5.129242,-0.012404,
feedback,6.124457,1786352454782,7,Ry,5.000000,60.000000,5.142975,0.142975,,,359.999969,-134.999222,479.999939,179.999481,-50.000015,-179.999451,360.002594,-134.999619,480.021820,179.998138,-79.809631,-179.998077,-0.351829,0.054648,0.410205,-0.003649,5.142975,0.034007,
feedback,6.133227,1786352454790,7,Ry,5.000000,60.000000,5.136108,0.136108,,,359.999969,-134.999222,479.999939,179.999481,-50.000015,-179.999451,360.000916,-134.999527,480.024200,179.998077,-79.871429,-179.998077,0.057767,0.064236,-0.008500,0.015929,5.136108,-0.004237,
feedback,6.141078,1786352454799,7,Ry,5.000000,60.000000,5.060578,0.060578,,,359.999969,-134.999222,479.999939,179.999481,-50.000015,-179.999451,360.002045,-134.999313,480.026306,179.998154,-79.912048,-179.998001,0.129535,0.065195,0.300545,0.004345,5.060577,0.028456,
feedback,6.148656,1786352454807,7,Ry,5.000000,60.000000,5.067444,0.067444,,,359.999969,-134.999222,479.999939,179.999481,-50.000015,-179.999451,360.004944,-134.999008,480.027283,179.998215,-79.952591,-179.998138,0.376216,0.043145,0.165652,-0.000012,5.067444,0.006866,
feedback,6.157503,1786352454816,7,Ry,5.000000,60.000000,4.943848,-0.056152,,,359.999969,-134.999222,479.999939,179.999481,-50.000015,-179.999451,360.009949,-134.998932,480.026764,179.997833,-79.992447,-179.997803,0.751431,0.074785,-0.191799,0.003568,4.943848,-0.013419,
feedback,6.165105,1786352454824,7,Ry,5.000000,60.000000,4.985046,-0.014954,,,359.999969,-134.999222,479.999939,179.999481,-50.000015,-179.999451,360.014130,-134.999222,480.024750,179.997910,-80.032684,-179.997833,0.604643,-0.075742,-0.257998,0.014705,4.985046,-0.018119,
feedback,6.173161,1786352454832,7,Ry,5.000000,60.000000,4.888916,-0.111084,,,359.999969,-134.999222,479.999939,179.999481,-50.000015,-179.999451,360.017822,-134.999405,480.022888,179.997910,-80.071709,-179.997849,0.335763,-0.011506,-0.236848,0.010308,4.888916,-0.025973,
feedback,6.181355,1786352454837,7,Ry,5.000000,60.000000,4.888916,-0.111084,,,359.999969,-134.999222,479.999939,179.999481,-50.000015,-179.999451,360.018341,-134.999695,480.021973,179.997711,-80.091263,-179.997742,0.133173,-0.075745,-0.227689,0.007943,4.888916,-0.019315,
feedback,6.190289,1786352454846,7,Ry,5.000000,60.000000,4.888916,-0.111084,,,359.999969,-134.999222,479.999939,179.999481,-50.000015,-179.999451,360.017487,-135.000046,480.023376,179.997711,-80.130051,-179.997787,-0.184183,-0.096837,-0.023240,-0.001175,4.888916,-0.006968,
feedback,6.198462,1786352454854,7,Ry,5.000000,60.000000,4.785919,-0.214081,,,359.999969,-134.999222,479.999939,179.999481,-50.000015,-179.999451,360.018127,-135.000305,480.025665,179.997757,-80.168716,-179.997803,0.228220,-0.117929,0.499643,-0.003513,4.785919,0.006564,
feedback,6.206455,1786352454862,7,Ry,5.000000,60.000000,4.751587,-0.248413,,,359.999969,-134.999222,479.999939,179.999481,-50.000015,-179.999451,360.021088,-134.999359,480.029938,179.997849,-80.225929,-179.997818,0.294874,0.108345,0.371608,0.004429,4.751587,0.035299,
feedback,6.214734,1786352454871,7,Ry,5.000000,60.000000,4.923248,-0.076752,,,359.999969,-134.999222,479.999939,179.999481,-50.000015,-179.999451,360.021545,-134.999573,480.031891,179.998016,-80.265099,-179.998001,-0.022868,-0.150530,0.292065,-0.015862,4.923248,-0.009386,
feedback,6.223396,1786352454879,7,Ry,5.000000,60.000000,5.033112,0.033112,,,359.999969,-134.999222,479.999939,179.999481,-50.000015,-179.999451,360.023438,-134.998886,480.031036,179.997849,-80.305336,-179.997711,0.158045,-0.043146,-0.074768,0.006754,5.033112,-0.005710,
feedback,6.231089,1786352454888,7,Ry,5.000000,60.000000,5.129242,0.129242,,,359.999969,-134.999222,479.999939,179.999481,-50.000015,-179.999451,360.025269,-134.998886,480.027588,179.998001,-80.346313,-179.997864,0.152574,-0.053692,-0.410833,-0.007935,5.129242,-0.001249,
feedback,6.239757,1786352454896,7,Ry,5.000000,60.000000,5.211639,0.211639,,,359.999969,-134.999222,479.999939,179.999481,-50.000015,-179.999451,360.022430,-134.999405,480.027374,179.998154,-80.388145,-179.998108,-0.325160,-0.065200,-0.120844,-0.004485,5.211639,-0.028420,
feedback,6.247282,1786352454904,7,Ry,5.000000,60.000000,5.115509,0.115509,,,359.999969,-134.999222,479.999939,179.999481,-50.000015,-179.999451,360.017792,-134.999695,480.031525,179.998077,-80.428818,-179.997955,-0.754792,-0.074784,0.500638,-0.010201,5.115509,0.012304,
feedback,6.256263,1786352454913,7,Ry,5.000000,60.000000,5.170441,0.170441,,,359.999969,-134.999222,479.999939,179.999481,-50.000015,-179.999451,360.010406,-134.999619,480.036865,179.997681,-80.469994,-179.997620,-1.028771,0.053690,0.696390,0.001132,5.170441,0.000095,
feedback,6.263615,1786352454921,7,Ry,5.000000,60.000000,5.239105,0.239105,,,359.999969,-134.999222,479.999939,179.999481,-50.000015,-179.999451,360.004456,-134.999527,480.037750,179.998062,-80.511963,-179.997925,-0.819762,0.086286,0.175925,-0.006780,5.239105,0.012601,
feedback,6.272669,1786352454930,7,Ry,5.000000,60.000000,5.197907,0.197907,,,359.999969,-134.999222,479.999939,179.999481,-50.000015,-179.999451,359.999115,-134.999832,480.038452,179.998184,-80.553818,-179.998138,-0.733264,0.043143,0.212824,-0.006776,5.197906,0.005740,
feedback,6.280020,1786352454938,7,Ry,5.000000,60.000000,5.074310,0.074310,,,359.999969,-134.999222,479.999939,179.999481,-50.000015,-179.999451,359.990692,-134.998932,480.039368,179.997864,-80.616440,-179.997849,-0.584341,0.171609,0.360669,0.004466,5.074310,-0.006499,
feedback,6.289365,1786352454947,7,Ry,5.000000,60.000000,5.225372,0.225372,,,359.999969,-134.999222,479.999939,179.999481,-50.000015,-179.999451,359.984283,-134.999313,480.038086,179.997833,-80.658844,-179.997696,-0.833076,-0.064235,-0.016146,-0.002239,5.225372,0.006684,
feedback,6.296288,1786352454955,7,Ry,5.000000,60.000000,5.122376,0.122376,,,359.999969,-134.999222,479.999939,179.999481,-50.000015,-179.999451,359.980530,-134.999313,480.035034,179.997986,-80.700378,-179.997849,-0.240698,0.022048,-0.371433,-0.009005,5.122375,0.019309,
feedback,6.305457,1786352454964,7,Ry,5.000000,60.000000,5.074310,0.074310,,,359.999969,-134.999222,479.999939,179.999481,-50.000015,-179.999451,359.978058,-134.999405,480.031799,179.997925,-80.741821,-179.997864,-0.085341,-0.075735,-0.524854,-0.005680,5.074310,-0.021615,
feedback,6.313389,1786352454972,7,Ry,5.000000,60.000000,5.081177,0.081177,,,359.999969,-134.999222,479.999939,179.999481,-50.000015,-179.999451,359.975555,-134.999649,480.029968,179.997635,-80.783073,-179.997543,-0.115440,-0.043140,-0.222880,0.013551,5.081177,-0.004667,
feedback,6.322268,1786352454980,7,Ry,5.000000,60.000000,5.012512,0.012512,,,359.999969,-134.999222,479.999939,179.999481,-50.000015,-179.999451,359.975433,-134.999619,480.027954,179.997757,-80.823288,-179.997711,0.037957,0.032594,-0.168392,-0.001100,5.012512,0.013645,
feedback,6.329567,1786352454989,7,Ry,5.000000,60.000000,4.950714,-0.049286,,,359.999969,-134.999222,479.999939,179.999481,-50.000015,-179.999451,359.978729,-134.999908,480.024414,179.997665,-80.862640,-179.997559,0.494548,0.011503,-0.634863,0.010285,4.950714,0.029385,
feedback,6.338296,1786352454993,7,Ry,5.000000,60.000000,4.964447,-0.035553,,,359.999969,-134.999222,479.999939,179.999481,-50.000015,-179.999451,359.980011,-134.999786,480.023346,179.997925,-80.882500,-179.997894,0.323417,0.031639,-0.264759,-0.010298,4.964447,-0.022515,
feedback,6.345975,1786352455001,7,Ry,5.000000,60.000000,4.936981,-0.063019,,,359.999969,-134.999222,479.999939,179.999481,-50.000015,-179.999451,359.985840,-134.999573,480.018585,179.997711,-80.921776,-179.997681,0.732590,-0.000956,-0.663261,0.011109,4.936981,-0.032905,
feedback,6.354685,1786352455010,7,Ry,5.000000,60.000000,5.060578,0.060578,,,359.999969,-134.999222,479.999939,179.999481,-50.000015,-179.999451,359.992645,-134.999481,480.012390,179.997925,-80.961655,-179.997818,0.782326,-0.031637,-0.791761,-0.003243,5.060577,0.020344,
feedback,6.362413,1786352455018,7,Ry,5.000000,60.000000,5.019379,0.019379,,,359.999969,-134.999222,479.999939,179.999481,-50.000015,-179.999451,360.003998,-134.999268,479.999023,179.997711,-81.021751,-179.997604,1.134883,-0.031636,-1.457414,0.003558,5.019379,0.021419,
feedback,6.371095,1786352455027,7,Ry,5.000000,60.000000,5.163574,0.163574,,,359.999969,-134.999222,479.999939,179.999481,-50.000015,-179.999451,360.010162,-134.999405,479.988647,179.997498,-81.063065,-179.997437,0.690288,-0.151484,-1.347799,0.008909,5.163574,-0.039965,
feedback,6.378677,1786352455035,7,Ry,5.000000,60.000000,5.191040,0.191040,,,359.999969,-134.999222,479.999939,179.999481,-50.000015,-179.999451,360.011780,-134.999481,479.981903,179.997711,-81.104340,-179.997604,0.225273,-0.064237,-0.954296,0.004653,5.191040,0.007763,
feedback,6.387953,1786352455044,7,Ry,5.000000,60.000000,5.136108,0.136108,,,359.999969,-134.999222,479.999939,179.999481,-50.000015,-179.999451,360.010620,-134.999832,479.977051,179.997711,-81.145515,-179.997650,-0.228161,-0.043145,-0.425823,0.006782,5.136108,-0.005810,
feedback,6.395437,1786352455052,7,Ry,5.000000,60.000000,5.218506,0.218506,,,359.999969,-134.999222,479.999939,179.999481,-50.000015,-179.999451,360.006287,-134.999741,479.974548,179.997635,-81.187424,-179.997635,-0.507294,0.096834,-0.325306,0.007835,5.218506,0.007999,
feedback,6.403327,1786352455061,7,Ry,5.000000,60.000000,5.273437,0.273437,,,359.999969,-134.999222,479.999939,179.999481,-50.000015,-179.999451,360.001526,-134.999619,479.972168,179.997665,-81.229309,-179.997604,-0.668272,0.010545,-0.371971,0.001042,5.273438,-0.006786,
feedback,6.412147,1786352455069,7,Ry,5.000000,60.000000,5.225372,0.225372,,,359.999969,-134.999222,479.999939,179.999481,-50.000015,-179.999451,359.996765,-134.999313,479.972412,179.997314,-81.271141,-179.997177,-0.723927,0.075738,0.267896,0.012522,5.225372,0.022604,
feedback,6.419594,1786352455077,7,Ry,5.000000,60.000000,5.287171,0.287171,,,359.999969,-134.999222,479.999939,179.999481,-50.000015,-179.999451,359.990570,-134.998886,479.974121,179.997787,-81.313385,-179.997650,-0.850075,0.129424,0.269334,-0.006803,5.287170,0.019562,
feedback,6.428347,1786352455086,7,Ry,5.000000,60.000000,5.342102,0.342102,,,359.999969,-134.999222,479.999939,179.999481,-50.000015,-179.999451,359.988251,-134.999008,479.973114,179.997574,-81.355682,-179.997482,0.000530,-0.032596,-0.564220,0.001019,5.342102,-0.013655,
feedback,6.436766,1786352455094,7,Ry,5.000000,60.000000,5.287171,0.287171,,,359.999969,-134.999222,479.999939,179.999481,-50.000015,-179.999451,359.989319,-134.998917,479.970245,179.997437,-81.398010,-179.997269,0.176005,0.022050,-0.348028,-0.002069,5.287170,0.020445,
feedback,6.445071,1786352455103,7,Ry,5.000000,60.000000,5.136108,0.136108,,,359.999969,-134.999222,479.999939,179.999481,-50.000015,-179.999451,359.989685,-134.999146,479.968506,179.996964,-81.460602,-179.996933,-0.028606,0.107376,0.265270,0.029191,5.136108,0.004231,
feedback,6.452426,1786352455111,7,Ry,5.000000,60.000000,5.081177,0.081177,,,359.999969,-134.999222,479.999939,179.999481,-50.000015,-179.999451,359.988464,-134.999481,479.972900,179.997681,-81.501198,-179.997711,-0.137751,0.074780,0.461578,0.003039,5.081177,-0.013507,
feedback,6.460706,1786352455119,7,Ry,5.000000,60.000000,5.142975,0.142975,,,359.999969,-134.999222,479.999939,179.999481,-50.000015,-179.999451,359.987305,-134.999146,479.973907,179.997681,-81.542068,-179.997650,-0.084649,0.097786,-0.058919,-0.003040,5.142975,0.040975,
feedback,6.469162,1786352455128,7,Ry,5.000000,60.000000,5.094910,0.094910,,,359.999969,-134.999222,479.999939,179.999481,-50.000015,-179.999451,359.987457,-134.999832,479.973480,179.997284,-81.582825,-179.997375,0.089431,-0.096830,-0.108103,0.005787,5.094910,-0.005935,
feedback,6.477824,1786352455136,7,Ry,5.000000,60.000000,5.067444,0.067444,,,359.999969,-134.999222,479.999939,179.999481,-50.000015,-179.999451,359.987305,-134.999359,479.972839,179.997498,-81.623116,-179.997467,0.132317,-0.010546,-0.321641,-0.001008,5.067444,0.006793,
feedback,6.485314,1786352455145,7,Ry,5.000000,60.000000,4.957581,-0.042419,,,359.999969,-134.999222,479.999939,179.999481,-50.000015,-179.999451,359.987762,-134.998795,479.972900,179.997635,-81.662613,-179.997559,-0.093383,0.053688,-0.041645,0.000981,4.957581,0.000073,
feedback,6.493990,1786352455149,7,Ry,5.000000,60.000000,4.950714,-0.049286,,,359.999969,-134.999222,479.999939,179.999481,-50.000015,-179.999451,359.988342,-134.999176,479.971619,179.997482,-81.682419,-179.997421,0.144422,-0.096829,-0.316918,0.005791,4.950714,-0.005945,
feedback,6.501594,1786352455157,7,Ry,5.000000,60.000000,4.930115,-0.069885,,,359.999969,-134.999222,479.999939,179.999481,-50.000015,-179.999451,359.991486,-134.999146,479.966980,179.998001,-81.721886,-179.997986,0.417337,-0.075737,-0.594588,-0.019406,4.930115,-0.023494,
feedback,6.510112,1786352455165,7,Ry,5.000000,60.000000,4.943848,-0.056152,,,359.999969,-134.999222,479.999939,179.999481,-50.000015,-179.999451,359.994720,-134.998962,479.963257,179.997803,-81.761459,-179.997757,0.378710,-0.021091,-0.481922,-0.015571,4.943848,0.011623,
feedback,6.518194,1786352455174,7,Ry,5.000000,60.000000,4.847717,-0.152283,,,359.999969,-134.999222,479.999939,179.999481,-50.000015,-179.999451,359.997162,-134.999222,479.959961,179.997650,-81.800682,-179.997574,0.349448,0.022051,-0.324770,-0.001968,4.847717,0.020459,
feedback,6.526512,1786352455182,7,Ry,5.000000,60.000000,4.909515,-0.090485,,,359.999969,-134.999222,479.999939,179.999481,-50.000015,-179.999451,359.999756,-134.999832,479.958801,179.997589,-81.859818,-179.997665,0.136734,-0.075740,0.165208,0.007770,4.909515,-0.019558,
feedback,6.534526,1786352455191,7,Ry,5.000000,60.000000,4.991913,-0.008087,,,359.999969,-134.999222,479.999939,179.999481,-50.000015,-179.999451,360.000488,-134.999908,479.959656,179.997818,-81.899590,-179.997849,0.189657,-0.193665,0.040879,-0.001935,4.991913,-0.013870,
feedback,6.543337,1786352455199,7,Ry,5.000000,60.000000,4.916382,-0.083618,,,359.999969,-134.999222,479.999939,179.999481,-50.000015,-179.999451,360.001740,-134.999130,479.962097,179.998062,-81.939087,-179.997910,0.238004,0.140936,0.460183,-0.016498,4.916382,0.045936,
feedback,6.550883,1786352455207,7,Ry,5.000000,60.000000,5.081177,0.081177,,,359.999969,-134.999222,479.999939,179.999481,-50.000015,-179.999451,360.002686,-134.999405,479.964996,179.997604,-81.979263,-179.997559,0.151454,-0.010546,0.176106,-0.000965,5.081177,0.006799,
feedback,6.559585,1786352455216,7,Ry,5.000000,60.000000,5.108643,0.108643,,,359.999969,-134.999222,479.999939,179.999481,-50.000015,-179.999451,360.002777,-134.999130,479.968781,179.997650,-82.019859,-179.997482,-0.041285,-0.000000,0.370022,0.006788,5.108643,0.000953,
feedback,6.567669,1786352455224,7,Ry,5.000000,60.000000,5.060577,0.060577,,,359.999969,-134.999222,479.999939,179.999481,-50.000015,-179.999451,360.002258,-134.999100,479.972839,179.997604,-82.060593,-179.997482,-0.037566,-0.086287,0.656485,-0.000012,5.060577,-0.013733,
feedback,6.575989,1786352455232,7,Ry,5.000000,60.000000,5.211639,0.211639,,,359.999969,-134.999222,479.999939,179.999481,-50.000015,-179.999451,359.999969,-134.998627,479.975342,179.997818,-82.102234,-179.997589,-0.226255,0.053688,0.101054,0.000924,5.211639,0.000065,
feedback,6.583475,1786352455241,7,Ry,5.000000,60.000000,5.184174,0.184174,,,359.999969,-134.999222,479.999939,179.999481,-50.000015,-179.999451,359.995728,-134.999619,479.977570,179.997787,-82.143814,-179.997742,-0.529141,-0.096832,0.236825,0.005858,5.184174,-0.005992,
feedback,6.593504,1786352455249,7,Ry,5.000000,60.000000,5.094910,0.094910,,,359.999969,-134.999222,479.999939,179.999481,-50.000015,-179.999451,359.990356,-134.999863,479.983215,179.997833,-82.184822,-179.997757,-0.816965,-0.139973,0.897733,0.005867,5.094910,-0.012863,
feedback,6.599927,1786352455258,7,Ry,5.000000,60.000000,5.067444,0.067444,,,359.999969,-134.999222,479.999939,179.999481,-50.000015,-179.999451,359.984436,-135.000168,479.989899,179.997589,-82.225418,-179.997589,-0.647491,-0.107375,0.726680,0.004948,5.067444,0.000803,
feedback,6.608357,1786352455266,7,Ry,5.000000,60.000000,5.067444,0.067444,,,359.999969,-134.999222,479.999939,179.999481,-50.000015,-179.999451,359.979919,-134.999573,479.995758,179.997513,-82.266037,-179.997498,-0.440052,0.075735,0.695873,0.005875,5.067444,0.021461,
feedback,6.616836,1786352455274,7,Ry,5.000000,60.000000,5.033112,0.033112,,,359.999969,-134.999222,479.999939,179.999481,-50.000015,-179.999451,359.975616,-134.999405,480.002136,179.997498,-82.326736,-179.997452,-0.209109,-0.010546,0.494352,-0.000924,5.033112,0.006805,
feedback,6.625554,1786352455283,7,Ry,5.000000,60.000000,5.039978,0.039978,,,359.999969,-134.999222,479.999939,179.999481,-50.000015,-179.999451,359.974579,-134.999054,480.006561,179.997696,-82.366890,-179.997589,0.111671,0.032594,0.264973,-0.014535,5.039978,0.011848,
feedback,6.633348,1786352455291,7,Ry,5.000000,60.000000,4.923248,-0.076752,,,359.999969,-134.999222,479.999939,179.999481,-50.000015,-179.999451,359.977356,-134.999619,480.008301,179.997711,-82.406494,-179.997665,0.457394,-0.150513,0.127576,-0.022238,4.923248,-0.009709,
feedback,6.641732,1786352455300,7,Ry,5.000000,60.000000,4.902649,-0.097351,,,359.999969,-134.999222,479.999939,179.999481,-50.000015,-179.999451,359.984772,-134.998962,480.007294,179.997101,-82.445969,-179.996918,0.900659,0.022052,0.100167,-0.008626,4.902649,0.019578,
feedback,6.649615,1786352455308,7,Ry,5.000000,60.000000,4.840851,-0.159149,,,359.999969,-134.999222,479.999939,179.999481,-50.000015,-179.999451,359.992523,-134.999176,480.006165,179.997009,-82.484970,-179.996948,0.810586,-0.086283,0.076389,0.006798,4.840851,-0.012835,
feedback,6.658331,1786352455316,7,Ry,5.000000,60.000000,4.751587,-0.248413,,,359.999969,-134.999222,479.999939,179.999481,-50.000015,-179.999451,359.997162,-134.999786,480.008942,179.997467,-82.523033,-179.997437,0.435839,-0.117924,0.562708,0.010933,4.751587,0.008478,
feedback,6.665920,1786352455325,7,Ry,5.000000,60.000000,4.758453,-0.241547,,,359.999969,-134.999222,479.999939,179.999481,-50.000015,-179.999451,360.000854,-134.999573,480.011932,179.997208,-82.561073,-179.997192,0.488295,0.000000,0.287066,0.006804,4.758453,0.000889,
feedback,6.674682,1786352455333,7,Ry,5.000000,60.000000,4.847717,-0.152283,,,359.999969,-134.999222,479.999939,179.999481,-50.000015,-179.999451,360.004303,-134.999405,480.011047,179.997406,-82.599937,-179.997360,0.512714,0.043144,-0.131700,-0.006816,4.847717,0.005982,
feedback,6.682235,1786352455338,7,Ry,5.000000,60.000000,4.895782,-0.104218,,,359.999969,-134.999222,479.999939,179.999481,-50.000015,-179.999451,360.006073,-134.999695,480.010040,179.997589,-82.619522,-179.997620,0.441272,-0.075742,-0.251576,-0.005930,4.895782,-0.021425,
feedback,6.690778,1786352455346,7,Ry,5.000000,60.000000,4.930115,-0.069885,,,359.999969,-134.999222,479.999939,179.999481,-50.000015,-179.999451,360.010834,-134.999405,480.008514,179.997177,-82.658745,-179.997116,0.525537,-0.043144,-0.161532,-0.000007,4.930115,-0.006866,
feedback,6.698261,1786352455354,7,Ry,5.000000,60.000000,4.930115,-0.069885,,,359.999969,-134.999222,479.999939,179.999481,-50.000015,-179.999451,360.014435,-134.998703,480.010773,179.997147,-82.718071,-179.996994,0.256212,0.011507,0.287257,-0.009439,4.930115,0.026429,
feedback,6.707358,1786352455363,7,Ry,5.000000,60.000000,5.067444,0.067444,,,359.999969,-134.999222,479.999939,179.999481,-50.000015,-179.999451,360.016968,-134.999222,480.009827,179.997345,-82.758469,-179.997269,0.278482,0.010547,-0.107070,0.000856,5.067444,-0.006812,
feedback,6.714722,1786352455371,7,Ry,5.000000,60.000000,5.163574,0.163574,,,359.999969,-134.999222,479.999939,179.999481,-50.000015,-179.999451,360.018127,-134.999222,480.009460,179.997116,-82.799561,-179.997040,0.017424,0.000000,0.031786,0.006802,5.163574,0.000861,
feedback,6.722982,1786352455380,7,Ry,5.000000,60.000000,5.170441,0.170441,,,359.999969,-134.999222,479.999939,179.999481,-50.000015,-179.999451,360.018372,-134.999481,480.010010,179.997375,-82.840813,-179.997269,-0.008938,-0.172582,0.112654,-0.013633,5.170441,-0.029177,
feedback,6.730952,1786352455388,7,Ry,5.000000,60.000000,5.225372,0.225372,,,359.999969,-134.999222,479.999939,179.999481,-50.000015,-179.999451,360.017273,-134.999786,480.012573,179.997330,-82.882179,-179.997314,-0.337445,-0.074784,0.696149,-0.002555,5.225372,0.013574,
feedback,6.739945,1786352455396,7,Ry,5.000000,60.000000,5.101776,0.101776,,,359.999969,-134.999222,479.999939,179.999481,-50.000015,-179.999451,360.016266,-134.999405,480.016541,179.996628,-82.923264,-179.996567,-0.081304,0.129435,0.570032,0.020435,5.101776,0.023137,
feedback,6.747323,1786352455405,7,Ry,5.000000,60.000000,5.129242,0.129242,,,359.999969,-134.999222,479.999939,179.999481,-50.000015,-179.999451,360.015533,-134.999786,480.019196,179.997086,-82.964493,-179.997055,-0.132106,-0.107382,0.506666,-0.001685,5.129242,-0.000103,
feedback,6.756377,1786352455413,7,Ry,5.000000,60.000000,5.184173,0.184173,,,359.999969,-134.999222,479.999939,179.999481,-50.000015,-179.999451,360.015778,-134.999222,480.020294,179.996811,-83.005997,-179.996735,-0.038982,0.074783,0.137515,0.009314,5.184174,-0.012744,
feedback,6.763716,1786352455421,7,Ry,5.000000,60.000000,5.232239,0.232239,,,359.999969,-134.999222,479.999939,179.999481,-50.000015,-179.999451,360.016693,-134.999130,480.019531,179.996841,-83.047768,-179.996689,0.184273,0.075745,-0.119399,0.005972,5.232239,0.021380,
feedback,6.773086,1786352455430,7,Ry,5.000000,60.000000,5.218506,0.218506,,,359.999969,-134.999222,479.999939,179.999481,-50.000015,-179.999451,360.016907,-134.999359,480.016052,179.996979,-83.089790,-179.996948,0.174744,-0.021092,-0.368215,-0.001660,5.218506,0.013633,
feedback,6.780255,1786352455438,7,Ry,5.000000,60.000000,5.225372,0.225372,,,359.999969,-134.999222,479.999939,179.999481,-50.000015,-179.999451,360.018951,-134.999268,480.009674,179.996780,-83.131866,-179.996674,0.263572,-0.053691,-0.825553,-0.007648,5.225372,-0.000870,
feedback,6.789022,1786352455447,7,Ry,5.000000,60.000000,5.259704,0.259704,,,359.999969,-134.999222,479.999939,179.999481,-50.000015,-179.999451,360.020325,-134.999146,480.000366,179.996902,-83.195038,-179.996872,-0.120673,-0.022054,-0.449433,0.001617,5.259705,-0.020503,
feedback,6.796618,1786352455455,7,Ry,5.000000,60.000000,4.895782,-0.104218,,,359.999969,-134.999222,479.999939,179.999481,-50.000015,-179.999451,360.020996,-134.999741,480.000732,179.996704,-83.234863,-179.996704,0.067534,-0.043146,0.383043,0.020454,4.895782,-0.004440,
feedback,6.805263,1786352455463,7,Ry,5.000000,60.000000,4.916382,-0.083618,,,359.999969,-134.999222,479.999939,179.999481,-50.000015,-179.999451,360.022369,-134.999695,480.000305,179.996887,-83.274307,-179.996918,0.106687,-0.097799,-0.096920,0.009229,4.916382,-0.040253,
feedback,6.812819,1786352455472,7,Ry,5.000000,60.000000,4.833984,-0.166016,,,359.999969,-134.999222,479.999939,179.999481,-50.000015,-179.999451,360.025665,-134.999435,479.999603,179.997162,-83.313065,-179.997086,0.306410,-0.021092,-0.027280,0.012033,4.833984,0.015239,
feedback,6.821817,1786352455480,7,Ry,5.000000,60.000000,4.861450,-0.138550,,,359.999969,-134.999222,479.999939,179.999481,-50.000015,-179.999451,360.027924,-134.998932,479.999237,179.996323,-83.352036,-179.996307,0.145166,0.128478,0.129078,0.009988,4.861450,-0.012753,
feedback,6.829588,1786352455488,7,Ry,5.000000,60.000000,4.888916,-0.111084,,,359.999969,-134.999222,479.999939,179.999481,-50.000015,-179.999451,360.029236,-134.999222,480.000824,179.996628,-83.390732,-179.996552,0.150720,0.010546,0.223215,0.007602,4.888916,-0.006031,
feedback,6.837310,1786352455493,7,Ry,5.000000,60.000000,4.840851,-0.159149,,,359.999969,-134.999222,479.999939,179.999481,-50.000015,-179.999451,360.030701,-134.999054,480.001221,179.997086,-83.410095,-179.996994,0.367567,0.043148,0.099375,-0.013654,4.840851,0.005290,
feedback,6.845393,1786352455502,7,Ry,5.000000,60.000000,4.909515,-0.090485,,,359.999969,-134.999222,479.999939,179.999481,-50.000015,-179.999451,360.035370,-134.998917,479.998871,179.997101,-83.449127,-179.996948,0.815199,-0.021090,-0.614357,-0.008402,4.909515,0.012860,
feedback,6.854256,1786352455510,7,Ry,5.000000,60.000000,5.067444,0.067444,,,359.999969,-134.999222,479.999939,179.999481,-50.000015,-179.999451,360.040802,-134.999054,479.993011,179.997055,-83.489639,-179.996948,0.669435,-0.053693,-0.626579,-0.007613,5.067444,-0.000823,
feedback,6.862033,1786352455518,7,Ry,5.000000,60.000000,5.081177,0.081177,,,359.999969,-134.999222,479.999939,179.999481,-50.000015,-179.999451,360.042633,-134.999527,479.988892,179.996277,-83.550529,-179.996277,-0.114552,-0.000000,-0.151438,0.020464,5.081177,0.002314,
feedback,6.870635,1786352455527,7,Ry,5.000000,60.000000,5.191040,0.191040,,,359.999969,-134.999222,479.999939,179.999481,-50.000015,-179.999451,360.039978,-134.999527,479.987671,179.996735,-83.591621,-179.996750,-0.493285,0.043148,-0.203325,-0.006829,5.191040,0.006100,
feedback,6.878716,1786352455535,7,Ry,5.000000,60.000000,5.225372,0.225372,,,359.999969,-134.999222,479.999939,179.999481,-50.000015,-179.999451,360.036560,-134.999573,479.985596,179.996506,-83.633423,-179.996475,-0.339546,0.032601,-0.294752,0.012882,5.225372,0.015213,
feedback,6.886516,1786352455543,7,Ry,5.000000,60.000000,5.280304,0.280304,,,359.999969,-134.999222,479.999939,179.999481,-50.000015,-179.999451,360.032745,-134.999313,479.983795,179.996918,-83.675613,-179.996933,-0.535906,-0.011510,-0.165633,-0.004563,5.280304,-0.028097,
feedback,6.894773,1786352455552,7,Ry,5.000000,60.000000,5.307770,0.307770,,,359.999969,-134.999222,479.999939,179.999481,-50.000015,-179.999451,360.026855,-134.998932,479.982971,179.996872,-83.718018,-179.996857,-0.866984,0.107383,0.003511,-0.005335,5.307770,-0.000669,
feedback,6.903152,1786352455560,7,Ry,5.000000,60.000000,5.273437,0.273437,,,359.999969,-134.999222,479.999939,179.999481,-50.000015,-179.999451,360.020630,-134.998886,479.982697,179.996567,-83.760147,-179.996582,-0.785993,-0.022055,-0.007995,0.008306,5.273438,-0.019772,
feedback,6.911135,1786352455569,7,Ry,5.000000,60.000000,5.287170,0.287170,,,359.999969,-134.999222,479.999939,179.999481,-50.000015,-179.999451,360.014679,-134.999146,479.983002,179.996597,-83.802231,-179.996582,-0.764575,-0.043146,0.042866,-0.000010,5.287170,-0.006866,
feedback,6.919375,1786352455578,7,Ry,5.000000,60.000000,5.245972,0.245972,,,359.999969,-134.999222,479.999939,179.999481,-50.000015,-179.999451,360.009674,-134.998962,479.983307,179.996689,-83.844330,-179.996506,-0.631524,0.043143,0.074272,0.006812,5.245972,0.007603,
feedback,6.927409,1786352455586,7,Ry,5.000000,60.000000,5.170441,0.170441,,,359.999969,-134.999222,479.999939,179.999481,-50.000015,-179.999451,360.005096,-134.998627,479.985138,179.996155,-83.885887,-179.995911,-0.475616,0.054647,0.231259,0.004614,5.170441,0.034946,
feedback,6.935962,1786352455594,7,Ry,5.000000,60.000000,5.074310,0.074310,,,359.999969,-134.999222,479.999939,179.999481,-50.000015,-179.999451,359.998627,-134.999741,479.988495,179.996323,-83.947113,-179.996323,-0.507332,-0.010546,0.374758,0.006102,5.074310,0.007552,
feedback,6.944173,1786352455603,7,Ry,5.000000,60.000000,5.026245,0.026245,,,359.999969,-134.999222,479.999939,179.999481,-50.000015,-179.999451,359.994995,-134.999695,479.992126,179.996521,-83.987373,-179.996567,-0.391826,-0.129428,0.423229,-0.000002,5.026245,-0.020599,
feedback,6.952018,1786352455611,7,Ry,5.000000,60.000000,4.985046,-0.014954,,,359.999969,-134.999222,479.999939,179.999481,-50.000015,-179.999451,359.992645,-134.999146,479.995361,179.996475,-84.027420,-179.996460,-0.150368,0.139973,0.401471,0.000705,4.985046,0.013770,
feedback,6.960785,1786352455615,7,Ry,5.000000,60.000000,4.943848,-0.056152,,,359.999969,-134.999222,479.999939,179.999481,-50.000015,-179.999451,359.992340,-134.999405,479.996399,179.996521,-84.047195,-179.996475,-0.078838,-0.064235,0.258423,-0.001431,4.943848,0.006792,
feedback,6.968946,1786352455624,7,Ry,5.000000,60.000000,4.875183,-0.124817,,,359.999969,-134.999222,479.999939,179.999481,-50.000015,-179.999451,359.994202,-134.999146,479.996643,179.996185,-84.086609,-179.996155,0.386240,0.032597,0.057881,0.012943,4.875183,0.015111,
feedback,6.976617,1786352455632,7,Ry,5.000000,60.000000,4.888916,-0.111084,,,359.999969,-134.999222,479.999939,179.999481,-50.000015,-179.999451,359.996338,-134.999100,479.995819,179.996399,-84.125694,-179.996399,0.217320,-0.053688,-0.209930,0.006118,4.888916,0.000667,
feedback,6.984689,1786352455641,7,Ry,5.000000,60.000000,4.923248,-0.076752,,,359.999969,-134.999222,479.999939,179.999481,-50.000015,-179.999451,359.999542,-134.999313,479.992126,179.996780,-84.165161,-179.996643,0.406529,-0.085327,-0.512497,-0.002802,4.923248,0.020457,
feedback,6.992750,1786352455649,7,Ry,5.000000,60.000000,4.985047,-0.014953,,,359.999969,-134.999222,479.999939,179.999481,-50.000015,-179.999451,360.002319,-134.999176,479.988281,179.996780,-84.204849,-179.996597,0.418026,-0.031637,-0.622339,-0.002092,4.985046,0.020494,
feedback,7.001186,1786352455657,7,Ry,5.000000,60.000000,4.916382,-0.083618,,,359.999969,-134.999222,479.999939,179.999481,-50.000015,-179.999451,360.004486,-134.998840,479.984314,179.996643,-84.244316,-179.996552,0.382602,0.086289,-0.525966,-0.013678,4.916382,0.012356,
feedback,7.009824,1786352455666,7,Ry,5.000000,60.000000,4.882050,-0.117950,,,359.999969,-134.999222,479.999939,179.999481,-50.000015,-179.999451,360.004547,-134.999222,479.982422,179.996109,-84.283371,-179.996033,-0.061227,-0.000000,-0.110649,0.006823,4.882050,0.000684,
feedback,7.017715,1786352455674,7,Ry,5.000000,60.000000,5.067444,0.067444,,,359.999969,-134.999222,479.999939,179.999481,-50.000015,-179.999451,359.998444,-134.999359,479.983856,179.996597,-84.343277,-179.996567,-0.376550,0.064235,-0.159752,-0.005487,5.067444,-0.007476,
feedback,7.026130,1786352455683,7,Ry,5.000000,60.000000,5.108643,0.108643,,,359.999969,-134.999222,479.999939,179.999481,-50.000015,-179.999451,359.993042,-134.999435,479.984253,179.996338,-84.383873,-179.996262,-0.668035,-0.021093,-0.088227,0.005482,5.108643,0.014339,
feedback,7.034198,1786352455691,7,Ry,5.000000,60.000000,5.108643,0.108643,,,359.999969,-134.999222,479.999939,179.999481,-50.000015,-179.999451,359.988770,-134.999176,479.984772,179.996262,-84.424820,-179.996216,-0.456877,0.053687,-0.015094,-0.013011,5.108643,-0.001302,
feedback,7.042287,1786352455700,7,Ry,5.000000,60.000000,5.191040,0.191040,,,359.999969,-134.999222,479.999939,179.999481,-50.000015,-179.999451,359.984344,-134.998917,479.985443,179.996292,-84.466461,-179.996140,-0.396111,0.096828,-0.082337,0.007482,5.191040,0.007561,
feedback,7.050011,1786352455708,7,Ry,5.000000,60.000000,5.294037,0.294037,,,359.999969,-134.999222,479.999939,179.999481,-50.000015,-179.999451,359.982147,-134.999054,479.983612,179.995941,-84.508621,-179.995850,-0.116903,0.010546,-0.408917,0.014314,5.294037,-0.005521,
feedback,7.057983,1786352455717,7,Ry,5.000000,60.000000,5.355835,0.355835,,,359.999969,-134.999222,479.999939,179.999481,-50.000015,-179.999451,359.981964,-134.999619,479.979218,179.995941,-84.551521,-179.995895,-0.044638,-0.162018,-0.516041,0.000647,5.355835,-0.034301,
feedback,7.066424,1786352455725,7,Ry,5.000000,60.000000,5.266571,0.266571,,,359.999969,-134.999222,479.999939,179.999481,-50.000015,-179.999451,359.981995,-134.999146,479.975647,179.996704,-84.594093,-179.996689,0.053026,-0.097785,-0.274767,-0.025413,5.266571,-0.043695,
feedback,7.074499,1786352455733,7,Ry,5.000000,60.000000,5.197906,0.197906,,,359.999969,-134.999222,479.999939,179.999481,-50.000015,-179.999451,359.979675,-134.999619,479.977295,179.996063,-84.635735,-179.996155,-0.455186,-0.129423,0.344807,0.006834,5.197906,-0.019957,
feedback,7.082739,1786352455742,7,Ry,5.000000,60.000000,5.108643,0.108643,,,359.999969,-134.999222,479.999939,179.999481,-50.000015,-179.999451,359.976318,-134.999741,479.982544,179.995819,-84.676682,-179.995834,-0.411295,-0.000000,0.729781,0.006834,5.108643,0.000637,
feedback,7.090971,1786352455750,7,Ry,5.000000,60.000000,5.122375,0.122375,,,359.999969,-134.999222,479.999939,179.999481,-50.000015,-179.999451,359.973602,-134.999359,479.987183,179.996353,-84.717583,-179.996338,-0.318623,0.010546,0.359789,-0.006212,5.122375,-0.007469,
feedback,7.100134,1786352455759,7,Ry,5.000000,60.000000,5.033112,0.033112,,,359.999969,-134.999222,479.999939,179.999481,-50.000015,-179.999451,359.971558,-134.999176,479.992828,179.996414,-84.778305,-179.996246,-0.091376,0.172559,0.340255,-0.000012,5.033112,0.027466,
feedback,7.107887,1786352455764,7,Ry,5.000000,60.000000,5.026245,0.026245,,,359.999969,-134.999222,479.999939,179.999481,-50.000015,-179.999451,359.970673,-134.999435,479.994049,179.995453,-84.798416,-179.995377,-0.219625,-0.065187,0.307050,0.021752,5.026245,-0.025542,
feedback,7.116094,1786352455772,7,Ry,5.000000,60.000000,5.033112,0.033112,,,359.999969,-134.999222,479.999939,179.999481,-50.000015,-179.999451,359.968872,-134.999268,479.997803,179.995712,-84.838242,-179.995621,-0.340660,-0.043140,0.597005,0.006829,5.033112,-0.006249,
feedback,7.124246,1786352455781,7,Ry,5.000000,60.000000,4.998779,-0.001221,,,359.999969,-134.999222,479.999939,179.999481,-50.000015,-179.999451,359.968689,-134.998962,479.998260,179.996017,-84.878067,-179.995834,0.064882,0.053686,-0.086816,-0.013079,4.998779,-0.001199,
feedback,7.132585,1786352455789,7,Ry,5.000000,60.000000,4.943848,-0.056152,,,359.999969,-134.999222,479.999939,179.999481,-50.000015,-179.999451,359.970917,-134.998703,479.995178,179.995621,-84.917809,-179.995468,0.336599,0.107373,-0.352254,0.008039,4.943848,0.000662,
feedback,7.140806,1786352455798,7,Ry,5.000000,60.000000,4.909515,-0.090485,,,359.999969,-134.999222,479.999939,179.999481,-50.000015,-179.999451,359.974670,-134.999222,479.990906,179.996216,-84.957001,-179.996140,0.571841,0.064233,-0.682196,0.001198,4.909515,-0.006813,
feedback,7.148819,1786352455806,7,Ry,5.000000,60.000000,4.950714,-0.049286,,,359.999969,-134.999222,479.999939,179.999481,-50.000015,-179.999451,359.978363,-134.999695,479.987823,179.995636,-84.996193,-179.995529,0.407372,-0.064232,-0.569621,-0.001203,4.950714,0.006814,
feedback,7.156991,1786352455815,7,Ry,5.000000,60.000000,4.895783,-0.104217,,,359.999969,-134.999222,479.999939,179.999481,-50.000015,-179.999451,359.983765,-134.999313,479.983551,179.995560,-85.055191,-179.995422,0.505796,0.075737,-0.334343,0.019921,4.895782,0.022349,
feedback,7.165164,1786352455823,7,Ry,5.000000,60.000000,4.861450,-0.138550,,,359.999969,-134.999222,479.999939,179.999481,-50.000015,-179.999451,359.989197,-134.999313,479.979858,179.995193,-85.094193,-179.995071,0.759113,0.096831,-0.625290,0.014260,4.861450,0.008066,
feedback,7.173489,1786352455831,7,Ry,5.000000,60.000000,4.978180,-0.021820,,,359.999969,-134.999222,479.999939,179.999481,-50.000015,-179.999451,359.994507,-134.999130,479.976868,179.995804,-85.134048,-179.995651,0.750465,0.000002,-0.500939,-0.006854,4.978180,-0.000582,
feedback,7.181491,1786352455840,7,Ry,5.000000,60.000000,5.039978,0.039978,,,359.999969,-134.999222,479.999939,179.999481,-50.000015,-179.999451,359.999542,-134.999130,479.974731,179.995773,-85.174500,-179.995621,0.766420,0.000002,-0.253863,-0.013696,5.039978,-0.001155,
feedback,7.189777,1786352455848,7,Ry,5.000000,60.000000,5.129242,0.129242,,,359.999969,-134.999222,479.999939,179.999481,-50.000015,-179.999451,360.004883,-134.999405,479.972137,179.996338,-85.215096,-179.996292,0.771425,-0.140936,-0.442687,-0.018817,5.129242,-0.049712,
feedback,7.197684,1786352455856,7,Ry,5.000000,60.000000,5.245972,0.245972,,,359.999969,-134.999222,479.999939,179.999481,-50.000015,-179.999451,360.010498,-134.999130,479.967712,179.995361,-85.256821,-179.995209,0.748555,-0.031637,-0.646964,-0.008559,5.245972,0.019961,
feedback,7.206190,1786352455865,7,Ry,5.000000,60.000000,5.177307,0.177307,,,359.999969,-134.999222,479.999939,179.999481,-50.000015,-179.999451,360.016144,-134.998962,479.962982,179.995880,-85.298370,-179.995834,0.648048,0.064239,-0.578179,-0.012573,5.177307,-0.007946,
feedback,7.214643,1786352455873,7,Ry,5.000000,60.000000,5.245972,0.245972,,,359.999969,-134.999222,479.999939,179.999481,-50.000015,-179.999451,360.017395,-134.999313,479.961609,179.995285,-85.340530,-179.995163,0.190234,0.043146,-0.151448,0.013677,5.245972,0.007982,
feedback,7.223577,1786352455879,7,Ry,5.000000,60.000000,5.211639,0.211639,,,359.999969,-134.999222,479.999939,179.999481,-50.000015,-179.999451,360.014160,-134.999832,479.962555,179.995575,-85.382614,-179.995544,-0.390479,-0.053691,0.305530,0.006289,5.211639,0.000530,
feedback,7.230866,1786352455887,7,Ry,5.000000,60.000000,5.163574,0.163574,,,359.999969,-134.999222,479.999939,179.999481,-50.000015,-179.999451,360.011658,-134.999313,479.963715,179.995544,-85.424385,-179.995407,-0.058077,0.075743,-0.003828,0.013131,5.163574,0.021673,
feedback,7.239953,1786352455896,7,Ry,5.000000,60.000000,5.204773,0.204773,,,359.999969,-134.999222,479.999939,179.999481,-50.000015,-179.999451,360.007660,-134.999359,479.965363,179.995407,-85.466492,-179.995407,-0.359710,0.021092,0.149738,0.001078,5.204773,-0.013690,
feedback,7.247320,1786352455904,7,Ry,5.000000,60.000000,5.163574,0.163574,,,359.999969,-134.999222,479.999939,179.999481,-50.000015,-179.999451,360.004913,-134.998886,479.969513,179.995056,-85.507500,-179.994919,-0.239684,0.043143,0.256977,-0.006860,5.163574,0.006329,
feedback,7.256185,1786352455912,7,Ry,5.000000,60.000000,5.101776,0.101776,,,359.999969,-134.999222,479.999939,179.999481,-50.000015,-179.999451,360.001923,-134.999130,479.973297,179.995056,-85.548424,-179.994904,-0.288899,-0.021093,0.427583,0.005768,5.101776,0.014224,
feedback,7.263492,1786352455921,7,Ry,5.000000,60.000000,5.115509,0.115509,,,359.999969,-134.999222,479.999939,179.999481,-50.000015,-179.999451,360.001343,-134.999268,479.976013,179.996170,-85.589127,-179.995941,0.204318,-0.085327,-0.020900,-0.029509,5.115509,0.018406,
feedback,7.272549,1786352455929,7,Ry,5.000000,60.000000,5.094909,0.094909,,,359.999969,-134.999222,479.999939,179.999481,-50.000015,-179.999451,360.003601,-134.999176,479.975830,179.994522,-85.629967,-179.994476,0.525880,0.009588,-0.201397,0.009453,5.094910,-0.040576,
feedback,7.279906,1786352455938,7,Ry,5.000000,60.000000,4.978180,-0.021820,,,359.999969,-134.999222,479.999939,179.999481,-50.000015,-179.999451,360.005981,-134.999222,479.977600,179.994873,-85.669960,-179.994797,0.218528,-0.022051,0.366228,0.007874,4.978180,-0.020042,
feedback,7.288352,1786352455946,7,Ry,5.000000,60.000000,4.744721,-0.255279,,,359.999969,-134.999222,479.999939,179.999481,-50.000015,-179.999451,360.007019,-134.999786,479.988556,179.994934,-85.727470,-179.994781,-0.074928,-0.021092,1.130445,0.012667,4.744720,0.014718,
feedback,7.296371,1786352455955,7,Ry,5.000000,60.000000,4.682922,-0.317078,,,359.999969,-134.999222,479.999939,179.999481,-50.000015,-179.999451,360.009644,-134.999527,479.994507,179.995575,-85.765045,-179.995453,0.341858,0.053691,0.694762,0.007348,4.682922,0.000526,
feedback,7.304682,1786352455963,7,Ry,5.000000,60.000000,4.703522,-0.296478,,,359.999969,-134.999222,479.999939,179.999481,-50.000015,-179.999451,360.013672,-134.999573,479.997650,179.995941,-85.802811,-179.995789,0.477602,0.022053,0.556527,-0.014708,4.703522,0.019557,
feedback,7.312853,1786352455972,7,Ry,5.000000,60.000000,4.772186,-0.227814,,,359.999969,-134.999222,479.999939,179.999481,-50.000015,-179.999451,360.015625,-134.999100,480.000977,179.995056,-85.840988,-179.994934,0.120413,0.000000,0.550304,0.013685,4.772186,0.000996,
feedback,7.321259,1786352455980,7,Ry,5.000000,60.000000,4.806519,-0.193481,,,359.999969,-134.999222,479.999939,179.999481,-50.000015,-179.999451,360.017639,-134.999054,480.002563,179.994995,-85.879631,-179.994888,0.203412,0.086291,0.286512,-0.000012,4.806519,0.013733,
feedback,7.329117,1786352455988,7,Ry,5.000000,60.000000,4.861450,-0.138550,,,359.999969,-134.999222,479.999939,179.999481,-50.000015,-179.999451,360.018127,-134.999268,480.004456,179.995361,-85.918274,-179.995255,0.028675,-0.043145,0.209211,-0.000009,4.861450,-0.006866,
feedback,7.337360,1786352455993,7,Ry,5.000000,60.000000,4.916382,-0.083618,,,359.999969,-134.999222,479.999939,179.999481,-50.000015,-179.999451,360.018463,-134.998917,480.004974,179.994949,-85.937943,-179.994797,0.089843,0.086291,0.129699,0.006835,4.916382,0.014219,
feedback,7.345451,1786352456001,7,Ry,5.000000,60.000000,5.019379,0.019379,,,359.999969,-134.999222,479.999939,179.999481,-50.000015,-179.999451,360.018555,-134.999313,480.005768,179.994919,-85.977875,-179.994797,0.037968,-0.064238,0.014056,0.012726,5.019379,0.007796,
feedback,7.354193,1786352456010,7,Ry,5.000000,60.000000,4.902649,-0.097351,,,359.999969,-134.999222,479.999939,179.999481,-50.000015,-179.999451,360.018524,-134.999435,480.009552,179.994843,-86.016991,-179.994781,-0.133645,-0.064238,0.502287,-0.000961,4.902649,0.006833,
feedback,7.362773,1786352456018,7,Ry,5.000000,60.000000,5.053711,0.053711,,,359.999969,-134.999222,479.999939,179.999481,-50.000015,-179.999451,360.014893,-134.999527,480.017853,179.994827,-86.077278,-179.994705,-0.422564,0.011506,0.798741,0.005434,5.053711,0.027887,
feedback,7.370737,1786352456027,7,Ry,5.000000,60.000000,5.067444,0.067444,,,359.999969,-134.999222,479.999939,179.999481,-50.000015,-179.999451,360.011261,-134.999359,480.023865,179.995056,-86.117760,-179.995056,-0.531612,-0.053691,0.757488,-0.021024,5.067444,-0.001410,
feedback,7.379944,1786352456035,7,Ry,5.000000,60.000000,5.074310,0.074310,,,359.999969,-134.999222,479.999939,179.999481,-50.000015,-179.999451,360.007721,-134.999222,480.030121,179.995041,-86.158493,-179.994965,-0.367497,0.053690,0.811825,0.000450,5.074310,0.000015,
feedback,7.386426,1786352456044,7,Ry,5.000000,60.000000,5.156708,0.156708,,,359.999969,-134.999222,479.999939,179.999481,-50.000015,-179.999451,360.005096,-134.999146,480.035278,179.994522,-86.199776,-179.994507,-0.313436,-0.000960,0.615871,0.008662,5.156708,-0.033817,
feedback,7.395457,1786352456052,7,Ry,5.000000,60.000000,5.115509,0.115509,,,359.999969,-134.999222,479.999939,179.999481,-50.000015,-179.999451,360.005463,-134.999405,480.038879,179.994507,-86.240753,-179.994476,0.209474,0.000000,0.405157,0.006844,5.115509,0.000450,
feedback,7.402703,1786352456060,7,Ry,5.000000,60.000000,5.142975,0.142975,,,359.999969,-134.999222,479.999939,179.999481,-50.000015,-179.999451,360.005859,-134.999222,480.042389,179.994446,-86.281708,-179.994385,0.158007,-0.086287,0.277596,-0.006862,5.142975,-0.014178,
feedback,7.411233,1786352456069,7,Ry,5.000000,60.000000,5.136108,0.136108,,,359.999969,-134.999222,479.999939,179.999481,-50.000015,-179.999451,360.006561,-134.999313,480.044434,179.994339,-86.322929,-179.994354,0.089496,-0.096834,0.378795,0.006405,5.136108,-0.006440,
feedback,7.419411,1786352456077,7,Ry,5.000000,60.000000,5.177307,0.177307,,,359.999969,-134.999222,479.999939,179.999481,-50.000015,-179.999451,360.007050,-134.999054,480.044189,179.995193,-86.364296,-179.995102,0.024672,0.011506,-0.031973,-0.001319,5.177307,0.027424,
feedback,7.428206,1786352456086,7,Ry,5.000000,60.000000,5.074310,0.074310,,,359.999969,-134.999222,479.999939,179.999481,-50.000015,-179.999451,360.005341,-134.999435,480.045380,179.994293,-86.405243,-179.994217,-0.331379,-0.128473,0.264885,0.005124,5.074310,0.014109,
feedback,7.437206,1786352456094,7,Ry,5.000000,60.000000,4.964447,-0.035553,,,359.999969,-134.999222,479.999939,179.999481,-50.000015,-179.999451,360.001068,-134.999100,480.047882,179.994080,-86.465973,-179.994095,-0.227888,0.106420,0.053442,0.009383,4.964447,-0.033831,
feedback,7.444283,1786352456103,7,Ry,5.000000,60.000000,4.923248,-0.076752,,,359.999969,-134.999222,479.999939,179.999481,-50.000015,-179.999451,359.997681,-134.999146,480.050201,179.995392,-86.505882,-179.995377,-0.323032,0.021092,0.251362,-0.012880,4.923248,-0.014544,
feedback,7.452145,1786352456111,7,Ry,5.000000,60.000000,4.916382,-0.083618,,,359.999969,-134.999222,479.999939,179.999481,-50.000015,-179.999451,359.997040,-134.998840,480.049988,179.994003,-86.545319,-179.993912,-0.085513,-0.021092,-0.017307,-0.000842,4.916382,0.013708,
feedback,7.460828,1786352456120,7,Ry,5.000000,60.000000,4.875183,-0.124817,,,359.999969,-134.999222,479.999939,179.999481,-50.000015,-179.999451,359.996796,-134.998962,480.050568,179.994370,-86.584297,-179.994324,0.086259,-0.043143,-0.057642,0.006843,4.875183,-0.006457,
feedback,7.468545,1786352456124,7,Ry,5.000000,60.000000,4.730988,-0.269012,,,359.999969,-134.999222,479.999939,179.999481,-50.000015,-179.999451,359.998291,-134.999405,480.051941,179.994858,-86.603218,-179.994812,0.374821,-0.107378,0.347005,-0.007675,4.730988,-0.000431,
feedback,7.477098,1786352456132,7,Ry,5.000000,60.000000,4.916382,-0.083618,,,359.999969,-134.999222,479.999939,179.999481,-50.000015,-179.999451,360.001648,-134.998840,480.049774,179.995239,-86.642471,-179.995148,0.561454,0.097793,-0.336764,-0.001221,4.916382,0.041163,
feedback,7.484900,1786352456141,7,Ry,5.000000,60.000000,5.005646,0.005646,,,359.999969,-134.999222,479.999939,179.999481,-50.000015,-179.999451,360.007599,-134.998886,480.044952,179.993210,-86.681824,-179.993225,0.628044,0.000002,-0.576007,0.006843,5.005646,0.000397,
feedback,7.493460,1786352456150,7,Ry,5.000000,60.000000,4.985046,-0.014954,,,359.999969,-134.999222,479.999939,179.999481,-50.000015,-179.999451,360.013641,-134.999146,480.038391,179.994141,-86.721596,-179.994125,0.863013,0.032600,-0.890804,-0.000402,4.985046,0.013722,
feedback,7.501479,1786352456158,7,Ry,5.000000,60.000000,4.971313,-0.028687,,,359.999969,-134.999222,479.999939,179.999481,-50.000015,-179.999451,360.017181,-134.999573,480.034637,179.994003,-86.761337,-179.994141,0.265954,0.000000,-0.204965,-0.006858,4.971313,-0.000388,
feedback,7.510001,1786352456166,7,Ry,5.000000,60.000000,4.964447,-0.035553,,,359.999969,-134.999222,479.999939,179.999481,-50.000015,-179.999451,360.016296,-134.999222,480.036865,179.993515,-86.821022,-179.993454,-0.081601,-0.085330,0.176272,0.005323,4.964447,0.020938,
feedback,7.517849,1786352456175,7,Ry,5.000000,60.000000,5.101776,0.101776,,,359.999969,-134.999222,479.999939,179.999481,-50.000015,-179.999451,360.015533,-134.999008,480.035614,179.994400,-86.861481,-179.994339,-0.111803,0.129435,-0.204040,-0.000012,5.101776,0.020599,
feedback,7.526500,1786352456183,7,Ry,5.000000,60.000000,5.218506,0.218506,,,359.999969,-134.999222,479.999939,179.999481,-50.000015,-179.999451,360.014069,-134.999268,480.034821,179.994781,-86.902924,-179.994827,-0.276877,-0.108343,-0.125974,-0.012978,5.218506,-0.035054,
feedback,7.533955,1786352456192,7,Ry,5.000000,60.000000,5.177307,0.177307,,,359.999969,-134.999222,479.999939,179.999481,-50.000015,-179.999451,360.011993,-134.999008,480.035522,179.993744,-86.944397,-179.993683,-0.465629,0.022051,0.283767,-0.000744,5.177307,0.020580,
feedback,7.542831,1786352456200,7,Ry,5.000000,60.000000,5.191040,0.191040,,,359.999969,-134.999222,479.999939,179.999481,-50.000015,-179.999451,360.008301,-134.998962,480.037140,179.994675,-86.986069,-179.994644,-0.698115,0.086287,0.494619,-0.013726,5.191040,0.013011,
feedback,7.550327,1786352456208,7,Ry,5.000000,60.000000,5.300903,0.300903,,,359.999969,-134.999222,479.999939,179.999481,-50.000015,-179.999451,360.005188,-134.999313,480.036255,179.994064,-87.028366,-179.994095,-0.408594,0.021092,-0.228490,-0.013010,5.300903,-0.014426,
feedback,7.558872,1786352456217,7,Ry,5.000000,60.000000,5.321503,0.321503,,,359.999969,-134.999222,479.999939,179.999481,-50.000015,-179.999451,360.003479,-134.999451,480.034027,179.993423,-87.070633,-179.993500,-0.214672,-0.075741,-0.431998,-0.006512,5.321503,-0.020941,
feedback,7.566617,1786352456225,7,Ry,5.000000,60.000000,5.445099,0.445099,,,359.999969,-134.999222,479.999939,179.999481,-50.000015,-179.999451,360.001801,-134.999359,480.030029,179.992844,-87.113396,-179.992828,-0.340671,-0.043144,-0.566394,-0.000008,5.445099,-0.006866,
feedback,7.575982,1786352456233,7,Ry,5.000000,60.000000,5.335236,0.335236,,,359.999969,-134.999222,479.999939,179.999481,-50.000015,-179.999451,359.999878,-134.999481,480.026459,179.993256,-87.155998,-179.993301,-0.242871,-0.086287,-0.519174,-0.006863,5.335236,-0.014074,
feedback,7.582795,1786352456242,7,Ry,5.000000,60.000000,5.307770,0.307770,,,359.999969,-134.999222,479.999939,179.999481,-50.000015,-179.999451,359.997559,-134.999405,480.023163,179.992096,-87.198021,-179.992050,-0.420369,0.021092,-0.432288,0.007522,5.307770,-0.013381,
feedback,7.591906,1786352456250,7,Ry,5.000000,60.000000,5.294037,0.294037,,,359.999969,-134.999222,479.999939,179.999481,-50.000015,-179.999451,359.995575,-134.999008,480.018219,179.993073,-87.240479,-179.993011,-0.177081,0.096831,-0.618604,0.007176,5.294037,0.007205,
feedback,7.599359,1786352456259,7,Ry,5.000000,60.000000,5.266571,0.266571,,,359.999969,-134.999222,479.999939,179.999481,-50.000015,-179.999451,359.995422,-134.998917,480.010040,179.993561,-87.303406,-179.993408,0.108939,-0.043142,-0.849163,-0.013733,5.266571,-0.007513,
feedback,7.607729,1786352456267,7,Ry,5.000000,60.000000,5.177307,0.177307,,,359.999969,-134.999222,479.999939,179.999481,-50.000015,-179.999451,359.996948,-134.999176,480.003754,179.993408,-87.344772,-179.993362,0.368251,-0.021092,-0.985606,-0.000646,5.177307,0.013718,
feedback,7.615849,1786352456272,7,Ry,5.000000,60.000000,5.142975,0.142975,,,359.999969,-134.999222,479.999939,179.999481,-50.000015,-179.999451,359.998962,-134.999008,479.999725,179.992752,-87.365341,-179.992691,0.508985,0.043144,-1.006473,0.006847,5.142975,0.007182,
feedback,7.624631,1786352456280,7,Ry,5.000000,60.000000,5.019379,0.019379,,,359.999969,-134.999222,479.999939,179.999481,-50.000015,-179.999451,360.004395,-134.999008,479.989288,179.992645,-87.406021,-179.992584,0.846218,-0.021090,-1.364446,0.006226,5.019379,0.014030,
feedback,7.632023,1786352456289,7,Ry,5.000000,60.000000,5.046844,0.046844,,,359.999969,-134.999222,479.999939,179.999481,-50.000015,-179.999451,360.010223,-134.999527,479.980255,179.993149,-87.446640,-179.993164,0.735991,-0.086288,-0.911822,-0.013724,5.046844,-0.014345,
feedback,7.640490,1786352456297,7,Ry,5.000000,60.000000,4.964447,-0.035553,,,359.999969,-134.999222,479.999939,179.999481,-50.000015,-179.999451,360.014771,-134.999008,479.973907,179.991776,-87.486687,-179.991714,0.656302,0.053693,-0.733534,0.014009,4.964447,0.000609,
feedback,7.648616,1786352456306,7,Ry,5.000000,60.000000,4.847717,-0.152283,,,359.999969,-134.999222,479.999939,179.999481,-50.000015,-179.999451,360.016998,-134.999054,479.971527,179.991684,-87.526047,-179.991592,0.396161,0.053692,-0.142256,0.007145,4.847717,0.000303,
feedback,7.657694,1786352456314,7,Ry,5.000000,60.000000,4.772186,-0.227814,,,359.999969,-134.999222,479.999939,179.999481,-50.000015,-179.999451,360.018707,-134.999176,479.971405,179.991516,-87.564415,-179.991486,0.231962,-0.010546,-0.033310,-0.000301,4.772186,0.006860,
feedback,7.664982,1786352456322,7,Ry,5.000000,60.000000,5.005646,0.005646,,,359.999969,-134.999222,479.999939,179.999481,-50.000015,-179.999451,360.019318,-134.999741,479.971893,179.991348,-87.623764,-179.991364,0.068655,-0.162036,-0.047671,0.000282,5.005646,-0.034326,
feedback,7.673788,1786352456331,7,Ry,5.000000,60.000000,4.971313,-0.028687,,,359.999969,-134.999222,479.999939,179.999481,-50.000015,-179.999451,360.018555,-134.999100,479.973846,179.990433,-87.663536,-179.990463,-0.261456,-0.065199,0.359579,0.014272,4.971313,-0.026895,
feedback,7.681106,1786352456339,7,Ry,5.000000,60.000000,5.039978,0.039978,,,359.999969,-134.999222,479.999939,179.999481,-50.000015,-179.999451,360.017151,-134.999405,479.975250,179.990356,-87.703636,-179.990326,-0.157690,-0.052731,0.159276,0.019200,5.039978,0.035130,
feedback,7.690661,1786352456348,7,Ry,5.000000,60.000000,5.197907,0.197907,,,359.999969,-134.999222,479.999939,179.999481,-50.000015,-179.999451,360.015930,-134.999222,479.974182,179.991577,-87.745003,-179.991516,-0.154921,-0.000000,-0.188904,-0.013732,5.197906,-0.000540,
feedback,7.697519,1786352456356,7,Ry,5.000000,60.000000,5.314636,0.314636,,,359.999969,-134.999222,479.999939,179.999481,-50.000015,-179.999451,360.016998,-134.998917,479.969055,179.990738,-87.787437,-179.990585,0.239972,0.065199,-0.757460,-0.014268,5.314636,0.026925,
feedback,7.706349,1786352456364,7,Ry,5.000000,60.000000,5.314636,0.314636,,,359.999969,-134.999222,479.999939,179.999481,-50.000015,-179.999451,360.015991,-134.998886,479.966034,179.990417,-87.829956,-179.990433,-0.149882,0.117928,-0.313054,0.000767,5.314636,-0.006852,
feedback,7.713909,1786352456373,7,Ry,5.000000,60.000000,5.239105,0.239105,,,359.999969,-134.999222,479.999939,179.999481,-50.000015,-179.999451,360.012329,-134.999359,479.964233,179.989563,-87.872330,-179.989563,-0.517622,-0.053692,0.048899,-0.000262,5.239105,-0.000005,
feedback,7.722864,1786352456381,7,Ry,5.000000,60.000000,5.266571,0.266571,,,359.999969,-134.999222,479.999939,179.999481,-50.000015,-179.999451,360.006775,-134.999008,479.964661,179.990875,-87.914246,-179.990814,-0.765567,0.075740,-0.034197,-0.000263,5.266571,0.020595,
feedback,7.730591,1786352456390,7,Ry,5.000000,60.000000,5.239105,0.239105,,,359.999969,-134.999222,479.999939,179.999481,-50.000015,-179.999451,360.002167,-134.999405,479.963409,179.989944,-87.956596,-179.989899,-0.495073,-0.010547,0.020998,-0.007114,5.239105,0.006617,
feedback,7.739219,1786352456394,7,Ry,5.000000,60.000000,5.252838,0.252838,,,359.999969,-134.999222,479.999939,179.999481,-50.000015,-179.999451,359.998596,-134.999222,479.961243,179.987366,-87.998894,-179.987305,-0.456657,-0.064236,-0.177945,0.026959,5.252838,0.007817,
feedback,7.747033,1786352456402,7,Ry,5.000000,60.000000,5.245972,0.245972,,,359.999969,-134.999222,479.999939,179.999481,-50.000015,-179.999451,359.996216,-134.999222,479.959045,179.989502,-88.040970,-179.989441,-0.191731,0.021092,-0.250891,-0.006403,5.245972,-0.013960,
feedback,7.755520,1786352456411,7,Ry,5.000000,60.000000,5.122375,0.122375,,,359.999969,-134.999222,479.999939,179.999481,-50.000015,-179.999451,359.994202,-134.998749,479.959167,179.990021,-88.082115,-179.989990,-0.256687,-0.065193,-0.014571,0.007307,5.122375,-0.027228,
feedback,7.763753,1786352456419,7,Ry,5.000000,60.000000,5.142975,0.142975,,,359.999969,-134.999222,479.999939,179.999481,-50.000015,-179.999451,359.993439,-134.998840,479.957275,179.988190,-88.123260,-179.988098,0.053739,0.032596,-0.390981,0.013486,5.142975,0.014179,
feedback,7.771930,1786352456428,7,Ry,5.000000,60.000000,5.122376,0.122376,,,359.999969,-134.999222,479.999939,179.999481,-50.000015,-179.999451,359.994080,-134.999405,479.955566,179.988800,-88.164131,-179.988770,0.022403,0.043143,-0.191150,-0.006870,5.122375,0.006646,
feedback,7.779991,1786352456436,7,Ry,5.000000,60.000000,5.012512,0.012512,,,359.999969,-134.999222,479.999939,179.999481,-50.000015,-179.999451,359.994965,-134.999359,479.954620,179.987656,-88.204338,-179.987640,0.014527,-0.043143,-0.041847,0.006856,5.012512,-0.006651,
feedback,7.787824,1786352456444,7,Ry,5.000000,60.000000,4.861450,-0.138550,,,359.999969,-134.999222,479.999939,179.999481,-50.000015,-179.999451,359.996948,-134.999222,479.954407,179.987411,-88.243614,-179.987350,0.272254,0.117924,0.097881,0.000622,4.861450,-0.006857,
feedback,7.796674,1786352456453,7,Ry,5.000000,60.000000,4.806518,-0.193482,,,359.999969,-134.999222,479.999939,179.999481,-50.000015,-179.999451,359.999512,-134.999054,479.955872,179.987015,-88.281982,-179.987061,0.352518,0.139018,0.114254,0.001020,4.806519,-0.020584,
feedback,7.804492,1786352456461,7,Ry,5.000000,60.000000,4.820251,-0.179749,,,359.999969,-134.999222,479.999939,179.999481,-50.000015,-179.999451,360.001099,-134.999405,479.957855,179.985901,-88.320381,-179.985855,0.354105,0.064236,0.085721,0.007259,4.820251,-0.006659,
feedback,7.813392,1786352456470,7,Ry,5.000000,60.000000,4.895783,-0.104217,,,359.999969,-134.999222,479.999939,179.999481,-50.000015,-179.999451,360.001770,-134.999435,479.959717,179.988464,-88.359222,-179.988403,0.018912,-0.085328,0.124724,-0.014521,4.895782,0.020195,
feedback,7.820474,1786352456478,7,Ry,5.000000,60.000000,4.854584,-0.145416,,,359.999969,-134.999222,479.999939,179.999481,-50.000015,-179.999451,360.005249,-134.999222,479.958099,179.986191,-88.398087,-179.986130,0.430723,-0.161069,-0.278807,0.013142,4.854584,0.000376,
feedback,7.829639,1786352456486,7,Ry,5.000000,60.000000,4.916382,-0.083618,,,359.999969,-134.999222,479.999939,179.999481,-50.000015,-179.999451,360.007996,-134.998962,479.956146,179.985611,-88.457024,-179.985580,0.183036,0.043145,-0.164677,-0.000012,4.916382,0.006866,
feedback,7.836667,1786352456495,7,Ry,5.000000,60.000000,5.067444,0.067444,,,359.999969,-134.999222,479.999939,179.999481,-50.000015,-179.999451,360.008759,-134.999146,479.953461,179.986267,-88.497978,-179.986267,0.079207,0.053690,-0.242107,-0.013558,5.067444,-0.000358,
feedback,7.845522,1786352456503,7,Ry,5.000000,60.000000,5.129242,0.129242,,,359.999969,-134.999222,479.999939,179.999481,-50.000015,-179.999451,360.008545,-134.999222,479.950623,179.985947,-88.539062,-179.985886,0.014659,0.000000,-0.370402,0.006854,5.129242,0.000175,
feedback,7.853198,1786352456512,7,Ry,5.000000,60.000000,5.094910,0.094910,,,359.999969,-134.999222,479.999939,179.999481,-50.000015,-179.999451,360.007446,-134.999146,479.950775,179.985489,-88.579910,-179.985489,-0.263829,-0.022052,0.128957,0.000331,5.094910,-0.020595,
feedback,7.861919,1786352456520,7,Ry,5.000000,60.000000,5.081177,0.081177,,,359.999969,-134.999222,479.999939,179.999481,-50.000015,-179.999451,360.003784,-134.999313,479.954163,179.983917,-88.621132,-179.983932,-0.623250,-0.022052,0.554548,0.014052,5.081177,-0.020265,
feedback,7.869973,1786352456529,7,Ry,5.000000,60.000000,5.101776,0.101776,,,359.999969,-134.999222,479.999939,179.999481,-50.000015,-179.999451,359.998322,-134.999481,479.960785,179.983429,-88.661674,-179.983475,-0.817789,-0.139976,0.869045,0.006699,5.101776,-0.013574,
feedback,7.879229,1786352456533,7,Ry,5.000000,60.000000,5.108643,0.108643,,,359.999969,-134.999222,479.999939,179.999481,-50.000015,-179.999451,359.995758,-134.999008,479.964355,179.984390,-88.682106,-179.984344,-0.638860,0.118880,0.893714,-0.007035,5.108643,0.027306,
feedback,7.885863,1786352456541,7,Ry,5.000000,60.000000,5.108643,0.108643,,,359.999969,-134.999222,479.999939,179.999481,-50.000015,-179.999451,359.989990,-134.999146,479.970947,179.981400,-88.723145,-179.981400,-0.618390,0.064233,0.924822,0.020890,5.108643,-0.006404,
feedback,7.894388,1786352456550,7,Ry,5.000000,60.000000,5.060577,0.060577,,,359.999969,-134.999222,479.999939,179.999481,-50.000015,-179.999451,359.986176,-134.999176,479.977295,179.984650,-88.763763,-179.984619,-0.562808,-0.065192,0.819139,-0.013443,5.060577,-0.027759,
feedback,7.902449,1786352456558,7,Ry,5.000000,60.000000,5.060578,0.060578,,,359.999969,-134.999222,479.999939,179.999481,-50.000015,-179.999451,359.983063,-134.999176,479.983917,179.981491,-88.804329,-179.981461,-0.302727,0.075736,0.887192,0.006712,5.060577,0.020741,
feedback,7.910400,1786352456567,7,Ry,5.000000,60.000000,5.149841,0.149841,,,359.999969,-134.999222,479.999939,179.999481,-50.000015,-179.999451,359.981628,-134.998840,479.990997,179.981888,-88.865631,-179.981796,0.072489,-0.064233,0.280838,-0.007152,5.149841,0.006728,
feedback,7.918321,1786352456575,7,Ry,5.000000,60.000000,5.108642,0.108642,,,359.999969,-134.999222,479.999939,179.999481,-50.000015,-179.999451,359.985199,-134.998962,479.990021,179.981186,-88.906693,-179.981155,0.429329,-0.022048,-0.017190,0.000250,5.108643,-0.020597,
feedback,7.927552,1786352456583,7,Ry,5.000000,60.000000,5.053711,0.053711,,,359.999969,-134.999222,479.999939,179.999481,-50.000015,-179.999451,359.988007,-134.999527,479.989075,179.978989,-88.947372,-179.979019,0.288553,0.010546,-0.050208,0.020717,5.053711,-0.006487,
feedback,7.934814,1786352456592,7,Ry,5.000000,60.000000,5.046845,0.046845,,,359.999969,-134.999222,479.999939,179.999481,-50.000015,-179.999451,359.990021,-134.999405,479.988403,179.979736,-88.987885,-179.979706,0.212985,-0.010546,-0.067080,0.006737,5.046844,0.006987,
feedback,7.943812,1786352456600,7,Ry,5.000000,60.000000,4.998779,-0.001221,,,359.999969,-134.999222,479.999939,179.999481,-50.000015,-179.999451,359.989410,-134.999405,479.989624,179.975662,-89.027931,-179.975632,-0.115766,0.032596,0.123956,0.013607,4.998779,0.013965,
feedback,7.951213,1786352456609,7,Ry,5.000000,60.000000,4.964447,-0.035553,,,359.999969,-134.999222,479.999939,179.999481,-50.000015,-179.999451,359.990448,-134.999130,479.988098,179.978058,-89.067726,-179.977921,0.188677,0.086285,-0.268860,-0.006877,4.964447,0.013621,
feedback,7.959887,1786352456617,7,Ry,5.000000,60.000000,4.964447,-0.035553,,,359.999969,-134.999222,479.999939,179.999481,-50.000015,-179.999451,359.993713,-134.998886,479.983368,179.977036,-89.107170,-179.976913,0.233303,0.086285,-0.357071,0.006851,4.964447,0.013840,
feedback,7.967547,1786352456625,7,Ry,5.000000,60.000000,4.875183,-0.124817,,,359.999969,-134.999222,479.999939,179.999481,-50.000015,-179.999451,359.995880,-134.999222,479.981812,179.974258,-89.146141,-179.974060,0.155276,-0.009588,-0.086918,0.006342,4.875183,0.041297,
feedback,7.976385,1786352456634,7,Ry,5.000000,60.000000,4.882049,-0.117951,,,359.999969,-134.999222,479.999939,179.999481,-50.000015,-179.999451,359.997375,-134.999222,479.980347,179.974838,-89.185333,-179.974777,0.071501,-0.000958,0.021026,-0.020216,4.882050,-0.034622,
feedback,7.983837,1786352456642,7,Ry,5.000000,60.000000,4.854584,-0.145416,,,359.999969,-134.999222,479.999939,179.999481,-50.000015,-179.999451,359.999481,-134.999054,479.980988,179.975616,-89.224060,-179.975525,0.351708,0.053690,-0.032419,0.000081,4.854584,0.000001,
feedback,7.992672,1786352456651,7,Ry,5.000000,60.000000,4.827118,-0.172882,,,359.999969,-134.999222,479.999939,179.999481,-50.000015,-179.999451,360.002594,-134.999741,479.981567,179.971451,-89.282234,-179.971466,0.247379,-0.023010,0.251288,0.000514,4.827118,-0.054928,
feedback,8.000271,1786352456659,7,Ry,5.000000,60.000000,4.888916,-0.111084,,,359.999969,-134.999222,479.999939,179.999481,-50.000015,-179.999451,360.003540,-134.999130,479.983826,179.972168,-89.321487,-179.972031,0.088525,-0.022051,0.323862,-0.013581,4.888916,-0.020761,
feedback,8.008872,1786352456667,7,Ry,5.000000,60.000000,4.895783,-0.104217,,,359.999969,-134.999222,479.999939,179.999481,-50.000015,-179.999451,360.003021,-134.999268,479.988953,179.967957,-89.361008,-179.967880,0.015437,-0.021092,0.564471,-0.000163,4.895782,0.013732,
feedback,8.016258,1786352456676,7,Ry,5.000000,60.000000,4.978180,-0.021820,,,359.999969,-134.999222,479.999939,179.999481,-50.000015,-179.999451,360.001221,-134.999222,479.995422,179.963181,-89.400780,-179.963120,-0.370587,-0.000001,0.961774,-0.000010,4.978180,-0.000000,
feedback,8.024920,1786352456684,7,Ry,5.000000,60.000000,5.012513,0.012513,,,359.999969,-134.999222,479.999939,179.999481,-50.000015,-179.999451,360.001465,-134.999130,480.000214,179.963394,-89.441124,-179.963257,0.146787,0.087246,0.652517,-0.000280,5.012512,0.048064,
feedback,8.032871,1786352456692,7,Ry,5.000000,60.000000,5.046844,0.046844,,,359.999969,-134.999222,479.999939,179.999481,-50.000015,-179.999451,360.002106,-134.999435,480.004608,179.957474,-89.481552,-179.957428,0.095138,-0.204212,0.548889,0.006673,5.046844,-0.006805,
feedback,8.041919,1786352456697,7,Ry,5.000000,60.000000,5.136108,0.136108,,,359.999969,-134.999222,479.999939,179.999481,-50.000015,-179.999451,360.002838,-134.999359,480.005981,179.958832,-89.502098,-179.958832,0.184893,0.021093,0.340134,-0.006754,5.136108,-0.013792,
feedback,8.049438,1786352456705,7,Ry,5.000000,60.000000,5.191040,0.191040,,,359.999969,-134.999222,479.999939,179.999481,-50.000015,-179.999451,360.004150,-134.999313,480.008301,179.951736,-89.543549,-179.951630,0.138705,-0.064236,0.242688,0.006747,5.191040,0.006921,
feedback,8.058234,1786352456714,7,Ry,5.000000,60.000000,5.012512,0.012512,,,359.999969,-134.999222,479.999939,179.999481,-50.000015,-179.999451,360.006561,-134.999268,480.008942,179.946991,-89.584167,-179.946915,0.262853,0.000001,0.100505,0.006857,5.012512,0.000050,
feedback,8.065682,1786352456722,7,Ry,5.000000,60.000000,4.792786,-0.207214,,,359.999969,-134.999222,479.999939,179.999481,-50.000015,-179.999451,360.010712,-134.999573,480.003784,179.941574,-89.623306,-179.941437,0.585105,-0.085328,-0.753496,-0.000187,4.792786,0.020599,
feedback,8.075179,1786352456731,7,Ry,5.000000,60.000000,4.456329,-0.543671,,,359.999969,-134.999222,479.999939,179.999481,-50.000015,-179.999451,360.013336,-134.999481,479.998383,179.931427,-89.678703,-179.931351,0.151697,-0.118888,-0.432783,0.006898,4.456329,-0.027427,
feedback,8.082067,1786352456739,7,Ry,5.000000,60.000000,4.216004,-0.783996,,,359.999969,-134.999222,479.999939,179.999481,-50.000015,-179.999451,360.013062,-134.998917,479.996979,179.917831,-89.712654,-179.917694,-0.152144,0.183125,0.054086,0.020621,4.216003,0.020703,
feedback,8.091132,1786352456747,7,Ry,5.000000,60.000000,3.913879,-1.086121,,,359.999969,-134.999222,479.999939,179.999481,-50.000015,-179.999451,360.011932,-134.999146,479.996277,179.919846,-89.744400,-179.919846,-0.148008,0.074783,-0.061771,-0.006782,3.913879,-0.013763,
feedback,8.099150,1786352456756,7,Ry,5.000000,60.000000,3.735352,-1.264648,,,359.999969,-134.999222,479.999939,179.999481,-50.000015,-179.999451,360.010498,-134.999054,479.998108,179.909256,-89.774422,-179.909164,-0.113439,0.043144,0.136991,-0.000009,3.735352,0.006866,
feedback,8.107609,1786352456764,7,Ry,5.000000,60.000000,3.735352,-1.264648,,,359.999969,-134.999222,479.999939,179.999481,-50.000015,-179.999451,360.009033,-134.998917,480.000275,179.887527,-89.804062,-179.887390,-0.189130,0.086288,0.128670,-0.000011,3.735352,0.013733,
feedback,8.116554,1786352456773,7,Ry,5.000000,60.000000,3.714752,-1.285248,,,359.999969,-134.999222,479.999939,179.999481,-50.000015,-179.999451,360.008270,-134.999008,480.003601,179.876846,-89.833778,-179.876785,-0.039382,0.064236,0.505644,0.000031,3.714752,-0.006866,
command,8.100384,,,Ry,5.000000,75.000000,,,4049.470,10.466,359.999969,-134.999222,479.999939,179.999481,-50.000015,-179.999451,,,,,,,,,,,,,"0,{1294},RelMovLTool(0.000000,0.000000,0.000000,0.000000,15.000000,0.000000,a=30,v=23,cp=0);"
feedback,8.123551,1786352456782,7,Ry,5.000000,75.000000,3.762817,-1.237183,,,359.999969,-134.999222,479.999939,179.999481,-50.000015,-179.999451,360.007629,-134.999222,480.006989,179.826645,-89.863800,-179.826584,-0.096953,-0.022052,0.277381,0.006892,3.762817,-0.020583,
feedback,8.131786,1786352456790,7,Ry,5.000000,75.000000,3.549957,-1.450043,,,359.999969,-134.999222,479.999939,179.999481,-50.000015,-179.999451,360.008423,-134.999481,480.009430,179.794800,-89.892639,-179.794708,0.154740,-0.010546,0.261734,0.013715,3.549957,0.006892,
feedback,8.140675,1786352456799,7,Ry,5.000000,75.000000,3.192902,-1.807098,,,359.999969,-134.999222,479.999939,179.999481,-50.000015,-179.999451,360.012695,-134.999573,480.008484,179.695923,-89.932732,-179.695770,0.526342,-0.064236,-0.129238,-0.006887,3.192902,0.006858,
feedback,8.147968,1786352456807,7,Ry,5.000000,75.000000,3.062439,-1.937561,,,359.999969,-134.999222,479.999939,179.999481,-50.000015,-179.999451,360.018280,-134.999268,480.003021,179.515167,-89.957809,-179.514954,0.804755,-0.020129,-0.761695,-0.006904,3.062439,0.048060,
feedback,8.156642,1786352456816,7,Ry,5.000000,75.000000,2.890778,-2.109222,,,359.999969,-134.999222,479.999939,179.999481,-50.000015,-179.999451,360.025604,-134.999313,479.994507,178.825729,-89.981239,-178.825623,0.996390,0.000002,-1.217800,-0.006872,2.890778,-0.000002,
feedback,8.164467,1786352456824,7,Ry,5.000000,75.000000,2.609253,-2.390747,,,359.999969,-134.999222,479.999939,179.999481,-50.000015,-179.999451,360.031342,-134.999130,479.987000,7.765166,-89.997559,-7.765028,0.625183,0.043148,-0.901746,-0.020606,2.609253,0.006867,
feedback,8.173237,1786352456828,7,Ry,5.000000,75.000000,2.492523,-2.507477,,,359.999969,-134.999222,479.999939,179.999481,-50.000015,-179.999451,360.033142,-134.999313,479.984283,1.651084,-89.987610,-1.650974,0.444225,-0.043146,-0.676163,0.006862,2.492523,-0.006868,
feedback,8.180690,1786352456836,7,Ry,5.000000,75.000000,2.485657,-2.514343,,,359.999969,-134.999222,479.999939,179.999481,-50.000015,-179.999451,360.036133,-134.999359,479.980042,0.681508,-89.967674,-0.681371,0.327277,0.032602,-0.352411,0.006866,2.485657,0.013729,
feedback,8.189452,1786352456845,7,Ry,5.000000,75.000000,2.540588,-2.459412,,,359.999969,-134.999222,479.999939,179.999481,-50.000015,-179.999451,360.037140,-134.999130,479.978668,0.419303,-89.947456,-0.419166,0.027249,0.021092,-0.012466,-0.000019,2.540588,-0.013733,
feedback,8.197352,1786352456853,7,Ry,5.000000,75.000000,2.705383,-2.294617,,,359.999969,-134.999222,479.999939,179.999481,-50.000015,-179.999451,360.036224,-134.998962,479.981079,0.277098,-89.926170,-0.276933,-0.195503,0.043147,0.411219,-0.006874,2.705383,0.006875,
feedback,8.205960,1786352456862,7,Ry,5.000000,75.000000,2.918243,-2.081757,,,359.999969,-134.999222,479.999939,179.999481,-50.000015,-179.999451,360.033508,-134.999313,479.986969,0.211302,-89.903183,-0.211193,-0.416288,-0.139988,0.852247,-0.006860,2.918243,-0.013721,
feedback,8.213490,1786352456870,7,Ry,5.000000,75.000000,3.172302,-1.827698,,,359.999969,-134.999222,479.999939,179.999481,-50.000015,-179.999451,360.029572,-134.999268,479.994965,0.168108,-89.878326,-0.168026,-0.501678,-0.022055,1.117108,-0.013768,3.172302,-0.020570,
feedback,8.222766,1786352456879,7,Ry,5.000000,75.000000,3.577423,-1.422577,,,359.999969,-134.999222,479.999939,179.999481,-50.000015,-179.999451,360.024200,-134.999100,480.008026,0.116151,-89.837456,-0.116042,-0.319279,0.075745,0.997058,-0.013722,3.577423,0.020638,
feedback,8.229848,1786352456887,7,Ry,5.000000,75.000000,3.694153,-1.305847,,,359.999969,-134.999222,479.999939,179.999481,-50.000015,-179.999451,360.022064,-134.999405,480.015472,0.106748,-89.808456,-0.106721,-0.102943,-0.075746,0.613849,-0.006895,3.694153,-0.020576,
feedback,8.238073,1786352456895,7,Ry,5.000000,75.000000,3.790283,-1.209717,,,359.999969,-134.999222,479.999939,179.999481,-50.000015,-179.999451,360.020599,-134.999435,480.019897,0.092259,-89.778320,-0.092204,-0.182723,-0.010546,0.657558,-0.006845,3.790283,0.006893,
feedback,8.246223,1786352456904,7,Ry,5.000000,75.000000,3.948212,-1.051788,,,359.999969,-134.999222,479.999939,179.999481,-50.000015,-179.999451,360.019531,-134.999268,480.022400,0.074624,-89.747040,-0.074543,-0.226752,-0.000000,0.252050,-0.013740,3.948212,0.000061,
feedback,8.254973,1786352456912,7,Ry,5.000000,75.000000,4.188537,-0.811463,,,359.999969,-134.999222,479.999939,179.999481,-50.000015,-179.999451,360.017090,-134.999176,480.022614,0.071475,-89.714111,-0.071448,-0.272837,0.149567,-0.068509,-0.013946,4.188538,-0.027397,
feedback,8.263711,1786352456920,7,Ry,5.000000,75.000000,4.408264,-0.591736,,,359.999969,-134.999222,479.999939,179.999481,-50.000015,-179.999451,360.015717,-134.999054,480.021484,0.053918,-89.679283,-0.053837,-0.057821,0.096836,-0.176246,-0.027514,4.408264,0.007020,
feedback,8.272090,1786352456929,7,Ry,5.000000,75.000000,4.703522,-0.296478,,,359.999969,-134.999222,479.999939,179.999481,-50.000015,-179.999451,360.013580,-134.998703,480.019958,0.065918,-89.642204,-0.065782,-0.306488,0.139979,-0.105620,0.020540,4.703522,0.013604,
feedback,8.280126,1786352456937,7,Ry,5.000000,75.000000,4.895782,-0.104218,,,359.999969,-134.999222,479.999939,179.999481,-50.000015,-179.999451,360.010681,-134.999435,480.020599,0.051579,-89.603584,-0.051525,-0.342793,-0.000000,0.028594,-0.000007,4.895782,0.000000,
feedback,8.287063,1786352456945,7,Ry,5.000000,75.000000,5.074310,0.074310,,,359.999969,-134.999222,479.999939,179.999481,-50.000015,-179.999451,360.007294,-134.998917,480.022888,0.046861,-89.563705,-0.046725,-0.317515,0.096833,0.116935,-0.006933,5.074310,0.006919,
feedback,8.295542,1786352456954,7,Ry,5.000000,75.000000,5.184174,0.184174,,,359.999969,-134.999222,479.999939,179.999481,-50.000015,-179.999451,360.002747,-134.998962,480.026825,0.049457,-89.522728,-0.049294,-0.431403,0.076699,0.303634,0.014004,5.184174,0.054816,
feedback,8.303565,1786352456962,7,Ry,5.000000,75.000000,5.094910,0.094910,,,359.999969,-134.999222,479.999939,179.999481,-50.000015,-179.999451,359.997955,-134.999313,480.034546,0.040903,-89.461395,-0.040795,-0.255174,-0.031639,0.646344,0.000184,5.094910,0.020598,
feedback,8.311748,1786352456971,7,Ry,5.000000,75.000000,5.108643,0.108643,,,359.999969,-134.999222,479.999939,179.999481,-50.000015,-179.999451,359.997314,-134.999313,480.036865,0.032595,-89.420662,-0.032487,-0.123223,-0.021092,0.220810,-0.006737,5.108643,0.013802,
feedback,8.319914,1786352456979,7,Ry,5.000000,75.000000,5.149841,0.149841,,,359.999969,-134.999222,479.999939,179.999481,-50.000015,-179.999451,359.997467,-134.999313,480.037537,0.035509,-89.379578,-0.035401,0.067316,0.032597,-0.072346,0.000064,5.149841,0.013733,
feedback,8.328090,1786352456988,7,Ry,5.000000,75.000000,5.225372,0.225372,,,359.999969,-134.999222,479.999939,179.999481,-50.000015,-179.999451,359.999420,-134.999222,480.032715,0.028474,-89.338104,-0.028421,0.188951,-0.054648,-0.695856,-0.013980,5.225372,-0.034172,
feedback,8.336217,1786352456992,7,Ry,5.000000,75.000000,5.074310,0.074310,,,359.999969,-134.999222,479.999939,179.999481,-50.000015,-179.999451,360.000122,-134.999176,480.031403,0.034628,-89.317802,-0.034465,0.174174,0.011505,-0.325973,0.020831,5.074310,0.027219,
feedback,8.344415,1786352457001,7,Ry,5.000000,75.000000,4.998779,-0.001221,,,359.999969,-134.999222,479.999939,179.999481,-50.000015,-179.999451,360.003235,-134.999008,480.025635,0.032687,-89.277267,-0.032497,0.474889,0.086288,-0.679594,0.006852,4.998779,0.013646,
feedback,8.352552,1786352457009,7,Ry,5.000000,75.000000,5.081177,0.081177,,,359.999969,-134.999222,479.999939,179.999481,-50.000015,-179.999451,360.007843,-134.999359,480.017090,0.030931,-89.236206,-0.030796,0.654645,-0.010545,-1.149286,0.006948,5.081177,0.006774,
feedback,8.360835,1786352457017,7,Ry,5.000000,75.000000,4.943848,-0.056152,,,359.999969,-134.999222,479.999939,179.999481,-50.000015,-179.999451,360.013336,-134.999573,480.010651,0.031391,-89.196541,-0.031257,0.610159,-0.010545,-0.770677,0.013821,4.943848,0.006673,
feedback,8.369029,1786352457026,7,Ry,5.000000,75.000000,4.957581,-0.042419,,,359.999969,-134.999222,479.999939,179.999481,-50.000015,-179.999451,360.015930,-134.999359,480.006317,0.020557,-89.156883,-0.020422,0.169112,0.086291,-0.481762,-0.013741,4.957581,0.013935,
feedback,8.377010,1786352457034,7,Ry,5.000000,75.000000,4.833984,-0.166016,,,359.999969,-134.999222,479.999939,179.999481,-50.000015,-179.999451,360.016998,-134.999100,480.003235,0.023157,-89.117661,-0.023049,0.093085,0.010546,-0.332951,-0.000117,4.833984,-0.006866,
feedback,8.385264,1786352457043,7,Ry,5.000000,75.000000,4.806519,-0.193481,,,359.999969,-134.999222,479.999939,179.999481,-50.000015,-179.999451,360.015991,-134.999268,480.004883,0.020047,-89.059380,-0.019967,-0.088309,-0.021092,0.151608,0.000216,4.806519,0.013731,
feedback,8.393365,1786352457051,7,Ry,5.000000,75.000000,4.882050,-0.117950,,,359.999969,-134.999222,479.999939,179.999481,-50.000015,-179.999451,360.015167,-134.999313,480.006775,0.024090,-89.020241,-0.023984,-0.186554,-0.000000,0.378808,0.006856,4.882050,-0.000117,
feedback,8.401832,1786352457060,7,Ry,5.000000,75.000000,4.916382,-0.083618,,,359.999969,-134.999222,479.999939,179.999481,-50.000015,-179.999451,360.013275,-134.999435,480.009766,0.021588,-88.980850,-0.021536,-0.328646,-0.075744,0.491532,0.013602,4.916382,-0.020843,
feedback,8.409918,1786352457068,7,Ry,5.000000,75.000000,5.019379,0.019379,,,359.999969,-134.999222,479.999939,179.999481,-50.000015,-179.999451,360.012604,-134.999268,480.009796,0.019282,-88.940674,-0.019203,-0.086282,0.010546,-0.038776,-0.000137,5.019379,-0.006865,
feedback,8.418000,1786352457076,7,Ry,5.000000,75.000000,5.191040,0.191040,,,359.999969,-134.999222,479.999939,179.999481,-50.000015,-179.999451,360.012878,-134.999359,480.007538,0.018505,-88.899498,-0.018508,0.011896,-0.075743,-0.238488,-0.000139,5.191040,-0.020598,
feedback,8.426072,1786352457085,7,Ry,5.000000,75.000000,5.259704,0.259704,,,359.999969,-134.999222,479.999939,179.999481,-50.000015,-179.999451,360.011444,-134.999619,480.005646,0.017882,-88.857864,-0.017858,-0.310725,-0.075743,-0.106257,-0.007007,5.259705,-0.020461,
feedback,8.434392,1786352457093,7,Ry,5.000000,75.000000,5.273438,0.273438,,,359.999969,-134.999222,479.999939,179.999481,-50.000015,-179.999451,360.008575,-134.999573,480.004028,0.015997,-88.815643,-0.015863,-0.401607,-0.031639,-0.168317,-0.020177,5.273438,0.021021,
feedback,8.442528,1786352457101,7,Ry,5.000000,75.000000,5.191040,0.191040,,,359.999969,-134.999222,479.999939,179.999481,-50.000015,-179.999451,360.002747,-134.999130,480.007294,0.016684,-88.774010,-0.016551,-0.922055,-0.139979,0.477537,0.000134,5.191040,-0.013734,
feedback,8.450761,1786352457110,7,Ry,5.000000,75.000000,5.211639,0.211639,,,359.999969,-134.999222,479.999939,179.999481,-50.000015,-179.999451,359.996033,-134.999619,480.009430,0.014866,-88.732231,-0.014842,-0.782974,-0.086286,0.141948,-0.006870,5.211639,-0.013581,
feedback,8.458905,1786352457118,7,Ry,5.000000,75.000000,5.245972,0.245972,,,359.999969,-134.999222,479.999939,179.999481,-50.000015,-179.999451,359.991272,-134.999268,480.009766,0.015591,-88.690376,-0.015513,-0.583122,0.043141,-0.028707,0.006855,5.245972,0.006710,
feedback,8.467059,1786352457127,7,Ry,5.000000,75.000000,5.211639,0.211639,,,359.999969,-134.999222,479.999939,179.999481,-50.000015,-179.999451,359.985046,-134.999268,480.012909,0.012586,-88.627914,-0.012508,-0.515433,0.086282,0.215918,-0.013739,5.211639,0.014062,
feedback,8.476049,1786352457131,7,Ry,5.000000,75.000000,5.211639,0.211639,,,359.999969,-134.999222,479.999939,179.999481,-50.000015,-179.999451,359.983154,-134.999435,480.013336,0.013527,-88.607071,-0.013476,-0.475839,-0.043142,0.110602,0.006857,5.211639,-0.007033,
feedback,8.483889,1786352457139,7,Ry,5.000000,75.000000,5.136109,0.136109,,,359.999969,-134.999222,479.999939,179.999481,-50.000015,-179.999451,359.979645,-134.998749,480.015320,0.015333,-88.565979,-0.015173,-0.312444,0.119831,0.222514,0.000842,5.136108,0.061787,
feedback,8.492520,1786352457148,7,Ry,5.000000,75.000000,5.136108,0.136108,,,359.999969,-134.999222,479.999939,179.999481,-50.000015,-179.999451,359.976196,-134.999435,480.017029,0.013838,-88.524895,-0.013788,-0.413282,-0.086281,0.109459,-0.000007,5.136108,-0.013733,
feedback,8.500345,1786352457156,7,Ry,5.000000,75.000000,5.122376,0.122376,,,359.999969,-134.999222,479.999939,179.999481,-50.000015,-179.999451,359.973633,-134.999481,480.016724,0.013490,-88.483887,-0.013413,-0.372740,-0.064233,-0.025472,0.007220,5.122375,0.006680,
feedback,8.509374,1786352457165,7,Ry,5.000000,75.000000,5.039978,0.039978,,,359.999969,-134.999222,479.999939,179.999481,-50.000015,-179.999451,359.972778,-134.999313,480.016235,0.013138,-88.443291,-0.013033,-0.109995,0.032594,-0.008353,0.000177,5.039978,0.013730,
feedback,8.516187,1786352457173,7,Ry,5.000000,75.000000,4.936981,-0.063019,,,359.999969,-134.999222,479.999939,179.999481,-50.000015,-179.999451,359.973389,-134.999100,480.014801,0.011797,-88.403381,-0.011692,0.207403,0.086280,-0.275776,-0.006876,4.936981,0.013924,
feedback,8.524949,1786352457182,7,Ry,5.000000,75.000000,4.882049,-0.117951,,,359.999969,-134.999222,479.999939,179.999481,-50.000015,-179.999451,359.974274,-134.999435,480.014862,0.011511,-88.363892,-0.011461,0.203974,-0.032594,-0.053316,-0.013930,4.882050,-0.013338,
feedback,8.532626,1786352457190,7,Ry,5.000000,75.000000,4.806519,-0.193481,,,359.999969,-134.999222,479.999939,179.999481,-50.000015,-179.999451,359.977478,-134.999649,480.012726,0.013150,-88.325134,-0.013101,0.553035,0.000001,-0.346418,0.006859,4.806519,-0.000201,
feedback,8.541977,1786352457199,7,Ry,5.000000,75.000000,4.971314,-0.028686,,,359.999969,-134.999222,479.999939,179.999481,-50.000015,-179.999451,359.982666,-134.999130,480.007812,0.013606,-88.265587,-0.013475,0.435057,0.022050,-0.583658,0.020994,4.971313,0.019970,
feedback,8.548978,1786352457207,7,Ry,5.000000,75.000000,5.039978,0.039978,,,359.999969,-134.999222,479.999939,179.999481,-50.000015,-179.999451,359.988586,-134.999405,480.001495,0.011472,-88.225815,-0.011450,0.676223,0.021093,-0.838100,-0.000432,5.039978,-0.013726,
feedback,8.557886,1786352457215,7,Ry,5.000000,75.000000,4.998779,-0.001221,,,359.999969,-134.999222,479.999939,179.999481,-50.000015,-179.999451,359.994293,-134.999054,479.995361,0.011219,-88.186073,-0.011143,0.716956,0.086287,-0.712388,-0.006875,4.998779,0.013950,
feedback,8.565335,1786352457224,7,Ry,5.000000,75.000000,5.122376,0.122376,,,359.999969,-134.999222,479.999939,179.999481,-50.000015,-179.999451,359.999451,-134.999313,479.987579,0.011025,-88.144989,-0.010920,0.628323,-0.064234,-0.859274,0.007298,5.122375,0.006637,
feedback,8.573933,1786352457232,7,Ry,5.000000,75.000000,5.149841,0.149841,,,359.999969,-134.999222,479.999939,179.999481,-50.000015,-179.999451,360.004333,-134.999435,479.979370,0.011695,-88.103485,-0.011509,0.595559,-0.021091,-0.770936,-0.006418,5.149841,0.013953,
feedback,8.581792,1786352457241,7,Ry,5.000000,75.000000,5.163574,0.163574,,,359.999969,-134.999222,479.999939,179.999481,-50.000015,-179.999451,360.006744,-134.999527,479.973999,0.009769,-88.062233,-0.009665,0.167028,0.000000,-0.532560,-0.006870,5.163574,0.000232,
feedback,8.590609,1786352457249,7,Ry,5.000000,75.000000,5.163574,0.163574,,,359.999969,-134.999222,479.999939,179.999481,-50.000015,-179.999451,360.004761,-134.999268,479.973114,0.009510,-88.020782,-0.009433,-0.409109,-0.000960,0.058629,-0.021546,5.163574,-0.033604,
feedback,8.597978,1786352457257,7,Ry,5.000000,75.000000,5.156708,0.156708,,,359.999969,-134.999222,479.999939,179.999481,-50.000015,-179.999451,360.002411,-134.999619,479.972961,0.010871,-87.979309,-0.010850,-0.419941,-0.129431,0.092344,-0.000005,5.156708,-0.020599,
feedback,8.606793,1786352457266,7,Ry,5.000000,75.000000,5.170441,0.170441,,,359.999969,-134.999222,479.999939,179.999481,-50.000015,-179.999451,359.999023,-134.999390,479.973511,0.009971,-87.937813,-0.009813,-0.432703,0.000958,0.016221,-0.005884,5.170441,0.034562,
feedback,8.614500,1786352457270,7,Ry,5.000000,75.000000,5.376434,0.376434,,,359.999969,-134.999222,479.999939,179.999481,-50.000015,-179.999451,359.996185,-134.999435,479.974030,0.009786,-87.916306,-0.009738,-0.711272,-0.011505,0.134072,-0.000757,5.376434,-0.027452,
feedback,8.622708,1786352457278,7,Ry,5.000000,75.000000,5.232239,0.232239,,,359.999969,-134.999222,479.999939,179.999481,-50.000015,-179.999451,359.991669,-134.999130,479.975800,0.010360,-87.874474,-0.010230,-0.542720,0.032595,0.242455,0.007104,5.232239,0.013474,
feedback,8.630840,1786352457287,7,Ry,5.000000,75.000000,5.211639,0.211639,,,359.999969,-134.999222,479.999939,179.999481,-50.000015,-179.999451,359.986877,-134.998795,479.978363,0.009236,-87.812180,-0.009188,-0.297888,0.117921,0.118785,0.006060,5.211639,-0.007114,
feedback,8.639567,1786352457295,7,Ry,5.000000,75.000000,5.122375,0.122375,,,359.999969,-134.999222,479.999939,179.999481,-50.000015,-179.999451,359.985260,-134.999008,479.977997,0.009089,-87.770515,-0.009041,-0.154434,-0.032596,0.058749,0.006582,5.122375,-0.013995,
feedback,8.647460,1786352457304,7,Ry,5.000000,75.000000,5.273438,0.273438,,,359.999969,-134.999222,479.999939,179.999481,-50.000015,-179.999451,359.985718,-134.999268,479.973999,0.009663,-87.727753,-0.009589,0.050120,-0.074780,-0.421468,0.000807,5.273438,0.013717,
feedback,8.655984,1786352457312,7,Ry,5.000000,75.000000,5.191040,0.191040,,,359.999969,-134.999222,479.999939,179.999481,-50.000015,-179.999451,359.985748,-134.999359,479.972015,0.009434,-87.686172,-0.009442,-0.047364,-0.075737,-0.184633,0.006576,5.191040,-0.020871,
feedback,8.664419,1786352457320,7,Ry,5.000000,75.000000,5.012512,0.012512,,,359.999969,-134.999222,479.999939,179.999481,-50.000015,-179.999451,359.984985,-134.999481,479.972595,0.008684,-87.645576,-0.008609,-0.157529,-0.000000,0.221804,-0.006868,5.012512,0.000282,
feedback,8.671688,1786352457329,7,Ry,5.000000,75.000000,5.005646,0.005646,,,359.999969,-134.999222,479.999939,179.999481,-50.000015,-179.999451,359.984344,-134.999008,479.974060,0.008457,-87.605698,-0.008410,-0.031833,0.053687,0.185855,-0.000299,5.005646,0.000006,
feedback,8.681004,1786352457337,7,Ry,5.000000,75.000000,5.081177,0.081177,,,359.999969,-134.999222,479.999939,179.999481,-50.000015,-179.999451,359.984070,-134.999527,479.973175,0.007668,-87.564827,-0.007702,0.028747,-0.064233,-0.209533,-0.020002,5.081177,0.007729,
feedback,8.688030,1786352457345,7,Ry,5.000000,75.000000,4.964447,-0.035553,,,359.999969,-134.999222,479.999939,179.999481,-50.000015,-179.999451,359.985748,-134.998840,479.971832,0.007543,-87.525002,-0.007468,0.150390,0.075737,-0.137763,-0.006578,4.964447,0.020889,
feedback,8.696569,1786352457354,7,Ry,5.000000,75.000000,4.854584,-0.145416,,,359.999969,-134.999222,479.999939,179.999481,-50.000015,-179.999451,359.988983,-134.999054,479.970886,0.008077,-87.486023,-0.008003,0.429728,0.053689,-0.011245,0.013407,4.854584,-0.000596,
feedback,8.704471,1786352457362,7,Ry,5.000000,75.000000,4.909515,-0.090485,,,359.999969,-134.999222,479.999939,179.999481,-50.000015,-179.999451,359.992065,-134.999008,479.972290,0.008478,-87.428207,-0.008432,0.249763,0.096831,0.114488,0.006540,4.909515,0.006565,
feedback,8.713084,1786352457371,7,Ry,5.000000,75.000000,4.909515,-0.090485,,,359.999969,-134.999222,479.999939,179.999481,-50.000015,-179.999451,359.995575,-134.999481,479.971344,0.008323,-87.389206,-0.008387,0.406897,-0.162024,-0.285944,-0.000317,4.909515,-0.034325,
feedback,8.721271,1786352457379,7,Ry,5.000000,75.000000,4.861450,-0.138550,,,359.999969,-134.999222,479.999939,179.999481,-50.000015,-179.999451,359.998627,-134.999100,479.969727,0.008281,-87.350266,-0.008180,0.449445,0.032598,-0.354671,0.007165,4.861450,0.013408,
feedback,8.730416,1786352457388,7,Ry,5.000000,75.000000,4.978180,-0.021820,,,359.999969,-134.999222,479.999939,179.999481,-50.000015,-179.999451,360.000214,-134.999649,479.967438,0.006433,-87.310905,-0.006385,0.236902,-0.107378,-0.505016,-0.006219,4.978180,0.000307,
feedback,8.737256,1786352457396,7,Ry,5.000000,75.000000,5.005646,0.005646,,,359.999969,-134.999222,479.999939,179.999481,-50.000015,-179.999451,360.000702,-134.999100,479.966309,0.007463,-87.270889,-0.007362,-0.012638,0.064235,-0.010950,-0.000666,5.005646,-0.006851,
feedback,8.745675,1786352457404,7,Ry,5.000000,75.000000,5.033112,0.033112,,,359.999969,-134.999222,479.999939,179.999481,-50.000015,-179.999451,360.000427,-134.999359,479.966309,0.007977,-87.230759,-0.007849,0.087702,-0.010546,-0.218140,0.020897,5.033112,0.005863,
feedback,8.754008,1786352457413,7,Ry,5.000000,75.000000,5.129242,0.129242,,,359.999969,-134.999222,479.999939,179.999481,-50.000015,-179.999451,359.999054,-134.999176,479.965515,0.007751,-87.189919,-0.007733,-0.048761,0.074781,-0.189123,-0.007878,5.129242,-0.013372,
feedback,8.762359,1786352457417,7,Ry,5.000000,75.000000,5.170441,0.170441,,,359.999969,-134.999222,479.999939,179.999481,-50.000015,-179.999451,359.998169,-134.999222,479.965149,0.007276,-87.169235,-0.007093,-0.220583,-0.009588,-0.089194,-0.005175,5.170441,0.041496,
feedback,8.769826,1786352457425,7,Ry,5.000000,75.000000,5.149841,0.149841,,,359.999969,-134.999222,479.999939,179.999481,-50.000015,-179.999451,359.996613,-134.999100,479.965363,0.007089,-87.127815,-0.006988,-0.177154,0.117923,0.252162,-0.001045,5.149841,-0.006841,
feedback,8.778592,1786352457434,7,Ry,5.000000,75.000000,5.218506,0.218506,,,359.999969,-134.999222,479.999939,179.999481,-50.000015,-179.999451,359.995514,-134.999054,479.964661,0.006420,-87.086098,-0.006346,-0.269650,-0.000001,0.103453,-0.000013,5.218506,0.000000,
feedback,8.786433,1786352457442,7,Ry,5.000000,75.000000,5.197906,0.197906,,,359.999969,-134.999222,479.999939,179.999481,-50.000015,-179.999451,359.994812,-134.999268,479.965393,0.007258,-87.023499,-0.007323,-0.031547,-0.044101,-0.076264,-0.008291,5.197906,-0.040805,
feedback,8.794172,1786352457451,7,Ry,5.000000,75.000000,5.142975,0.142975,,,359.999969,-134.999222,479.999939,179.999481,-50.000015,-179.999451,359.992920,-134.999405,479.967743,0.006717,-86.981697,-0.006699,-0.159770,-0.096831,0.323004,-0.013360,5.142975,-0.006153,
feedback,8.802499,1786352457460,7,Ry,5.000000,75.000000,5.163574,0.163574,,,359.999969,-134.999222,479.999939,179.999481,-50.000015,-179.999451,359.991302,-134.999222,479.969910,0.007139,-86.940254,-0.007094,-0.284406,0.022049,0.407084,0.000723,5.163574,0.020580,
feedback,8.811104,1786352457468,7,Ry,5.000000,75.000000,5.122375,0.122375,,,359.999969,-134.999222,479.999939,179.999481,-50.000015,-179.999451,359.988190,-134.999268,479.974518,0.006563,-86.899002,-0.006491,-0.432978,-0.053689,0.735034,0.007218,5.122375,-0.000382,
feedback,8.818587,1786352457477,7,Ry,5.000000,75.000000,5.026245,0.026245,,,359.999969,-134.999222,479.999939,179.999481,-50.000015,-179.999451,359.983917,-134.999435,479.982239,0.006479,-86.858765,-0.006434,-0.477288,0.042184,0.869033,-0.015225,5.026245,-0.026672,
feedback,8.826864,1786352457485,7,Ry,5.000000,75.000000,4.943848,-0.056152,,,359.999969,-134.999222,479.999939,179.999481,-50.000015,-179.999451,359.980713,-134.999481,479.989532,0.006425,-86.818993,-0.006352,-0.431990,-0.139969,0.965308,0.000374,4.943848,-0.013743,
feedback,8.834927,1786352457493,7,Ry,5.000000,75.000000,4.957581,-0.042419,,,359.999969,-134.999222,479.999939,179.999481,-50.000015,-179.999451,359.979462,-134.999130,479.995483,0.006345,-86.779411,-0.006218,-0.073394,0.086281,0.650866,-0.000012,4.957581,0.013733,
feedback,8.843260,1786352457502,7,Ry,5.000000,75.000000,4.916382,-0.083618,,,359.999969,-134.999222,479.999939,179.999481,-50.000015,-179.999451,359.979156,-134.999100,479.999847,0.005759,-86.739944,-0.005658,0.039988,0.032595,0.533000,-0.006477,4.916382,0.014112,
feedback,8.851603,1786352457510,7,Ry,5.000000,75.000000,4.868317,-0.131683,,,359.999969,-134.999222,479.999939,179.999481,-50.000015,-179.999451,359.979584,-134.999100,480.003784,0.007119,-86.700722,-0.007021,0.055618,0.032595,0.567085,0.007239,4.868317,0.013326,
feedback,8.860002,1786352457519,7,Ry,5.000000,75.000000,4.916382,-0.083618,,,359.999969,-134.999222,479.999939,179.999481,-50.000015,-179.999451,359.983795,-134.999222,480.003693,0.006498,-86.641861,-0.006455,0.591389,-0.054643,-0.297673,0.005639,4.916382,-0.034699,
feedback,8.868107,1786352457527,7,Ry,5.000000,75.000000,4.923249,-0.076751,,,359.999969,-134.999222,479.999939,179.999481,-50.000015,-179.999451,359.989288,-134.999481,479.999237,0.005662,-86.602669,-0.005452,0.661921,-0.106417,-0.667080,-0.011277,4.923248,0.035074,
feedback,8.876454,1786352457535,7,Ry,5.000000,75.000000,4.916382,-0.083618,,,359.999969,-134.999222,479.999939,179.999481,-50.000015,-179.999451,359.993622,-134.999481,479.995575,0.005946,-86.563255,-0.005874,0.467374,-0.032596,-0.401473,-0.000419,4.916382,-0.013721,
feedback,8.884234,1786352457540,7,Ry,5.000000,75.000000,4.902649,-0.097351,,,359.999969,-134.999222,479.999939,179.999481,-50.000015,-179.999451,359.994812,-134.999435,479.994812,0.006794,-86.543648,-0.006751,0.297678,0.010547,-0.188804,0.013287,4.902649,-0.007682,
feedback,8.893096,1786352457548,7,Ry,5.000000,75.000000,4.840851,-0.159149,,,359.999969,-134.999222,479.999939,179.999481,-50.000015,-179.999451,359.995850,-134.998962,479.993713,0.005845,-86.504562,-0.005692,0.161440,0.161067,-0.102308,-0.014977,4.840851,0.000876,
feedback,8.900471,1786352457556,7,Ry,5.000000,75.000000,4.875183,-0.124817,,,359.999969,-134.999222,479.999939,179.999481,-50.000015,-179.999451,359.996216,-134.999268,479.993073,0.006198,-86.465805,-0.006128,0.039483,-0.010546,-0.159122,0.000414,4.875183,0.006853,
feedback,8.909195,1786352457565,7,Ry,5.000000,75.000000,4.943847,-0.056153,,,359.999969,-134.999222,479.999939,179.999481,-50.000015,-179.999451,359.996338,-134.999405,479.992737,0.006102,-86.426254,-0.006086,-0.028513,-0.044101,0.008261,-0.001719,4.943848,-0.041145,
feedback,8.916791,1786352457573,7,Ry,5.000000,75.000000,5.074310,0.074310,,,359.999969,-134.999222,479.999939,179.999481,-50.000015,-179.999451,359.998657,-134.999313,479.989349,0.006087,-86.385582,-0.005990,0.202013,-0.043143,-0.330715,-0.000010,5.074310,-0.006866,
feedback,8.924917,1786352457582,7,Ry,5.000000,75.000000,5.142975,0.142975,,,359.999969,-134.999222,479.999939,179.999481,-50.000015,-179.999451,360.000397,-134.999222,479.986206,0.006074,-86.344711,-0.005894,0.223362,0.011505,-0.454096,0.008153,5.142975,0.026986,
feedback,8.933031,1786352457590,7,Ry,5.000000,75.000000,5.211640,0.211640,,,359.999969,-134.999222,479.999939,179.999481,-50.000015,-179.999451,360.000214,-134.999100,479.986816,0.006350,-86.303680,-0.006253,-0.275338,0.022050,0.353884,0.007725,5.211639,0.020128,
feedback,8.941262,1786352457598,7,Ry,5.000000,75.000000,5.074310,0.074310,,,359.999969,-134.999222,479.999939,179.999481,-50.000015,-179.999451,360.000214,-134.999573,479.987030,0.005521,-86.262695,-0.005395,0.094641,-0.064235,-0.073452,-0.012816,5.074310,0.007732,
feedback,8.949346,1786352457607,7,Ry,5.000000,75.000000,5.259705,0.259705,,,359.999969,-134.999222,479.999939,179.999481,-50.000015,-179.999451,360.000702,-134.999481,479.986633,0.004962,-86.199883,-0.004891,0.036202,-0.043143,-0.059574,-0.006859,5.259705,-0.006411,
feedback,8.958374,1786352457615,7,Ry,5.000000,75.000000,5.259704,0.259704,,,359.999969,-134.999222,479.999939,179.999481,-50.000015,-179.999451,359.999695,-134.999695,479.987915,0.005753,-86.157974,-0.005684,-0.049761,-0.172573,0.000293,0.006846,5.259705,-0.027926,
feedback,8.965839,1786352457623,7,Ry,5.000000,75.000000,5.245972,0.245972,,,359.999969,-134.999222,479.999939,179.999481,-50.000015,-179.999451,359.998840,-134.999527,479.989899,0.005397,-86.116249,-0.005162,-0.265743,-0.064236,0.364996,0.000920,5.245972,0.006835,
feedback,8.974239,1786352457632,7,Ry,5.000000,75.000000,5.142975,0.142975,,,359.999969,-134.999222,479.999939,179.999481,-50.000015,-179.999451,359.998291,-134.999390,479.992493,0.004859,-86.074966,-0.004705,0.017529,0.000000,0.340105,-0.006860,5.142975,0.000470,
feedback,8.982232,1786352457640,7,Ry,5.000000,75.000000,5.129242,0.129242,,,359.999969,-134.999222,479.999939,179.999481,-50.000015,-179.999451,359.997955,-134.999435,479.994568,0.005122,-86.033829,-0.005080,0.030356,-0.032597,0.282659,-0.000482,5.129242,-0.013716,
feedback,8.992005,1786352457649,7,Ry,5.000000,75.000000,5.108643,0.108643,,,359.999969,-134.999222,479.999939,179.999481,-50.000015,-179.999451,359.999542,-134.998840,479.997101,0.004732,-85.992874,-0.004524,0.413403,0.108338,0.161565,-0.005907,5.108643,0.034779,
feedback,8.999980,1786352457657,7,Ry,5.000000,75.000000,5.081177,0.081177,,,359.999969,-134.999222,479.999939,179.999481,-50.000015,-179.999451,360.001831,-134.999313,479.997345,0.005045,-85.951920,-0.004948,0.437091,0.043144,0.080793,-0.000010,5.081177,0.006866,
feedback,9.008236,1786352457665,7,Ry,5.000000,75.000000,5.081177,0.081177,,,359.999969,-134.999222,479.999939,179.999481,-50.000015,-179.999451,360.005188,-134.999313,479.997681,0.005379,-85.911270,-0.005283,0.451749,0.086288,0.006633,0.013688,5.081177,0.012754,
feedback,9.015988,1786352457674,7,Ry,5.000000,75.000000,5.108643,0.108643,,,359.999969,-134.999222,479.999939,179.999481,-50.000015,-179.999451,360.009857,-134.999054,479.995789,0.004510,-85.870567,-0.004440,0.666093,0.021094,-0.325380,-0.007850,5.108643,-0.013203,
feedback,9.024653,1786352457682,7,Ry,5.000000,75.000000,5.142975,0.142975,,,359.999969,-134.999222,479.999939,179.999481,-50.000015,-179.999451,360.015411,-134.999603,479.992798,0.004603,-85.830139,-0.004450,0.638895,-0.021091,-0.396562,0.000991,5.142975,0.013697,
feedback,9.032234,1786352457691,7,Ry,5.000000,75.000000,4.833984,-0.166016,,,359.999969,-134.999222,479.999939,179.999481,-50.000015,-179.999451,360.023407,-134.998917,479.987915,0.004801,-85.770950,-0.004677,0.660963,0.074786,-0.381247,-0.008381,4.833984,-0.013170,
feedback,9.040229,1786352457699,7,Ry,5.000000,75.000000,4.868317,-0.131683,,,359.999969,-134.999222,479.999939,179.999481,-50.000015,-179.999451,360.025391,-134.999359,479.986023,0.004444,-85.731674,-0.004318,0.153074,-0.053692,-0.220687,-0.006346,4.868317,0.000492,
feedback,9.048710,1786352457707,7,Ry,5.000000,75.000000,4.813385,-0.186615,,,359.999969,-134.999222,479.999939,179.999481,-50.000015,-179.999451,360.027557,-134.999268,479.984589,0.004823,-85.692978,-0.004617,0.298034,0.000963,-0.309111,0.002051,4.813385,0.034255,
feedback,9.057299,1786352457716,7,Ry,5.000000,75.000000,4.875183,-0.124817,,,359.999969,-134.999222,479.999939,179.999481,-50.000015,-179.999451,360.028412,-134.998917,479.983521,0.004670,-85.653618,-0.004547,0.205946,0.107386,-0.082005,-0.001055,4.875183,0.000039,
feedback,9.065376,1786352457724,7,Ry,5.000000,75.000000,4.868317,-0.131683,,,359.999969,-134.999222,479.999939,179.999481,-50.000015,-179.999451,360.030151,-134.999268,479.981659,0.004986,-85.614532,-0.004919,0.318280,0.021093,-0.253506,-0.001059,4.868317,-0.013693,
feedback,9.073905,1786352457732,7,Ry,5.000000,75.000000,4.895782,-0.104218,,,359.999969,-134.999222,479.999939,179.999481,-50.000015,-179.999451,360.031097,-134.999222,479.982239,0.004205,-85.575340,-0.004162,0.050274,-0.022055,0.189516,-0.007915,4.895782,-0.020029,
feedback,9.081243,1786352457737,7,Ry,5.000000,75.000000,4.916382,-0.083618,,,359.999969,-134.999222,479.999939,179.999481,-50.000015,-179.999451,360.030762,-134.999649,479.983887,0.005301,-85.555672,-0.005262,-0.082539,-0.107386,0.415068,0.021597,4.916382,-0.001638,
feedback,9.090045,1786352457745,7,Ry,5.000000,75.000000,4.985046,-0.014954,,,359.999969,-134.999222,479.999939,179.999481,-50.000015,-179.999451,360.031982,-134.999359,479.984131,0.004930,-85.515739,-0.004808,0.141221,-0.064239,0.097773,0.021600,4.985046,0.005214,
feedback,9.098512,1786352457754,7,Ry,5.000000,75.000000,5.081176,0.081176,,,359.999969,-134.999222,479.999939,179.999481,-50.000015,-179.999451,360.034729,-134.999573,479.981781,0.004804,-85.475227,-0.004819,0.376237,-0.140951,-0.297845,0.012060,5.081177,-0.049084,
feedback,9.106546,1786352457762,7,Ry,5.000000,75.000000,5.239105,0.239105,,,359.999969,-134.999222,479.999939,179.999481,-50.000015,-179.999451,360.036865,-134.999832,479.978516,0.004127,-85.433533,-0.004112,0.197764,-0.129443,-0.386435,-0.000003,5.239105,-0.020599,
feedback,9.114799,1786352457771,7,Ry,5.000000,75.000000,5.177307,0.177307,,,359.999969,-134.999222,479.999939,179.999481,-50.000015,-179.999451,360.036407,-134.999619,479.979431,0.005061,-85.371353,-0.005050,-0.216381,-0.031639,0.283574,0.015345,5.177307,0.019424,
feedback,9.122436,1786352457779,7,Ry,5.000000,75.000000,5.259705,0.259705,,,359.999969,-134.999222,479.999939,179.999481,-50.000015,-179.999451,360.033569,-134.999435,479.981354,0.004343,-85.329903,-0.004303,-0.473350,-0.000001,0.341477,-0.000008,5.259705,0.000000,
feedback,9.131845,1786352457787,7,Ry,5.000000,75.000000,5.259705,0.259705,,,359.999969,-134.999222,479.999939,179.999481,-50.000015,-179.999451,360.030701,-134.999176,479.982452,0.004359,-85.287910,-0.004209,-0.393247,-0.031639,0.118910,-0.005164,5.259705,0.021094,
feedback,9.139354,1786352457796,7,Ry,5.000000,75.000000,5.197906,0.197906,,,359.999969,-134.999222,479.999939,179.999481,-50.000015,-179.999451,360.028412,-134.999481,479.983490,0.004293,-85.246109,-0.004226,-0.221991,-0.000962,0.200577,-0.009127,5.197906,-0.033669,
feedback,9.147316,1786352457804,7,Ry,5.000000,75.000000,5.088043,0.088043,,,359.999969,-134.999222,479.999939,179.999481,-50.000015,-179.999451,360.025757,-134.999313,479.986816,0.004911,-85.205101,-0.004819,-0.303951,-0.086293,0.520581,0.006833,5.088043,-0.014307,
feedback,9.155803,1786352457813,7,Ry,5.000000,75.000000,5.081177,0.081177,,,359.999969,-134.999222,479.999939,179.999481,-50.000015,-179.999451,360.022247,-134.999359,479.992126,0.004573,-85.164230,-0.004451,-0.402669,0.053691,0.772782,0.013095,5.081177,-0.001133,
feedback,9.164456,1786352457821,7,Ry,5.000000,75.000000,5.074310,0.074310,,,359.999969,-134.999222,479.999939,179.999481,-50.000015,-179.999451,360.019318,-134.999176,479.997955,0.004857,-85.123665,-0.004709,-0.445856,-0.000001,0.781516,-0.000012,5.074310,-0.000000,
feedback,9.172361,1786352457829,7,Ry,5.000000,75.000000,4.985047,-0.014953,,,359.999969,-134.999222,479.999939,179.999481,-50.000015,-179.999451,360.017212,-134.999084,480.003693,0.004233,-85.083755,-0.004002,-0.269944,0.065197,0.767525,0.001163,4.985046,0.027415,
feedback,9.180782,1786352457838,7,Ry,5.000000,75.000000,4.950714,-0.049286,,,359.999969,-134.999222,479.999939,179.999481,-50.000015,-179.999451,360.014984,-134.999481,480.009216,0.004118,-85.043900,-0.004051,-0.246644,-0.022053,0.713557,-0.008034,4.950714,-0.019955,
feedback,9.188253,1786352457846,7,Ry,5.000000,75.000000,4.840851,-0.159149,,,359.999969,-134.999222,479.999939,179.999481,-50.000015,-179.999451,360.011719,-134.999527,480.018646,0.004097,-84.985260,-0.004002,-0.362342,-0.118888,0.798412,-0.000607,4.840851,-0.027440,
feedback,9.196323,1786352457855,7,Ry,5.000000,75.000000,4.827118,-0.172882,,,359.999969,-134.999222,479.999939,179.999481,-50.000015,-179.999451,360.010681,-134.998962,480.022888,0.004038,-84.946510,-0.003889,-0.133291,0.107381,0.496356,-0.014903,4.827118,0.001263,
feedback,9.204647,1786352457863,7,Ry,5.000000,75.000000,4.792786,-0.207214,,,359.999969,-134.999222,479.999939,179.999481,-50.000015,-179.999451,360.009979,-134.999313,480.026489,0.004624,-84.908165,-0.004532,-0.006812,0.010546,0.371400,0.013060,4.792786,-0.008058,
feedback,9.213469,1786352457872,7,Ry,5.000000,75.000000,4.833984,-0.166016,,,359.999969,-134.999222,479.999939,179.999481,-50.000015,-179.999451,360.009644,-134.999222,480.027588,0.004228,-84.869576,-0.004190,-0.053306,-0.044104,0.060683,0.004374,4.833984,-0.041703,
feedback,9.221071,1786352457880,7,Ry,5.000000,75.000000,4.882049,-0.117951,,,359.999969,-134.999222,479.999939,179.999481,-50.000015,-179.999451,360.010468,-134.998886,480.027710,0.004195,-84.830521,-0.004103,0.035615,0.085329,0.022259,0.004350,4.882050,-0.021106,
feedback,9.229599,1786352457888,7,Ry,5.000000,75.000000,4.916382,-0.083618,,,359.999969,-134.999222,479.999939,179.999481,-50.000015,-179.999451,360.012573,-134.999176,480.024872,0.003834,-84.791054,-0.003823,0.251920,0.042185,-0.298936,-0.002503,4.916382,-0.027352,
feedback,9.237283,1786352457897,7,Ry,5.000000,75.000000,4.882049,-0.117951,,,359.999969,-134.999222,479.999939,179.999481,-50.000015,-179.999451,360.014404,-134.999603,480.022552,0.004568,-84.752022,-0.004422,0.161099,-0.096836,-0.228183,0.014296,4.882050,-0.008151,
feedback,9.245556,1786352457901,7,Ry,5.000000,75.000000,4.991913,-0.008087,,,359.999969,-134.999222,479.999939,179.999481,-50.000015,-179.999451,360.016052,-134.999313,480.019714,0.003872,-84.732056,-0.003779,0.409669,0.074784,-0.704742,-0.015576,4.991913,-0.012385,
feedback,9.253648,1786352457909,7,Ry,5.000000,75.000000,5.026245,0.026245,,,359.999969,-134.999222,479.999939,179.999481,-50.000015,-179.999451,360.017303,-134.998840,480.018127,0.003871,-84.692200,-0.003668,0.117414,0.075745,-0.232376,-0.013056,5.026245,0.021840,
feedback,9.262424,1786352457918,7,Ry,5.000000,75.000000,5.019379,0.019379,,,359.999969,-134.999222,479.999939,179.999481,-50.000015,-179.999451,360.017670,-134.999313,480.016907,0.003227,-84.652077,-0.003132,0.090065,-0.043145,-0.200136,-0.006846,5.019379,-0.006226,
feedback,9.270011,1786352457926,7,Ry,5.000000,75.000000,5.039978,0.039978,,,359.999969,-134.999222,479.999939,179.999481,-50.000015,-179.999451,360.018738,-134.999649,480.018402,0.003495,-84.612411,-0.003455,-0.035914,-0.129436,0.265305,0.006831,5.039978,-0.021244,
feedback,9.278742,1786352457934,7,Ry,5.000000,75.000000,5.033112,0.033112,,,359.999969,-134.999222,479.999939,179.999481,-50.000015,-179.999451,360.015045,-134.999222,480.026031,0.003113,-84.552155,-0.003072,-0.462121,0.043144,0.841898,-0.013681,5.033112,0.008170,
feedback,9.286528,1786352457943,7,Ry,5.000000,75.000000,5.108643,0.108643,,,359.999969,-134.999222,479.999939,179.999481,-50.000015,-179.999451,360.010925,-134.999435,480.031525,0.003974,-84.511642,-0.003938,-0.658678,-0.053692,0.701567,-0.006186,5.108643,0.000625,
feedback,9.294621,1786352457951,7,Ry,5.000000,75.000000,5.170441,0.170441,,,359.999969,-134.999222,479.999939,179.999481,-50.000015,-179.999451,360.006470,-134.999527,480.036011,0.003716,-84.470413,-0.003623,-0.417321,0.010546,0.412872,-0.007504,5.170441,-0.006173,
feedback,9.303689,1786352457960,7,Ry,5.000000,75.000000,5.184174,0.184174,,,359.999969,-134.999222,479.999939,179.999481,-50.000015,-179.999451,360.001953,-134.998962,480.039520,0.003832,-84.428864,-0.003823,-0.406410,0.117924,0.441872,0.004822,5.184174,-0.007436,
feedback,9.312354,1786352457968,7,Ry,5.000000,75.000000,5.204773,0.204773,,,359.999969,-134.999222,479.999939,179.999481,-50.000015,-179.999451,359.998474,-134.999268,480.041412,0.003326,-84.387222,-0.003260,-0.425168,-0.032598,0.136219,-0.007515,5.204773,-0.013028,
feedback,9.319919,1786352457977,7,Ry,5.000000,75.000000,5.321503,0.321503,,,359.999969,-134.999222,479.999939,179.999481,-50.000015,-179.999451,359.996063,-134.999100,480.042603,0.003856,-84.345421,-0.003765,-0.305942,0.043142,0.116198,-0.000013,5.321503,0.006866,
feedback,9.328719,1786352457985,7,Ry,5.000000,75.000000,5.328369,0.328369,,,359.999969,-134.999222,479.999939,179.999481,-50.000015,-179.999451,359.995758,-134.999100,480.040192,0.004102,-84.302986,-0.004013,0.019002,0.032597,-0.346484,0.014334,5.328369,0.012336,
feedback,9.336049,1786352457993,7,Ry,5.000000,75.000000,5.300903,0.300903,,,359.999969,-134.999222,479.999939,179.999481,-50.000015,-179.999451,359.996216,-134.999390,480.036865,0.003607,-84.260605,-0.003461,-0.058936,-0.074781,-0.515309,-0.011614,5.300903,0.015003,
feedback,9.345100,1786352458002,7,Ry,5.000000,75.000000,5.170441,0.170441,,,359.999969,-134.999222,479.999939,179.999481,-50.000015,-179.999451,359.997101,-134.999359,480.034546,0.003283,-84.219162,-0.003162,0.117442,0.129429,-0.240902,-0.013673,5.170441,0.021983,
feedback,9.352642,1786352458010,7,Ry,5.000000,75.000000,5.094910,0.094910,,,359.999969,-134.999222,479.999939,179.999481,-50.000015,-179.999451,359.995453,-134.998917,480.034149,0.003572,-84.157692,-0.003315,-0.318180,0.075738,0.035973,0.007513,5.094910,0.019865,
feedback,9.361426,1786352458019,7,Ry,5.000000,75.000000,5.191040,0.191040,,,359.999969,-134.999222,479.999939,179.999481,-50.000015,-179.999451,359.992798,-134.999176,480.033661,0.003226,-84.116821,-0.003078,-0.275550,-0.000001,-0.082789,0.006818,5.191040,-0.000704,
feedback,9.368918,1786352458027,7,Ry,5.000000,75.000000,5.033112,0.033112,,,359.999969,-134.999222,479.999939,179.999481,-50.000015,-179.999451,359.992371,-134.999268,480.031860,0.003149,-84.076393,-0.003084,0.188650,0.053689,-0.360975,-0.007548,5.033112,0.000745,
feedback,9.377709,1786352458036,7,Ry,5.000000,75.000000,4.923248,-0.076752,,,359.999969,-134.999222,479.999939,179.999481,-50.000015,-179.999451,359.993713,-134.998795,480.029022,0.003308,-84.036758,-0.003272,0.233329,0.085328,-0.367068,0.003962,4.923248,-0.021164,
feedback,9.385146,1786352458044,7,Ry,5.000000,75.000000,4.888916,-0.111084,,,359.999969,-134.999222,479.999939,179.999481,-50.000015,-179.999451,359.995483,-134.998749,480.026855,0.003368,-83.997589,-0.003222,0.271672,0.172571,-0.272984,-0.000016,4.888916,0.027466,
feedback,9.393907,1786352458052,7,Ry,5.000000,75.000000,4.916382,-0.083618,,,359.999969,-134.999222,479.999939,179.999481,-50.000015,-179.999451,359.995239,-134.999527,480.027557,0.003401,-83.958450,-0.003310,-0.112595,-0.053689,0.070856,0.000716,4.916382,-0.000038,
feedback,9.401432,1786352458061,7,Ry,5.000000,75.000000,4.916382,-0.083618,,,359.999969,-134.999222,479.999939,179.999481,-50.000015,-179.999451,359.995880,-134.999222,480.027313,0.003039,-83.919174,-0.003001,0.202222,-0.043142,-0.113707,-0.000009,4.916382,-0.006866,
feedback,9.409510,1786352458069,7,Ry,5.000000,75.000000,4.923248,-0.076752,,,359.999969,-134.999222,479.999939,179.999481,-50.000015,-179.999451,359.996735,-134.999176,480.024750,0.003248,-83.879738,-0.003239,0.134850,0.096832,-0.262804,-0.000742,4.923248,0.006906,
feedback,9.417773,1786352458073,7,Ry,5.000000,75.000000,4.902649,-0.097351,,,359.999969,-134.999222,479.999939,179.999481,-50.000015,-179.999451,359.997742,-134.999405,480.023041,0.003264,-83.860123,-0.003256,0.257186,-0.053689,-0.422780,0.000727,4.902649,-0.000039,
feedback,9.425936,1786352458082,7,Ry,5.000000,75.000000,5.019379,0.019379,,,359.999969,-134.999222,479.999939,179.999481,-50.000015,-179.999451,359.999298,-134.999313,480.020660,0.003044,-83.820244,-0.002952,0.060775,0.000000,-0.134994,-0.000010,5.019379,-0.000000,
feedback,9.434049,1786352458090,7,Ry,5.000000,75.000000,5.108643,0.108643,,,359.999969,-134.999222,479.999939,179.999481,-50.000015,-179.999451,359.999847,-134.999649,480.016998,0.003516,-83.759247,-0.003482,0.035014,-0.043143,-0.349744,0.006821,5.108643,-0.007613,
feedback,9.442437,1786352458099,7,Ry,5.000000,75.000000,5.122376,0.122376,,,359.999969,-134.999222,479.999939,179.999481,-50.000015,-179.999451,359.999878,-134.999313,480.014191,0.003493,-83.718292,-0.003404,0.026381,-0.021092,-0.360225,0.015143,5.122375,0.012148,
feedback,9.450350,1786352458107,7,Ry,5.000000,75.000000,5.218506,0.218506,,,359.999969,-134.999222,479.999939,179.999481,-50.000015,-179.999451,359.999451,-134.999130,480.011017,0.003470,-83.676628,-0.003354,-0.146451,0.032597,-0.304595,0.021218,5.218506,0.011422,
feedback,9.458665,1786352458116,7,Ry,5.000000,75.000000,5.266571,0.266571,,,359.999969,-134.999222,479.999939,179.999481,-50.000015,-179.999451,359.998566,-134.999313,480.007416,0.002954,-83.634056,-0.002863,-0.094623,-0.074782,-0.396363,0.002274,5.266571,0.013606,
feedback,9.466705,1786352458124,7,Ry,5.000000,75.000000,5.362701,0.362701,,,359.999969,-134.999222,479.999939,179.999481,-50.000015,-179.999451,359.998993,-134.999268,480.002747,0.003151,-83.591316,-0.003089,0.107210,-0.053689,-0.679638,0.000756,5.362701,-0.000043,
feedback,9.475085,1786352458132,7,Ry,5.000000,75.000000,5.335235,0.335235,,,359.999969,-134.999222,479.999939,179.999481,-50.000015,-179.999451,359.999176,-134.999268,479.999908,0.002887,-83.548721,-0.002824,0.146651,-0.000958,-0.391739,-0.003096,5.335236,-0.034158,
feedback,9.483316,1786352458141,7,Ry,5.000000,75.000000,5.328369,0.328369,,,359.999969,-134.999222,479.999939,179.999481,-50.000015,-179.999451,360.000854,-134.999359,479.995392,0.003406,-83.506172,-0.003290,0.296556,0.000001,-0.682665,0.020457,5.328369,-0.002330,
feedback,9.491337,1786352458149,7,Ry,5.000000,75.000000,5.390167,0.390167,,,359.999969,-134.999222,479.999939,179.999481,-50.000015,-179.999451,360.003418,-134.999481,479.988770,0.002637,-83.463356,-0.002572,0.231096,-0.053689,-0.915470,-0.006048,5.390167,0.000737,
feedback,9.499504,1786352458157,7,Ry,5.000000,75.000000,5.280304,0.280304,,,359.999969,-134.999222,479.999939,179.999481,-50.000015,-179.999451,360.005493,-134.999054,479.984406,0.003041,-83.420807,-0.002979,0.150788,0.010546,-0.386353,-0.000799,5.280304,-0.006821,
feedback,9.507709,1786352458166,7,Ry,5.000000,75.000000,5.232239,0.232239,,,359.999969,-134.999222,479.999939,179.999481,-50.000015,-179.999451,360.005157,-134.999405,479.981262,0.003021,-83.378510,-0.003014,-0.052998,0.053690,-0.355059,0.006021,5.232239,-0.000746,
feedback,9.515817,1786352458174,7,Ry,5.000000,75.000000,5.163574,0.163574,,,359.999969,-134.999222,479.999939,179.999481,-50.000015,-179.999451,360.004425,-134.999390,479.979767,0.003111,-83.337013,-0.002967,-0.058962,-0.031638,-0.305613,0.009200,5.163574,0.019664,
feedback,9.524268,1786352458183,7,Ry,5.000000,75.000000,5.129242,0.129242,,,359.999969,-134.999222,479.999939,179.999481,-50.000015,-179.999451,360.003723,-134.999313,479.977417,0.002795,-83.275238,-0.002705,-0.069877,-0.000000,-0.248447,-0.006829,5.129242,0.000804,
feedback,9.532633,1786352458191,7,Ry,5.000000,75.000000,5.067444,0.067444,,,359.999969,-134.999222,479.999939,179.999481,-50.000015,-179.999451,360.002960,-134.998917,479.977325,0.002982,-83.234512,-0.002866,-0.049152,0.150523,0.065118,-0.015270,5.067444,0.008580,
feedback,9.541047,1786352458199,7,Ry,5.000000,75.000000,4.936981,-0.063019,,,359.999969,-134.999222,479.999939,179.999481,-50.000015,-179.999451,360.002197,-134.999527,479.978088,0.003019,-83.194603,-0.002931,-0.047383,-0.031638,0.193843,0.009252,4.936981,0.019641,
feedback,9.548964,1786352458208,7,Ry,5.000000,75.000000,4.930115,-0.069885,,,359.999969,-134.999222,479.999939,179.999481,-50.000015,-179.999451,360.003510,-134.999176,479.977570,0.002663,-83.155159,-0.002656,0.297665,0.021093,-0.335328,-0.001646,4.930115,-0.013635,
feedback,9.557226,1786352458216,7,Ry,5.000000,75.000000,4.923248,-0.076752,,,359.999969,-134.999222,479.999939,179.999481,-50.000015,-179.999451,360.006897,-134.999222,479.975067,0.003012,-83.116158,-0.002842,0.576091,-0.021091,-0.557103,-0.005183,4.923248,0.014457,
feedback,9.565916,1786352458225,7,Ry,5.000000,75.000000,4.861450,-0.138550,,,359.999969,-134.999222,479.999939,179.999481,-50.000015,-179.999451,360.010712,-134.999390,479.972687,0.002769,-83.077049,-0.002625,0.460759,-0.031637,-0.173074,-0.017976,4.861450,0.022932,
feedback,9.574046,1786352458233,7,Ry,5.000000,75.000000,4.882050,-0.117950,,,359.999969,-134.999222,479.999939,179.999481,-50.000015,-179.999451,360.012756,-134.999405,479.971680,0.002644,-83.037910,-0.002637,0.174650,0.043145,0.002913,-0.000007,4.882050,0.006866,
feedback,9.582256,1786352458237,7,Ry,5.000000,75.000000,4.806519,-0.193481,,,359.999969,-134.999222,479.999939,179.999481,-50.000015,-179.999451,360.013367,-134.999527,479.973236,0.002712,-82.999458,-0.002622,0.000878,-0.043145,0.299689,-0.006822,4.806519,-0.006030,
feedback,9.589974,1786352458245,7,Ry,5.000000,75.000000,4.772186,-0.227814,,,359.999969,-134.999222,479.999939,179.999481,-50.000015,-179.999451,360.013275,-134.999222,479.974060,0.002732,-82.980370,-0.002560,-0.025946,0.075743,0.209794,0.000828,4.772186,0.020548,
feedback,9.598576,1786352458254,7,Ry,5.000000,75.000000,4.916382,-0.083618,,,359.999969,-134.999222,479.999939,179.999481,-50.000015,-179.999451,360.013306,-134.999435,479.973999,0.003300,-82.941391,-0.003270,-0.082846,0.010546,0.059892,-0.007665,4.916382,-0.005971,
feedback,9.606705,1786352458262,7,Ry,5.000000,75.000000,4.991913,-0.008087,,,359.999969,-134.999222,479.999939,179.999481,-50.000015,-179.999451,360.012878,-134.999176,479.973816,0.002895,-82.901489,-0.002752,-0.104988,0.044105,0.088299,0.017010,4.991913,0.039291,
feedback,9.615051,1786352458271,7,Ry,5.000000,75.000000,5.012512,0.012512,,,359.999969,-134.999222,479.999939,179.999481,-50.000015,-179.999451,360.010376,-134.999649,479.975464,0.003280,-82.841309,-0.003251,-0.339182,-0.118888,0.337625,0.019578,5.012512,-0.029979,
feedback,9.622645,1786352458279,7,Ry,5.000000,75.000000,5.053711,0.053711,,,359.999969,-134.999222,479.999939,179.999481,-50.000015,-179.999451,360.006989,-134.999313,479.979156,0.003044,-82.800850,-0.002958,-0.430582,0.064235,0.526817,0.011894,5.053711,-0.008479,
feedback,9.630911,1786352458288,7,Ry,5.000000,75.000000,5.094910,0.094910,,,359.999969,-134.999222,479.999939,179.999481,-50.000015,-179.999451,360.002289,-134.999268,479.983795,0.003325,-82.760178,-0.003132,-0.555259,0.022050,0.542606,0.008530,5.094910,0.019625,
feedback,9.639050,1786352458296,7,Ry,5.000000,75.000000,5.088043,0.088043,,,359.999969,-134.999222,479.999939,179.999481,-50.000015,-179.999451,359.998810,-134.999527,479.987061,0.002822,-82.719414,-0.002735,-0.366962,0.043143,0.352954,-0.006818,5.088043,0.007737,
feedback,9.646722,1786352458304,7,Ry,5.000000,75.000000,5.191040,0.191040,,,359.999969,-134.999222,479.999939,179.999481,-50.000015,-179.999451,359.993530,-134.999573,479.992249,0.003047,-82.677780,-0.002935,-0.671240,-0.032597,0.653270,0.005928,5.191040,-0.014552,
feedback,9.654966,1786352458313,7,Ry,5.000000,75.000000,5.191040,0.191040,,,359.999969,-134.999222,479.999939,179.999481,-50.000015,-179.999451,359.988770,-134.999435,479.996552,0.002845,-82.636223,-0.002676,-0.553668,0.022049,0.508170,-0.011869,5.191040,0.022246,
feedback,9.663865,1786352458321,7,Ry,5.000000,75.000000,5.101776,0.101776,,,359.999969,-134.999222,479.999939,179.999481,-50.000015,-179.999451,359.984894,-134.999481,480.000153,0.002857,-82.595215,-0.002661,-0.339015,0.000956,0.297738,0.010339,5.101776,0.033218,
feedback,9.671468,1786352458330,7,Ry,5.000000,75.000000,5.129242,0.129242,,,359.999969,-134.999222,479.999939,179.999481,-50.000015,-179.999451,359.980164,-134.999222,480.004761,0.002997,-82.553795,-0.002830,-0.580980,0.107372,0.589949,-0.008601,5.129242,0.001006,
feedback,9.679404,1786352458338,7,Ry,5.000000,75.000000,5.149841,0.149841,,,359.999969,-134.999222,479.999939,179.999481,-50.000015,-179.999451,359.975891,-134.999573,480.007721,0.002772,-82.512375,-0.002658,-0.528673,-0.129422,0.410129,0.006800,5.149841,-0.021494,
feedback,9.687790,1786352458346,7,Ry,5.000000,75.000000,5.115509,0.115509,,,359.999969,-134.999222,479.999939,179.999481,-50.000015,-179.999451,359.973297,-134.999390,480.009216,0.002964,-82.471100,-0.002825,-0.275077,-0.010547,0.305172,0.021312,5.115509,0.004108,
feedback,9.695895,1786352458355,7,Ry,5.000000,75.000000,5.197906,0.197906,,,359.999969,-134.999222,479.999939,179.999481,-50.000015,-179.999451,359.972473,-134.999573,480.006958,0.003147,-82.409462,-0.003037,-0.070404,-0.043140,-0.117539,0.006799,5.197906,-0.007773,
feedback,9.704244,1786352458363,7,Ry,5.000000,75.000000,5.081177,0.081177,,,359.999969,-134.999222,479.999939,179.999481,-50.000015,-179.999451,359.973755,-134.999313,480.005341,0.003075,-82.368706,-0.002993,0.112875,0.064232,-0.093741,0.004972,5.081177,-0.007657,
feedback,9.712387,1786352458372,7,Ry,5.000000,75.000000,5.074310,0.074310,,,359.999969,-134.999222,479.999939,179.999481,-50.000015,-179.999451,359.975464,-134.999176,480.002899,0.003086,-82.328003,-0.002949,0.184886,0.086281,-0.196388,0.013598,5.074310,0.011900,
feedback,9.720656,1786352458380,7,Ry,5.000000,75.000000,5.026245,0.026245,,,359.999969,-134.999222,479.999939,179.999481,-50.000015,-179.999451,359.977417,-134.999695,479.999542,0.002664,-82.287567,-0.002606,0.195000,-0.021092,-0.341140,-0.004966,5.026245,0.014530,
feedback,9.729483,1786352458384,7,Ry,5.000000,75.000000,5.026245,0.026245,,,359.999969,-134.999222,479.999939,179.999481,-50.000015,-179.999451,359.978943,-134.999481,479.997437,0.002630,-82.267464,-0.002571,0.383466,0.053687,-0.521626,-0.000931,5.026245,0.000062,
feedback,9.736996,1786352458393,7,Ry,5.000000,75.000000,4.875183,-0.124817,,,359.999969,-134.999222,479.999939,179.999481,-50.000015,-179.999451,359.982391,-134.999313,479.993317,0.003019,-82.228378,-0.002937,0.442494,0.000001,-0.551727,0.013597,4.875183,-0.001857,
feedback,9.745730,1786352458401,7,Ry,5.000000,75.000000,4.902649,-0.097351,,,359.999969,-134.999222,479.999939,179.999481,-50.000015,-179.999451,359.984161,-134.999146,479.991669,0.003094,-82.189377,-0.003124,0.306895,0.128468,-0.291931,0.003061,4.902649,-0.014411,
feedback,9.753337,1786352458409,7,Ry,5.000000,75.000000,4.875183,-0.124817,,,359.999969,-134.999222,479.999939,179.999481,-50.000015,-179.999451,359.984222,-134.999359,479.993042,0.002817,-82.150597,-0.002706,0.104232,0.032595,0.074760,0.014533,4.875183,0.011793,
feedback,9.761611,1786352458418,7,Ry,5.000000,75.000000,4.806518,-0.193482,,,359.999969,-134.999222,479.999939,179.999481,-50.000015,-179.999451,359.984039,-134.999435,479.994232,0.002550,-82.112061,-0.002519,0.018440,-0.054644,0.137657,0.003968,4.806519,-0.035080,
feedback,9.769639,1786352458426,7,Ry,5.000000,75.000000,4.861450,-0.138550,,,359.999969,-134.999222,479.999939,179.999481,-50.000015,-179.999451,359.985382,-134.999435,479.993988,0.002734,-82.073395,-0.002706,0.240271,0.010546,-0.187130,-0.000954,4.861450,-0.006801,
feedback,9.778376,1786352458435,7,Ry,5.000000,75.000000,4.971314,-0.028686,,,359.999969,-134.999222,479.999939,179.999481,-50.000015,-179.999451,359.985352,-134.999130,479.997681,0.002741,-82.014557,-0.002631,-0.045891,0.086283,0.224468,-0.000012,4.971313,0.013733,
feedback,9.785956,1786352458443,7,Ry,5.000000,75.000000,4.916382,-0.083618,,,359.999969,-134.999222,479.999939,179.999481,-50.000015,-179.999451,359.985626,-134.999435,479.999969,0.002700,-81.975174,-0.002672,0.151457,-0.032595,0.120062,-0.000966,4.916382,-0.013666,
feedback,9.794884,1786352458451,7,Ry,5.000000,75.000000,5.019379,0.019379,,,359.999969,-134.999222,479.999939,179.999481,-50.000015,-179.999451,359.985779,-134.999405,480.001770,0.002465,-81.934937,-0.002463,0.201282,0.043142,-0.006006,-0.006806,5.019379,0.007830,
feedback,9.802559,1786352458460,7,Ry,5.000000,75.000000,5.122376,0.122376,,,359.999969,-134.999222,479.999939,179.999481,-50.000015,-179.999451,359.987701,-134.999390,480.001953,0.002562,-81.893654,-0.002422,0.424777,-0.042184,-0.252340,0.010661,5.122375,0.026223,
feedback,9.811665,1786352458468,7,Ry,5.000000,75.000000,5.122376,0.122376,,,359.999969,-134.999222,479.999939,179.999481,-50.000015,-179.999451,359.988831,-134.999100,480.002716,0.002658,-81.852402,-0.002576,0.254710,0.065192,0.030404,0.008731,5.122375,0.026354,
feedback,9.818929,1786352458477,7,Ry,5.000000,75.000000,5.184174,0.184174,,,359.999969,-134.999222,479.999939,179.999481,-50.000015,-179.999451,359.988892,-134.999268,480.002930,0.002454,-81.810875,-0.002397,-0.009796,0.032596,0.156886,0.007765,5.184174,0.012685,
feedback,9.827970,1786352458485,7,Ry,5.000000,75.000000,5.245972,0.245972,,,359.999969,-134.999222,479.999939,179.999481,-50.000015,-179.999451,359.985870,-134.999130,480.005768,0.002658,-81.769096,-0.002549,-0.380579,0.054644,0.293088,0.002936,5.245972,0.034120,
feedback,9.835196,1786352458494,7,Ry,5.000000,75.000000,5.245972,0.245972,,,359.999969,-134.999222,479.999939,179.999481,-50.000015,-179.999451,359.982361,-134.999359,480.007965,0.003050,-81.727051,-0.002944,-0.369607,-0.031639,0.203209,0.023339,5.245972,0.017421,
feedback,9.843734,1786352458502,7,Ry,5.000000,75.000000,5.191040,0.191040,,,359.999969,-134.999222,479.999939,179.999481,-50.000015,-179.999451,359.979767,-134.999405,480.009430,0.002952,-81.685379,-0.002957,-0.267887,-0.032595,0.226302,0.012588,5.191040,-0.015647,
feedback,9.851496,1786352458510,7,Ry,5.000000,75.000000,5.211640,0.211640,,,359.999969,-134.999222,479.999939,179.999481,-50.000015,-179.999451,359.977478,-134.999176,480.010468,0.002452,-81.622704,-0.002313,-0.195231,-0.021093,0.199396,-0.004805,5.211639,0.014587,
feedback,9.859470,1786352458519,7,Ry,5.000000,75.000000,5.163574,0.163574,,,359.999969,-134.999222,479.999939,179.999481,-50.000015,-179.999451,359.974518,-134.999573,480.012939,0.002653,-81.581261,-0.002544,-0.315603,-0.021093,0.316234,0.015588,5.163574,0.011574,
feedback,9.867667,1786352458527,7,Ry,5.000000,75.000000,5.081177,0.081177,,,359.999969,-134.999222,479.999939,179.999481,-50.000015,-179.999451,359.971954,-134.999619,480.015717,0.002189,-81.540581,-0.002186,-0.196088,0.021092,0.265591,-0.008817,5.081177,-0.012573,
feedback,9.876900,1786352458536,7,Ry,5.000000,75.000000,5.094910,0.094910,,,359.999969,-134.999222,479.999939,179.999481,-50.000015,-179.999451,359.972015,-134.999390,480.014435,0.002628,-81.499634,-0.002491,0.068166,-0.096826,-0.307666,0.001005,5.094910,-0.006942,
feedback,9.884293,1786352458540,7,Ry,5.000000,75.000000,5.094910,0.094910,,,359.999969,-134.999222,479.999939,179.999481,-50.000015,-179.999451,359.972443,-134.999359,480.013519,0.002594,-81.479248,-0.002485,0.110317,0.010546,-0.226600,-0.001027,5.094910,-0.006791,
feedback,9.892950,1786352458548,7,Ry,5.000000,75.000000,5.108643,0.108643,,,359.999969,-134.999222,479.999939,179.999481,-50.000015,-179.999451,359.973785,-134.999603,480.010071,0.002636,-81.438354,-0.002500,0.235828,-0.074778,-0.459067,0.016639,5.108643,0.011459,
feedback,9.900366,1786352458557,7,Ry,5.000000,75.000000,5.026245,0.026245,,,359.999969,-134.999222,479.999939,179.999481,-50.000015,-179.999451,359.977356,-134.999176,480.005066,0.002096,-81.397896,-0.002094,0.460976,0.000001,-0.543111,-0.013588,5.026245,0.002054,
feedback,9.909485,1786352458565,7,Ry,5.000000,75.000000,4.964447,-0.035553,,,359.999969,-134.999222,479.999939,179.999481,-50.000015,-179.999451,359.980988,-134.999390,480.000427,0.002404,-81.357849,-0.002266,0.532647,0.075737,-0.501251,0.001022,4.964447,0.020521,
feedback,9.917066,1786352458573,7,Ry,5.000000,75.000000,5.005646,0.005646,,,359.999969,-134.999222,479.999939,179.999481,-50.000015,-179.999451,359.985535,-134.999268,479.995270,0.002311,-81.318550,-0.002256,0.600031,-0.096828,-0.739598,0.001027,5.005646,-0.006945,
feedback,9.925784,1786352458582,7,Ry,5.000000,75.000000,5.005646,0.005646,,,359.999969,-134.999222,479.999939,179.999481,-50.000015,-179.999451,359.989960,-134.999222,479.990204,0.002273,-81.278694,-0.002245,0.588314,0.010547,-0.758396,0.012523,5.005646,-0.008869,
feedback,9.933043,1786352458590,7,Ry,5.000000,75.000000,5.053711,0.053711,,,359.999969,-134.999222,479.999939,179.999481,-50.000015,-179.999451,359.994720,-134.999619,479.984558,0.002468,-81.239090,-0.002470,0.513693,-0.075739,-0.721682,0.005736,5.053711,-0.021565,
feedback,9.942026,1786352458599,7,Ry,5.000000,75.000000,4.998779,-0.001221,,,359.999969,-134.999222,479.999939,179.999481,-50.000015,-179.999451,360.002289,-134.999268,479.974701,0.002273,-81.179382,-0.002219,0.576418,-0.075740,-0.799935,0.005723,4.998779,-0.021571,
feedback,9.949567,1786352458607,7,Ry,5.000000,75.000000,5.067444,0.067444,,,359.999969,-134.999222,479.999939,179.999481,-50.000015,-179.999451,360.005615,-134.999130,479.970764,0.002114,-81.139030,-0.002002,0.453719,-0.010545,-0.534767,-0.005739,5.067444,0.007842,
feedback,9.958354,1786352458615,7,Ry,5.000000,75.000000,5.094910,0.094910,,,359.999969,-134.999222,479.999939,179.999481,-50.000015,-179.999451,360.009583,-134.999435,479.965576,0.002077,-81.098190,-0.002048,0.478496,-0.032598,-0.551981,-0.007854,5.094910,-0.012588,
feedback,9.965707,1786352458624,7,Ry,5.000000,75.000000,5.136108,0.136108,,,359.999969,-134.999222,479.999939,179.999481,-50.000015,-179.999451,360.013153,-134.999527,479.961670,0.002122,-81.057678,-0.002038,0.345233,-0.010546,-0.320690,-0.005723,5.136108,0.007850,
feedback,9.974701,1786352458632,7,Ry,5.000000,75.000000,5.122375,0.122375,,,359.999969,-134.999222,479.999939,179.999481,-50.000015,-179.999451,360.015625,-134.999222,479.959686,0.001856,-81.016647,-0.001825,0.131259,0.042185,0.032765,-0.024645,5.122375,-0.023912,
feedback,9.982333,1786352458641,7,Ry,5.000000,75.000000,5.136108,0.136108,,,359.999969,-134.999222,479.999939,179.999481,-50.000015,-179.999451,360.014435,-134.999619,479.961517,0.002048,-80.975281,-0.002046,-0.307588,-0.075744,0.407693,-0.001082,5.136108,-0.020514,
feedback,9.991521,1786352458649,7,Ry,5.000000,75.000000,5.136108,0.136108,,,359.999969,-134.999222,479.999939,179.999481,-50.000015,-179.999451,360.013397,-134.999527,479.963501,0.002093,-80.934135,-0.002009,-0.244803,-0.053691,0.356669,-0.005706,5.136108,0.000996,
feedback,9.999085,1786352458658,7,Ry,5.000000,75.000000,5.149841,0.149841,,,359.999969,-134.999222,479.999939,179.999481,-50.000015,-179.999451,360.012024,-134.999390,479.965942,0.002111,-80.892883,-0.001972,-0.212051,-0.064237,0.449138,0.002164,5.149841,0.006693,
feedback,10.007596,1786352458666,7,Ry,5.000000,75.000000,5.170441,0.170441,,,359.999969,-134.999222,479.999939,179.999481,-50.000015,-179.999451,360.010559,-134.999222,479.969788,0.002102,-80.851494,-0.001936,-0.179503,0.118887,0.492067,0.007858,5.170441,0.026287,
feedback,10.015753,1786352458674,7,Ry,5.000000,75.000000,5.039978,0.039978,,,359.999969,-134.999222,479.999939,179.999481,-50.000015,-179.999451,360.006989,-134.999313,479.977264,0.002033,-80.790466,-0.001949,-0.323500,-0.118887,0.609357,-0.001109,5.039978,-0.027377,
feedback,10.023892,1786352458683,7,Ry,5.000000,75.000000,5.122376,0.122376,,,359.999969,-134.999222,479.999939,179.999481,-50.000015,-179.999451,360.005188,-134.999222,479.982513,0.002079,-80.749344,-0.001913,-0.164589,-0.031639,0.510279,0.010076,5.122375,0.019228,
feedback,10.032250,1786352458687,7,Ry,5.000000,75.000000,5.197907,0.197907,,,359.999969,-134.999222,479.999939,179.999481,-50.000015,-179.999451,360.005005,-134.999573,479.985657,0.001734,-80.708092,-0.001619,0.144708,-0.043144,0.079807,-0.020337,5.197906,-0.003540,
feedback,10.040428,1786352458695,7,Ry,5.000000,75.000000,5.184174,0.184174,,,359.999969,-134.999222,479.999939,179.999481,-50.000015,-179.999451,360.006134,-134.999222,479.984802,0.002065,-80.687355,-0.001899,0.288318,0.086289,-0.212543,0.013539,5.184174,0.011511,
feedback,10.048075,1786352458704,7,Ry,5.000000,75.000000,5.122375,0.122375,,,359.999969,-134.999222,479.999939,179.999481,-50.000015,-179.999451,360.007385,-134.999573,479.983643,0.002056,-80.646072,-0.001945,-0.021358,-0.053690,0.101677,0.001109,5.122375,-0.000091,
feedback,10.056301,1786352458712,7,Ry,5.000000,75.000000,5.074310,0.074310,,,359.999969,-134.999222,479.999939,179.999481,-50.000015,-179.999451,360.008514,-134.999603,479.982971,0.002240,-80.605179,-0.002105,-0.052586,-0.085329,0.184724,0.004476,5.074310,0.020231,
feedback,10.064090,1786352458721,7,Ry,5.000000,75.000000,5.012512,0.012512,,,359.999969,-134.999222,479.999939,179.999481,-50.000015,-179.999451,360.007446,-134.999527,479.984650,0.002011,-80.564835,-0.001928,-0.165156,-0.096835,0.275246,-0.012429,5.012512,-0.004708,
feedback,10.072706,1786352458729,7,Ry,5.000000,75.000000,4.991913,-0.008087,,,359.999969,-134.999222,479.999939,179.999481,-50.000015,-179.999451,360.007721,-134.999359,479.983978,0.002167,-80.524841,-0.002059,0.021829,0.000000,-0.044436,0.006763,4.991913,-0.001130,
feedback,10.080967,1786352458737,7,Ry,5.000000,75.000000,4.978180,-0.021820,,,359.999969,-134.999222,479.999939,179.999481,-50.000015,-179.999451,360.009125,-134.999008,479.981293,0.002158,-80.484909,-0.001995,0.081432,-0.021092,-0.239634,0.002256,4.978180,0.013544,
feedback,10.089184,1786352458746,7,Ry,5.000000,75.000000,4.916382,-0.083618,,,359.999969,-134.999222,479.999939,179.999481,-50.000015,-179.999451,360.012207,-134.999359,479.977203,0.002149,-80.445435,-0.002041,0.345644,-0.075743,-0.416730,0.005622,4.916382,-0.021644,
feedback,10.097217,1786352458754,7,Ry,5.000000,75.000000,4.991913,-0.008087,,,359.999969,-134.999222,479.999939,179.999481,-50.000015,-179.999451,360.014893,-134.999130,479.974457,0.001787,-80.406052,-0.001675,0.081314,0.042185,-0.048079,-0.018130,4.991913,-0.024793,
feedback,10.105180,1786352458762,7,Ry,5.000000,75.000000,4.847717,-0.152283,,,359.999969,-134.999222,479.999939,179.999481,-50.000015,-179.999451,360.017242,-134.999603,479.973663,0.002182,-80.347549,-0.002047,0.355546,0.065199,-0.097265,0.009065,4.847717,0.026120,
feedback,10.113846,1786352458771,7,Ry,5.000000,75.000000,4.909515,-0.090485,,,359.999969,-134.999222,479.999939,179.999481,-50.000015,-179.999451,360.019806,-134.999603,479.970764,0.002334,-80.308380,-0.002202,0.510258,-0.074783,-0.622365,0.010229,4.909515,0.012283,
feedback,10.122081,1786352458779,7,Ry,5.000000,75.000000,4.936981,-0.063019,,,359.999969,-134.999222,479.999939,179.999481,-50.000015,-179.999451,360.022705,-134.999649,479.968109,0.002032,-80.269081,-0.001868,0.348365,0.011508,-0.185649,0.010242,4.936981,0.026009,
feedback,10.129963,1786352458788,7,Ry,5.000000,75.000000,4.971314,-0.028686,,,359.999969,-134.999222,479.999939,179.999481,-50.000015,-179.999451,360.023895,-134.999741,479.967682,0.001919,-80.229446,-0.001698,0.152812,-0.086292,-0.084024,-0.027075,4.971313,-0.009072,
feedback,10.138522,1786352458796,7,Ry,5.000000,75.000000,5.033111,0.033111,,,359.999969,-134.999222,479.999939,179.999481,-50.000015,-179.999451,360.024261,-134.999741,479.966919,0.002230,-80.189293,-0.002013,0.035764,-0.032600,-0.239618,-0.001177,5.033112,-0.013632,
feedback,10.147413,1786352458805,7,Ry,5.000000,75.000000,4.998779,-0.001221,,,359.999969,-134.999222,479.999939,179.999481,-50.000015,-179.999451,360.023987,-134.999573,479.967651,0.001795,-80.149384,-0.001684,-0.050415,-0.011508,0.042629,-0.003531,4.998779,-0.027162,
feedback,10.154868,1786352458813,7,Ry,5.000000,75.000000,5.081177,0.081177,,,359.999969,-134.999222,479.999939,179.999481,-50.000015,-179.999451,360.021271,-134.999573,479.970825,0.001945,-80.108765,-0.001836,-0.350325,-0.032600,0.504246,0.005578,5.081177,-0.014810,
feedback,10.163706,1786352458821,7,Ry,5.000000,75.000000,5.156708,0.156708,,,359.999969,-134.999222,479.999939,179.999481,-50.000015,-179.999451,360.019348,-134.999054,479.973450,0.002094,-80.067894,-0.001905,-0.382693,0.087251,0.515768,0.011486,5.156708,0.046469,
feedback,10.171385,1786352458830,7,Ry,5.000000,75.000000,5.156708,0.156708,,,359.999969,-134.999222,479.999939,179.999481,-50.000015,-179.999451,360.017090,-134.999268,479.975891,0.001534,-80.026443,-0.001476,-0.232602,-0.011507,0.279871,-0.037391,5.156708,-0.021208,
feedback,10.179382,1786352458838,7,Ry,5.000000,75.000000,5.170441,0.170441,,,359.999969,-134.999222,479.999939,179.999481,-50.000015,-179.999451,360.014832,-134.999359,479.979156,0.001894,-79.984947,-0.001785,-0.272851,-0.021093,0.405854,-0.004383,5.170441,0.014718,
feedback,10.187435,1786352458847,7,Ry,5.000000,75.000000,5.197906,0.197906,,,359.999969,-134.999222,479.999939,179.999481,-50.000015,-179.999451,360.011658,-134.999435,479.982635,0.002091,-79.922432,-0.001931,-0.243300,0.010546,0.234573,0.012310,5.197906,-0.009164,
feedback,10.196848,1786352458855,7,Ry,5.000000,75.000000,5.197907,0.197907,,,359.999969,-134.999222,479.999939,179.999481,-50.000015,-179.999451,360.009460,-134.999527,479.985260,0.002292,-79.880875,-0.002079,-0.291443,0.065196,0.312181,0.002403,5.197906,0.027252,
feedback,10.203720,1786352458863,7,Ry,5.000000,75.000000,5.184174,0.184174,,,359.999969,-134.999222,479.999939,179.999481,-50.000015,-179.999451,360.007324,-134.999603,479.988220,0.002381,-79.839325,-0.002253,-0.298237,-0.053691,0.409290,0.001204,5.184174,-0.000108,
feedback,10.212375,1786352458868,7,Ry,5.000000,75.000000,5.197906,0.197906,,,359.999969,-134.999222,479.999939,179.999481,-50.000015,-179.999451,360.006073,-134.999573,479.989807,0.002196,-79.818527,-0.002093,-0.307753,0.010546,0.398208,-0.007980,5.197906,-0.005545,
feedback,10.220420,1786352458876,7,Ry,5.000000,75.000000,5.108643,0.108643,,,359.999969,-134.999222,479.999939,179.999481,-50.000015,-179.999451,360.004822,-134.999222,479.991730,0.002340,-79.777550,-0.002184,-0.220216,0.043143,0.228965,-0.000012,5.108643,0.006866,
feedback,10.229015,1786352458884,7,Ry,5.000000,75.000000,4.998779,-0.001221,,,359.999969,-134.999222,479.999939,179.999481,-50.000015,-179.999451,360.002502,-134.999603,479.996338,0.002206,-79.737312,-0.002076,-0.314832,-0.032598,0.655269,0.005526,4.998779,-0.014846,
feedback,10.236577,1786352458893,7,Ry,5.000000,75.000000,4.909515,-0.090485,,,359.999969,-134.999222,479.999939,179.999481,-50.000015,-179.999451,360.000275,-134.999268,480.000519,0.002198,-79.697678,-0.002013,-0.178409,0.032597,0.350726,0.014728,4.909515,0.011166,
feedback,10.245239,1786352458902,7,Ry,5.000000,75.000000,4.957581,-0.042419,,,359.999969,-134.999222,479.999939,179.999481,-50.000015,-179.999451,359.997742,-134.999390,480.004822,0.002162,-79.657471,-0.002032,-0.292311,0.053688,0.580665,0.005513,4.957581,-0.001121,
feedback,10.253461,1786352458910,7,Ry,5.000000,75.000000,4.943848,-0.056152,,,359.999969,-134.999222,479.999939,179.999481,-50.000015,-179.999451,359.996918,-134.999222,480.007599,0.002004,-79.617950,-0.001844,-0.061625,0.032597,0.239222,-0.005528,4.943848,0.014858,
feedback,10.261587,1786352458918,7,Ry,5.000000,75.000000,4.765320,-0.234680,,,359.999969,-134.999222,479.999939,179.999481,-50.000015,-179.999451,359.996582,-134.999176,480.012512,0.001969,-79.579605,-0.001837,-0.010485,-0.000000,0.613741,-0.013518,4.765320,0.002484,
feedback,10.269041,1786352458927,7,Ry,5.000000,75.000000,4.792786,-0.207214,,,359.999969,-134.999222,479.999939,179.999481,-50.000015,-179.999451,359.996979,-134.999390,480.017700,0.002134,-79.522614,-0.002005,0.116034,0.032597,0.329055,0.007991,4.792786,0.012370,
feedback,10.278409,1786352458935,7,Ry,5.000000,75.000000,4.936981,-0.063019,,,359.999969,-134.999222,479.999939,179.999481,-50.000015,-179.999451,359.999054,-134.999619,480.018280,0.002044,-79.483665,-0.002052,0.159746,-0.011505,0.156842,-0.010516,4.936981,-0.025867,
feedback,10.285460,1786352458944,7,Ry,5.000000,75.000000,4.923248,-0.076752,,,359.999969,-134.999222,479.999939,179.999481,-50.000015,-179.999451,360.004150,-134.999268,480.015167,0.001741,-79.444389,-0.001689,0.672015,0.053691,-0.482688,-0.021518,4.923248,0.003890,
feedback,10.294385,1786352458952,7,Ry,5.000000,75.000000,4.998779,-0.001221,,,359.999969,-134.999222,479.999939,179.999481,-50.000015,-179.999451,360.010406,-134.999222,480.009888,0.001964,-79.404976,-0.001805,0.702444,0.032600,-0.599604,0.001251,4.998779,0.013616,
feedback,10.301948,1786352458960,7,Ry,5.000000,75.000000,4.957581,-0.042419,,,359.999969,-134.999222,479.999939,179.999481,-50.000015,-179.999451,360.015533,-134.999130,480.005768,0.001902,-79.365616,-0.001798,0.579937,0.107384,-0.510934,-0.002546,4.957581,0.000236,
feedback,10.310614,1786352458969,7,Ry,5.000000,75.000000,5.039978,0.039978,,,359.999969,-134.999222,479.999939,179.999481,-50.000015,-179.999451,360.017792,-134.999313,480.003571,0.001894,-79.325462,-0.001818,0.271657,0.021093,-0.299969,0.004194,5.039978,-0.014767,
feedback,10.318175,1786352458977,7,Ry,5.000000,75.000000,5.115509,0.115509,,,359.999969,-134.999222,479.999939,179.999481,-50.000015,-179.999451,360.018738,-134.999222,480.002167,0.001942,-79.285278,-0.001783,0.159370,0.075745,-0.309636,-0.005482,5.115509,0.021756,
feedback,10.326675,1786352458986,7,Ry,5.000000,75.000000,5.136108,0.136108,,,359.999969,-134.999222,479.999939,179.999481,-50.000015,-179.999451,360.020020,-134.999359,479.999329,0.002052,-79.244438,-0.001951,0.173585,0.021093,-0.417741,0.004173,5.136108,-0.014773,
feedback,10.334523,1786352458994,7,Ry,5.000000,75.000000,5.204773,0.204773,,,359.999969,-134.999222,479.999939,179.999481,-50.000015,-179.999451,360.019897,-134.999649,479.998505,0.001872,-79.203079,-0.001851,-0.089805,-0.075745,-0.035323,-0.001291,5.204773,-0.020478,
feedback,10.343296,1786352459002,7,Ry,5.000000,75.000000,5.122376,0.122376,,,359.999969,-134.999222,479.999939,179.999481,-50.000015,-179.999451,360.018311,-134.999435,480.002563,0.001977,-79.141525,-0.001849,-0.277813,-0.129437,0.377067,-0.006751,5.122375,0.024879,
feedback,10.350965,1786352459007,7,Ry,5.000000,75.000000,5.149841,0.149841,,,359.999969,-134.999222,479.999939,179.999481,-50.000015,-179.999451,360.015411,-134.999695,480.004669,0.002171,-79.120926,-0.002128,-0.476214,-0.236818,0.527283,0.009330,5.149841,-0.022142,
feedback,10.359921,1786352459015,7,Ry,5.000000,75.000000,5.204773,0.204773,,,359.999969,-134.999222,479.999939,179.999481,-50.000015,-179.999451,360.012146,-134.999313,480.008362,0.001851,-79.079346,-0.001775,-0.514842,-0.053692,0.518708,-0.005451,5.204773,0.001176,
feedback,10.367431,1786352459024,7,Ry,5.000000,75.000000,5.177307,0.177307,,,359.999969,-134.999222,479.999939,179.999481,-50.000015,-179.999451,360.008911,-134.999481,480.011688,0.001985,-79.037872,-0.001940,-0.330474,0.117926,0.358768,-0.003925,5.177307,-0.006491,
feedback,10.375429,1786352459032,7,Ry,5.000000,75.000000,5.197907,0.197907,,,359.999969,-134.999222,479.999939,179.999481,-50.000015,-179.999451,360.007080,-134.999527,480.014435,0.002146,-78.996506,-0.002076,-0.083564,-0.031638,0.245224,0.024145,5.197906,0.016289,
feedback,10.383454,1786352459040,7,Ry,5.000000,75.000000,5.197906,0.197906,,,359.999969,-134.999222,479.999939,179.999481,-50.000015,-179.999451,360.005127,-134.999008,480.016815,0.002028,-78.955032,-0.002013,-0.241260,0.064235,0.317597,-0.002643,5.197906,-0.006612,
feedback,10.392475,1786352459049,7,Ry,5.000000,75.000000,5.218506,0.218506,,,359.999969,-134.999222,479.999939,179.999481,-50.000015,-179.999451,360.002716,-134.999481,480.019043,0.001962,-78.913528,-0.001917,-0.300132,0.010546,0.243702,-0.001328,5.218506,-0.006738,
feedback,10.400168,1786352459057,7,Ry,5.000000,75.000000,5.094910,0.094910,,,359.999969,-134.999222,479.999939,179.999481,-50.000015,-179.999451,360.001984,-134.999176,480.020264,0.001873,-78.872444,-0.001883,0.040647,0.064236,0.096404,-0.002660,5.094910,-0.006608,
feedback,10.409361,1786352459066,7,Ry,5.000000,75.000000,5.149842,0.149842,,,359.999969,-134.999222,479.999939,179.999481,-50.000015,-179.999451,360.000916,-134.999222,480.020660,0.002003,-78.831490,-0.001848,0.068032,0.054648,-0.159536,0.010714,5.149841,0.032612,
feedback,10.416682,1786352459074,7,Ry,5.000000,75.000000,5.039978,0.039978,,,359.999969,-134.999222,479.999939,179.999481,-50.000015,-179.999451,360.001129,-134.999313,480.021240,0.002079,-78.791031,-0.002010,0.049868,-0.010546,0.112849,0.014796,5.039978,0.004066,
feedback,10.424919,1786352459083,7,Ry,5.000000,75.000000,5.067444,0.067444,,,359.999969,-134.999222,479.999939,179.999481,-50.000015,-179.999451,360.002502,-134.999268,480.019348,0.002150,-78.730118,-0.001971,0.201488,0.000959,-0.384817,0.012090,5.067444,0.032461,
feedback,10.433533,1786352459091,7,Ry,5.000000,75.000000,5.046844,0.046844,,,359.999969,-134.999222,479.999939,179.999481,-50.000015,-179.999451,360.003662,-134.999405,480.018463,0.001730,-78.690125,-0.001738,-0.013928,-0.129431,-0.020440,-0.006740,5.046844,-0.019253,
feedback,10.441036,1786352459099,7,Ry,5.000000,75.000000,4.916382,-0.083618,,,359.999969,-134.999222,479.999939,179.999481,-50.000015,-179.999451,360.007080,-134.998795,480.014832,0.001916,-78.650627,-0.001762,0.552903,0.215722,-0.548017,0.006716,4.916382,0.032981,
feedback,10.450198,1786352459108,7,Ry,5.000000,75.000000,4.943848,-0.056152,,,359.999969,-134.999222,479.999939,179.999481,-50.000015,-179.999451,360.011871,-134.999268,480.008911,0.001745,-78.611130,-0.001698,0.591793,0.021093,-0.716627,-0.009453,4.943848,-0.012107,
feedback,10.457860,1786352459116,7,Ry,5.000000,75.000000,4.936981,-0.063019,,,359.999969,-134.999222,479.999939,179.999481,-50.000015,-179.999451,360.015717,-134.999130,480.003571,0.001902,-78.571442,-0.001803,0.473795,0.075745,-0.539811,0.001349,4.936981,0.020463,
feedback,10.465620,1786352459125,7,Ry,5.000000,75.000000,4.930114,-0.069886,,,359.999969,-134.999222,479.999939,179.999481,-50.000015,-179.999451,360.018646,-134.998962,479.999329,0.001921,-78.531815,-0.001935,0.189391,0.020132,-0.289586,-0.001474,4.930115,-0.048608,
feedback,10.473501,1786352459133,7,Ry,5.000000,75.000000,4.882050,-0.117950,,,359.999969,-134.999222,479.999939,179.999481,-50.000015,-179.999451,360.020050,-134.999268,479.996277,0.001591,-78.492508,-0.001542,0.184185,0.011508,-0.248200,-0.009357,4.882050,0.029791,
feedback,10.482782,1786352459137,7,Ry,5.000000,75.000000,4.888916,-0.111084,,,359.999969,-134.999222,479.999939,179.999481,-50.000015,-179.999451,360.021088,-134.999146,479.993622,0.001772,-78.453316,-0.001811,0.193530,-0.022053,-0.208605,-0.002758,4.888916,-0.020321,
feedback,10.490734,1786352459146,7,Ry,5.000000,75.000000,4.991913,-0.008087,,,359.999969,-134.999222,479.999939,179.999481,-50.000015,-179.999451,360.020691,-134.999130,479.993317,0.001879,-78.433350,-0.001780,-0.097924,0.000961,-0.075219,0.005495,4.991913,0.033775,
feedback,10.499759,1786352459154,7,Ry,5.000000,75.000000,5.053711,0.053711,,,359.999969,-134.999222,479.999939,179.999481,-50.000015,-179.999451,360.020325,-134.998917,479.993408,0.001577,-78.393135,-0.001473,0.055914,0.139983,-0.037011,-0.001396,5.053711,0.013873,
feedback,10.506762,1786352459162,7,Ry,5.000000,75.000000,5.033112,0.033112,,,359.999969,-134.999222,479.999939,179.999481,-50.000015,-179.999451,360.018707,-134.999435,479.995453,0.001569,-78.332710,-0.001547,-0.262355,0.010546,0.498950,-0.008120,5.033112,-0.005336,
feedback,10.514846,1786352459171,7,Ry,5.000000,75.000000,5.142975,0.142975,,,359.999969,-134.999222,479.999939,179.999481,-50.000015,-179.999451,360.017395,-134.999481,479.996429,0.001855,-78.291763,-0.001812,-0.126362,-0.117929,0.089874,0.017620,5.142975,0.003651,
feedback,10.523412,1786352459179,7,Ry,5.000000,75.000000,5.191040,0.191040,,,359.999969,-134.999222,479.999939,179.999481,-50.000015,-179.999451,360.017975,-134.999222,479.995850,0.001662,-78.250366,-0.001644,0.186196,-0.043145,-0.241688,0.006713,5.191040,-0.008265,
feedback,10.530646,1786352459188,7,Ry,5.000000,75.000000,5.294037,0.294037,,,359.999969,-134.999222,479.999939,179.999481,-50.000015,-179.999451,360.019958,-134.999619,479.992737,0.001683,-78.208374,-0.001692,0.273222,-0.065199,-0.511692,-0.009533,5.294037,-0.025773,
feedback,10.539098,1786352459196,7,Ry,5.000000,75.000000,5.314636,0.314636,,,359.999969,-134.999222,479.999939,179.999481,-50.000015,-179.999451,360.021484,-134.999100,479.990906,0.001808,-78.165993,-0.001738,0.124832,0.064238,-0.280830,0.010612,5.314636,-0.009391,
feedback,10.546951,1786352459204,7,Ry,5.000000,75.000000,5.225373,0.225373,,,359.999969,-134.999222,479.999939,179.999481,-50.000015,-179.999451,360.020844,-134.999313,479.990936,0.001567,-78.123947,-0.001492,-0.162047,0.000961,0.172000,-0.007797,5.225372,0.036571,
feedback,10.555440,1786352459213,7,Ry,5.000000,75.000000,5.197906,0.197906,,,359.999969,-134.999222,479.999939,179.999481,-50.000015,-179.999451,360.019562,-134.999527,479.992126,0.001719,-78.082253,-0.001647,-0.238671,-0.096838,0.236456,-0.012026,5.197906,-0.004179,
feedback,10.564130,1786352459221,7,Ry,5.000000,75.000000,5.142975,0.142975,,,359.999969,-134.999222,479.999939,179.999481,-50.000015,-179.999451,360.017670,-134.999054,479.994598,0.001631,-78.041000,-0.001586,-0.223447,0.010546,0.343430,0.005282,5.142975,-0.008140,
feedback,10.571824,1786352459230,7,Ry,5.000000,75.000000,5.197906,0.197906,,,359.999969,-134.999222,479.999939,179.999481,-50.000015,-179.999451,360.015717,-134.999100,479.997070,0.001652,-77.999496,-0.001580,-0.231576,0.010546,0.341644,-0.008157,5.197906,-0.005289,
feedback,10.580294,1786352459238,7,Ry,5.000000,75.000000,5.101776,0.101776,,,359.999969,-134.999222,479.999939,179.999481,-50.000015,-179.999451,360.014038,-134.998917,479.999634,0.001260,-77.958542,-0.001152,-0.267169,0.010545,0.402862,-0.021593,5.101776,-0.002418,
feedback,10.587911,1786352459246,7,Ry,5.000000,75.000000,4.971313,-0.028687,,,359.999969,-134.999222,479.999939,179.999481,-50.000015,-179.999451,360.010742,-134.999619,480.005615,0.001766,-77.898476,-0.001779,-0.330227,-0.053691,0.590999,0.014862,4.971313,-0.003032,
feedback,10.596311,1786352459255,7,Ry,5.000000,75.000000,4.978180,-0.021820,,,359.999969,-134.999222,479.999939,179.999481,-50.000015,-179.999451,360.008728,-134.999359,480.009796,0.001577,-77.858765,-0.001615,-0.304527,-0.000960,0.473534,0.000929,4.978180,-0.035162,
feedback,10.604467,1786352459263,7,Ry,5.000000,75.000000,4.943848,-0.056152,,,359.999969,-134.999222,479.999939,179.999481,-50.000015,-179.999451,360.007843,-134.999313,480.012482,0.001400,-77.819016,-0.001322,-0.118266,0.022052,0.376811,-0.017247,4.943848,0.024637,
feedback,10.612826,1786352459272,7,Ry,5.000000,75.000000,4.950714,-0.049286,,,359.999969,-134.999222,479.999939,179.999481,-50.000015,-179.999451,360.008240,-134.999313,480.013611,0.001395,-77.779358,-0.001317,0.033218,0.043144,0.129059,-0.006720,4.950714,0.008320,
feedback,10.621225,1786352459280,7,Ry,5.000000,75.000000,4.847717,-0.152283,,,359.999969,-134.999222,479.999939,179.999481,-50.000015,-179.999451,360.009277,-134.999481,480.013153,0.001643,-77.740410,-0.001599,0.235625,0.010546,-0.163074,-0.001465,4.847717,-0.006710,
feedback,10.629210,1786352459288,7,Ry,5.000000,75.000000,4.868316,-0.131684,,,359.999969,-134.999222,479.999939,179.999481,-50.000015,-179.999451,360.011139,-134.999619,480.011047,0.001736,-77.701492,-0.001750,0.180462,-0.011506,-0.197694,0.015734,4.868317,-0.031381,
feedback,10.637366,1786352459297,7,Ry,5.000000,75.000000,4.957580,-0.042420,,,359.999969,-134.999222,479.999939,179.999481,-50.000015,-179.999451,360.012390,-134.999313,480.009277,0.001884,-77.661835,-0.001818,0.145334,-0.043144,-0.267976,0.020114,4.957581,-0.011268,
feedback,10.646038,1786352459305,7,Ry,5.000000,75.000000,4.895782,-0.104218,,,359.999969,-134.999222,479.999939,179.999481,-50.000015,-179.999451,360.013245,-134.999268,480.007751,0.001474,-77.622581,-0.001428,0.102552,-0.043145,-0.079573,-0.006716,4.895782,-0.005395,
feedback,10.653600,1786352459309,7,Ry,5.000000,75.000000,4.916382,-0.083618,,,359.999969,-134.999222,479.999939,179.999481,-50.000015,-179.999451,360.013672,-134.999695,480.006226,0.001527,-77.602921,-0.001480,0.109383,-0.107382,-0.386398,0.002944,4.916382,-0.000320,
feedback,10.662786,1786352459318,7,Ry,5.000000,75.000000,4.882050,-0.117950,,,359.999969,-134.999222,479.999939,179.999481,-50.000015,-179.999451,360.015686,-134.999481,480.002960,0.001619,-77.563995,-0.001576,0.254361,0.000000,-0.427274,0.013404,4.882050,-0.002957,
feedback,10.670127,1786352459326,7,Ry,5.000000,75.000000,4.985046,-0.014954,,,359.999969,-134.999222,479.999939,179.999481,-50.000015,-179.999451,360.017365,-134.999130,479.999939,0.001614,-77.524170,-0.001515,0.196215,0.096837,-0.335269,0.005209,4.985046,0.005545,
feedback,10.678359,1786352459334,7,Ry,5.000000,75.000000,5.067444,0.067444,,,359.999969,-134.999222,479.999939,179.999481,-50.000015,-179.999451,360.017792,-134.999313,479.997284,0.001482,-77.463501,-0.001409,0.075289,0.000000,-0.185149,-0.000010,5.067444,0.000000,
feedback,10.686716,1786352459343,7,Ry,5.000000,75.000000,5.163574,0.163574,,,359.999969,-134.999222,479.999939,179.999481,-50.000015,-179.999451,360.017883,-134.999268,479.996552,0.001819,-77.422935,-0.001782,0.053894,0.053692,-0.162566,0.011898,5.163574,-0.002826,
feedback,10.694962,1786352459351,7,Ry,5.000000,75.000000,5.149841,0.149841,,,359.999969,-134.999222,479.999939,179.999481,-50.000015,-179.999451,360.017609,-134.999527,479.996063,0.001622,-77.381683,-0.001552,-0.091406,-0.107383,-0.054498,-0.010409,5.149841,0.002668,
feedback,10.702677,1786352459360,7,Ry,5.000000,75.000000,5.163574,0.163574,,,359.999969,-134.999222,479.999939,179.999481,-50.000015,-179.999451,360.017090,-134.999481,479.996155,0.001467,-77.340233,-0.001421,-0.044184,-0.064238,-0.001008,-0.010397,5.163574,0.009542,
feedback,10.711415,1786352459368,7,Ry,5.000000,75.000000,5.232239,0.232239,,,359.999969,-134.999222,479.999939,179.999481,-50.000015,-179.999451,360.017242,-134.999573,479.994293,0.001639,-77.298622,-0.001542,0.021142,-0.064237,-0.380844,-0.003687,5.232239,0.008040,
feedback,10.719204,1786352459376,7,Ry,5.000000,75.000000,5.266571,0.266571,,,359.999969,-134.999222,479.999939,179.999481,-50.000015,-179.999451,360.016388,-134.999313,479.995270,0.001579,-77.256958,-0.001509,-0.309513,-0.000001,0.419146,-0.000010,5.266571,-0.000000,
feedback,10.727587,1786352459385,7,Ry,5.000000,75.000000,5.204773,0.204773,,,359.999969,-134.999222,479.999939,179.999481,-50.000015,-179.999451,360.012695,-134.999313,479.998474,0.001695,-77.215073,-0.001628,-0.458167,-0.000001,0.485171,0.013382,5.204773,-0.003039,
feedback,10.735329,1786352459393,7,Ry,5.000000,75.000000,5.170441,0.170441,,,359.999969,-134.999222,479.999939,179.999481,-50.000015,-179.999451,360.009155,-134.999313,480.002258,0.001689,-77.173492,-0.001622,-0.446336,-0.064237,0.518495,-0.003656,5.170441,0.008048,
feedback,10.743418,1786352459401,7,Ry,5.000000,75.000000,5.211639,0.211639,,,359.999969,-134.999222,479.999939,179.999481,-50.000015,-179.999451,360.006012,-134.999268,480.005066,0.001415,-77.131958,-0.001370,-0.398762,-0.021093,0.198322,0.003048,5.211639,0.013388,
feedback,10.751894,1786352459410,7,Ry,5.000000,75.000000,5.094910,0.094910,,,359.999969,-134.999222,479.999939,179.999481,-50.000015,-179.999451,360.003326,-134.999130,480.008575,0.001678,-77.090958,-0.001584,-0.367052,-0.000001,0.532014,-0.000012,5.094910,-0.000000,
feedback,10.759914,1786352459418,7,Ry,5.000000,75.000000,5.142975,0.142975,,,359.999969,-134.999222,479.999939,179.999481,-50.000015,-179.999451,359.998962,-134.998840,480.014343,0.001590,-77.050003,-0.001551,-0.577507,0.161066,0.661108,0.002061,5.142975,-0.001015,
feedback,10.768159,1786352459427,7,Ry,5.000000,75.000000,5.067444,0.067444,,,359.999969,-134.999222,479.999939,179.999481,-50.000015,-179.999451,359.996094,-134.999008,480.021240,0.001463,-76.989716,-0.001449,-0.212403,0.117923,0.629138,0.008731,5.067444,-0.009429,
feedback,10.776243,1786352459435,7,Ry,5.000000,75.000000,5.039978,0.039978,,,359.999969,-134.999222,479.999939,179.999481,-50.000015,-179.999451,359.996826,-134.999268,480.022980,0.001276,-76.949532,-0.001228,0.215412,0.021093,0.052057,-0.016489,5.039978,-0.010277,
feedback,10.784385,1786352459443,7,Ry,5.000000,75.000000,4.978180,-0.021820,,,359.999969,-134.999222,479.999939,179.999481,-50.000015,-179.999451,359.998566,-134.999313,480.022949,0.001536,-76.909431,-0.001467,0.187919,-0.032597,0.104487,-0.001565,4.978180,-0.013554,
feedback,10.792639,1786352459452,7,Ry,5.000000,75.000000,4.964447,-0.035553,,,359.999969,-134.999222,479.999939,179.999481,-50.000015,-179.999451,359.999847,-134.999481,480.021790,0.001766,-76.869362,-0.001731,0.194796,-0.043143,-0.115021,0.020054,4.964447,-0.011546,
feedback,10.800767,1786352459460,7,Ry,5.000000,75.000000,4.943848,-0.056152,,,359.999969,-134.999222,479.999939,179.999481,-50.000015,-179.999451,360.000702,-134.999100,480.020599,0.001733,-76.829643,-0.001671,-0.118407,-0.064236,0.026759,0.023175,4.943848,0.001812,
feedback,10.809210,1786352459468,7,Ry,5.000000,75.000000,4.854584,-0.145416,,,359.999969,-134.999222,479.999939,179.999481,-50.000015,-179.999451,360.001160,-134.999222,480.019470,0.001466,-76.790756,-0.001453,-0.071933,0.021092,-0.014602,0.010222,4.854584,-0.016508,
feedback,10.817296,1786352459473,7,Ry,5.000000,75.000000,4.861450,-0.138550,,,359.999969,-134.999222,479.999939,179.999481,-50.000015,-179.999451,360.000824,-134.998840,480.020020,0.001320,-76.771309,-0.001275,-0.080395,0.096832,0.136282,-0.008270,4.861450,0.008620,
feedback,10.825359,1786352459481,7,Ry,5.000000,75.000000,4.902649,-0.097351,,,359.999969,-134.999222,479.999939,179.999481,-50.000015,-179.999451,360.000916,-134.999146,480.019287,0.001288,-76.732224,-0.001326,0.003959,-0.022051,-0.101168,-0.009844,4.902649,-0.018657,
feedback,10.833740,1786352459490,7,Ry,5.000000,75.000000,4.902649,-0.097351,,,359.999969,-134.999222,479.999939,179.999481,-50.000015,-179.999451,360.001404,-134.999130,480.017853,0.001393,-76.692673,-0.001295,0.109465,-0.107379,-0.306567,-0.010215,4.902649,0.002792,
feedback,10.842042,1786352459498,7,Ry,5.000000,75.000000,4.861450,-0.138550,,,359.999969,-134.999222,479.999939,179.999481,-50.000015,-179.999451,360.002106,-134.999100,480.016174,0.001593,-76.653755,-0.001528,0.180094,0.000000,-0.288057,0.020031,4.861450,-0.004755,
feedback,10.850198,1786352459506,7,Ry,5.000000,75.000000,4.957581,-0.042419,,,359.999969,-134.999222,479.999939,179.999481,-50.000015,-179.999451,360.000824,-134.999313,480.018433,0.001383,-76.594864,-0.001312,-0.086291,-0.031639,0.157052,-0.001913,4.957581,0.021630,
feedback,10.859011,1786352459515,7,Ry,5.000000,75.000000,4.957581,-0.042419,,,359.999969,-134.999222,479.999939,179.999481,-50.000015,-179.999451,359.999451,-134.998886,480.020508,0.001439,-76.555206,-0.001371,-0.181442,0.074781,0.370769,-0.011482,4.957581,-0.011572,
feedback,10.866668,1786352459523,7,Ry,5.000000,75.000000,5.012512,0.012512,,,359.999969,-134.999222,479.999939,179.999481,-50.000015,-179.999451,359.998749,-134.999390,480.020721,0.001544,-76.515244,-0.001421,-0.068989,-0.031638,-0.092506,0.004794,5.012512,0.020031,
feedback,10.875402,1786352459532,7,Ry,5.000000,75.000000,5.108642,0.108642,,,359.999969,-134.999222,479.999939,179.999481,-50.000015,-179.999451,359.997650,-134.999405,480.021576,0.001658,-76.474594,-0.001679,-0.175853,0.021092,0.124291,0.003457,5.108643,-0.014958,
feedback,10.883631,1786352459540,7,Ry,5.000000,75.000000,5.163574,0.163574,,,359.999969,-134.999222,479.999939,179.999481,-50.000015,-179.999451,359.995941,-134.999481,480.023590,0.001707,-76.433205,-0.001674,-0.144540,-0.043143,0.185411,0.013342,5.163574,-0.010088,
feedback,10.891884,1786352459549,7,Ry,5.000000,75.000000,5.163574,0.163574,,,359.999969,-134.999222,479.999939,179.999481,-50.000015,-179.999451,359.994781,-134.999435,480.024597,0.001671,-76.391701,-0.001524,-0.151147,0.032596,0.207423,-0.005068,5.163574,0.015156,
feedback,10.899574,1786352459557,7,Ry,5.000000,75.000000,5.197906,0.197906,,,359.999969,-134.999222,479.999939,179.999481,-50.000015,-179.999451,359.992920,-134.999222,480.026276,0.001528,-76.350311,-0.001520,-0.180184,0.064234,0.066181,-0.003251,5.197906,-0.006479,
feedback,10.907550,1786352459565,7,Ry,5.000000,75.000000,5.245972,0.245972,,,359.999969,-134.999222,479.999939,179.999481,-50.000015,-179.999451,359.990448,-134.999527,480.028473,0.001719,-76.308372,-0.001658,-0.297978,-0.000000,0.341092,0.006664,5.245972,-0.001625,
feedback,10.915714,1786352459574,7,Ry,5.000000,75.000000,5.245972,0.245972,,,359.999969,-134.999222,479.999939,179.999481,-50.000015,-179.999451,359.989441,-134.998886,480.028503,0.001518,-76.266487,-0.001455,-0.071819,0.128468,-0.056140,-0.006536,5.245972,-0.012948,
feedback,10.923809,1786352459582,7,Ry,5.000000,75.000000,5.232239,0.232239,,,359.999969,-134.999222,479.999939,179.999481,-50.000015,-179.999451,359.989441,-134.998962,480.027985,0.001344,-76.224846,-0.001219,0.001442,0.075738,-0.096402,-0.005049,5.232239,0.022037,
feedback,10.932220,1786352459590,7,Ry,5.000000,75.000000,5.239105,0.239105,,,359.999969,-134.999222,479.999939,179.999481,-50.000015,-179.999451,359.990417,-134.998886,480.026642,0.001285,-76.183075,-0.001215,0.120744,0.139015,-0.209339,-0.014882,5.239105,-0.017966,
feedback,10.940541,1786352459599,7,Ry,5.000000,75.000000,5.218506,0.218506,,,359.999969,-134.999222,479.999939,179.999481,-50.000015,-179.999451,359.992218,-134.999481,480.023651,0.001334,-76.120201,-0.001292,0.164085,-0.043142,-0.221851,-0.026671,5.218506,-0.000278,
feedback,10.950461,1786352459607,7,Ry,5.000000,75.000000,5.197907,0.197907,,,359.999969,-134.999222,479.999939,179.999481,-50.000015,-179.999451,359.995972,-134.998962,480.017456,0.001551,-76.078346,-0.001433,0.431251,0.096833,-0.739216,0.004998,5.197906,0.005416,
feedback,10.956772,1786352459616,7,Ry,5.000000,75.000000,5.252838,0.252838,,,359.999969,-134.999222,479.999939,179.999481,-50.000015,-179.999451,359.998627,-134.999603,480.010742,0.001408,-76.036133,-0.001283,0.185532,-0.043143,-0.786569,-0.006671,5.252838,-0.005210,
feedback,10.966422,1786352459624,7,Ry,5.000000,75.000000,5.136108,0.136108,,,359.999969,-134.999222,479.999939,179.999481,-50.000015,-179.999451,360.001923,-134.999176,480.004303,0.001569,-75.994629,-0.001452,0.314447,0.053690,-0.687526,0.011651,5.136108,-0.003119,
feedback,10.973801,1786352459632,7,Ry,5.000000,75.000000,5.074310,0.074310,,,359.999969,-134.999222,479.999939,179.999481,-50.000015,-179.999451,360.003662,-134.999268,479.999451,0.001400,-75.953979,-0.001361,0.288961,-0.033556,-0.732355,-0.001681,5.074310,-0.048705,
feedback,10.981722,1786352459641,7,Ry,5.000000,75.000000,5.039978,0.039978,,,359.999969,-134.999222,479.999939,179.999481,-50.000015,-179.999451,360.004547,-134.999359,479.996887,0.001341,-75.914154,-0.001244,0.054962,-0.043144,-0.263316,0.006650,5.039978,-0.008538,
feedback,10.989739,1786352459649,7,Ry,5.000000,75.000000,4.888916,-0.111084,,,359.999969,-134.999222,479.999939,179.999481,-50.000015,-179.999451,360.005524,-134.999130,479.995209,0.001091,-75.874878,-0.000988,0.090140,0.010546,-0.180876,-0.021664,4.888916,-0.001632,
feedback,10.998534,1786352459653,7,Ry,5.000000,75.000000,4.902649,-0.097351,,,359.999969,-134.999222,479.999939,179.999481,-50.000015,-179.999451,360.005463,-134.999603,479.994507,0.001390,-75.855270,-0.001266,-0.011507,-0.117926,-0.173123,0.018343,4.902649,0.002886,
feedback,11.005833,1786352459662,7,Ry,5.000000,75.000000,4.916382,-0.083618,,,359.999969,-134.999222,479.999939,179.999481,-50.000015,-179.999451,360.005707,-134.999222,479.994049,0.001358,-75.815880,-0.001347,-0.011805,0.064236,-0.006149,0.003283,4.916382,-0.008130,
feedback,11.014483,1786352459671,7,Ry,5.000000,75.000000,4.785919,-0.214081,,,359.999969,-134.999222,479.999939,179.999481,-50.000015,-179.999451,360.005585,-134.999573,479.995361,0.001462,-75.757515,-0.001369,-0.114983,-0.064236,0.429356,0.010027,4.785919,0.004755,
feedback,11.022244,1786352459679,7,Ry,5.000000,75.000000,4.813385,-0.186615,,,359.999969,-134.999222,479.999939,179.999481,-50.000015,-179.999451,360.006836,-134.999222,479.994202,0.001350,-75.718925,-0.001199,0.146907,0.065196,-0.145894,-0.009932,4.813385,0.030429,
feedback,11.030928,1786352459688,7,Ry,5.000000,75.000000,5.005646,0.005646,,,359.999969,-134.999222,479.999939,179.999481,-50.000015,-179.999451,360.009674,-134.999573,479.990845,0.001454,-75.679268,-0.001361,0.351914,-0.032598,-0.513909,-0.001706,5.005646,-0.013520,
feedback,11.038612,1786352459696,7,Ry,5.000000,75.000000,5.019379,0.019379,,,359.999969,-134.999222,479.999939,179.999481,-50.000015,-179.999451,360.013702,-134.999313,479.985413,0.001287,-75.638840,-0.001219,0.474058,-0.096835,-0.749337,0.001693,5.019379,-0.007081,
feedback,11.047077,1786352459704,7,Ry,5.000000,75.000000,5.115509,0.115509,,,359.999969,-134.999222,479.999939,179.999481,-50.000015,-179.999451,360.016724,-134.999908,479.979675,0.001338,-75.597420,-0.001298,0.405657,-0.107382,-0.626729,-0.003237,5.115509,0.001276,
feedback,11.056055,1786352459713,7,Ry,5.000000,75.000000,5.088043,0.088043,,,359.999969,-134.999222,479.999939,179.999481,-50.000015,-179.999451,360.018341,-134.999359,479.976410,0.001414,-75.556656,-0.001322,0.002040,-0.065199,-0.169221,-0.003435,5.088043,-0.027032,
feedback,11.063163,1786352459721,7,Ry,5.000000,75.000000,5.122375,0.122375,,,359.999969,-134.999222,479.999939,179.999481,-50.000015,-179.999451,360.017822,-134.999481,479.975891,0.001382,-75.515594,-0.001345,-0.157368,-0.022053,0.035704,-0.003442,5.122375,-0.020163,
feedback,11.071265,1786352459729,7,Ry,5.000000,75.000000,5.156708,0.156708,,,359.999969,-134.999222,479.999939,179.999481,-50.000015,-179.999451,360.015961,-134.999344,479.976990,0.001515,-75.473907,-0.001286,-0.215729,0.011506,0.166227,0.005154,5.156708,0.026807,
feedback,11.079811,1786352459738,7,Ry,5.000000,75.000000,5.232239,0.232239,,,359.999969,-134.999222,479.999939,179.999481,-50.000015,-179.999451,360.013733,-134.999390,479.977905,0.001429,-75.432098,-0.001310,-0.304314,-0.022053,0.051748,-0.003464,5.232239,-0.020158,
feedback,11.087399,1786352459746,7,Ry,5.000000,75.000000,5.197907,0.197907,,,359.999969,-134.999222,479.999939,179.999481,-50.000015,-179.999451,360.011353,-134.999268,479.980286,0.001452,-75.390434,-0.001278,-0.305766,0.139979,0.490109,-0.008389,5.197906,0.015687,
feedback,11.096227,1786352459755,7,Ry,5.000000,75.000000,5.101776,0.101776,,,359.999969,-134.999222,479.999939,179.999481,-50.000015,-179.999451,360.006042,-134.999222,479.987061,0.001629,-75.328613,-0.001489,-0.557227,0.010545,0.737460,0.011534,5.101776,-0.010121,
feedback,11.104025,1786352459763,7,Ry,5.000000,75.000000,5.149841,0.149841,,,359.999969,-134.999222,479.999939,179.999481,-50.000015,-179.999451,360.002625,-134.998840,479.991211,0.001283,-75.287384,-0.001105,-0.402275,0.086286,0.514683,-0.013300,5.149841,0.017221,
feedback,11.112667,1786352459771,7,Ry,5.000000,75.000000,5.266571,0.266571,,,359.999969,-134.999222,479.999939,179.999481,-50.000015,-179.999451,359.998535,-134.999405,479.995392,0.001301,-75.245773,-0.001320,-0.465633,-0.075741,0.352028,-0.008396,5.266571,-0.018624,
feedback,11.120761,1786352459780,7,Ry,5.000000,75.000000,5.280304,0.280304,,,359.999969,-134.999222,479.999939,179.999481,-50.000015,-179.999451,359.996307,-134.998962,479.997711,0.001144,-75.204216,-0.001018,-0.316712,0.118881,0.309667,-0.011539,5.280304,0.030745,
feedback,11.129402,1786352459784,7,Ry,5.000000,75.000000,5.081177,0.081177,,,359.999969,-134.999222,479.999939,179.999481,-50.000015,-179.999451,359.995880,-134.999176,479.998749,0.001273,-75.183891,-0.001152,-0.106069,-0.053689,0.259330,0.008382,5.081177,-0.001984,
feedback,11.136886,1786352459793,7,Ry,5.000000,75.000000,5.136108,0.136108,,,359.999969,-134.999222,479.999939,179.999481,-50.000015,-179.999451,359.994995,-134.999435,479.998901,0.001215,-75.142746,-0.001203,0.012220,0.000000,-0.028263,-0.013281,5.136108,0.003521,
feedback,11.146214,1786352459801,7,Ry,5.000000,75.000000,5.088043,0.088043,,,359.999969,-134.999222,479.999939,179.999481,-50.000015,-179.999451,359.995087,-134.999222,479.998596,0.001500,-75.101883,-0.001358,0.032387,0.000958,-0.007120,0.020321,5.088043,0.029878,
feedback,11.153572,1786352459810,7,Ry,5.000000,75.000000,5.094910,0.094910,,,359.999969,-134.999222,479.999939,179.999481,-50.000015,-179.999451,359.994843,-134.998795,479.997894,0.001338,-75.061234,-0.001193,-0.043752,0.118881,-0.071306,0.008387,5.094910,0.025464,
feedback,11.162854,1786352459818,7,Ry,5.000000,75.000000,4.998779,-0.001221,,,359.999969,-134.999222,479.999939,179.999481,-50.000015,-179.999451,359.994568,-134.999176,479.996307,0.001259,-75.020935,-0.001138,0.001783,-0.117923,-0.165421,-0.001321,4.998779,0.007941,
feedback,11.170742,1786352459827,7,Ry,5.000000,75.000000,4.875183,-0.124817,,,359.999969,-134.999222,479.999939,179.999481,-50.000015,-179.999451,359.996216,-134.999313,479.993317,0.001329,-74.961693,-0.001266,0.115965,-0.022050,-0.160174,-0.010204,4.875183,-0.018347,
feedback,11.178482,1786352459836,7,Ry,5.000000,75.000000,4.895782,-0.104218,,,359.999969,-134.999222,479.999939,179.999481,-50.000015,-179.999451,359.998535,-134.999390,479.989838,0.001278,-74.922501,-0.001157,0.287055,-0.043142,-0.399912,-0.000009,4.895782,-0.006866,
feedback,11.187039,1786352459844,7,Ry,5.000000,75.000000,5.026245,0.026245,,,359.999969,-134.999222,479.999939,179.999481,-50.000015,-179.999451,359.999298,-134.999741,479.988953,0.001385,-74.882507,-0.001181,0.095151,-0.160109,-0.266918,0.005899,5.026245,0.034460,
feedback,11.195000,1786352459852,7,Ry,5.000000,75.000000,4.950714,-0.049286,,,359.999969,-134.999222,479.999939,179.999481,-50.000015,-179.999451,360.000885,-134.999054,479.986816,0.001170,-74.842903,-0.000991,0.183976,0.118884,-0.245000,-0.004846,4.950714,0.029022,
feedback,11.203482,1786352459861,7,Ry,5.000000,75.000000,4.833984,-0.166016,,,359.999969,-134.999222,479.999939,179.999481,-50.000015,-179.999451,360.003235,-134.999268,479.983795,0.001195,-74.804070,-0.001015,0.308601,-0.053689,-0.517535,-0.011464,4.833984,0.003360,
feedback,11.212368,1786352459869,7,Ry,5.000000,75.000000,4.909515,-0.090485,,,359.999969,-134.999222,479.999939,179.999481,-50.000015,-179.999451,360.005371,-134.998962,479.980804,0.001311,-74.764740,-0.001194,0.216837,0.031639,-0.281721,0.007823,4.909515,-0.023484,
feedback,11.219954,1786352459878,7,Ry,5.000000,75.000000,5.033112,0.033112,,,359.999969,-134.999222,479.999939,179.999481,-50.000015,-179.999451,360.006927,-134.998962,479.978516,0.001417,-74.724609,-0.001163,0.208836,0.194628,-0.315605,0.003601,5.033112,0.047580,
feedback,11.228556,1786352459886,7,Ry,5.000000,75.000000,5.005646,0.005646,,,359.999969,-134.999222,479.999939,179.999481,-50.000015,-179.999451,360.007507,-134.999435,479.976959,0.001186,-74.684341,-0.001034,0.116527,-0.010546,-0.096081,-0.024686,5.005646,0.013877,
feedback,11.236448,1786352459895,7,Ry,5.000000,75.000000,5.046845,0.046845,,,359.999969,-134.999222,479.999939,179.999481,-50.000015,-179.999451,360.005798,-134.999603,479.979095,0.001281,-74.624001,-0.001161,-0.321086,-0.064237,0.468822,-0.016228,5.046844,0.011837,
feedback,11.245204,1786352459903,7,Ry,5.000000,75.000000,5.081177,0.081177,,,359.999969,-134.999222,479.999939,179.999481,-50.000015,-179.999451,360.003204,-134.999268,479.982513,0.001278,-74.583488,-0.001103,-0.326885,0.065194,0.503778,-0.009600,5.081177,0.030622,
feedback,11.252720,1786352459911,7,Ry,5.000000,75.000000,5.101776,0.101776,,,359.999969,-134.999222,479.999939,179.999481,-50.000015,-179.999451,360.000580,-134.998917,479.987457,0.001264,-74.542870,-0.001175,-0.361151,0.053688,0.628641,0.011391,5.101776,-0.003412,
feedback,11.261941,1786352459920,7,Ry,5.000000,75.000000,5.122376,0.122376,,,359.999969,-134.999222,479.999939,179.999481,-50.000015,-179.999451,359.997955,-134.999435,479.991394,0.001271,-74.501892,-0.001124,-0.240771,-0.021093,0.485714,-0.002957,5.122375,0.015068,
feedback,11.269003,1786352459928,7,Ry,5.000000,75.000000,5.122376,0.122376,,,359.999969,-134.999222,479.999939,179.999481,-50.000015,-179.999451,359.993744,-134.999603,479.998169,0.001268,-74.461021,-0.001148,-0.529652,-0.064235,0.890200,-0.002944,5.122375,0.008204,
feedback,11.277672,1786352459937,7,Ry,5.000000,75.000000,5.081177,0.081177,,,359.999969,-134.999222,479.999939,179.999481,-50.000015,-179.999451,359.990631,-134.999008,480.003052,0.001407,-74.420013,-0.001267,-0.287020,-0.021093,0.542589,0.023516,5.081177,0.007696,
feedback,11.285165,1786352459945,7,Ry,5.000000,75.000000,5.163574,0.163574,,,359.999969,-134.999222,479.999939,179.999481,-50.000015,-179.999451,359.988647,-134.999176,480.006317,0.001206,-74.378510,-0.001087,-0.163194,0.043141,0.333021,0.006600,5.163574,0.005017,
feedback,11.293853,1786352459949,7,Ry,5.000000,75.000000,5.177307,0.177307,,,359.999969,-134.999222,479.999939,179.999481,-50.000015,-179.999451,359.988220,-134.999359,480.006775,0.001303,-74.357803,-0.001214,-0.104743,-0.043142,0.113220,0.006602,5.177307,-0.008718,
feedback,11.301249,1786352459957,7,Ry,5.000000,75.000000,5.225372,0.225372,,,359.999969,-134.999222,479.999939,179.999481,-50.000015,-179.999451,359.989258,-134.998917,480.005280,0.001146,-74.315781,-0.001054,0.160378,0.107376,-0.105839,-0.016949,5.225372,0.004224,
feedback,11.310397,1786352459966,7,Ry,5.000000,75.000000,5.218506,0.218506,,,359.999969,-134.999222,479.999939,179.999481,-50.000015,-179.999451,359.989258,-134.999435,480.004303,0.001143,-74.273727,-0.001134,0.012130,-0.118880,-0.040359,-0.008478,5.218506,-0.025348,
feedback,11.318040,1786352459974,7,Ry,5.000000,75.000000,5.184174,0.184174,,,359.999969,-134.999222,479.999939,179.999481,-50.000015,-179.999451,359.989838,-134.999130,480.002869,0.001459,-74.232231,-0.001379,0.006155,0.096830,-0.170286,0.031162,5.184174,-0.002205,
feedback,11.326981,1786352459983,7,Ry,5.000000,75.000000,5.053711,0.053711,,,359.999969,-134.999222,479.999939,179.999481,-50.000015,-179.999451,359.987793,-134.999390,480.004242,0.001411,-74.171394,-0.001300,-0.119908,-0.086284,-0.030694,0.026415,5.053711,-0.021225,
feedback,11.334415,1786352459991,7,Ry,5.000000,75.000000,5.039978,0.039978,,,359.999969,-134.999222,479.999939,179.999481,-50.000015,-179.999451,359.985870,-134.999527,480.005859,0.001283,-74.130905,-0.001223,-0.125329,0.021092,0.177569,0.016052,5.039978,-0.018842,
feedback,11.342941,1786352460000,7,Ry,5.000000,75.000000,5.046845,0.046845,,,359.999969,-134.999222,479.999939,179.999481,-50.000015,-179.999451,359.985931,-134.999054,480.005890,0.001211,-74.090645,-0.001038,0.013814,-0.010546,-0.150918,-0.004736,5.046844,0.008486,
feedback,11.350512,1786352460008,7,Ry,5.000000,75.000000,4.971313,-0.028687,,,359.999969,-134.999222,479.999939,179.999481,-50.000015,-179.999451,359.986908,-134.999100,480.004272,0.001126,-74.050682,-0.001062,0.109219,0.010546,-0.166135,0.004703,4.971313,-0.008489,
feedback,11.359723,1786352460016,7,Ry,5.000000,75.000000,4.882050,-0.117950,,,359.999969,-134.999222,479.999939,179.999481,-50.000015,-179.999451,359.988831,-134.999359,480.002655,0.001274,-74.011627,-0.001186,0.410595,0.022050,-0.360263,0.010374,4.882050,0.018177,
feedback,11.367106,1786352460025,7,Ry,5.000000,75.000000,4.902649,-0.097351,,,359.999969,-134.999222,479.999939,179.999481,-50.000015,-179.999451,359.990875,-134.999008,480.000671,0.001270,-73.972649,-0.001128,0.228650,0.000001,-0.299529,-0.006614,4.902649,0.001896,
feedback,11.375849,1786352460033,7,Ry,5.000000,75.000000,4.861450,-0.138550,,,359.999969,-134.999222,479.999939,179.999481,-50.000015,-179.999451,359.992859,-134.999390,479.998535,0.001009,-73.933647,-0.000883,0.434285,0.011505,-0.552231,-0.014103,4.861450,0.032362,
feedback,11.383784,1786352460041,7,Ry,5.000000,75.000000,4.916382,-0.083618,,,359.999969,-134.999222,479.999939,179.999481,-50.000015,-179.999451,359.995697,-134.999741,479.994293,0.001196,-73.893822,-0.001133,0.413069,-0.107377,-0.685829,0.010402,4.916382,-0.002444,
feedback,11.392282,1786352460050,7,Ry,5.000000,75.000000,4.923248,-0.076752,,,359.999969,-134.999222,479.999939,179.999481,-50.000015,-179.999451,359.999115,-134.999222,479.989410,0.001383,-73.854050,-0.001245,0.449162,-0.010545,-0.589421,0.001898,4.923248,0.006596,
feedback,11.400082,1786352460058,7,Ry,5.000000,75.000000,5.005646,0.005646,,,359.999969,-134.999222,479.999939,179.999481,-50.000015,-179.999451,360.002533,-134.999390,479.983917,0.001190,-73.814445,-0.001073,0.472701,0.021093,-0.723673,-0.003838,5.005646,-0.013189,
feedback,11.408538,1786352460067,7,Ry,5.000000,75.000000,5.067444,0.067444,,,359.999969,-134.999222,479.999939,179.999481,-50.000015,-179.999451,360.006287,-134.999176,479.978668,0.001347,-73.753860,-0.001237,0.272956,0.129432,-0.361318,0.006580,5.067444,0.018678,
feedback,11.416592,1786352460075,7,Ry,5.000000,75.000000,5.115509,0.115509,,,359.999969,-134.999222,479.999939,179.999481,-50.000015,-179.999451,360.006805,-134.999176,479.976715,0.001344,-73.713150,-0.001234,0.293771,0.022052,-0.390794,0.003839,5.115509,0.020048,
feedback,11.424493,1786352460084,7,Ry,5.000000,75.000000,5.122376,0.122376,,,359.999969,-134.999222,479.999939,179.999481,-50.000015,-179.999451,360.007660,-134.999176,479.975464,0.001246,-73.672363,-0.001133,0.046100,0.032598,-0.067935,0.008508,5.122375,0.011526,
feedback,11.433594,1786352460092,7,Ry,5.000000,75.000000,5.204773,0.204773,,,359.999969,-134.999222,479.999939,179.999481,-50.000015,-179.999451,360.007996,-134.999176,479.975281,0.001337,-73.631004,-0.001227,0.108474,0.031639,-0.140976,0.000770,5.204773,-0.021700,
feedback,11.440951,1786352460100,7,Ry,5.000000,75.000000,5.122375,0.122375,,,359.999969,-134.999222,479.999939,179.999481,-50.000015,-179.999451,360.008698,-134.999176,479.975098,0.001240,-73.589912,-0.001127,0.134954,0.010546,-0.056414,-0.001952,5.122375,-0.006587,
feedback,11.451030,1786352460105,7,Ry,5.000000,75.000000,5.259705,0.259705,,,359.999969,-134.999222,479.999939,179.999481,-50.000015,-179.999451,360.008667,-134.999390,479.975250,0.001282,-73.568878,-0.001028,-0.008859,-0.052731,0.036234,0.003113,5.259705,0.034872,
feedback,11.457151,1786352460113,7,Ry,5.000000,75.000000,5.273437,0.273437,,,359.999969,-134.999222,479.999939,179.999481,-50.000015,-179.999451,360.008789,-134.999084,479.975800,0.001197,-73.526932,-0.000998,0.003755,-0.043144,0.050940,0.006569,5.273438,-0.008814,
feedback,11.466179,1786352460121,7,Ry,5.000000,75.000000,5.362701,0.362701,,,359.999969,-134.999222,479.999939,179.999481,-50.000015,-179.999451,360.009796,-134.999313,479.975006,0.001204,-73.484634,-0.001146,0.188411,0.085329,-0.082955,-0.001235,5.362701,-0.021418,
feedback,11.474065,1786352460130,7,Ry,5.000000,75.000000,5.321503,0.321503,,,359.999969,-134.999222,479.999939,179.999481,-50.000015,-179.999451,360.012817,-134.998795,479.971100,0.001109,-73.442337,-0.000964,0.260764,0.128475,-0.281530,-0.007845,5.321503,-0.012594,
feedback,11.482068,1786352460138,7,Ry,5.000000,75.000000,5.266571,0.266571,,,359.999969,-134.999222,479.999939,179.999481,-50.000015,-179.999451,360.015320,-134.999619,479.966614,0.001261,-73.379280,-0.001289,0.192602,-0.023013,-0.431000,0.001370,5.266571,-0.057138,
feedback,11.490031,1786352460147,7,Ry,5.000000,75.000000,5.177307,0.177307,,,359.999969,-134.999222,479.999939,179.999481,-50.000015,-179.999451,360.016724,-134.999481,479.965027,0.001395,-73.337639,-0.001231,0.106036,-0.107382,-0.228181,0.017084,5.177307,-0.004514,
feedback,11.498773,1786352460155,7,Ry,5.000000,75.000000,5.060577,0.060577,,,359.999969,-134.999222,479.999939,179.999481,-50.000015,-179.999451,360.015167,-134.998962,479.966766,0.001281,-73.296494,-0.001173,-0.023824,0.031638,0.089747,-0.005935,5.060577,-0.019730,
feedback,11.506464,1786352460164,7,Ry,5.000000,75.000000,5.033112,0.033112,,,359.999969,-134.999222,479.999939,179.999481,-50.000015,-179.999451,360.013367,-134.999222,479.968842,0.001242,-73.255768,-0.001102,-0.242995,-0.043145,0.263508,-0.013163,5.033112,-0.002910,
feedback,11.514853,1786352460172,7,Ry,5.000000,75.000000,4.991913,-0.008087,,,359.999969,-134.999222,479.999939,179.999481,-50.000015,-179.999451,360.011505,-134.999481,479.971161,0.001385,-73.215584,-0.001222,-0.186590,-0.010546,0.317997,-0.011175,4.991913,0.010540,
feedback,11.523312,1786352460181,7,Ry,5.000000,75.000000,4.985047,-0.014953,,,359.999969,-134.999222,479.999939,179.999481,-50.000015,-179.999451,360.009369,-134.999268,479.974976,0.001263,-73.175674,-0.001096,-0.288739,-0.021093,0.479986,-0.009182,4.985046,0.017120,
feedback,11.531202,1786352460189,7,Ry,5.000000,75.000000,4.861450,-0.138550,,,359.999969,-134.999222,479.999939,179.999481,-50.000015,-179.999451,360.006653,-134.999786,479.979828,0.001260,-73.136429,-0.001176,-0.294270,-0.043144,0.592748,-0.000005,4.861450,-0.006866,
feedback,11.539063,1786352460198,7,Ry,5.000000,75.000000,4.820251,-0.179749,,,359.999969,-134.999222,479.999939,179.999481,-50.000015,-179.999451,360.004578,-134.999603,479.984314,0.001257,-73.097588,-0.001146,-0.178229,-0.118885,0.396130,-0.002003,4.820251,-0.027169,
feedback,11.547498,1786352460206,7,Ry,5.000000,75.000000,4.840851,-0.159149,,,359.999969,-134.999222,479.999939,179.999481,-50.000015,-179.999451,360.005981,-134.998962,479.983582,0.001192,-73.058838,-0.000939,0.320904,0.118887,-0.228225,-0.004584,4.840851,0.029169,
feedback,11.555973,1786352460214,7,Ry,5.000000,75.000000,4.991913,-0.008087,,,359.999969,-134.999222,479.999939,179.999481,-50.000015,-179.999451,360.010437,-134.999435,479.977875,0.001250,-72.999123,-0.001111,0.597343,0.021093,-0.712390,-0.004025,4.991913,-0.013133,
feedback,11.564123,1786352460223,7,Ry,5.000000,75.000000,5.005646,0.005646,,,359.999969,-134.999222,479.999939,179.999481,-50.000015,-179.999451,360.016022,-134.999344,479.970795,0.001302,-72.959160,-0.001081,0.694501,-0.031637,-0.891668,0.006025,5.005646,0.019695,
feedback,11.571659,1786352460231,7,Ry,5.000000,75.000000,4.950714,-0.049286,,,359.999969,-134.999222,479.999939,179.999481,-50.000015,-179.999451,360.021271,-134.999176,479.963470,0.001100,-72.919472,-0.000985,0.579994,-0.086290,-0.890359,-0.006575,4.950714,-0.011716,
feedback,11.580341,1786352460235,7,Ry,5.000000,75.000000,4.882049,-0.117951,,,359.999969,-134.999222,479.999939,179.999481,-50.000015,-179.999451,360.023376,-134.999695,479.960571,0.001188,-72.899948,-0.001159,0.525024,-0.129437,-0.723354,0.006558,4.882050,-0.022618,
feedback,11.588043,1786352460244,7,Ry,5.000000,75.000000,5.019379,0.019379,,,359.999969,-134.999222,479.999939,179.999481,-50.000015,-179.999451,360.025787,-134.999603,479.956299,0.001418,-72.860260,-0.001316,0.145000,-0.161077,-0.321238,0.019186,5.019379,-0.004962,
feedback,11.596870,1786352460253,7,Ry,5.000000,75.000000,4.991913,-0.008087,,,359.999969,-134.999222,479.999939,179.999481,-50.000015,-179.999451,360.026947,-134.999176,479.953796,0.001094,-72.820320,-0.000979,0.187157,0.042185,-0.434878,-0.014685,4.991913,-0.024212,
feedback,11.604861,1786352460261,7,Ry,5.000000,75.000000,5.074310,0.074310,,,359.999969,-134.999222,479.999939,179.999481,-50.000015,-179.999451,360.027496,-134.999313,479.952637,0.001262,-72.779892,-0.001069,0.098308,-0.053692,-0.237984,0.002021,5.074310,-0.000308,
feedback,11.612976,1786352460269,7,Ry,5.000000,75.000000,5.046845,0.046845,,,359.999969,-134.999222,479.999939,179.999481,-50.000015,-179.999451,360.026398,-134.999435,479.954315,0.001430,-72.739685,-0.001159,-0.244382,-0.009585,0.419489,0.023289,5.046844,0.035578,
feedback,11.620699,1786352460278,7,Ry,5.000000,75.000000,5.039978,0.039978,,,359.999969,-134.999222,479.999939,179.999481,-50.000015,-179.999451,360.023102,-134.999084,479.959808,0.001141,-72.699364,-0.000943,-0.466166,0.129436,0.850953,-0.006570,5.039978,0.022641,
feedback,11.628835,1786352460286,7,Ry,5.000000,75.000000,5.033112,0.033112,,,359.999969,-134.999222,479.999939,179.999481,-50.000015,-179.999451,360.019684,-134.999130,479.965912,0.001143,-72.658989,-0.001061,-0.414617,0.021091,0.765012,-0.010660,5.033112,-0.011062,
feedback,11.637025,1786352460295,7,Ry,5.000000,75.000000,5.108642,0.108642,,,359.999969,-134.999222,479.999939,179.999481,-50.000015,-179.999451,360.013794,-134.999573,479.975159,0.001282,-72.598122,-0.001203,-0.430271,-0.022053,0.678299,0.002438,5.108643,-0.022024,
feedback,11.645224,1786352460303,7,Ry,5.000000,75.000000,5.184173,0.184173,,,359.999969,-134.999222,479.999939,179.999481,-50.000015,-179.999451,360.010223,-134.999527,479.980927,0.001076,-72.556870,-0.001017,-0.522256,-0.054651,0.743944,-0.006182,5.184174,-0.033385,
feedback,11.653296,1786352460312,7,Ry,5.000000,75.000000,5.191040,0.191040,,,359.999969,-134.999222,479.999939,179.999481,-50.000015,-179.999451,360.006042,-134.999435,479.987061,0.001129,-72.515396,-0.000987,-0.509296,-0.010547,0.645044,0.002053,5.191040,0.006549,
feedback,11.661559,1786352460320,7,Ry,5.000000,75.000000,5.149841,0.149841,,,359.999969,-134.999222,479.999939,179.999481,-50.000015,-179.999451,360.003204,-134.999481,479.991241,0.001241,-72.474304,-0.001076,-0.366428,-0.021093,0.408776,0.004126,5.149841,0.013095,
feedback,11.669861,1786352460328,7,Ry,5.000000,75.000000,5.081177,0.081177,,,359.999969,-134.999222,479.999939,179.999481,-50.000015,-179.999451,359.999573,-134.999222,479.996124,0.001183,-72.433273,-0.001046,-0.525191,0.010545,0.711119,-0.002085,5.081177,-0.006546,
feedback,11.678037,1786352460337,7,Ry,5.000000,75.000000,5.170441,0.170441,,,359.999969,-134.999222,479.999939,179.999481,-50.000015,-179.999451,359.996155,-134.999008,480.000519,0.001239,-72.392075,-0.001106,-0.536996,0.043141,0.612308,0.006530,5.170441,0.004789,
feedback,11.686089,1786352460345,7,Ry,5.000000,75.000000,5.088043,0.088043,,,359.999969,-134.999222,479.999939,179.999481,-50.000015,-179.999451,359.992371,-134.998962,480.005737,0.000950,-72.351341,-0.000832,-0.523822,-0.000002,0.734040,-0.026188,5.088043,0.008327,
feedback,11.694344,1786352460353,7,Ry,5.000000,75.000000,5.060577,0.060577,,,359.999969,-134.999222,479.999939,179.999481,-50.000015,-179.999451,359.989655,-134.999359,480.008942,0.001233,-72.310776,-0.001156,-0.400616,-0.075739,0.429434,0.004446,5.060577,-0.022361,
feedback,11.702340,1786352460362,7,Ry,5.000000,75.000000,5.033112,0.033112,,,359.999969,-134.999222,479.999939,179.999481,-50.000015,-179.999451,359.986816,-134.999054,480.012878,0.001172,-72.270432,-0.001008,-0.445190,0.096828,0.606127,-0.002105,5.033112,0.007193,
feedback,11.710762,1786352460370,7,Ry,5.000000,75.000000,5.039978,0.039978,,,359.999969,-134.999222,479.999939,179.999481,-50.000015,-179.999451,359.985992,-134.999222,480.014069,0.001083,-72.230247,-0.000943,-0.202609,-0.010547,0.260826,0.002084,5.039978,0.006539,
feedback,11.718931,1786352460379,7,Ry,5.000000,75.000000,4.950714,-0.049286,,,359.999969,-134.999222,479.999939,179.999481,-50.000015,-179.999451,359.985016,-134.999359,480.015961,0.001052,-72.170784,-0.000967,0.064467,0.021092,-0.054536,0.002322,4.950714,-0.015176,
feedback,11.727118,1786352460383,7,Ry,5.000000,75.000000,4.950714,-0.049286,,,359.999969,-134.999222,479.999939,179.999481,-50.000015,-179.999451,359.985260,-134.999054,480.015106,0.001139,-72.150978,-0.001117,0.063081,0.074780,-0.209527,0.006746,4.950714,-0.016951,
feedback,11.735229,1786352460392,7,Ry,5.000000,75.000000,4.930115,-0.069885,,,359.999969,-134.999222,479.999939,179.999481,-50.000015,-179.999451,359.986908,-134.999390,480.013245,0.001161,-72.111816,-0.001053,0.198361,0.022050,-0.207459,0.010743,4.930115,0.017826,
feedback,11.743583,1786352460400,7,Ry,5.000000,75.000000,4.971314,-0.028686,,,359.999969,-134.999222,479.999939,179.999481,-50.000015,-179.999451,359.988739,-134.999359,480.010132,0.001131,-72.072151,-0.001050,0.243398,0.032596,-0.407434,0.008637,4.971313,0.011286,
feedback,11.751718,1786352460408,7,Ry,5.000000,75.000000,5.026245,0.026245,,,359.999969,-134.999222,479.999939,179.999481,-50.000015,-179.999451,359.990723,-134.999359,480.006866,0.001213,-72.032578,-0.001137,0.227458,-0.010546,-0.403171,0.002109,5.026245,0.006532,
feedback,11.760024,1786352460417,7,Ry,5.000000,75.000000,4.875183,-0.124817,,,359.999969,-134.999222,479.999939,179.999481,-50.000015,-179.999451,359.991974,-134.999481,480.004639,0.001208,-71.993217,-0.001045,0.126331,-0.107376,-0.178471,0.017296,4.875183,-0.004918,
feedback,11.768151,1786352460425,7,Ry,5.000000,75.000000,4.833984,-0.166016,,,359.999969,-134.999222,479.999939,179.999481,-50.000015,-179.999451,359.993256,-134.999359,480.002167,0.000955,-71.954376,-0.000865,0.027938,-0.043142,-0.227338,-0.019595,4.833984,-0.000485,
feedback,11.777339,1786352460433,7,Ry,5.000000,75.000000,4.930115,-0.069885,,,359.999969,-134.999222,479.999939,179.999481,-50.000015,-179.999451,359.992432,-134.999222,480.002899,0.000896,-71.915352,-0.000747,-0.069885,0.032596,0.057624,-0.017462,4.930115,0.019788,
feedback,11.784376,1786352460442,7,Ry,5.000000,75.000000,4.964447,-0.035553,,,359.999969,-134.999222,479.999939,179.999481,-50.000015,-179.999451,359.990723,-134.999573,480.005066,0.000978,-71.875687,-0.000889,-0.216815,-0.053689,0.327663,0.002129,4.964447,-0.000341,
feedback,11.792970,1786352460450,7,Ry,5.000000,75.000000,4.875183,-0.124817,,,359.999969,-134.999222,479.999939,179.999481,-50.000015,-179.999451,359.989075,-134.999130,480.007812,0.001256,-71.836388,-0.001184,-0.145304,0.096829,0.315912,0.017421,4.875183,0.000787,
feedback,11.800918,1786352460459,7,Ry,5.000000,75.000000,5.039978,0.039978,,,359.999969,-134.999222,479.999939,179.999481,-50.000015,-179.999451,359.987244,-134.999176,480.010834,0.000919,-71.776016,-0.000944,-0.095662,0.150517,0.266459,-0.023871,5.039978,0.013997,
feedback,11.808917,1786352460467,7,Ry,5.000000,75.000000,5.142975,0.142975,,,359.999969,-134.999222,479.999939,179.999481,-50.000015,-179.999451,359.985687,-134.998917,480.013794,0.001081,-71.734985,-0.000859,-0.095408,0.162976,0.315369,-0.002298,5.142975,0.071239,
feedback,11.817595,1786352460475,7,Ry,5.000000,75.000000,5.184174,0.184174,,,359.999969,-134.999222,479.999939,179.999481,-50.000015,-179.999451,359.985229,-134.999268,480.014343,0.001245,-71.693535,-0.001087,0.107669,0.012460,-0.093870,0.021604,5.184174,0.057209,
feedback,11.826005,1786352460484,7,Ry,5.000000,75.000000,5.273438,0.273438,,,359.999969,-134.999222,479.999939,179.999481,-50.000015,-179.999451,359.986664,-134.999313,480.011444,0.001104,-71.651512,-0.000910,0.211071,0.011504,-0.500538,0.012989,5.273438,0.024257,
feedback,11.833862,1786352460492,7,Ry,5.000000,75.000000,5.348969,0.348969,,,359.999969,-134.999222,479.999939,179.999481,-50.000015,-179.999451,359.988861,-134.999557,480.008087,0.001156,-71.608833,-0.000935,0.209099,-0.074780,-0.352510,0.006489,5.348969,0.012681,
feedback,11.841334,1786352460501,7,Ry,5.000000,75.000000,5.300903,0.300903,,,359.999969,-134.999222,479.999939,179.999481,-50.000015,-179.999451,359.990234,-134.999344,480.005707,0.001126,-71.566452,-0.000905,0.136979,0.010546,-0.297722,0.004330,5.300903,-0.008685,
feedback,11.850113,1786352460509,7,Ry,5.000000,75.000000,5.218506,0.218506,,,359.999969,-134.999222,479.999939,179.999481,-50.000015,-179.999451,359.990051,-134.999435,480.005249,0.001069,-71.524673,-0.000930,-0.205742,-0.086284,0.088108,-0.000010,5.218506,-0.013733,
feedback,11.858132,1786352460518,7,Ry,5.000000,75.000000,5.197907,0.197907,,,359.999969,-134.999222,479.999939,179.999481,-50.000015,-179.999451,359.989014,-134.999008,480.006683,0.001094,-71.483398,-0.000960,-0.244839,0.096829,0.397079,0.004315,5.197906,0.005041,
feedback,11.866337,1786352460522,7,Ry,5.000000,75.000000,5.149841,0.149841,,,359.999969,-134.999222,479.999939,179.999481,-50.000015,-179.999451,359.987152,-134.999435,480.008545,0.000874,-71.462799,-0.000868,-0.461470,-0.108333,0.468148,-0.017394,5.149841,-0.029254,
feedback,11.874906,1786352460530,7,Ry,5.000000,75.000000,5.115509,0.115509,,,359.999969,-134.999222,479.999939,179.999481,-50.000015,-179.999451,359.985107,-134.998703,480.011230,0.000926,-71.421707,-0.000842,-0.096314,0.182154,0.228480,-0.023973,5.115509,-0.007569,
feedback,11.882298,1786352460539,7,Ry,5.000000,75.000000,5.074310,0.074310,,,359.999969,-134.999222,479.999939,179.999481,-50.000015,-179.999451,359.982727,-134.998703,480.014435,0.001195,-71.360374,-0.000983,-0.120173,0.096828,0.262534,0.010799,5.074310,0.002837,
feedback,11.890841,1786352460547,7,Ry,5.000000,75.000000,5.012512,0.012512,,,359.999969,-134.999222,479.999939,179.999481,-50.000015,-179.999451,359.980530,-134.999481,480.017365,0.001137,-71.319977,-0.001118,-0.326142,-0.086282,0.442394,0.006498,5.012512,-0.015932,
feedback,11.898990,1786352460556,7,Ry,5.000000,75.000000,5.005646,0.005646,,,359.999969,-134.999222,479.999939,179.999481,-50.000015,-179.999451,359.979889,-134.999130,480.019348,0.001054,-71.279709,-0.000975,-0.148984,-0.075736,0.239962,-0.008719,5.005646,-0.018032,
feedback,11.906779,1786352460564,7,Ry,5.000000,75.000000,4.950714,-0.049286,,,359.999969,-134.999222,479.999939,179.999481,-50.000015,-179.999451,359.979187,-134.999527,480.020966,0.001240,-71.239990,-0.001199,-0.096248,0.032594,0.203222,0.002201,4.950714,0.013368,
feedback,11.915221,1786352460572,7,Ry,5.000000,75.000000,4.978180,-0.021820,,,359.999969,-134.999222,479.999939,179.999481,-50.000015,-179.999451,359.980255,-134.999359,480.019623,0.001238,-71.200302,-0.001169,0.121212,-0.096828,-0.275016,0.002203,4.978180,-0.007233,
feedback,11.923440,1786352460581,7,Ry,5.000000,75.000000,4.936981,-0.063019,,,359.999969,-134.999222,479.999939,179.999481,-50.000015,-179.999451,359.982361,-134.999130,480.017456,0.001047,-71.161026,-0.000968,0.324701,0.043142,-0.396226,-0.013009,4.936981,0.011301,
feedback,11.931449,1786352460589,7,Ry,5.000000,75.000000,4.985046,-0.014954,,,359.999969,-134.999222,479.999939,179.999481,-50.000015,-179.999451,359.984222,-134.999222,480.013885,0.001099,-71.121094,-0.000966,0.187821,-0.021092,-0.349955,-0.002065,4.985046,0.015216,
feedback,11.939892,1786352460597,7,Ry,5.000000,75.000000,4.991913,-0.008087,,,359.999969,-134.999222,479.999939,179.999481,-50.000015,-179.999451,359.987457,-134.999359,480.008820,0.000989,-71.081024,-0.000907,0.283673,-0.022049,-0.504949,-0.004462,4.991913,-0.019857,
feedback,11.947762,1786352460606,7,Ry,5.000000,75.000000,4.895782,-0.104218,,,359.999969,-134.999222,479.999939,179.999481,-50.000015,-179.999451,359.990143,-134.999222,480.005310,0.001014,-71.041580,-0.000877,0.318524,0.074781,-0.396800,-0.000210,4.895782,-0.014846,
feedback,11.956165,1786352460614,7,Ry,5.000000,75.000000,4.923248,-0.076752,,,359.999969,-134.999222,479.999939,179.999481,-50.000015,-179.999451,359.993988,-134.999481,479.999359,0.001147,-71.002411,-0.000987,0.330629,-0.074780,-0.782439,0.006696,4.923248,0.012611,
feedback,11.964137,1786352460623,7,Ry,5.000000,75.000000,5.012512,0.012512,,,359.999969,-134.999222,479.999939,179.999481,-50.000015,-179.999451,359.998566,-134.998962,479.993591,0.001034,-70.943085,-0.000929,0.297130,0.107379,-0.272871,-0.004498,5.012512,0.000753,
feedback,11.972331,1786352460631,7,Ry,5.000000,75.000000,5.129242,0.129242,,,359.999969,-134.999222,479.999939,179.999481,-50.000015,-179.999451,360.000702,-134.999435,479.990448,0.001193,-70.902603,-0.001065,0.292434,-0.010546,-0.308772,0.015214,5.129242,0.001995,
feedback,11.980716,1786352460639,7,Ry,5.000000,75.000000,5.060577,0.060577,,,359.999969,-134.999222,479.999939,179.999481,-50.000015,-179.999451,360.002899,-134.999390,479.986786,0.000926,-70.861984,-0.000812,0.250692,-0.043143,-0.395807,-0.012984,5.060577,-0.002364,
feedback,11.988981,1786352460648,7,Ry,5.000000,75.000000,5.197906,0.197906,,,359.999969,-134.999222,479.999939,179.999481,-50.000015,-179.999451,360.004913,-134.999390,479.983826,0.001081,-70.821198,-0.000977,0.259216,0.000000,-0.426610,0.012961,5.197906,-0.004511,
feedback,11.996943,1786352460656,7,Ry,5.000000,75.000000,5.239105,0.239105,,,359.999969,-134.999222,479.999939,179.999481,-50.000015,-179.999451,360.006805,-134.999054,479.982086,0.001000,-70.779503,-0.000836,0.148223,0.032598,-0.179560,-0.004238,5.239105,0.015611,
feedback,12.005512,1786352460665,7,Ry,5.000000,75.000000,5.321503,0.321503,,,359.999969,-134.999222,479.999939,179.999481,-50.000015,-179.999451,360.009644,-134.998871,479.978119,0.001155,-70.737259,-0.000973,0.609447,0.118889,-0.808868,0.002247,5.321503,0.027081,
feedback,12.013529,1786352460673,7,Ry,5.000000,75.000000,5.383301,0.383301,,,359.999969,-134.999222,479.999939,179.999481,-50.000015,-179.999451,360.012268,-134.999222,479.973877,0.001074,-70.694794,-0.000943,0.326108,-0.010545,-0.401791,0.015218,5.383301,0.001940,
feedback,12.021819,1786352460681,7,Ry,5.000000,75.000000,5.403900,0.403900,,,359.999969,-134.999222,479.999939,179.999481,-50.000015,-179.999451,360.015137,-134.999390,479.969696,0.001072,-70.652199,-0.000968,0.315051,-0.193672,-0.469154,0.017497,5.403900,-0.019058,
feedback,12.029938,1786352460690,7,Ry,5.000000,75.000000,5.287170,0.287170,,,359.999969,-134.999222,479.999939,179.999481,-50.000015,-179.999451,360.016632,-134.999390,479.967010,0.001069,-70.609787,-0.000966,0.137855,-0.150527,-0.351145,-0.001928,5.287170,-0.005366,
feedback,12.038342,1786352460694,7,Ry,5.000000,75.000000,5.204773,0.204773,,,359.999969,-134.999222,479.999939,179.999481,-50.000015,-179.999451,360.016571,-134.999222,479.967316,0.000912,-70.588974,-0.000772,-0.012375,0.043145,0.073429,-0.012965,5.204773,0.011430,
feedback,12.046300,1786352460702,7,Ry,5.000000,75.000000,5.211639,0.211639,,,359.999969,-134.999222,479.999939,179.999481,-50.000015,-179.999451,360.015808,-134.999359,479.968079,0.001038,-70.547249,-0.000962,-0.159600,-0.000000,0.187558,-0.006484,5.211639,0.002287,
feedback,12.054538,1786352460711,7,Ry,5.000000,75.000000,5.122375,0.122375,,,359.999969,-134.999222,479.999939,179.999481,-50.000015,-179.999451,360.014038,-134.999222,479.970734,0.001062,-70.485229,-0.000932,-0.236611,0.064237,0.349417,-0.004600,5.122375,-0.006078,
feedback,12.062685,1786352460719,7,Ry,5.000000,75.000000,5.019379,0.019379,,,359.999969,-134.999222,479.999939,179.999481,-50.000015,-179.999451,360.011414,-134.998795,479.974854,0.000928,-70.444252,-0.000792,-0.219214,0.107381,0.363803,-0.011084,5.019379,0.003091,
feedback,12.070883,1786352460728,7,Ry,5.000000,75.000000,4.847717,-0.152283,,,359.999969,-134.999222,479.999939,179.999481,-50.000015,-179.999451,360.008789,-134.999359,479.979187,0.000953,-70.404480,-0.000873,-0.266949,-0.000001,0.404028,-0.000009,4.847717,0.000000,
feedback,12.078888,1786352460736,7,Ry,5.000000,75.000000,4.497528,-0.502472,,,359.999969,-134.999222,479.999939,179.999481,-50.000015,-179.999451,360.007263,-134.998917,479.983124,0.001050,-70.367516,-0.000980,-0.085501,0.128472,0.390298,-0.002774,4.497528,-0.014443,
feedback,12.087279,1786352460744,7,Ry,5.000000,75.000000,4.367065,-0.632935,,,359.999969,-134.999222,479.999939,179.999481,-50.000015,-179.999451,360.006287,-134.999176,479.985107,0.000873,-70.331947,-0.000760,0.048627,0.074782,0.131435,-0.032807,4.367065,-0.003287,
feedback,12.095419,1786352460753,7,Ry,5.000000,75.000000,4.188538,-0.811462,,,359.999969,-134.999222,479.999939,179.999481,-50.000015,-179.999451,360.007477,-134.998871,479.983337,0.001052,-70.298218,-0.000867,0.323159,0.097795,-0.406739,0.013395,4.188538,0.037678,
feedback,12.103599,1786352460761,7,Ry,5.000000,75.000000,3.948212,-1.051788,,,359.999969,-134.999222,479.999939,179.999481,-50.000015,-179.999451,360.010712,-134.999008,479.979095,0.000946,-70.266464,-0.000811,0.427298,0.096836,-0.574164,-0.008793,3.948212,0.009588,
feedback,12.111903,1786352460770,7,Ry,5.000000,75.000000,3.714752,-1.285248,,,359.999969,-134.999222,479.999939,179.999481,-50.000015,-179.999451,360.014313,-134.999695,479.973572,0.001131,-70.236389,-0.000974,0.465904,-0.052730,-0.669310,0.011604,3.714752,0.032310,
feedback,12.119864,1786352460778,7,Ry,5.000000,75.000000,3.673554,-1.326446,,,359.999969,-134.999222,479.999939,179.999481,-50.000015,-179.999451,360.017670,-134.999268,479.968628,0.000998,-70.207199,-0.000836,0.367291,0.086291,-0.466455,-0.000009,3.673553,0.013733,
feedback,12.128272,1786352460787,7,Ry,5.000000,75.000000,3.680420,-1.319580,,,359.999969,-134.999222,479.999939,179.999481,-50.000015,-179.999451,360.019348,-134.999481,479.966492,0.001100,-70.178108,-0.000943,0.056899,-0.042184,-0.044120,0.015766,3.680420,0.023510,
feedback,12.136342,1786352460795,7,Ry,5.000000,75.000000,3.755951,-1.244049,,,359.999969,-134.999222,479.999939,179.999481,-50.000015,-179.999451,360.018188,-134.999176,479.968933,0.001092,-70.133339,-0.000994,-0.175658,0.117929,0.314474,-0.000552,3.755951,-0.007974,
feedback,12.144686,1786352460803,7,Ry,5.000000,75.000000,3.549957,-1.450043,,,359.999969,-134.999222,479.999939,179.999481,-50.000015,-179.999451,360.016235,-134.999313,479.971710,0.001096,-70.104393,-0.000912,-0.244276,-0.000001,0.472207,-0.000009,3.549957,-0.000000,
feedback,12.152502,1786352460812,7,Ry,5.000000,75.000000,3.261566,-1.738434,,,359.999969,-134.999222,479.999939,179.999481,-50.000015,-179.999451,360.014709,-134.999481,479.974396,0.001019,-70.077751,-0.000857,-0.205130,-0.086290,0.373433,-0.025828,3.261566,-0.004374,
feedback,12.161451,1786352460820,7,Ry,5.000000,75.000000,3.028107,-1.971893,,,359.999969,-134.999222,479.999939,179.999481,-50.000015,-179.999451,360.014038,-134.999222,479.975494,0.001114,-70.052811,-0.000990,-0.098561,0.064237,0.198524,0.001762,3.028107,-0.008385,
feedback,12.168949,1786352460824,7,Ry,5.000000,75.000000,2.931976,-2.068024,,,359.999969,-134.999222,479.999939,179.999481,-50.000015,-179.999451,360.014374,-134.999084,479.975403,0.001066,-70.041084,-0.000881,0.085387,0.032599,-0.027103,-0.004119,2.931976,0.015664,
feedback,12.178376,1786352460834,7,Ry,5.000000,75.000000,2.725983,-2.274017,,,359.999969,-134.999222,479.999939,179.999481,-50.000015,-179.999451,360.014465,-134.999435,479.975342,0.001215,-70.018806,-0.001096,0.053593,-0.021092,-0.046063,0.017594,2.725983,0.008214,
feedback,12.185808,1786352460843,7,Ry,5.000000,75.000000,2.492523,-2.507477,,,359.999969,-134.999222,479.999939,179.999481,-50.000015,-179.999451,360.014221,-134.999359,479.975983,0.001008,-69.988487,-0.000934,-0.032770,0.074783,-0.028551,-0.019958,2.492523,-0.007790,
feedback,12.194840,1786352460851,7,Ry,5.000000,75.000000,2.430725,-2.569275,,,359.999969,-134.999222,479.999939,179.999481,-50.000015,-179.999451,360.012878,-134.998840,479.978790,0.001082,-69.969040,-0.000930,-0.181281,0.140940,0.459391,0.007048,2.430725,0.046819,
feedback,12.202033,1786352460860,7,Ry,5.000000,75.000000,2.622986,-2.377014,,,359.999969,-134.999222,479.999939,179.999481,-50.000015,-179.999451,360.011932,-134.999573,479.979797,0.000958,-69.948387,-0.000879,-0.139601,-0.107382,0.159665,0.004705,2.622986,-0.000832,
feedback,12.211471,1786352460868,7,Ry,5.000000,75.000000,2.822113,-2.177887,,,359.999969,-134.999222,479.999939,179.999481,-50.000015,-179.999451,360.009583,-134.999435,479.983490,0.000950,-69.926468,-0.000958,-0.347528,-0.022053,0.357692,0.001732,2.822113,-0.022122,
feedback,12.218506,1786352460877,7,Ry,5.000000,75.000000,3.055573,-1.944427,,,359.999969,-134.999222,479.999939,179.999481,-50.000015,-179.999451,360.006409,-134.999222,479.988892,0.001106,-69.902542,-0.000982,-0.439595,0.000958,0.691343,0.009430,3.055573,0.032660,
feedback,12.227239,1786352460885,7,Ry,5.000000,75.000000,3.289032,-1.710968,,,359.999969,-134.999222,479.999939,179.999481,-50.000015,-179.999451,360.002869,-134.999054,479.994537,0.001104,-69.876839,-0.000953,-0.409082,0.075740,0.675865,0.015247,3.289032,0.015456,
feedback,12.234775,1786352460893,7,Ry,5.000000,75.000000,3.543091,-1.456909,,,359.999969,-134.999222,479.999939,179.999481,-50.000015,-179.999451,359.998840,-134.999435,480.001312,0.001055,-69.849014,-0.000927,-0.494574,-0.064236,0.880836,0.004724,3.543091,0.006026,
feedback,12.243576,1786352460902,7,Ry,5.000000,75.000000,3.714752,-1.285248,,,359.999969,-134.999222,479.999939,179.999481,-50.000015,-179.999451,359.995605,-134.999222,480.006653,0.000952,-69.819382,-0.000818,-0.391332,0.075738,0.712044,0.002360,3.714752,0.020178,
feedback,12.251468,1786352460910,7,Ry,5.000000,75.000000,3.845215,-1.154785,,,359.999969,-134.999222,479.999939,179.999481,-50.000015,-179.999451,359.992950,-134.999786,480.011780,0.000978,-69.788399,-0.000899,-0.314507,-0.128469,0.650172,0.003042,3.845215,0.014414,
feedback,12.260037,1786352460918,7,Ry,5.000000,75.000000,3.893280,-1.106720,,,359.999969,-134.999222,479.999939,179.999481,-50.000015,-179.999451,359.991241,-134.999695,480.013916,0.000996,-69.757332,-0.000977,-0.070521,-0.108334,0.077774,0.021014,3.893280,-0.042987,
feedback,12.268517,1786352460927,7,Ry,5.000000,75.000000,4.147339,-0.852661,,,359.999969,-134.999222,479.999939,179.999481,-50.000015,-179.999451,359.989258,-134.999344,480.017822,0.000954,-69.708611,-0.000734,-0.148750,-0.021093,0.283746,-0.008128,4.147339,0.017643,
feedback,12.276480,1786352460935,7,Ry,5.000000,75.000000,4.346466,-0.653534,,,359.999969,-134.999222,479.999939,179.999481,-50.000015,-179.999451,359.987366,-134.999481,480.020508,0.001148,-69.674164,-0.000997,-0.264717,0.075737,0.329350,0.021693,4.346466,0.013016,
feedback,12.284624,1786352460944,7,Ry,5.000000,75.000000,4.566193,-0.433807,,,359.999969,-134.999222,479.999939,179.999481,-50.000015,-179.999451,359.986450,-134.999054,480.023468,0.001017,-69.638298,-0.000861,-0.309100,0.010545,0.598426,-0.002402,4.566193,-0.006437,
feedback,12.292790,1786352460952,7,Ry,5.000000,75.000000,4.724121,-0.275879,,,359.999969,-134.999222,479.999939,179.999481,-50.000015,-179.999451,359.983215,-134.999481,480.028503,0.000996,-69.600830,-0.000836,-0.441743,0.022048,0.789115,0.004778,4.724121,0.019738,
feedback,12.301490,1786352460956,7,Ry,5.000000,75.000000,4.875183,-0.124817,,,359.999969,-134.999222,479.999939,179.999481,-50.000015,-179.999451,359.982147,-134.999649,480.030273,0.001143,-69.581329,-0.001020,-0.268260,-0.043141,0.441079,0.012863,4.875183,-0.011658,
feedback,12.308631,1786352460964,7,Ry,5.000000,75.000000,5.074310,0.074310,,,359.999969,-134.999222,479.999939,179.999481,-50.000015,-179.999451,359.979919,-134.999435,480.034882,0.001039,-69.541206,-0.000912,-0.309929,-0.021093,0.450508,-0.001643,5.074310,0.015267,
feedback,12.318116,1786352460973,7,Ry,5.000000,75.000000,5.149841,0.149841,,,359.999969,-134.999222,479.999939,179.999481,-50.000015,-179.999451,359.978394,-134.999557,480.038605,0.001120,-69.500061,-0.000910,-0.114060,-0.021092,0.407954,-0.001632,5.149841,0.015268,
feedback,12.325566,1786352460982,7,Ry,5.000000,75.000000,5.156708,0.156708,,,359.999969,-134.999222,479.999939,179.999481,-50.000015,-179.999451,359.978638,-134.999603,480.038757,0.000962,-69.458832,-0.000857,0.217993,0.000000,-0.174056,-0.006437,5.156708,0.002409,
feedback,12.333883,1786352460990,7,Ry,5.000000,75.000000,5.163575,0.163575,,,359.999969,-134.999222,479.999939,179.999481,-50.000015,-179.999451,359.980438,-134.998657,480.037872,0.001015,-69.418106,-0.000690,0.206898,0.205159,-0.117491,-0.016893,5.163574,0.048002,
feedback,12.341482,1786352460999,7,Ry,5.000000,75.000000,5.088043,0.088043,,,359.999969,-134.999222,479.999939,179.999481,-50.000015,-179.999451,359.982819,-134.999557,480.035004,0.001187,-69.377373,-0.000982,0.283089,-0.052730,-0.296892,0.005656,5.088043,0.034551,
feedback,12.350395,1786352461007,7,Ry,5.000000,75.000000,4.985047,-0.014953,,,359.999969,-134.999222,479.999939,179.999481,-50.000015,-179.999451,359.988617,-134.999481,480.028687,0.000983,-69.316399,-0.000823,0.662839,0.032597,-0.688523,-0.010432,4.985046,0.018141,
feedback,12.358279,1786352461015,7,Ry,5.000000,75.000000,4.991913,-0.008087,,,359.999969,-134.999222,479.999939,179.999481,-50.000015,-179.999451,359.992065,-134.999603,480.024506,0.001136,-69.275940,-0.000899,0.576067,-0.009587,-0.593010,0.012140,4.991913,0.038977,
feedback,12.366001,1786352461024,7,Ry,5.000000,75.000000,4.888916,-0.111084,,,359.999969,-134.999222,479.999939,179.999481,-50.000015,-179.999451,359.996399,-134.999084,480.019836,0.001097,-69.236473,-0.000920,0.506819,0.096833,-0.504505,-0.002448,4.888916,0.007312,
feedback,12.375056,1786352461032,7,Ry,5.000000,75.000000,4.895782,-0.104218,,,359.999969,-134.999222,479.999939,179.999481,-50.000015,-179.999451,359.998230,-134.999100,480.018341,0.000840,-69.197334,-0.000791,0.101074,0.128471,-0.022507,-0.022604,4.895782,-0.007065,
feedback,12.382139,1786352461040,7,Ry,5.000000,75.000000,4.861450,-0.138550,,,359.999969,-134.999222,479.999939,179.999481,-50.000015,-179.999451,359.998596,-134.999130,480.019409,0.001010,-69.158279,-0.000943,-0.026178,0.117924,0.275017,0.011911,4.861450,-0.012848,
feedback,12.390429,1786352461049,7,Ry,5.000000,75.000000,4.765320,-0.234680,,,359.999969,-134.999222,479.999939,179.999481,-50.000015,-179.999451,359.998138,-134.999084,480.021942,0.000946,-69.119743,-0.000760,-0.110367,0.054647,0.456664,-0.011918,4.765320,0.040321,
feedback,12.398871,1786352461057,7,Ry,5.000000,75.000000,4.765320,-0.234680,,,359.999969,-134.999222,479.999939,179.999481,-50.000015,-179.999451,359.998291,-134.999390,480.023102,0.000845,-69.081673,-0.000736,-0.032884,-0.075740,0.110051,-0.008875,4.765320,-0.017695,
feedback,12.407125,1786352461066,7,Ry,5.000000,75.000000,4.813385,-0.186615,,,359.999969,-134.999222,479.999939,179.999481,-50.000015,-179.999451,359.997986,-134.999435,480.025421,0.001015,-69.043472,-0.000888,-0.067906,-0.032597,0.296649,-0.008877,4.813385,-0.010823,
feedback,12.415274,1786352461074,7,Ry,5.000000,75.000000,4.895783,-0.104217,,,359.999969,-134.999222,479.999939,179.999481,-50.000015,-179.999451,359.997437,-134.999359,480.027893,0.000958,-69.004410,-0.000887,-0.134866,-0.010546,0.343666,-0.003960,4.895782,0.008871,
feedback,12.423568,1786352461082,7,Ry,5.000000,75.000000,4.991913,-0.008087,,,359.999969,-134.999222,479.999939,179.999481,-50.000015,-179.999451,359.996277,-134.999573,480.031769,0.000982,-68.945084,-0.000911,-0.123170,0.031638,0.074952,-0.001000,4.991913,-0.021691,
feedback,12.432887,1786352461091,7,Ry,5.000000,75.000000,5.039978,0.039978,,,359.999969,-134.999222,479.999939,179.999481,-50.000015,-179.999451,359.997559,-134.999557,480.032623,0.001162,-68.904877,-0.000958,0.149017,-0.031638,0.048376,0.020217,5.039978,0.014276,
feedback,12.439730,1786352461099,7,Ry,5.000000,75.000000,5.225372,0.225372,,,359.999969,-134.999222,479.999939,179.999481,-50.000015,-179.999451,360.000031,-134.999344,480.030548,0.001132,-68.863487,-0.000929,0.338644,0.086287,-0.260393,-0.006417,5.225372,0.016209,
feedback,12.448479,1786352461108,7,Ry,5.000000,75.000000,5.156708,0.156708,,,359.999969,-134.999222,479.999939,179.999481,-50.000015,-179.999451,360.003235,-134.999435,480.027496,0.001114,-68.822098,-0.000851,0.397025,-0.042184,-0.485149,0.016313,5.156708,0.023130,
feedback,12.455990,1786352461112,7,Ry,5.000000,75.000000,5.252838,0.252838,,,359.999969,-134.999222,479.999939,179.999481,-50.000015,-179.999451,360.004211,-134.999344,480.027100,0.001058,-68.801086,-0.000850,0.244269,0.021093,-0.097159,-0.004979,5.252838,-0.012804,
feedback,12.464271,1786352461120,7,Ry,5.000000,75.000000,5.225372,0.225372,,,359.999969,-134.999222,479.999939,179.999481,-50.000015,-179.999451,360.006104,-134.999268,480.026062,0.001001,-68.759254,-0.000848,0.228269,0.074783,-0.037024,-0.001075,5.225372,-0.014821,
feedback,12.472438,1786352461129,7,Ry,5.000000,75.000000,5.204773,0.204773,,,359.999969,-134.999222,479.999939,179.999481,-50.000015,-179.999451,360.005768,-134.999313,480.027374,0.001026,-68.717644,-0.000846,-0.203757,0.043143,0.248736,-0.012809,5.204773,0.011851,
feedback,12.480434,1786352461137,7,Ry,5.000000,75.000000,5.101776,0.101776,,,359.999969,-134.999222,479.999939,179.999481,-50.000015,-179.999451,360.004425,-134.999481,480.031891,0.000954,-68.676498,-0.000797,-0.216343,-0.096834,0.533683,-0.016702,5.101776,0.000154,
feedback,12.488735,1786352461146,7,Ry,5.000000,75.000000,5.053711,0.053711,,,359.999969,-134.999222,479.999939,179.999481,-50.000015,-179.999451,360.002167,-134.999527,480.037018,0.001050,-68.635796,-0.000870,-0.236493,-0.022052,0.645879,0.007777,5.053711,-0.024659,
feedback,12.496726,1786352461154,7,Ry,5.000000,75.000000,5.115509,0.115509,,,359.999969,-134.999222,479.999939,179.999481,-50.000015,-179.999451,360.000885,-134.999649,480.040222,0.001131,-68.594704,-0.000868,-0.124459,-0.182161,0.396931,0.006127,5.115509,0.013871,
feedback,12.504873,1786352461162,7,Ry,5.000000,75.000000,5.142975,0.142975,,,359.999969,-134.999222,479.999939,179.999481,-50.000015,-179.999451,359.999268,-134.999222,480.044159,0.000894,-68.553619,-0.000764,-0.151888,0.010546,0.480183,-0.015305,5.142975,-0.001370,
feedback,12.514072,1786352461171,7,Ry,5.000000,75.000000,5.088043,0.088043,,,359.999969,-134.999222,479.999939,179.999481,-50.000015,-179.999451,359.998199,-134.999390,480.048370,0.000961,-68.492477,-0.000864,-0.078005,0.021092,0.287016,-0.017821,5.088043,-0.007742,
feedback,12.521417,1786352461179,7,Ry,5.000000,75.000000,5.019379,0.019379,,,359.999969,-134.999222,479.999939,179.999481,-50.000015,-179.999451,359.998260,-134.999344,480.049011,0.001042,-68.451935,-0.000835,0.110884,-0.010546,0.101669,0.008896,5.019379,0.003865,
feedback,12.530129,1786352461187,7,Ry,5.000000,75.000000,5.074310,0.074310,,,359.999969,-134.999222,479.999939,179.999481,-50.000015,-179.999451,359.997375,-134.999313,480.049713,0.001012,-68.411507,-0.000833,-0.059524,0.064235,0.068674,-0.005065,5.074310,-0.005903,
feedback,12.537703,1786352461196,7,Ry,5.000000,75.000000,5.067444,0.067444,,,359.999969,-134.999222,479.999939,179.999481,-50.000015,-179.999451,359.999023,-134.999176,480.046692,0.000997,-68.370773,-0.000906,0.102101,0.107379,-0.332227,-0.005074,5.067444,0.000967,
feedback,12.546414,1786352461204,7,Ry,5.000000,75.000000,5.039978,0.039978,,,359.999969,-134.999222,479.999939,179.999481,-50.000015,-179.999451,360.001068,-134.999786,480.042877,0.000981,-68.330208,-0.000912,0.333269,-0.107379,-0.582007,-0.001315,5.039978,0.001565,
feedback,12.553962,1786352461213,7,Ry,5.000000,75.000000,4.916382,-0.083618,,,359.999969,-134.999222,479.999939,179.999481,-50.000015,-179.999451,360.004181,-134.999313,480.037476,0.001007,-68.290161,-0.000828,0.311047,0.043144,-0.618427,-0.012771,4.916382,0.011946,
feedback,12.562808,1786352461221,7,Ry,5.000000,75.000000,5.005646,0.005646,,,359.999969,-134.999222,479.999939,179.999481,-50.000015,-179.999451,360.007263,-134.999649,480.032166,0.000936,-68.249710,-0.000807,0.260765,-0.129432,-0.475750,-0.012762,5.005646,-0.015510,
feedback,12.570388,1786352461229,7,Ry,5.000000,75.000000,5.026245,0.026245,,,359.999969,-134.999222,479.999939,179.999481,-50.000015,-179.999451,360.009949,-134.999084,480.027039,0.000838,-68.209663,-0.000649,0.273945,0.043145,-0.622487,-0.019142,5.026245,0.014513,
feedback,12.579161,1786352461238,7,Ry,5.000000,75.000000,5.094910,0.094910,,,359.999969,-134.999222,479.999939,179.999481,-50.000015,-179.999451,360.012238,-134.999741,480.021973,0.001056,-68.169807,-0.000878,0.354167,-0.021092,-0.798132,0.017847,5.094910,0.007641,
feedback,12.586644,1786352461246,7,Ry,5.000000,75.000000,4.936981,-0.063019,,,359.999969,-134.999222,479.999939,179.999481,-50.000015,-179.999451,360.014923,-134.999222,480.018311,0.001054,-68.130371,-0.000794,0.320439,0.065199,-0.559246,-0.007643,4.936981,0.031593,
feedback,12.595348,1786352461254,7,Ry,5.000000,75.000000,4.854584,-0.145416,,,359.999969,-134.999222,479.999939,179.999481,-50.000015,-179.999451,360.018616,-134.999344,480.012787,0.001025,-68.091148,-0.000820,0.457030,0.053693,-0.502940,-0.015315,4.854584,0.005620,
feedback,12.603187,1786352461259,7,Ry,5.000000,75.000000,4.943848,-0.056152,,,359.999969,-134.999222,479.999939,179.999481,-50.000015,-179.999451,360.021240,-134.999741,480.007782,0.000983,-68.051483,-0.000799,0.230334,-0.042184,-0.303335,0.010259,4.943848,0.025475,
feedback,12.612014,1786352461267,7,Ry,5.000000,75.000000,5.074310,0.074310,,,359.999969,-134.999222,479.999939,179.999481,-50.000015,-179.999451,360.024139,-134.999527,480.004181,0.000954,-68.011276,-0.000770,0.318797,-0.086292,-0.556474,-0.006377,5.074310,-0.011162,
feedback,12.619536,1786352461276,7,Ry,5.000000,75.000000,5.108643,0.108643,,,359.999969,-134.999222,479.999939,179.999481,-50.000015,-179.999451,360.026825,-134.999390,480.000488,0.001047,-67.970490,-0.000815,0.293816,0.032601,-0.379584,0.002563,5.108643,0.013232,
feedback,12.627552,1786352461284,7,Ry,5.000000,75.000000,5.115509,0.115509,,,359.999969,-134.999222,479.999939,179.999481,-50.000015,-179.999451,360.029907,-134.999557,479.996063,0.000978,-67.929512,-0.000767,0.438166,-0.052730,-0.515820,0.019254,5.115509,0.029236,
feedback,12.635856,1786352461292,7,Ry,5.000000,75.000000,5.307770,0.307770,,,359.999969,-134.999222,479.999939,179.999481,-50.000015,-179.999451,360.032806,-134.999527,479.991699,0.001016,-67.887680,-0.000839,0.323020,0.010547,-0.398541,0.003767,5.307770,-0.008946,
feedback,12.644768,1786352461301,7,Ry,5.000000,75.000000,5.211639,0.211639,,,359.999969,-134.999222,479.999939,179.999481,-50.000015,-179.999451,360.035065,-134.999573,479.988312,0.000932,-67.845741,-0.000864,0.263680,0.000000,-0.354760,0.006352,5.211639,-0.002589,
feedback,12.652306,1786352461309,7,Ry,5.000000,75.000000,5.218506,0.218506,,,359.999969,-134.999222,479.999939,179.999481,-50.000015,-179.999451,360.036804,-134.999268,479.985565,0.000958,-67.803825,-0.000808,0.074531,0.043148,-0.122241,-0.006370,5.218506,0.009460,
feedback,12.661662,1786352461317,7,Ry,5.000000,75.000000,5.245972,0.245972,,,359.999969,-134.999222,479.999939,179.999481,-50.000015,-179.999451,360.036835,-134.999573,479.984558,0.000861,-67.761993,-0.000788,-0.180732,-0.107388,0.019413,0.005190,5.245972,-0.001021,
feedback,12.669376,1786352461326,7,Ry,5.000000,75.000000,5.259705,0.259705,,,359.999969,-134.999222,479.999939,179.999481,-50.000015,-179.999451,360.034851,-134.999222,479.987305,0.000926,-67.720032,-0.000804,-0.198581,0.107386,0.209678,-0.005219,5.259705,0.001025,
feedback,12.677299,1786352461334,7,Ry,5.000000,75.000000,5.211640,0.211640,,,359.999969,-134.999222,479.999939,179.999481,-50.000015,-179.999451,360.031403,-134.999527,479.991730,0.000940,-67.678337,-0.000758,-0.376112,-0.031639,0.535604,-0.004890,5.211639,0.024272,
feedback,12.684834,1786352461343,7,Ry,5.000000,75.000000,5.094910,0.094910,,,359.999969,-134.999222,479.999939,179.999481,-50.000015,-179.999451,360.027435,-134.999481,479.998077,0.001044,-67.616867,-0.000900,-0.349339,-0.010547,0.594354,0.008954,5.094910,0.003734,
feedback,12.693449,1786352461351,7,Ry,5.000000,75.000000,5.115509,0.115509,,,359.999969,-134.999222,479.999939,179.999481,-50.000015,-179.999451,360.025024,-134.999268,480.001862,0.000948,-67.575806,-0.000799,-0.332940,-0.021093,0.585520,-0.001121,5.115509,0.015314,
feedback,12.702288,1786352461360,7,Ry,5.000000,75.000000,5.122376,0.122376,,,359.999969,-134.999222,479.999939,179.999481,-50.000015,-179.999451,360.021667,-134.999008,480.007751,0.000957,-67.534882,-0.000841,-0.385527,0.075744,0.682283,0.002609,5.122375,0.020078,
feedback,12.709464,1786352461368,7,Ry,5.000000,75.000000,5.094909,0.094909,,,359.999969,-134.999222,479.999939,179.999481,-50.000015,-179.999451,360.019897,-134.999268,480.009674,0.000768,-67.493988,-0.000751,-0.250822,-0.097799,0.215834,-0.020582,5.094910,-0.034373,
feedback,12.717840,1786352461377,7,Ry,5.000000,75.000000,5.101776,0.101776,,,359.999969,-134.999222,479.999939,179.999481,-50.000015,-179.999451,360.019989,-134.999573,480.009338,0.000915,-67.453003,-0.000849,0.007782,-0.086291,0.001758,-0.000007,5.101776,-0.013733,
feedback,12.726184,1786352461385,7,Ry,5.000000,75.000000,5.177307,0.177307,,,359.999969,-134.999222,479.999939,179.999481,-50.000015,-179.999451,360.022705,-134.999222,480.005249,0.001045,-67.411667,-0.000935,0.238216,-0.053691,-0.254835,0.021644,5.177307,-0.008439,
feedback,12.734702,1786352461394,7,Ry,5.000000,75.000000,5.122375,0.122375,,,359.999969,-134.999222,479.999939,179.999481,-50.000015,-179.999451,360.025879,-134.999786,479.999817,0.000873,-67.370445,-0.000802,0.397941,-0.075746,-0.665866,-0.002647,5.122375,-0.020071,
feedback,12.743245,1786352461402,7,Ry,5.000000,75.000000,5.012512,0.012512,,,359.999969,-134.999222,479.999939,179.999481,-50.000015,-179.999451,360.029266,-134.999222,479.994446,0.000976,-67.329987,-0.000860,0.381619,0.031639,-0.692828,0.004720,5.012512,-0.024301,
feedback,12.751754,1786352461407,7,Ry,5.000000,75.000000,5.012512,0.012512,,,359.999969,-134.999222,479.999939,179.999481,-50.000015,-179.999451,360.030823,-134.999435,479.991333,0.000870,-67.290131,-0.000744,0.127365,0.021092,-0.241292,0.001023,5.012512,-0.015319,
feedback,12.759649,1786352461415,7,Ry,5.000000,75.000000,5.005646,0.005646,,,359.999969,-134.999222,479.999939,179.999481,-50.000015,-179.999451,360.031860,-134.999313,479.989014,0.001027,-67.250694,-0.000857,0.082409,0.032601,-0.136252,0.027972,5.005646,0.002578,
feedback,12.767809,1786352461424,7,Ry,5.000000,75.000000,4.909515,-0.090485,,,359.999969,-134.999222,479.999939,179.999481,-50.000015,-179.999451,360.031281,-134.998871,479.989166,0.000905,-67.211365,-0.000730,-0.038828,0.086294,0.023111,-0.000016,4.909515,0.013733,
feedback,12.775218,1786352461432,7,Ry,5.000000,75.000000,4.902649,-0.097351,,,359.999969,-134.999222,479.999939,179.999481,-50.000015,-179.999451,360.031433,-134.999222,479.988190,0.000817,-67.171974,-0.000543,0.155241,0.043147,-0.241894,-0.019000,4.902649,0.014858,
feedback,12.784374,1786352461440,7,Ry,5.000000,75.000000,4.882050,-0.117950,,,359.999969,-134.999222,479.999939,179.999481,-50.000015,-179.999451,360.031921,-134.999344,479.986969,0.000984,-67.133003,-0.000782,0.231967,0.053694,-0.303824,-0.002680,4.882050,0.000540,
feedback,12.791681,1786352461449,7,Ry,5.000000,75.000000,4.813385,-0.186615,,,359.999969,-134.999222,479.999939,179.999481,-50.000015,-179.999451,360.032532,-134.999344,479.985596,0.000852,-67.094521,-0.000639,0.143462,0.086294,-0.239576,-0.000012,4.813385,0.013733,
feedback,12.800601,1786352461457,7,Ry,5.000000,75.000000,4.930115,-0.069885,,,359.999969,-134.999222,479.999939,179.999481,-50.000015,-179.999451,360.032288,-134.999313,479.986053,0.000953,-67.055107,-0.000779,-0.112815,-0.043147,0.258385,0.006311,4.930115,-0.009543,
feedback,12.808798,1786352461466,7,Ry,5.000000,75.000000,4.957581,-0.042419,,,359.999969,-134.999222,479.999939,179.999481,-50.000015,-179.999451,360.031647,-134.999268,479.986664,0.000859,-67.015312,-0.000707,-0.021461,0.074785,-0.008628,-0.014377,4.957581,-0.009416,
feedback,12.816716,1786352461474,7,Ry,5.000000,75.000000,4.998779,-0.001221,,,359.999969,-134.999222,479.999939,179.999481,-50.000015,-179.999451,360.031219,-134.999359,479.986450,0.000803,-66.975159,-0.000733,-0.010849,0.031638,-0.030080,-0.014386,4.998779,-0.016273,
feedback,12.824590,1786352461482,7,Ry,5.000000,75.000000,5.101776,0.101776,,,359.999969,-134.999222,479.999939,179.999481,-50.000015,-179.999451,360.032227,-134.999359,479.983917,0.000801,-66.934448,-0.000731,0.035779,-0.010546,-0.167068,0.002680,5.101776,0.006318,
feedback,12.832650,1786352461491,7,Ry,5.000000,75.000000,5.170441,0.170441,,,359.999969,-134.999222,479.999939,179.999481,-50.000015,-179.999451,360.031494,-134.999344,479.984436,0.000973,-66.872574,-0.000772,-0.093538,0.032601,0.187128,0.008999,5.170441,0.010484,
feedback,12.840811,1786352461499,7,Ry,5.000000,75.000000,5.170441,0.170441,,,359.999969,-134.999222,479.999939,179.999481,-50.000015,-179.999451,360.030945,-134.999313,479.984772,0.000880,-66.831039,-0.000700,-0.125677,-0.074786,0.151837,0.014405,5.170441,0.009370,
feedback,12.849588,1786352461507,7,Ry,5.000000,75.000000,5.156708,0.156708,,,359.999969,-134.999222,479.999939,179.999481,-50.000015,-179.999451,360.029144,-134.999222,479.986755,0.000997,-66.789680,-0.000741,-0.232270,0.043146,0.280775,-0.006326,5.156708,0.009573,
feedback,12.857806,1786352461516,7,Ry,5.000000,75.000000,5.204773,0.204773,,,359.999969,-134.999222,479.999939,179.999481,-50.000015,-179.999451,360.025696,-134.999557,479.991364,0.000932,-66.748291,-0.000725,-0.478933,-0.064239,0.587158,0.011720,5.204773,0.003040,
feedback,12.865666,1786352461524,7,Ry,5.000000,75.000000,5.225372,0.225372,,,359.999969,-134.999222,479.999939,179.999481,-50.000015,-179.999451,360.021851,-134.998917,479.996582,0.000912,-66.706955,-0.000711,-0.434914,0.139982,0.637205,-0.002733,5.225372,0.014293,
feedback,12.873978,1786352461533,7,Ry,5.000000,75.000000,5.156708,0.156708,,,359.999969,-134.999222,479.999939,179.999481,-50.000015,-179.999451,360.018158,-134.999344,480.001312,0.000838,-66.665810,-0.000625,-0.500724,-0.065200,0.565287,-0.018062,5.156708,-0.020903,
feedback,12.881693,1786352461541,7,Ry,5.000000,75.000000,5.191040,0.191040,,,359.999969,-134.999222,479.999939,179.999481,-50.000015,-179.999451,360.015045,-134.999435,480.005615,0.001082,-66.624832,-0.000832,-0.360152,-0.053692,0.490097,0.009015,5.191040,-0.003288,
feedback,12.889773,1786352461549,7,Ry,5.000000,75.000000,5.197906,0.197906,,,359.999969,-134.999222,479.999939,179.999481,-50.000015,-179.999451,360.012421,-134.999313,480.009705,0.000934,-66.583794,-0.000761,-0.400605,-0.022053,0.567858,0.000831,5.197906,-0.022197,
feedback,12.898556,1786352461554,7,Ry,5.000000,75.000000,5.142975,0.142975,,,359.999969,-134.999222,479.999939,179.999481,-50.000015,-179.999451,360.012085,-134.999313,480.010071,0.000934,-66.563225,-0.000760,-0.082703,-0.000000,0.095352,-0.000012,5.142975,0.000000,
feedback,12.906900,1786352461562,7,Ry,5.000000,75.000000,5.191040,0.191040,,,359.999969,-134.999222,479.999939,179.999481,-50.000015,-179.999451,360.011139,-134.998749,480.011383,0.000841,-66.522186,-0.000608,-0.032960,0.226268,0.070174,-0.015351,5.191040,0.033505,
feedback,12.914622,1786352461570,7,Ry,5.000000,75.000000,5.163574,0.163574,,,359.999969,-134.999222,479.999939,179.999481,-50.000015,-179.999451,360.010864,-134.999603,480.010590,0.000840,-66.481239,-0.000744,0.067022,-0.010546,-0.300114,0.002733,5.163574,0.006296,
feedback,12.922762,1786352461579,7,Ry,5.000000,75.000000,5.115509,0.115509,,,359.999969,-134.999222,479.999939,179.999481,-50.000015,-179.999451,360.012085,-134.998871,480.008087,0.000873,-66.419907,-0.000700,0.220966,0.096836,-0.382976,0.003529,5.115509,0.004693,
feedback,12.931213,1786352461588,7,Ry,5.000000,75.000000,5.094910,0.094910,,,359.999969,-134.999222,479.999939,179.999481,-50.000015,-179.999451,360.013611,-134.999435,480.004517,0.000836,-66.379150,-0.000713,0.161342,-0.022052,-0.406205,-0.005512,5.094910,-0.019449,
feedback,12.938933,1786352461596,7,Ry,5.000000,75.000000,4.998779,-0.001221,,,359.999969,-134.999222,479.999939,179.999481,-50.000015,-179.999451,360.015961,-134.999268,480.000397,0.000835,-66.338989,-0.000684,0.266703,-0.043144,-0.482038,-0.000012,4.998779,-0.006866,
feedback,12.947786,1786352461604,7,Ry,5.000000,75.000000,4.916382,-0.083618,,,359.999969,-134.999222,479.999939,179.999481,-50.000015,-179.999451,360.017151,-134.999344,479.997620,0.000951,-66.299362,-0.000751,0.062472,-0.010546,-0.097603,0.009036,4.916382,0.003527,
feedback,12.955357,1786352461613,7,Ry,5.000000,75.000000,4.847717,-0.152283,,,359.999969,-134.999222,479.999939,179.999481,-50.000015,-179.999451,360.016113,-134.999481,479.997711,0.000859,-66.260300,-0.000709,-0.238715,-0.096837,0.122301,-0.009816,4.847717,-0.001919,
feedback,12.964531,1786352461621,7,Ry,5.000000,75.000000,4.854584,-0.145416,,,359.999969,-134.999222,479.999939,179.999481,-50.000015,-179.999451,360.013153,-134.999313,480.001587,0.000858,-66.221085,-0.000680,-0.401976,-0.053692,0.512252,0.002757,4.854584,-0.000583,
feedback,12.971460,1786352461629,7,Ry,5.000000,75.000000,4.833984,-0.166016,,,359.999969,-134.999222,479.999939,179.999481,-50.000015,-179.999451,360.010712,-134.999313,480.004303,0.000919,-66.182297,-0.000747,-0.408719,0.075742,0.508307,0.002761,4.833984,0.020015,
feedback,12.980281,1786352461638,7,Ry,5.000000,75.000000,4.758453,-0.241547,,,359.999969,-134.999222,479.999939,179.999481,-50.000015,-179.999451,360.009155,-134.999054,480.005920,0.000862,-66.144203,-0.000718,-0.127321,0.043144,0.087558,0.006266,4.758453,0.004089,
feedback,12.987945,1786352461647,7,Ry,5.000000,75.000000,4.847717,-0.152283,,,359.999969,-134.999222,479.999939,179.999481,-50.000015,-179.999451,360.007660,-134.999359,480.007050,0.000833,-66.086502,-0.000771,-0.181716,0.021092,0.137175,-0.005576,4.847717,-0.012554,
feedback,12.996481,1786352461655,7,Ry,5.000000,75.000000,4.923248,-0.076752,,,359.999969,-134.999222,479.999939,179.999481,-50.000015,-179.999451,360.006104,-134.999313,480.009949,0.000914,-66.047302,-0.000742,-0.352746,-0.032599,0.506129,-0.002799,4.923248,-0.013142,
feedback,13.004179,1786352461663,7,Ry,5.000000,75.000000,5.019379,0.019379,,,359.999969,-134.999222,479.999939,179.999481,-50.000015,-179.999451,360.005402,-134.999344,480.010284,0.000878,-66.007317,-0.000673,-0.015616,-0.031638,-0.055304,0.008364,5.019379,0.018820,
feedback,13.012942,1786352461672,7,Ry,5.000000,75.000000,5.033111,0.033111,,,359.999969,-134.999222,479.999939,179.999481,-50.000015,-179.999451,360.006226,-134.999359,480.008575,0.000767,-65.966965,-0.000699,0.112902,-0.000959,-0.216320,-0.004924,5.033112,-0.034748,
feedback,13.020608,1786352461680,7,Ry,5.000000,75.000000,5.163574,0.163574,,,359.999969,-134.999222,479.999939,179.999481,-50.000015,-179.999451,360.008026,-134.999268,480.005463,0.000820,-65.925659,-0.000671,0.256573,0.086289,-0.367934,0.012526,5.163574,0.008131,
feedback,13.028648,1786352461689,7,Ry,5.000000,75.000000,5.245972,0.245972,,,359.999969,-134.999222,479.999939,179.999481,-50.000015,-179.999451,360.009399,-134.999008,480.003387,0.000874,-65.883804,-0.000614,0.193531,-0.031638,-0.334622,0.014666,5.245972,0.015996,
feedback,13.036951,1786352461697,7,Ry,5.000000,75.000000,5.280304,0.280304,,,359.999969,-134.999222,479.999939,179.999481,-50.000015,-179.999451,360.010620,-134.999054,480.001556,0.000790,-65.841919,-0.000641,0.237073,0.021093,-0.331615,-0.005635,5.280304,-0.012530,
feedback,13.045752,1786352461701,7,Ry,5.000000,75.000000,5.232239,0.232239,,,359.999969,-134.999222,479.999939,179.999481,-50.000015,-179.999451,360.011230,-134.999054,480.000885,0.000850,-65.820984,-0.000707,0.157762,0.000000,-0.164648,0.006249,5.232239,-0.002812,
feedback,13.053265,1786352461710,7,Ry,5.000000,75.000000,5.225372,0.225372,,,359.999969,-134.999222,479.999939,179.999481,-50.000015,-179.999451,360.010406,-134.999054,480.001892,0.000727,-65.779320,-0.000572,-0.109988,0.150525,0.097560,-0.018173,5.225372,0.013709,
feedback,13.061716,1786352461718,7,Ry,5.000000,75.000000,5.191040,0.191040,,,359.999969,-134.999222,479.999939,179.999481,-50.000015,-179.999451,360.007233,-134.999084,480.006165,0.000753,-65.737846,-0.000570,-0.436125,0.032597,0.512698,-0.009713,5.191040,0.018769,
feedback,13.069677,1786352461727,7,Ry,5.000000,75.000000,5.156708,0.156708,,,359.999969,-134.999222,479.999939,179.999481,-50.000015,-179.999451,360.004669,-134.999268,480.010071,0.000873,-65.696648,-0.000730,-0.260903,0.022051,0.340925,0.005640,5.156708,0.019382,
feedback,13.078529,1786352461735,7,Ry,5.000000,75.000000,5.197906,0.197906,,,359.999969,-134.999222,479.999939,179.999481,-50.000015,-179.999451,360.001282,-134.999695,480.015900,0.000865,-65.634743,-0.000717,-0.227466,-0.086287,0.341816,-0.012517,5.197906,-0.008067,
feedback,13.086342,1786352461743,7,Ry,5.000000,75.000000,5.136108,0.136108,,,359.999969,-134.999222,479.999939,179.999481,-50.000015,-179.999451,359.999420,-134.999695,480.019501,0.000803,-65.593430,-0.000649,-0.382557,-0.064236,0.655515,-0.000586,5.136108,0.008477,
feedback,13.094648,1786352461752,7,Ry,5.000000,75.000000,5.129242,0.129242,,,359.999969,-134.999222,479.999939,179.999481,-50.000015,-179.999451,359.997284,-134.999435,480.023804,0.000868,-65.552429,-0.000753,-0.138841,0.010546,0.213380,-0.009102,5.129242,-0.003409,
feedback,13.102344,1786352461760,7,Ry,5.000000,75.000000,5.122376,0.122376,,,359.999969,-134.999222,479.999939,179.999481,-50.000015,-179.999451,359.996307,-134.999222,480.026398,0.000779,-65.511559,-0.000658,0.023412,0.043143,0.142489,-0.025007,5.122375,0.018251,
feedback,13.111306,1786352461768,7,Ry,5.000000,75.000000,4.998779,-0.001221,,,359.999969,-134.999222,479.999939,179.999481,-50.000015,-179.999451,359.994598,-134.999435,480.028503,0.000865,-65.471268,-0.000750,-0.247036,-0.129428,0.198982,-0.000010,4.998779,-0.020599,
feedback,13.119409,1786352461777,7,Ry,5.000000,75.000000,5.019378,0.019378,,,359.999969,-134.999222,479.999939,179.999481,-50.000015,-179.999451,359.994659,-134.999435,480.028534,0.000803,-65.430695,-0.000683,0.072538,-0.140932,-0.162097,0.003915,5.019379,-0.051910,
feedback,13.127983,1786352461785,7,Ry,5.000000,75.000000,5.026245,0.026245,,,359.999969,-134.999222,479.999939,179.999481,-50.000015,-179.999451,359.993744,-134.999222,480.029846,0.000774,-65.390160,-0.000654,-0.130282,0.022050,0.150825,-0.006779,5.026245,0.025071,
feedback,13.135461,1786352461794,7,Ry,5.000000,75.000000,5.005646,0.005646,,,359.999969,-134.999222,479.999939,179.999481,-50.000015,-179.999451,359.994202,-134.999176,480.028870,0.000746,-65.350113,-0.000653,0.110032,0.010546,-0.244846,-0.009117,5.005646,-0.003377,
feedback,13.144041,1786352461802,7,Ry,5.000000,75.000000,4.923248,-0.076752,,,359.999969,-134.999222,479.999939,179.999481,-50.000015,-179.999451,359.995636,-134.999008,480.026825,0.000804,-65.310699,-0.000690,0.170828,0.096832,-0.350196,0.003357,4.923248,0.004626,
feedback,13.152309,1786352461811,7,Ry,5.000000,75.000000,4.964447,-0.035553,,,359.999969,-134.999222,479.999939,179.999481,-50.000015,-179.999451,359.996857,-134.999176,480.023987,0.000742,-65.251236,-0.000650,0.104827,0.032597,-0.290752,-0.003373,4.964447,0.015977,
feedback,13.159834,1786352461819,7,Ry,5.000000,75.000000,4.936981,-0.063019,,,359.999969,-134.999222,479.999939,179.999481,-50.000015,-179.999451,359.997101,-134.999313,480.023163,0.000764,-65.211769,-0.000583,0.029211,-0.010546,-0.095546,-0.009601,4.936981,0.011992,
feedback,13.168789,1786352461827,7,Ry,5.000000,75.000000,4.847717,-0.152283,,,359.999969,-134.999222,479.999939,179.999481,-50.000015,-179.999451,359.997986,-134.999527,480.020996,0.000740,-65.172516,-0.000703,0.062237,-0.032597,-0.138675,-0.002890,4.847717,-0.013098,
feedback,13.176653,1786352461836,7,Ry,5.000000,75.000000,4.875183,-0.124817,,,359.999969,-134.999222,479.999939,179.999481,-50.000015,-179.999451,360.000366,-134.999344,480.016296,0.000908,-65.133354,-0.000712,0.298360,0.000001,-0.562455,-0.006242,4.875183,0.002887,
feedback,13.185320,1786352461844,7,Ry,5.000000,75.000000,4.957581,-0.042419,,,359.999969,-134.999222,479.999939,179.999481,-50.000015,-179.999451,360.002960,-134.998917,480.011169,0.000623,-65.093910,-0.000553,0.332305,0.096834,-0.626223,-0.021590,4.957581,0.016180,
feedback,13.192947,1786352461848,7,Ry,5.000000,75.000000,5.005646,0.005646,,,359.999969,-134.999222,479.999939,179.999481,-50.000015,-179.999451,360.003815,-134.999054,480.009644,0.000764,-65.073891,-0.000617,0.217858,-0.031638,-0.378374,0.014894,5.005646,0.015787,
feedback,13.201123,1786352461857,7,Ry,5.000000,75.000000,5.074310,0.074310,,,359.999969,-134.999222,479.999939,179.999481,-50.000015,-179.999451,360.005951,-134.999054,480.006958,0.000881,-65.033463,-0.000746,0.435727,0.139979,-0.415236,-0.002913,5.074310,0.014375,
feedback,13.209428,1786352461865,7,Ry,5.000000,75.000000,5.108643,0.108643,,,359.999969,-134.999222,479.999939,179.999481,-50.000015,-179.999451,360.007751,-134.999176,480.003326,0.000675,-64.992813,-0.000577,0.459313,0.043145,-0.627134,-0.018681,5.108643,0.015574,
feedback,13.217442,1786352461874,7,Ry,5.000000,75.000000,5.204773,0.204773,,,359.999969,-134.999222,479.999939,179.999481,-50.000015,-179.999451,360.010559,-134.998962,479.998535,0.000705,-64.951637,-0.000614,0.323372,0.128474,-0.638935,-0.017864,5.204773,-0.008243,
feedback,13.225142,1786352461882,7,Ry,5.000000,75.000000,5.156708,0.156708,,,359.999969,-134.999222,479.999939,179.999481,-50.000015,-179.999451,360.012726,-134.999054,479.994843,0.000818,-64.910110,-0.000677,0.245865,-0.010545,-0.275570,0.009115,5.156708,0.003307,
feedback,13.233794,1786352461891,7,Ry,5.000000,75.000000,5.191040,0.191040,,,359.999969,-134.999222,479.999939,179.999481,-50.000015,-179.999451,360.015472,-134.999313,479.990173,0.000987,-64.847435,-0.000832,0.251706,-0.043144,-0.426677,0.012418,5.191040,-0.012703,
feedback,13.241499,1786352461899,7,Ry,5.000000,75.000000,5.156708,0.156708,,,359.999969,-134.999222,479.999939,179.999481,-50.000015,-179.999451,360.015106,-134.999222,479.990631,0.000931,-64.805794,-0.000830,0.008656,-0.022053,0.008092,0.012781,5.156708,-0.028062,
feedback,13.249827,1786352461908,7,Ry,5.000000,75.000000,5.081177,0.081177,,,359.999969,-134.999222,479.999939,179.999481,-50.000015,-179.999451,360.013031,-134.999008,479.994049,0.000668,-64.764488,-0.000544,-0.228808,0.021092,0.544560,-0.024503,5.081177,-0.003640,
feedback,13.257820,1786352461916,7,Ry,5.000000,75.000000,5.136109,0.136109,,,359.999969,-134.999222,479.999939,179.999481,-50.000015,-179.999451,360.010040,-134.999222,479.998383,0.000811,-64.722794,-0.000699,-0.403339,-0.042185,0.557093,0.011716,5.136108,0.024836,
feedback,13.265993,1786352461924,7,Ry,5.000000,75.000000,5.074310,0.074310,,,359.999969,-134.999222,479.999939,179.999481,-50.000015,-179.999451,360.007141,-134.998840,480.003845,0.000898,-64.681953,-0.000771,-0.389038,0.150523,0.850012,0.012731,5.074310,-0.000624,
feedback,13.274250,1786352461933,7,Ry,5.000000,75.000000,5.129242,0.129242,,,359.999969,-134.999222,479.999939,179.999481,-50.000015,-179.999451,360.004517,-134.999222,480.007721,0.000750,-64.640862,-0.000632,-0.404752,-0.053691,0.509643,-0.003276,5.129242,0.002279,
feedback,13.282335,1786352461941,7,Ry,5.000000,75.000000,5.136109,0.136109,,,359.999969,-134.999222,479.999939,179.999481,-50.000015,-179.999451,360.002502,-134.999130,480.011841,0.000920,-64.599640,-0.000732,-0.235586,0.129430,0.606408,-0.006217,5.136108,0.023545,
feedback,13.290574,1786352461949,7,Ry,5.000000,75.000000,5.122376,0.122376,,,359.999969,-134.999222,479.999939,179.999481,-50.000015,-179.999451,360.000702,-134.999054,480.015625,0.000863,-64.558578,-0.000730,-0.133013,0.022051,0.402065,0.012085,5.122375,0.016318,
feedback,13.298736,1786352461958,7,Ry,5.000000,75.000000,5.108643,0.108643,,,359.999969,-134.999222,479.999939,179.999481,-50.000015,-179.999451,359.999847,-134.999008,480.017181,0.000944,-64.517815,-0.000701,-0.001412,0.065194,0.080551,0.012090,5.108643,0.023176,
feedback,13.306844,1786352461966,7,Ry,5.000000,75.000000,5.122376,0.122376,,,359.999969,-134.999222,479.999939,179.999481,-50.000015,-179.999451,359.999908,-134.999084,480.016663,0.000830,-64.476944,-0.000664,-0.016930,0.053689,-0.099483,-0.009170,5.122375,0.003629,
feedback,13.315038,1786352461974,7,Ry,5.000000,75.000000,5.163574,0.163574,,,359.999969,-134.999222,479.999939,179.999481,-50.000015,-179.999451,360.002533,-134.999313,480.012939,0.000689,-64.435913,-0.000654,0.284519,-0.043143,-0.551335,-0.000010,5.163574,-0.006866,
feedback,13.323307,1786352461983,7,Ry,5.000000,75.000000,5.094910,0.094910,,,359.999969,-134.999222,479.999939,179.999481,-50.000015,-179.999451,360.009583,-134.999084,480.002777,0.000884,-64.374008,-0.000724,0.684607,0.129435,-0.939727,0.006176,5.094910,0.017630,
feedback,13.331631,1786352461991,7,Ry,5.000000,75.000000,5.005646,0.005646,,,359.999969,-134.999222,479.999939,179.999481,-50.000015,-179.999451,360.013855,-134.999176,479.996063,0.000713,-64.333382,-0.000624,0.581294,0.053692,-0.846648,-0.002986,5.005646,0.000678,
feedback,13.339819,1786352461995,7,Ry,5.000000,75.000000,4.936981,-0.063019,,,359.999969,-134.999222,479.999939,179.999481,-50.000015,-179.999451,360.016357,-134.999313,479.990784,0.000742,-64.293472,-0.000713,0.344216,-0.108343,-0.881656,-0.005966,4.936981,-0.032973,
feedback,13.348085,1786352462004,7,Ry,5.000000,75.000000,4.971314,-0.028686,,,359.999969,-134.999222,479.999939,179.999481,-50.000015,-179.999451,360.018097,-134.998840,479.988373,0.000711,-64.273590,-0.000567,0.434545,0.118891,-0.606314,-0.003222,4.971313,0.029766,
feedback,13.356124,1786352462012,7,Ry,5.000000,75.000000,4.964447,-0.035553,,,359.999969,-134.999222,479.999939,179.999481,-50.000015,-179.999451,360.018127,-134.999313,479.987946,0.000793,-64.233986,-0.000621,0.052879,-0.031638,-0.166846,0.008943,4.964447,0.018551,
feedback,13.364152,1786352462021,7,Ry,5.000000,75.000000,4.882050,-0.117950,,,359.999969,-134.999222,479.999939,179.999481,-50.000015,-179.999451,360.017944,-134.999054,479.987915,0.000737,-64.194870,-0.000592,0.002392,0.043145,0.019822,-0.000014,4.882050,0.006866,
feedback,13.372519,1786352462029,7,Ry,5.000000,75.000000,4.868317,-0.131683,,,359.999969,-134.999222,479.999939,179.999481,-50.000015,-179.999451,360.018036,-134.999481,479.986969,0.000904,-64.155792,-0.000772,0.053487,-0.053691,-0.204383,0.015343,4.868317,-0.006673,
feedback,13.380600,1786352462038,7,Ry,5.000000,75.000000,4.779053,-0.220947,,,359.999969,-134.999222,479.999939,179.999481,-50.000015,-179.999451,360.018524,-134.999390,479.986389,0.000844,-64.117447,-0.000618,0.070770,0.000961,-0.053613,0.011978,4.779053,0.031577,
feedback,13.388770,1786352462046,7,Ry,5.000000,75.000000,4.820252,-0.179748,,,359.999969,-134.999222,479.999939,179.999481,-50.000015,-179.999451,360.019135,-134.999176,479.985535,0.000815,-64.078857,-0.000589,0.132518,-0.117929,-0.152627,0.002815,4.820251,0.007796,
feedback,13.397006,1786352462055,7,Ry,5.000000,75.000000,4.936981,-0.063019,,,359.999969,-134.999222,479.999939,179.999481,-50.000015,-179.999451,360.016998,-134.999390,479.989838,0.000841,-64.019447,-0.000615,-0.159793,-0.042185,0.375968,0.018193,4.936981,0.021682,
feedback,13.405020,1786352462063,7,Ry,5.000000,75.000000,5.026245,0.026245,,,359.999969,-134.999222,479.999939,179.999481,-50.000015,-179.999451,360.016418,-134.999054,479.989594,0.000730,-63.979267,-0.000586,0.092273,0.085330,-0.199845,-0.012064,5.026245,-0.017815,
feedback,13.413329,1786352462072,7,Ry,5.000000,75.000000,5.060577,0.060577,,,359.999969,-134.999222,479.999939,179.999481,-50.000015,-179.999451,360.016327,-134.999268,479.989746,0.000812,-63.938808,-0.000675,-0.020408,-0.000000,0.078318,0.006156,5.060577,-0.003017,
feedback,13.421240,1786352462080,7,Ry,5.000000,75.000000,5.136109,0.136109,,,359.999969,-134.999222,479.999939,179.999481,-50.000015,-179.999451,360.015594,-134.999741,479.989838,0.000894,-63.897610,-0.000729,-0.087935,-0.052731,0.079584,0.015098,5.136108,0.030831,
feedback,13.429682,1786352462088,7,Ry,5.000000,75.000000,5.108643,0.108643,,,359.999969,-134.999222,479.999939,179.999481,-50.000015,-179.999451,360.015625,-134.998917,479.989655,0.000756,-63.856575,-0.000708,0.088166,0.117929,-0.196007,-0.002927,5.108643,-0.007785,
feedback,13.437661,1786352462097,7,Ry,5.000000,75.000000,5.177307,0.177307,,,359.999969,-134.999222,479.999939,179.999481,-50.000015,-179.999451,360.014465,-134.999390,479.991180,0.000837,-63.814911,-0.000762,-0.065466,-0.151488,0.082579,-0.006070,5.177307,-0.039789,
feedback,13.446033,1786352462105,7,Ry,5.000000,75.000000,5.204773,0.204773,,,359.999969,-134.999222,479.999939,179.999481,-50.000015,-179.999451,360.012939,-134.999222,479.993317,0.000724,-63.773273,-0.000608,-0.259475,0.032598,0.347174,0.003022,5.204773,0.013026,
feedback,13.454196,1786352462114,7,Ry,5.000000,75.000000,5.184174,0.184174,,,359.999969,-134.999222,479.999939,179.999481,-50.000015,-179.999451,360.010712,-134.999435,479.995819,0.000862,-63.731800,-0.000759,-0.314447,-0.021093,0.167310,0.018383,5.184174,0.006237,
feedback,13.462879,1786352462122,7,Ry,5.000000,75.000000,5.156708,0.156708,,,359.999969,-134.999222,479.999939,179.999481,-50.000015,-179.999451,360.007935,-134.999130,479.999512,0.000667,-63.690327,-0.000606,-0.329326,0.021091,0.342540,-0.012254,5.156708,-0.009267,
feedback,13.470500,1786352462126,7,Ry,5.000000,75.000000,5.115509,0.115509,,,359.999969,-134.999222,479.999939,179.999481,-50.000015,-179.999451,360.006714,-134.999313,480.001373,0.000777,-63.669865,-0.000757,-0.303638,-0.043145,0.464272,0.012298,5.115509,-0.012958,
feedback,13.479329,1786352462135,7,Ry,5.000000,75.000000,5.156708,0.156708,,,359.999969,-134.999222,479.999939,179.999481,-50.000015,-179.999451,360.003387,-134.998962,480.005798,0.000775,-63.608204,-0.000700,-0.203742,0.096833,0.270656,0.003084,5.156708,0.004530,
feedback,13.486874,1786352462143,7,Ry,5.000000,75.000000,5.197906,0.197906,,,359.999969,-134.999222,479.999939,179.999481,-50.000015,-179.999451,360.001526,-134.999390,480.008423,0.000884,-63.566757,-0.000816,-0.207858,-0.022052,0.329278,0.000025,5.197906,-0.022220,
feedback,13.495715,1786352462152,7,Ry,5.000000,75.000000,5.149841,0.149841,,,359.999969,-134.999222,479.999939,179.999481,-50.000015,-179.999451,360.000427,-134.999573,480.009949,0.000772,-63.525585,-0.000719,-0.069532,-0.065194,-0.072103,-0.006130,5.149841,-0.026026,
feedback,13.503273,1786352462160,7,Ry,5.000000,75.000000,5.060577,0.060577,,,359.999969,-134.999222,479.999939,179.999481,-50.000015,-179.999451,359.999817,-134.999084,480.011078,0.000743,-63.485184,-0.000573,-0.020399,0.128471,0.078117,-0.012276,5.060577,-0.010844,
feedback,13.512040,1786352462169,7,Ry,5.000000,75.000000,5.088043,0.088043,,,359.999969,-134.999222,479.999939,179.999481,-50.000015,-179.999451,360.000702,-134.999390,480.009003,0.000659,-63.444344,-0.000566,0.004844,0.010546,-0.188054,-0.009222,5.088043,-0.003072,
feedback,13.519911,1786352462177,7,Ry,5.000000,75.000000,5.108643,0.108643,,,359.999969,-134.999222,479.999939,179.999481,-50.000015,-179.999451,360.001068,-134.999130,480.007294,0.000823,-63.403526,-0.000633,0.032877,0.043143,-0.235084,-0.006155,5.108643,0.009941,
feedback,13.528384,1786352462185,7,Ry,5.000000,75.000000,5.039978,0.039978,,,359.999969,-134.999222,479.999939,179.999481,-50.000015,-179.999451,360.002014,-134.999359,480.004089,0.000685,-63.362797,-0.000625,0.154159,0.031639,-0.371534,-0.015383,5.039978,-0.015335,
feedback,13.536269,1786352462194,7,Ry,5.000000,75.000000,5.067444,0.067444,,,359.999969,-134.999222,479.999939,179.999481,-50.000015,-179.999451,360.003571,-134.999313,480.000031,0.000711,-63.322174,-0.000685,0.298591,0.021093,-0.677839,-0.012311,5.067444,-0.009188,
feedback,13.544426,1786352462202,7,Ry,5.000000,75.000000,4.978180,-0.021820,,,359.999969,-134.999222,479.999939,179.999481,-50.000015,-179.999451,360.005737,-134.999481,479.996399,0.000764,-63.282295,-0.000773,0.205675,-0.022051,-0.332103,0.006085,4.978180,-0.025307,
feedback,13.552805,1786352462210,7,Ry,5.000000,75.000000,4.943848,-0.056152,,,359.999969,-134.999222,479.999939,179.999481,-50.000015,-179.999451,360.006836,-134.999268,479.994446,0.000736,-63.242577,-0.000595,0.157460,-0.031638,-0.231317,-0.003000,4.943848,0.024576,
feedback,13.561162,1786352462219,7,Ry,5.000000,75.000000,4.868317,-0.131683,,,359.999969,-134.999222,479.999939,179.999481,-50.000015,-179.999451,360.005615,-134.999222,479.995911,0.000653,-63.183773,-0.000532,-0.163790,-0.000000,0.169982,-0.012268,4.868317,0.006195,
feedback,13.569829,1786352462227,7,Ry,5.000000,75.000000,4.847717,-0.152283,,,359.999969,-134.999222,479.999939,179.999481,-50.000015,-179.999451,360.004303,-134.999573,479.997253,0.000760,-63.145020,-0.000708,-0.122809,-0.086288,0.105276,0.012245,4.847717,-0.019937,
feedback,13.577944,1786352462236,7,Ry,5.000000,75.000000,4.730988,-0.269012,,,359.999969,-134.999222,479.999939,179.999481,-50.000015,-179.999451,360.003998,-134.999268,479.997986,0.000678,-63.106895,-0.000531,-0.102521,0.043143,0.211008,0.006113,4.730988,0.003761,
feedback,13.585685,1786352462244,7,Ry,5.000000,75.000000,4.861450,-0.138550,,,359.999969,-134.999222,479.999939,179.999481,-50.000015,-179.999451,360.004150,-134.999481,479.997650,0.000759,-63.068199,-0.000618,0.007695,0.022051,0.102948,0.006211,4.861450,0.019110,
feedback,13.594183,1786352462252,7,Ry,5.000000,75.000000,4.847717,-0.152283,,,359.999969,-134.999222,479.999939,179.999481,-50.000015,-179.999451,360.003998,-134.999573,479.999207,0.000649,-63.029198,-0.000584,-0.029026,-0.044103,0.289100,-0.012464,4.847717,-0.038211,
feedback,13.602842,1786352462261,7,Ry,5.000000,75.000000,4.943848,-0.056152,,,359.999969,-134.999222,479.999939,179.999481,-50.000015,-179.999451,360.002899,-134.999649,480.001648,0.000756,-62.989315,-0.000643,-0.109513,-0.064236,0.300242,0.006230,4.943848,0.005368,
feedback,13.609998,1786352462269,7,Ry,5.000000,75.000000,4.957580,-0.042420,,,359.999969,-134.999222,479.999939,179.999481,-50.000015,-179.999451,360.002594,-134.999222,480.002289,0.000754,-62.949547,-0.000648,0.119844,0.095874,-0.097118,-0.009510,4.957581,-0.026833,
feedback,13.618208,1786352462277,7,Ry,5.000000,75.000000,5.142975,0.142975,,,359.999969,-134.999222,479.999939,179.999481,-50.000015,-179.999451,360.002075,-134.999390,480.003571,0.000863,-62.908428,-0.000647,0.027225,-0.052731,0.022207,0.009510,5.142975,0.033692,
feedback,13.625987,1786352462282,7,Ry,5.000000,75.000000,5.184174,0.184174,,,359.999969,-134.999222,479.999939,179.999481,-50.000015,-179.999451,360.002380,-134.999222,480.003571,0.000969,-62.887691,-0.000739,0.072095,0.043144,0.001383,0.012209,5.184174,0.000608,
feedback,13.634398,1786352462290,7,Ry,5.000000,75.000000,5.177307,0.177307,,,359.999969,-134.999222,479.999939,179.999481,-50.000015,-179.999451,360.002960,-134.999084,480.003204,0.000725,-62.846218,-0.000557,0.169313,0.107380,-0.168299,-0.006282,5.177307,0.001514,
feedback,13.643740,1786352462298,7,Ry,5.000000,75.000000,5.163574,0.163574,,,359.999969,-134.999222,479.999939,179.999481,-50.000015,-179.999451,360.003601,-134.999313,480.002258,0.000858,-62.804607,-0.000704,0.065169,0.032598,-0.019516,0.009233,5.163574,0.009836,
feedback,13.650109,1786352462307,7,Ry,5.000000,75.000000,5.287170,0.287170,,,359.999969,-134.999222,479.999939,179.999481,-50.000015,-179.999451,360.003479,-134.999725,480.002777,0.001021,-62.741768,-0.000730,-0.171417,-0.074782,0.137244,0.027736,5.287170,0.002011,
feedback,13.658586,1786352462315,7,Ry,5.000000,75.000000,5.149841,0.149841,,,359.999969,-134.999222,479.999939,179.999481,-50.000015,-179.999451,360.001038,-134.999557,480.006683,0.000910,-62.700294,-0.000729,-0.416686,-0.010547,0.608708,0.009241,5.149841,0.002952,
feedback,13.667412,1786352462324,7,Ry,5.000000,75.000000,5.129242,0.129242,,,359.999969,-134.999222,479.999939,179.999481,-50.000015,-179.999451,359.997040,-134.999313,480.012482,0.000747,-62.658875,-0.000580,-0.544266,0.107377,0.820938,-0.006320,5.129242,0.001534,
feedback,13.674953,1786352462332,7,Ry,5.000000,75.000000,5.005646,0.005646,,,359.999969,-134.999222,479.999939,179.999481,-50.000015,-179.999451,359.994202,-134.999313,480.016937,0.000746,-62.618473,-0.000579,-0.297319,0.032596,0.652256,0.003146,5.005646,0.012964,
feedback,13.683706,1786352462340,7,Ry,5.000000,75.000000,5.074310,0.074310,,,359.999969,-134.999222,479.999939,179.999481,-50.000015,-179.999451,359.990997,-134.999390,480.021454,0.000800,-62.577328,-0.000578,-0.260077,0.032595,0.638091,-0.002945,5.074310,0.016124,
feedback,13.691089,1786352462349,7,Ry,5.000000,75.000000,5.149841,0.149841,,,359.999969,-134.999222,479.999939,179.999481,-50.000015,-179.999451,359.988434,-134.999435,480.025574,0.000879,-62.536350,-0.000637,-0.361034,0.031637,0.524501,-0.003420,5.149841,-0.021445,
feedback,13.700050,1786352462357,7,Ry,5.000000,75.000000,5.074310,0.074310,,,359.999969,-134.999222,479.999939,179.999481,-50.000015,-179.999451,359.986572,-134.999313,480.028595,0.000796,-62.495453,-0.000636,-0.228722,0.086283,0.390925,-0.000012,5.074310,0.013733,
feedback,13.707567,1786352462366,7,Ry,5.000000,75.000000,5.122376,0.122376,,,359.999969,-134.999222,479.999939,179.999481,-50.000015,-179.999451,359.984863,-134.999344,480.031006,0.000664,-62.454803,-0.000457,-0.227410,-0.042185,0.173029,-0.011663,5.122375,0.037054,
feedback,13.716132,1786352462374,7,Ry,5.000000,75.000000,5.019379,0.019379,,,359.999969,-134.999222,479.999939,179.999481,-50.000015,-179.999451,359.983612,-134.999298,480.032440,0.000851,-62.414619,-0.000547,-0.110087,0.011503,0.073289,0.003439,5.019379,0.028304,
feedback,13.724203,1786352462383,7,Ry,5.000000,75.000000,5.067444,0.067444,,,359.999969,-134.999222,479.999939,179.999481,-50.000015,-179.999451,359.982422,-134.999649,480.031952,0.000792,-62.354115,-0.000687,0.035533,-0.129423,-0.223858,0.012158,5.067444,-0.026972,
feedback,13.732076,1786352462391,7,Ry,5.000000,75.000000,4.902649,-0.097351,,,359.999969,-134.999222,479.999939,179.999481,-50.000015,-179.999451,359.982727,-134.999084,480.030304,0.000763,-62.314400,-0.000604,-0.058310,-0.010546,-0.111685,0.009257,4.902649,0.002890,
feedback,13.740260,1786352462400,7,Ry,5.000000,75.000000,5.033112,0.033112,,,359.999969,-134.999222,479.999939,179.999481,-50.000015,-179.999451,359.983429,-134.999176,480.028046,0.000817,-62.274242,-0.000603,0.100800,0.011503,-0.316379,0.009569,5.033112,0.025101,
feedback,13.748848,1786352462408,7,Ry,5.000000,75.000000,4.971313,-0.028687,,,359.999969,-134.999222,479.999939,179.999481,-50.000015,-179.999451,359.983307,-134.999344,480.026642,0.000816,-62.234581,-0.000629,-0.022156,-0.000000,-0.161670,0.006064,4.971313,-0.003199,
feedback,13.756513,1786352462416,7,Ry,5.000000,75.000000,4.957581,-0.042419,,,359.999969,-134.999222,479.999939,179.999481,-50.000015,-179.999451,359.984100,-134.999557,480.024475,0.000946,-62.194950,-0.000773,0.119983,-0.107375,-0.388428,0.012470,4.957581,-0.004789,
feedback,13.765525,1786352462425,7,Ry,5.000000,75.000000,4.916382,-0.083618,,,359.999969,-134.999222,479.999939,179.999481,-50.000015,-179.999451,359.985138,-134.999130,480.022156,0.000890,-62.155590,-0.000717,0.108851,0.000000,-0.226224,0.012129,4.916382,-0.006414,
feedback,13.773144,1786352462429,7,Ry,5.000000,75.000000,4.875183,-0.124817,,,359.999969,-134.999222,479.999939,179.999481,-50.000015,-179.999451,359.985382,-134.999344,480.021210,0.000917,-62.136089,-0.000744,0.062170,-0.053687,-0.241572,0.003198,4.875183,-0.000796,
feedback,13.782032,1786352462437,7,Ry,5.000000,75.000000,4.813385,-0.186615,,,359.999969,-134.999222,479.999939,179.999481,-50.000015,-179.999451,359.986145,-134.999390,480.018372,0.000839,-62.097282,-0.000626,0.133433,0.064234,-0.323890,-0.012506,4.813385,-0.002057,
feedback,13.789233,1786352462446,7,Ry,5.000000,75.000000,4.971314,-0.028686,,,359.999969,-134.999222,479.999939,179.999481,-50.000015,-179.999451,359.988068,-134.999176,480.014252,0.000759,-62.057812,-0.000539,0.225294,0.065192,-0.405011,0.000355,4.971313,0.029082,
feedback,13.798204,1786352462454,7,Ry,5.000000,75.000000,5.060577,0.060577,,,359.999969,-134.999222,479.999939,179.999481,-50.000015,-179.999451,359.988831,-134.998917,480.011627,0.000858,-62.017548,-0.000686,0.086413,0.085327,-0.348879,-0.000777,5.060577,-0.023832,
feedback,13.805743,1786352462463,7,Ry,5.000000,75.000000,5.156708,0.156708,,,359.999969,-134.999222,479.999939,179.999481,-50.000015,-179.999451,359.989868,-134.999649,480.008606,0.000942,-61.976761,-0.000709,0.236745,-0.032595,-0.633360,0.002825,5.156708,-0.016154,
feedback,13.814385,1786352462471,7,Ry,5.000000,75.000000,5.163574,0.163574,,,359.999969,-134.999222,479.999939,179.999481,-50.000015,-179.999451,359.993042,-134.999390,480.002380,0.000782,-61.915237,-0.000563,0.268138,0.000001,-0.534590,-0.012128,5.163574,0.006465,
feedback,13.821951,1786352462479,7,Ry,5.000000,75.000000,5.287171,0.287171,,,359.999969,-134.999222,479.999939,179.999481,-50.000015,-179.999451,359.995636,-134.999222,479.997681,0.000833,-61.873352,-0.000593,0.299845,0.065194,-0.556622,0.006459,5.287170,0.025844,
feedback,13.830780,1786352462488,7,Ry,5.000000,75.000000,5.390167,0.390167,,,359.999969,-134.999222,479.999939,179.999481,-50.000015,-179.999451,359.998016,-134.999252,479.992615,0.000808,-61.830780,-0.000533,0.288080,-0.074780,-0.548836,-0.002397,5.390167,0.017776,
feedback,13.838529,1786352462496,7,Ry,5.000000,75.000000,5.348969,0.348969,,,359.999969,-134.999222,479.999939,179.999481,-50.000015,-179.999451,360.001068,-134.999512,479.986450,0.000810,-61.788292,-0.000502,0.320440,-0.031638,-0.582705,0.003674,5.348969,0.021398,
feedback,13.847039,1786352462504,7,Ry,5.000000,75.000000,5.280304,0.280304,,,359.999969,-134.999222,479.999939,179.999481,-50.000015,-179.999451,360.003479,-134.999313,479.982269,0.000774,-61.745827,-0.000617,0.235483,0.021093,-0.366197,-0.000465,5.280304,-0.015347,
feedback,13.854786,1786352462513,7,Ry,5.000000,75.000000,5.328369,0.328369,,,359.999969,-134.999222,479.999939,179.999481,-50.000015,-179.999451,360.004395,-134.999695,479.981018,0.000750,-61.703560,-0.000613,0.016555,-0.139977,-0.150184,-0.014891,5.328369,-0.004789,
feedback,13.862963,1786352462521,7,Ry,5.000000,75.000000,5.177307,0.177307,,,359.999969,-134.999222,479.999939,179.999481,-50.000015,-179.999451,360.004120,-134.999435,479.981720,0.000744,-61.661976,-0.000642,-0.023305,-0.000000,0.128565,-0.000010,5.177307,-0.000000,
feedback,13.870932,1786352462530,7,Ry,5.000000,75.000000,5.163574,0.163574,,,359.999969,-134.999222,479.999939,179.999481,-50.000015,-179.999451,360.002930,-134.999603,479.983704,0.000692,-61.620556,-0.000611,-0.220803,-0.032598,0.279199,-0.003271,5.163574,-0.012908,
feedback,13.879315,1786352462538,7,Ry,5.000000,75.000000,5.101776,0.101776,,,359.999969,-134.999222,479.999939,179.999481,-50.000015,-179.999451,360.000610,-134.999176,479.988251,0.000637,-61.579769,-0.000555,-0.319827,0.021091,0.648710,-0.018626,5.101776,-0.005542,
feedback,13.887353,1786352462546,7,Ry,5.000000,75.000000,5.142975,0.142975,,,359.999969,-134.999222,479.999939,179.999481,-50.000015,-179.999451,359.998230,-134.999054,479.992615,0.000612,-61.539120,-0.000469,-0.320647,0.053688,0.611643,-0.021397,5.142975,0.010647,
feedback,13.896119,1786352462555,7,Ry,5.000000,75.000000,5.039978,0.039978,,,359.999969,-134.999222,479.999939,179.999481,-50.000015,-179.999451,359.995422,-134.998703,479.998474,0.000712,-61.478146,-0.000528,-0.100163,0.129427,0.470995,-0.000019,5.039978,0.020599,
feedback,13.903734,1786352462563,7,Ry,5.000000,75.000000,4.998779,-0.001221,,,359.999969,-134.999222,479.999939,179.999481,-50.000015,-179.999451,359.993988,-134.999573,480.001740,0.000711,-61.437908,-0.000664,-0.192906,-0.043143,0.456970,0.006024,4.998779,-0.010149,
feedback,13.913054,1786352462572,7,Ry,5.000000,75.000000,5.026245,0.026245,,,359.999969,-134.999222,479.999939,179.999481,-50.000015,-179.999451,359.992706,-134.999603,480.004486,0.000687,-61.397480,-0.000606,-0.115098,-0.064235,0.307926,0.012596,5.026245,0.001903,
feedback,13.920638,1786352462580,7,Ry,5.000000,75.000000,5.033111,0.033111,,,359.999969,-134.999222,479.999939,179.999481,-50.000015,-179.999451,359.992279,-134.999130,480.006165,0.000654,-61.357269,-0.000608,-0.121569,0.021092,0.210462,-0.000569,5.033112,-0.015344,
feedback,13.929359,1786352462588,7,Ry,5.000000,75.000000,4.978180,-0.021820,,,359.999969,-134.999222,479.999939,179.999481,-50.000015,-179.999451,359.993591,-134.999084,480.004486,0.000735,-61.317360,-0.000579,0.226261,-0.074780,-0.351160,0.021920,4.978180,0.004614,
feedback,13.937175,1786352462597,7,Ry,5.000000,75.000000,5.012512,0.012512,,,359.999969,-134.999222,479.999939,179.999481,-50.000015,-179.999451,359.996674,-134.999390,479.999512,0.000757,-61.277122,-0.000690,0.428314,0.000001,-0.623204,0.006012,5.012512,-0.003300,
feedback,13.945690,1786352462601,7,Ry,5.000000,75.000000,5.012512,0.012512,,,359.999969,-134.999222,479.999939,179.999481,-50.000015,-179.999451,359.998962,-134.999573,479.996368,0.000656,-61.257072,-0.000603,0.574344,-0.043142,-0.781147,-0.012048,5.012512,-0.000263,
feedback,13.953276,1786352462609,7,Ry,5.000000,75.000000,5.053711,0.053711,,,359.999969,-134.999222,479.999939,179.999481,-50.000015,-179.999451,360.003204,-134.999313,479.989960,0.000760,-61.216591,-0.000604,0.509700,0.032599,-0.738620,0.015330,5.053711,0.006272,
feedback,13.961844,1786352462618,7,Ry,5.000000,75.000000,5.053711,0.053711,,,359.999969,-134.999222,479.999939,179.999481,-50.000015,-179.999451,360.006409,-134.999008,479.984711,0.000676,-61.176022,-0.000576,0.350315,0.107381,-0.439039,0.005396,5.053711,-0.004919,
feedback,13.969863,1786352462626,7,Ry,5.000000,75.000000,4.991913,-0.008087,,,359.999969,-134.999222,479.999939,179.999481,-50.000015,-179.999451,360.008972,-134.999008,479.980347,0.000675,-61.136059,-0.000575,0.333712,0.000001,-0.639045,-0.000014,4.991913,-0.000000,
feedback,13.978339,1786352462635,7,Ry,5.000000,75.000000,4.868317,-0.131683,,,359.999969,-134.999222,479.999939,179.999481,-50.000015,-179.999451,360.009857,-134.999130,479.977356,0.000757,-61.096920,-0.000574,0.032043,0.000000,-0.254399,-0.000014,4.868317,0.000000,
feedback,13.986312,1786352462643,7,Ry,5.000000,75.000000,4.827118,-0.172882,,,359.999969,-134.999222,479.999939,179.999481,-50.000015,-179.999451,360.010986,-134.999435,479.972321,0.000678,-61.038914,-0.000571,0.173741,0.032599,-0.465938,-0.002692,4.827118,0.016199,
feedback,13.994878,1786352462652,7,Ry,5.000000,75.000000,4.964447,-0.035553,,,359.999969,-134.999222,479.999939,179.999481,-50.000015,-179.999451,360.010437,-134.999222,479.971985,0.000809,-60.999336,-0.000572,-0.058607,-0.021092,-0.020439,0.006644,4.964447,0.012011,
feedback,14.003217,1786352462660,7,Ry,5.000000,75.000000,5.067444,0.067444,,,359.999969,-134.999222,479.999939,179.999481,-50.000015,-179.999451,360.009460,-134.999390,479.972534,0.000698,-60.959152,-0.000626,-0.066271,-0.065197,-0.089542,-0.000673,5.067444,-0.029072,
feedback,14.011325,1786352462668,7,Ry,5.000000,75.000000,5.019379,0.019379,,,359.999969,-134.999222,479.999939,179.999481,-50.000015,-179.999451,360.008026,-134.999786,479.973999,0.000626,-60.919273,-0.000567,-0.228668,-0.193669,0.057966,0.000669,5.019379,-0.012127,
feedback,14.018814,1786352462677,7,Ry,5.000000,75.000000,5.053711,0.053711,,,359.999969,-134.999222,479.999939,179.999481,-50.000015,-179.999451,360.007233,-134.999054,479.975708,0.000696,-60.879116,-0.000569,-0.124542,-0.032598,0.101200,-0.003356,5.053711,-0.012865,
feedback,14.026967,1786352462685,7,Ry,5.000000,75.000000,5.142975,0.142975,,,359.999969,-134.999222,479.999939,179.999481,-50.000015,-179.999451,360.006104,-134.999084,479.976929,0.000673,-60.838081,-0.000512,-0.153412,0.043143,0.216943,-0.018003,5.142975,0.016904,
feedback,14.036545,1786352462694,7,Ry,5.000000,75.000000,5.163574,0.163574,,,359.999969,-134.999222,479.999939,179.999481,-50.000015,-179.999451,360.004211,-134.998962,479.979645,0.000590,-60.796940,-0.000511,-0.140245,0.085328,0.170612,-0.013416,5.163574,-0.017108,
feedback,14.043305,1786352462702,7,Ry,5.000000,75.000000,5.204773,0.204773,,,359.999969,-134.999222,479.999939,179.999481,-50.000015,-179.999451,360.003662,-134.999390,479.979950,0.000803,-60.755383,-0.000594,0.006380,-0.053690,-0.084976,0.009333,5.204773,-0.004230,
feedback,14.052336,1786352462710,7,Ry,5.000000,75.000000,5.170441,0.170441,,,359.999969,-134.999222,479.999939,179.999481,-50.000015,-179.999451,360.002533,-134.999435,479.981384,0.000829,-60.713856,-0.000593,-0.143742,-0.021093,0.232285,0.000717,5.170441,0.015337,
feedback,14.059595,1786352462719,7,Ry,5.000000,75.000000,5.197906,0.197906,,,359.999969,-134.999222,479.999939,179.999481,-50.000015,-179.999451,360.000519,-134.999481,479.984131,0.000696,-60.651371,-0.000563,-0.134536,0.021092,0.203913,-0.018711,5.197906,-0.005240,
feedback,14.069209,1786352462727,7,Ry,5.000000,75.000000,5.170441,0.170441,,,359.999969,-134.999222,479.999939,179.999481,-50.000015,-179.999451,359.999664,-134.999649,479.985077,0.000841,-60.609924,-0.000757,-0.114821,-0.053689,0.142202,0.009345,5.170441,-0.004253,
feedback,14.076175,1786352462736,7,Ry,5.000000,75.000000,5.225372,0.225372,,,359.999969,-134.999222,479.999939,179.999481,-50.000015,-179.999451,359.998474,-134.999527,479.986786,0.000770,-60.568287,-0.000617,-0.197709,-0.086286,0.197723,0.005970,5.225372,-0.017107,
feedback,14.084635,1786352462740,7,Ry,5.000000,75.000000,5.191040,0.191040,,,359.999969,-134.999222,479.999939,179.999481,-50.000015,-179.999451,359.996979,-134.999084,479.989014,0.000714,-60.526951,-0.000561,-0.266540,0.021091,0.357333,-0.012750,5.191040,-0.008577,
feedback,14.092551,1786352462748,7,Ry,5.000000,75.000000,5.108643,0.108643,,,359.999969,-134.999222,479.999939,179.999481,-50.000015,-179.999451,359.995941,-134.999695,479.989899,0.000671,-60.506516,-0.000531,-0.260044,-0.150521,0.223246,-0.005200,5.108643,-0.001885,
feedback,14.101104,1786352462757,7,Ry,5.000000,75.000000,5.101776,0.101776,,,359.999969,-134.999222,479.999939,179.999481,-50.000015,-179.999451,359.993622,-134.999130,479.992767,0.000740,-60.465206,-0.000560,-0.275504,0.043142,0.212398,0.011934,5.101776,0.000097,
feedback,14.109344,1786352462765,7,Ry,5.000000,75.000000,5.081177,0.081177,,,359.999969,-134.999222,479.999939,179.999481,-50.000015,-179.999451,359.992126,-134.999390,479.994629,0.000746,-60.424446,-0.000530,-0.202134,0.096830,0.322278,0.002571,5.081177,0.004372,
feedback,14.117293,1786352462774,7,Ry,5.000000,75.000000,5.088043,0.088043,,,359.999969,-134.999222,479.999939,179.999481,-50.000015,-179.999451,359.990234,-134.999390,479.995911,0.000793,-60.383690,-0.000585,-0.213991,0.010546,0.204549,0.002564,5.088043,-0.009363,
feedback,14.125399,1786352462782,7,Ry,5.000000,75.000000,5.067444,0.067444,,,359.999969,-134.999222,479.999939,179.999481,-50.000015,-179.999451,359.989014,-134.999649,479.996338,0.000640,-60.343040,-0.000528,-0.126360,-0.118880,-0.019419,-0.015339,5.067444,-0.019771,
feedback,14.133468,1786352462791,7,Ry,5.000000,75.000000,5.094910,0.094910,,,359.999969,-134.999222,479.999939,179.999481,-50.000015,-179.999451,359.988434,-134.998871,479.994110,0.000680,-60.282120,-0.000528,0.035019,0.117922,-0.420577,-0.004265,5.094910,-0.007561,
feedback,14.141465,1786352462799,7,Ry,5.000000,75.000000,5.033112,0.033112,,,359.999969,-134.999222,479.999939,179.999481,-50.000015,-179.999451,359.988800,-134.999390,479.991272,0.000727,-60.241772,-0.000665,0.075917,0.053688,-0.388114,0.008504,5.033112,-0.005911,
feedback,14.150065,1786352462807,7,Ry,5.000000,75.000000,5.005646,0.005646,,,359.999969,-134.999222,479.999939,179.999481,-50.000015,-179.999451,359.989471,-134.999344,479.988312,0.000761,-60.201317,-0.000581,0.046086,0.032596,-0.292545,-0.008517,5.005646,0.019650,
feedback,14.157961,1786352462816,7,Ry,5.000000,75.000000,5.067444,0.067444,,,359.999969,-134.999222,479.999939,179.999481,-50.000015,-179.999451,359.990173,-134.999130,479.985291,0.000575,-60.161270,-0.000525,0.109458,0.085327,-0.243451,-0.025590,5.067444,-0.010125,
feedback,14.166613,1786352462824,7,Ry,5.000000,75.000000,5.019379,0.019379,,,359.999969,-134.999222,479.999939,179.999481,-50.000015,-179.999451,359.991119,-134.999084,479.981812,0.000704,-60.121254,-0.000552,0.239378,0.075739,-0.551259,0.003406,5.019379,0.019687,
feedback,14.173982,1786352462832,7,Ry,5.000000,75.000000,4.902649,-0.097351,,,359.999969,-134.999222,479.999939,179.999481,-50.000015,-179.999451,359.992767,-134.999084,479.978821,0.000703,-60.081894,-0.000551,0.224369,0.096831,-0.334119,0.002513,4.902649,0.004357,
feedback,14.183373,1786352462841,7,Ry,5.000000,75.000000,4.827118,-0.172882,,,359.999969,-134.999222,479.999939,179.999481,-50.000015,-179.999451,359.993927,-134.999313,479.976410,0.000729,-60.043056,-0.000578,0.120448,0.043143,-0.174684,-0.005961,4.827118,0.010295,
feedback,14.190410,1786352462849,7,Ry,5.000000,75.000000,4.854584,-0.145416,,,359.999969,-134.999222,479.999939,179.999481,-50.000015,-179.999451,359.994904,-134.998917,479.974792,0.000653,-60.004578,-0.000467,0.194089,0.150521,-0.264465,-0.018775,4.854584,0.015571,
feedback,14.199507,1786352462858,7,Ry,5.000000,75.000000,4.943848,-0.056152,,,359.999969,-134.999222,479.999939,179.999481,-50.000015,-179.999451,359.993591,-134.999695,479.977081,0.000850,-59.965328,-0.000741,-0.198755,-0.139974,0.346294,0.003430,4.943848,-0.014655,
feedback,14.207823,1786352462866,7,Ry,5.000000,75.000000,4.957581,-0.042419,,,359.999969,-134.999222,479.999939,179.999481,-50.000015,-179.999451,359.991760,-134.999054,479.981079,0.000672,-59.925697,-0.000548,-0.257468,0.022049,0.521471,0.018752,4.957581,0.011869,
feedback,14.215921,1786352462874,7,Ry,5.000000,75.000000,4.985046,-0.014954,,,359.999969,-134.999222,479.999939,179.999481,-50.000015,-179.999451,359.990631,-134.999268,479.984192,0.000745,-59.886147,-0.000629,-0.084312,0.107376,0.292365,-0.000962,4.985046,-0.001592,
feedback,14.224217,1786352462883,7,Ry,5.000000,75.000000,5.067444,0.067444,,,359.999969,-134.999222,479.999939,179.999481,-50.000015,-179.999451,359.990021,-134.999313,479.987976,0.000677,-59.825912,-0.000518,0.013450,-0.064234,0.174886,0.006890,5.067444,0.005006,
feedback,14.231909,1786352462891,7,Ry,5.000000,75.000000,5.074310,0.074310,,,359.999969,-134.999222,479.999939,179.999481,-50.000015,-179.999451,359.988739,-134.999268,479.991455,0.000696,-59.785210,-0.000572,-0.157998,0.010546,0.452891,0.002466,5.074310,-0.009389,
feedback,14.239960,1786352462896,7,Ry,5.000000,75.000000,5.053711,0.053711,,,359.999969,-134.999222,479.999939,179.999481,-50.000015,-179.999451,359.987701,-134.999252,479.994019,0.000852,-59.764992,-0.000599,-0.260808,0.000956,0.643345,0.019748,5.053711,0.027138,
feedback,14.248254,1786352462904,7,Ry,5.000000,75.000000,5.101776,0.101776,,,359.999969,-134.999222,479.999939,179.999481,-50.000015,-179.999451,359.987000,-134.999527,479.996429,0.000796,-59.724098,-0.000653,-0.157201,-0.064234,0.463429,0.012844,5.101776,0.001532,
feedback,14.256057,1786352462912,7,Ry,5.000000,75.000000,5.239105,0.239105,,,359.999969,-134.999222,479.999939,179.999481,-50.000015,-179.999451,359.986542,-134.999344,479.998077,0.000748,-59.682430,-0.000570,0.049061,0.065191,0.102896,0.012847,5.239105,0.022122,
feedback,14.264115,1786352462921,7,Ry,5.000000,75.000000,5.273437,0.273437,,,359.999969,-134.999222,479.999939,179.999481,-50.000015,-179.999451,359.988037,-134.999268,479.997284,0.000739,-59.640602,-0.000623,0.254928,0.053688,-0.228659,0.008367,5.273438,-0.005999,
feedback,14.272311,1786352462929,7,Ry,5.000000,75.000000,5.300903,0.300903,,,359.999969,-134.999222,479.999939,179.999481,-50.000015,-179.999451,359.989777,-134.999359,479.995880,0.000589,-59.598660,-0.000541,0.192082,-0.044099,-0.121161,-0.025754,5.300903,-0.030473,
feedback,14.281240,1786352462938,7,Ry,5.000000,75.000000,5.232239,0.232239,,,359.999969,-134.999222,479.999939,179.999481,-50.000015,-179.999451,359.991669,-134.999390,479.994019,0.000662,-59.556911,-0.000595,0.285359,-0.032596,-0.281791,-0.003489,5.232239,-0.012786,
feedback,14.288662,1786352462946,7,Ry,5.000000,75.000000,5.191040,0.191040,,,359.999969,-134.999222,479.999939,179.999481,-50.000015,-179.999451,359.992859,-134.999222,479.992584,0.000615,-59.515221,-0.000512,0.127963,-0.010546,-0.058667,-0.002446,5.191040,0.009401,
feedback,14.296921,1786352462955,7,Ry,5.000000,75.000000,5.211639,0.211639,,,359.999969,-134.999222,479.999939,179.999481,-50.000015,-179.999451,359.992676,-134.999008,479.993591,0.000743,-59.473610,-0.000511,-0.021093,0.011504,0.192915,0.022275,5.211639,0.017635,
feedback,14.304943,1786352462963,7,Ry,5.000000,75.000000,4.998779,-0.001221,,,359.999969,-134.999222,479.999939,179.999481,-50.000015,-179.999451,359.989532,-134.998962,479.999176,0.000714,-59.412743,-0.000509,-0.255027,0.139971,0.561671,-0.003511,4.998779,0.014688,
feedback,14.313741,1786352462971,7,Ry,5.000000,75.000000,5.019379,0.019379,,,359.999969,-134.999222,479.999939,179.999481,-50.000015,-179.999451,359.987396,-134.999603,480.001770,0.000639,-59.372204,-0.000565,-0.222578,-0.065191,0.298044,-0.007004,5.019379,-0.025550,
feedback,14.321280,1786352462980,7,Ry,5.000000,75.000000,5.046844,0.046844,,,359.999969,-134.999222,479.999939,179.999481,-50.000015,-179.999451,359.986237,-134.999390,480.003540,0.000767,-59.331886,-0.000563,-0.128427,-0.053688,0.149174,0.009396,5.046844,-0.004463,
feedback,14.329555,1786352462988,7,Ry,5.000000,75.000000,5.067444,0.067444,,,359.999969,-134.999222,479.999939,179.999481,-50.000015,-179.999451,359.985870,-134.999084,480.004822,0.000591,-59.291538,-0.000427,-0.008220,0.107375,0.159940,-0.012931,5.067444,0.005432,
feedback,14.337591,1786352462997,7,Ry,5.000000,75.000000,4.943848,-0.056152,,,359.999969,-134.999222,479.999939,179.999481,-50.000015,-179.999451,359.986267,-134.999603,480.003876,0.000839,-59.251602,-0.000642,-0.004230,-0.074780,-0.052345,0.028226,4.943848,0.000305,
feedback,14.346846,1786352463005,7,Ry,5.000000,75.000000,4.936981,-0.063019,,,359.999969,-134.999222,479.999939,179.999481,-50.000015,-179.999451,359.987732,-134.999817,480.002197,0.000865,-59.211639,-0.000669,0.184837,-0.150517,-0.208434,0.012921,4.936981,-0.012317,
feedback,14.353863,1786352463013,7,Ry,5.000000,75.000000,4.971313,-0.028687,,,359.999969,-134.999222,479.999939,179.999481,-50.000015,-179.999451,359.989594,-134.999771,479.998535,0.000791,-59.171867,-0.000614,0.213410,-0.086284,-0.397985,0.005889,4.971313,-0.017252,
feedback,14.362933,1786352463022,7,Ry,5.000000,75.000000,4.998779,-0.001221,,,359.999969,-134.999222,479.999939,179.999481,-50.000015,-179.999451,359.990601,-134.999741,479.996185,0.000624,-59.132099,-0.000453,0.156904,-0.043142,-0.347543,-0.011795,4.998779,0.000179,
feedback,14.370708,1786352463030,7,Ry,5.000000,75.000000,5.060578,0.060578,,,359.999969,-134.999222,479.999939,179.999481,-50.000015,-179.999451,359.992096,-134.999008,479.992676,0.000688,-59.091835,-0.000449,0.243246,0.183116,-0.608450,-0.015327,5.060577,0.028629,
feedback,14.379619,1786352463038,7,Ry,5.000000,75.000000,4.909515,-0.090485,,,359.999969,-134.999222,479.999939,179.999481,-50.000015,-179.999451,359.993042,-134.999695,479.988403,0.000641,-59.052254,-0.000505,0.177458,-0.053688,-0.728963,-0.014143,4.909515,0.009616,
feedback,14.387193,1786352463043,7,Ry,5.000000,75.000000,4.964447,-0.035553,,,359.999969,-134.999222,479.999939,179.999481,-50.000015,-179.999451,359.993927,-134.999130,479.986633,0.000705,-59.032398,-0.000529,0.219903,0.139974,-0.440754,0.008228,4.964447,0.007645,
feedback,14.396049,1786352463051,7,Ry,5.000000,75.000000,4.861450,-0.138550,,,359.999969,-134.999222,479.999939,179.999481,-50.000015,-179.999451,359.997040,-134.999390,479.977936,0.000603,-58.973537,-0.000530,0.286373,-0.033555,-0.742983,-0.005937,4.861450,-0.050232,
feedback,14.403759,1786352463060,7,Ry,5.000000,75.000000,5.005646,0.005646,,,359.999969,-134.999222,479.999939,179.999481,-50.000015,-179.999451,359.998108,-134.999344,479.975006,0.000684,-58.933823,-0.000501,0.102107,0.043143,-0.391986,-0.011775,5.005646,0.013953,
feedback,14.411477,1786352463068,7,Ry,5.000000,75.000000,5.012512,0.012512,,,359.999969,-134.999222,479.999939,179.999481,-50.000015,-179.999451,359.998322,-134.999481,479.975189,0.000720,-58.893776,-0.000447,-0.012069,-0.031638,0.098636,-0.007007,5.012512,0.028280,
feedback,14.420683,1786352463077,7,Ry,5.000000,75.000000,5.019379,0.019379,,,359.999969,-134.999222,479.999939,179.999481,-50.000015,-179.999451,359.998505,-134.999390,479.975342,0.000756,-58.853676,-0.000553,-0.001020,-0.053689,0.019548,-0.002337,5.019379,0.002562,
feedback,14.427722,1786352463085,7,Ry,5.000000,75.000000,5.012512,0.012512,,,359.999969,-134.999222,479.999939,179.999481,-50.000015,-179.999451,359.998108,-134.999603,479.977173,0.000782,-58.813496,-0.000580,-0.021342,-0.064235,0.319249,0.007102,5.012512,0.004882,
feedback,14.437013,1786352463093,7,Ry,5.000000,75.000000,5.053711,0.053711,,,359.999969,-134.999222,479.999939,179.999481,-50.000015,-179.999451,359.997284,-134.998962,479.979156,0.000699,-58.772789,-0.000496,-0.160890,0.074781,0.444619,-0.004825,5.053711,-0.014308,
feedback,14.444031,1786352463102,7,Ry,5.000000,75.000000,5.136109,0.136109,,,359.999969,-134.999222,479.999939,179.999481,-50.000015,-179.999451,359.997955,-134.999222,479.980072,0.000708,-58.731701,-0.000470,0.151770,0.118883,0.049111,-0.008189,5.136108,0.033596,
feedback,14.452271,1786352463110,7,Ry,5.000000,75.000000,5.129242,0.129242,,,359.999969,-134.999222,479.999939,179.999481,-50.000015,-179.999451,359.998901,-134.999130,479.980408,0.000697,-58.690449,-0.000522,0.147827,0.043143,0.113221,-0.005881,5.129242,0.010435,
feedback,14.460402,1786352463119,7,Ry,5.000000,75.000000,5.245972,0.245972,,,359.999969,-134.999222,479.999939,179.999481,-50.000015,-179.999451,360.001678,-134.999222,479.979004,0.000750,-58.627853,-0.000521,0.428982,0.096834,-0.120693,-0.003590,5.245972,0.007870,
feedback,14.469378,1786352463127,7,Ry,5.000000,75.000000,5.273438,0.273438,,,359.999969,-134.999222,479.999939,179.999481,-50.000015,-179.999451,360.003632,-134.999481,479.978638,0.000804,-58.585884,-0.000548,0.262768,0.032598,0.010816,0.003566,5.273438,0.012726,
feedback,14.476740,1786352463135,7,Ry,5.000000,75.000000,5.245972,0.245972,,,359.999969,-134.999222,479.999939,179.999481,-50.000015,-179.999451,360.006348,-134.999557,479.976379,0.000748,-58.543919,-0.000574,0.371524,0.021093,-0.308688,-0.001319,5.245972,-0.015298,
feedback,14.484941,1786352463144,7,Ry,5.000000,75.000000,5.225372,0.225372,,,359.999969,-134.999222,479.999939,179.999481,-50.000015,-179.999451,360.009033,-134.999741,479.973907,0.000703,-58.502033,-0.000548,0.250841,-0.129432,-0.137458,-0.005862,5.225372,-0.017012,
feedback,14.493172,1786352463152,7,Ry,5.000000,75.000000,5.252838,0.252838,,,359.999969,-134.999222,479.999939,179.999481,-50.000015,-179.999451,360.012329,-134.999268,479.970856,0.000709,-58.460091,-0.000598,0.335423,0.064238,-0.342931,0.010360,5.252838,-0.015613,
feedback,14.501336,1786352463161,7,Ry,5.000000,75.000000,5.245972,0.245972,,,359.999969,-134.999222,479.999939,179.999481,-50.000015,-179.999451,360.014435,-134.999557,479.969482,0.000746,-58.418262,-0.000572,0.217503,-0.053691,-0.138660,-0.008113,5.245972,0.006175,
feedback,14.509558,1786352463169,7,Ry,5.000000,75.000000,5.101776,0.101776,,,359.999969,-134.999222,479.999939,179.999481,-50.000015,-179.999451,360.015137,-134.999603,479.970123,0.000817,-58.376926,-0.000623,0.084996,-0.042184,0.170787,0.014391,5.101776,0.023388,
feedback,14.517580,1786352463177,7,Ry,5.000000,75.000000,5.053711,0.053711,,,359.999969,-134.999222,479.999939,179.999481,-50.000015,-179.999451,360.015350,-134.999603,479.970245,0.000905,-58.336082,-0.000727,-0.093715,-0.043145,0.162407,0.017523,5.053711,-0.017680,
feedback,14.526036,1786352463186,7,Ry,5.000000,75.000000,4.998779,-0.001221,,,359.999969,-134.999222,479.999939,179.999481,-50.000015,-179.999451,360.014343,-134.999435,479.972076,0.000859,-58.296040,-0.000647,-0.123413,0.011506,0.134479,0.016655,4.998779,0.020783,
feedback,14.534029,1786352463190,7,Ry,5.000000,75.000000,4.985046,-0.014954,,,359.999969,-134.999222,479.999939,179.999481,-50.000015,-179.999451,360.013184,-134.999649,479.973267,0.000886,-58.276100,-0.000674,-0.288850,-0.053691,0.302760,0.003601,4.985046,-0.001026,
feedback,14.542197,1786352463198,7,Ry,5.000000,75.000000,4.985046,-0.014954,,,359.999969,-134.999222,479.999939,179.999481,-50.000015,-179.999451,360.011139,-134.999390,479.976929,0.000984,-58.236301,-0.000670,-0.140976,0.022052,0.380197,0.018891,4.985046,0.011313,
feedback,14.550425,1786352463207,7,Ry,5.000000,75.000000,4.916382,-0.083618,,,359.999969,-134.999222,479.999939,179.999481,-50.000015,-179.999451,360.008423,-134.998825,479.981842,0.000668,-58.177166,-0.000405,-0.200855,0.236812,0.401040,-0.024763,4.916382,0.033526,
feedback,14.558739,1786352463215,7,Ry,5.000000,75.000000,4.971313,-0.028687,,,359.999969,-134.999222,479.999939,179.999481,-50.000015,-179.999451,360.006744,-134.999649,479.984222,0.000794,-58.137726,-0.000567,-0.271285,-0.129432,0.357121,0.011654,4.971313,-0.027849,
feedback,14.567697,1786352463224,7,Ry,5.000000,75.000000,4.827118,-0.172882,,,359.999969,-134.999222,479.999939,179.999481,-50.000015,-179.999451,360.005402,-134.999527,479.987122,0.000667,-58.098888,-0.000514,-0.223491,-0.000000,0.465872,-0.000009,4.827118,-0.000000,
feedback,14.575330,1786352463232,7,Ry,5.000000,75.000000,4.875183,-0.124817,,,359.999969,-134.999222,479.999939,179.999481,-50.000015,-179.999451,360.004456,-134.999817,479.988708,0.000792,-58.059750,-0.000593,-0.256632,-0.107380,0.309920,0.001431,4.875183,0.001553,
feedback,14.583854,1786352463241,7,Ry,5.000000,75.000000,4.936981,-0.063019,,,359.999969,-134.999222,479.999939,179.999481,-50.000015,-179.999451,360.005249,-134.999008,479.988220,0.000753,-58.020912,-0.000534,0.107369,0.043144,-0.057860,0.005808,4.936981,0.003230,
feedback,14.591670,1786352463249,7,Ry,5.000000,75.000000,4.895783,-0.104217,,,359.999969,-134.999222,479.999939,179.999481,-50.000015,-179.999451,360.006775,-134.999039,479.986206,0.000692,-57.981773,-0.000429,0.204924,0.118886,-0.291877,-0.002198,4.895782,0.030062,
feedback,14.599815,1786352463257,7,Ry,5.000000,75.000000,4.888916,-0.111084,,,359.999969,-134.999222,479.999939,179.999481,-50.000015,-179.999451,360.010345,-134.999344,479.979736,0.000620,-57.942635,-0.000432,0.404577,0.074784,-0.625381,-0.022584,4.888916,-0.003303,
feedback,14.607875,1786352463266,7,Ry,5.000000,75.000000,4.991913,-0.008087,,,359.999969,-134.999222,479.999939,179.999481,-50.000015,-179.999451,360.015594,-134.999481,479.972198,0.000679,-57.902893,-0.000562,0.455758,-0.022052,-0.672797,-0.007307,4.991913,-0.018500,
feedback,14.616900,1786352463274,7,Ry,5.000000,75.000000,5.088043,0.088043,,,359.999969,-134.999222,479.999939,179.999481,-50.000015,-179.999451,360.019867,-134.999268,479.966583,0.000651,-57.862629,-0.000534,0.404911,-0.011506,-0.497754,-0.010970,5.088043,-0.024309,
feedback,14.624350,1786352463283,7,Ry,5.000000,75.000000,5.053711,0.053711,,,359.999969,-134.999222,479.999939,179.999481,-50.000015,-179.999451,360.022461,-134.999268,479.962769,0.000650,-57.821869,-0.000533,0.274966,-0.022053,-0.240487,-0.001514,5.053711,-0.022147,
feedback,14.633080,1786352463291,7,Ry,5.000000,75.000000,5.081177,0.081177,,,359.999969,-134.999222,479.999939,179.999481,-50.000015,-179.999451,360.023376,-134.999222,479.959961,0.000665,-57.760979,-0.000583,-0.051078,0.021092,-0.139465,-0.001530,5.081177,-0.015279,
feedback,14.640640,1786352463299,7,Ry,5.000000,75.000000,5.142975,0.142975,,,359.999969,-134.999222,479.999939,179.999481,-50.000015,-179.999451,360.021454,-134.999344,479.962799,0.000746,-57.719749,-0.000583,-0.272076,0.010545,0.350316,0.002126,5.142975,-0.009472,
feedback,14.649661,1786352463308,7,Ry,5.000000,75.000000,5.101776,0.101776,,,359.999969,-134.999222,479.999939,179.999481,-50.000015,-179.999451,360.019623,-134.999084,479.966461,0.000690,-57.678799,-0.000554,-0.154996,0.096837,0.447505,0.002117,5.101776,0.004259,
feedback,14.657376,1786352463316,7,Ry,5.000000,75.000000,5.122375,0.122375,,,359.999969,-134.999222,479.999939,179.999481,-50.000015,-179.999451,360.017487,-134.999741,479.969421,0.000772,-57.637737,-0.000636,-0.229348,-0.139982,0.362982,0.003668,5.122375,-0.014799,
feedback,14.665730,1786352463325,7,Ry,5.000000,75.000000,5.142975,0.142975,,,359.999969,-134.999222,479.999939,179.999481,-50.000015,-179.999451,360.016388,-134.999481,479.973145,0.000629,-57.596703,-0.000505,-0.123780,-0.022053,0.373754,-0.018964,5.142975,-0.011102,
feedback,14.673473,1786352463333,7,Ry,5.000000,75.000000,5.170441,0.170441,,,359.999969,-134.999222,479.999939,179.999481,-50.000015,-179.999451,360.014099,-134.999054,479.979828,0.000573,-57.555641,-0.000450,-0.255042,0.096835,0.819482,-0.003699,5.170441,0.007938,
feedback,14.682646,1786352463338,7,Ry,5.000000,75.000000,5.197907,0.197907,,,359.999969,-134.999222,479.999939,179.999481,-50.000015,-179.999451,360.013245,-134.999084,479.982208,0.000753,-57.534851,-0.000473,-0.211610,-0.009587,0.591891,0.024205,5.197906,0.032147,
feedback,14.689776,1786352463346,7,Ry,5.000000,75.000000,5.163574,0.163574,,,359.999969,-134.999222,479.999939,179.999481,-50.000015,-179.999451,360.011444,-134.999222,479.987213,0.000658,-57.493706,-0.000578,-0.067405,0.031638,0.409977,-0.005292,5.163574,-0.021062,
feedback,14.698882,1786352463355,7,Ry,5.000000,75.000000,5.115509,0.115509,,,359.999969,-134.999222,479.999939,179.999481,-50.000015,-179.999451,360.009216,-134.999390,479.991882,0.000767,-57.452728,-0.000577,-0.156104,0.043144,0.458097,0.011564,5.115509,-0.000522,
feedback,14.707077,1786352463363,7,Ry,5.000000,75.000000,5.108643,0.108643,,,359.999969,-134.999222,479.999939,179.999481,-50.000015,-179.999451,360.007599,-134.999863,479.997162,0.000695,-57.391670,-0.000608,-0.015808,-0.074782,0.284174,0.011096,5.108643,0.010486,
feedback,14.715628,1786352463372,7,Ry,5.000000,75.000000,5.074310,0.074310,,,359.999969,-134.999222,479.999939,179.999481,-50.000015,-179.999451,360.006195,-134.999527,480.001495,0.000628,-57.350914,-0.000630,-0.180079,0.031638,0.523781,-0.005339,5.074310,-0.021049,
feedback,14.723603,1786352463380,7,Ry,5.000000,75.000000,5.053711,0.053711,,,359.999969,-134.999222,479.999939,179.999481,-50.000015,-179.999451,360.005463,-134.998917,480.004974,0.000682,-57.310318,-0.000520,-0.157274,0.075741,0.536479,0.003692,5.053711,0.019512,
feedback,14.731958,1786352463389,7,Ry,5.000000,75.000000,5.081177,0.081177,,,359.999969,-134.999222,479.999939,179.999481,-50.000015,-179.999451,360.004272,-134.999130,480.007294,0.000708,-57.270027,-0.000546,-0.189584,-0.021093,0.468589,0.013187,5.081177,0.007840,
feedback,14.739389,1786352463397,7,Ry,5.000000,75.000000,5.074310,0.074310,,,359.999969,-134.999222,479.999939,179.999481,-50.000015,-179.999451,360.003540,-134.998703,480.009186,0.000695,-57.229568,-0.000541,-0.063171,0.043143,0.236633,-0.000019,5.074310,0.006866,
feedback,14.747893,1786352463405,7,Ry,5.000000,75.000000,5.060577,0.060577,,,359.999969,-134.999222,479.999939,179.999481,-50.000015,-179.999451,360.002136,-134.999390,480.011108,0.000651,-57.189522,-0.000600,-0.138911,-0.032598,0.364449,0.002041,5.060577,-0.016358,
feedback,14.755459,1786352463414,7,Ry,5.000000,75.000000,4.943847,-0.056153,,,359.999969,-134.999222,479.999939,179.999481,-50.000015,-179.999451,360.000458,-134.999222,480.013306,0.000650,-57.149780,-0.000572,-0.213328,-0.076700,0.245715,-0.024404,4.943848,-0.045717,
feedback,14.764577,1786352463422,7,Ry,5.000000,75.000000,4.964447,-0.035553,,,359.999969,-134.999222,479.999939,179.999481,-50.000015,-179.999451,359.998962,-134.999222,480.014526,0.000674,-57.110420,-0.000442,-0.282961,0.011504,0.400333,0.005406,4.964447,0.027893,
feedback,14.771995,1786352463431,7,Ry,5.000000,75.000000,4.930115,-0.069885,,,359.999969,-134.999222,479.999939,179.999481,-50.000015,-179.999451,359.997681,-134.999390,480.014923,0.000648,-57.051289,-0.000597,-0.080039,-0.032597,-0.115343,0.002018,4.930115,-0.016363,
feedback,14.780336,1786352463439,7,Ry,5.000000,75.000000,4.936981,-0.063019,,,359.999969,-134.999222,479.999939,179.999481,-50.000015,-179.999451,359.997467,-134.998795,480.015472,0.000702,-57.011791,-0.000487,0.067342,0.172572,-0.000892,-0.000019,4.936981,0.027466,
feedback,14.788402,1786352463448,7,Ry,5.000000,75.000000,4.902649,-0.097351,,,359.999969,-134.999222,479.999939,179.999481,-50.000015,-179.999451,359.997803,-134.999695,480.013794,0.000771,-56.972572,-0.000673,0.070004,-0.053689,-0.317545,0.003735,4.902649,-0.001110,
feedback,14.796555,1786352463456,7,Ry,5.000000,75.000000,4.888916,-0.111084,,,359.999969,-134.999222,479.999939,179.999481,-50.000015,-179.999451,359.999451,-134.999344,480.011444,0.000686,-56.933487,-0.000517,0.265928,0.086287,-0.411650,0.011497,4.888916,0.006240,
feedback,14.804597,1786352463464,7,Ry,5.000000,75.000000,4.847717,-0.152283,,,359.999969,-134.999222,479.999939,179.999481,-50.000015,-179.999451,360.001556,-134.999527,480.007416,0.000727,-56.894676,-0.000594,0.303886,0.010547,-0.607859,0.001992,4.847717,-0.009502,
feedback,14.812880,1786352463473,7,Ry,5.000000,75.000000,4.971313,-0.028687,,,359.999969,-134.999222,479.999939,179.999481,-50.000015,-179.999451,360.002991,-134.999527,480.005432,0.000768,-56.855568,-0.000644,0.137265,-0.053689,-0.283791,0.015243,4.971313,-0.008626,
feedback,14.821136,1786352463477,7,Ry,5.000000,75.000000,5.005646,0.005646,,,359.999969,-134.999222,479.999939,179.999481,-50.000015,-179.999451,360.003845,-134.999390,480.004913,0.000753,-56.815632,-0.000565,-0.103790,-0.193667,0.140258,0.013251,5.005646,-0.019731,
feedback,14.829288,1786352463485,7,Ry,5.000000,75.000000,4.991913,-0.008087,,,359.999969,-134.999222,479.999939,179.999481,-50.000015,-179.999451,360.004120,-134.998825,480.005249,0.000683,-56.795662,-0.000432,0.068048,0.139977,0.087081,-0.009525,4.991913,0.018614,
feedback,14.837662,1786352463494,7,Ry,5.000000,75.000000,4.998779,-0.001221,,,359.999969,-134.999222,479.999939,179.999481,-50.000015,-179.999451,360.004303,-134.998917,480.004486,0.000627,-56.755592,-0.000459,0.070747,0.129431,-0.108295,-0.005759,4.998779,0.024364,
feedback,14.846255,1786352463502,7,Ry,5.000000,75.000000,5.033112,0.033112,,,359.999969,-134.999222,479.999939,179.999481,-50.000015,-179.999451,360.003815,-134.999344,480.005554,0.000681,-56.715462,-0.000513,-0.150928,-0.042185,0.178615,0.020801,5.033112,0.019192,
feedback,14.853704,1786352463510,7,Ry,5.000000,75.000000,5.019379,0.019379,,,359.999969,-134.999222,479.999939,179.999481,-50.000015,-179.999451,360.002899,-134.999222,480.007751,0.000598,-56.675007,-0.000513,-0.186143,0.010546,0.345096,-0.003784,5.019379,-0.005737,
feedback,14.862492,1786352463519,7,Ry,5.000000,75.000000,5.081177,0.081177,,,359.999969,-134.999222,479.999939,179.999481,-50.000015,-179.999451,360.000458,-134.998917,480.012909,0.000582,-56.613262,-0.000407,-0.208104,0.086286,0.461053,-0.017217,5.081177,0.025068,
feedback,14.870863,1786352463527,7,Ry,5.000000,75.000000,5.191040,0.191040,,,359.999969,-134.999222,479.999939,179.999481,-50.000015,-179.999451,359.997803,-134.999435,480.017242,0.000582,-56.572258,-0.000488,-0.373424,-0.032598,0.615321,-0.003793,5.191040,-0.012597,
feedback,14.878426,1786352463536,7,Ry,5.000000,75.000000,5.108643,0.108643,,,359.999969,-134.999222,479.999939,179.999481,-50.000015,-179.999451,359.995178,-134.999344,480.022339,0.000719,-56.531471,-0.000560,-0.443101,-0.021093,0.755547,0.013289,5.108643,0.007669,
feedback,14.887532,1786352463544,7,Ry,5.000000,75.000000,5.170441,0.170441,,,359.999969,-134.999222,479.999939,179.999481,-50.000015,-179.999451,359.992737,-134.999313,480.027679,0.000649,-56.490273,-0.000509,-0.282385,-0.031639,0.549772,0.017085,5.170441,0.013385,
feedback,14.895449,1786352463552,7,Ry,5.000000,75.000000,5.094909,0.094909,,,359.999969,-134.999222,479.999939,179.999481,-50.000015,-179.999451,359.991058,-134.999557,480.031647,0.000745,-56.449402,-0.000586,-0.208083,-0.065192,0.523368,-0.007600,5.094910,-0.025178,
feedback,14.903939,1786352463561,7,Ry,5.000000,75.000000,5.191040,0.191040,,,359.999969,-134.999222,479.999939,179.999481,-50.000015,-179.999451,359.990631,-134.999527,480.035034,0.000716,-56.408642,-0.000585,0.093836,-0.053688,0.239101,0.009509,5.191040,-0.004946,
feedback,14.911286,1786352463569,7,Ry,5.000000,75.000000,5.115509,0.115509,,,359.999969,-134.999222,479.999939,179.999481,-50.000015,-179.999451,359.990906,-134.999649,480.037170,0.000688,-56.367744,-0.000612,0.046943,-0.086284,0.237333,-0.005724,5.115509,-0.009930,
feedback,14.921148,1786352463577,7,Ry,5.000000,75.000000,5.088043,0.088043,,,359.999969,-134.999222,479.999939,179.999481,-50.000015,-179.999451,359.990784,-134.999084,480.040741,0.000618,-56.327095,-0.000479,0.019242,0.107376,0.490042,-0.001914,5.088043,-0.001503,
feedback,14.927921,1786352463586,7,Ry,5.000000,75.000000,5.149841,0.149841,,,359.999969,-134.999222,479.999939,179.999481,-50.000015,-179.999451,359.991058,-134.999054,480.041595,0.000714,-56.286034,-0.000627,0.157976,0.107377,-0.046638,0.003786,5.149841,-0.005313,
feedback,14.936352,1786352463594,7,Ry,5.000000,75.000000,5.142975,0.142975,,,359.999969,-134.999222,479.999939,179.999481,-50.000015,-179.999451,359.992523,-134.999008,480.040588,0.000603,-56.244972,-0.000527,0.258842,0.064235,-0.240364,-0.007645,5.142975,-0.004551,
feedback,14.944393,1786352463603,7,Ry,5.000000,75.000000,5.156708,0.156708,,,359.999969,-134.999222,479.999939,179.999481,-50.000015,-179.999451,359.996185,-134.999527,480.035400,0.000560,-56.183010,-0.000559,0.244795,-0.118882,-0.399981,0.001876,5.156708,-0.030126,
feedback,14.952265,1786352463611,7,Ry,5.000000,75.000000,5.067444,0.067444,,,359.999969,-134.999222,479.999939,179.999481,-50.000015,-179.999451,359.999054,-134.999268,480.030792,0.000574,-56.142113,-0.000454,0.394548,0.053690,-0.615310,-0.003838,5.067444,0.001164,
feedback,14.960165,1786352463620,7,Ry,5.000000,75.000000,5.081177,0.081177,,,359.999969,-134.999222,479.999939,179.999481,-50.000015,-179.999451,360.001099,-134.999557,480.026825,0.000778,-56.101162,-0.000629,0.296810,-0.053689,-0.635297,0.015219,5.081177,-0.008826,
feedback,14.969071,1786352463628,7,Ry,5.000000,75.000000,5.012512,0.012512,,,359.999969,-134.999222,479.999939,179.999481,-50.000015,-179.999451,360.002716,-134.999649,480.022675,0.000763,-56.061119,-0.000705,0.097590,-0.151482,-0.479645,0.009416,5.012512,-0.050360,
feedback,14.976529,1786352463636,7,Ry,5.000000,75.000000,5.046844,0.046844,,,359.999969,-134.999222,479.999939,179.999481,-50.000015,-179.999451,360.003387,-134.999481,480.020416,0.000790,-56.021183,-0.000551,0.041829,0.031638,-0.174670,-0.011525,5.046844,-0.017082,
feedback,14.984568,1786352463641,7,Ry,5.000000,75.000000,4.991913,-0.008087,,,359.999969,-134.999222,479.999939,179.999481,-50.000015,-179.999451,360.003265,-134.999176,480.020142,0.000626,-56.001213,-0.000425,-0.029932,0.074782,-0.067917,-0.022918,4.991913,-0.002532,
feedback,14.992972,1786352463649,7,Ry,5.000000,75.000000,4.964447,-0.035553,,,359.999969,-134.999222,479.999939,179.999481,-50.000015,-179.999451,360.001953,-134.999649,480.020813,0.000748,-55.961582,-0.000528,-0.144792,-0.085328,0.008641,-0.001705,4.964447,0.027424,
feedback,15.001409,1786352463657,7,Ry,5.000000,75.000000,4.882050,-0.117950,,,359.999969,-134.999222,479.999939,179.999481,-50.000015,-179.999451,360.000610,-134.999344,480.020599,0.000625,-55.922443,-0.000451,-0.222384,-0.053690,-0.027933,-0.007539,4.882050,0.006516,
feedback,15.009240,1786352463666,7,Ry,5.000000,75.000000,4.875183,-0.124817,,,359.999969,-134.999222,479.999939,179.999481,-50.000015,-179.999451,360.000427,-134.999390,480.019409,0.000773,-55.883606,-0.000597,0.022211,0.021092,-0.363186,0.003655,4.875183,-0.019072,
feedback,15.017901,1786352463674,7,Ry,5.000000,75.000000,4.765320,-0.234680,,,359.999969,-134.999222,479.999939,179.999481,-50.000015,-179.999451,360.001160,-134.999527,480.017517,0.000623,-55.845154,-0.000477,0.113607,-0.000959,-0.376214,-0.032476,4.765320,-0.018030,
feedback,15.026411,1786352463683,7,Ry,5.000000,75.000000,4.882049,-0.117951,,,359.999969,-134.999222,479.999939,179.999481,-50.000015,-179.999451,360.002136,-134.999741,480.014984,0.000690,-55.806126,-0.000553,0.191569,-0.086287,-0.310520,-0.005687,4.882050,-0.009874,
feedback,15.034811,1786352463691,7,Ry,5.000000,75.000000,5.046845,0.046845,,,359.999969,-134.999222,479.999939,179.999481,-50.000015,-179.999451,360.002380,-134.999725,480.013336,0.000839,-55.745949,-0.000573,0.058630,-0.010546,-0.272678,-0.007496,5.046844,0.013405,
feedback,15.042676,1786352463699,7,Ry,5.000000,75.000000,5.046845,0.046845,,,359.999969,-134.999222,479.999939,179.999481,-50.000015,-179.999451,360.002197,-134.999435,480.012695,0.000866,-55.705437,-0.000518,-0.023197,0.022051,-0.090156,0.013396,5.046844,0.014343,
feedback,15.051481,1786352463708,7,Ry,5.000000,75.000000,5.053711,0.053711,,,359.999969,-134.999222,479.999939,179.999481,-50.000015,-179.999451,360.002380,-134.999557,480.009979,0.000688,-55.664978,-0.000523,0.069167,-0.108338,-0.447863,-0.007755,5.053711,-0.031939,
feedback,15.059100,1786352463716,7,Ry,5.000000,75.000000,5.156708,0.156708,,,359.999969,-134.999222,479.999939,179.999481,-50.000015,-179.999451,360.002319,-134.999435,480.009186,0.000634,-55.623615,-0.000398,-0.007407,-0.032597,-0.094173,-0.015224,5.156708,-0.004780,
feedback,15.067852,1786352463725,7,Ry,5.000000,75.000000,5.177307,0.177307,,,359.999969,-134.999222,479.999939,179.999481,-50.000015,-179.999451,360.001465,-134.999390,480.010559,0.000726,-55.582306,-0.000543,-0.090303,0.064235,0.138981,-0.002110,5.177307,-0.008343,
feedback,15.075517,1786352463733,7,Ry,5.000000,75.000000,5.218506,0.218506,,,359.999969,-134.999222,479.999939,179.999481,-50.000015,-179.999451,360.001251,-134.999603,480.010376,0.000713,-55.540611,-0.000521,-0.064070,-0.064236,-0.014501,0.013422,5.218506,0.000572,
feedback,15.083470,1786352463741,7,Ry,5.000000,75.000000,5.218506,0.218506,,,359.999969,-134.999222,479.999939,179.999481,-50.000015,-179.999451,360.001190,-134.999695,480.010315,0.000657,-55.498837,-0.000548,0.028807,-0.044102,0.023013,-0.009906,5.218506,-0.040257,
feedback,15.091817,1786352463750,7,Ry,5.000000,75.000000,5.156708,0.156708,,,359.999969,-134.999222,479.999939,179.999481,-50.000015,-179.999451,360.001465,-134.999390,480.011444,0.000683,-55.457226,-0.000492,-0.011486,0.000959,0.290128,0.021217,5.156708,0.025597,
feedback,15.101287,1786352463758,7,Ry,5.000000,75.000000,5.026245,0.026245,,,359.999969,-134.999222,479.999939,179.999481,-50.000015,-179.999451,360.002563,-134.999649,480.012085,0.000668,-55.416714,-0.000595,0.211348,-0.075741,0.024729,0.007402,5.026245,-0.027181,
feedback,15.108286,1786352463766,7,Ry,5.000000,75.000000,4.717255,-0.282745,,,359.999969,-134.999222,479.999939,179.999481,-50.000015,-179.999451,360.003693,-134.999176,480.012268,0.000654,-55.378372,-0.000464,0.086630,0.107380,0.010165,-0.002165,4.717255,-0.001469,
feedback,15.117088,1786352463775,7,Ry,5.000000,75.000000,4.401398,-0.598602,,,359.999969,-134.999222,479.999939,179.999481,-50.000015,-179.999451,360.005585,-134.999557,480.012543,0.000641,-55.324238,-0.000469,0.181343,-0.053690,-0.054020,0.009545,4.401398,-0.005126,
feedback,15.124585,1786352463783,7,Ry,5.000000,75.000000,4.147339,-0.852661,,,359.999969,-134.999222,479.999939,179.999481,-50.000015,-179.999451,360.006317,-134.999390,480.011810,0.000720,-55.290592,-0.000538,0.215843,0.075742,-0.217249,0.003900,4.147339,0.019377,
feedback,15.133361,1786352463792,7,Ry,5.000000,75.000000,3.927612,-1.072388,,,359.999969,-134.999222,479.999939,179.999481,-50.000015,-179.999451,360.007172,-134.999817,480.010742,0.000664,-55.258785,-0.000620,0.039158,-0.193668,-0.021840,0.007822,3.927612,-0.016181,
feedback,15.140823,1786352463800,7,Ry,5.000000,75.000000,3.858948,-1.141052,,,359.999969,-134.999222,479.999939,179.999481,-50.000015,-179.999451,360.008728,-134.999344,480.009155,0.000652,-55.228107,-0.000489,0.144885,0.118887,-0.068966,0.009547,3.858948,0.022324,
feedback,15.149644,1786352463808,7,Ry,5.000000,75.000000,3.769684,-1.230316,,,359.999969,-134.999222,479.999939,179.999481,-50.000015,-179.999451,360.009888,-134.999313,480.007568,0.000663,-55.197811,-0.000536,0.122733,0.031639,-0.089455,-0.000490,3.769684,-0.024753,
feedback,15.157231,1786352463817,7,Ry,5.000000,75.000000,3.762818,-1.237182,,,359.999969,-134.999222,479.999939,179.999481,-50.000015,-179.999451,360.010712,-134.999390,480.006317,0.000678,-55.167625,-0.000488,0.095192,0.065197,0.015124,0.007835,3.762817,0.025005,
feedback,15.165690,1786352463825,7,Ry,5.000000,75.000000,3.625488,-1.374512,,,359.999969,-134.999222,479.999939,179.999481,-50.000015,-179.999451,360.011536,-134.999390,480.003693,0.000717,-55.138046,-0.000535,0.120327,0.022053,-0.239568,0.013475,3.625488,0.014210,
feedback,15.173428,1786352463833,7,Ry,5.000000,75.000000,3.206635,-1.793365,,,359.999969,-134.999222,479.999939,179.999481,-50.000015,-179.999451,360.013428,-134.999481,479.999512,0.000811,-55.111404,-0.000583,0.257808,-0.021092,-0.439817,0.019112,3.206635,0.003410,
feedback,15.182205,1786352463838,7,Ry,5.000000,75.000000,3.000641,-1.999359,,,359.999969,-134.999222,479.999939,179.999481,-50.000015,-179.999451,360.014526,-134.999039,479.996643,0.000677,-55.099403,-0.000432,0.274687,0.107383,-0.722860,-0.019130,3.000641,0.010327,
feedback,15.189717,1786352463846,7,Ry,5.000000,75.000000,2.540588,-2.459412,,,359.999969,-134.999222,479.999939,179.999481,-50.000015,-179.999451,360.016693,-134.999481,479.991486,0.000652,-55.078033,-0.000390,0.358451,0.032600,-0.767625,-0.018595,2.540588,0.028220,
feedback,15.198096,1786352463855,7,Ry,5.000000,75.000000,2.046203,-2.953797,,,359.999969,-134.999222,479.999939,179.999481,-50.000015,-179.999451,360.018860,-134.999222,479.986023,0.000645,-55.060783,-0.000582,0.280797,0.031639,-0.674318,-0.000545,2.046204,-0.024751,
feedback,15.206463,1786352463863,7,Ry,5.000000,75.000000,1.387024,-3.612976,,,359.999969,-134.999222,479.999939,179.999481,-50.000015,-179.999451,360.022247,-134.999527,479.977295,0.000648,-55.041393,-0.000513,0.209445,0.021093,-0.570297,-0.002244,1.387024,-0.015189,
feedback,15.215092,1786352463872,7,Ry,5.000000,75.000000,1.187897,-3.812103,,,359.999969,-134.999222,479.999939,179.999481,-50.000015,-179.999451,360.023102,-134.999435,479.974274,0.000632,-55.031670,-0.000561,0.005810,-0.011508,-0.283513,-0.006181,1.187897,-0.027682,
feedback,15.222782,1786352463880,7,Ry,5.000000,75.000000,1.126098,-3.873902,,,359.999969,-134.999222,479.999939,179.999481,-50.000015,-179.999451,360.023499,-134.999390,479.972931,0.000565,-55.022743,-0.000513,-0.071202,-0.054654,-0.079289,-0.017437,1.126099,-0.026675,
feedback,15.231297,1786352463888,7,Ry,5.000000,75.000000,1.036835,-3.963165,,,359.999969,-134.999222,479.999939,179.999481,-50.000015,-179.999451,360.022614,-134.999649,479.973297,0.000659,-55.014038,-0.000588,-0.187135,-0.043146,0.061512,0.005624,1.036835,-0.010804,
feedback,15.239017,1786352463897,7,Ry,5.000000,75.000000,0.844574,-4.155426,,,359.999969,-134.999222,479.999939,179.999481,-50.000015,-179.999451,360.021667,-134.999054,479.974640,0.000604,-55.006870,-0.000506,-0.211732,0.107383,0.262262,-0.013503,0.844574,0.006420,
feedback,15.247648,1786352463905,7,Ry,5.000000,75.000000,0.624847,-4.375153,,,359.999969,-134.999222,479.999939,179.999481,-50.000015,-179.999451,360.019958,-134.999435,479.975922,0.000592,-55.001350,-0.000513,-0.223289,-0.096838,0.215314,-0.001688,0.624847,-0.004170,
feedback,15.255229,1786352463913,7,Ry,5.000000,75.000000,0.453186,-4.546814,,,359.999969,-134.999222,479.999939,179.999481,-50.000015,-179.999451,360.019318,-134.999390,479.975800,0.000604,-54.997284,-0.000560,-0.158828,-0.032600,0.011898,0.001685,0.453186,-0.016430,
feedback,15.264529,1786352463922,7,Ry,5.000000,75.000000,0.260925,-4.739075,,,359.999969,-134.999222,479.999939,179.999481,-50.000015,-179.999451,360.019012,-134.999649,479.975281,0.000620,-54.994839,-0.000540,-0.068186,-0.043146,-0.126278,-0.000000,0.260925,-0.006866,
feedback,15.271557,1786352463930,7,Ry,5.000000,75.000000,0.109863,-4.890137,,,359.999969,-134.999222,479.999939,179.999481,-50.000015,-179.999451,360.019043,-134.999435,479.974365,0.000781,-54.993797,-0.000581,0.036584,0.096837,-0.163140,0.007309,0.109863,0.000231,
feedback,15.280522,1786352463939,7,Ry,5.000000,75.000000,0.020599,-4.979401,,,359.999969,-134.999222,479.999939,179.999481,-50.000015,-179.999451,360.019775,-134.999344,479.972717,0.000796,-54.993439,-0.000505,0.084146,0.086291,-0.069403,-0.000000,0.020599,0.013733,
feedback,15.287874,1786352463947,7,Ry,5.000000,75.000000,-0.000000,-5.000000,,,359.999969,-134.999222,479.999939,179.999481,-50.000015,-179.999451,360.019714,-134.999481,479.972382,0.000620,-54.993412,-0.000513,0.002131,-0.065199,-0.060034,-0.007878,-0.000000,-0.024981,
feedback,15.296097,1786352463956,7,Ry,5.000000,75.000000,0.020599,-4.979401,,,359.999969,-134.999222,479.999939,179.999481,-50.000015,-179.999451,360.019623,-134.999054,479.971924,0.000565,-54.993191,-0.000458,-0.042423,0.031638,-0.065264,-0.017442,0.020599,-0.012934,
feedback,15.304417,1786352463964,7,Ry,5.000000,75.000000,-0.034332,-5.034332,,,359.999969,-134.999222,479.999939,179.999481,-50.000015,-179.999451,360.019867,-134.999435,479.972046,0.000702,-54.993385,-0.000485,0.053881,0.000000,0.031488,-0.005624,-0.034332,0.003939,
feedback,15.312876,1786352463969,7,Ry,5.000000,75.000000,0.041199,-4.958801,,,359.999969,-134.999222,479.999939,179.999481,-50.000015,-179.999451,360.019531,-134.999344,479.971527,0.000686,-54.993217,-0.000533,-0.084846,0.021092,-0.130529,-0.002254,0.041199,-0.015188,
feedback,15.321188,1786352463977,7,Ry,5.000000,75.000000,0.013733,-4.986267,,,359.999969,-134.999222,479.999939,179.999481,-50.000015,-179.999451,360.019501,-134.999527,479.971680,0.000569,-54.993217,-0.000417,-0.027637,-0.053692,0.033776,-0.012934,0.013733,0.010575,
feedback,15.329906,1786352463986,5,Ry,5.000000,75.000000,0.006866,-4.993134,,,359.999969,-134.999222,479.999939,179.999481,-50.000015,-179.999451,360.019226,-134.999649,479.971619,0.000659,-54.993217,-0.000588,-0.046498,-0.065199,-0.021755,-0.013502,0.006866,-0.021042,
feedback,15.337897,1786352463995,5,Ry,5.000000,75.000000,-0.006866,-5.006866,,,359.999969,-134.999222,479.999939,179.999481,-50.000015,-179.999451,360.019287,-134.999603,479.971619,0.000702,-54.993217,-0.000513,0.022553,-0.031638,0.060398,0.011817,-0.006866,0.016873,
