event,pc_time_s,controller_timestamp,robot_mode,axis,target_speed_deg_s,target_delta_deg,selected_actual_deg_s,speed_error_deg_s,command_interval_ms,command_latency_ms,target_x,target_y,target_z,target_rx,target_ry,target_rz,actual_x,actual_y,actual_z,actual_rx,actual_ry,actual_rz,tcp_vx,tcp_vy,tcp_vz,tcp_wx,tcp_wy,tcp_wz,response
feedback,0.001825,1786439403908,5,Rz,0.000000,0.000000,0.014704,0.014704,,,335.910522,-66.845146,179.611771,89.999794,49.999893,89.999901,335.910980,-66.844475,179.610962,90.000000,49.999905,90.000191,0.015743,0.015248,-0.098386,0.014704,0.019738,0.006866,
feedback,0.008922,1786439403917,5,Rz,0.000000,0.000000,-0.002936,-0.002936,,,335.910522,-66.845146,179.611771,89.999794,49.999893,89.999901,335.910645,-66.845139,179.610870,90.000038,49.999996,90.000145,0.048083,-0.008635,0.030663,-0.002936,-0.013158,0.020599,
command,0.000013,,,Rz,5.000000,15.000000,,,,10.318,335.910522,-66.845146,179.611771,89.999794,49.999893,89.999901,,,,,,,,,,,,,"0,{1442},RelMovLTool(0.000000,0.000000,0.000000,0.000000,0.000000,15.000000,a=30,v=23,cp=0);"
feedback,0.017373,1786439403926,7,Rz,5.000000,15.000000,0.007861,-4.992139,,,335.910522,-66.845146,179.611771,89.999794,49.999893,89.999901,335.911102,-66.844719,179.611435,89.999840,49.999901,89.999954,0.122531,0.032278,0.113676,0.007861,-0.026317,-0.020599,
feedback,0.024608,1786439403934,7,Rz,5.000000,15.000000,-0.009826,-5.009826,,,335.910522,-66.845146,179.611771,89.999794,49.999893,89.999901,335.910400,-66.845192,179.611038,90.000000,49.999962,90.000053,-0.158001,-0.057739,-0.160408,-0.009826,0.032896,-0.006866,
feedback,0.033550,1786439403942,7,Rz,5.000000,15.000000,0.002959,-4.997041,,,335.910522,-66.845146,179.611771,89.999794,49.999893,89.999901,435.911011,-66.844734,179.611725,-89.999397,80.000099,-89.999290,0.174022,0.129144,0.217823,0.002959,-0.032896,0.006866,
feedback,0.041259,1786439403951,7,Rz,5.000000,15.000000,0.011791,-4.988209,,,335.910522,-66.845146,179.611771,89.999794,49.999893,89.999901,435.910828,-66.845055,179.611786,-89.999397,80.000130,-89.999374,0.148913,-0.100278,0.265586,0.011791,-0.039475,-0.027466,
feedback,0.049929,1786439403959,7,Rz,5.000000,15.000000,0.005895,-4.994105,,,335.910522,-66.845146,179.611771,89.999794,49.999893,89.999901,435.910675,-66.844810,179.611557,-89.999542,80.000114,-89.999474,0.011627,-0.141283,0.117113,0.005895,-0.019738,-0.027466,
feedback,0.057592,1786439403968,7,Rz,5.000000,15.000000,-0.004924,-5.004924,,,335.910522,-66.845146,179.611771,89.999794,49.999893,89.999901,435.910492,-66.845154,179.610992,-90.000153,80.000114,-90.000122,-0.062142,-0.063622,-0.208052,-0.004924,0.039475,-0.013733,
feedback,0.066079,1786439403976,7,Rz,5.000000,15.000000,0.004901,-4.995099,,,335.910522,-66.845146,179.611771,89.999794,49.999893,89.999901,435.910919,-66.844917,179.610962,-90.000000,80.000122,-89.999969,0.043302,-0.122248,-0.089659,0.004901,0.006579,-0.041199,
feedback,0.074141,1786439403980,7,Rz,5.000000,15.000000,0.042193,-4.957807,,,335.910522,-66.845146,179.611771,89.999794,49.999893,89.999901,435.911102,-66.844864,179.612106,-89.999092,80.000336,-89.999077,-0.009974,-0.142948,0.154423,0.042193,-0.026317,-0.034332,
feedback,0.083435,1786439403988,7,Rz,5.000000,15.000000,0.138300,-4.861700,,,335.910522,-66.845146,179.611771,89.999794,49.999893,89.999901,435.910583,-66.844948,179.610977,-90.000000,80.001251,-89.999916,-0.072205,-0.116475,-0.127566,0.138300,0.019738,-0.020599,
feedback,0.090473,1786439403997,7,Rz,5.000000,15.000000,0.267792,-4.732208,,,335.910522,-66.845146,179.611771,89.999794,49.999893,89.999901,435.910858,-66.845375,179.611343,-89.999695,80.003105,-89.999672,0.062750,-0.108270,-0.031444,0.267792,0.000000,-0.013733,
feedback,0.099224,1786439404005,7,Rz,5.000000,15.000000,0.725879,-4.274121,,,335.910522,-66.845146,179.611771,89.999794,49.999893,89.999901,435.911011,-66.844307,179.611145,-89.999847,80.007713,-89.999710,0.060489,0.167611,-0.063485,0.725879,0.006581,0.020600,
feedback,0.107179,1786439404014,7,Rz,5.000000,15.000000,1.135901,-3.864099,,,335.910522,-66.845146,179.611771,89.999794,49.999893,89.999901,435.910889,-66.844055,179.611099,-89.999847,80.016167,-89.999657,-0.034393,0.066892,-0.105978,1.135901,0.013162,0.006867,
feedback,0.115066,1786439404022,7,Rz,5.000000,15.000000,1.381129,-3.618871,,,335.910522,-66.845146,179.611771,89.999794,49.999893,89.999901,435.910522,-66.845459,179.610977,-90.000000,80.026459,-90.000000,-0.036825,-0.155755,-0.143288,1.381129,0.019738,-0.027466,
feedback,0.123150,1786439404031,7,Rz,5.000000,15.000000,1.351721,-3.648279,,,335.910522,-66.845146,179.611771,89.999794,49.999893,89.999901,435.910614,-66.844864,179.611847,-89.999390,80.037369,-89.999260,-0.110537,0.007258,0.164279,1.351721,-0.019735,0.020602,
feedback,0.131204,1786439404039,7,Rz,5.000000,15.000000,1.378192,-3.621808,,,335.910522,-66.845146,179.611771,89.999794,49.999893,89.999901,435.910706,-66.845222,179.611099,-89.999847,80.048553,-89.999794,-0.000089,-0.045087,-0.073937,1.378192,0.006581,-0.013732,
feedback,0.139303,1786439404047,7,Rz,5.000000,15.000000,1.491015,-3.508985,,,335.910522,-66.845146,179.611771,89.999794,49.999893,89.999901,435.910675,-66.844810,179.611557,-89.999542,80.059799,-89.999466,0.034583,-0.034731,0.164876,1.491015,-0.026315,-0.013731,
feedback,0.147352,1786439404056,7,Rz,5.000000,15.000000,1.746993,-3.253007,,,335.910522,-66.845146,179.611771,89.999794,49.999893,89.999901,435.910461,-66.844696,179.610611,-90.000458,80.073074,-90.000313,-0.214285,-0.113852,-0.330349,1.746993,0.059217,-0.006869,
feedback,0.155635,1786439404064,7,Rz,5.000000,15.000000,2.191370,-2.808630,,,335.910522,-66.845146,179.611771,89.999794,49.999893,89.999901,435.910675,-66.844925,179.610931,-90.000153,80.089874,-90.000069,-0.114431,-0.034179,-0.085670,2.191370,0.019741,-0.000001,
feedback,0.163808,1786439404073,7,Rz,5.000000,15.000000,2.896673,-2.103327,,,335.910522,-66.845146,179.611771,89.999794,49.999893,89.999901,435.910980,-66.845123,179.611420,-89.999542,80.121574,-89.999519,0.106420,-0.130713,0.085670,2.896673,-0.019736,-0.041195,
feedback,0.171988,1786439404081,7,Rz,5.000000,15.000000,3.257636,-1.742364,,,335.910522,-66.845146,179.611771,89.999794,49.999893,89.999901,435.911316,-66.843666,179.610748,-90.000153,80.147003,-89.999878,0.118635,0.225253,-0.090342,3.257636,0.013174,0.041197,
feedback,0.180308,1786439404089,7,Rz,5.000000,15.000000,3.379267,-1.620733,,,335.910522,-66.845146,179.611771,89.999794,49.999893,89.999901,435.910919,-66.843666,179.611404,-89.999695,80.174492,-89.999420,-0.032152,0.324970,-0.127566,3.379267,0.019754,0.068668,
feedback,0.188277,1786439404098,7,Rz,5.000000,15.000000,3.565655,-1.434345,,,335.910522,-66.845146,179.611771,89.999794,49.999893,89.999901,435.910858,-66.845337,179.611862,-89.999229,80.202477,-89.999268,-0.066158,-0.087352,0.026857,3.565655,-0.006581,-0.020591,
feedback,0.196536,1786439404106,7,Rz,5.000000,15.000000,3.613721,-1.386279,,,335.910522,-66.845146,179.611771,89.999794,49.999893,89.999901,435.910858,-66.844269,179.611511,-89.999687,80.231400,-89.999527,0.067513,0.124648,0.058216,3.613721,-0.006569,0.006870,
feedback,0.204596,1786439404114,7,Rz,5.000000,15.000000,3.734380,-1.265620,,,335.910522,-66.845146,179.611771,89.999794,49.999893,89.999901,435.910828,-66.845367,179.611572,-89.999374,80.261078,-89.999390,-0.020417,-0.305185,0.117113,3.734380,-0.019738,-0.041192,
feedback,0.212925,1786439404123,7,Rz,5.000000,15.000000,3.907984,-1.092016,,,335.910522,-66.845146,179.611771,89.999794,49.999893,89.999901,435.910828,-66.844986,179.610764,-90.000153,80.292023,-90.000069,0.025925,-0.264026,-0.174732,3.907984,0.019743,-0.041201,
feedback,0.221132,1786439404131,7,Rz,5.000000,15.000000,4.141467,-0.858533,,,335.910522,-66.845146,179.611771,89.999794,49.999893,89.999901,435.910980,-66.844917,179.611526,-89.999527,80.324654,-89.999481,0.201302,0.060127,0.128164,4.141467,-0.026313,0.000006,
feedback,0.229361,1786439404135,7,Rz,5.000000,15.000000,4.536762,-0.463238,,,335.910522,-66.845146,179.611771,89.999794,49.999893,89.999901,435.910675,-66.844437,179.611160,-89.999840,80.360260,-89.999680,-0.035470,0.039253,-0.058216,4.536762,0.006592,0.006869,
feedback,0.237537,1786439404144,7,Rz,5.000000,15.000000,4.561291,-0.438709,,,335.910522,-66.845146,179.611771,89.999794,49.999893,89.999901,435.910828,-66.844566,179.611404,-89.999687,80.378510,-89.999580,0.043481,-0.032074,0.058216,4.561291,-0.006570,-0.013729,
feedback,0.245744,1786439404152,7,Rz,5.000000,15.000000,4.626997,-0.373003,,,335.910522,-66.845146,179.611771,89.999794,49.999893,89.999901,435.910461,-66.844986,179.610809,-90.000313,80.415421,-90.000229,-0.105344,0.090761,-0.133432,4.626997,0.026324,0.020595,
feedback,0.254291,1786439404161,7,Rz,5.000000,15.000000,4.990919,-0.009081,,,335.910522,-66.845146,179.611771,89.999794,49.999893,89.999901,435.910919,-66.844467,179.610962,-90.000000,80.473633,-89.999832,-0.056273,0.078100,-0.201504,4.990919,0.026331,0.020599,
feedback,0.262336,1786439404169,7,Rz,5.000000,15.000000,5.427436,0.427436,,,335.910522,-66.845146,179.611771,89.999794,49.999893,89.999901,435.910553,-66.845230,179.611084,-90.000000,80.516617,-90.000000,-0.123518,-0.226710,-0.037907,5.427436,0.013158,-0.041199,
feedback,0.270159,1786439404177,7,Rz,5.000000,15.000000,5.452936,0.452936,,,335.910522,-66.845146,179.611771,89.999794,49.999893,89.999901,435.910614,-66.845512,179.611130,-90.000000,80.560287,-90.000031,-0.165833,-0.054319,-0.069948,5.452936,0.019735,0.006866,
feedback,0.278339,1786439404186,7,Rz,5.000000,15.000000,5.311723,0.311723,,,335.910522,-66.845146,179.611771,89.999794,49.999893,89.999901,435.910858,-66.845757,179.611526,-89.999519,80.603264,-89.999580,0.202765,-0.143615,0.340803,5.311723,-0.059218,-0.020592,
feedback,0.286628,1786439404194,7,Rz,5.000000,15.000000,5.390167,0.390167,,,335.910522,-66.845146,179.611771,89.999794,49.999893,89.999901,435.910767,-66.844894,179.611404,-89.999680,80.646027,-89.999596,0.042225,-0.014705,-0.041897,5.390167,0.000008,0.000005,
feedback,0.295001,1786439404203,7,Rz,5.000000,15.000000,5.487268,0.487268,,,335.910522,-66.845146,179.611771,89.999794,49.999893,89.999901,435.910980,-66.844025,179.610764,-90.000160,80.690025,-89.999969,0.035272,0.404531,-0.143288,5.487268,0.019756,0.061796,
feedback,0.302917,1786439404211,7,Rz,5.000000,15.000000,5.480402,0.480402,,,335.910522,-66.845146,179.611771,89.999794,49.999893,89.999901,435.911011,-66.844131,179.611435,-89.999672,80.734604,-89.999489,-0.098409,0.092832,-0.085670,5.480402,0.019756,0.020604,
feedback,0.311429,1786439404219,7,Rz,5.000000,15.000000,5.455895,0.455895,,,335.910522,-66.845146,179.611771,89.999794,49.999893,89.999901,435.910736,-66.844215,179.611649,-89.999504,80.778969,-89.999321,-0.021512,0.065953,0.111247,5.455895,-0.013140,0.013740,
feedback,0.319569,1786439404228,7,Rz,5.000000,15.000000,5.460774,0.460774,,,335.910522,-66.845146,179.611771,89.999794,49.999893,89.999901,435.910400,-66.844887,179.610229,-90.000824,80.822655,-90.000732,-0.074656,0.104714,-0.218505,5.460774,0.039483,0.013720,
feedback,0.327666,1786439404236,7,Rz,5.000000,15.000000,5.170463,0.170463,,,335.910522,-66.845146,179.611771,89.999794,49.999893,89.999901,435.911255,-66.844185,179.612335,-89.998840,80.864777,-89.998634,0.194735,0.180391,0.287174,5.170464,-0.046035,0.020616,
feedback,0.336267,1786439404245,7,Rz,5.000000,15.000000,4.712377,-0.287623,,,335.910522,-66.845146,179.611771,89.999794,49.999893,89.999901,435.910767,-66.845093,179.611893,-89.999336,80.922813,-89.999283,0.179969,0.126133,0.387286,4.712377,-0.052629,0.013742,
feedback,0.343937,1786439404253,7,Rz,5.000000,15.000000,4.673120,-0.326880,,,335.910522,-66.845146,179.611771,89.999794,49.999893,89.999901,435.910797,-66.844795,179.611588,-89.999496,80.960266,-89.999397,-0.004484,-0.290852,0.043176,4.673120,-0.013150,-0.054925,
feedback,0.352156,1786439404261,7,Rz,5.000000,15.000000,4.654462,-0.345538,,,335.910522,-66.845146,179.611771,89.999794,49.999893,89.999901,435.911163,-66.844376,179.611084,-89.999832,80.997856,-89.999695,0.049868,-0.039740,-0.248669,4.654462,0.026328,0.000002,
feedback,0.360334,1786439404270,7,Rz,5.000000,15.000000,4.770221,-0.229779,,,335.910522,-66.845146,179.611771,89.999794,49.999893,89.999901,435.910461,-66.845497,179.611084,-90.000000,81.035637,-89.999969,-0.134937,-0.294330,-0.042494,4.770221,0.006582,-0.027466,
feedback,0.368836,1786439404278,7,Rz,5.000000,15.000000,4.916382,-0.083618,,,335.910522,-66.845146,179.611771,89.999794,49.999893,89.999901,435.910736,-66.844429,179.611023,-90.000000,81.074753,-89.999809,-0.037723,-0.093220,0.052350,4.916382,0.000016,0.000000,
feedback,0.377249,1786439404286,7,Rz,5.000000,15.000000,4.857497,-0.142503,,,335.910522,-66.845146,179.611771,89.999794,49.999893,89.999901,435.910278,-66.844666,179.610489,-90.000679,81.113831,-90.000511,-0.164049,-0.098847,-0.372245,4.857497,0.059227,-0.006875,
feedback,0.385239,1786439404295,7,Rz,5.000000,15.000000,4.809455,-0.190545,,,335.910522,-66.845146,179.611771,89.999794,49.999893,89.999901,435.910797,-66.844299,179.610916,-90.000000,81.152420,-89.999809,0.017008,0.199684,-0.121700,4.809455,0.013175,0.034332,
feedback,0.393269,1786439404303,7,Rz,5.000000,15.000000,4.930115,-0.069885,,,335.910522,-66.845146,179.611771,89.999794,49.999893,89.999901,435.910461,-66.844406,179.611328,-89.999825,81.191650,-89.999641,-0.131339,-0.134138,0.020991,4.930115,0.000017,-0.020597,
feedback,0.402013,1786439404307,7,Rz,5.000000,15.000000,5.333293,0.333293,,,335.910522,-66.845146,179.611771,89.999794,49.999893,89.999901,435.911133,-66.844498,179.612000,-89.998962,81.234070,-89.998840,0.083832,-0.047339,0.244680,5.333293,-0.039463,-0.013718,
feedback,0.409121,1786439404316,7,Rz,5.000000,15.000000,5.299909,0.299909,,,335.910522,-66.845146,179.611771,89.999794,49.999893,89.999901,435.910461,-66.844788,179.611526,-89.999657,81.255272,-89.999550,-0.164756,-0.071741,-0.117711,5.299909,0.026327,-0.006862,
feedback,0.417352,1786439404324,7,Rz,5.000000,15.000000,5.436290,0.436290,,,335.910522,-66.845146,179.611771,89.999794,49.999893,89.999901,435.911469,-66.844643,179.611679,-89.999130,81.298470,-89.999115,0.260904,0.187200,0.171340,5.436290,-0.039473,0.000012,
feedback,0.425627,1786439404332,7,Rz,5.000000,15.000000,5.413703,0.413703,,,335.910522,-66.845146,179.611771,89.999794,49.999893,89.999901,435.910828,-66.844673,179.611588,-89.999474,81.362755,-89.999367,-0.033227,0.094558,-0.079804,5.413703,0.013169,0.006874,
feedback,0.433969,1786439404341,7,Rz,5.000000,15.000000,5.614818,0.614818,,,335.910522,-66.845146,179.611771,89.999794,49.999893,89.999901,435.911224,-66.845245,179.612122,-89.998764,81.407249,-89.998779,0.189972,-0.187710,0.197515,5.614818,-0.039475,-0.041181,
feedback,0.443515,1786439404349,7,Rz,5.000000,15.000000,5.479408,0.479408,,,335.910522,-66.845146,179.611771,89.999794,49.999893,89.999901,435.910370,-66.845009,179.611145,-90.000000,81.451469,-89.999916,-0.150179,-0.139765,-0.276720,5.479408,0.046063,-0.020599,
feedback,0.450117,1786439404358,7,Rz,5.000000,15.000000,5.438232,0.438232,,,335.910522,-66.845146,179.611771,89.999794,49.999893,89.999901,435.910797,-66.844658,179.611206,-89.999825,81.494926,-89.999741,-0.003337,0.203181,0.015722,5.438232,0.000008,0.020602,
feedback,0.458254,1786439404366,7,Rz,5.000000,15.000000,5.426465,0.426465,,,335.910522,-66.845146,179.611771,89.999794,49.999893,89.999901,435.910583,-66.844391,179.611084,-90.000000,81.538017,-89.999779,-0.063827,0.148222,0.079206,5.426465,-0.006558,0.034332,
feedback,0.466614,1786439404374,7,Rz,5.000000,15.000000,5.067444,0.067444,,,335.910522,-66.845146,179.611771,89.999794,49.999893,89.999901,435.910095,-66.845329,179.611206,-90.000000,81.579102,-89.999893,-0.270690,-0.162804,0.041981,5.067444,0.000010,0.000000,
feedback,0.475113,1786439404383,7,Rz,5.000000,15.000000,4.747657,-0.252343,,,335.910522,-66.845146,179.611771,89.999794,49.999893,89.999901,435.910492,-66.844955,179.610809,-90.000359,81.618202,-90.000305,-0.027559,-0.030762,-0.043176,4.747657,0.013163,-0.006871,
feedback,0.483007,1786439404391,7,Rz,5.000000,15.000000,4.826147,-0.173853,,,335.910522,-66.845146,179.611771,89.999794,49.999893,89.999901,435.911133,-66.844879,179.611572,-89.999458,81.656693,-89.999405,0.188689,0.106207,0.132751,4.826147,-0.019733,0.006873,
feedback,0.491263,1786439404399,7,Rz,5.000000,15.000000,4.763355,-0.236645,,,335.910522,-66.845146,179.611771,89.999794,49.999893,89.999901,435.910919,-66.844826,179.610657,-90.000183,81.694481,-90.000122,0.190663,0.183962,-0.110650,4.763355,0.006584,0.013731,
feedback,0.499448,1786439404408,7,Rz,5.000000,15.000000,4.774129,-0.225871,,,335.910522,-66.845146,179.611771,89.999794,49.999893,89.999901,435.910553,-66.844780,179.611084,-90.000000,81.732086,-89.999863,-0.208326,-0.039694,-0.249864,4.774128,0.039487,0.006866,
feedback,0.507417,1786439404416,7,Rz,5.000000,15.000000,4.919318,-0.080682,,,335.910522,-66.845146,179.611771,89.999794,49.999893,89.999901,435.910950,-66.844856,179.611526,-89.999451,81.770592,-89.999344,-0.066437,-0.097009,-0.105978,4.919318,0.013168,-0.006860,
feedback,0.515784,1786439404425,7,Rz,5.000000,15.000000,4.776116,-0.223884,,,335.910522,-66.845146,179.611771,89.999794,49.999893,89.999901,435.910461,-66.845184,179.610992,-90.000183,81.828346,-90.000130,-0.008998,-0.147444,0.121700,4.776116,-0.013154,-0.027468,
feedback,0.523792,1786439404433,7,Rz,5.000000,15.000000,4.733924,-0.266076,,,335.910522,-66.845146,179.611771,89.999794,49.999893,89.999901,435.910400,-66.845200,179.610611,-90.000557,81.866264,-90.000496,-0.097315,-0.165654,-0.079804,4.733924,0.013163,-0.000007,
feedback,0.532076,1786439404441,7,Rz,5.000000,15.000000,4.893794,-0.106206,,,335.910522,-66.845146,179.611771,89.999794,49.999893,89.999901,435.910187,-66.844177,179.610245,-90.000931,81.905220,-90.000702,-0.049637,0.311578,-0.340204,4.893794,0.052653,0.041187,
feedback,0.540386,1786439404450,7,Rz,5.000000,15.000000,5.273438,0.273438,,,335.910522,-66.845146,179.611771,89.999794,49.999893,89.999901,435.910797,-66.844582,179.611023,-90.000000,81.946762,-89.999893,-0.027369,0.046460,0.015722,5.273438,0.000010,0.000000,
feedback,0.548405,1786439404458,7,Rz,5.000000,15.000000,5.378399,0.378399,,,335.910522,-66.845146,179.611771,89.999794,49.999893,89.999901,435.910675,-66.844925,179.610931,-90.000191,81.989220,-90.000107,0.085706,0.020812,0.016319,5.378399,-0.006572,0.006864,
feedback,0.556586,1786439404466,7,Rz,5.000000,15.000000,5.403900,0.403900,,,335.910522,-66.845146,179.611771,89.999794,49.999893,89.999901,435.910858,-66.844162,179.611023,-90.000000,82.032486,-89.999832,-0.012514,0.190866,-0.010453,5.403900,0.000016,0.034332,
feedback,0.564830,1786439404475,7,Rz,5.000000,15.000000,5.263635,0.263635,,,335.910522,-66.845146,179.611771,89.999794,49.999893,89.999901,435.910797,-66.844131,179.611313,-89.999809,82.074707,-89.999565,-0.029523,0.126364,0.111247,5.263635,-0.013136,0.041201,
feedback,0.572989,1786439404479,7,Rz,5.000000,15.000000,5.421540,0.421540,,,335.910522,-66.845146,179.611771,89.999794,49.999893,89.999901,435.910461,-66.845566,179.611191,-90.000000,82.118042,-90.000031,-0.247126,-0.273204,-0.149752,5.421540,0.032894,-0.027466,
feedback,0.580985,1786439404487,7,Rz,5.000000,15.000000,5.485327,0.485327,,,335.910522,-66.845146,179.611771,89.999794,49.999893,89.999901,435.911072,-66.844292,179.611526,-89.999420,82.139977,-89.999290,0.154484,0.317913,0.085670,5.485327,-0.019725,0.041206,
feedback,0.589397,1786439404496,7,Rz,5.000000,15.000000,5.427413,0.427413,,,335.910522,-66.845146,179.611771,89.999794,49.999893,89.999901,435.910156,-66.845062,179.610626,-90.000580,82.183525,-90.000519,-0.322757,-0.163995,-0.335533,5.427413,0.059218,-0.020607,
feedback,0.598916,1786439404504,7,Rz,5.000000,15.000000,5.466692,0.466692,,,335.910522,-66.845146,179.611771,89.999794,49.999893,89.999901,435.910980,-66.845215,179.611725,-89.999222,82.249191,-89.999229,0.031074,-0.262488,0.175329,5.466692,-0.026317,-0.041189,
feedback,0.606035,1786439404513,7,Rz,5.000000,15.000000,5.198877,0.198877,,,335.910522,-66.845146,179.611771,89.999794,49.999893,89.999901,435.910858,-66.845177,179.611145,-89.999802,82.290474,-89.999748,0.040781,-0.164680,-0.200907,5.198877,0.019743,-0.020597,
feedback,0.615431,1786439404521,7,Rz,5.000000,15.000000,4.911480,-0.088520,,,335.910522,-66.845146,179.611771,89.999794,49.999893,89.999901,435.910400,-66.844894,179.611145,-90.000000,82.329582,-89.999916,-0.110726,-0.137555,0.105381,4.911480,-0.006572,-0.006866,
feedback,0.622068,1786439404530,7,Rz,5.000000,15.000000,4.752581,-0.247419,,,335.910522,-66.845146,179.611771,89.999794,49.999893,89.999901,435.910645,-66.845596,179.611938,-89.999008,82.367386,-89.999069,-0.001964,0.021944,0.154423,4.752581,-0.026322,0.006877,
feedback,0.630605,1786439404538,7,Rz,5.000000,15.000000,4.692725,-0.307275,,,335.910522,-66.845146,179.611771,89.999794,49.999893,89.999901,435.910919,-66.844849,179.611435,-89.999603,82.405426,-89.999519,-0.012703,0.023523,-0.069351,4.692725,0.013165,0.000004,
feedback,0.638562,1786439404546,7,Rz,5.000000,15.000000,4.695684,-0.304316,,,335.910522,-66.845146,179.611771,89.999794,49.999893,89.999901,435.911041,-66.845177,179.611908,-89.999001,82.442863,-89.999039,0.075542,-0.244419,0.111845,4.695684,-0.019740,-0.048054,
feedback,0.646680,1786439404555,7,Rz,5.000000,15.000000,4.840851,-0.159149,,,335.910522,-66.845146,179.611771,89.999794,49.999893,89.999901,435.910797,-66.844879,179.611298,-89.999596,82.480766,-89.999519,-0.002331,-0.077862,-0.052350,4.840851,0.000007,-0.006862,
feedback,0.654709,1786439404563,7,Rz,5.000000,15.000000,4.802588,-0.197412,,,335.910522,-66.845146,179.611771,89.999794,49.999893,89.999901,435.910919,-66.844650,179.610962,-90.000000,82.519371,-89.999893,-0.013869,-0.026673,-0.095525,4.802588,0.013168,-0.006866,
feedback,0.663372,1786439404572,7,Rz,5.000000,15.000000,4.805524,-0.194476,,,335.910522,-66.845146,179.611771,89.999794,49.999893,89.999901,435.910492,-66.845070,179.611618,-89.999390,82.557983,-89.999344,-0.210479,-0.230154,-0.154339,4.805524,0.026322,-0.034326,
feedback,0.671312,1786439404580,7,Rz,5.000000,15.000000,4.772186,-0.227814,,,335.910522,-66.845146,179.611771,89.999794,49.999893,89.999901,435.910522,-66.845093,179.611465,-89.999588,82.596016,-89.999489,-0.146196,-0.098302,0.047165,4.772186,0.000009,0.000004,
feedback,0.679644,1786439404588,7,Rz,5.000000,15.000000,5.150812,0.150812,,,335.910522,-66.845146,179.611771,89.999794,49.999893,89.999901,435.911285,-66.844429,179.610931,-90.000000,82.655655,-89.999893,0.052289,-0.029443,-0.122382,5.150812,0.019748,-0.013733,
feedback,0.687824,1786439404597,7,Rz,5.000000,15.000000,5.319538,0.319538,,,335.910522,-66.845146,179.611771,89.999794,49.999893,89.999901,435.910492,-66.844353,179.610855,-90.000206,82.698273,-90.000069,-0.069684,0.106199,-0.016319,5.319538,0.006592,0.013730,
feedback,0.695606,1786439404605,7,Rz,5.000000,15.000000,5.355835,0.355835,,,335.910522,-66.845146,179.611771,89.999794,49.999893,89.999901,435.910706,-66.845009,179.610825,-90.000206,82.741150,-90.000153,0.062750,-0.153331,-0.031444,5.355835,0.000005,-0.027468,
feedback,0.703786,1786439404614,7,Rz,5.000000,15.000000,5.287170,0.287170,,,335.910522,-66.845146,179.611771,89.999794,49.999893,89.999901,435.911194,-66.844833,179.611359,-89.999374,82.783447,-89.999352,0.070761,-0.123621,-0.031444,5.287170,0.000003,-0.027459,
feedback,0.711861,1786439404622,7,Rz,5.000000,15.000000,5.527496,0.527496,,,335.910522,-66.845146,179.611771,89.999794,49.999893,89.999901,435.910583,-66.844658,179.611374,-89.999786,82.826668,-89.999657,-0.058247,-0.022185,0.041896,5.527496,0.000013,0.006869,
feedback,0.720182,1786439404630,7,Rz,5.000000,15.000000,5.473536,0.473536,,,335.910522,-66.845146,179.611771,89.999794,49.999893,89.999901,435.911285,-66.844482,179.611176,-89.999573,82.870537,-89.999550,0.061476,0.105102,-0.185185,5.473536,0.019740,-0.006861,
feedback,0.729132,1786439404639,7,Rz,5.000000,15.000000,5.410767,0.410767,,,335.910522,-66.845146,179.611771,89.999794,49.999893,89.999901,435.910919,-66.845047,179.611343,-89.999573,82.913879,-89.999519,0.003337,-0.248242,-0.015722,5.410767,0.000005,-0.034327,
feedback,0.736860,1786439404643,7,Rz,5.000000,15.000000,5.339166,0.339166,,,335.910522,-66.845146,179.611771,89.999794,49.999893,89.999901,435.910706,-66.844620,179.611740,-89.999146,82.935234,-89.999016,-0.050047,0.107277,0.100794,5.339166,-0.013146,0.020609,
feedback,0.744895,1786439404651,7,Rz,5.000000,15.000000,5.392109,0.392109,,,335.910522,-66.845146,179.611771,89.999794,49.999893,89.999901,435.910614,-66.844742,179.610977,-90.000000,82.978294,-89.999893,-0.151256,-0.054753,-0.228958,5.392109,0.039486,0.013733,
feedback,0.753595,1786439404660,7,Rz,5.000000,15.000000,5.179272,0.179272,,,335.910522,-66.845146,179.611771,89.999794,49.999893,89.999901,435.910706,-66.845688,179.611588,-89.999352,83.019844,-89.999413,-0.090191,-0.153952,0.026857,5.179272,-0.006584,-0.013726,
feedback,0.761081,1786439404668,7,Rz,5.000000,15.000000,4.677050,-0.322950,,,335.910522,-66.845146,179.611771,89.999794,49.999893,89.999901,435.910797,-66.845177,179.611481,-89.999344,83.058105,-89.999321,0.053941,-0.155962,0.149154,4.677050,-0.026315,-0.027459,
feedback,0.769317,1786439404676,7,Rz,5.000000,15.000000,4.827118,-0.172882,,,335.910522,-66.845146,179.611771,89.999794,49.999893,89.999901,435.910950,-66.845421,179.611420,-89.999344,83.114876,-89.999374,-0.052568,-0.182988,-0.010453,4.827118,-0.000002,-0.034326,
feedback,0.777599,1786439404685,7,Rz,5.000000,15.000000,4.698620,-0.301380,,,335.910522,-66.845146,179.611771,89.999794,49.999893,89.999901,435.910980,-66.844406,179.611252,-89.999779,83.152626,-89.999672,0.067513,0.192239,0.058216,4.698620,-0.006570,0.027468,
feedback,0.785968,1786439404693,7,Rz,5.000000,15.000000,4.704493,-0.295507,,,335.910522,-66.845146,179.611771,89.999794,49.999893,89.999901,435.910522,-66.845451,179.611465,-89.999557,83.190460,-89.999557,-0.145309,-0.215475,-0.059495,4.704493,0.019738,-0.027461,
feedback,0.794172,1786439404702,7,Rz,5.000000,15.000000,4.853613,-0.146387,,,335.910522,-66.845146,179.611771,89.999794,49.999893,89.999901,435.911163,-66.844505,179.611465,-89.999329,83.229134,-89.999168,0.142966,0.060446,0.096123,4.853613,-0.019724,0.013740,
feedback,0.802625,1786439404710,7,Rz,5.000000,15.000000,4.781018,-0.218982,,,335.910522,-66.845146,179.611771,89.999794,49.999893,89.999901,435.910400,-66.845894,179.610596,-90.000450,83.267387,-90.000504,-0.018264,-0.227376,0.021588,4.781018,-0.006584,-0.034337,
feedback,0.810566,1786439404718,7,Rz,5.000000,15.000000,4.723127,-0.276873,,,335.910522,-66.845146,179.611771,89.999794,49.999893,89.999901,435.910522,-66.844566,179.610504,-90.000679,83.305473,-90.000534,-0.047097,0.135476,-0.175329,4.723127,0.026328,0.020593,
feedback,0.818576,1786439404727,7,Rz,5.000000,15.000000,4.847717,-0.152283,,,335.910522,-66.845146,179.611771,89.999794,49.999893,89.999901,435.910370,-66.844833,179.611145,-90.000000,83.344055,-89.999863,-0.138185,-0.068592,0.047165,4.847717,0.000012,0.000000,
feedback,0.826771,1786439404735,7,Rz,5.000000,15.000000,5.110585,0.110585,,,335.910522,-66.845146,179.611771,89.999794,49.999893,89.999901,435.910645,-66.845222,179.610641,-90.000458,83.384857,-90.000427,-0.186636,-0.128124,-0.213236,5.110585,0.039478,-0.013738,
feedback,0.836335,1786439404744,7,Rz,5.000000,15.000000,5.332276,0.332276,,,335.910522,-66.845146,179.611771,89.999794,49.999893,89.999901,435.910675,-66.845284,179.610336,-90.000687,83.427559,-90.000710,-0.074727,-0.361680,-0.238813,5.332276,0.032894,-0.061805,
feedback,0.843219,1786439404752,7,Rz,5.000000,15.000000,5.333293,0.333293,,,335.910522,-66.845146,179.611771,89.999794,49.999893,89.999901,435.910919,-66.844757,179.612061,-89.998611,83.470589,-89.998512,0.072483,0.216254,0.260402,5.333293,-0.039465,0.034347,
feedback,0.851546,1786439404761,7,Rz,5.000000,15.000000,5.330311,0.330311,,,335.910522,-66.845146,179.611771,89.999794,49.999893,89.999901,435.910645,-66.845505,179.611023,-90.000000,83.533356,-90.000031,-0.215171,-0.064269,-0.223689,5.330311,0.039473,-0.000000,
feedback,0.859715,1786439404769,7,Rz,5.000000,15.000000,5.473535,0.473535,,,335.910522,-66.845146,179.611771,89.999794,49.999893,89.999901,435.910553,-66.845802,179.611359,-89.999527,83.576981,-89.999641,-0.144132,-0.110641,-0.122297,5.473536,0.019727,-0.020594,
feedback,0.867532,1786439404777,7,Rz,5.000000,15.000000,5.357800,0.357800,,,335.910522,-66.845146,179.611771,89.999794,49.999893,89.999901,435.910583,-66.845322,179.611359,-89.999527,83.620102,-89.999527,0.034304,-0.044389,0.032041,5.357800,-0.006579,0.000005,
feedback,0.875822,1786439404786,7,Rz,5.000000,15.000000,5.402929,0.402929,,,335.910522,-66.845146,179.611771,89.999794,49.999893,89.999901,435.910889,-66.844460,179.611786,-89.999046,83.663712,-89.998917,0.036825,0.110695,0.143288,5.402929,-0.019725,0.013743,
feedback,0.884065,1786439404794,7,Rz,5.000000,15.000000,5.404871,0.404871,,,335.910522,-66.845146,179.611771,89.999794,49.999893,89.999901,435.910370,-66.845589,179.610901,-90.000481,83.706673,-90.000504,-0.074548,-0.361627,-0.090938,5.404871,0.019735,-0.061803,
feedback,0.892216,1786439404802,7,Rz,5.000000,15.000000,5.206715,0.206715,,,335.910522,-66.845146,179.611771,89.999794,49.999893,89.999901,435.910278,-66.844833,179.610672,-90.000725,83.748604,-90.000610,-0.195813,-0.185500,-0.239410,5.206715,0.039485,-0.013740,
feedback,0.900486,1786439404807,7,Rz,5.000000,15.000000,4.597566,-0.402434,,,335.910522,-66.845146,179.611771,89.999794,49.999893,89.999901,435.910583,-66.844551,179.611191,-90.000000,83.786942,-89.999863,-0.183039,0.167250,-0.149752,4.597566,0.032907,0.034332,
feedback,0.908679,1786439404815,7,Rz,5.000000,15.000000,4.749622,-0.250378,,,335.910522,-66.845146,179.611771,89.999794,49.999893,89.999901,435.910736,-66.844505,179.610931,-90.000244,83.805946,-90.000107,0.036457,0.010889,-0.063485,4.749622,0.006591,-0.000002,
feedback,0.916929,1786439404824,7,Rz,5.000000,15.000000,4.684887,-0.315113,,,335.910522,-66.845146,179.611771,89.999794,49.999893,89.999901,435.910950,-66.845039,179.611832,-89.999016,83.843445,-89.998970,0.051491,0.087758,0.058216,4.684887,-0.006575,0.013742,
feedback,0.925164,1786439404832,7,Rz,5.000000,15.000000,4.683893,-0.316107,,,335.910522,-66.845146,179.611771,89.999794,49.999893,89.999901,435.910889,-66.844620,179.611298,-89.999504,83.881004,-89.999451,-0.009284,0.251253,-0.153741,4.683893,0.019742,0.027470,
feedback,0.933896,1786439404841,7,Rz,5.000000,15.000000,4.792786,-0.207214,,,335.910522,-66.845146,179.611771,89.999794,49.999893,89.999901,435.910797,-66.844574,179.611206,-89.999748,83.937988,-89.999641,-0.008011,-0.052241,-0.000000,4.792786,0.000009,-0.006864,
feedback,0.941176,1786439404849,7,Rz,5.000000,15.000000,4.754546,-0.245454,,,335.910522,-66.845146,179.611771,89.999794,49.999893,89.999901,435.911102,-66.844574,179.611908,-89.998749,83.976227,-89.998672,0.102095,0.202569,0.223092,4.754546,-0.032889,0.027477,
feedback,0.949938,1786439404858,7,Rz,5.000000,15.000000,4.678992,-0.321008,,,335.910522,-66.845146,179.611771,89.999794,49.999893,89.999901,435.910797,-66.845459,179.611053,-90.000000,84.014282,-90.000031,-0.044747,-0.207969,-0.069351,4.678992,0.013156,-0.034332,
feedback,0.957853,1786439404866,7,Rz,5.000000,15.000000,4.760418,-0.239582,,,335.910522,-66.845146,179.611771,89.999794,49.999893,89.999901,435.910675,-66.844597,179.611267,-89.999748,84.052132,-89.999664,0.010442,0.207297,0.037310,4.760418,-0.006572,0.020602,
feedback,0.966087,1786439404874,7,Rz,5.000000,15.000000,5.218506,0.218506,,,335.910522,-66.845146,179.611771,89.999794,49.999893,89.999901,435.910767,-66.845184,179.611298,-89.999489,84.092712,-89.999466,-0.016022,-0.149542,-0.000000,5.218506,0.000003,-0.027461,
feedback,0.974144,1786439404883,7,Rz,5.000000,15.000000,5.352899,0.352899,,,335.910522,-66.845146,179.611771,89.999794,49.999893,89.999901,435.910828,-66.844452,179.611832,-89.998711,84.135330,-89.998611,-0.054550,0.282793,0.090341,5.352899,-0.013148,0.041211,
feedback,0.982712,1786439404891,7,Rz,5.000000,15.000000,5.355835,0.355835,,,335.910522,-66.845146,179.611771,89.999794,49.999893,89.999901,435.910736,-66.844887,179.610825,-90.000259,84.178108,-90.000206,-0.009177,-0.034845,-0.026175,5.355835,0.000005,0.006864,
feedback,0.990793,1786439404899,7,Rz,5.000000,15.000000,5.126306,0.126306,,,335.910522,-66.845146,179.611771,89.999794,49.999893,89.999901,435.911346,-66.845192,179.611786,-89.998695,84.219597,-89.998726,0.179423,-0.018787,0.032638,5.126306,-0.013161,-0.013721,
feedback,0.998792,1786439404908,7,Rz,5.000000,15.000000,5.493164,0.493164,,,335.910522,-66.845146,179.611771,89.999794,49.999893,89.999901,435.910583,-66.844841,179.611374,-89.999733,84.262718,-89.999657,-0.034215,0.202128,0.041897,5.493164,0.000008,0.048068,
feedback,1.006847,1786439404916,7,Rz,5.000000,15.000000,5.600091,0.600091,,,335.910522,-66.845146,179.611771,89.999794,49.999893,89.999901,435.910797,-66.844757,179.611313,-89.999733,84.307236,-89.999680,0.109828,0.042379,0.090257,5.600091,-0.013153,-0.013730,
feedback,1.015228,1786439404925,7,Rz,5.000000,15.000000,5.310706,0.310706,,,335.910522,-66.845146,179.611771,89.999794,49.999893,89.999901,435.910736,-66.845169,179.610916,-90.000000,84.372185,-90.000000,-0.050415,-0.015058,-0.105978,5.310706,0.013158,0.000000,
feedback,1.023586,1786439404933,7,Rz,5.000000,15.000000,5.373498,0.373498,,,335.910522,-66.845146,179.611771,89.999794,49.999893,89.999901,435.910309,-66.844902,179.610992,-90.000000,84.414841,-89.999947,-0.109460,-0.100286,0.116516,5.373498,-0.013153,-0.020599,
feedback,1.031368,1786439404941,7,Rz,5.000000,15.000000,5.246920,0.246920,,,335.910522,-66.845146,179.611771,89.999794,49.999893,89.999901,435.910614,-66.844429,179.610886,-90.000275,84.457680,-90.000137,-0.225722,0.149713,-0.388565,5.246920,0.065805,0.041196,
feedback,1.039425,1786439404946,7,Rz,5.000000,15.000000,4.820251,-0.179749,,,335.910522,-66.845146,179.611771,89.999794,49.999893,89.999901,435.910431,-66.844681,179.611145,-90.000000,84.497185,-89.999893,-0.000000,0.000000,0.000000,4.820251,0.000009,-0.000000,
feedback,1.047579,1786439404954,7,Rz,5.000000,15.000000,4.719220,-0.280780,,,335.910522,-66.845146,179.611771,89.999794,49.999893,89.999901,435.910675,-66.845520,179.611099,-89.999725,84.516060,-89.999725,0.060507,-0.208636,-0.009856,4.719220,-0.006579,-0.027464,
feedback,1.055688,1786439404962,7,Rz,5.000000,15.000000,4.618165,-0.381835,,,335.910522,-66.845146,179.611771,89.999794,49.999893,89.999901,435.910736,-66.844238,179.610931,-90.000275,84.552933,-90.000053,-0.032341,0.202687,-0.186464,4.618165,0.032914,0.048063,
feedback,1.063771,1786439404971,7,Rz,5.000000,15.000000,4.685859,-0.314141,,,335.910522,-66.845146,179.611771,89.999794,49.999893,89.999901,435.910706,-66.845222,179.611404,-89.999443,84.590416,-89.999390,-0.096149,-0.137988,-0.053629,4.685859,0.013163,0.000004,
feedback,1.071923,1786439404979,7,Rz,5.000000,15.000000,4.770221,-0.229779,,,335.910522,-66.845146,179.611771,89.999794,49.999893,89.999901,435.910065,-66.845787,179.611023,-90.000282,84.627998,-90.000305,-0.228565,-0.434947,0.015124,4.770221,0.006577,-0.061800,
feedback,1.080897,1786439404988,7,Rz,5.000000,15.000000,4.843787,-0.156213,,,335.910522,-66.845146,179.611771,89.999794,49.999893,89.999901,435.910706,-66.845001,179.611023,-90.000000,84.666397,-89.999947,-0.073282,-0.144114,-0.079804,4.843787,0.013163,-0.020599,
feedback,1.088547,1786439404996,7,Rz,5.000000,15.000000,4.861427,-0.138573,,,335.910522,-66.845146,179.611771,89.999794,49.999893,89.999901,435.910706,-66.844818,179.610718,-90.000282,84.705254,-90.000175,-0.061055,0.221428,-0.344792,4.861427,0.046064,0.048063,
feedback,1.096690,1786439405004,7,Rz,5.000000,15.000000,4.810449,-0.189551,,,335.910522,-66.845146,179.611771,89.999794,49.999893,89.999901,435.910309,-66.844521,179.611404,-89.999710,84.762787,-89.999573,-0.085427,0.146557,0.116516,4.810449,-0.013147,0.027468,
feedback,1.104725,1786439405013,7,Rz,5.000000,15.000000,5.103741,0.103741,,,335.910522,-66.845146,179.611771,89.999794,49.999893,89.999901,435.910889,-66.844078,179.611298,-89.999420,84.802979,-89.999199,0.072026,0.116422,-0.020309,5.103741,-0.006560,0.020604,
feedback,1.112860,1786439405021,7,Rz,5.000000,15.000000,5.266571,0.266571,,,335.910522,-66.845146,179.611771,89.999794,49.999893,89.999901,435.911255,-66.844421,179.611465,-89.999123,84.844948,-89.999039,0.059413,0.049851,-0.015722,5.266571,0.000008,-0.006859,
feedback,1.121134,1786439405030,7,Rz,5.000000,15.000000,5.423529,0.423529,,,335.910522,-66.845146,179.611771,89.999794,49.999893,89.999901,435.911072,-66.844879,179.611908,-89.998520,84.887787,-89.998505,0.063029,-0.076083,0.101392,5.423529,-0.019735,-0.020587,
feedback,1.130096,1786439405038,7,Rz,5.000000,15.000000,5.267565,0.267565,,,335.910522,-66.845146,179.611771,89.999794,49.999893,89.999901,435.911499,-66.844322,179.611786,-89.998512,84.930222,-89.998459,0.181943,0.113767,0.143886,5.267565,-0.026312,-0.006854,
feedback,1.137453,1786439405046,7,Rz,5.000000,15.000000,5.432337,0.432337,,,335.910522,-66.845146,179.611771,89.999794,49.999893,89.999901,435.911133,-66.845818,179.610748,-90.000298,84.973106,-90.000465,0.002052,-0.044448,-0.080486,5.432337,0.019722,-0.013735,
feedback,1.145714,1786439405055,7,Rz,5.000000,15.000000,5.654029,0.654029,,,335.910522,-66.845146,179.611771,89.999794,49.999893,89.999901,435.910919,-66.845497,179.611343,-89.999397,85.017456,-89.999481,-0.108662,-0.127365,-0.064082,5.654029,0.013150,-0.020594,
feedback,1.153759,1786439405063,7,Rz,5.000000,15.000000,5.488263,0.488263,,,335.910522,-66.845146,179.611771,89.999794,49.999893,89.999901,435.910370,-66.845284,179.611145,-90.000000,85.061440,-90.000000,-0.089025,-0.126286,0.053031,5.488263,-0.006579,-0.013733,
feedback,1.162025,1786439405071,7,Rz,5.000000,15.000000,5.371533,0.371533,,,335.910522,-66.845146,179.611771,89.999794,49.999893,89.999901,435.910767,-66.844978,179.611404,-89.999382,85.104439,-89.999329,0.042315,0.075443,0.032041,5.371533,-0.006574,0.027471,
feedback,1.170353,1786439405080,7,Rz,5.000000,15.000000,5.230274,0.230274,,,335.910522,-66.845146,179.611771,89.999794,49.999893,89.999901,435.910645,-66.845291,179.610748,-90.000626,85.147011,-90.000648,-0.066347,-0.164573,-0.032041,5.230274,0.006577,-0.027471,
feedback,1.178627,1786439405088,7,Rz,5.000000,15.000000,5.005669,0.005669,,,335.910522,-66.845146,179.611771,89.999794,49.999893,89.999901,435.911469,-66.844643,179.611969,-89.998116,85.187531,-89.998100,0.238127,0.170822,0.271452,5.005669,-0.046052,0.013747,
feedback,1.186602,1786439405097,7,Rz,5.000000,15.000000,4.776116,-0.223884,,,335.910522,-66.845146,179.611771,89.999794,49.999893,89.999901,435.911011,-66.844101,179.610870,-90.000320,85.244469,-90.000175,0.002521,0.222675,0.111247,4.776116,-0.013147,0.034330,
feedback,1.194821,1786439405105,7,Rz,5.000000,15.000000,4.850654,-0.149346,,,335.910522,-66.845146,179.611771,89.999794,49.999893,89.999901,435.910431,-66.845085,179.610321,-90.001282,85.282700,-90.001221,-0.085795,0.024222,-0.090256,4.850654,0.013163,0.006858,
feedback,1.202992,1786439405109,7,Rz,5.000000,15.000000,4.714318,-0.285682,,,335.910522,-66.845146,179.611771,89.999794,49.999893,89.999901,435.910614,-66.845207,179.610840,-90.000641,85.301559,-90.000641,0.043570,-0.032047,0.132153,4.714318,-0.013158,-0.013737,
feedback,1.211118,1786439405118,7,Rz,5.000000,15.000000,4.718249,-0.281751,,,335.910522,-66.845146,179.611771,89.999794,49.999893,89.999901,435.910889,-66.844528,179.611588,-89.999031,85.339172,-89.998947,0.074636,0.339123,0.164876,4.718249,-0.026310,0.054938,
feedback,1.219597,1786439405126,7,Rz,5.000000,15.000000,4.817338,-0.182662,,,335.910522,-66.845146,179.611771,89.999794,49.999893,89.999901,435.911438,-66.844521,179.611694,-89.998695,85.377464,-89.998695,0.398191,0.205676,0.319812,4.817338,-0.059213,-0.006858,
feedback,1.227394,1786439405135,7,Rz,5.000000,15.000000,4.794751,-0.205249,,,335.910522,-66.845146,179.611771,89.999794,49.999893,89.999901,435.910126,-66.845558,179.611115,-90.000328,85.415741,-90.000359,-0.118737,-0.144735,0.105381,4.794751,-0.006582,-0.000002,
feedback,1.235733,1786439405143,7,Rz,5.000000,15.000000,4.678992,-0.321008,,,335.910522,-66.845146,179.611771,89.999794,49.999893,89.999901,435.911194,-66.843834,179.610809,-90.000336,85.453644,-90.000168,-0.025217,0.236920,-0.079804,4.678992,0.013172,0.041197,
feedback,1.244086,1786439405152,7,Rz,5.000000,15.000000,4.766291,-0.233709,,,335.910522,-66.845146,179.611771,89.999794,49.999893,89.999901,435.910370,-66.844704,179.610764,-90.000671,85.491707,-90.000557,-0.072206,0.018707,-0.127566,4.766291,0.019747,0.020595,
feedback,1.252279,1786439405160,7,Rz,5.000000,15.000000,5.072368,0.072368,,,335.910522,-66.845146,179.611771,89.999794,49.999893,89.999901,435.910645,-66.845001,179.611465,-89.999321,85.531425,-89.999298,0.084998,0.002858,0.270854,5.072368,-0.039473,-0.006862,
feedback,1.260342,1786439405168,7,Rz,5.000000,15.000000,5.319517,0.319517,,,335.910522,-66.845146,179.611771,89.999794,49.999893,89.999901,435.910095,-66.844696,179.610062,-90.002045,85.573601,-89.998917,-0.257576,-0.027088,-0.329666,5.319514,0.052647,-0.020592,
feedback,1.268356,1786439405177,7,Rz,5.000000,15.000000,5.288141,0.288141,,,335.910522,-66.845146,179.611771,89.999794,49.999893,89.999901,435.910980,-66.844322,179.611252,-89.999657,85.638176,-89.999519,-0.053852,0.110928,-0.075217,5.288141,0.019750,0.013735,
feedback,1.276739,1786439405185,7,Rz,5.000000,15.000000,5.383301,0.383301,,,335.910522,-66.845146,179.611771,89.999794,49.999893,89.999901,435.911438,-66.844986,179.611145,-89.999298,85.680344,-89.999275,0.197426,-0.267436,-0.068156,5.383301,0.000003,-0.041194,
feedback,1.284934,1786439405194,7,Rz,5.000000,15.000000,5.464727,0.464727,,,335.910522,-66.845146,179.611771,89.999794,49.999893,89.999901,435.910675,-66.845566,179.611023,-90.000000,85.723946,-90.000084,0.077885,0.000733,0.075217,5.464727,-0.019746,-0.006866,
feedback,1.292960,1786439405202,7,Rz,5.000000,15.000000,5.433331,0.433331,,,335.910522,-66.845146,179.611771,89.999794,49.999893,89.999901,435.910950,-66.844437,179.610962,-90.000000,85.767288,-89.999863,0.075524,0.221949,0.058216,5.433331,-0.006566,0.027466,
feedback,1.301877,1786439405210,7,Rz,5.000000,15.000000,5.486298,0.486298,,,335.910522,-66.845146,179.611771,89.999794,49.999893,89.999901,435.911102,-66.844978,179.611374,-89.999283,85.810532,-89.999252,0.021690,-0.065900,0.036628,5.486298,0.000003,-0.013728,
feedback,1.309359,1786439405219,7,Rz,5.000000,15.000000,5.567724,0.567724,,,335.910522,-66.845146,179.611771,89.999794,49.999893,89.999901,435.910858,-66.845268,179.611435,-89.999275,85.853958,-89.999245,0.056183,-0.010536,0.127566,5.567724,-0.019735,0.000005,
feedback,1.317535,1786439405227,7,Rz,5.000000,15.000000,5.040949,0.040949,,,335.910522,-66.845146,179.611771,89.999794,49.999893,89.999901,435.910706,-66.844818,179.611313,-89.999634,85.895172,-89.999527,-0.065371,-0.146539,-0.064764,5.040949,0.019747,-0.013731,
feedback,1.325931,1786439405236,7,Rz,5.000000,15.000000,4.964447,-0.035553,,,335.910522,-66.845146,179.611771,89.999794,49.999893,89.999901,435.910431,-66.845085,179.611237,-89.999626,85.935081,-89.999573,-0.089114,-0.148843,-0.020906,4.964447,0.000005,-0.020597,
feedback,1.333896,1786439405240,7,Rz,5.000000,15.000000,4.715290,-0.284710,,,335.910522,-66.845146,179.611771,89.999794,49.999893,89.999901,435.910919,-66.844650,179.610962,-90.000000,85.953941,-89.999893,0.124405,0.109537,-0.068753,4.715290,0.006588,0.013733,
feedback,1.342033,1786439405249,7,Rz,5.000000,15.000000,4.646625,-0.353375,,,335.910522,-66.845146,179.611771,89.999794,49.999893,89.999901,435.910706,-66.845871,179.611298,-89.999245,86.010124,-89.999352,-0.002432,-0.222648,-0.037310,4.646625,0.006570,-0.034328,
feedback,1.350175,1786439405257,7,Rz,5.000000,15.000000,4.683894,-0.316106,,,335.910522,-66.845146,179.611771,89.999794,49.999893,89.999901,435.910309,-66.845627,179.610428,-90.001526,86.047485,-90.001526,-0.051681,-0.097389,-0.117113,4.683894,0.019738,-0.000009,
feedback,1.358851,1786439405266,7,Rz,5.000000,15.000000,4.729023,-0.270977,,,335.910522,-66.845146,179.611771,89.999794,49.999893,89.999901,435.910431,-66.844109,179.610565,-90.001160,86.085152,-90.000931,0.007921,0.097274,-0.073937,4.729023,0.006597,0.020593,
feedback,1.366826,1786439405274,7,Rz,5.000000,15.000000,4.811420,-0.188580,,,335.910522,-66.845146,179.611771,89.999794,49.999893,89.999901,435.910889,-66.844452,179.610870,-90.000389,86.123650,-90.000252,0.002242,0.145426,-0.021588,4.811420,0.006591,0.027464,
feedback,1.374980,1786439405282,7,Rz,5.000000,15.000000,4.701580,-0.298420,,,335.910522,-66.845146,179.611771,89.999794,49.999893,89.999901,435.911743,-66.844780,179.611847,-89.997643,86.161880,-89.997620,0.258562,0.099760,0.207968,4.701580,-0.039473,0.006879,
feedback,1.382997,1786439405291,7,Rz,5.000000,15.000000,4.782983,-0.217017,,,335.910522,-66.845146,179.611771,89.999794,49.999893,89.999901,435.910858,-66.844269,179.611511,-89.999207,86.200104,-89.999046,0.002520,0.267735,0.111247,4.782983,-0.013145,0.048070,
feedback,1.391367,1786439405299,7,Rz,5.000000,15.000000,5.023309,0.023309,,,335.910522,-66.845146,179.611771,89.999794,49.999893,89.999901,435.910156,-66.844978,179.611023,-90.000404,86.239609,-90.000290,-0.066068,-0.019734,0.100794,5.023309,-0.013149,-0.000002,
feedback,1.399506,1786439405308,7,Rz,5.000000,15.000000,5.290107,0.290107,,,335.910522,-66.845146,179.611771,89.999794,49.999893,89.999901,435.911102,-66.844017,179.611420,-89.998779,86.281746,-89.998566,-0.076619,0.126658,-0.064082,5.290107,0.013179,0.020607,
feedback,1.407609,1786439405316,7,Rz,5.000000,15.000000,5.337201,0.337201,,,335.910522,-66.845146,179.611771,89.999794,49.999893,89.999901,435.910706,-66.845200,179.611206,-89.999588,86.324219,-89.999565,-0.002242,-0.167956,0.021588,5.337201,-0.006577,-0.034330,
feedback,1.415899,1786439405324,7,Rz,5.000000,15.000000,5.198901,0.198901,,,335.910522,-66.845146,179.611771,89.999794,49.999893,89.999901,435.910156,-66.845276,179.611206,-90.000000,86.365845,-89.999947,-0.103602,-0.103323,0.212041,5.198901,-0.026312,-0.013733,
feedback,1.424247,1786439405333,7,Rz,5.000000,15.000000,5.509833,0.509833,,,335.910522,-66.845146,179.611771,89.999794,49.999893,89.999901,435.910400,-66.844513,179.611252,-90.000000,86.430588,-89.999832,-0.222814,-0.016705,-0.016917,5.509833,0.013174,0.006866,
feedback,1.432400,1786439405341,7,Rz,5.000000,15.000000,5.387231,0.387231,,,335.910522,-66.845146,179.611771,89.999794,49.999893,89.999901,435.910858,-66.843994,179.611404,-89.999146,86.474243,-89.998901,0.089303,0.293656,0.079804,5.387231,-0.013135,0.048070,
feedback,1.440652,1786439405349,7,Rz,5.000000,15.000000,5.445122,0.445122,,,335.910522,-66.845146,179.611771,89.999794,49.999893,89.999901,435.911041,-66.844322,179.611832,-89.998268,86.518120,-89.998108,0.239292,0.243548,0.297627,5.445122,-0.046039,0.027476,
feedback,1.449477,1786439405358,7,Rz,5.000000,15.000000,5.302868,0.302868,,,335.910522,-66.845146,179.611771,89.999794,49.999893,89.999901,435.910706,-66.844818,179.611313,-89.999557,86.560974,-89.999451,0.034304,-0.111980,0.032041,5.302868,-0.006569,-0.020597,
feedback,1.457270,1786439405366,7,Rz,5.000000,15.000000,5.177307,0.177307,,,335.910522,-66.845146,179.611771,89.999794,49.999893,89.999901,435.910553,-66.844940,179.610886,-90.000443,86.603668,-90.000389,0.008011,0.074771,-0.000000,5.177307,0.000005,0.013731,
feedback,1.466212,1786439405375,7,Rz,5.000000,15.000000,4.855555,-0.144445,,,335.910522,-66.845146,179.611771,89.999794,49.999893,89.999901,435.910583,-66.845604,179.611465,-89.999100,86.643654,-89.999184,-0.098409,-0.042350,-0.085670,4.855555,0.019731,-0.020595,
feedback,1.474082,1786439405383,7,Rz,5.000000,15.000000,4.649561,-0.350439,,,335.910522,-66.845146,179.611771,89.999794,49.999893,89.999901,435.910431,-66.845016,179.610809,-90.000908,86.681358,-90.000801,-0.234423,-0.274197,-0.080401,4.649561,0.019747,-0.020604,
feedback,1.482657,1786439405391,7,Rz,5.000000,15.000000,4.704493,-0.295507,,,335.910522,-66.845146,179.611771,89.999794,49.999893,89.999901,435.910797,-66.845078,179.610870,-90.000458,86.719543,-90.000404,-0.008290,-0.129489,-0.132835,4.704493,0.019742,-0.013735,
feedback,1.490653,1786439405400,7,Rz,5.000000,15.000000,4.614258,-0.385742,,,335.910522,-66.845146,179.611771,89.999794,49.999893,89.999901,435.911194,-66.844482,179.611465,-89.998604,86.756981,-89.998466,0.051402,0.042671,-0.015722,4.614258,0.000011,0.000006,
feedback,1.499414,1786439405408,7,Rz,5.000000,15.000000,4.720191,-0.279809,,,335.910522,-66.845146,179.611771,89.999794,49.999893,89.999901,435.910400,-66.845108,179.610901,-90.000938,86.794983,-90.000854,-0.102994,-0.252684,-0.027454,4.720191,0.013165,-0.034337,
feedback,1.506295,1786439405412,7,Rz,5.000000,15.000000,4.827118,-0.172882,,,335.910522,-66.845146,179.611771,89.999794,49.999893,89.999901,435.911255,-66.844261,179.611359,-89.998573,86.833694,-89.998405,0.074269,0.149196,-0.041897,4.827118,0.000014,0.013740,
feedback,1.514572,1786439405421,7,Rz,5.000000,15.000000,4.746685,-0.253315,,,335.910522,-66.845146,179.611771,89.999794,49.999893,89.999901,435.911163,-66.844879,179.611252,-89.998550,86.871765,-89.998474,0.039983,-0.182662,-0.020309,4.746686,-0.006572,-0.034326,
feedback,1.522732,1786439405429,7,Rz,5.000000,15.000000,4.682922,-0.317078,,,335.910522,-66.845146,179.611771,89.999794,49.999893,89.999901,435.910706,-66.844208,179.611267,-89.999512,86.909126,-89.999352,-0.011348,0.173471,0.015722,4.682922,0.000013,0.020602,
feedback,1.530808,1786439405438,7,Rz,5.000000,15.000000,4.758453,-0.241547,,,335.910522,-66.845146,179.611771,89.999794,49.999893,89.999901,435.910614,-66.844757,179.610840,-90.000992,86.946815,-90.000847,-0.008011,0.015351,-0.000000,4.758453,0.000011,0.013729,
feedback,1.539012,1786439405446,7,Rz,5.000000,15.000000,5.217512,0.217512,,,335.910522,-66.845146,179.611771,89.999794,49.999893,89.999901,435.910217,-66.844574,179.610825,-90.000999,86.988045,-90.000839,-0.196629,0.285416,-0.112442,5.217512,0.026332,0.054927,
feedback,1.547136,1786439405455,7,Rz,5.000000,15.000000,5.397056,0.397056,,,335.910522,-66.845146,179.611771,89.999794,49.999893,89.999901,435.910706,-66.844948,179.611404,-89.998985,87.031082,-89.998848,0.102114,-0.128617,0.276721,5.397057,-0.046042,-0.006862,
feedback,1.555239,1786439405463,7,Rz,5.000000,15.000000,5.273415,0.273415,,,335.910522,-66.845146,179.611771,89.999794,49.999893,89.999901,435.910675,-66.844833,179.610641,-90.001030,87.073761,-90.000923,-0.131987,-0.221071,-0.318617,5.273415,0.046065,-0.013738,
feedback,1.563508,1786439405471,7,Rz,5.000000,15.000000,5.396063,0.396063,,,335.910522,-66.845146,179.611771,89.999794,49.999893,89.999901,435.910706,-66.844406,179.611465,-89.998955,87.115540,-89.998817,0.025477,0.261636,0.159010,5.396063,-0.019725,0.027471,
feedback,1.571680,1786439405480,7,Rz,5.000000,15.000000,5.465698,0.465698,,,335.910522,-66.845146,179.611771,89.999794,49.999893,89.999901,435.911377,-66.844215,179.611404,-89.998405,87.159142,-89.998245,0.035380,-0.016750,-0.015722,5.465698,0.000016,0.000008,
feedback,1.579856,1786439405488,7,Rz,5.000000,15.000000,5.424476,0.424476,,,335.910522,-66.845146,179.611771,89.999794,49.999893,89.999901,435.910767,-66.844391,179.610931,-90.000542,87.202782,-90.000404,-0.081590,0.102643,-0.266268,5.424476,0.046068,0.013730,
feedback,1.588026,1786439405497,7,Rz,5.000000,15.000000,5.346032,0.346032,,,335.910522,-66.845146,179.611771,89.999794,49.999893,89.999901,435.910950,-66.844749,179.611343,-89.998894,87.267731,-89.998787,0.076619,-0.149189,0.064082,5.346032,-0.013148,-0.027461,
feedback,1.596277,1786439405505,7,Rz,5.000000,15.000000,5.409772,0.409772,,,335.910522,-66.845146,179.611771,89.999794,49.999893,89.999901,435.910278,-66.844666,179.610489,-90.002243,87.310890,-90.002075,-0.082477,0.264877,-0.159607,5.409772,0.026333,0.054922,
feedback,1.604491,1786439405513,7,Rz,5.000000,15.000000,4.900684,-0.099316,,,335.910522,-66.845146,179.611771,89.999794,49.999893,89.999901,435.910309,-66.845497,179.610947,-90.000572,87.351723,-90.000595,-0.074358,-0.216814,-0.032041,4.900684,0.006577,-0.034335,
feedback,1.612816,1786439405522,7,Rz,5.000000,15.000000,4.738825,-0.261175,,,335.910522,-66.845146,179.611771,89.999794,49.999893,89.999901,435.910370,-66.844414,179.610977,-90.001160,87.390282,-90.000992,-0.141800,0.034811,-0.069948,4.738825,0.019751,0.006862,
feedback,1.620890,1786439405530,7,Rz,5.000000,15.000000,4.732953,-0.267047,,,335.910522,-66.845146,179.611771,89.999794,49.999893,89.999901,435.910889,-66.844856,179.611542,-89.998825,87.428185,-89.998749,-0.015932,-0.104454,0.073937,4.732953,-0.006572,-0.013729,
feedback,1.629107,1786439405538,7,Rz,5.000000,15.000000,4.712353,-0.287647,,,335.910522,-66.845146,179.611771,89.999794,49.999893,89.999901,435.910492,-66.844597,179.611099,-90.000595,87.465981,-90.000427,-0.036457,0.011641,0.063484,4.712353,-0.006566,0.006864,
feedback,1.637357,1786439405547,7,Rz,5.000000,15.000000,4.665282,-0.334718,,,335.910522,-66.845146,179.611771,89.999794,49.999893,89.999901,435.910492,-66.845085,179.610886,-90.000603,87.503418,-90.000519,0.084909,0.047892,0.196917,4.665282,-0.032890,0.006864,
feedback,1.646652,1786439405555,7,Rz,5.000000,15.000000,4.760396,-0.239604,,,335.910522,-66.845146,179.611771,89.999794,49.999893,89.999901,435.910767,-66.844658,179.610641,-90.001228,87.541367,-90.001167,-0.009563,0.106413,-0.286576,4.760396,0.039480,-0.000004,
feedback,1.653955,1786439405564,7,Rz,5.000000,15.000000,4.767285,-0.232715,,,335.910522,-66.845146,179.611771,89.999794,49.999893,89.999901,435.911072,-66.844421,179.610703,-90.000626,87.579636,-90.000458,0.073192,0.144088,0.005866,4.767285,-0.006566,0.020597,
feedback,1.662787,1786439405572,7,Rz,5.000000,15.000000,4.661329,-0.338671,,,335.910522,-66.845146,179.611771,89.999794,49.999893,89.999901,435.910675,-66.844536,179.611557,-89.998100,87.617348,-89.997940,-0.201302,-0.060127,-0.128164,4.661329,0.026330,0.000006,
feedback,1.670414,1786439405576,7,Rz,5.000000,15.000000,4.697626,-0.302374,,,335.910522,-66.845146,179.611771,89.999794,49.999893,89.999901,435.910950,-66.844330,179.611053,-90.000000,87.636139,-89.999863,0.068311,0.052508,-0.122382,4.697626,0.019749,-0.006866,
feedback,1.678298,1786439405585,7,Rz,5.000000,15.000000,5.347998,0.347998,,,335.910522,-66.845146,179.611771,89.999794,49.999893,89.999901,435.910583,-66.844566,179.611374,-89.999344,87.696159,-89.999184,-0.015743,0.085419,0.132835,5.347998,-0.019722,0.027468,
feedback,1.685944,1786439405593,7,Rz,5.000000,15.000000,5.317595,0.317595,,,335.910522,-66.845146,179.611771,89.999794,49.999893,89.999901,435.910675,-66.845535,179.611588,-89.998001,87.738831,-89.997971,0.036843,-0.243021,0.196917,5.317595,-0.032894,-0.027459,
feedback,1.694550,1786439405602,7,Rz,5.000000,15.000000,5.365638,0.365638,,,335.910522,-66.845146,179.611771,89.999794,49.999893,89.999901,435.911072,-66.844513,179.610992,-90.000000,87.781357,-89.999863,0.080924,0.051489,-0.126969,5.365638,0.013171,-0.000000,
feedback,1.702595,1786439405610,7,Rz,5.000000,15.000000,5.230274,0.230274,,,335.910522,-66.845146,179.611771,89.999794,49.999893,89.999901,435.910675,-66.845322,179.610397,-90.002769,87.822990,-90.002739,0.013590,-0.095636,-0.037310,5.230274,0.006582,-0.013743,
feedback,1.710563,1786439405619,7,Rz,5.000000,15.000000,5.516700,0.516700,,,335.910522,-66.845146,179.611771,89.999794,49.999893,89.999901,435.910797,-66.844887,179.610779,-90.001411,87.866646,-90.001328,0.029522,-0.036243,-0.111247,5.516700,0.013166,-0.013738,
feedback,1.718726,1786439405627,7,Rz,5.000000,15.000000,5.543194,0.543194,,,335.910522,-66.845146,179.611771,89.999794,49.999893,89.999901,435.910553,-66.844559,179.611298,-90.000000,87.911102,-89.999863,-0.012424,0.145832,0.063484,5.543194,-0.006566,0.020599,
feedback,1.727137,1786439405635,7,Rz,5.000000,15.000000,5.510827,0.510827,,,335.910522,-66.845146,179.611771,89.999794,49.999893,89.999901,435.910919,-66.844559,179.611252,-89.999260,87.955109,-89.999123,0.115507,0.061818,0.037907,5.510827,-0.013145,0.000003,
feedback,1.735118,1786439405644,7,Rz,5.000000,15.000000,5.506920,0.506920,,,335.910522,-66.845146,179.611771,89.999794,49.999893,89.999901,435.910889,-66.845238,179.611740,-89.997742,87.998825,-89.997742,0.266662,0.106966,0.281905,5.506920,-0.046055,0.000008,
feedback,1.745182,1786439405652,7,Rz,5.000000,15.000000,5.265577,0.265577,,,335.910522,-66.845146,179.611771,89.999794,49.999893,89.999901,435.910309,-66.844940,179.609955,-90.005394,88.041458,-90.005280,-0.050605,-0.047220,-0.164876,5.265577,0.026327,0.006849,
feedback,1.751925,1786439405660,7,Rz,5.000000,15.000000,4.936010,-0.063990,,,335.910522,-66.845146,179.611771,89.999794,49.999893,89.999901,435.910492,-66.844574,179.611237,-89.999214,88.081230,-89.999077,-0.029422,0.090907,0.096207,4.936010,-0.019726,0.013735,
feedback,1.760586,1786439405669,7,Rz,5.000000,15.000000,4.719220,-0.280780,,,335.910522,-66.845146,179.611771,89.999794,49.999893,89.999901,435.910919,-66.844650,179.611252,-89.999191,88.137810,-89.999084,0.014945,0.054312,0.047763,4.719220,-0.006570,0.006869,
feedback,1.768949,1786439405677,7,Rz,5.000000,15.000000,4.784948,-0.215052,,,335.910522,-66.845146,179.611771,89.999794,49.999893,89.999901,435.911194,-66.844193,179.611862,-89.996696,88.175957,-89.996506,0.128110,-0.129022,0.122298,4.784948,-0.019722,-0.034323,
feedback,1.776471,1786439405686,7,Rz,5.000000,15.000000,4.692748,-0.307252,,,335.910522,-66.845146,179.611771,89.999794,49.999893,89.999901,435.911255,-66.844345,179.611557,-89.996620,88.213699,-89.996490,0.204899,0.310441,0.191648,4.692748,-0.032885,0.034341,
feedback,1.785652,1786439405694,7,Rz,5.000000,15.000000,4.783006,-0.216994,,,335.910522,-66.845146,179.611771,89.999794,49.999893,89.999901,435.911041,-66.843918,179.611435,-89.998276,88.251640,-89.998055,0.296553,0.215591,0.377430,4.783006,-0.059195,0.013737,
feedback,1.792886,1786439405702,7,Rz,5.000000,15.000000,4.836921,-0.163079,,,335.910522,-66.845146,179.611771,89.999794,49.999893,89.999901,435.910889,-66.845123,179.611252,-89.999115,88.289894,-89.999115,0.003319,0.060413,-0.069351,4.836921,0.013158,-0.006864,
feedback,1.801318,1786439405711,7,Rz,5.000000,15.000000,4.777111,-0.222889,,,335.910522,-66.845146,179.611771,89.999794,49.999893,89.999901,435.911011,-66.844444,179.611832,-89.996391,88.327820,-89.996231,0.151255,0.167404,0.228958,4.777111,-0.039462,0.020608,
feedback,1.809272,1786439405719,7,Rz,5.000000,15.000000,4.805548,-0.194452,,,335.910522,-66.845146,179.611771,89.999794,49.999893,89.999901,435.910919,-66.844536,179.611359,-89.999077,88.365395,-89.998970,0.072205,0.093945,0.127566,4.805548,-0.019729,0.013735,
feedback,1.816914,1786439405723,7,Rz,5.000000,15.000000,4.854584,-0.145416,,,335.910522,-66.845146,179.611771,89.999794,49.999893,89.999901,435.910828,-66.844284,179.611313,-89.999069,88.384811,-89.998901,-0.028535,0.063855,-0.010453,4.854584,0.000014,0.013735,
feedback,1.825472,1786439405732,7,Rz,5.000000,15.000000,5.236169,0.236169,,,335.910522,-66.845146,179.611771,89.999794,49.999893,89.999901,435.911255,-66.844040,179.611572,-89.997124,88.426056,-89.996964,0.069944,0.369827,0.095526,5.236169,-0.013143,0.048072,
feedback,1.834072,1786439405740,7,Rz,5.000000,15.000000,5.319538,0.319538,,,335.910522,-66.845146,179.611771,89.999794,49.999893,89.999901,435.911072,-66.844025,179.611526,-89.997047,88.468407,-89.996826,0.061655,0.217807,-0.037310,5.319538,0.006600,0.027473,
feedback,1.841451,1786439405749,7,Rz,5.000000,15.000000,5.344067,0.344067,,,335.910522,-66.845146,179.611771,89.999794,49.999893,89.999901,435.910736,-66.844788,179.611313,-89.998970,88.532768,-89.998894,0.077695,-0.076489,0.016319,5.344067,-0.006572,-0.013730,
feedback,1.849951,1786439405757,7,Rz,5.000000,15.000000,5.451965,0.451965,,,335.910522,-66.845146,179.611771,89.999794,49.999893,89.999901,435.910645,-66.845016,179.611557,-89.996826,88.575905,-89.996773,-0.071926,-0.016697,0.005269,5.451965,0.000005,-0.006859,
feedback,1.858058,1786439405765,7,Rz,5.000000,15.000000,5.555956,0.555956,,,335.910522,-66.845146,179.611771,89.999794,49.999893,89.999901,435.911072,-66.843910,179.611038,-89.998909,88.620110,-89.998688,0.131718,0.288582,0.096805,5.555956,-0.026296,0.034335,
feedback,1.866240,1786439405774,7,Rz,5.000000,15.000000,5.485327,0.485327,,,335.910522,-66.845146,179.611771,89.999794,49.999893,89.999901,435.910492,-66.844955,179.611420,-89.997742,88.664200,-89.997688,0.042504,-0.027578,0.090939,5.485327,-0.019732,-0.020594,
feedback,1.875553,1786439405782,7,Rz,5.000000,15.000000,5.341131,0.341131,,,335.910522,-66.845146,179.611771,89.999794,49.999893,89.999901,435.911285,-66.843964,179.611664,-89.995331,88.707344,-89.995117,0.098409,-0.047771,0.085670,5.341131,-0.019717,-0.006857,
feedback,1.882211,1786439405790,7,Rz,5.000000,15.000000,5.235175,0.235175,,,335.910522,-66.845146,179.611771,89.999794,49.999893,89.999901,435.910522,-66.845657,179.610550,-90.003616,88.749802,-90.003647,-0.047079,-0.308361,-0.121700,5.235175,0.013156,-0.048072,
feedback,1.890564,1786439405799,7,Rz,5.000000,15.000000,4.916382,-0.083618,,,335.910522,-66.845146,179.611771,89.999794,49.999893,89.999901,435.910645,-66.845039,179.610931,-90.001244,88.789948,-90.001167,-0.046899,-0.308308,0.026175,4.916382,0.000007,-0.048067,
feedback,1.898585,1786439405807,7,Rz,5.000000,15.000000,4.709417,-0.290583,,,335.910522,-66.845146,179.611771,89.999794,49.999893,89.999901,435.910889,-66.844963,179.611145,-89.998711,88.828087,-89.998634,0.098409,-0.070302,0.085670,4.709417,-0.019731,-0.013731,
feedback,1.906919,1786439405816,7,Rz,5.000000,15.000000,4.772186,-0.227814,,,335.910522,-66.845146,179.611771,89.999794,49.999893,89.999901,435.910950,-66.844460,179.611145,-89.998672,88.866508,-89.998505,-0.020524,0.071035,-0.010453,4.772186,0.000014,0.006869,
feedback,1.915037,1786439405824,7,Rz,5.000000,15.000000,4.721185,-0.278815,,,335.910522,-66.845146,179.611771,89.999794,49.999893,89.999901,435.911011,-66.844528,179.611237,-89.997246,88.904198,-89.997108,0.062939,-0.053579,0.027454,4.721185,-0.013147,-0.013729,
feedback,1.923321,1786439405830,7,Rz,5.000000,15.000000,4.698597,-0.301403,,,335.910522,-66.845146,179.611771,89.999794,49.999893,89.999901,435.910278,-66.845146,179.610764,-90.002853,88.941795,-90.002769,-0.084998,-0.025388,-0.270854,4.698597,0.039482,-0.000004,
feedback,1.933633,1786439405838,7,Rz,5.000000,15.000000,4.752558,-0.247442,,,335.910522,-66.845146,179.611771,89.999794,49.999893,89.999901,435.910492,-66.844482,179.610611,-90.004433,88.979805,-90.004272,-0.106420,0.040591,-0.085670,4.752558,0.019751,0.013726,
feedback,1.939602,1786439405847,7,Rz,5.000000,15.000000,4.770244,-0.229756,,,335.910522,-66.845146,179.611771,89.999794,49.999893,89.999901,435.911255,-66.844353,179.611359,-89.995392,89.017891,-89.995255,0.134068,-0.054864,0.202783,4.770244,-0.039464,-0.020593,
feedback,1.947752,1786439405855,7,Rz,5.000000,15.000000,4.642718,-0.357282,,,335.910522,-66.845146,179.611771,89.999794,49.999893,89.999901,435.910339,-66.844727,179.611053,-90.001595,89.055183,-90.001457,-0.044189,0.036649,0.196319,4.642718,-0.026306,0.006864,
feedback,1.956358,1786439405864,7,Rz,5.000000,15.000000,4.767285,-0.232715,,,335.910522,-66.845146,179.611771,89.999794,49.999893,89.999901,435.911011,-66.844421,179.611343,-89.996674,89.093109,-89.996536,-0.001076,-0.117760,0.047763,4.767285,-0.006568,-0.027461,
feedback,1.964377,1786439405872,7,Rz,5.000000,15.000000,5.107672,0.107672,,,335.910522,-66.845146,179.611771,89.999794,49.999893,89.999901,435.910522,-66.845451,179.611465,-89.996521,89.132767,-89.996521,-0.039776,-0.206484,0.132835,5.107672,-0.019738,-0.034328,
feedback,1.972452,1786439405880,7,Rz,5.000000,15.000000,5.428430,0.428430,,,335.910522,-66.845146,179.611771,89.999794,49.999893,89.999901,435.910675,-66.844612,179.611465,-89.996246,89.196571,-89.996140,0.052757,0.192619,0.069351,5.428430,-0.013148,0.020604,
feedback,1.980626,1786439405889,7,Rz,5.000000,15.000000,5.359742,0.359742,,,335.910522,-66.845146,179.611771,89.999794,49.999893,89.999901,435.910675,-66.844727,179.610748,-90.003967,89.239799,-90.003860,-0.191050,0.024888,-0.149751,5.359742,0.032906,-0.000005,
feedback,1.988914,1786439405897,7,Rz,5.000000,15.000000,5.326404,0.326404,,,335.910522,-66.845146,179.611771,89.999794,49.999893,89.999901,435.910339,-66.844048,179.610916,-90.002098,89.282433,-90.001854,-0.074188,0.394366,-0.026772,5.326404,0.006602,0.068662,
feedback,1.996983,1786439405906,7,Rz,5.000000,15.000000,5.475524,0.475524,,,335.910522,-66.845146,179.611771,89.999794,49.999893,89.999901,435.910858,-66.844070,179.611313,-89.997757,89.326645,-89.997566,0.110106,0.164688,0.223092,5.475524,-0.032878,0.006869,
feedback,2.005605,1786439405914,7,Rz,5.000000,15.000000,5.486298,0.486298,,,335.910522,-66.845146,179.611771,89.999794,49.999893,89.999901,435.910797,-66.845573,179.611252,-89.997604,89.371056,-89.997627,-0.032044,-0.186432,0.000000,5.486298,-0.000003,-0.020597,
feedback,2.013640,1786439405922,7,Rz,5.000000,15.000000,5.454902,0.454902,,,335.910522,-66.845146,179.611771,89.999794,49.999893,89.999901,435.910583,-66.844658,179.611084,-90.000000,89.414825,-89.999863,-0.084630,0.119478,-0.064082,5.454902,0.013172,0.027466,
feedback,2.022199,1786439405931,7,Rz,5.000000,15.000000,5.219477,0.219477,,,335.910522,-66.845146,179.611771,89.999794,49.999893,89.999901,435.910339,-66.844437,179.610565,-90.008347,89.457787,-90.008148,-0.076708,0.126631,-0.138019,5.219477,0.019755,0.020592,
feedback,2.030481,1786439405939,7,Rz,5.000000,15.000000,4.978180,-0.021820,,,335.910522,-66.845146,179.611771,89.999794,49.999893,89.999901,435.910797,-66.844208,179.611206,-89.996994,89.498306,-89.996773,-0.043392,0.077161,0.015722,4.978180,0.000019,0.027468,
feedback,2.038535,1786439405947,7,Rz,5.000000,15.000000,4.688818,-0.311182,,,335.910522,-66.845146,179.611771,89.999794,49.999893,89.999901,435.910889,-66.844078,179.610779,-90.006508,89.536819,-90.006294,0.160153,0.170062,0.122297,4.688818,-0.019720,0.020595,
feedback,2.046659,1786439405956,7,Rz,5.000000,15.000000,4.736860,-0.263140,,,335.910522,-66.845146,179.611771,89.999794,49.999893,89.999901,435.910736,-66.845070,179.610825,-90.003548,89.574867,-90.003548,0.003140,0.037829,-0.217226,4.736860,0.026317,-0.013735,
feedback,2.055529,1786439405964,7,Rz,5.000000,15.000000,4.726086,-0.273914,,,335.910522,-66.845146,179.611771,89.999794,49.999893,89.999901,435.910889,-66.845238,179.611435,-89.992210,89.612869,-89.992210,0.050326,-0.030029,0.032041,4.726086,-0.006579,-0.013729,
feedback,2.062604,1786439405973,7,Rz,5.000000,15.000000,4.684887,-0.315113,,,335.910522,-66.845146,179.611771,89.999794,49.999893,89.999901,435.910645,-66.844421,179.611084,-90.000000,89.669548,-89.999863,-0.020435,0.071061,0.063484,4.684887,-0.006568,0.006866,
feedback,2.071791,1786439405981,7,Rz,5.000000,15.000000,4.768256,-0.231744,,,335.910522,-66.845146,179.611771,89.999794,49.999893,89.999901,435.910889,-66.845039,179.611252,-89.994843,89.707649,-89.994812,0.007821,-0.092572,-0.058898,4.768256,0.013161,-0.020597,
feedback,2.079105,1786439405985,7,Rz,5.000000,15.000000,4.764326,-0.235674,,,335.910522,-66.845146,179.611771,89.999794,49.999893,89.999901,435.910675,-66.844429,179.610550,-90.017784,89.745605,-90.017616,0.004305,0.290798,-0.191051,4.764326,0.026331,0.054925,
feedback,2.087268,1786439405994,7,Rz,5.000000,15.000000,4.768279,-0.231721,,,335.910522,-66.845146,179.611771,89.999794,49.999893,89.999901,435.910889,-66.845238,179.611435,-89.987183,89.764679,-89.987183,0.054030,-0.200996,0.223092,4.768279,-0.032896,-0.041194,
feedback,2.095920,1786439406002,7,Rz,5.000000,15.000000,4.783954,-0.216046,,,335.910522,-66.845146,179.611771,89.999794,49.999893,89.999901,435.910492,-66.844772,179.610809,-90.015297,89.802826,-90.015182,-0.077695,0.053958,-0.016319,4.783954,0.006588,0.006862,
feedback,2.103792,1786439406010,7,Rz,5.000000,15.000000,4.988976,-0.011024,,,335.910522,-66.845146,179.611771,89.999794,49.999893,89.999901,435.910675,-66.844810,179.611038,-90.009560,89.842216,-90.009476,-0.048881,0.067352,0.126969,4.988976,-0.013151,-0.000002,
feedback,2.111729,1786439406019,7,Rz,5.000000,15.000000,5.246943,0.246943,,,335.910522,-66.845146,179.611771,89.999794,49.999893,89.999901,435.910034,-66.844933,179.610352,-90.064957,89.883934,-90.064819,-0.108752,-0.037270,-0.138019,5.246943,0.019750,0.006854,
feedback,2.122148,1786439406027,7,Rz,5.000000,15.000000,5.429401,0.429401,,,335.910522,-66.845146,179.611771,89.999794,49.999893,89.999901,435.910736,-66.844795,179.611130,-90.000000,89.926544,-89.999916,-0.026293,0.096629,-0.032041,5.429401,0.006587,0.006866,
feedback,2.128089,1786439406036,7,Rz,5.000000,15.000000,5.290130,0.290130,,,335.910522,-66.845146,179.611771,89.999794,49.999893,89.999901,435.911011,-66.843948,179.611435,-89.903076,89.968887,-89.902832,0.145486,0.260590,0.207370,5.290130,-0.032873,0.041204,
feedback,2.136152,1786439406044,7,Rz,5.000000,15.000000,5.488263,0.488263,,,335.910522,-66.845146,179.611771,89.999794,49.999893,89.999901,435.910828,-66.845474,179.611145,89.870781,89.988335,89.870781,0.083374,-0.147171,-0.036030,5.488263,-0.006579,-0.027463,
feedback,2.145011,1786439406053,7,Rz,5.000000,15.000000,5.500031,0.500031,,,335.910522,-66.845146,179.611771,89.999794,49.999893,89.999901,435.910522,-66.844673,179.610992,90.019447,89.922455,90.019585,-0.016022,-0.059420,-0.000000,5.500031,0.000013,-0.000003,
feedback,2.152663,1786439406061,7,Rz,5.000000,15.000000,5.470622,0.470622,,,335.910522,-66.845146,179.611771,89.999794,49.999893,89.999901,435.910797,-66.844681,179.611404,89.975143,89.878677,89.975250,0.076987,-0.026853,0.270855,5.470623,-0.039465,-0.006861,
feedback,2.162078,1786439406069,7,Rz,5.000000,15.000000,5.448058,0.448058,,,335.910522,-66.845146,179.611771,89.999794,49.999893,89.999901,435.910980,-66.845482,179.611725,89.963379,89.835297,89.963295,-0.012228,-0.365543,0.264988,5.448058,-0.032904,-0.068655,
feedback,2.168780,1786439406078,7,Rz,5.000000,15.000000,5.222436,0.222436,,,335.910522,-66.845146,179.611771,89.999794,49.999893,89.999901,435.910828,-66.844948,179.611588,89.978088,89.793556,89.978119,0.028725,-0.009163,0.069351,5.222436,-0.013156,-0.013726,
feedback,2.176988,1786439406086,7,Rz,5.000000,15.000000,4.863415,-0.136585,,,335.910522,-66.845146,179.611771,89.999794,49.999893,89.999901,435.911011,-66.844238,179.611633,89.981590,89.754280,89.981781,-0.020436,0.161183,0.063485,4.863415,-0.006563,0.034339,
feedback,2.184871,1786439406095,7,Rz,5.000000,15.000000,4.750616,-0.249384,,,335.910522,-66.845146,179.611771,89.999794,49.999893,89.999901,435.910797,-66.844658,179.611511,89.989372,89.716278,89.989456,0.123607,0.091555,0.111845,4.750616,-0.019731,0.000004,
feedback,2.193557,1786439406103,7,Rz,5.000000,15.000000,4.767285,-0.232715,,,335.910522,-66.845146,179.611771,89.999794,49.999893,89.999901,435.910889,-66.844833,179.610764,90.004684,89.678123,90.004738,0.057171,0.039607,0.005866,4.767285,-0.006575,0.006864,
feedback,2.201416,1786439406111,7,Rz,5.000000,15.000000,4.728051,-0.271949,,,335.910522,-66.845146,179.611771,89.999794,49.999893,89.999901,435.910828,-66.844269,179.611206,89.995811,89.640228,89.995972,0.001355,0.217539,0.085072,4.728051,-0.013145,0.041201,
feedback,2.210614,1786439406120,7,Rz,5.000000,15.000000,4.749622,-0.250378,,,335.910522,-66.845146,179.611771,89.999794,49.999893,89.999901,435.911346,-66.843819,179.611359,89.988632,89.602203,89.988823,0.105046,0.275828,-0.053032,4.749622,0.006595,0.041205,
feedback,2.217595,1786439406128,7,Rz,5.000000,15.000000,4.849682,-0.150318,,,335.910522,-66.845146,179.611771,89.999794,49.999893,89.999901,435.910675,-66.844727,179.610748,90.006912,89.563812,90.007027,0.110904,0.182669,0.042494,4.849682,-0.006570,0.020595,
feedback,2.225911,1786439406132,7,Rz,5.000000,15.000000,4.628985,-0.371015,,,335.910522,-66.845146,179.611771,89.999794,49.999893,89.999901,435.911072,-66.844002,179.611343,89.993370,89.545303,89.993561,0.102006,0.180012,0.149154,4.628985,-0.026301,0.020604,
feedback,2.234051,1786439406141,7,Rz,5.000000,15.000000,4.628985,-0.371015,,,335.910522,-66.845146,179.611771,89.999794,49.999893,89.999901,435.911346,-66.843636,179.611359,89.991142,89.489204,89.991394,0.126038,0.359264,0.149154,4.628985,-0.026297,0.048072,
feedback,2.242346,1786439406149,7,Rz,5.000000,15.000000,4.793757,-0.206243,,,335.910522,-66.845146,179.611771,89.999794,49.999893,89.999901,435.910461,-66.844872,179.610611,90.008247,89.451347,90.008324,-0.087061,-0.193291,-0.101391,4.793756,0.019745,-0.034339,
feedback,2.250336,1786439406157,7,Rz,5.000000,15.000000,5.199872,0.199872,,,335.910522,-66.845146,179.611771,89.999794,49.999893,89.999901,435.910248,-66.844849,179.611404,89.997444,89.410179,89.997551,-0.079848,-0.023850,0.079206,5.199872,-0.006569,0.000002,
feedback,2.258724,1786439406166,7,Rz,5.000000,15.000000,5.343096,0.343096,,,335.910522,-66.845146,179.611771,89.999794,49.999893,89.999901,435.910706,-66.844063,179.611649,89.992844,89.367783,89.993118,0.004870,0.014411,0.217226,5.343096,-0.026291,0.020607,
feedback,2.266716,1786439406174,7,Rz,5.000000,15.000000,5.289135,0.289135,,,335.910522,-66.845146,179.611771,89.999794,49.999893,89.999901,435.910583,-66.845078,179.611252,89.995529,89.324913,89.995644,-0.010253,-0.107545,0.021588,5.289135,-0.006569,-0.006862,
feedback,2.275021,1786439406183,7,Rz,5.000000,15.000000,5.331306,0.331306,,,335.910522,-66.845146,179.611771,89.999794,49.999893,89.999901,435.910645,-66.844955,179.610931,90.002106,89.282776,90.002213,-0.123518,-0.114059,-0.037907,5.331306,0.013169,-0.006869,
feedback,2.283085,1786439406191,7,Rz,5.000000,15.000000,5.536305,0.536305,,,335.910522,-66.845146,179.611771,89.999794,49.999893,89.999901,435.910461,-66.844696,179.610321,90.007927,89.238884,90.008064,-0.084998,-0.138040,-0.270854,5.536305,0.039489,-0.034342,
feedback,2.291337,1786439406200,7,Rz,5.000000,15.000000,5.420592,0.420592,,,335.910522,-66.845146,179.611771,89.999794,49.999893,89.999901,435.910553,-66.845047,179.611084,90.000000,89.194931,90.000053,0.120289,-0.036449,0.181195,5.420592,-0.032891,-0.013733,
feedback,2.299550,1786439406208,7,Rz,5.000000,15.000000,5.371510,0.371510,,,335.910522,-66.845146,179.611771,89.999794,49.999893,89.999901,435.910797,-66.844398,179.611023,90.000000,89.151260,90.000168,-0.195813,-0.185500,-0.239411,5.371510,0.039491,-0.013733,
feedback,2.308203,1786439406216,7,Rz,5.000000,15.000000,5.441169,0.441169,,,335.910522,-66.845146,179.611771,89.999794,49.999893,89.999901,435.910706,-66.845467,179.611206,89.998306,89.107719,89.998253,0.002153,-0.057374,-0.095525,5.441169,0.013153,-0.034330,
feedback,2.315798,1786439406225,7,Rz,5.000000,15.000000,4.975221,-0.024779,,,335.910522,-66.845146,179.611771,89.999794,49.999893,89.999901,435.910553,-66.844086,179.610809,90.003159,89.045151,90.003403,-0.127134,0.011874,-0.155020,4.975221,0.032918,0.006862,
feedback,2.323970,1786439406233,7,Rz,5.000000,15.000000,4.689789,-0.310211,,,335.910522,-66.845146,179.611771,89.999794,49.999893,89.999901,435.910706,-66.844543,179.611023,90.000000,89.007011,90.000191,-0.032044,-0.096310,-0.000000,4.689789,0.000016,0.006866,
feedback,2.332134,1786439406242,7,Rz,5.000000,15.000000,4.633886,-0.366114,,,335.910522,-66.845146,179.611771,89.999794,49.999893,89.999901,435.910614,-66.844452,179.611374,89.998535,88.969513,89.998703,-0.033936,0.234315,0.174732,4.633886,-0.019724,0.041201,
feedback,2.340440,1786439406250,7,Rz,5.000000,15.000000,4.739819,-0.260181,,,335.910522,-66.845146,179.611771,89.999794,49.999893,89.999901,435.910522,-66.845268,179.611465,89.997177,88.931137,89.997231,-0.017098,-0.177181,0.047763,4.739819,-0.006575,-0.027461,
feedback,2.348932,1786439406258,7,Rz,5.000000,15.000000,4.640753,-0.359247,,,335.910522,-66.845146,179.611771,89.999794,49.999893,89.999901,435.911072,-66.845284,179.611465,89.995911,88.893776,89.995911,0.110922,-0.238638,0.096123,4.640753,-0.019738,-0.041192,
feedback,2.356792,1786439406267,7,Rz,5.000000,15.000000,4.712377,-0.287623,,,335.910522,-66.845146,179.611771,89.999794,49.999893,89.999901,435.911560,-66.843475,179.611679,89.993408,88.855911,89.993683,0.358217,0.645749,0.251144,4.712377,-0.052611,0.089275,
feedback,2.365975,1786439406275,7,Rz,5.000000,15.000000,4.764326,-0.235674,,,335.910522,-66.845146,179.611771,89.999794,49.999893,89.999901,435.910248,-66.844955,179.610672,90.003830,88.817963,90.003937,-0.077974,-0.000760,-0.149154,4.764326,0.026326,0.006860,
feedback,2.373557,1786439406284,7,Rz,5.000000,15.000000,4.689789,-0.310211,,,335.910522,-66.845146,179.611771,89.999794,49.999893,89.999901,435.910309,-66.844826,179.610870,90.002472,88.780190,90.002579,-0.042225,-0.007825,0.041897,4.689789,0.000009,-0.006871,
feedback,2.382481,1786439406292,7,Rz,5.000000,15.000000,4.714295,-0.285705,,,335.910522,-66.845146,179.611771,89.999794,49.999893,89.999901,435.910736,-66.844505,179.610641,90.002396,88.742477,90.002533,-0.140814,0.130014,-0.191648,4.714295,0.032908,0.027461,
feedback,2.390311,1786439406300,7,Rz,5.000000,15.000000,5.240076,0.240076,,,335.910522,-66.845146,179.611771,89.999794,49.999893,89.999901,435.910461,-66.844696,179.610611,90.003487,88.701973,90.003624,-0.035659,-0.015438,-0.117113,5.240076,0.019750,0.006859,
feedback,2.398166,1786439406305,7,Rz,5.000000,15.000000,5.321503,0.321503,,,335.910522,-66.845146,179.611771,89.999794,49.999893,89.999901,435.910889,-66.844582,179.611252,89.998878,88.659286,89.999039,-0.024032,-0.156722,-0.000000,5.321503,0.000015,-0.020597,
feedback,2.406355,1786439406313,7,Rz,5.000000,15.000000,5.476495,0.476495,,,335.910522,-66.845146,179.611771,89.999794,49.999893,89.999901,435.910706,-66.845200,179.611206,89.998909,88.616386,89.998940,-0.017009,-0.199684,0.121700,5.476495,-0.013156,-0.034330,
feedback,2.415284,1786439406322,7,Rz,5.000000,15.000000,5.288141,0.288141,,,335.910522,-66.845146,179.611771,89.999794,49.999893,89.999901,435.910461,-66.844696,179.611526,89.997887,88.574081,89.998024,-0.194368,-0.058056,-0.080401,5.288141,0.019750,0.000005,
feedback,2.422986,1786439406330,7,Rz,5.000000,15.000000,5.603027,0.603027,,,335.910522,-66.845146,179.611771,89.999794,49.999893,89.999901,435.910950,-66.844528,179.611862,89.994873,88.530197,89.994980,-0.079937,-0.113998,0.005269,5.603027,0.000011,-0.027453,
feedback,2.431807,1786439406339,7,Rz,5.000000,15.000000,5.526525,0.526525,,,335.910522,-66.845146,179.611771,89.999794,49.999893,89.999901,435.910706,-66.845200,179.611206,89.999001,88.485840,89.999031,0.149811,-0.050162,0.069948,5.526525,-0.019735,-0.020597,
feedback,2.439350,1786439406348,7,Rz,5.000000,15.000000,5.487269,0.487269,,,335.910522,-66.845146,179.611771,89.999794,49.999893,89.999901,435.910614,-66.844757,179.610840,90.001938,88.441864,90.002075,-0.138463,-0.168370,-0.085670,5.487268,0.019751,-0.013738,
feedback,2.447543,1786439406356,7,Rz,5.000000,15.000000,5.494135,0.494135,,,335.910522,-66.845146,179.611771,89.999794,49.999893,89.999901,435.910553,-66.844963,179.611084,90.000000,88.397903,90.000084,-0.056184,0.033066,-0.127566,5.494135,0.019746,0.006866,
feedback,2.455718,1786439406364,7,Rz,5.000000,15.000000,5.046844,0.046844,,,335.910522,-66.845146,179.611771,89.999794,49.999893,89.999901,435.911194,-66.844170,179.611374,89.998184,88.335709,89.998352,0.052568,0.070336,0.010453,5.046844,0.000015,0.000005,
feedback,2.463966,1786439406373,7,Rz,5.000000,15.000000,4.683893,-0.316107,,,335.910522,-66.845146,179.611771,89.999794,49.999893,89.999901,435.910278,-66.845596,179.610764,90.001770,88.297394,90.001717,-0.055018,0.038202,-0.101391,4.683893,0.019733,-0.000004,
feedback,2.472012,1786439406381,7,Rz,5.000000,15.000000,4.833984,-0.166016,,,335.910522,-66.845146,179.611771,89.999794,49.999893,89.999901,435.910736,-66.845009,179.610809,90.000000,88.258980,90.000084,0.033049,-0.072081,-0.068071,4.833984,0.000007,-0.000000,
feedback,2.480171,1786439406390,7,Rz,5.000000,15.000000,4.788878,-0.211122,,,335.910522,-66.845146,179.611771,89.999794,49.999893,89.999901,435.910919,-66.845612,179.611526,89.997459,88.220367,89.997375,0.009473,-0.241622,0.212639,4.788878,-0.032903,-0.041192,
feedback,2.488517,1786439406398,7,Rz,5.000000,15.000000,4.657422,-0.342578,,,335.910522,-66.845146,179.611771,89.999794,49.999893,89.999901,435.910645,-66.845108,179.611252,89.998337,88.182800,89.998367,-0.037623,-0.038555,0.037310,4.657422,-0.006577,0.000004,
feedback,2.496974,1786439406406,7,Rz,5.000000,15.000000,4.716284,-0.283716,,,335.910522,-66.845146,179.611771,89.999794,49.999893,89.999901,435.910553,-66.844963,179.611374,89.999184,88.145401,89.999268,-0.098023,-0.206139,0.174732,4.716284,-0.019731,-0.020597,
feedback,2.505157,1786439406415,7,Rz,5.000000,15.000000,4.783954,-0.216046,,,335.910522,-66.845146,179.611771,89.999794,49.999893,89.999901,435.910858,-66.845154,179.611252,89.999207,88.107140,89.999229,-0.021790,-0.056356,-0.021588,4.783954,0.006582,-0.006864,
feedback,2.513178,1786439406423,7,Rz,5.000000,15.000000,4.765320,-0.234680,,,335.910522,-66.845146,179.611771,89.999794,49.999893,89.999901,435.910522,-66.844971,179.610886,90.000778,88.069336,90.000862,-0.060579,-0.100046,-0.010453,4.765320,0.000007,-0.000002,
feedback,2.521685,1786439406427,7,Rz,5.000000,15.000000,4.687847,-0.312153,,,335.910522,-66.845146,179.611771,89.999794,49.999893,89.999901,435.911194,-66.844063,179.611801,89.996132,88.050583,89.996300,0.167277,0.226825,0.228958,4.687847,-0.039462,0.020610,
feedback,2.529203,1786439406436,7,Rz,5.000000,15.000000,4.859485,-0.140515,,,335.910522,-66.845146,179.611771,89.999794,49.999893,89.999901,435.910614,-66.845421,179.610825,90.000755,88.012184,90.000755,-0.037812,-0.183368,-0.021588,4.859485,0.006579,-0.027468,
feedback,2.537591,1786439406444,7,Rz,5.000000,15.000000,5.287170,0.287170,,,335.910522,-66.845146,179.611771,89.999794,49.999893,89.999901,435.911163,-66.844757,179.610977,89.999260,87.970474,89.999313,0.190752,0.161458,-0.036713,5.287170,0.000005,0.006869,
feedback,2.545714,1786439406453,7,Rz,5.000000,15.000000,5.398999,0.398999,,,335.910522,-66.845146,179.611771,89.999794,49.999893,89.999901,435.910675,-66.844528,179.611160,89.999283,87.906448,89.999420,-0.021601,0.110987,0.037310,5.398999,-0.006566,0.027468,
feedback,2.554886,1786439406461,7,Rz,5.000000,15.000000,5.252838,0.252838,,,335.910522,-66.845146,179.611771,89.999794,49.999893,89.999901,435.910736,-66.845169,179.611206,89.999290,87.864182,89.999298,-0.058247,-0.134837,0.041897,5.252838,0.000000,-0.027463,
feedback,2.562135,1786439406470,7,Rz,5.000000,15.000000,5.457838,0.457838,,,335.910522,-66.845146,179.611771,89.999794,49.999893,89.999901,435.910278,-66.844460,179.610291,90.003464,87.820969,90.003647,-0.081312,0.337603,-0.133432,5.457838,0.026335,0.068652,
feedback,2.570898,1786439406478,7,Rz,5.000000,15.000000,5.647185,0.647185,,,335.910522,-66.845146,179.611771,89.999794,49.999893,89.999901,435.910797,-66.844795,179.611298,89.998642,87.776611,89.998756,0.062042,-0.058634,0.223092,5.647185,-0.032885,-0.006861,
feedback,2.578735,1786439406486,7,Rz,5.000000,15.000000,5.395069,0.395069,,,335.910522,-66.845146,179.611771,89.999794,49.999893,89.999901,435.910828,-66.845406,179.611343,89.998672,87.733246,89.998726,-0.040144,-0.216169,-0.073938,5.395069,0.006584,-0.020594,
feedback,2.586670,1786439406495,7,Rz,5.000000,15.000000,5.305828,0.305828,,,335.910522,-66.845146,179.611771,89.999794,49.999893,89.999901,435.910828,-66.844269,179.611206,89.999344,87.690788,89.999512,0.143245,0.137694,0.228958,5.305828,-0.039460,0.020602,
feedback,2.595651,1786439406503,7,Rz,5.000000,15.000000,5.311700,0.311700,,,335.910522,-66.845146,179.611771,89.999794,49.999893,89.999901,435.910736,-66.845009,179.611404,89.998718,87.647827,89.998802,-0.003319,-0.082944,0.069351,5.311700,-0.013151,0.000005,
feedback,2.602948,1786439406512,7,Rz,5.000000,15.000000,5.046867,0.046867,,,335.910522,-66.845146,179.611771,89.999794,49.999893,89.999901,435.910522,-66.845367,179.611267,89.999367,87.607567,89.999397,0.043867,-0.308514,0.318617,5.046867,-0.046052,-0.048063,
feedback,2.611197,1786439406520,7,Rz,5.000000,15.000000,4.676033,-0.323967,,,335.910522,-66.845146,179.611771,89.999794,49.999893,89.999901,435.910706,-66.844627,179.610641,90.001244,87.569794,90.001381,-0.039365,0.110468,-0.308164,4.676033,0.046066,0.020595,
feedback,2.620537,1786439406528,7,Rz,5.000000,15.000000,4.789850,-0.210150,,,335.910522,-66.845146,179.611771,89.999794,49.999893,89.999901,435.910889,-66.844414,179.611099,89.999390,87.531212,89.999474,-0.003148,0.190282,0.074619,4.789850,-0.013152,0.000002,
feedback,2.627508,1786439406537,7,Rz,5.000000,15.000000,4.666253,-0.333747,,,335.910522,-66.845146,179.611771,89.999794,49.999893,89.999901,435.910858,-66.845444,179.611145,89.999405,87.474854,89.999374,0.076619,-0.149189,0.064082,4.666253,-0.013161,-0.027464,
feedback,2.636092,1786439406545,7,Rz,5.000000,15.000000,4.757459,-0.242541,,,335.910522,-66.845146,179.611771,89.999794,49.999893,89.999901,435.910797,-66.844795,179.611588,89.998238,87.437454,89.998344,-0.121365,0.053871,-0.133433,4.757459,0.026326,0.027472,
feedback,2.643991,1786439406554,7,Rz,5.000000,15.000000,4.744720,-0.255280,,,335.910522,-66.845146,179.611771,89.999794,49.999893,89.999901,435.910736,-66.844719,179.610916,90.000000,87.399353,90.000137,-0.079937,-0.046407,0.005269,4.744720,0.000011,-0.006866,
feedback,2.651763,1786439406562,7,Rz,5.000000,15.000000,4.726086,-0.273914,,,335.910522,-66.845146,179.611771,89.999794,49.999893,89.999901,435.911255,-66.844353,179.611359,89.998283,87.361732,89.998421,0.085706,-0.046779,0.016319,4.726086,-0.006568,-0.013726,
feedback,2.660184,1786439406570,7,Rz,5.000000,15.000000,4.715290,-0.284710,,,335.910522,-66.845146,179.611771,89.999794,49.999893,89.999901,435.910950,-66.844566,179.611343,89.998871,87.324280,89.999039,0.055815,-0.087811,-0.079206,4.715290,0.006593,-0.006862,
feedback,2.668008,1786439406574,7,Rz,5.000000,15.000000,4.827118,-0.172882,,,335.910522,-66.845146,179.611771,89.999794,49.999893,89.999901,435.910797,-66.844505,179.611404,89.998878,87.304970,89.999046,-0.035380,0.016750,0.015722,4.827118,0.000014,0.000004,
feedback,2.677031,1786439406583,7,Rz,5.000000,15.000000,5.159644,0.159644,,,335.910522,-66.845146,179.611771,89.999794,49.999893,89.999901,435.910889,-66.844185,179.610580,90.001106,87.264542,90.001320,0.064903,-0.052992,-0.126969,5.159644,0.013178,-0.013738,
feedback,2.684495,1786439406591,7,Rz,5.000000,15.000000,5.186139,0.186139,,,335.910522,-66.845146,179.611771,89.999794,49.999893,89.999901,435.910919,-66.844070,179.611481,89.998367,87.222977,89.998589,0.037812,0.138307,0.021588,5.186139,-0.006559,0.013740,
feedback,2.692770,1786439406600,7,Rz,5.000000,15.000000,5.377405,0.377405,,,335.910522,-66.845146,179.611771,89.999794,49.999893,89.999901,435.910858,-66.845375,179.611038,89.999466,87.179565,89.999496,0.011069,-0.295781,-0.148557,5.377405,0.019740,-0.041196,
feedback,2.700691,1786439406608,7,Rz,5.000000,15.000000,5.246966,0.246966,,,335.910522,-66.845146,179.611771,89.999794,49.999893,89.999901,435.911041,-66.844505,179.611526,89.998421,87.137421,89.998528,0.130542,0.116157,0.159607,5.246966,-0.026307,0.006874,
feedback,2.709228,1786439406617,7,Rz,5.000000,15.000000,5.546131,0.546131,,,335.910522,-66.845146,179.611771,89.999794,49.999893,89.999901,435.910675,-66.844650,179.610641,90.001030,87.071320,90.001190,0.012424,-0.078241,-0.063485,5.546131,0.006595,-0.000005,
feedback,2.717201,1786439406625,7,Rz,5.000000,15.000000,5.466669,0.466669,,,335.910522,-66.845146,179.611771,89.999794,49.999893,89.999901,435.910797,-66.844666,179.610916,90.000000,87.027412,90.000084,-0.025306,0.079181,-0.153741,5.466669,0.019746,-0.006866,
feedback,2.725709,1786439406634,7,Rz,5.000000,15.000000,5.426442,0.426442,,,335.910522,-66.845146,179.611771,89.999794,49.999893,89.999901,435.910889,-66.844078,179.610489,90.001503,86.983795,90.001717,-0.025586,0.159645,-0.286576,5.426442,0.039496,0.034325,
feedback,2.733551,1786439406642,7,Rz,5.000000,15.000000,5.426465,0.426465,,,335.910522,-66.845146,179.611771,89.999794,49.999893,89.999901,435.910858,-66.844376,179.611298,89.999016,86.940170,89.999184,0.074358,0.194284,0.032041,5.426465,-0.006564,0.027471,
feedback,2.742838,1786439406650,7,Rz,5.000000,15.000000,5.046844,0.046844,,,335.910522,-66.845146,179.611771,89.999794,49.999893,89.999901,435.910645,-66.844246,179.611084,90.000000,86.899063,90.000191,-0.055905,0.087784,0.005269,5.046844,0.000017,0.006866,
feedback,2.749923,1786439406659,7,Rz,5.000000,15.000000,4.681951,-0.318049,,,335.910522,-66.845146,179.611771,89.999794,49.999893,89.999901,435.910706,-66.844315,179.611465,89.999039,86.860794,89.999207,0.154485,0.272852,0.085670,4.681952,-0.019724,0.027470,
feedback,2.758187,1786439406667,7,Rz,5.000000,15.000000,4.727058,-0.272942,,,335.910522,-66.845146,179.611771,89.999794,49.999893,89.999901,435.910858,-66.844482,179.611481,89.998573,86.823097,89.998741,-0.077784,0.076462,-0.090257,4.727057,0.013172,0.013739,
feedback,2.766253,1786439406676,7,Rz,5.000000,15.000000,4.715290,-0.284710,,,335.910522,-66.845146,179.611771,89.999794,49.999893,89.999901,435.910858,-66.844772,179.611359,89.999527,86.784935,89.999641,0.014756,-0.090501,-0.011135,4.715290,0.006588,-0.020597,
feedback,2.774594,1786439406684,7,Rz,5.000000,15.000000,4.594629,-0.405371,,,335.910522,-66.845146,179.611771,89.999794,49.999893,89.999901,435.910919,-66.843971,179.610580,90.000931,86.747528,90.001175,-0.025307,0.281954,-0.153741,4.594629,0.019758,0.054927,
feedback,2.783392,1786439406692,7,Rz,5.000000,15.000000,4.675062,-0.324938,,,335.910522,-66.845146,179.611771,89.999794,49.999893,89.999901,435.910583,-66.844658,179.611084,90.000000,86.709801,90.000137,-0.122531,-0.131507,-0.159607,4.675062,0.026328,-0.020599,
feedback,2.791229,1786439406701,7,Rz,5.000000,15.000000,4.767285,-0.232715,,,335.910522,-66.845146,179.611771,89.999794,49.999893,89.999901,435.911133,-66.844788,179.610977,89.999550,86.652496,89.999634,0.135942,-0.031774,-0.025578,4.767285,-0.006572,-0.013731,
feedback,2.799859,1786439406709,7,Rz,5.000000,15.000000,4.712353,-0.287647,,,335.910522,-66.845146,179.611771,89.999794,49.999893,89.999901,435.911163,-66.845154,179.611557,89.998215,86.614815,89.998222,0.065182,0.046786,0.005866,4.712353,-0.006579,0.000009,
feedback,2.808208,1786439406718,7,Rz,5.000000,15.000000,4.817315,-0.182685,,,335.910522,-66.845146,179.611771,89.999794,49.999893,89.999901,435.910706,-66.844788,179.611359,89.999115,86.576462,89.999176,-0.045544,-0.316072,0.111247,4.817316,-0.013154,-0.075527,
feedback,2.816271,1786439406726,7,Rz,5.000000,15.000000,5.194970,0.194970,,,335.910522,-66.845146,179.611771,89.999794,49.999893,89.999901,435.910919,-66.844872,179.611343,89.999130,86.535461,89.999237,0.152053,0.117795,0.048360,5.194970,-0.013149,0.013738,
feedback,2.823926,1786439406730,7,Rz,5.000000,15.000000,5.253809,0.253809,,,335.910522,-66.845146,179.611771,89.999794,49.999893,89.999901,435.910797,-66.844467,179.610825,90.000435,86.514442,90.000542,-0.032151,0.099666,-0.127566,5.253809,0.019748,-0.000002,
feedback,2.832097,1786439406739,7,Rz,5.000000,15.000000,5.474530,0.474530,,,335.910522,-66.845146,179.611771,89.999794,49.999893,89.999901,435.910675,-66.844719,179.611557,89.998718,86.471260,89.998833,-0.005579,0.170407,0.037310,5.474530,-0.006569,0.027473,
feedback,2.840149,1786439406747,7,Rz,5.000000,15.000000,5.399970,0.399970,,,335.910522,-66.845146,179.611771,89.999794,49.999893,89.999901,435.910767,-66.844093,179.610748,90.000847,86.428535,90.001038,0.082090,0.146745,-0.100794,5.399970,0.013177,0.020594,
feedback,2.849220,1786439406756,7,Rz,5.000000,15.000000,5.502967,0.502967,,,335.910522,-66.845146,179.611771,89.999794,49.999893,89.999901,435.910767,-66.844910,179.610672,90.000832,86.385361,90.000946,-0.028725,0.009163,-0.069351,5.502967,0.013169,0.013728,
feedback,2.856644,1786439406764,7,Rz,5.000000,15.000000,5.543218,0.543218,,,335.910522,-66.845146,179.611771,89.999794,49.999893,89.999901,435.910828,-66.844292,179.611404,89.999176,86.341110,89.999367,0.084010,0.065367,0.392555,5.543218,-0.052615,0.020604,
feedback,2.866408,1786439406772,7,Rz,5.000000,15.000000,5.500031,0.500031,,,335.910522,-66.845146,179.611771,89.999794,49.999893,89.999901,435.910156,-66.844711,179.611023,90.000404,86.297241,90.000603,-0.131340,-0.044017,0.020991,5.500031,0.000018,0.006864,
feedback,2.872817,1786439406781,7,Rz,5.000000,15.000000,5.438232,0.438232,,,335.910522,-66.845146,179.611771,89.999794,49.999893,89.999901,435.910919,-66.844353,179.611053,90.000000,86.231812,90.000168,-0.052568,-0.115397,-0.010453,5.438232,0.000016,-0.013733,
feedback,2.881231,1786439406789,7,Rz,5.000000,15.000000,5.222436,0.222436,,,335.910522,-66.845146,179.611771,89.999794,49.999893,89.999901,435.910858,-66.844467,179.611588,89.998810,86.189850,89.998955,0.036735,0.110668,0.069351,5.222436,-0.013146,0.013740,
feedback,2.889142,1786439406798,7,Rz,5.000000,15.000000,4.672126,-0.327874,,,335.910522,-66.845146,179.611771,89.999794,49.999893,89.999901,435.910645,-66.845032,179.611130,90.000000,86.151443,90.000084,-0.065271,-0.114404,-0.079804,4.672126,0.013165,-0.020599,
feedback,2.897300,1786439406806,7,Rz,5.000000,15.000000,4.792786,-0.207214,,,335.910522,-66.845146,179.611771,89.999794,49.999893,89.999901,435.910919,-66.843796,179.611481,89.998833,86.112915,89.999138,-0.012515,0.258457,-0.010453,4.792786,0.000025,0.054938,
feedback,2.905788,1786439406814,7,Rz,5.000000,15.000000,4.752558,-0.247442,,,335.910522,-66.845146,179.611771,89.999794,49.999893,89.999901,435.910675,-66.844322,179.610977,90.000000,86.074654,90.000168,0.011240,0.157688,-0.143288,4.752558,0.019751,0.013733,
feedback,2.914269,1786439406823,7,Rz,5.000000,15.000000,4.743750,-0.256250,,,335.910522,-66.845146,179.611771,89.999794,49.999893,89.999901,435.910889,-66.843895,179.611298,89.999237,86.036682,89.999512,0.175009,0.269408,0.096123,4.743750,-0.019715,0.041203,
feedback,2.921958,1786439406831,7,Rz,5.000000,15.000000,4.726109,-0.273891,,,335.910522,-66.845146,179.611771,89.999794,49.999893,89.999901,435.911102,-66.845100,179.611954,89.998116,85.998947,89.998177,0.198162,-0.135416,0.345390,4.726110,-0.052629,-0.034321,
feedback,2.930401,1786439406840,7,Rz,5.000000,15.000000,4.758453,-0.241547,,,335.910522,-66.845146,179.611771,89.999794,49.999893,89.999901,435.910278,-66.844658,179.611298,89.999626,85.960770,89.999794,-0.082269,-0.101738,-0.047081,4.758453,0.000014,-0.006864,
feedback,2.938443,1786439406848,7,Rz,5.000000,15.000000,4.705487,-0.294513,,,335.910522,-66.845146,179.611771,89.999794,49.999893,89.999901,435.910736,-66.844612,179.611023,90.000000,85.922852,90.000137,0.037812,0.138307,0.021588,4.705487,-0.006568,0.013733,
feedback,2.946783,1786439406857,7,Rz,5.000000,15.000000,4.732930,-0.267070,,,335.910522,-66.845146,179.611771,89.999794,49.999893,89.999901,435.910980,-66.844093,179.610611,90.001099,85.866676,90.001343,-0.068589,0.189055,-0.202783,4.732930,0.039496,0.034326,
feedback,2.954894,1786439406865,7,Rz,5.000000,15.000000,5.053711,0.053711,,,335.910522,-66.845146,179.611771,89.999794,49.999893,89.999901,435.910828,-66.844604,179.611481,89.998917,85.826775,89.999084,0.008011,0.074771,0.000000,5.053711,0.000015,0.013740,
feedback,2.963069,1786439406873,7,Rz,5.000000,15.000000,5.280304,0.280304,,,335.910522,-66.845146,179.611771,89.999794,49.999893,89.999901,435.910736,-66.844833,179.611099,89.999641,85.784142,89.999779,0.098130,-0.079959,-0.047165,5.280304,0.000013,0.000002,
feedback,2.971369,1786439406877,7,Rz,5.000000,15.000000,5.307770,0.307770,,,335.910522,-66.845146,179.611771,89.999794,49.999893,89.999901,435.910553,-66.845459,179.610931,90.000351,85.741501,90.000381,0.047894,-0.207616,-0.005269,5.307770,0.000003,-0.034335,
feedback,2.979837,1786439406890,7,Rz,5.000000,15.000000,5.172406,0.172406,,,335.910522,-66.845146,179.611771,89.999794,49.999893,89.999901,435.911102,-66.844627,179.611465,89.998947,85.700050,89.999115,0.078861,0.041298,0.042494,5.172406,-0.006564,0.013740,
feedback,2.988657,1786439406894,7,Rz,5.000000,15.000000,5.293043,0.293043,,,335.910522,-66.845146,179.611771,89.999794,49.999893,89.999901,435.910614,-66.844048,179.610992,90.000351,85.678879,90.000565,-0.124702,0.144400,-0.117711,5.293043,0.026337,0.013730,
feedback,2.996015,1786439406903,7,Rz,5.000000,15.000000,5.494135,0.494135,,,335.910522,-66.845146,179.611771,89.999794,49.999893,89.999901,435.910858,-66.844383,179.610779,90.000694,85.635078,90.000854,0.032930,0.181910,-0.106660,5.494135,0.019754,0.027461,
feedback,3.005057,1786439406911,7,Rz,5.000000,15.000000,5.531426,0.531426,,,335.910522,-66.845146,179.611771,89.999794,49.999893,89.999901,435.910645,-66.844040,179.610596,90.000687,85.591240,90.000900,0.078961,0.050902,0.027454,5.531426,-0.013137,-0.000005,
feedback,3.012506,1786439406919,7,Rz,5.000000,15.000000,5.431366,0.431366,,,335.910522,-66.845146,179.611771,89.999794,49.999893,89.999901,435.910858,-66.844704,179.610962,90.000000,85.547531,90.000168,0.012513,-0.055684,0.010453,5.431366,0.000016,0.006866,
feedback,3.021498,1786439406928,7,Rz,5.000000,15.000000,5.389196,0.389196,,,335.910522,-66.845146,179.611771,89.999794,49.999893,89.999901,435.910950,-66.845131,179.611526,89.998993,85.504440,89.999023,0.085884,-0.069256,0.164194,5.389196,-0.019735,-0.020592,
feedback,3.028755,1786439406936,7,Rz,5.000000,15.000000,5.140038,0.140038,,,335.910522,-66.845146,179.611771,89.999794,49.999893,89.999901,435.910797,-66.844810,179.611786,89.998672,85.462296,89.998810,-0.053555,-0.188070,0.111247,5.140038,-0.013146,-0.027456,
feedback,3.037392,1786439406945,7,Rz,5.000000,15.000000,4.594653,-0.405347,,,335.910522,-66.845146,179.611771,89.999794,49.999893,89.999901,435.910980,-66.844559,179.611526,89.999016,85.404984,89.999184,0.180778,0.086101,0.117711,4.594653,-0.026304,-0.006860,
feedback,3.045517,1786439406953,7,Rz,5.000000,15.000000,4.329797,-0.670203,,,335.910522,-66.845146,179.611771,89.999794,49.999893,89.999901,435.910736,-66.844521,179.611023,90.000000,85.369743,90.000168,0.049250,-0.125259,0.079804,4.329797,-0.013146,-0.034332,
feedback,3.054165,1786439406962,7,Rz,5.000000,15.000000,4.061034,-0.938966,,,335.910522,-66.845146,179.611771,89.999794,49.999893,89.999901,435.910828,-66.845207,179.611435,89.999352,85.336853,89.999435,0.105433,-0.090735,0.207370,4.061034,-0.032890,-0.020596,
feedback,3.061335,1786439406970,7,Rz,5.000000,15.000000,3.861907,-1.138093,,,335.910522,-66.845146,179.611771,89.999794,49.999893,89.999901,435.910706,-66.845200,179.611832,89.998390,85.305542,89.998428,-0.012217,-0.220783,0.176011,3.861907,-0.032894,-0.041190,
feedback,3.069428,1786439406978,7,Rz,5.000000,15.000000,3.629419,-1.370581,,,335.910522,-66.845146,179.611771,89.999794,49.999893,89.999901,435.911072,-66.844620,179.612000,89.998085,85.276093,89.998230,-0.066069,-0.019734,0.100794,3.629419,-0.013150,0.000010,
feedback,3.077686,1786439406987,7,Rz,5.000000,15.000000,3.507787,-1.492213,,,335.910522,-66.845146,179.611771,89.999794,49.999893,89.999901,435.910675,-66.844933,179.611023,90.000000,85.247879,90.000107,0.040162,-0.115017,0.127566,3.507787,-0.019731,-0.013733,
feedback,3.085819,1786439406995,7,Rz,5.000000,15.000000,3.449897,-1.550103,,,335.910522,-66.845146,179.611771,89.999794,49.999893,89.999901,435.910736,-66.844696,179.611023,90.000000,85.220161,90.000107,-0.065271,-0.069344,-0.079804,3.449897,0.013165,-0.006866,
feedback,3.094349,1786439407004,7,Rz,5.000000,15.000000,3.429297,-1.570703,,,335.910522,-66.845146,179.611771,89.999794,49.999893,89.999901,435.910736,-66.845207,179.611298,89.999374,85.192574,89.999428,-0.031056,-0.181350,-0.121700,3.429297,0.013162,-0.027463,
feedback,3.102045,1786439407012,7,Rz,5.000000,15.000000,3.422431,-1.577569,,,335.910522,-66.845146,179.611771,89.999794,49.999893,89.999901,435.910309,-66.844826,179.610275,90.001251,85.165154,90.001358,-0.028714,0.063801,-0.158328,3.422431,0.013165,0.013727,
feedback,3.110159,1786439407021,7,Rz,5.000000,15.000000,3.213501,-1.786499,,,335.910522,-66.845146,179.611771,89.999794,49.999893,89.999901,435.910278,-66.845039,179.610565,90.000931,85.125732,90.001007,0.106141,-0.185431,-0.047165,3.213501,0.000005,-0.041203,
feedback,3.118180,1786439407025,7,Rz,5.000000,15.000000,3.088934,-1.911066,,,335.910522,-66.845146,179.611771,89.999794,49.999893,89.999901,435.910767,-66.844513,179.610916,90.000000,85.113373,90.000168,0.122441,0.131481,0.085670,3.088934,-0.019729,0.020599,
feedback,3.126520,1786439407033,7,Rz,5.000000,15.000000,2.670080,-2.329920,,,335.910522,-66.845146,179.611771,89.999794,49.999893,89.999901,435.911072,-66.844719,179.611801,89.998459,85.091064,89.998581,0.146474,0.265672,0.085670,2.670080,-0.019733,0.034338,
feedback,3.134963,1786439407042,7,Rz,5.000000,15.000000,2.210027,-2.789973,,,335.910522,-66.845146,179.611771,89.999794,49.999893,89.999901,435.910950,-66.843857,179.611786,89.998772,85.072807,89.999023,0.020803,0.051274,0.143288,2.210027,-0.019728,0.013737,
feedback,3.143215,1786439407050,7,Rz,5.000000,15.000000,1.738184,-3.261816,,,335.910522,-66.845146,179.611771,89.999794,49.999893,89.999901,435.910461,-66.845184,179.610703,90.000610,85.058159,90.000664,-0.145309,-0.215476,-0.059495,1.738184,0.019739,-0.027467,
feedback,3.151187,1786439407059,7,Rz,5.000000,15.000000,1.365430,-3.634570,,,335.910522,-66.845146,179.611771,89.999794,49.999893,89.999901,435.910522,-66.844749,179.610809,90.000610,85.046486,90.000687,-0.018561,0.026560,-0.164876,1.365430,0.026319,-0.006868,
feedback,3.159279,1786439407067,7,Rz,5.000000,15.000000,1.229118,-3.770882,,,335.910522,-66.845146,179.611771,89.999794,49.999893,89.999901,435.911469,-66.844574,179.612167,89.997871,85.036362,89.997963,0.204918,-0.110867,0.245278,1.229119,-0.046053,-0.027462,
feedback,3.168023,1786439407075,7,Rz,5.000000,15.000000,1.290894,-3.709106,,,335.910522,-66.845146,179.611771,89.999794,49.999893,89.999901,435.911163,-66.844070,179.611908,89.998482,85.025970,89.998650,-0.062750,0.085740,0.031443,1.290894,0.000004,0.006869,
feedback,3.176206,1786439407084,7,Rz,5.000000,15.000000,1.063329,-3.936671,,,335.910522,-66.845146,179.611771,89.999794,49.999893,89.999901,435.910980,-66.845139,179.611618,89.998787,85.016968,89.998848,0.040162,-0.115017,0.127566,1.063329,-0.019737,-0.013731,
feedback,3.183626,1786439407092,7,Rz,5.000000,15.000000,0.767078,-4.232922,,,335.910522,-66.845146,179.611771,89.999794,49.999893,89.999901,435.910645,-66.844734,179.611465,89.999397,85.010391,89.999504,-0.057171,-0.017076,-0.005866,0.767078,0.006581,0.000001,
feedback,3.192065,1786439407101,7,Rz,5.000000,15.000000,0.383527,-4.616473,,,335.910522,-66.845146,179.611771,89.999794,49.999893,89.999901,435.910187,-66.844971,179.611206,90.000000,85.004089,90.000107,-0.245860,-0.123283,-0.138617,0.383527,0.026318,-0.006866,
feedback,3.200231,1786439407109,7,Rz,5.000000,15.000000,0.363922,-4.636078,,,335.910522,-66.845146,179.611771,89.999794,49.999893,89.999901,435.910553,-66.844887,179.611267,89.999695,85.001030,89.999840,-0.016022,-0.036890,0.000000,0.363922,0.000001,0.006867,
feedback,3.208336,1786439407117,7,Rz,5.000000,15.000000,0.222686,-4.777314,,,335.910522,-66.845146,179.611771,89.999794,49.999893,89.999901,435.910980,-66.845032,179.611725,89.998795,84.999084,89.998856,0.054030,-0.155935,0.223092,0.222686,-0.032896,-0.027465,
feedback,3.216253,1786439407126,7,Rz,5.000000,15.000000,0.079461,-4.920539,,,335.910522,-66.845146,179.611771,89.999794,49.999893,89.999901,435.911255,-66.844040,179.610977,89.999695,84.998344,89.999863,0.105325,0.285486,0.079804,0.079461,-0.013158,0.027466,
feedback,3.224417,1786439407134,7,Rz,5.000000,15.000000,0.056897,-4.943103,,,335.910522,-66.845146,179.611771,89.999794,49.999893,89.999901,435.910309,-66.845428,179.610855,90.000305,84.997917,90.000328,-0.054810,-0.305883,0.011135,0.056897,-0.006579,-0.054932,
feedback,3.233426,1786439407142,7,Rz,5.000000,15.000000,0.035303,-4.964697,,,335.910522,-66.845146,179.611771,89.999794,49.999893,89.999901,435.910645,-66.844376,179.611160,89.999695,84.997574,89.999916,-0.068698,0.336584,-0.138019,0.035303,0.019738,0.075531,
feedback,3.240703,1786439407151,7,Rz,5.000000,15.000000,0.011768,-4.988232,,,335.910522,-66.845146,179.611771,89.999794,49.999893,89.999901,435.910675,-66.845299,179.611023,90.000000,84.997391,90.000000,-0.050326,-0.037562,-0.032041,0.011768,0.006579,-0.006866,
feedback,3.249011,1786439407159,7,Rz,5.000000,15.000000,0.012739,-4.987261,,,335.910522,-66.845146,179.611771,89.999794,49.999893,89.999901,435.910431,-66.845306,179.610992,90.000305,84.997284,90.000359,-0.103173,-0.162616,-0.175329,0.012739,0.026317,-0.006866,
feedback,3.257117,1786439407167,7,Rz,5.000000,15.000000,0.019605,-4.980395,,,335.910522,-66.845146,179.611771,89.999794,49.999893,89.999901,435.910797,-66.845352,179.610870,90.000305,84.997177,90.000275,-0.015224,-0.221682,-0.180598,0.019605,0.026317,-0.041199,
feedback,3.265631,1786439407176,7,Rz,5.000000,15.000000,0.015698,-4.984302,,,335.910522,-66.845146,179.611771,89.999794,49.999893,89.999901,435.910614,-66.844925,179.611267,89.999695,84.997047,89.999756,0.014945,0.054312,0.047763,0.015698,-0.006579,0.006866,
feedback,3.273431,1786439407180,5,Rz,5.000000,15.000000,-0.015698,-5.015698,,,335.910522,-66.845146,179.611771,89.999794,49.999893,89.999901,435.910645,-66.844948,179.611130,90.000000,84.997116,90.000107,0.013590,-0.005515,-0.037310,-0.015698,0.006579,0.013733,
feedback,3.281857,1786439407189,5,Rz,5.000000,15.000000,-0.012762,-5.012762,,,335.910522,-66.845146,179.611771,89.999794,49.999893,89.999901,435.910461,-66.845093,179.610992,90.000305,84.997063,90.000381,-0.085896,-0.030443,-0.075217,-0.012762,0.019738,0.006866,
feedback,3.289763,1786439407197,5,Rz,5.000000,15.000000,-0.002936,-5.002936,,,335.910522,-66.845146,179.611771,89.999794,49.999893,89.999901,435.910675,-66.844727,179.611649,89.999092,84.996979,89.999207,-0.045544,-0.135829,0.111247,-0.002936,-0.013158,-0.020599,
feedback,3.298142,1786439407206,5,Rz,5.000000,15.000000,-0.018657,-5.018657,,,335.910522,-66.845146,179.611771,89.999794,49.999893,89.999901,435.910339,-66.845291,179.610947,90.000305,84.997040,90.000298,-0.152422,-0.262661,-0.255132,-0.018657,0.039475,-0.041199,
