event,pc_time_s,controller_timestamp,robot_mode,axis,target_speed_deg_s,target_delta_deg,selected_actual_deg_s,speed_error_deg_s,command_interval_ms,command_latency_ms,target_x,target_y,target_z,target_rx,target_ry,target_rz,actual_x,actual_y,actual_z,actual_rx,actual_ry,actual_rz,tcp_vx,tcp_vy,tcp_vz,tcp_wx,tcp_wy,tcp_wz,response
feedback,0.002927,1786442372059,5,Rx,0.000000,0.000000,-0.028203,-0.028203,,,435.927734,-66.838371,179.629578,165.924408,74.023300,150.924545,435.926758,-66.838310,179.628998,165.924408,74.023155,150.924606,-0.058386,0.097464,-0.073901,0.005723,0.020997,0.030825,
feedback,0.011516,1786442372064,5,Rx,0.000000,0.000000,0.049529,0.049529,,,435.927734,-66.838371,179.629578,165.924408,74.023300,150.924545,435.926666,-66.839325,179.629318,165.924515,74.023239,150.924530,-0.020921,-0.252832,0.079137,-0.017294,-0.014240,-0.049173,
command,0.000018,,,Rx,-5.000000,-15.000000,,,,11.889,435.927734,-66.838371,179.629578,165.924408,74.023300,150.924545,,,,,,,,,,,,,"0,{1545},RelMovLTool(0.000000,0.000000,0.000000,-15.000000,0.000000,0.000000,a=30,v=23,cp=0);"
feedback,0.020106,1786442372073,7,Rx,-5.000000,-15.000000,-0.001899,4.998101,,,435.927734,-66.838371,179.629578,165.924408,74.023300,150.924545,435.926636,-66.838722,179.628998,165.924362,74.023186,150.924484,-0.151149,-0.055356,-0.067339,-0.000622,0.017854,0.004615,
feedback,0.025910,1786442372081,7,Rx,-5.000000,-15.000000,-0.005045,4.994955,,,435.927734,-66.838371,179.629578,165.924408,74.023300,150.924545,435.926147,-66.838959,179.628525,165.924683,74.023125,150.924805,-0.070708,0.013242,-0.051329,-0.003048,0.006153,0.006866,
feedback,0.034173,1786442372089,7,Rx,-5.000000,-15.000000,0.011203,5.011203,,,435.927734,-66.838371,179.629578,165.924408,74.023300,150.924545,435.926056,-66.839005,179.628632,165.924423,74.023125,150.924530,-0.103028,-0.041828,-0.096318,-0.006967,0.014710,-0.007863,
feedback,0.042480,1786442372098,7,Rx,-5.000000,-15.000000,0.008158,5.008158,,,435.927734,-66.838371,179.629578,165.924408,74.023300,150.924545,435.926300,-66.838692,179.628448,165.924133,74.023109,150.924271,-0.003485,-0.050001,-0.075023,-0.003048,0.006153,-0.006866,
feedback,0.050826,1786442372106,7,Rx,-5.000000,-15.000000,-0.017804,4.982196,,,435.927734,-66.838371,179.629578,165.924408,74.023300,150.924545,435.925720,-66.838936,179.628311,165.924332,74.023064,150.924515,0.152660,0.114692,0.084471,0.019782,-0.018015,0.011063,
feedback,0.059048,1786442372115,7,Rx,-5.000000,-15.000000,0.010090,5.010090,,,435.927734,-66.838371,179.629578,165.924408,74.023300,150.924545,435.925659,-66.839119,179.628189,165.923904,74.023018,150.924011,0.049576,-0.071986,0.042898,0.044542,-0.022218,-0.024732,
feedback,0.066925,1786442372123,7,Rx,-5.000000,-15.000000,-0.032905,4.967095,,,435.927734,-66.838371,179.629578,165.924408,74.023300,150.924545,435.924500,-66.838928,179.627380,165.924576,74.022911,150.924866,-0.013084,0.148653,-0.002788,-0.000063,0.004796,0.034910,
feedback,0.075088,1786442372132,7,Rx,-5.000000,-15.000000,-0.155280,4.844720,,,435.927734,-66.838371,179.629578,165.924408,74.023300,150.924545,435.925018,-66.837288,179.627106,165.923233,74.022736,150.924271,0.180701,0.432940,0.022008,0.067805,-0.015221,0.142435,
feedback,0.083408,1786442372140,7,Rx,-5.000000,-15.000000,-0.343721,4.656279,,,435.927734,-66.838371,179.629578,165.924408,74.023300,150.924545,435.922333,-66.835526,179.622787,165.921692,74.021774,150.925217,-0.343975,0.069088,-0.565848,0.173181,0.070470,0.324000,
feedback,0.091921,1786442372148,7,Rx,-5.000000,-15.000000,-0.673221,4.326779,,,435.927734,-66.838371,179.629578,165.924408,74.023300,150.924545,435.919769,-66.834465,179.617523,165.916199,74.020187,150.924332,-0.294950,0.177986,-0.724350,0.306102,0.082104,0.635096,
feedback,0.099817,1786442372157,7,Rx,-5.000000,-15.000000,-0.875711,4.124289,,,435.927734,-66.838371,179.629578,165.924408,74.023300,150.924545,435.916901,-66.835426,179.611191,165.906830,74.018227,150.921402,-0.314241,-0.156790,-0.727637,0.435133,0.023651,0.805296,
feedback,0.107910,1786442372165,7,Rx,-5.000000,-15.000000,-1.016049,3.983951,,,435.927734,-66.838371,179.629578,165.924408,74.023300,150.924545,435.914917,-66.839890,179.606903,165.891953,74.016922,150.913742,-0.058706,-0.456269,-0.350930,0.586083,-0.174402,0.885923,
feedback,0.115941,1786442372174,7,Rx,-5.000000,-15.000000,-1.272200,3.727800,,,435.927734,-66.838371,179.629578,165.924408,74.023300,150.924545,435.912872,-66.843315,179.602951,165.873138,74.015633,150.904297,-0.275360,-0.347858,-0.451421,0.660687,-0.179330,1.133014,
feedback,0.124113,1786442372182,7,Rx,-5.000000,-15.000000,-1.336365,3.663635,,,435.927734,-66.838371,179.629578,165.924408,74.023300,150.924545,435.911926,-66.847664,179.600998,165.855331,74.014931,150.896378,-0.060580,-0.295785,-0.133718,0.561527,-0.221015,1.218774,
feedback,0.132304,1786442372190,7,Rx,-5.000000,-15.000000,-1.518583,3.481417,,,435.927734,-66.838371,179.629578,165.924408,74.023300,150.924545,435.912750,-66.844810,179.598480,165.831207,74.013847,150.889801,0.015013,0.385850,-0.236559,0.452244,-0.173121,1.442349,
feedback,0.140920,1786442372199,7,Rx,-5.000000,-15.000000,-1.909419,3.090581,,,435.927734,-66.838371,179.629578,165.924408,74.023300,150.924545,435.917145,-66.834908,179.598251,165.818710,74.013718,150.891388,0.533765,1.661473,-0.197303,0.405830,-0.173395,1.860486,
feedback,0.148846,1786442372203,7,Rx,-5.000000,-15.000000,-1.998108,3.001892,,,435.927734,-66.838371,179.629578,165.924408,74.023300,150.924545,435.919952,-66.828537,179.597946,165.811234,74.013641,150.891922,0.696304,1.593403,-0.074475,0.459273,-0.233171,1.931034,
feedback,0.157231,1786442372212,7,Rx,-5.000000,-15.000000,-2.433071,2.566929,,,435.927734,-66.838371,179.629578,165.924408,74.023300,150.924545,435.925934,-66.816048,179.597473,165.795349,74.013710,150.894714,0.865658,1.453029,-0.015837,0.570754,-0.337596,2.341038,
feedback,0.165161,1786442372220,7,Rx,-5.000000,-15.000000,-2.684663,2.315337,,,435.927734,-66.838371,179.629578,165.924408,74.023300,150.924545,435.931152,-66.809898,179.597549,165.775055,74.013969,150.895340,0.626765,0.431197,0.117299,0.660105,-0.425665,2.568114,
feedback,0.173485,1786442372228,7,Rx,-5.000000,-15.000000,-3.171945,1.828055,,,435.927734,-66.838371,179.629578,165.924408,74.023300,150.924545,435.934998,-66.806503,179.596283,165.750778,74.013855,150.895798,0.425579,0.144825,-0.166385,0.765421,-0.408537,3.051023,
feedback,0.182205,1786442372237,7,Rx,-5.000000,-15.000000,-3.606321,1.393679,,,435.927734,-66.838371,179.629578,165.924408,74.023300,150.924545,435.936340,-66.807716,179.594559,165.721680,74.013474,150.894547,0.128405,-0.181149,-0.180806,0.922706,-0.475514,3.454170,
feedback,0.190279,1786442372246,7,Rx,-5.000000,-15.000000,-3.943109,1.056891,,,435.927734,-66.838371,179.629578,165.924408,74.023300,150.924545,435.935547,-66.810425,179.593964,165.689438,74.013016,150.892868,-0.236016,-0.102103,-0.268299,1.031591,-0.468316,3.778254,
feedback,0.198105,1786442372254,7,Rx,-5.000000,-15.000000,-3.990997,1.009003,,,435.927734,-66.838371,179.629578,165.924408,74.023300,150.924545,435.932098,-66.810806,179.592712,165.656570,74.012291,150.891846,-0.375272,-0.082716,-0.125177,1.025839,-0.461356,3.830479,
feedback,0.206394,1786442372262,7,Rx,-5.000000,-15.000000,-4.044875,0.955125,,,435.927734,-66.838371,179.629578,165.924408,74.023300,150.924545,435.926270,-66.813263,179.593918,165.606445,74.011398,150.889603,-0.561677,-0.187624,0.155214,1.060221,-0.506348,3.871647,
feedback,0.214758,1786442372271,7,Rx,-5.000000,-15.000000,-4.344245,0.655755,,,435.927734,-66.838371,179.629578,165.924408,74.023300,150.924545,435.925659,-66.807365,179.597046,165.569595,74.011192,150.886414,-0.005355,1.194896,0.424614,1.162862,-0.614581,4.142281,
feedback,0.223109,1786442372279,7,Rx,-5.000000,-15.000000,-4.274899,0.725101,,,435.927734,-66.838371,179.629578,165.924408,74.023300,150.924545,435.925262,-66.807617,179.601730,165.530518,74.011307,150.881165,-0.083608,-0.199195,0.534988,1.179122,-0.666074,4.058896,
feedback,0.230922,1786442372288,7,Rx,-5.000000,-15.000000,-4.301793,0.698207,,,435.927734,-66.838371,179.629578,165.924408,74.023300,150.924545,435.926636,-66.813393,179.607513,165.489532,74.012108,150.874176,0.117055,-0.962357,0.646492,1.215316,-0.777844,4.062229,
feedback,0.239369,1786442372296,7,Rx,-5.000000,-15.000000,-4.371520,0.628480,,,435.927734,-66.838371,179.629578,165.924408,74.023300,150.924545,435.924316,-66.826553,179.611938,165.447250,74.012573,150.866379,-0.367172,-1.843931,0.539524,1.229718,-0.764768,4.132979,
feedback,0.247478,1786442372304,7,Rx,-5.000000,-15.000000,-4.492200,0.507800,,,435.927734,-66.838371,179.629578,165.924408,74.023300,150.924545,435.919403,-66.844025,179.613846,165.405304,74.012878,150.860031,-0.696166,-2.280881,0.347456,1.231533,-0.766837,4.257771,
feedback,0.255579,1786442372313,7,Rx,-5.000000,-15.000000,-4.757026,0.242974,,,435.927734,-66.838371,179.629578,165.924408,74.023300,150.924545,435.911438,-66.861610,179.614456,165.372101,74.013649,150.864105,-0.903144,-1.897662,0.001175,0.952650,-0.629284,4.622229,
feedback,0.264073,1786442372321,7,Rx,-5.000000,-15.000000,-4.980564,0.019436,,,435.927734,-66.838371,179.629578,165.924408,74.023300,150.924545,435.905151,-66.873192,179.616013,165.335648,74.014137,150.866699,-0.617050,-1.000294,0.264642,1.153851,-0.684911,4.796652,
feedback,0.272296,1786442372329,7,Rx,-5.000000,-15.000000,-5.117761,-0.117761,,,435.927734,-66.838371,179.629578,165.924408,74.023300,150.924545,435.898865,-66.880463,179.613876,165.294601,74.013306,150.867020,-0.651378,-1.027536,-0.078758,1.330331,-0.648624,4.900267,
feedback,0.280663,1786442372338,7,Rx,-5.000000,-15.000000,-5.197217,-0.197217,,,435.927734,-66.838371,179.629578,165.924408,74.023300,150.924545,435.897491,-66.881271,179.615997,165.251450,74.013214,150.865219,-0.047691,0.249719,0.253091,1.283047,-0.712108,4.985897,
feedback,0.288562,1786442372342,7,Rx,-5.000000,-15.000000,-5.587430,-0.587430,,,435.927734,-66.838371,179.629578,165.924408,74.023300,150.924545,435.897583,-66.874313,179.615601,165.228745,74.012825,150.864853,0.022682,1.741075,-0.093315,1.412225,-0.677207,5.364350,
feedback,0.297306,1786442372351,7,Rx,-5.000000,-15.000000,-5.612341,-0.612341,,,435.927734,-66.838371,179.629578,165.924408,74.023300,150.924545,435.903290,-66.843338,179.619873,165.160568,74.013031,150.863068,0.626153,2.941262,0.339532,1.438309,-0.820987,5.363680,
feedback,0.304888,1786442372360,7,Rx,-5.000000,-15.000000,-5.364817,-0.364817,,,435.927734,-66.838371,179.629578,165.924408,74.023300,150.924545,435.906921,-66.831116,179.622971,165.110916,74.012825,150.856796,0.448342,0.953747,0.615036,1.551015,-0.885295,5.069022,
feedback,0.313156,1786442372368,7,Rx,-5.000000,-15.000000,-5.236441,-0.236441,,,435.927734,-66.838371,179.629578,165.924408,74.023300,150.924545,435.909149,-66.824356,179.625565,165.064468,74.013107,150.852188,0.420241,1.025509,0.474710,1.341790,-0.851872,4.992497,
feedback,0.322054,1786442372376,7,Rx,-5.000000,-15.000000,-4.727951,0.272049,,,435.927734,-66.838371,179.629578,165.924408,74.023300,150.924545,435.908966,-66.827736,179.629868,165.025421,74.014381,150.852417,-0.223326,-1.253044,0.537365,0.999613,-0.782681,4.558823,
feedback,0.330010,1786442372385,7,Rx,-5.000000,-15.000000,-4.707387,0.292613,,,435.927734,-66.838371,179.629578,165.924408,74.023300,150.924545,435.904938,-66.843269,179.632141,164.990250,74.015617,150.854721,-0.304818,-1.577612,0.390280,0.976387,-0.744552,4.548563,
feedback,0.337701,1786442372393,7,Rx,-5.000000,-15.000000,-4.777902,0.222098,,,435.927734,-66.838371,179.629578,165.924408,74.023300,150.924545,435.901276,-66.854858,179.633774,164.956009,74.016968,150.858322,-0.361226,-0.898671,0.285454,0.953097,-0.717473,4.631518,
feedback,0.346027,1786442372401,7,Rx,-5.000000,-15.000000,-4.782632,0.217368,,,435.927734,-66.838371,179.629578,165.924408,74.023300,150.924545,435.899078,-66.863701,179.635513,164.921646,74.018593,150.861954,-0.077844,-0.798904,0.196307,0.976923,-0.766734,4.623608,
feedback,0.354011,1786442372410,7,Rx,-5.000000,-15.000000,-4.862882,0.137118,,,435.927734,-66.838371,179.629578,165.924408,74.023300,150.924545,435.896301,-66.870094,179.635361,164.888138,74.019867,150.867157,-0.233083,-0.698719,-0.065490,0.922527,-0.688319,4.731626,
feedback,0.362376,1786442372418,7,Rx,-5.000000,-15.000000,-5.400996,-0.400996,,,435.927734,-66.838371,179.629578,165.924408,74.023300,150.924545,435.898468,-66.862488,179.632858,164.852341,74.020134,150.874374,0.407271,1.095836,-0.269305,1.107333,-0.651085,5.250332,
feedback,0.370325,1786442372427,7,Rx,-5.000000,-15.000000,-5.335222,-0.335222,,,435.927734,-66.838371,179.629578,165.924408,74.023300,150.924545,435.903961,-66.855103,179.628067,164.798752,74.020439,150.884567,0.577161,0.781118,-0.465947,1.070620,-0.600236,5.198185,
feedback,0.378703,1786442372435,7,Rx,-5.000000,-15.000000,-5.012053,-0.012053,,,435.927734,-66.838371,179.629578,165.924408,74.023300,150.924545,435.905945,-66.854752,179.625092,164.765442,74.020859,150.892456,0.315034,-0.115549,-0.258799,0.927653,-0.624620,4.894398,
feedback,0.386630,1786442372443,7,Rx,-5.000000,-15.000000,-5.448906,-0.448906,,,435.927734,-66.838371,179.629578,165.924408,74.023300,150.924545,435.907684,-66.843491,179.620605,164.729263,74.020508,150.899963,-0.020792,1.593315,-0.751656,1.105449,-0.529400,5.317589,
feedback,0.395185,1786442372452,7,Rx,-5.000000,-15.000000,-5.437143,-0.437143,,,435.927734,-66.838371,179.629578,165.924408,74.023300,150.924545,435.909302,-66.827705,179.618073,164.694595,74.020424,150.909454,0.182544,1.766894,-0.197274,0.974692,-0.567022,5.332832,
feedback,0.403061,1786442372460,7,Rx,-5.000000,-15.000000,-4.998537,0.001463,,,435.927734,-66.838371,179.629578,165.924408,74.023300,150.924545,435.906128,-66.826942,179.615891,164.670380,74.021515,150.926254,-0.484585,-0.147783,-0.208056,0.684414,-0.545435,4.952242,
feedback,0.411466,1786442372468,7,Rx,-5.000000,-15.000000,-4.794637,0.205363,,,435.927734,-66.838371,179.629578,165.924408,74.023300,150.924545,435.902740,-66.831505,179.614075,164.641724,74.022247,150.937363,-0.368226,-1.125118,-0.031918,0.880162,-0.619932,4.680798,
feedback,0.420227,1786442372477,7,Rx,-5.000000,-15.000000,-4.690976,0.309024,,,435.927734,-66.838371,179.629578,165.924408,74.023300,150.924545,435.896973,-66.846092,179.611450,164.610855,74.022781,150.943939,-0.537806,-1.539063,-0.232019,0.956239,-0.591232,4.557922,
feedback,0.427694,1786442372485,7,Rx,-5.000000,-15.000000,-4.841178,0.158822,,,435.927734,-66.838371,179.629578,165.924408,74.023300,150.924545,435.892151,-66.851341,179.607681,164.576401,74.022766,150.947876,-0.547261,-0.207618,-0.534716,1.063675,-0.571728,4.689983,
feedback,0.436140,1786442372493,7,Rx,-5.000000,-15.000000,-4.652364,0.347636,,,435.927734,-66.838371,179.629578,165.924408,74.023300,150.924545,435.886566,-66.860146,179.605118,164.539291,74.022583,150.948380,-0.769350,-1.316140,-0.333815,1.117400,-0.589788,4.477624,
feedback,0.446577,1786442372502,7,Rx,-5.000000,-15.000000,-4.979001,0.020999,,,435.927734,-66.838371,179.629578,165.924408,74.023300,150.924545,435.882599,-66.865150,179.602768,164.500641,74.022064,150.948608,-0.497714,-0.167774,-0.465752,1.231737,-0.562321,4.792586,
feedback,0.452204,1786442372511,7,Rx,-5.000000,-15.000000,-5.232117,-0.232117,,,435.927734,-66.838371,179.629578,165.924408,74.023300,150.924545,435.882568,-66.853149,179.599792,164.438370,74.020439,150.950226,0.015366,0.567243,-0.139312,1.330537,-0.607823,5.024816,
feedback,0.460568,1786442372515,7,Rx,-5.000000,-15.000000,-5.311742,-0.311742,,,435.927734,-66.838371,179.629578,165.924408,74.023300,150.924545,435.884338,-66.849449,179.600769,164.416672,74.020180,150.949768,0.438502,0.925892,0.251384,1.335949,-0.669182,5.097755,
feedback,0.468843,1786442372523,7,Rx,-5.000000,-15.000000,-5.062489,-0.062489,,,435.927734,-66.838371,179.629578,165.924408,74.023300,150.924545,435.884857,-66.852089,179.601334,164.374207,74.019463,150.948242,0.067702,-0.640186,0.163942,1.316661,-0.643077,4.846941,
feedback,0.476694,1786442372532,7,Rx,-5.000000,-15.000000,-5.309352,-0.309352,,,435.927734,-66.838371,179.629578,165.924408,74.023300,150.924545,435.888123,-66.849785,179.603073,164.328461,74.018845,150.944244,0.569565,0.680113,0.310247,1.445707,-0.701536,5.063292,
feedback,0.484807,1786442372540,7,Rx,-5.000000,-15.000000,-5.322535,-0.322535,,,435.927734,-66.838371,179.629578,165.924408,74.023300,150.924545,435.890045,-66.843948,179.602417,164.283722,74.017700,150.942001,0.363562,0.760695,0.061819,1.443729,-0.655040,5.083966,
feedback,0.493205,1786442372548,7,Rx,-5.000000,-15.000000,-5.041919,-0.041919,,,435.927734,-66.838371,179.629578,165.924408,74.023300,150.924545,435.890289,-66.844048,179.602112,164.240417,74.016945,150.939667,-0.004357,-0.364861,-0.113781,1.326846,-0.646362,4.822537,
feedback,0.502474,1786442372557,7,Rx,-5.000000,-15.000000,-4.782150,0.217850,,,435.927734,-66.838371,179.629578,165.924408,74.023300,150.924545,435.888641,-66.852600,179.602188,164.198563,74.016907,150.936066,-0.260693,-1.086359,-0.095128,1.258078,-0.688767,4.563640,
feedback,0.510128,1786442372565,7,Rx,-5.000000,-15.000000,-4.736942,0.263058,,,435.927734,-66.838371,179.629578,165.924408,74.023300,150.924545,435.887177,-66.858521,179.600998,164.156677,74.016739,150.932495,-0.247300,-1.160908,-0.098562,1.267685,-0.683401,4.514956,
feedback,0.517616,1786442372574,7,Rx,-5.000000,-15.000000,-4.857814,0.142186,,,435.927734,-66.838371,179.629578,165.924408,74.023300,150.924545,435.886688,-66.860153,179.600815,164.115173,74.016846,150.929550,0.000706,0.009439,-0.032926,1.235841,-0.695038,4.647041,
feedback,0.525950,1786442372583,7,Rx,-5.000000,-15.000000,-4.843464,0.156536,,,435.927734,-66.838371,179.629578,165.924408,74.023300,150.924545,435.889771,-66.866043,179.601669,164.049286,74.017540,150.920303,0.444621,-0.198967,0.217851,1.346098,-0.808633,4.588703,
feedback,0.533952,1786442372591,7,Rx,-5.000000,-15.000000,-5.304853,-0.304853,,,435.927734,-66.838371,179.629578,165.924408,74.023300,150.924545,435.894257,-66.858910,179.602402,164.002365,74.017319,150.914368,0.547484,1.373667,-0.045712,1.421358,-0.706750,5.063990,
feedback,0.542361,1786442372600,7,Rx,-5.000000,-15.000000,-5.234929,-0.234929,,,435.927734,-66.838371,179.629578,165.924408,74.023300,150.924545,435.898743,-66.853447,179.602325,163.959244,74.017197,150.913635,0.388668,0.283966,-0.059226,1.281492,-0.717239,5.024802,
feedback,0.550953,1786442372608,7,Rx,-5.000000,-15.000000,-5.169961,-0.169961,,,435.927734,-66.838371,179.629578,165.924408,74.023300,150.924545,435.901276,-66.853073,179.601883,163.916977,74.017166,150.912689,0.419002,0.213874,0.011533,1.280742,-0.716867,4.957461,
feedback,0.558943,1786442372616,7,Rx,-5.000000,-15.000000,-5.225338,-0.225338,,,435.927734,-66.838371,179.629578,165.924408,74.023300,150.924545,435.904541,-66.849350,179.601593,163.869995,74.016747,150.907654,0.232369,0.149940,-0.149016,1.467144,-0.725337,4.967230,
feedback,0.570090,1786442372625,7,Rx,-5.000000,-15.000000,-5.401083,-0.401083,,,435.927734,-66.838371,179.629578,165.924408,74.023300,150.924545,435.906006,-66.842941,179.599670,163.823090,74.016022,150.903061,0.278031,1.124763,-0.248683,1.490740,-0.706389,5.146776,
feedback,0.575260,1786442372633,7,Rx,-5.000000,-15.000000,-5.214786,-0.214786,,,435.927734,-66.838371,179.629578,165.924408,74.023300,150.924545,435.909454,-66.833633,179.599167,163.776016,74.015610,150.898590,0.337315,0.636113,-0.060036,1.400766,-0.751739,4.969189,
feedback,0.583412,1786442372641,7,Rx,-5.000000,-15.000000,-5.062982,-0.062982,,,435.927734,-66.838371,179.629578,165.924408,74.023300,150.924545,435.912781,-66.829239,179.601044,163.732391,74.015877,150.896393,0.383724,0.156382,0.314185,1.239340,-0.776054,4.848295,
feedback,0.591715,1786442372646,7,Rx,-5.000000,-15.000000,-4.850192,0.149808,,,435.927734,-66.838371,179.629578,165.924408,74.023300,150.924545,435.914856,-66.834030,179.605408,163.688934,74.016846,150.892014,0.086089,-1.090876,0.541966,1.248975,-0.823463,4.617930,
feedback,0.599625,1786442372654,7,Rx,-5.000000,-15.000000,-4.788959,0.211041,,,435.927734,-66.838371,179.629578,165.924408,74.023300,150.924545,435.916382,-66.837746,179.608353,163.664795,74.017258,150.886826,0.372913,-0.927962,0.742604,1.400785,-0.900247,4.505546,
feedback,0.608040,1786442372662,7,Rx,-5.000000,-15.000000,-4.711869,0.288131,,,435.927734,-66.838371,179.629578,165.924408,74.023300,150.924545,435.920288,-66.852158,179.618881,163.599350,74.019371,150.877518,0.400667,-0.888054,0.893470,1.129487,-0.883690,4.495545,
feedback,0.616051,1786442372671,7,Rx,-5.000000,-15.000000,-4.725948,0.274052,,,435.927734,-66.838371,179.629578,165.924408,74.023300,150.924545,435.923065,-66.855415,179.625549,163.559937,74.021225,150.876129,0.255124,-0.630397,0.776503,1.044156,-0.856058,4.535389,
feedback,0.624060,1786442372679,7,Rx,-5.000000,-15.000000,-5.123738,-0.123738,,,435.927734,-66.838371,179.629578,165.924408,74.023300,150.924545,435.926270,-66.850243,179.629532,163.522461,74.022392,150.879501,0.395118,0.671941,0.405340,1.067047,-0.735110,4.960295,
feedback,0.632157,1786442372688,7,Rx,-5.000000,-15.000000,-5.403337,-0.403337,,,435.927734,-66.838371,179.629578,165.924408,74.023300,150.924545,435.931488,-66.840248,179.631546,163.482071,74.022621,150.882370,0.599756,1.261407,0.204236,1.164309,-0.691945,5.232815,
feedback,0.640523,1786442372696,7,Rx,-5.000000,-15.000000,-5.311817,-0.311817,,,435.927734,-66.838371,179.629578,165.924408,74.023300,150.924545,435.935577,-66.830917,179.633057,163.442886,74.022957,150.885635,0.583466,1.313053,0.200629,1.113928,-0.696654,5.149564,
feedback,0.648718,1786442372705,7,Rx,-5.000000,-15.000000,-5.250955,-0.250955,,,435.927734,-66.838371,179.629578,165.924408,74.023300,150.924545,435.938019,-66.822845,179.631866,163.405823,74.022865,150.891327,0.048408,0.431634,-0.336291,1.063632,-0.540208,5.120631,
feedback,0.656793,1786442372713,7,Rx,-5.000000,-15.000000,-5.239349,-0.239349,,,435.927734,-66.838371,179.629578,165.924408,74.023300,150.924545,435.939789,-66.820282,179.630554,163.369080,74.022949,150.896866,0.069043,0.307612,-0.385315,1.074601,-0.575985,5.100830,
feedback,0.665186,1786442372722,7,Rx,-5.000000,-15.000000,-5.254014,-0.254014,,,435.927734,-66.838371,179.629578,165.924408,74.023300,150.924545,435.940125,-66.812813,179.627121,163.335052,74.022743,150.905624,-0.101290,0.802945,-0.441964,0.989826,-0.535833,5.142884,
feedback,0.673327,1786442372730,7,Rx,-5.000000,-15.000000,-5.104093,-0.104093,,,435.927734,-66.838371,179.629578,165.924408,74.023300,150.924545,435.938354,-66.810204,179.625549,163.300995,74.022766,150.913086,-0.282353,0.151428,-0.194165,0.996711,-0.573489,4.979975,
feedback,0.681333,1786442372738,7,Rx,-5.000000,-15.000000,-4.555431,0.444569,,,435.927734,-66.838371,179.629578,165.924408,74.023300,150.924545,435.931976,-66.828369,179.624435,163.253906,74.023460,150.923370,-0.679765,-2.500126,0.067864,0.929794,-0.609499,4.421000,
feedback,0.689466,1786442372747,7,Rx,-5.000000,-15.000000,-4.538073,0.461927,,,435.927734,-66.838371,179.629578,165.924408,74.023300,150.924545,435.927765,-66.846718,179.624313,163.221146,74.023941,150.927322,-0.496855,-2.361623,0.030158,0.953573,-0.608818,4.397089,
feedback,0.697734,1786442372755,7,Rx,-5.000000,-15.000000,-4.585643,0.414357,,,435.927734,-66.838371,179.629578,165.924408,74.023300,150.924545,435.926697,-66.860229,179.626450,163.191833,74.025131,150.935120,-0.155739,-1.649901,0.299652,0.680779,-0.597601,4.516389,
feedback,0.706001,1786442372764,7,Rx,-5.000000,-15.000000,-4.846427,0.153573,,,435.927734,-66.838371,179.629578,165.924408,74.023300,150.924545,435.927063,-66.867500,179.629333,163.166138,74.026672,150.947922,0.099025,-0.580039,0.459704,0.732836,-0.604753,4.773627,
feedback,0.714126,1786442372772,7,Rx,-5.000000,-15.000000,-5.308827,-0.308827,,,435.927734,-66.838371,179.629578,165.924408,74.023300,150.924545,435.928406,-66.866013,179.630554,163.133041,74.027069,150.955795,0.197825,1.007655,-0.049053,1.052491,-0.557040,5.181241,
feedback,0.722516,1786442372780,7,Rx,-5.000000,-15.000000,-5.116617,-0.116617,,,435.927734,-66.838371,179.629578,165.924408,74.023300,150.924545,435.928162,-66.861176,179.630875,163.095993,74.026741,150.960815,-0.214298,0.176110,0.033554,1.101932,-0.576761,4.966200,
feedback,0.730618,1786442372785,7,Rx,-5.000000,-15.000000,-5.441290,-0.441290,,,435.927734,-66.838371,179.629578,165.924408,74.023300,150.924545,435.928955,-66.854622,179.630737,163.075058,74.026390,150.961670,0.199117,1.639304,-0.029116,1.301679,-0.623540,5.247423,
feedback,0.738643,1786442372793,7,Rx,-5.000000,-15.000000,-5.386058,-0.386058,,,435.927734,-66.838371,179.629578,165.924408,74.023300,150.924545,435.929932,-66.845322,179.630432,163.030273,74.025307,150.959808,0.269335,1.153662,0.000912,1.445566,-0.639733,5.151714,
feedback,0.747016,1786442372802,7,Rx,-5.000000,-15.000000,-5.234313,-0.234313,,,435.927734,-66.838371,179.629578,165.924408,74.023300,150.924545,435.930603,-66.841125,179.630402,162.985260,74.024483,150.956192,0.296747,0.961733,0.045395,1.424019,-0.682056,4.993384,
feedback,0.754856,1786442372810,7,Rx,-5.000000,-15.000000,-5.456691,-0.456691,,,435.927734,-66.838371,179.629578,165.924408,74.023300,150.924545,435.932587,-66.825523,179.628647,162.940018,74.023293,150.954697,0.251045,1.760271,-0.161571,1.442482,-0.640052,5.225912,
feedback,0.763409,1786442372818,7,Rx,-5.000000,-15.000000,-5.135984,-0.135984,,,435.927734,-66.838371,179.629578,165.924408,74.023300,150.924545,435.933594,-66.822746,179.628281,162.894806,74.022545,150.951187,0.096846,-0.193315,-0.060274,1.392433,-0.693757,4.897381,
feedback,0.771484,1786442372827,7,Rx,-5.000000,-15.000000,-4.808223,0.191777,,,435.927734,-66.838371,179.629578,165.924408,74.023300,150.924545,435.932800,-66.830711,179.630539,162.832199,74.022896,150.946823,-0.196463,-0.869480,0.090282,1.203572,-0.704990,4.602160,
feedback,0.779944,1786442372835,7,Rx,-5.000000,-15.000000,-4.678984,0.321016,,,435.927734,-66.838371,179.629578,165.924408,74.023300,150.924545,435.931244,-66.844612,179.632294,162.791016,74.023529,150.942688,-0.206010,-1.631298,0.160978,1.193030,-0.753293,4.463651,
feedback,0.787867,1786442372844,7,Rx,-5.000000,-15.000000,-4.678821,0.321179,,,435.927734,-66.838371,179.629578,165.924408,74.023300,150.924545,435.929352,-66.854454,179.630920,162.750824,74.023956,150.940231,-0.333554,-1.328059,-0.294133,1.192174,-0.717937,4.468612,
feedback,0.796511,1786442372852,7,Rx,-5.000000,-15.000000,-4.916731,0.083269,,,435.927734,-66.838371,179.629578,165.924408,74.023300,150.924545,435.929413,-66.855949,179.629517,162.709412,74.024246,150.937668,0.110910,-0.006352,-0.137425,1.229085,-0.725528,4.705788,
feedback,0.804485,1786442372860,7,Rx,-5.000000,-15.000000,-5.347136,-0.347136,,,435.927734,-66.838371,179.629578,165.924408,74.023300,150.924545,435.928711,-66.856400,179.625885,162.667175,74.023911,150.935532,0.247264,1.012438,-0.411796,1.435420,-0.694818,5.106121,
feedback,0.812540,1786442372869,7,Rx,-5.000000,-15.000000,-5.265890,-0.265890,,,435.927734,-66.838371,179.629578,165.924408,74.023300,150.924545,435.928345,-66.851105,179.620712,162.621384,74.022697,150.932281,0.089080,0.530637,-0.548578,1.446431,-0.672628,5.021940,
feedback,0.820512,1786442372877,7,Rx,-5.000000,-15.000000,-5.457589,-0.457589,,,435.927734,-66.838371,179.629578,165.924408,74.023300,150.924545,435.929291,-66.844826,179.617569,162.574112,74.021751,150.927277,0.291283,1.573421,-0.308566,1.529682,-0.697375,5.197065,
feedback,0.829201,1786442372886,7,Rx,-5.000000,-15.000000,-5.339520,-0.339520,,,435.927734,-66.838371,179.629578,165.924408,74.023300,150.924545,435.928345,-66.839661,179.613953,162.527252,74.020706,150.922577,0.136560,1.138582,-0.360539,1.477103,-0.689378,5.088521,
feedback,0.837100,1786442372894,7,Rx,-5.000000,-15.000000,-5.554707,-0.554707,,,435.927734,-66.838371,179.629578,165.924408,74.023300,150.924545,435.928802,-66.824722,179.611984,162.478806,74.019684,150.917877,0.122592,2.139163,-0.285002,1.538553,-0.692108,5.296599,
feedback,0.845310,1786442372902,7,Rx,-5.000000,-15.000000,-5.268367,-0.268367,,,435.927734,-66.838371,179.629578,165.924408,74.023300,150.924545,435.929260,-66.811653,179.610001,162.404343,74.018341,150.907257,0.065761,0.812581,0.030322,1.531148,-0.777025,4.988780,
feedback,0.853335,1786442372911,7,Rx,-5.000000,-15.000000,-4.933481,0.066519,,,435.927734,-66.838371,179.629578,165.924408,74.023300,150.924545,435.928711,-66.809593,179.609894,162.365204,74.018936,150.907959,-0.107505,0.046437,0.116872,1.058145,-0.726548,4.765834,
feedback,0.861817,1786442372919,7,Rx,-5.000000,-15.000000,-4.727559,0.272441,,,435.927734,-66.838371,179.629578,165.924408,74.023300,150.924545,435.926514,-66.821762,179.610519,162.328110,74.019821,150.908722,-0.380298,-2.071754,0.050552,1.101445,-0.736607,4.539398,
feedback,0.870413,1786442372927,7,Rx,-5.000000,-15.000000,-4.779449,0.220551,,,435.927734,-66.838371,179.629578,165.924408,74.023300,150.924545,435.924744,-66.833412,179.610611,162.289459,74.020561,150.907623,-0.126555,-1.033267,0.042553,1.142028,-0.741441,4.582545,
feedback,0.878526,1786442372936,7,Rx,-5.000000,-15.000000,-4.649254,0.350746,,,435.927734,-66.838371,179.629578,165.924408,74.023300,150.924545,435.923431,-66.841797,179.610107,162.247467,74.021027,150.903046,-0.089017,-1.145803,0.012829,1.238314,-0.781700,4.417418,
feedback,0.885876,1786442372940,7,Rx,-5.000000,-15.000000,-4.725738,0.274262,,,435.927734,-66.838371,179.629578,165.924408,74.023300,150.924545,435.923462,-66.844307,179.610153,162.226135,74.021278,150.900513,0.007513,-0.626253,0.018875,1.252147,-0.769967,4.495149,
feedback,0.894212,1786442372949,7,Rx,-5.000000,-15.000000,-5.038803,-0.038803,,,435.927734,-66.838371,179.629578,165.924408,74.023300,150.924545,435.921387,-66.852783,179.608307,162.184937,74.021309,150.897949,-0.164014,-0.487738,-0.369527,1.296220,-0.665325,4.824341,
feedback,0.902556,1786442372957,7,Rx,-5.000000,-15.000000,-5.193473,-0.193473,,,435.927734,-66.838371,179.629578,165.924408,74.023300,150.924545,435.920593,-66.853340,179.604675,162.143036,74.020584,150.897934,-0.115311,-0.288631,-0.447892,1.284494,-0.631588,4.992860,
feedback,0.910968,1786442372965,7,Rx,-5.000000,-15.000000,-5.193828,-0.193828,,,435.927734,-66.838371,179.629578,165.924408,74.023300,150.924545,435.920105,-66.853592,179.602600,162.100449,74.019974,150.896820,-0.052601,-0.081169,-0.221697,1.367276,-0.659211,4.968668,
feedback,0.919079,1786442372974,7,Rx,-5.000000,-15.000000,-5.226105,-0.226105,,,435.927734,-66.838371,179.629578,165.924408,74.023300,150.924545,435.918854,-66.854996,179.601334,162.053375,74.018929,150.890808,-0.157744,-0.181154,-0.102519,1.480675,-0.665650,4.972972,
feedback,0.926950,1786442372982,7,Rx,-5.000000,-15.000000,-5.427712,-0.427712,,,435.927734,-66.838371,179.629578,165.924408,74.023300,150.924545,435.918091,-66.849129,179.600113,162.009293,74.018120,150.889175,0.134722,1.364636,-0.075016,1.363187,-0.657747,5.213183,
feedback,0.935155,1786442372991,7,Rx,-5.000000,-15.000000,-5.288776,-0.288776,,,435.927734,-66.838371,179.629578,165.924408,74.023300,150.924545,435.917145,-66.831161,179.601334,161.949066,74.017570,150.894089,-0.350777,0.971256,0.061361,1.126223,-0.601196,5.135837,
feedback,0.945081,1786442372999,7,Rx,-5.000000,-15.000000,-4.828165,0.171835,,,435.927734,-66.838371,179.629578,165.924408,74.023300,150.924545,435.913696,-66.835091,179.604721,161.913544,74.018188,150.898285,-0.451138,-1.064025,0.468124,1.018459,-0.684186,4.672112,
feedback,0.951945,1786442373008,7,Rx,-5.000000,-15.000000,-4.842562,0.157438,,,435.927734,-66.838371,179.629578,165.924408,74.023300,150.924545,435.909119,-66.847305,179.607056,161.879547,74.018867,150.902435,-0.418184,-1.089075,0.258279,0.998529,-0.653488,4.696351,
feedback,0.959655,1786442373017,7,Rx,-5.000000,-15.000000,-4.953703,0.046297,,,435.927734,-66.838371,179.629578,165.924408,74.023300,150.924545,435.905548,-66.848618,179.608810,161.847366,74.019547,150.909607,-0.234070,0.439117,0.272009,0.936219,-0.641965,4.829158,
feedback,0.967675,1786442373025,7,Rx,-5.000000,-15.000000,-4.675938,0.324062,,,435.927734,-66.838371,179.629578,165.924408,74.023300,150.924545,435.901733,-66.856018,179.609406,161.816681,74.020309,150.916809,-0.463875,-1.040900,0.001929,0.849969,-0.602804,4.567265,
feedback,0.975879,1786442373033,7,Rx,-5.000000,-15.000000,-4.904328,0.095672,,,435.927734,-66.838371,179.629578,165.924408,74.023300,150.924545,435.898621,-66.859642,179.609100,161.785431,74.020851,150.924561,-0.545389,-0.123925,-0.275626,0.917061,-0.543768,4.796260,
feedback,0.984155,1786442373042,7,Rx,-5.000000,-15.000000,-5.414449,-0.414449,,,435.927734,-66.838371,179.629578,165.924408,74.023300,150.924545,435.894928,-66.855705,179.604095,161.753387,74.020149,150.934982,-0.418958,1.064864,-0.685337,1.068604,-0.456832,5.301053,
feedback,0.992406,1786442373050,7,Rx,-5.000000,-15.000000,-5.151123,-0.151123,,,435.927734,-66.838371,179.629578,165.924408,74.023300,150.924545,435.891205,-66.856972,179.599808,161.720428,74.019638,150.943832,-0.377156,-0.260021,-0.475944,1.073725,-0.519080,5.017201,
feedback,1.002066,1786442373059,7,Rx,-5.000000,-15.000000,-5.088347,-0.088347,,,435.927734,-66.838371,179.629578,165.924408,74.023300,150.924545,435.887268,-66.859329,179.595230,161.669601,74.019165,150.955124,-0.323231,-0.259618,-0.259914,0.978361,-0.539973,4.972871,
feedback,1.008846,1786442373067,7,Rx,-5.000000,-15.000000,-5.440799,-0.440799,,,435.927734,-66.838371,179.629578,165.924408,74.023300,150.924545,435.888733,-66.848969,179.593384,161.631729,74.018623,150.960831,0.113349,1.442042,-0.261813,1.178455,-0.565148,5.285894,
feedback,1.017444,1786442373071,7,Rx,-5.000000,-15.000000,-5.391580,-0.391580,,,435.927734,-66.838371,179.629578,165.924408,74.023300,150.924545,435.888763,-66.843849,179.592529,161.612991,74.018326,150.963776,0.000283,1.280953,-0.207856,1.162445,-0.562567,5.239063,
feedback,1.025269,1786442373080,7,Rx,-5.000000,-15.000000,-5.132651,-0.132651,,,435.927734,-66.838371,179.629578,165.924408,74.023300,150.924545,435.889252,-66.837471,179.591934,161.575912,74.018196,150.968826,0.032883,0.501652,-0.005534,1.051550,-0.619631,4.989562,
feedback,1.033287,1786442373088,7,Rx,-5.000000,-15.000000,-4.906821,0.093179,,,435.927734,-66.838371,179.629578,165.924408,74.023300,150.924545,435.887146,-66.838829,179.592300,161.542755,74.018906,150.975540,-0.132467,-0.260560,0.233522,0.924336,-0.667763,4.779820,
feedback,1.041592,1786442373097,7,Rx,-5.000000,-15.000000,-4.710776,0.289224,,,435.927734,-66.838371,179.629578,165.924408,74.023300,150.924545,435.885162,-66.844849,179.593094,161.511734,74.020012,150.983521,-0.215630,-1.282009,0.199972,0.825328,-0.655256,4.602428,
feedback,1.049712,1786442373105,7,Rx,-5.000000,-15.000000,-4.655535,0.344465,,,435.927734,-66.838371,179.629578,165.924408,74.023300,150.924545,435.884491,-66.850899,179.594757,161.479401,74.021362,150.989288,-0.058155,-1.084938,0.309068,0.883249,-0.710665,4.522766,
feedback,1.057751,1786442373113,7,Rx,-5.000000,-15.000000,-4.740577,0.259423,,,435.927734,-66.838371,179.629578,165.924408,74.023300,150.924545,435.884949,-66.853928,179.595322,161.443359,74.022316,150.991882,-0.001512,-0.696580,0.070207,1.021091,-0.721236,4.575241,
feedback,1.068285,1786442373122,7,Rx,-5.000000,-15.000000,-4.934422,0.065578,,,435.927734,-66.838371,179.629578,165.924408,74.023300,150.924545,435.885864,-66.853333,179.595703,161.403610,74.022812,150.991455,0.245771,-0.108337,0.150047,1.263553,-0.758999,4.710919,
feedback,1.074143,1786442373130,7,Rx,-5.000000,-15.000000,-5.132786,-0.132786,,,435.927734,-66.838371,179.629578,165.924408,74.023300,150.924545,435.885315,-66.857193,179.592041,161.337265,74.021896,150.986694,-0.045355,-0.269252,-0.218246,1.377147,-0.684968,4.899089,
feedback,1.082358,1786442373139,7,Rx,-5.000000,-15.000000,-5.201727,-0.201727,,,435.927734,-66.838371,179.629578,165.924408,74.023300,150.924545,435.885284,-66.856995,179.590836,161.291656,74.021385,150.982132,0.185979,0.196076,-0.036959,1.428828,-0.729860,4.951624,
feedback,1.090684,1786442373147,7,Rx,-5.000000,-15.000000,-5.526958,-0.526958,,,435.927734,-66.838371,179.629578,165.924408,74.023300,150.924545,435.886169,-66.847717,179.589340,161.244446,74.020561,150.977814,0.197396,1.626252,-0.180651,1.512906,-0.708189,5.271883,
feedback,1.098827,1786442373156,7,Rx,-5.000000,-15.000000,-5.319114,-0.319114,,,435.927734,-66.838371,179.629578,165.924408,74.023300,150.924545,435.886719,-66.840775,179.588028,161.198029,74.019897,150.973907,0.034373,0.556556,-0.135620,1.489279,-0.717772,5.060270,
feedback,1.107567,1786442373164,7,Rx,-5.000000,-15.000000,-5.127279,-0.127279,,,435.927734,-66.838371,179.629578,165.924408,74.023300,150.924545,435.887451,-66.840904,179.588821,161.151657,74.019569,150.968658,0.048670,-0.228672,0.091830,1.378379,-0.728988,4.886934,
feedback,1.115330,1786442373172,7,Rx,-5.000000,-15.000000,-4.915999,0.084001,,,435.927734,-66.838371,179.629578,165.924408,74.023300,150.924545,435.887085,-66.846581,179.590088,161.107224,74.019699,150.964020,0.050615,-0.880553,0.270655,1.303685,-0.789240,4.677490,
feedback,1.123285,1786442373181,7,Rx,-5.000000,-15.000000,-4.645959,0.354041,,,435.927734,-66.838371,179.629578,165.924408,74.023300,150.924545,435.886139,-66.861168,179.593689,161.062622,74.020355,150.956848,-0.169730,-2.074641,0.489688,1.294049,-0.834365,4.392735,
feedback,1.132433,1786442373189,7,Rx,-5.000000,-15.000000,-4.898497,0.101503,,,435.927734,-66.838371,179.629578,165.924408,74.023300,150.924545,435.887146,-66.871452,179.598984,161.017120,74.021324,150.948868,0.124599,-0.468361,0.678088,1.347132,-0.863119,4.638138,
feedback,1.140066,1786442373198,7,Rx,-5.000000,-15.000000,-4.920769,0.079231,,,435.927734,-66.838371,179.629578,165.924408,74.023300,150.924545,435.888916,-66.872856,179.604019,160.972580,74.022179,150.942673,0.270298,0.292561,0.640398,1.314185,-0.838889,4.672921,
feedback,1.147921,1786442373206,7,Rx,-5.000000,-15.000000,-4.883405,0.116595,,,435.927734,-66.838371,179.629578,165.924408,74.023300,150.924545,435.890839,-66.874023,179.608276,160.928421,74.022858,150.937180,0.150925,-0.362660,0.397147,1.292358,-0.775482,4.648337,
feedback,1.156863,1786442373214,7,Rx,-5.000000,-15.000000,-5.553914,-0.553914,,,435.927734,-66.838371,179.629578,165.924408,74.023300,150.924545,435.895599,-66.865288,179.612320,160.856857,74.022713,150.928162,0.796401,2.288066,0.298452,1.528728,-0.799088,5.283351,
feedback,1.164494,1786442373219,7,Rx,-5.000000,-15.000000,-5.364630,-0.364630,,,435.927734,-66.838371,179.629578,165.924408,74.023300,150.924545,435.898254,-66.859398,179.613083,160.832626,74.022545,150.925278,0.662132,1.474456,0.195699,1.476611,-0.774126,5.102977,
feedback,1.172667,1786442373227,7,Rx,-5.000000,-15.000000,-5.369403,-0.369403,,,435.927734,-66.838371,179.629578,165.924408,74.023300,150.924545,435.901886,-66.852303,179.613876,160.783279,74.021942,150.918259,0.508217,0.994653,-0.035943,1.507249,-0.752723,5.103253,
feedback,1.180683,1786442373235,7,Rx,-5.000000,-15.000000,-5.309402,-0.309402,,,435.927734,-66.838371,179.629578,165.924408,74.023300,150.924545,435.906036,-66.844009,179.614761,160.734924,74.021446,150.912231,0.564975,1.257184,0.342400,1.458217,-0.776091,5.049857,
feedback,1.188864,1786442373244,7,Rx,-5.000000,-15.000000,-5.369454,-0.369454,,,435.927734,-66.838371,179.629578,165.924408,74.023300,150.924545,435.909180,-66.834221,179.614731,160.685577,74.020477,150.905609,0.219750,0.900418,-0.212747,1.525643,-0.676395,5.109331,
feedback,1.197843,1786442373254,7,Rx,-5.000000,-15.000000,-5.178199,-0.178199,,,435.927734,-66.838371,179.629578,165.924408,74.023300,150.924545,435.909851,-66.831779,179.614014,160.640045,74.019646,150.901779,-0.021920,0.025189,-0.166608,1.347455,-0.652123,4.958356,
feedback,1.206080,1786442373263,7,Rx,-5.000000,-15.000000,-4.691348,0.308652,,,435.927734,-66.838371,179.629578,165.924408,74.023300,150.924545,435.909454,-66.847847,179.616455,160.583023,74.020439,150.902832,0.002340,-1.862454,0.326050,1.103852,-0.731102,4.501894,
feedback,1.214089,1786442373271,7,Rx,-5.000000,-15.000000,-4.963504,0.036496,,,435.927734,-66.838371,179.629578,165.924408,74.023300,150.924545,435.911194,-66.854362,179.619064,160.543564,74.021027,150.901352,0.329853,0.030454,0.296327,1.209587,-0.716157,4.760612,
feedback,1.222050,1786442373280,7,Rx,-5.000000,-15.000000,-4.948921,0.051079,,,435.927734,-66.838371,179.629578,165.924408,74.023300,150.924545,435.915833,-66.850868,179.624054,160.500168,74.021652,150.897095,0.524348,0.641477,0.584678,1.250185,-0.776654,4.726860,
feedback,1.230606,1786442373288,7,Rx,-5.000000,-15.000000,-4.845489,0.154511,,,435.927734,-66.838371,179.629578,165.924408,74.023300,150.924545,435.917206,-66.851379,179.626907,160.459579,74.022087,150.895111,-0.047042,-0.141465,0.283410,1.157426,-0.698464,4.653368,
feedback,1.238320,1786442373293,7,Rx,-5.000000,-15.000000,-4.706151,0.293849,,,435.927734,-66.838371,179.629578,165.924408,74.023300,150.924545,435.917694,-66.855408,179.628647,160.439377,74.022346,150.893661,0.113463,-1.006510,0.441777,1.183331,-0.733658,4.497049,
feedback,1.246702,1786442373301,7,Rx,-5.000000,-15.000000,-5.326044,-0.326044,,,435.927734,-66.838371,179.629578,165.924408,74.023300,150.924545,435.916534,-66.854881,179.628525,160.398788,74.021851,150.893890,-0.068469,1.013477,-0.064807,1.301647,-0.608466,5.129688,
feedback,1.255207,1786442373310,7,Rx,-5.000000,-15.000000,-5.157963,-0.157963,,,435.927734,-66.838371,179.629578,165.924408,74.023300,150.924545,435.914032,-66.853073,179.626053,160.358093,74.020592,150.895386,-0.335380,0.010372,-0.311203,1.261114,-0.550023,4.973133,
feedback,1.263146,1786442373318,7,Rx,-5.000000,-15.000000,-5.450105,-0.450105,,,435.927734,-66.838371,179.629578,165.924408,74.023300,150.924545,435.913116,-66.846397,179.624695,160.315933,74.019516,150.896011,-0.014869,1.569046,-0.150317,1.352010,-0.596752,5.247766,
feedback,1.270859,1786442373327,7,Rx,-5.000000,-15.000000,-5.398203,-0.398203,,,435.927734,-66.838371,179.629578,165.924408,74.023300,150.924545,435.912109,-66.829788,179.620590,160.250702,74.017471,150.894867,0.040118,1.077349,-0.185087,1.403232,-0.605519,5.179740,
feedback,1.279287,1786442373335,7,Rx,-5.000000,-15.000000,-5.314604,-0.314604,,,435.927734,-66.838371,179.629578,165.924408,74.023300,150.924545,435.911560,-66.823677,179.618500,160.210007,74.016502,150.896912,-0.125695,0.654159,-0.171860,1.206831,-0.570940,5.146748,
feedback,1.287575,1786442373343,7,Rx,-5.000000,-15.000000,-4.943131,0.056869,,,435.927734,-66.838371,179.629578,165.924408,74.023300,150.924545,435.912079,-66.822182,179.619385,160.172607,74.016663,150.900436,-0.055070,-0.373122,0.153758,1.047138,-0.647419,4.789649,
feedback,1.296176,1786442373352,7,Rx,-5.000000,-15.000000,-4.779538,0.220462,,,435.927734,-66.838371,179.629578,165.924408,74.023300,150.924545,435.910187,-66.831818,179.620285,160.138565,74.017387,150.904465,-0.299611,-1.028709,0.172634,0.975141,-0.646457,4.637630,
feedback,1.303791,1786442373360,7,Rx,-5.000000,-15.000000,-4.705400,0.294600,,,435.927734,-66.838371,179.629578,165.924408,74.023300,150.924545,435.907562,-66.843468,179.621368,160.105347,74.018181,150.908890,-0.395842,-1.375777,0.150640,0.934971,-0.647159,4.570467,
feedback,1.312061,1786442373369,7,Rx,-5.000000,-15.000000,-4.689691,0.310309,,,435.927734,-66.838371,179.629578,165.924408,74.023300,150.924545,435.904175,-66.855621,179.621841,160.072235,74.018982,150.913452,-0.514561,-1.569341,0.030299,0.957042,-0.640507,4.549529,
feedback,1.320001,1786442373377,7,Rx,-5.000000,-15.000000,-4.541778,0.458222,,,435.927734,-66.838371,179.629578,165.924408,74.023300,150.924545,435.900116,-66.872643,179.621674,160.038712,74.019875,150.916428,-0.606289,-2.252106,0.157037,0.910380,-0.673561,4.402746,
feedback,1.328654,1786442373385,7,Rx,-5.000000,-15.000000,-4.949256,0.050744,,,435.927734,-66.838371,179.629578,165.924408,74.023300,150.924545,435.896637,-66.885872,179.620834,160.005020,74.020355,150.921265,-0.437239,-1.164919,-0.170335,1.008829,-0.591326,4.813411,
feedback,1.336579,1786442373394,7,Rx,-5.000000,-15.000000,-5.309494,-0.309494,,,435.927734,-66.838371,179.629578,165.924408,74.023300,150.924545,435.894897,-66.882835,179.618927,159.970032,74.020149,150.929047,-0.186863,0.592240,-0.206474,1.037196,-0.568029,5.184272,
feedback,1.344980,1786442373402,7,Rx,-5.000000,-15.000000,-5.562867,-0.562867,,,435.927734,-66.838371,179.629578,165.924408,74.023300,150.924545,435.897034,-66.864151,179.618240,159.932922,74.020081,150.936340,0.324842,2.706698,-0.063643,1.142769,-0.626824,5.413225,
feedback,1.353004,1786442373411,7,Rx,-5.000000,-15.000000,-5.413962,-0.413962,,,435.927734,-66.838371,179.629578,165.924408,74.023300,150.924545,435.901215,-66.842728,179.620010,159.874710,74.020493,150.943420,0.338827,1.114864,0.110508,1.230146,-0.691251,5.227500,
feedback,1.361436,1786442373419,7,Rx,-5.000000,-15.000000,-5.556001,-0.556001,,,435.927734,-66.838371,179.629578,165.924408,74.023300,150.924545,435.906067,-66.827789,179.621841,159.833786,74.020790,150.946518,0.637507,1.837732,0.249307,1.249344,-0.719863,5.366464,
feedback,1.369730,1786442373427,7,Rx,-5.000000,-15.000000,-4.937424,0.062576,,,435.927734,-66.838371,179.629578,165.924408,74.023300,150.924545,435.909790,-66.826225,179.624634,159.792816,74.021431,150.946655,0.364182,-0.579816,0.449464,1.143765,-0.761264,4.743697,
feedback,1.381242,1786442373436,7,Rx,-5.000000,-15.000000,-4.904159,0.095841,,,435.927734,-66.838371,179.629578,165.924408,74.023300,150.924545,435.912476,-66.832840,179.628296,159.751694,74.022415,150.944580,0.233557,-0.564819,0.454576,1.139820,-0.776327,4.707987,
feedback,1.385724,1786442373444,7,Rx,-5.000000,-15.000000,-4.763600,0.236400,,,435.927734,-66.838371,179.629578,165.924408,74.023300,150.924545,435.915222,-66.836311,179.631958,159.718842,74.024338,150.950745,0.157549,-0.818990,0.393556,0.784222,-0.728172,4.657476,
feedback,1.393925,1786442373448,7,Rx,-5.000000,-15.000000,-4.670662,0.329338,,,435.927734,-66.838371,179.629578,165.924408,74.023300,150.924545,435.915649,-66.846817,179.634720,159.687546,74.026421,150.957245,0.063728,-1.528575,0.485895,0.847063,-0.767284,4.539642,
feedback,1.402461,1786442373457,7,Rx,-5.000000,-15.000000,-4.555408,0.444592,,,435.927734,-66.838371,179.629578,165.924408,74.023300,150.924545,435.915405,-66.854370,179.636307,159.671249,74.027367,150.959244,-0.059297,-1.887419,0.399573,0.863933,-0.753154,4.417501,
feedback,1.410402,1786442373465,7,Rx,-5.000000,-15.000000,-4.640068,0.359932,,,435.927734,-66.838371,179.629578,165.924408,74.023300,150.924545,435.916473,-66.867416,179.639145,159.634872,74.028809,150.959839,0.226807,-1.535949,0.443446,1.044369,-0.787108,4.455691,
feedback,1.419563,1786442373473,7,Rx,-5.000000,-15.000000,-5.359640,-0.359640,,,435.927734,-66.838371,179.629578,165.924408,74.023300,150.924545,435.918762,-66.864349,179.639099,159.594421,74.028992,150.961304,0.290734,0.813092,-0.250119,1.252566,-0.653033,5.170684,
feedback,1.426621,1786442373482,7,Rx,-5.000000,-15.000000,-5.294985,-0.294985,,,435.927734,-66.838371,179.629578,165.924408,74.023300,150.924545,435.921753,-66.856049,179.638733,159.552322,74.028938,150.961975,0.408348,0.940278,0.068827,1.250182,-0.715470,5.095356,
feedback,1.435050,1786442373490,7,Rx,-5.000000,-15.000000,-5.397675,-0.397675,,,435.927734,-66.838371,179.629578,165.924408,74.023300,150.924545,435.927979,-66.834114,179.637482,159.483551,74.028290,150.957977,0.302521,1.661140,-0.137113,1.470099,-0.706746,5.148354,
feedback,1.445421,1786442373499,7,Rx,-5.000000,-15.000000,-5.460172,-0.460172,,,435.927734,-66.838371,179.629578,165.924408,74.023300,150.924545,435.929993,-66.823700,179.636826,159.435684,74.027512,150.953110,0.207311,1.491844,-0.047897,1.476179,-0.696551,5.213256,
feedback,1.451690,1786442373507,7,Rx,-5.000000,-15.000000,-5.231079,-0.231079,,,435.927734,-66.838371,179.629578,165.924408,74.023300,150.924545,435.930786,-66.819481,179.634155,159.389572,74.026566,150.949310,-0.133418,0.002020,-0.190605,1.451674,-0.690379,4.981952,
feedback,1.459610,1786442373516,7,Rx,-5.000000,-15.000000,-5.044396,-0.044396,,,435.927734,-66.838371,179.629578,165.924408,74.023300,150.924545,435.931335,-66.821663,179.632904,159.345474,74.026268,150.945236,0.282212,0.140163,0.041410,1.322330,-0.757224,4.810845,
feedback,1.467859,1786442373524,7,Rx,-5.000000,-15.000000,-5.002787,-0.002787,,,435.927734,-66.838371,179.629578,165.924408,74.023300,150.924545,435.933319,-66.814926,179.632355,159.301483,74.026123,150.941528,0.347198,0.676436,0.139023,1.328816,-0.758752,4.765728,
feedback,1.475705,1786442373532,7,Rx,-5.000000,-15.000000,-4.826776,0.173224,,,435.927734,-66.838371,179.629578,165.924408,74.023300,150.924545,435.934326,-66.819038,179.632172,159.260498,74.026512,150.939011,0.133472,-0.537922,0.034273,1.230220,-0.736316,4.610438,
feedback,1.483842,1786442373541,7,Rx,-5.000000,-15.000000,-4.679128,0.320872,,,435.927734,-66.838371,179.629578,165.924408,74.023300,150.924545,435.935150,-66.825500,179.631561,159.220016,74.026970,150.936279,0.071463,-1.052961,0.039337,1.179327,-0.748162,4.467947,
feedback,1.492421,1786442373549,7,Rx,-5.000000,-15.000000,-4.765848,0.234152,,,435.927734,-66.838371,179.629578,165.924408,74.023300,150.924545,435.936584,-66.834549,179.633118,159.177261,74.027519,150.931046,0.211441,-1.009524,0.155397,1.280395,-0.767679,4.530151,
feedback,1.501135,1786442373558,7,Rx,-5.000000,-15.000000,-5.084408,-0.084408,,,435.927734,-66.838371,179.629578,165.924408,74.023300,150.924545,435.935608,-66.843353,179.632065,159.132904,74.027069,150.925995,0.076200,-0.636927,-0.144510,1.415928,-0.708269,4.835858,
feedback,1.508785,1786442373566,7,Rx,-5.000000,-15.000000,-5.125640,-0.125640,,,435.927734,-66.838371,179.629578,165.924408,74.023300,150.924545,435.935791,-66.843933,179.629898,159.087463,74.026146,150.921921,-0.029928,-0.167284,-0.253034,1.378821,-0.663039,4.894320,
feedback,1.516651,1786442373574,7,Rx,-5.000000,-15.000000,-5.149161,-0.149161,,,435.927734,-66.838371,179.629578,165.924408,74.023300,150.924545,435.935852,-66.839836,179.625977,159.021561,74.024757,150.918381,-0.105285,-0.021470,-0.382481,1.349445,-0.619918,4.932134,
feedback,1.525464,1786442373583,7,Rx,-5.000000,-15.000000,-5.158024,-0.158024,,,435.927734,-66.838371,179.629578,165.924408,74.023300,150.924545,435.934448,-66.838898,179.622772,158.977356,74.023468,150.915619,-0.247515,-0.087461,-0.483332,1.416679,-0.578186,4.930339,
feedback,1.533386,1786442373591,7,Rx,-5.000000,-15.000000,-5.236694,-0.236694,,,435.927734,-66.838371,179.629578,165.924408,74.023300,150.924545,435.934174,-66.832237,179.619995,158.933090,74.022186,150.913773,-0.044879,0.624710,-0.296998,1.359389,-0.601958,5.023196,
feedback,1.541853,1786442373600,7,Rx,-5.000000,-15.000000,-5.186162,-0.186162,,,435.927734,-66.838371,179.629578,165.924408,74.023300,150.924545,435.934113,-66.822701,179.617783,158.889481,74.021126,150.912247,-0.104365,1.040256,-0.222449,1.326206,-0.616593,4.976900,
feedback,1.549923,1786442373604,7,Rx,-5.000000,-15.000000,-4.910725,0.089275,,,435.927734,-66.838371,179.629578,165.924408,74.023300,150.924545,435.933380,-66.823174,179.617416,158.868576,74.020821,150.910934,-0.188590,-0.116876,-0.088235,1.293553,-0.633104,4.696265,
feedback,1.557977,1786442373613,7,Rx,-5.000000,-15.000000,-4.851526,0.148474,,,435.927734,-66.838371,179.629578,165.924408,74.023300,150.924545,435.934174,-66.820946,179.617371,158.826019,74.020302,150.908203,0.024427,-0.156413,0.089263,1.286180,-0.678710,4.630181,
feedback,1.568127,1786442373621,7,Rx,-5.000000,-15.000000,-4.749351,0.250649,,,435.927734,-66.838371,179.629578,165.924408,74.023300,150.924545,435.933350,-66.826447,179.617447,158.784424,74.020012,150.904663,-0.313629,-1.404960,-0.021847,1.282273,-0.650168,4.528852,
feedback,1.574260,1786442373630,7,Rx,-5.000000,-15.000000,-4.495047,0.504953,,,435.927734,-66.838371,179.629578,165.924408,74.023300,150.924545,435.931946,-66.843033,179.619080,158.743073,74.020111,150.899582,-0.397665,-2.682059,0.099574,1.183633,-0.682791,4.284466,
feedback,1.582520,1786442373638,7,Rx,-5.000000,-15.000000,-4.719216,0.280784,,,435.927734,-66.838371,179.629578,165.924408,74.023300,150.924545,435.928955,-66.854874,179.618805,158.708832,74.020477,150.903290,-0.407632,-1.622561,-0.097457,0.973287,-0.601145,4.581648,
feedback,1.590700,1786442373647,7,Rx,-5.000000,-15.000000,-5.289024,-0.289024,,,435.927734,-66.838371,179.629578,165.924408,74.023300,150.924545,435.923309,-66.851776,179.615082,158.652145,74.019440,150.909134,-0.419631,0.731199,-0.332499,1.234951,-0.562343,5.114287,
feedback,1.599133,1786442373655,7,Rx,-5.000000,-15.000000,-5.290430,-0.290430,,,435.927734,-66.838371,179.629578,165.924408,74.023300,150.924545,435.921204,-66.847374,179.613785,158.611252,74.018570,150.910263,-0.172032,0.650228,-0.087581,1.352936,-0.606363,5.080094,
feedback,1.607341,1786442373664,7,Rx,-5.000000,-15.000000,-5.197314,-0.197314,,,435.927734,-66.838371,179.629578,165.924408,74.023300,150.924545,435.918060,-66.842880,179.610992,158.569733,74.017418,150.911087,-0.612718,0.014319,-0.366308,1.307037,-0.579935,4.998401,
feedback,1.615135,1786442373672,7,Rx,-5.000000,-15.000000,-5.320346,-0.320346,,,435.927734,-66.838371,179.629578,165.924408,74.023300,150.924545,435.918427,-66.838951,179.610214,158.526321,74.016525,150.909576,0.068229,0.661036,-0.095998,1.399052,-0.647880,5.093888,
feedback,1.623383,1786442373681,7,Rx,-5.000000,-15.000000,-5.306683,-0.306683,,,435.927734,-66.838371,179.629578,165.924408,74.023300,150.924545,435.918488,-66.833221,179.609497,158.483902,74.015785,150.909637,0.227365,0.838838,0.150594,1.319476,-0.707577,5.091279,
feedback,1.631527,1786442373689,7,Rx,-5.000000,-15.000000,-5.092831,-0.092831,,,435.927734,-66.838371,179.629578,165.924408,74.023300,150.924545,435.919220,-66.824570,179.609894,158.441116,74.015450,150.908646,0.063010,0.550787,0.113535,1.237960,-0.688932,4.891827,
feedback,1.640040,1786442373698,7,Rx,-5.000000,-15.000000,-4.813501,0.186499,,,435.927734,-66.838371,179.629578,165.924408,74.023300,150.924545,435.918549,-66.826897,179.611694,158.399506,74.015724,150.905746,-0.116332,-0.609301,0.242902,1.296262,-0.732096,4.580658,
feedback,1.647882,1786442373702,7,Rx,-5.000000,-15.000000,-4.772590,0.227410,,,435.927734,-66.838371,179.629578,165.924408,74.023300,150.924545,435.918091,-66.830505,179.612320,158.378036,74.015755,150.903290,-0.123711,-0.903230,0.163047,1.285906,-0.726574,4.541463,
feedback,1.656421,1786442373711,7,Rx,-5.000000,-15.000000,-4.675839,0.324161,,,435.927734,-66.838371,179.629578,165.924408,74.023300,150.924545,435.917664,-66.841835,179.613617,158.318237,74.016335,150.900192,0.154096,-0.728129,0.218260,1.089115,-0.721801,4.490741,
feedback,1.664433,1786442373719,7,Rx,-5.000000,-15.000000,-4.679851,0.320149,,,435.927734,-66.838371,179.629578,165.924408,74.023300,150.924545,435.918060,-66.849442,179.614532,158.280563,74.017021,150.900787,0.088802,-1.429658,0.176602,1.064501,-0.738135,4.498799,
feedback,1.673343,1786442373728,7,Rx,-5.000000,-15.000000,-5.331232,-0.331232,,,435.927734,-66.838371,179.629578,165.924408,74.023300,150.924545,435.921173,-66.847916,179.615723,158.241638,74.017593,150.902740,0.658522,1.255360,0.225059,1.185784,-0.729609,5.147207,
feedback,1.680549,1786442373736,7,Rx,-5.000000,-15.000000,-5.311047,-0.311047,,,435.927734,-66.838371,179.629578,165.924408,74.023300,150.924545,435.924591,-66.835991,179.615662,158.201660,74.017708,150.906311,0.348151,1.072961,0.051516,1.188607,-0.704341,5.129024,
feedback,1.688487,1786442373745,7,Rx,-5.000000,-15.000000,-5.134187,-0.134187,,,435.927734,-66.838371,179.629578,165.924408,74.023300,150.924545,435.926605,-66.830276,179.615738,158.162933,74.018066,150.909897,0.191191,-0.141347,0.151222,1.150947,-0.715744,4.952891,
feedback,1.697028,1786442373753,7,Rx,-5.000000,-15.000000,-4.855130,0.144870,,,435.927734,-66.838371,179.629578,165.924408,74.023300,150.924545,435.924805,-66.839203,179.614807,158.126144,74.018425,150.913147,-0.375074,-1.634590,-0.169456,1.058476,-0.644446,4.695685,
feedback,1.704823,1786442373761,7,Rx,-5.000000,-15.000000,-5.298435,-0.298435,,,435.927734,-66.838371,179.629578,165.924408,74.023300,150.924545,435.924500,-66.838562,179.613632,158.086411,74.018517,150.915985,-0.026771,0.270627,-0.205556,1.154852,-0.655171,5.131199,
feedback,1.713070,1786442373770,7,Rx,-5.000000,-15.000000,-5.254033,-0.254033,,,435.927734,-66.838371,179.629578,165.924408,74.023300,150.924545,435.925903,-66.831085,179.612732,158.048141,74.018867,150.920502,0.094070,0.532022,-0.081420,1.100674,-0.683617,5.094612,
feedback,1.721320,1786442373778,7,Rx,-5.000000,-15.000000,-4.859805,0.140195,,,435.927734,-66.838371,179.629578,165.924408,74.023300,150.924545,435.925415,-66.836807,179.612732,157.996582,74.020477,150.927658,0.019253,-0.602360,0.072924,0.962828,-0.700236,4.716724,
feedback,1.729621,1786442373787,7,Rx,-5.000000,-15.000000,-4.738100,0.261900,,,435.927734,-66.838371,179.629578,165.924408,74.023300,150.924545,435.924774,-66.846291,179.613770,157.962112,74.021774,150.931061,0.111166,-0.965613,0.300582,0.967913,-0.772583,4.578789,
feedback,1.737813,1786442373795,7,Rx,-5.000000,-15.000000,-4.690750,0.309250,,,435.927734,-66.838371,179.629578,165.924408,74.023300,150.924545,435.923950,-66.854408,179.614365,157.928146,74.023033,150.935135,-0.154941,-1.251038,0.067729,0.937241,-0.713280,4.545464,
feedback,1.746271,1786442373804,7,Rx,-5.000000,-15.000000,-4.704398,0.295602,,,435.927734,-66.838371,179.629578,165.924408,74.023300,150.924545,435.923340,-66.865646,179.616180,157.893280,74.024498,150.937500,0.096070,-0.934351,0.254584,0.942550,-0.753684,4.552711,
feedback,1.754266,1786442373812,7,Rx,-5.000000,-15.000000,-5.415910,-0.415910,,,435.927734,-66.838371,179.629578,165.924408,74.023300,150.924545,435.925018,-66.856102,179.615814,157.855545,74.025154,150.941940,0.375914,1.751315,-0.063649,1.148393,-0.712970,5.246958,
feedback,1.762936,1786442373817,7,Rx,-5.000000,-15.000000,-5.292752,-0.292752,,,435.927734,-66.838371,179.629578,165.924408,74.023300,150.924545,435.924835,-66.853737,179.615219,157.835892,74.025185,150.943527,-0.052022,0.591339,-0.142125,1.178079,-0.663577,5.118291,
feedback,1.770688,1786442373825,7,Rx,-5.000000,-15.000000,-5.283302,-0.283302,,,435.927734,-66.838371,179.629578,165.924408,74.023300,150.924545,435.925995,-66.848351,179.614090,157.795883,74.025330,150.945801,0.065474,0.704812,-0.239460,1.156643,-0.656510,5.114809,
feedback,1.779253,1786442373834,7,Rx,-5.000000,-15.000000,-5.251172,-0.251172,,,435.927734,-66.838371,179.629578,165.924408,74.023300,150.924545,435.925629,-66.844017,179.613251,157.757248,74.025543,150.949478,-0.003334,0.419090,0.021095,1.104872,-0.686769,5.090137,
feedback,1.787323,1786442373842,7,Rx,-5.000000,-15.000000,-5.373245,-0.373245,,,435.927734,-66.838371,179.629578,165.924408,74.023300,150.924545,435.925476,-66.836746,179.611786,157.708344,74.026825,150.965134,-0.055854,0.658681,-0.126049,0.964786,-0.631765,5.259814,
feedback,1.795983,1786442373851,7,Rx,-5.000000,-15.000000,-5.247853,-0.247853,,,435.927734,-66.838371,179.629578,165.924408,74.023300,150.924545,435.924652,-66.827301,179.610382,157.670166,74.026779,150.970215,-0.285271,0.459067,-0.220073,1.192820,-0.632733,5.072182,
feedback,1.803646,1786442373859,7,Rx,-5.000000,-15.000000,-4.834646,0.165354,,,435.927734,-66.838371,179.629578,165.924408,74.023300,150.924545,435.923828,-66.829964,179.610428,157.632660,74.027359,150.972382,-0.377290,-1.107050,-0.125900,1.110361,-0.675798,4.657037,
feedback,1.811790,1786442373868,7,Rx,-5.000000,-15.000000,-4.706442,0.293558,,,435.927734,-66.838371,179.629578,165.924408,74.023300,150.924545,435.922028,-66.839401,179.611008,157.594757,74.027870,150.972626,-0.191179,-1.387791,0.037543,1.153294,-0.695801,4.510162,
feedback,1.819921,1786442373876,7,Rx,-5.000000,-15.000000,-4.752495,0.247505,,,435.927734,-66.838371,179.629578,165.924408,74.023300,150.924545,435.919342,-66.848686,179.610870,157.555740,74.028221,150.971542,-0.515668,-1.163657,-0.156595,1.129201,-0.664242,4.568476,
feedback,1.827960,1786442373885,7,Rx,-5.000000,-15.000000,-4.620525,0.379475,,,435.927734,-66.838371,179.629578,165.924408,74.023300,150.924545,435.916138,-66.857811,179.611053,157.517029,74.028648,150.970001,-0.433797,-1.181628,-0.043096,1.134379,-0.677149,4.428119,
feedback,1.837374,1786442373893,7,Rx,-5.000000,-15.000000,-4.896692,0.103308,,,435.927734,-66.838371,179.629578,165.924408,74.023300,150.924545,435.915039,-66.860840,179.612305,157.475159,74.028847,150.966583,-0.287284,-0.277567,0.064872,1.227153,-0.691851,4.690116,
feedback,1.844526,1786442373902,7,Rx,-5.000000,-15.000000,-5.510002,-0.510002,,,435.927734,-66.838371,179.629578,165.924408,74.023300,150.924545,435.914001,-66.848587,179.610794,157.427994,74.027527,150.963058,-0.139316,1.842210,-0.157900,1.490639,-0.638591,5.269515,
feedback,1.852747,1786442373910,7,Rx,-5.000000,-15.000000,-5.267245,-0.267245,,,435.927734,-66.838371,179.629578,165.924408,74.023300,150.924545,435.913574,-66.838745,179.609924,157.381302,74.026390,150.958893,0.124959,0.874277,0.171016,1.498810,-0.711080,5.004892,
feedback,1.861030,1786442373919,7,Rx,-5.000000,-15.000000,-5.375099,-0.375099,,,435.927734,-66.838371,179.629578,165.924408,74.023300,150.924545,435.909454,-66.838783,179.607208,157.315018,74.024643,150.954865,-0.055464,0.859291,-0.041067,1.423057,-0.653569,5.144027,
feedback,1.869243,1786442373927,7,Rx,-5.000000,-15.000000,-5.440147,-0.440147,,,435.927734,-66.838371,179.629578,165.924408,74.023300,150.924545,435.909149,-66.826859,179.606216,157.271149,74.023544,150.954514,-0.179506,1.467469,-0.194810,1.399661,-0.594637,5.225734,
feedback,1.879732,1786442373935,7,Rx,-5.000000,-15.000000,-5.225557,-0.225557,,,435.927734,-66.838371,179.629578,165.924408,74.023300,150.924545,435.906647,-66.818359,179.603912,157.230255,74.022469,150.956406,-0.405920,0.441303,-0.247399,1.259159,-0.565215,5.041779,
feedback,1.885671,1786442373944,7,Rx,-5.000000,-15.000000,-4.640598,0.359402,,,435.927734,-66.838371,179.629578,165.924408,74.023300,150.924545,435.902496,-66.830559,179.603287,157.191162,74.022141,150.955841,-0.781015,-2.542630,-0.170236,1.159537,-0.604569,4.452782,
feedback,1.893693,1786442373952,7,Rx,-5.000000,-15.000000,-4.593137,0.406863,,,435.927734,-66.838371,179.629578,165.924408,74.023300,150.924545,435.898590,-66.847244,179.602768,157.152161,74.021988,150.954041,-0.564073,-2.278441,-0.119193,1.182525,-0.626069,4.394670,
feedback,1.902641,1786442373956,7,Rx,-5.000000,-15.000000,-4.604576,0.395424,,,435.927734,-66.838371,179.629578,165.924408,74.023300,150.924545,435.897583,-66.855659,179.603210,157.131622,74.021973,150.951828,-0.250847,-2.104614,0.116158,1.236445,-0.684251,4.384984,
feedback,1.910244,1786442373965,7,Rx,-5.000000,-15.000000,-4.597724,0.402276,,,435.927734,-66.838371,179.629578,165.924408,74.023300,150.924545,435.894562,-66.870407,179.602982,157.091995,74.021912,150.948822,-0.259022,-1.634269,0.092730,1.180846,-0.671628,4.393528,
feedback,1.918400,1786442373973,7,Rx,-5.000000,-15.000000,-4.954677,0.045323,,,435.927734,-66.838371,179.629578,165.924408,74.023300,150.924545,435.894196,-66.874779,179.604263,157.051483,74.022079,150.946426,0.139193,0.422528,0.250194,1.227370,-0.709206,4.747956,
feedback,1.926286,1786442373981,7,Rx,-5.000000,-15.000000,-5.349914,-0.349914,,,435.927734,-66.838371,179.629578,165.924408,74.023300,150.924545,435.894073,-66.868988,179.603851,157.008896,74.021439,150.945221,-0.026178,1.321826,-0.073130,1.357452,-0.633315,5.137069,
feedback,1.934952,1786442373990,7,Rx,-5.000000,-15.000000,-5.119496,-0.119496,,,435.927734,-66.838371,179.629578,165.924408,74.023300,150.924545,435.893372,-66.865181,179.602921,156.964096,74.020355,150.942215,-0.209076,-0.221758,-0.246466,1.418993,-0.623347,4.883372,
feedback,1.942790,1786442373998,7,Rx,-5.000000,-15.000000,-5.423113,-0.423113,,,435.927734,-66.838371,179.629578,165.924408,74.023300,150.924545,435.892303,-66.863487,179.602829,156.918350,74.019249,150.937897,-0.018719,1.091336,-0.086468,1.500665,-0.650087,5.175030,
feedback,1.951335,1786442374007,7,Rx,-5.000000,-15.000000,-5.252530,-0.252530,,,435.927734,-66.838371,179.629578,165.924408,74.023300,150.924545,435.892090,-66.845520,179.601562,156.850937,74.017441,150.934525,-0.161681,1.069138,-0.097171,1.389259,-0.610984,5.030917,
feedback,1.959449,1786442374015,7,Rx,-5.000000,-15.000000,-5.327271,-0.327271,,,435.927734,-66.838371,179.629578,165.924408,74.023300,150.924545,435.893219,-66.832970,179.600067,156.805511,74.016312,150.932434,0.122621,1.261653,-0.127030,1.418860,-0.636160,5.097750,
feedback,1.967576,1786442374023,7,Rx,-5.000000,-15.000000,-5.099593,-0.099593,,,435.927734,-66.838371,179.629578,165.924408,74.023300,150.924545,435.894653,-66.829521,179.600861,156.759369,74.015678,150.927414,0.245774,0.114073,0.115931,1.450538,-0.709393,4.842793,
feedback,1.975760,1786442374032,7,Rx,-5.000000,-15.000000,-4.713534,0.286466,,,435.927734,-66.838371,179.629578,165.924408,74.023300,150.924545,435.892914,-66.839958,179.601578,156.714249,74.015289,150.920471,-0.208194,-1.780338,0.159604,1.394628,-0.740955,4.450811,
feedback,1.983882,1786442374040,7,Rx,-5.000000,-15.000000,-4.581679,0.418321,,,435.927734,-66.838371,179.629578,165.924408,74.023300,150.924545,435.890228,-66.856514,179.601959,156.674408,74.015518,150.917313,-0.331647,-2.103220,0.011683,1.089315,-0.685554,4.397799,
feedback,1.992203,1786442374048,7,Rx,-5.000000,-15.000000,-4.671764,0.328236,,,435.927734,-66.838371,179.629578,165.924408,74.023300,150.924545,435.889099,-66.867310,179.603394,156.639877,74.016640,150.920425,-0.082018,-1.283083,0.170063,0.962839,-0.699305,4.521255,
feedback,2.000579,1786442374057,7,Rx,-5.000000,-15.000000,-4.824305,0.175695,,,435.927734,-66.838371,179.629578,165.924408,74.023300,150.924545,435.887421,-66.874695,179.603683,156.604752,74.017433,150.923492,-0.068936,-0.740986,0.082330,1.050376,-0.686412,4.659812,
feedback,2.008717,1786442374065,7,Rx,-5.000000,-15.000000,-5.277993,-0.277993,,,435.927734,-66.838371,179.629578,165.924408,74.023300,150.924545,435.887756,-66.871834,179.604385,156.563919,74.017509,150.923569,0.074219,0.895125,0.063468,1.295425,-0.685632,5.070509,
feedback,2.016734,1786442374074,7,Rx,-5.000000,-15.000000,-5.269368,-0.269368,,,435.927734,-66.838371,179.629578,165.924408,74.023300,150.924545,435.888092,-66.863464,179.603806,156.520111,74.016953,150.922516,0.005688,0.663536,-0.059252,1.358564,-0.677244,5.046900,
feedback,2.025005,1786442374082,7,Rx,-5.000000,-15.000000,-5.654380,-0.654380,,,435.927734,-66.838371,179.629578,165.924408,74.023300,150.924545,435.890778,-66.851219,179.604233,156.474365,74.016434,150.920044,0.373361,2.414803,-0.012556,1.475920,-0.707607,5.413791,
feedback,2.033243,1786442374090,7,Rx,-5.000000,-15.000000,-5.535200,-0.535200,,,435.927734,-66.838371,179.629578,165.924408,74.023300,150.924545,435.895203,-66.828575,179.605209,156.407501,74.015907,150.918228,0.551249,2.637137,0.181577,1.354692,-0.712539,5.319479,
feedback,2.041467,1786442374099,7,Rx,-5.000000,-15.000000,-5.195446,-0.195446,,,435.927734,-66.838371,179.629578,165.924408,74.023300,150.924545,435.898041,-66.817963,179.605988,156.362656,74.015587,150.916656,0.117058,-0.188628,0.138835,1.310889,-0.722092,4.975696,
feedback,2.049705,1786442374107,7,Rx,-5.000000,-15.000000,-4.952135,0.047865,,,435.927734,-66.838371,179.629578,165.924408,74.023300,150.924545,435.898651,-66.824165,179.607269,156.319443,74.015808,150.913422,0.140008,-0.876767,0.303194,1.262246,-0.772586,4.727745,
feedback,2.058029,1786442374116,7,Rx,-5.000000,-15.000000,-4.725322,0.274678,,,435.927734,-66.838371,179.629578,165.924408,74.023300,150.924545,435.898529,-66.835197,179.609283,156.276886,74.016266,150.908875,0.028755,-1.443515,0.332878,1.232450,-0.779570,4.498296,
feedback,2.065892,1786442374124,7,Rx,-5.000000,-15.000000,-4.763952,0.236048,,,435.927734,-66.838371,179.629578,165.924408,74.023300,150.924545,435.897827,-66.843330,179.610245,156.235199,74.016624,150.905014,-0.020662,-0.890447,0.217267,1.204325,-0.755425,4.548881,
feedback,2.074145,1786442374132,7,Rx,-5.000000,-15.000000,-4.604638,0.395362,,,435.927734,-66.838371,179.629578,165.924408,74.023300,150.924545,435.896820,-66.853592,179.611435,156.196106,74.017342,150.903534,-0.240813,-1.907136,0.107445,1.105147,-0.724949,4.412229,
feedback,2.082193,1786442374137,7,Rx,-5.000000,-15.000000,-4.627981,0.372019,,,435.927734,-66.838371,179.629578,165.924408,74.023300,150.924545,435.896851,-66.860573,179.612747,156.177017,74.017929,150.902954,0.007330,-1.744794,0.332583,1.075438,-0.767599,4.438005,
feedback,2.090747,1786442374145,7,Rx,-5.000000,-15.000000,-4.765132,0.234868,,,435.927734,-66.838371,179.629578,165.924408,74.023300,150.924545,435.898010,-66.873566,179.615921,156.139252,74.019180,150.902756,0.159201,-1.327996,0.401290,1.052060,-0.764238,4.586988,
feedback,2.098821,1786442374153,7,Rx,-5.000000,-15.000000,-5.295391,-0.295391,,,435.927734,-66.838371,179.629578,165.924408,74.023300,150.924545,435.898743,-66.871704,179.616531,156.098984,74.019409,150.904816,0.020237,0.278812,0.010624,1.189109,-0.689141,5.114727,
feedback,2.107444,1786442374162,7,Rx,-5.000000,-15.000000,-5.371547,-0.371547,,,435.927734,-66.838371,179.629578,165.924408,74.023300,150.924545,435.901337,-66.867584,179.618851,156.058640,74.019943,150.906509,0.449162,1.281813,0.237654,1.167302,-0.718498,5.195312,
feedback,2.115639,1786442374171,7,Rx,-5.000000,-15.000000,-5.265949,-0.265949,,,435.927734,-66.838371,179.629578,165.924408,74.023300,150.924545,435.903717,-66.847839,179.619843,155.998871,74.020355,150.911575,0.066719,1.149661,0.066668,1.140839,-0.690462,5.095996,
feedback,2.126159,1786442374179,7,Rx,-5.000000,-15.000000,-5.386174,-0.386174,,,435.927734,-66.838371,179.629578,165.924408,74.023300,150.924545,435.905548,-66.839180,179.621170,155.957672,74.020500,150.913498,0.181026,0.995348,0.126475,1.265332,-0.693619,5.189460,
feedback,2.131914,1786442374187,7,Rx,-5.000000,-15.000000,-5.403760,-0.403760,,,435.927734,-66.838371,179.629578,165.924408,74.023300,150.924545,435.907227,-66.830894,179.622971,155.917694,74.021011,150.916351,0.360105,1.629319,0.277368,1.149079,-0.726820,5.232223,
feedback,2.141240,1786442374196,7,Rx,-5.000000,-15.000000,-4.822120,0.177880,,,435.927734,-66.838371,179.629578,165.924408,74.023300,150.924545,435.908234,-66.835770,179.626114,155.880280,74.022331,150.918121,0.077243,-0.929079,0.384508,1.019443,-0.764755,4.654367,
feedback,2.148426,1786442374204,7,Rx,-5.000000,-15.000000,-4.826049,0.173951,,,435.927734,-66.838371,179.629578,165.924408,74.023300,150.924545,435.911011,-66.839684,179.630615,155.842804,74.023819,150.919434,0.337429,-0.344988,0.487466,1.039529,-0.775224,4.651971,
feedback,2.156363,1786442374213,7,Rx,-5.000000,-15.000000,-4.774500,0.225500,,,435.927734,-66.838371,179.629578,165.924408,74.023300,150.924545,435.912384,-66.846169,179.634521,155.806168,74.025223,150.920868,0.108814,-0.793356,0.426097,1.036444,-0.752346,4.602305,
feedback,2.164318,1786442374221,7,Rx,-5.000000,-15.000000,-4.543965,0.456035,,,435.927734,-66.838371,179.629578,165.924408,74.023300,150.924545,435.910858,-66.862312,179.637711,155.769485,74.026398,150.920853,-0.051496,-2.245957,0.503590,1.035101,-0.770779,4.360282,
feedback,2.172693,1786442374229,7,Rx,-5.000000,-15.000000,-4.811051,0.188949,,,435.927734,-66.838371,179.629578,165.924408,74.023300,150.924545,435.908142,-66.880234,179.640106,155.733047,74.027367,150.921631,-0.408992,-1.707205,0.217563,1.087249,-0.703050,4.634472,
feedback,2.181116,1786442374238,7,Rx,-5.000000,-15.000000,-5.388924,-0.388924,,,435.927734,-66.838371,179.629578,165.924408,74.023300,150.924545,435.906189,-66.877373,179.640518,155.693710,74.027260,150.924942,-0.205674,0.892238,0.099488,1.221166,-0.655545,5.208660,
feedback,2.188987,1786442374246,7,Rx,-5.000000,-15.000000,-5.500709,-0.500709,,,435.927734,-66.838371,179.629578,165.924408,74.023300,150.924545,435.905762,-66.862648,179.640854,155.655609,74.027351,150.930511,0.041718,2.367922,0.019512,1.191401,-0.644875,5.333863,
feedback,2.197333,1786442374254,7,Rx,-5.000000,-15.000000,-5.367161,-0.367161,,,435.927734,-66.838371,179.629578,165.924408,74.023300,150.924545,435.909698,-66.838127,179.645096,155.593063,74.027565,150.933426,0.213467,1.348648,0.308433,1.252170,-0.704921,5.171399,
feedback,2.207479,1786442374263,7,Rx,-5.000000,-15.000000,-5.368324,-0.368324,,,435.927734,-66.838371,179.629578,165.924408,74.023300,150.924545,435.911713,-66.831161,179.648697,155.550034,74.027733,150.933411,0.312543,0.879367,0.555163,1.276260,-0.756350,5.159431,
feedback,2.215916,1786442374271,7,Rx,-5.000000,-15.000000,-5.080817,-0.080817,,,435.927734,-66.838371,179.629578,165.924408,74.023300,150.924545,435.911652,-66.830734,179.651352,155.513504,74.028488,150.938629,0.045440,-0.359368,0.389573,0.976340,-0.700025,4.943244,
feedback,2.223815,1786442374280,7,Rx,-5.000000,-15.000000,-4.997302,0.002698,,,435.927734,-66.838371,179.629578,165.924408,74.023300,150.924545,435.911194,-66.833366,179.654480,155.480667,74.029839,150.945419,0.144746,0.313201,0.450894,0.887431,-0.696916,4.879049,
feedback,2.232341,1786442374288,7,Rx,-5.000000,-15.000000,-4.817527,0.182473,,,435.927734,-66.838371,179.629578,165.924408,74.023300,150.924545,435.910645,-66.833900,179.657623,155.446533,74.030945,150.950821,-0.224572,-0.711921,0.398091,0.995413,-0.685440,4.666639,
feedback,2.240712,1786442374297,7,Rx,-5.000000,-15.000000,-4.708233,0.291767,,,435.927734,-66.838371,179.629578,165.924408,74.023300,150.924545,435.907440,-66.845779,179.659698,155.410660,74.031555,150.952423,-0.416034,-1.323028,0.252287,0.991876,-0.648991,4.558907,
feedback,2.248385,1786442374305,7,Rx,-5.000000,-15.000000,-4.656592,0.343408,,,435.927734,-66.838371,179.629578,165.924408,74.023300,150.924545,435.905304,-66.858505,179.663193,155.374664,74.032417,150.953415,-0.209728,-1.446185,0.491964,1.013831,-0.698095,4.492878,
feedback,2.257866,1786442374313,7,Rx,-5.000000,-15.000000,-5.061858,-0.061858,,,435.927734,-66.838371,179.629578,165.924408,74.023300,150.924545,435.904144,-66.863914,179.665878,155.336380,74.032768,150.954330,0.092265,-0.031863,0.535137,1.196626,-0.715505,4.866264,
feedback,2.264643,1786442374322,7,Rx,-5.000000,-15.000000,-5.356475,-0.356475,,,435.927734,-66.838371,179.629578,165.924408,74.023300,150.924545,435.902740,-66.856506,179.666916,155.292511,74.031822,150.953400,-0.072756,0.941240,0.311699,1.352985,-0.665685,5.140512,
feedback,2.273142,1786442374330,7,Rx,-5.000000,-15.000000,-5.203350,-0.203350,,,435.927734,-66.838371,179.629578,165.924408,74.023300,150.924545,435.902191,-66.854179,179.669220,155.249893,74.031517,150.952454,-0.091813,0.239866,0.290002,1.309421,-0.677664,4.990476,
feedback,2.281571,1786442374339,7,Rx,-5.000000,-15.000000,-5.160017,-0.160017,,,435.927734,-66.838371,179.629578,165.924408,74.023300,150.924545,435.899597,-66.856354,179.671661,155.183838,74.030495,150.948669,-0.449016,-0.640095,-0.018479,1.339060,-0.613964,4.946841,
feedback,2.289361,1786442374347,7,Rx,-5.000000,-15.000000,-5.279620,-0.279620,,,435.927734,-66.838371,179.629578,165.924408,74.023300,150.924545,435.898346,-66.854965,179.674240,155.136841,74.029579,150.943741,-0.292636,0.233602,0.198194,1.442416,-0.654560,5.039749,
feedback,2.297703,1786442374356,7,Rx,-5.000000,-15.000000,-5.348455,-0.348455,,,435.927734,-66.838371,179.629578,165.924408,74.023300,150.924545,435.898499,-66.841919,179.675064,155.093475,74.028915,150.943054,0.086237,1.974428,0.098248,1.311584,-0.643930,5.145555,
feedback,2.306299,1786442374360,7,Rx,-5.000000,-15.000000,-4.924743,0.075257,,,435.927734,-66.838371,179.629578,165.924408,74.023300,150.924545,435.898163,-66.836319,179.676620,155.051910,74.028748,150.941727,-0.059607,-0.063100,0.258049,1.225657,-0.684507,4.720688,
feedback,2.313972,1786442374368,7,Rx,-5.000000,-15.000000,-4.828947,0.171053,,,435.927734,-66.838371,179.629578,165.924408,74.023300,150.924545,435.897614,-66.838684,179.677353,155.030991,74.028664,150.940063,-0.142291,-0.590493,0.186098,1.267744,-0.680454,4.611080,
feedback,2.322088,1786442374377,7,Rx,-5.000000,-15.000000,-4.755458,0.244542,,,435.927734,-66.838371,179.629578,165.924408,74.023300,150.924545,435.897766,-66.844177,179.679489,154.990540,74.028854,150.937622,0.020599,-0.774736,0.259555,1.193333,-0.686852,4.552366,
feedback,2.330615,1786442374385,7,Rx,-5.000000,-15.000000,-4.495981,0.504019,,,435.927734,-66.838371,179.629578,165.924408,74.023300,150.924545,435.897552,-66.860809,179.682678,154.949402,74.029442,150.932648,-0.049232,-2.387315,0.374419,1.176381,-0.757357,4.276910,
feedback,2.338305,1786442374393,7,Rx,-5.000000,-15.000000,-4.925306,0.074694,,,435.927734,-66.838371,179.629578,165.924408,74.023300,150.924545,435.897980,-66.866722,179.685089,154.907791,74.029671,150.929565,-0.008252,-0.297288,0.300580,1.273744,-0.718066,4.704579,
feedback,2.346720,1786442374402,7,Rx,-5.000000,-15.000000,-5.414724,-0.414724,,,435.927734,-66.838371,179.629578,165.924408,74.023300,150.924545,435.898376,-66.858032,179.685074,154.863022,74.028854,150.927399,0.015391,1.304162,0.017016,1.405794,-0.645033,5.190771,
feedback,2.355039,1786442374410,7,Rx,-5.000000,-15.000000,-5.108402,-0.108402,,,435.927734,-66.838371,179.629578,165.924408,74.023300,150.924545,435.896790,-66.858055,179.684906,154.818405,74.028145,150.923935,-0.210899,-0.252445,0.023928,1.353198,-0.665039,4.882524,
feedback,2.362951,1786442374419,7,Rx,-5.000000,-15.000000,-5.277552,-0.277552,,,435.927734,-66.838371,179.629578,165.924408,74.023300,150.924545,435.895782,-66.855942,179.685150,154.749542,74.026978,150.917648,-0.089119,0.406621,-0.039263,1.431649,-0.665013,5.038846,
feedback,2.371407,1786442374427,7,Rx,-5.000000,-15.000000,-5.470224,-0.470224,,,435.927734,-66.838371,179.629578,165.924408,74.023300,150.924545,435.897888,-66.847153,179.685837,154.702759,74.026222,150.913864,0.363864,1.463931,0.176699,1.469925,-0.717225,5.222417,
feedback,2.379122,1786442374435,7,Rx,-5.000000,-15.000000,-5.280393,-0.280393,,,435.927734,-66.838371,179.629578,165.924408,74.023300,150.924545,435.901978,-66.834190,179.687363,154.656433,74.025993,150.910065,0.670338,1.637193,0.348177,1.403098,-0.785605,5.032163,
feedback,2.387563,1786442374444,7,Rx,-5.000000,-15.000000,-5.052323,-0.052323,,,435.927734,-66.838371,179.629578,165.924408,74.023300,150.924545,435.905029,-66.824303,179.688812,154.609467,74.025612,150.904861,0.168537,0.353408,0.088229,1.380757,-0.728354,4.808488,
feedback,2.395734,1786442374452,7,Rx,-5.000000,-15.000000,-4.703667,0.296333,,,435.927734,-66.838371,179.629578,165.924408,74.023300,150.924545,435.906281,-66.830765,179.690598,154.564941,74.025734,150.898499,0.058583,-1.458979,0.205000,1.318097,-0.767949,4.455990,
feedback,2.404032,1786442374461,7,Rx,-5.000000,-15.000000,-4.605265,0.394735,,,435.927734,-66.838371,179.629578,165.924408,74.023300,150.924545,435.905914,-66.847870,179.691940,154.521210,74.025978,150.891129,-0.119497,-2.043941,0.114379,1.283561,-0.747558,4.365113,
feedback,2.412810,1786442374469,7,Rx,-5.000000,-15.000000,-4.779683,0.220317,,,435.927734,-66.838371,179.629578,165.924408,74.023300,150.924545,435.906158,-66.855759,179.692886,154.478592,74.026154,150.885864,0.134062,-0.288884,0.118979,1.289579,-0.745760,4.545281,
feedback,2.420328,1786442374477,7,Rx,-5.000000,-15.000000,-4.936894,0.063106,,,435.927734,-66.838371,179.629578,165.924408,74.023300,150.924545,435.907257,-66.853661,179.692810,154.434494,74.025970,150.881409,-0.061141,-0.252117,-0.127831,1.327906,-0.698803,4.705762,
feedback,2.428814,1786442374486,7,Rx,-5.000000,-15.000000,-5.416627,-0.416627,,,435.927734,-66.838371,179.629578,165.924408,74.023300,150.924545,435.909363,-66.842834,179.691803,154.386780,74.025070,150.876465,0.219102,1.617226,-0.178660,1.469069,-0.686238,5.171213,
feedback,2.438329,1786442374494,7,Rx,-5.000000,-15.000000,-5.294232,-0.294232,,,435.927734,-66.838371,179.629578,165.924408,74.023300,150.924545,435.911865,-66.834259,179.691620,154.341568,74.024590,150.873672,0.204929,0.674975,-0.022579,1.351450,-0.696955,5.071823,
feedback,2.445113,1786442374503,7,Rx,-5.000000,-15.000000,-5.071561,-0.071561,,,435.927734,-66.838371,179.629578,165.924408,74.023300,150.924545,435.913055,-66.834526,179.690414,154.283691,74.025002,150.878510,0.033572,-0.737845,-0.083071,1.124991,-0.679044,4.899335,
feedback,2.452968,1786442374511,7,Rx,-5.000000,-15.000000,-5.310376,-0.310376,,,435.927734,-66.838371,179.629578,165.924408,74.023300,150.924545,435.913452,-66.832283,179.689941,154.243896,74.025146,150.880997,0.009184,0.444060,-0.157765,1.224869,-0.666319,5.124538,
feedback,2.461146,1786442374519,7,Rx,-5.000000,-15.000000,-5.169482,-0.169482,,,435.927734,-66.838371,179.629578,165.924408,74.023300,150.924545,435.913544,-66.828224,179.689240,154.202682,74.025063,150.881958,-0.095924,0.028611,-0.042405,1.261065,-0.686429,4.966130,
feedback,2.469593,1786442374524,7,Rx,-5.000000,-15.000000,-5.005871,-0.005871,,,435.927734,-66.838371,179.629578,165.924408,74.023300,150.924545,435.913361,-66.830177,179.688934,154.181519,74.024986,150.880783,-0.051655,-0.489699,-0.073167,1.280894,-0.691177,4.790327,
feedback,2.477413,1786442374532,7,Rx,-5.000000,-15.000000,-4.718659,0.281341,,,435.927734,-66.838371,179.629578,165.924408,74.023300,150.924545,435.912201,-66.842720,179.688965,154.139236,74.025047,150.875977,-0.114400,-1.355420,0.042436,1.246598,-0.728887,4.494901,
feedback,2.485549,1786442374541,7,Rx,-5.000000,-15.000000,-4.810536,0.189464,,,435.927734,-66.838371,179.629578,165.924408,74.023300,150.924545,435.912720,-66.849014,179.689346,154.096725,74.025169,150.871414,0.156566,-0.377098,0.066578,1.265668,-0.736985,4.584571,
feedback,2.496568,1786442374549,7,Rx,-5.000000,-15.000000,-4.778152,0.221848,,,435.927734,-66.838371,179.629578,165.924408,74.023300,150.924545,435.913879,-66.851387,179.689911,154.056198,74.025589,150.869278,0.003399,-0.457477,0.015947,1.165002,-0.713796,4.579291,
feedback,2.501846,1786442374557,7,Rx,-5.000000,-15.000000,-5.000338,-0.000338,,,435.927734,-66.838371,179.629578,165.924408,74.023300,150.924545,435.916809,-66.851089,179.691467,154.017090,74.026344,150.869110,0.280171,0.563774,0.080196,1.156387,-0.706645,4.813551,
feedback,2.510555,1786442374566,7,Rx,-5.000000,-15.000000,-5.257501,-0.257501,,,435.927734,-66.838371,179.629578,165.924408,74.023300,150.924545,435.918091,-66.846001,179.690628,153.976105,74.026283,150.869781,-0.112802,0.382507,-0.311565,1.253372,-0.629522,5.067539,
feedback,2.518828,1786442374574,7,Rx,-5.000000,-15.000000,-5.225151,-0.225151,,,435.927734,-66.838371,179.629578,165.924408,74.023300,150.924545,435.919434,-66.843246,179.690506,153.933014,74.026016,150.868439,0.077831,0.478676,-0.104106,1.289770,-0.680278,5.017716,
feedback,2.526981,1786442374582,7,Rx,-5.000000,-15.000000,-5.114762,-0.114762,,,435.927734,-66.838371,179.629578,165.924408,74.023300,150.924545,435.919434,-66.841888,179.690567,153.864990,74.025208,150.862778,-0.012283,-0.059809,0.015404,1.409696,-0.709760,4.868798,
feedback,2.534605,1786442374591,7,Rx,-5.000000,-15.000000,-5.501385,-0.501385,,,435.927734,-66.838371,179.629578,165.924408,74.023300,150.924545,435.918640,-66.834808,179.689163,153.821915,74.024513,150.862427,-0.199316,1.148524,-0.306363,1.317618,-0.627047,5.305504,
feedback,2.542875,1786442374599,7,Rx,-5.000000,-15.000000,-5.300341,-0.300341,,,435.927734,-66.838371,179.629578,165.924408,74.023300,150.924545,435.918762,-66.827454,179.688492,153.781281,74.024345,150.864594,0.000053,0.579193,-0.036019,1.216262,-0.679134,5.114468,
feedback,2.551175,1786442374608,7,Rx,-5.000000,-15.000000,-4.870395,0.129605,,,435.927734,-66.838371,179.629578,165.924408,74.023300,150.924545,435.919769,-66.830811,179.689224,153.742783,74.024925,150.865921,0.250033,-0.576099,0.139359,1.086098,-0.720810,4.693990,
feedback,2.559421,1786442374616,7,Rx,-5.000000,-15.000000,-4.707264,0.292736,,,435.927734,-66.838371,179.629578,165.924408,74.023300,150.924545,435.920654,-66.841782,179.690674,153.706970,74.026031,150.867645,0.398027,-1.134041,0.464901,1.011416,-0.788155,4.533595,
feedback,2.567480,1786442374624,7,Rx,-5.000000,-15.000000,-4.814635,0.185365,,,435.927734,-66.838371,179.629578,165.924408,74.023300,150.924545,435.921844,-66.845505,179.691010,153.671646,74.026985,150.870728,0.241815,-0.154382,0.145001,1.010345,-0.708769,4.656610,
feedback,2.575812,1786442374633,7,Rx,-5.000000,-15.000000,-4.639455,0.360545,,,435.927734,-66.838371,179.629578,165.924408,74.023300,150.924545,435.921509,-66.851135,179.690628,153.637924,74.027939,150.874832,-0.057247,-0.969149,-0.016139,0.976748,-0.683097,4.486373,
feedback,2.584129,1786442374641,7,Rx,-5.000000,-15.000000,-4.701902,0.298098,,,435.927734,-66.838371,179.629578,165.924408,74.023300,150.924545,435.920441,-66.861755,179.690353,153.603745,74.028854,150.878159,-0.114093,-1.246677,-0.075408,1.005750,-0.671466,4.545697,
feedback,2.592397,1786442374650,7,Rx,-5.000000,-15.000000,-5.562657,-0.562657,,,435.927734,-66.838371,179.629578,165.924408,74.023300,150.924545,435.919952,-66.853241,179.687241,153.565674,74.028397,150.882889,0.043141,2.290663,-0.468913,1.181541,-0.570063,5.411183,
feedback,2.600840,1786442374658,7,Rx,-5.000000,-15.000000,-5.287423,-0.287423,,,435.927734,-66.838371,179.629578,165.924408,74.023300,150.924545,435.919312,-66.846382,179.684540,153.526901,74.028000,150.886932,-0.258476,0.681064,-0.492188,1.182887,-0.571568,5.124351,
feedback,2.608632,1786442374666,7,Rx,-5.000000,-15.000000,-5.364060,-0.364060,,,435.927734,-66.838371,179.629578,165.924408,74.023300,150.924545,435.919312,-66.833832,179.679764,153.471634,74.027588,150.895828,-0.066323,1.399739,-0.565820,1.152366,-0.563582,5.212808,
feedback,2.617379,1786442374675,7,Rx,-5.000000,-15.000000,-5.446798,-0.446798,,,435.927734,-66.838371,179.629578,165.924408,74.023300,150.924545,435.918640,-66.822189,179.676025,153.435394,74.027199,150.903198,-0.138559,1.513833,-0.475399,1.101503,-0.561877,5.311827,
feedback,2.624799,1786442374679,7,Rx,-5.000000,-15.000000,-5.021653,-0.021653,,,435.927734,-66.838371,179.629578,165.924408,74.023300,150.924545,435.915497,-66.823761,179.671661,153.399765,74.026711,150.909180,-0.533015,-1.082462,-0.482807,1.075066,-0.545839,4.878453,
feedback,2.633148,1786442374688,7,Rx,-5.000000,-15.000000,-4.785009,0.214991,,,435.927734,-66.838371,179.629578,165.924408,74.023300,150.924545,435.913177,-66.832130,179.670074,153.382629,74.026749,150.911270,-0.579385,-2.092782,-0.391656,1.024336,-0.582309,4.639919,
feedback,2.642814,1786442374696,7,Rx,-5.000000,-15.000000,-4.732039,0.267961,,,435.927734,-66.838371,179.629578,165.924408,74.023300,150.924545,435.909851,-66.847778,179.667160,153.349640,74.027122,150.915787,-0.301052,-1.311655,-0.365650,0.973743,-0.592911,4.596001,
feedback,2.649929,1786442374704,7,Rx,-5.000000,-15.000000,-4.801910,0.198090,,,435.927734,-66.838371,179.629578,165.924408,74.023300,150.924545,435.907104,-66.857155,179.663818,153.316986,74.027412,150.920990,-0.324643,-0.390638,-0.522399,0.959197,-0.563326,4.676433,
feedback,2.658176,1786442374713,7,Rx,-5.000000,-15.000000,-4.693686,0.306314,,,435.927734,-66.838371,179.629578,165.924408,74.023300,150.924545,435.905182,-66.864761,179.660492,153.285110,74.027863,150.926895,-0.218238,-0.789598,-0.376792,0.940120,-0.600280,4.563494,
feedback,2.666302,1786442374721,7,Rx,-5.000000,-15.000000,-4.669170,0.330830,,,435.927734,-66.838371,179.629578,165.924408,74.023300,150.924545,435.902893,-66.876328,179.657486,153.252213,74.028366,150.931229,-0.417769,-1.456919,-0.411798,0.996964,-0.595982,4.524372,
feedback,2.674529,1786442374729,7,Rx,-5.000000,-15.000000,-5.301345,-0.301345,,,435.927734,-66.838371,179.629578,165.924408,74.023300,150.924545,435.900909,-66.872124,179.653564,153.215866,74.028023,150.936661,-0.283789,0.511143,-0.434603,1.172986,-0.579579,5.140176,
feedback,2.682632,1786442374738,7,Rx,-5.000000,-15.000000,-5.356350,-0.356350,,,435.927734,-66.838371,179.629578,165.924408,74.023300,150.924545,435.898407,-66.864998,179.649399,153.177536,74.027245,150.941254,-0.312178,1.091196,-0.502117,1.216339,-0.566992,5.188294,
feedback,2.690834,1786442374746,7,Rx,-5.000000,-15.000000,-5.428883,-0.428883,,,435.927734,-66.838371,179.629578,165.924408,74.023300,150.924545,435.897217,-66.851242,179.645325,153.142273,74.027031,150.949570,-0.329093,1.714839,-0.652654,0.982946,-0.532829,5.326886,
feedback,2.699059,1786442374755,7,Rx,-5.000000,-15.000000,-5.418459,-0.418459,,,435.927734,-66.838371,179.629578,165.924408,74.023300,150.924545,435.892639,-66.841827,179.640152,153.094025,74.027435,150.966003,-0.430625,1.022088,-0.500893,0.995639,-0.559952,5.309095,
feedback,2.707408,1786442374763,7,Rx,-5.000000,-15.000000,-5.230208,-0.230208,,,435.927734,-66.838371,179.629578,165.924408,74.023300,150.924545,435.889496,-66.837425,179.637543,153.057449,74.027145,150.972046,-0.391157,0.196308,-0.169582,1.124271,-0.604139,5.074956,
feedback,2.715388,1786442374771,7,Rx,-5.000000,-15.000000,-4.860411,0.139589,,,435.927734,-66.838371,179.629578,165.924408,74.023300,150.924545,435.885651,-66.842804,179.633942,153.020218,74.026772,150.974670,-0.523561,-0.921536,-0.540757,1.099045,-0.572944,4.700954,
feedback,2.723321,1786442374780,7,Rx,-5.000000,-15.000000,-4.873521,0.126479,,,435.927734,-66.838371,179.629578,165.924408,74.023300,150.924545,435.882660,-66.848190,179.633011,152.983002,74.026901,150.976242,-0.284794,-0.352925,-0.065342,1.108876,-0.657671,4.700364,
feedback,2.732330,1786442374788,7,Rx,-5.000000,-15.000000,-4.817142,0.182858,,,435.927734,-66.838371,179.629578,165.924408,74.023300,150.924545,435.881073,-66.853760,179.632278,152.945312,74.027176,150.976822,-0.196190,-0.474843,-0.105210,1.101046,-0.652204,4.644439,
feedback,2.739608,1786442374797,7,Rx,-5.000000,-15.000000,-4.579534,0.420466,,,435.927734,-66.838371,179.629578,165.924408,74.023300,150.924545,435.877625,-66.870506,179.631638,152.907043,74.027504,150.974991,-0.342476,-1.953568,-0.145462,1.125782,-0.669044,4.388759,
feedback,2.748415,1786442374805,7,Rx,-5.000000,-15.000000,-4.940480,0.059520,,,435.927734,-66.838371,179.629578,165.924408,74.023300,150.924545,435.875366,-66.877342,179.631897,152.867676,74.027679,150.974228,-0.203262,-0.229560,-0.147468,1.199505,-0.652994,4.747977,
feedback,2.756128,1786442374813,7,Rx,-5.000000,-15.000000,-5.493273,-0.493273,,,435.927734,-66.838371,179.629578,165.924408,74.023300,150.924545,435.873627,-66.868439,179.630798,152.824554,74.026917,150.973907,-0.049271,1.888235,0.033449,1.352769,-0.665254,5.282908,
feedback,2.764539,1786442374822,7,Rx,-5.000000,-15.000000,-5.261114,-0.261114,,,435.927734,-66.838371,179.629578,165.924408,74.023300,150.924545,435.871704,-66.857719,179.628220,152.781342,74.025932,150.973129,-0.328406,1.033097,-0.427226,1.360860,-0.599400,5.048547,
feedback,2.772627,1786442374830,7,Rx,-5.000000,-15.000000,-5.403907,-0.403907,,,435.927734,-66.838371,179.629578,165.924408,74.023300,150.924545,435.870087,-66.848442,179.626907,152.737335,74.025078,150.971817,-0.126954,1.525561,0.013790,1.412760,-0.664804,5.175000,
feedback,2.780769,1786442374839,7,Rx,-5.000000,-15.000000,-5.285705,-0.285705,,,435.927734,-66.838371,179.629578,165.924408,74.023300,150.924545,435.867310,-66.836220,179.623016,152.667801,74.023079,150.966476,-0.282156,0.205533,-0.293092,1.504500,-0.656404,5.030251,
feedback,2.788950,1786442374847,7,Rx,-5.000000,-15.000000,-5.233187,-0.233187,,,435.927734,-66.838371,179.629578,165.924408,74.023300,150.924545,435.866333,-66.833359,179.621399,152.621338,74.022102,150.961746,0.039975,0.513487,-0.030611,1.436034,-0.716914,4.984352,
feedback,2.797361,1786442374855,7,Rx,-5.000000,-15.000000,-5.091996,-0.091996,,,435.927734,-66.838371,179.629578,165.924408,74.023300,150.924545,435.866699,-66.829262,179.621231,152.577866,74.021889,150.959106,0.158202,0.461892,0.057934,1.330555,-0.743400,4.860211,
feedback,2.805280,1786442374864,7,Rx,-5.000000,-15.000000,-4.725584,0.274416,,,435.927734,-66.838371,179.629578,165.924408,74.023300,150.924545,435.866211,-66.838997,179.620758,152.536148,74.021965,150.955017,-0.236508,-1.557384,-0.087323,1.250133,-0.693822,4.506098,
feedback,2.813743,1786442374868,7,Rx,-5.000000,-15.000000,-4.463377,0.536623,,,435.927734,-66.838371,179.629578,165.924408,74.023300,150.924545,435.865356,-66.849777,179.621552,152.516235,74.022285,150.952866,-0.217652,-2.696946,0.199745,1.158407,-0.736570,4.250372,
feedback,2.821978,1786442374876,7,Rx,-5.000000,-15.000000,-4.423101,0.576899,,,435.927734,-66.838371,179.629578,165.924408,74.023300,150.924545,435.863556,-66.871735,179.621582,152.475952,74.022690,150.948135,-0.123215,-2.773934,0.170018,1.204612,-0.743386,4.195965,
feedback,2.830088,1786442374885,7,Rx,-5.000000,-15.000000,-4.770665,0.229335,,,435.927734,-66.838371,179.629578,165.924408,74.023300,150.924545,435.864166,-66.887329,179.622757,152.434479,74.023170,150.943588,0.186189,-1.366313,0.151339,1.239255,-0.749377,4.547990,
feedback,2.839213,1786442374894,7,Rx,-5.000000,-15.000000,-5.349696,-0.349696,,,435.927734,-66.838371,179.629578,165.924408,74.023300,150.924545,435.865936,-66.883629,179.622772,152.391327,74.023064,150.941696,0.339014,1.352316,-0.001066,1.375385,-0.708906,5.121844,
feedback,2.846586,1786442374902,7,Rx,-5.000000,-15.000000,-5.372134,-0.372134,,,435.927734,-66.838371,179.629578,165.924408,74.023300,150.924545,435.868195,-66.869576,179.621521,152.347748,74.022659,150.941528,0.272015,1.562131,-0.057488,1.339127,-0.692294,5.156568,
feedback,2.854431,1786442374910,7,Rx,-5.000000,-15.000000,-5.465163,-0.465163,,,435.927734,-66.838371,179.629578,165.924408,74.023300,150.924545,435.869476,-66.857834,179.620132,152.303391,74.021942,150.940475,0.158488,1.519374,-0.132225,1.403301,-0.669286,5.240473,
feedback,2.862963,1786442374919,7,Rx,-5.000000,-15.000000,-5.348380,-0.348380,,,435.927734,-66.838371,179.629578,165.924408,74.023300,150.924545,435.868744,-66.854507,179.617584,152.237167,74.020882,150.936981,0.042772,0.833436,-0.275273,1.389322,-0.657391,5.124151,
feedback,2.870816,1786442374927,7,Rx,-5.000000,-15.000000,-5.413648,-0.413648,,,435.927734,-66.838371,179.629578,165.924408,74.023300,150.924545,435.869873,-66.840370,179.616241,152.193451,74.020226,150.936783,0.090659,1.567957,-0.146658,1.380598,-0.664223,5.193274,
feedback,2.878913,1786442374935,7,Rx,-5.000000,-15.000000,-4.970714,0.029286,,,435.927734,-66.838371,179.629578,165.924408,74.023300,150.924545,435.872253,-66.834488,179.616455,152.150375,74.020126,150.934738,0.169527,-0.004037,-0.007653,1.268391,-0.697510,4.755993,
feedback,2.888887,1786442374944,7,Rx,-5.000000,-15.000000,-4.725498,0.274502,,,435.927734,-66.838371,179.629578,165.924408,74.023300,150.924545,435.874939,-66.839386,179.616531,152.108246,74.020348,150.930740,0.443844,-0.915009,0.102287,1.251562,-0.762598,4.496078,
feedback,2.895695,1786442374952,7,Rx,-5.000000,-15.000000,-4.653756,0.346244,,,435.927734,-66.838371,179.629578,165.924408,74.023300,150.924545,435.875977,-66.850456,179.616791,152.065125,74.020355,150.925095,0.118436,-1.698708,0.008046,1.284873,-0.728975,4.417792,
feedback,2.904407,1786442374961,7,Rx,-5.000000,-15.000000,-4.417902,0.582098,,,435.927734,-66.838371,179.629578,165.924408,74.023300,150.924545,435.877167,-66.869179,179.618393,152.022675,74.020874,150.918381,0.156832,-2.634657,0.217895,1.238927,-0.773080,4.177821,
feedback,2.911950,1786442374969,7,Rx,-5.000000,-15.000000,-4.670701,0.329299,,,435.927734,-66.838371,179.629578,165.924408,74.023300,150.924545,435.877686,-66.879013,179.617325,151.981277,74.020790,150.914719,0.195882,-1.413114,-0.019783,1.263759,-0.722929,4.441545,
feedback,2.920915,1786442374977,7,Rx,-5.000000,-15.000000,-5.369430,-0.369430,,,435.927734,-66.838371,179.629578,165.924408,74.023300,150.924545,435.878815,-66.871849,179.616806,151.937271,74.020187,150.912750,0.142296,1.381377,-0.062690,1.362318,-0.655921,5.153021,
feedback,2.928495,1786442374986,7,Rx,-5.000000,-15.000000,-5.359857,-0.359857,,,435.927734,-66.838371,179.629578,165.924408,74.023300,150.924545,435.878998,-66.863327,179.615601,151.891510,74.019196,150.909973,0.096259,1.107144,-0.135525,1.427434,-0.669063,5.124938,
feedback,2.937140,1786442374994,7,Rx,-5.000000,-15.000000,-5.268141,-0.268141,,,435.927734,-66.838371,179.629578,165.924408,74.023300,150.924545,435.879761,-66.853172,179.614609,151.845276,74.018219,150.906662,0.231600,0.942377,-0.052102,1.445963,-0.693726,5.021462,
feedback,2.945213,1786442375003,7,Rx,-5.000000,-15.000000,-5.509883,-0.509883,,,435.927734,-66.838371,179.629578,165.924408,74.023300,150.924545,435.881439,-66.834778,179.612854,151.778839,74.017029,150.905258,0.192076,1.907487,-0.099500,1.233472,-0.649765,5.332228,
feedback,2.952978,1786442375011,7,Rx,-5.000000,-15.000000,-5.492360,-0.492360,,,435.927734,-66.838371,179.629578,165.924408,74.023300,150.924545,435.885071,-66.814896,179.612015,151.741486,74.017555,150.912323,0.270085,2.543280,-0.153354,1.086468,-0.658793,5.349535,
feedback,2.961184,1786442375015,7,Rx,-5.000000,-15.000000,-4.949287,0.050713,,,435.927734,-66.838371,179.629578,165.924408,74.023300,150.924545,435.886597,-66.814522,179.612076,151.723465,74.018066,150.914169,0.377830,0.093859,0.016775,1.021816,-0.714853,4.793002,
feedback,2.970579,1786442375025,7,Rx,-5.000000,-15.000000,-4.568290,0.431710,,,435.927734,-66.838371,179.629578,165.924408,74.023300,150.924545,435.887421,-66.830727,179.612427,151.686691,74.019012,150.914459,-0.013372,-2.371258,0.001171,1.026153,-0.712951,4.395866,
feedback,2.977936,1786442375033,7,Rx,-5.000000,-15.000000,-4.541830,0.458170,,,435.927734,-66.838371,179.629578,165.924408,74.023300,150.924545,435.887787,-66.847168,179.611633,151.648590,74.019455,150.912796,-0.040222,-2.176528,-0.230859,1.122175,-0.661016,4.351541,
feedback,2.985876,1786442375041,7,Rx,-5.000000,-15.000000,-4.689423,0.310577,,,435.927734,-66.838371,179.629578,165.924408,74.023300,150.924545,435.887543,-66.857635,179.610291,151.609695,74.019577,150.911392,0.079116,-1.233062,-0.212902,1.160505,-0.666759,4.494676,
feedback,2.994009,1786442375050,7,Rx,-5.000000,-15.000000,-4.611532,0.388468,,,435.927734,-66.838371,179.629578,165.924408,74.023300,150.924545,435.886292,-66.869911,179.608215,151.570984,74.019516,150.909653,-0.307562,-1.841370,-0.355922,1.135034,-0.609948,4.427937,
feedback,3.002270,1786442375058,7,Rx,-5.000000,-15.000000,-5.215313,-0.215313,,,435.927734,-66.838371,179.629578,165.924408,74.023300,150.924545,435.885040,-66.873711,179.606155,151.528046,74.018776,150.907089,-0.114895,-0.062085,-0.170651,1.383305,-0.652625,4.987917,
feedback,3.010494,1786442375067,7,Rx,-5.000000,-15.000000,-5.117419,-0.117419,,,435.927734,-66.838371,179.629578,165.924408,74.023300,150.924545,435.885010,-66.873665,179.604202,151.464951,74.017990,150.906097,0.065273,-0.023263,-0.103412,1.281975,-0.655742,4.911011,
feedback,3.018377,1786442375075,7,Rx,-5.000000,-15.000000,-5.357595,-0.357595,,,435.927734,-66.838371,179.629578,165.924408,74.023300,150.924545,435.885040,-66.867226,179.601898,151.423523,74.017235,150.907349,0.052282,1.327196,-0.447940,1.247748,-0.583432,5.179481,
feedback,3.027050,1786442375084,7,Rx,-5.000000,-15.000000,-5.626667,-0.626667,,,435.927734,-66.838371,179.629578,165.924408,74.023300,150.924545,435.887604,-66.847649,179.601974,151.381195,74.016792,150.909439,0.218024,2.838006,0.079280,1.321434,-0.657775,5.430576,
feedback,3.034801,1786442375092,7,Rx,-5.000000,-15.000000,-5.175145,-0.175145,,,435.927734,-66.838371,179.629578,165.924408,74.023300,150.924545,435.887024,-66.837555,179.599731,151.339615,74.015862,150.910522,-0.109847,0.624994,0.013595,1.286901,-0.627320,4.973782,
feedback,3.043088,1786442375100,7,Rx,-5.000000,-15.000000,-4.500609,0.499391,,,435.927734,-66.838371,179.629578,165.924408,74.023300,150.924545,435.887238,-66.845833,179.598923,151.299713,74.015358,150.907135,0.192437,-0.741159,0.083242,1.226955,-0.627490,4.287099,
feedback,3.052370,1786442375109,7,Rx,-5.000000,-15.000000,-4.251506,0.748494,,,435.927734,-66.838371,179.629578,165.924408,74.023300,150.924545,435.886871,-66.850250,179.597488,151.262070,74.014732,150.904694,-0.146344,-0.871869,-0.274046,1.094568,-0.538114,4.073564,
feedback,3.059817,1786442375117,7,Rx,-5.000000,-15.000000,-3.901106,1.098894,,,435.927734,-66.838371,179.629578,165.924408,74.023300,150.924545,435.887512,-66.859322,179.596481,151.230194,74.014885,150.904709,0.039682,-1.185213,-0.176004,0.889769,-0.524022,3.762298,
feedback,3.067670,1786442375125,7,Rx,-5.000000,-15.000000,-3.702295,1.297705,,,435.927734,-66.838371,179.629578,165.924408,74.023300,150.924545,435.889832,-66.863724,179.596405,151.201187,74.015465,150.905777,0.206911,-0.600770,-0.248487,0.778122,-0.497975,3.587065,
feedback,3.076005,1786442375134,7,Rx,-5.000000,-15.000000,-3.530927,1.469073,,,435.927734,-66.838371,179.629578,165.924408,74.023300,150.924545,435.891479,-66.870880,179.596497,151.175674,74.016220,150.908813,0.112067,-0.732909,-0.065685,0.673385,-0.478687,3.437707,
feedback,3.084003,1786442375142,7,Rx,-5.000000,-15.000000,-3.559207,1.440793,,,435.927734,-66.838371,179.629578,165.924408,74.023300,150.924545,435.891205,-66.878296,179.596115,151.150238,74.016655,150.911453,-0.133927,-0.660382,-0.121211,0.738230,-0.451051,3.454742,
feedback,3.092329,1786442375146,7,Rx,-5.000000,-15.000000,-4.077939,0.922061,,,435.927734,-66.838371,179.629578,165.924408,74.023300,150.924545,435.891205,-66.871521,179.594833,151.121231,74.016281,150.915070,-0.003093,0.875946,-0.144630,0.908552,-0.447917,3.952138,
feedback,3.101022,1786442375155,7,Rx,-5.000000,-15.000000,-3.817556,1.182444,,,435.927734,-66.838371,179.629578,165.924408,74.023300,150.924545,435.890228,-66.869377,179.593414,151.094772,74.016235,150.919937,-0.271210,-0.081402,-0.175668,0.782193,-0.439620,3.714069,
feedback,3.109680,1786442375163,7,Rx,-5.000000,-15.000000,-3.797698,1.202302,,,435.927734,-66.838371,179.629578,165.924408,74.023300,150.924545,435.891205,-66.862633,179.591949,151.068069,74.016090,150.924255,0.047422,0.833476,-0.212309,0.795648,-0.408396,3.694391,
feedback,3.116949,1786442375172,7,Rx,-5.000000,-15.000000,-3.321260,1.678740,,,435.927734,-66.838371,179.629578,165.924408,74.023300,150.924545,435.892731,-66.858505,179.591965,151.043304,74.016159,150.927124,0.174324,0.558737,-0.031707,0.703825,-0.393636,3.223835,
feedback,3.125215,1786442375180,7,Rx,-5.000000,-15.000000,-2.733290,2.266710,,,435.927734,-66.838371,179.629578,165.924408,74.023300,150.924545,435.892670,-66.856461,179.591309,151.024765,74.016441,150.931915,-0.053136,0.118467,0.056390,0.525002,-0.344040,2.663890,
feedback,3.133429,1786442375189,7,Rx,-5.000000,-15.000000,-2.500371,2.499629,,,435.927734,-66.838371,179.629578,165.924408,74.023300,150.924545,435.892975,-66.846710,179.590927,151.007599,74.016335,150.935822,0.125744,1.320550,0.057775,0.507134,-0.273879,2.435842,
feedback,3.142655,1786442375197,7,Rx,-5.000000,-15.000000,-2.031912,2.968088,,,435.927734,-66.838371,179.629578,165.924408,74.023300,150.924545,435.892944,-66.836876,179.590240,150.993362,74.016167,150.938675,0.189264,1.373463,0.054399,0.435737,-0.241556,1.970918,
feedback,3.149720,1786442375205,7,Rx,-5.000000,-15.000000,-1.597299,3.402701,,,435.927734,-66.838371,179.629578,165.924408,74.023300,150.924545,435.894653,-66.825302,179.590546,150.982086,74.016159,150.941055,0.314486,1.551948,0.049224,0.300177,-0.173767,1.562200,
feedback,3.158119,1786442375214,7,Rx,-5.000000,-15.000000,-1.419726,3.580274,,,435.927734,-66.838371,179.629578,165.924408,74.023300,150.924545,435.898804,-66.810013,179.592148,150.972809,74.016510,150.943665,0.618612,1.894552,0.256592,0.261554,-0.205660,1.382720,
feedback,3.165982,1786442375222,7,Rx,-5.000000,-15.000000,-1.266968,3.733032,,,435.927734,-66.838371,179.629578,165.924408,74.023300,150.924545,435.900604,-66.801147,179.592850,150.963074,74.016602,150.944763,0.298854,0.573476,0.258056,0.304519,-0.197168,1.214243,
feedback,3.174005,1786442375231,7,Rx,-5.000000,-15.000000,-0.932821,4.067179,,,435.927734,-66.838371,179.629578,165.924408,74.023300,150.924545,435.904205,-66.806610,179.595505,150.949722,74.017227,150.943695,0.135022,-0.724427,0.096513,0.245530,-0.156486,0.887087,
feedback,3.182502,1786442375239,7,Rx,-5.000000,-15.000000,-0.572630,4.427370,,,435.927734,-66.838371,179.629578,165.924408,74.023300,150.924545,435.902283,-66.817978,179.594925,150.942871,74.017113,150.941940,-0.159444,-1.442848,0.015937,0.210319,-0.113929,0.527149,
feedback,3.190412,1786442375247,7,Rx,-5.000000,-15.000000,-0.270372,4.729628,,,435.927734,-66.838371,179.629578,165.924408,74.023300,150.924545,435.900787,-66.833199,179.595444,150.938461,74.017380,150.940094,-0.222556,-1.943150,0.011282,0.095465,-0.088762,0.244994,
feedback,3.198714,1786442375256,7,Rx,-5.000000,-15.000000,-0.147493,4.852507,,,435.927734,-66.838371,179.629578,165.924408,74.023300,150.924545,435.899048,-66.845291,179.595673,150.936081,74.017632,150.939224,-0.159408,-1.304025,0.024863,0.022073,-0.059018,0.139687,
feedback,3.206776,1786442375264,7,Rx,-5.000000,-15.000000,-0.174325,4.825675,,,435.927734,-66.838371,179.629578,165.924408,74.023300,150.924545,435.900146,-66.844589,179.596527,150.935623,74.018066,150.940262,0.179345,0.402443,0.093860,-0.019251,-0.046950,0.179623,
feedback,3.214949,1786442375273,7,Rx,-5.000000,-15.000000,-0.071953,4.928047,,,435.927734,-66.838371,179.629578,165.924408,74.023300,150.924545,435.901825,-66.840851,179.596909,150.936172,74.018402,150.941559,0.245803,0.431512,0.029893,-0.044440,-0.025220,0.082464,
feedback,3.223023,1786442375281,7,Rx,-5.000000,-15.000000,-0.055460,4.944540,,,435.927734,-66.838371,179.629578,165.924408,74.023300,150.924545,435.902954,-66.838257,179.597366,150.936661,74.018661,150.942413,0.068150,0.419043,0.015848,-0.036320,-0.013916,0.064846,
feedback,3.232217,1786442375285,7,Rx,-5.000000,-15.000000,-0.059693,4.940307,,,435.927734,-66.838371,179.629578,165.924408,74.023300,150.924545,435.904388,-66.836472,179.597916,150.936691,74.018814,150.942703,0.362649,0.445840,0.140263,-0.020879,-0.032747,0.062765,
feedback,3.239628,1786442375295,7,Rx,-5.000000,-15.000000,-0.002523,4.997477,,,435.927734,-66.838371,179.629578,165.924408,74.023300,150.924545,435.905823,-66.836044,179.598511,150.936890,74.019135,150.942902,0.135857,0.064939,0.014076,-0.004643,-0.013803,0.001867,
feedback,3.247932,1786442375303,7,Rx,-5.000000,-15.000000,0.009097,5.009097,,,435.927734,-66.838371,179.629578,165.924408,74.023300,150.924545,435.906433,-66.836266,179.598526,150.937088,74.019226,150.943054,0.154268,-0.084708,0.048327,-0.006192,-0.019626,-0.010643,
feedback,3.256002,1786442375312,7,Rx,-5.000000,-15.000000,0.017152,5.017152,,,435.927734,-66.838371,179.629578,165.924408,74.023300,150.924545,435.906921,-66.836227,179.598770,150.937149,74.019363,150.943130,0.013276,-0.146398,0.035210,-0.016329,-0.013576,-0.015642,
feedback,3.264251,1786442375320,7,Rx,-5.000000,-15.000000,-0.000229,4.999771,,,435.927734,-66.838371,179.629578,165.924408,74.023300,150.924545,435.906036,-66.835983,179.597778,150.937744,74.019302,150.943787,-0.257212,-0.075842,-0.218153,-0.019200,0.033771,0.009742,
feedback,3.272453,1786442375328,5,Rx,-5.000000,-15.000000,-0.063515,4.936485,,,435.927734,-66.838371,179.629578,165.924408,74.023300,150.924545,435.907715,-66.833000,179.598862,150.937347,74.019455,150.943756,0.185784,0.474276,0.090180,-0.006192,-0.019626,0.064888,
feedback,3.280939,1786442375337,5,Rx,-5.000000,-15.000000,-0.022454,4.977546,,,435.927734,-66.838371,179.629578,165.924408,74.023300,150.924545,435.908203,-66.831650,179.598892,150.937317,74.019485,150.943863,0.082892,0.173009,0.085179,0.003662,-0.013236,0.020599,
feedback,3.288660,1786442375345,5,Rx,-5.000000,-15.000000,0.001939,5.001939,,,435.927734,-66.838371,179.629578,165.924408,74.023300,150.924545,435.908417,-66.831772,179.598923,150.937469,74.019569,150.943970,0.198273,0.141576,0.165899,-0.007547,-0.028856,-0.004141,
