event,pc_time_s,controller_timestamp,robot_mode,segment,planned_rx_deg_s,planned_ry_deg_s,planned_rz_deg_s,cp,actual_wx_deg_s,actual_wy_deg_s,actual_wz_deg_s,latency_ms,response
feedback,0.012476,1786508445434,5,0,0.0,0.0,0.0,,-0.005219087935984135,0.032134801149368286,-0.01373292226344347,,
feedback,0.013485,1786508445438,5,0,0.0,0.0,0.0,,-0.002417106181383133,0.006426959298551083,-0.01373291015625,,
feedback,0.018339,1786508445446,5,0,0.0,0.0,0.0,,0.009668448939919472,-0.025707827880978584,0.01373291015625,,
feedback,0.024193,1786508445455,5,0,0.0,0.0,0.0,,0.009283567778766155,-0.006426933687180281,0.013732912950217724,,
command,0.013073,,,1,5.0,0.0,0.0,100,,,,12.745,"0,{223},RelMovLTool(0.000000,0.000000,0.000000,23.000000,0.000000,0.000000,a=30,v=23,cp=100);"
feedback,0.032432,1786508445464,7,1,5.0,0.0,0.0,,1.5046471013580032e-12,-4.0007719359635985e-12,8.881769018170838e-13,,
feedback,0.040779,1786508445472,7,1,5.0,0.0,0.0,,-0.006481585558503866,-0.019280914217233658,-0.006866449024528265,,
feedback,0.049285,1786508445481,7,1,5.0,0.0,0.0,,0.011315813288092613,0.00642698910087347,-1.8486218777979957e-08,,
command,0.037039,,,2,4.166666666666667,0.8333333333333334,0.0,100,,,,7.217,"0,{224},RelMovLTool(0.000000,0.000000,0.000000,0.555556,0.111111,0.000000,a=30,v=19,cp=100);"
feedback,0.058665,1786508445489,7,2,4.166666666666667,0.8333333333333334,0.0,,0.01895197108387947,-0.03213478997349739,-0.020599365234375,,
feedback,0.065747,1786508445498,7,2,4.166666666666667,0.8333333333333334,0.0,,-0.009283545427024364,0.006426945328712463,0.020599374547600746,,
command,0.053500,,,3,3.333333333333333,1.6666666666666667,0.0,100,,,,9.259,"0,{225},RelMovLTool(0.000000,0.000000,0.000000,0.444444,0.222222,0.000000,a=30,v=15,cp=100);"
feedback,0.073710,1786508445506,7,3,3.333333333333333,1.6666666666666667,0.0,,0.002032236661761999,0.012853935360908508,0.00686644297093153,,
feedback,0.082063,1786508445515,7,3,3.333333333333333,1.6666666666666667,0.0,,0.002032236661761999,0.012853935360908508,-0.006866479758173227,,
command,0.076441,,,4,2.5,2.5,0.0,100,,,,7.224,"0,{226},RelMovLTool(0.000000,0.000000,0.000000,0.333333,0.333333,0.000000,a=30,v=11,cp=100);"
feedback,0.090911,1786508445523,7,4,2.5,2.5,0.0,,-0.06081331893801689,0.17995455861091614,-0.034332454204559326,,
feedback,0.099969,1786508445531,7,4,2.5,2.5,0.0,,-0.15497301518917084,0.539864182472229,0.013728661462664604,,
feedback,0.106684,1786508445540,7,4,2.5,2.5,0.0,,-0.23667505383491516,0.8483527302742004,-0.01374917570501566,,
feedback,0.114879,1786508445548,7,4,2.5,2.5,0.0,,-0.33092471957206726,1.2082245349884033,-0.19231289625167847,,
command,0.105080,,,5,1.6666666666666665,3.3333333333333335,0.0,100,,,,8.958,"0,{227},RelMovLTool(0.000000,0.000000,0.000000,0.222222,0.444444,0.000000,a=30,v=15,cp=100);"
feedback,0.124218,1786508445557,7,5,1.6666666666666665,3.3333333333333335,0.0,,-0.27601975202560425,1.317419171333313,-0.33658841252326965,,
feedback,0.131056,1786508445565,7,5,1.6666666666666665,3.3333333333333335,0.0,,-0.18320512771606445,1.3623331785202026,-0.3847830593585968,,
feedback,0.139237,1786508445570,7,5,1.6666666666666665,3.3333333333333335,0.0,,-0.14000290632247925,1.3751604557037354,-0.3573916554450989,,
command,0.128580,,,6,0.833333333333333,4.166666666666667,0.0,100,,,,7.517,"0,{228},RelMovLTool(0.000000,0.000000,0.000000,0.111111,0.555556,0.000000,a=30,v=19,cp=100);"
feedback,0.148247,1786508445578,7,6,0.833333333333333,4.166666666666667,0.0,,-0.000582114327698946,1.3879960775375366,-0.1996910274028778,,
command,0.140309,,,7,0.0,5.0,0.0,100,,,,5.642,"0,{229},RelMovLTool(0.000000,0.000000,0.000000,0.000000,0.666667,0.000000,a=30,v=23,cp=100);"
feedback,0.155763,1786508445587,7,7,0.0,5.0,0.0,,0.0023320603650063276,1.5807318687438965,-0.2479645013809204,,
feedback,0.163817,1786508445595,7,7,0.0,5.0,0.0,,-0.03268741816282272,2.05613112449646,-0.35134637355804443,,
command,0.153058,,,8,0.0,5.0,0.0,100,,,,6.316,"0,{230},RelMovLTool(0.000000,0.000000,0.000000,0.000000,21.000000,0.000000,a=30,v=23,cp=100);"
feedback,0.172389,1786508445604,7,8,0.0,5.0,0.0,,-0.03698406741023064,2.5957467555999756,-0.3931686282157898,,
feedback,0.180130,1786508445612,7,8,0.0,5.0,0.0,,0.127633735537529,3.03232479095459,-0.4082860052585602,,
command,0.168288,,,9,-0.8333333333333334,4.166666666666667,0.0,100,,,,6.423,"0,{231},RelMovLTool(0.000000,0.000000,0.000000,-0.111111,0.555556,0.000000,a=30,v=19,cp=100);"
feedback,0.188289,1786508445621,7,9,-0.8333333333333334,4.166666666666667,0.0,,0.09375937283039093,3.4303741455078125,-0.4984920918941498,,
command,0.180283,,,10,-1.6666666666666667,3.333333333333333,0.0,100,,,,5.948,"0,{232},RelMovLTool(0.000000,0.000000,0.000000,-0.222222,0.444444,0.000000,a=30,v=15,cp=100);"
feedback,0.199666,1786508445629,7,10,-1.6666666666666667,3.333333333333333,0.0,,0.11227425187826157,3.61637020111084,-0.46516627073287964,,
feedback,0.204727,1786508445638,7,10,-1.6666666666666667,3.333333333333333,0.0,,0.1874789297580719,3.4680442810058594,-0.5964312553405762,,
command,0.196662,,,11,-2.5,2.5,0.0,100,,,,7.572,"0,{233},RelMovLTool(0.000000,0.000000,0.000000,-0.333333,0.333333,0.000000,a=30,v=11,cp=100);"
feedback,0.215976,1786508445646,7,11,-2.5,2.5,0.0,,0.1384362131357193,3.4870071411132812,-0.617569088935852,,
feedback,0.221313,1786508445655,7,11,-2.5,2.5,0.0,,0.08795808255672455,3.6728694438934326,-0.6527360081672668,,
command,0.208495,,,12,-3.3333333333333335,1.6666666666666665,0.0,100,,,,5.487,"0,{234},RelMovLTool(0.000000,0.000000,0.000000,-0.444444,0.222222,0.000000,a=30,v=15,cp=100);"
feedback,0.229267,1786508445663,7,12,-3.3333333333333335,1.6666666666666665,0.0,,0.03026820346713066,4.096385478973389,-0.7159045338630676,,
feedback,0.237728,1786508445668,7,12,-3.3333333333333335,1.6666666666666665,0.0,,0.09261249005794525,4.166797161102295,-0.6962793469429016,,
command,0.224857,,,13,-4.166666666666667,0.833333333333333,0.0,100,,,,7.381,"0,{235},RelMovLTool(0.000000,0.000000,0.000000,-0.555556,0.111111,0.000000,a=30,v=19,cp=100);"
feedback,0.245921,1786508445676,7,13,-4.166666666666667,0.833333333333333,0.0,,0.05269836261868477,4.775904655456543,-0.8227250576019287,,
command,0.240947,,,14,-5.0,0.0,0.0,100,,,,9.404,"0,{236},RelMovLTool(0.000000,0.000000,0.000000,-0.666667,0.000000,0.000000,a=30,v=23,cp=100);"
feedback,0.254346,1786508445685,7,14,-5.0,0.0,0.0,,-0.07988056540489197,4.903620719909668,-0.9194951057434082,,
feedback,0.266889,1786508445694,7,14,-5.0,0.0,0.0,,-0.10235340148210526,5.050711154937744,-0.9278797507286072,,
feedback,0.270504,1786508445702,7,14,-5.0,0.0,0.0,,-0.06802608072757721,5.120763301849365,-0.9022185206413269,,
feedback,0.278937,1786508445711,7,14,-5.0,0.0,0.0,,-0.33789268136024475,5.159004211425781,-0.9560384154319763,,
command,0.268726,,,15,-5.0,0.0,0.0,100,,,,6.172,"0,{237},RelMovLTool(0.000000,0.000000,0.000000,-21.000000,0.000000,0.000000,a=30,v=23,cp=100);"
feedback,0.290229,1786508445719,7,15,-5.0,0.0,0.0,,-0.26525408029556274,5.126089096069336,-0.923456609249115,,
feedback,0.294788,1786508445728,7,15,-5.0,0.0,0.0,,-0.18198329210281372,4.919851779937744,-0.8697587847709656,,
command,0.284690,,,16,-4.166666666666667,-0.8333333333333334,0.0,100,,,,7.223,"0,{238},RelMovLTool(0.000000,0.000000,0.000000,-0.555556,-0.111111,0.000000,a=30,v=19,cp=100);"
feedback,0.303861,1786508445736,7,16,-4.166666666666667,-0.8333333333333334,0.0,,-0.025101903825998306,4.732010364532471,-1.0304256677627563,,
command,0.296660,,,17,-3.333333333333333,-1.6666666666666667,0.0,100,,,,6.233,"0,{239},RelMovLTool(0.000000,0.000000,0.000000,-0.444444,-0.222222,0.000000,a=30,v=15,cp=100);"
feedback,0.311839,1786508445745,7,17,-3.333333333333333,-1.6666666666666667,0.0,,0.0037218385841697454,4.6545844078063965,-0.9629243612289429,,
feedback,0.319887,1786508445753,7,17,-3.333333333333333,-1.6666666666666667,0.0,,0.05801057070493698,4.63456916809082,-0.9715642929077148,,
command,0.312298,,,18,-2.5,-2.5,0.0,100,,,,9.284,"0,{240},RelMovLTool(0.000000,0.000000,0.000000,-0.333333,-0.333333,0.000000,a=30,v=11,cp=100);"
feedback,0.332705,1786508445762,7,18,-2.5,-2.5,0.0,,0.07440740615129471,4.678858757019043,-0.9251528382301331,,
feedback,0.336180,1786508445770,7,18,-2.5,-2.5,0.0,,-0.016352638602256775,4.806815147399902,-0.9189229607582092,,
command,0.324057,,,19,-1.6666666666666665,-3.3333333333333335,0.0,100,,,,6.340,"0,{241},RelMovLTool(0.000000,0.000000,0.000000,-0.222222,-0.444444,0.000000,a=30,v=15,cp=100);"
feedback,0.344267,1786508445775,7,19,-1.6666666666666665,-3.3333333333333335,0.0,,0.020553160458803177,4.909355640411377,-0.8932027816772461,,
feedback,0.352543,1786508445784,7,19,-1.6666666666666665,-3.3333333333333335,0.0,,-0.030432667583227158,4.985776424407959,-0.9216464161872864,,
command,0.341448,,,20,-0.833333333333333,-4.166666666666667,0.0,100,,,,8.436,"0,{242},RelMovLTool(0.000000,0.000000,0.000000,-0.111111,-0.555556,0.000000,a=30,v=19,cp=100);"
feedback,0.360556,1786508445792,7,20,-0.833333333333333,-4.166666666666667,0.0,,-0.1079084575176239,5.132815361022949,-0.9233168959617615,,
feedback,0.369104,1786508445801,7,20,-0.833333333333333,-4.166666666666667,0.0,,-0.0855429545044899,5.2858099937438965,-0.9535360932350159,,
command,0.359245,,,21,0.0,-5.0,0.0,100,,,,11.176,"0,{243},RelMovLTool(0.000000,0.000000,0.000000,0.000000,-0.666667,0.000000,a=30,v=23,cp=100);"
feedback,0.378819,1786508445809,7,21,0.0,-5.0,0.0,,-0.07934309542179108,5.137393474578857,-0.9952347278594971,,
feedback,0.385304,1786508445817,7,21,0.0,-5.0,0.0,,-0.116035595536232,5.1751790046691895,-0.9961848258972168,,
feedback,0.393499,1786508445826,7,21,0.0,-5.0,0.0,,-0.08851194381713867,5.046405792236328,-0.8941007852554321,,
command,0.385245,,,22,0.0,-5.0,0.0,100,,,,7.033,"0,{244},RelMovLTool(0.000000,0.000000,0.000000,0.000000,-21.000000,0.000000,a=30,v=23,cp=100);"
feedback,0.403672,1786508445834,7,22,0.0,-5.0,0.0,,-0.008453632704913616,4.994131565093994,-0.9240937232971191,,
feedback,0.410012,1786508445843,7,22,0.0,-5.0,0.0,,0.025619681924581528,4.974262237548828,-0.9328274130821228,,
feedback,0.418548,1786508445851,7,22,0.0,-5.0,0.0,,0.07038963586091995,4.820014476776123,-0.872039258480072,,
command,0.412509,,,23,1.6666666666666667,-4.166666666666667,0.0,100,,,,8.974,"0,{245},RelMovLTool(0.000000,0.000000,0.000000,0.222222,-0.555556,0.000000,a=30,v=19,cp=100);"
feedback,0.426833,1786508445860,7,23,1.6666666666666667,-4.166666666666667,0.0,,0.09131752699613571,4.882737636566162,-0.9636333584785461,,
feedback,0.434819,1786508445868,7,23,1.6666666666666667,-4.166666666666667,0.0,,0.37483301758766174,4.9642744064331055,-0.918091356754303,,
command,0.425088,,,24,3.3333333333333335,-3.333333333333333,0.0,100,,,,6.459,"0,{246},RelMovLTool(0.000000,0.000000,0.000000,0.444444,-0.444444,0.000000,a=30,v=15,cp=100);"
feedback,0.443330,1786508445877,7,24,3.3333333333333335,-3.333333333333333,0.0,,0.1710633486509323,5.188507080078125,-0.9374898076057434,,
feedback,0.451529,1786508445885,7,24,3.3333333333333335,-3.333333333333333,0.0,,0.13354818522930145,5.30357551574707,-0.9323750138282776,,
command,0.440957,,,25,5.0,-2.5,0.0,100,,,,7.131,"0,{247},RelMovLTool(0.000000,0.000000,0.000000,0.666667,-0.333333,0.000000,a=30,v=23,cp=100);"
feedback,0.459782,1786508445894,7,25,5.0,-2.5,0.0,,0.1128150224685669,5.303372859954834,-0.8716546893119812,,
feedback,0.467888,1786508445898,7,25,5.0,-2.5,0.0,,0.09116088598966599,5.341732501983643,-0.8860061764717102,,
command,0.457074,,,26,6.666666666666667,-1.6666666666666665,0.0,100,,,,8.188,"0,{248},RelMovLTool(0.000000,0.000000,0.000000,0.888889,-0.222222,0.000000,a=30,v=30,cp=100);"
feedback,0.475832,1786508445907,7,26,6.666666666666667,-1.6666666666666665,0.0,,0.028190620243549347,5.220249176025391,-0.8366003632545471,,
feedback,0.484126,1786508445915,7,26,6.666666666666667,-1.6666666666666665,0.0,,-0.06714335829019547,5.155243873596191,-0.9034919142723083,,
command,0.473119,,,27,8.333333333333334,-0.833333333333333,0.0,100,,,,9.287,"0,{249},RelMovLTool(0.000000,0.000000,0.000000,1.111111,-0.111111,0.000000,a=30,v=38,cp=100);"
feedback,0.492415,1786508445924,7,27,8.333333333333334,-0.833333333333333,0.0,,0.06779550015926361,4.993597030639648,-0.9000803232192993,,
command,0.484709,,,28,10.0,0.0,0.0,100,,,,5.854,"0,{250},RelMovLTool(0.000000,0.000000,0.000000,1.333333,0.000000,0.000000,a=30,v=45,cp=100);"
feedback,0.504615,1786508445932,7,28,10.0,0.0,0.0,,0.2083236575126648,4.858154773712158,-0.8010313510894775,,
feedback,0.508786,1786508445941,7,28,10.0,0.0,0.0,,0.23163309693336487,4.812626838684082,-0.7621468901634216,,
command,0.497010,,,29,10.0,0.0,0.0,100,,,,6.101,"0,{251},RelMovLTool(0.000000,0.000000,0.000000,42.000000,0.000000,0.000000,a=30,v=45,cp=100);"
feedback,0.516752,1786508445949,7,29,10.0,0.0,0.0,,0.30455297231674194,4.779582500457764,-0.8203378319740295,,
feedback,0.525228,1786508445957,7,29,10.0,0.0,0.0,,0.3087356388568878,4.855851173400879,-0.8640286922454834,,
command,0.512649,,,30,8.333333333333334,1.6666666666666667,0.0,100,,,,8.500,"0,{252},RelMovLTool(0.000000,0.000000,0.000000,1.111111,0.222222,0.000000,a=30,v=38,cp=100);"
feedback,0.533166,1786508445966,7,30,8.333333333333334,1.6666666666666667,0.0,,0.23166006803512573,4.945038318634033,-0.8710528612136841,,
command,0.524461,,,31,6.666666666666666,3.3333333333333335,0.0,100,,,,5.208,"0,{253},RelMovLTool(0.000000,0.000000,0.000000,0.888889,0.444444,0.000000,a=30,v=30,cp=100);"
feedback,0.542937,1786508445974,7,31,6.666666666666666,3.3333333333333335,0.0,,0.1410025656223297,5.034372329711914,-0.8638624548912048,,
feedback,0.549493,1786508445983,7,31,6.666666666666666,3.3333333333333335,0.0,,0.1264578104019165,5.002493858337402,-0.830095112323761,,
command,0.540291,,,32,5.0,5.0,0.0,100,,,,6.015,"0,{254},RelMovLTool(0.000000,0.000000,0.000000,0.666667,0.666667,0.000000,a=30,v=23,cp=100);"
feedback,0.558955,1786508445991,7,32,5.0,5.0,0.0,,0.0054168482311069965,5.1637725830078125,-0.7265199422836304,,
feedback,0.566571,1786508446000,7,32,5.0,5.0,0.0,,0.08130143582820892,5.109803199768066,-0.8055121898651123,,
command,0.556491,,,33,3.333333333333333,6.666666666666667,0.0,100,,,,7.204,"0,{255},RelMovLTool(0.000000,0.000000,0.000000,0.444444,0.888889,0.000000,a=30,v=31,cp=100);"
feedback,0.575170,1786508446008,7,33,3.333333333333333,6.666666666666667,0.0,,0.10857731103897095,5.019654273986816,-0.8555088639259338,,
feedback,0.582864,1786508446017,7,33,3.333333333333333,6.666666666666667,0.0,,0.0825638547539711,5.024832725524902,-0.9385238885879517,,
command,0.572559,,,34,1.666666666666666,8.333333333333334,0.0,100,,,,8.234,"0,{256},RelMovLTool(0.000000,0.000000,0.000000,0.222222,1.111111,0.000000,a=30,v=38,cp=100);"
feedback,0.591661,1786508446025,7,34,1.666666666666666,8.333333333333334,0.0,,0.03679543733596802,4.9335246086120605,-1.0056878328323364,,
feedback,0.599123,1786508446029,7,34,1.666666666666666,8.333333333333334,0.0,,0.06668196618556976,4.779074668884277,-0.991553783416748,,
command,0.589736,,,35,0.0,10.0,0.0,100,,,,9.519,"0,{257},RelMovLTool(0.000000,0.000000,0.000000,0.000000,1.333333,0.000000,a=30,v=46,cp=100);"
feedback,0.607417,1786508446038,7,35,0.0,10.0,0.0,,0.08119190484285355,4.658064842224121,-0.8610916137695312,,
feedback,0.615654,1786508446047,7,35,0.0,10.0,0.0,,0.10004604607820511,4.676437854766846,-0.8702272772789001,,
command,0.604344,,,36,0.0,10.0,0.0,100,,,,9.138,"0,{258},RelMovLTool(0.000000,0.000000,0.000000,0.000000,42.000000,0.000000,a=30,v=46,cp=100);"
feedback,0.623691,1786508446055,7,36,0.0,10.0,0.0,,0.04430339112877846,4.6568989753723145,-0.875870406627655,,
feedback,0.631990,1786508446064,7,36,0.0,10.0,0.0,,-0.0866793766617775,4.824456214904785,-0.874373197555542,,
feedback,0.640141,1786508446072,7,36,0.0,10.0,0.0,,-0.2575662434101105,4.978116035461426,-0.91226726770401,,
command,0.629016,,,37,-1.6666666666666667,8.333333333333334,0.0,100,,,,8.644,"0,{259},RelMovLTool(0.000000,0.000000,0.000000,-0.222222,1.111111,0.000000,a=30,v=38,cp=100);"
feedback,0.648672,1786508446081,7,37,-1.6666666666666667,8.333333333333334,0.0,,-0.4129416346549988,5.151666164398193,-0.8828403353691101,,
command,0.640341,,,38,-3.3333333333333335,6.666666666666666,0.0,100,,,,4.998,"0,{260},RelMovLTool(0.000000,0.000000,0.000000,-0.444444,0.888889,0.000000,a=30,v=31,cp=100);"
feedback,0.658974,1786508446089,7,38,-3.3333333333333335,6.666666666666666,0.0,,-0.45388558506965637,5.210016250610352,-0.8007506728172302,,
feedback,0.664618,1786508446098,7,38,-3.3333333333333335,6.666666666666666,0.0,,-0.3588433265686035,5.162632465362549,-0.8877303600311279,,
command,0.656375,,,39,-5.0,5.0,0.0,100,,,,5.920,"0,{261},RelMovLTool(0.000000,0.000000,0.000000,-0.666667,0.666667,0.000000,a=30,v=23,cp=100);"
feedback,0.674741,1786508446106,7,39,-5.0,5.0,0.0,,-0.18693438172340393,5.122513294219971,-0.8821086883544922,,
feedback,0.680826,1786508446115,7,39,-5.0,5.0,0.0,,-0.20141324400901794,5.090724468231201,-0.8753212094306946,,
command,0.672179,,,40,-6.666666666666667,3.333333333333333,0.0,100,,,,6.591,"0,{262},RelMovLTool(0.000000,0.000000,0.000000,-0.888889,0.444444,0.000000,a=30,v=30,cp=100);"
feedback,0.691119,1786508446123,7,40,-6.666666666666667,3.333333333333333,0.0,,-0.17404566705226898,4.988723278045654,-0.8004686832427979,,
feedback,0.697436,1786508446128,7,40,-6.666666666666667,3.333333333333333,0.0,,-0.17396937310695648,5.121614933013916,-0.8721784353256226,,
command,0.688475,,,41,-8.333333333333334,1.666666666666666,0.0,100,,,,7.847,"0,{263},RelMovLTool(0.000000,0.000000,0.000000,-1.111111,0.222222,0.000000,a=30,v=38,cp=100);"
feedback,0.707143,1786508446136,7,41,-8.333333333333334,1.666666666666666,0.0,,-0.07927808165550232,4.979830741882324,-0.8135331869125366,,
command,0.700561,,,42,-10.0,0.0,0.0,100,,,,4.940,"0,{264},RelMovLTool(0.000000,0.000000,0.000000,-1.333333,0.000000,0.000000,a=30,v=45,cp=100);"
feedback,0.713975,1786508446145,7,42,-10.0,0.0,0.0,,0.024332577362656593,4.785207271575928,-0.871877908706665,,
feedback,0.723322,1786508446153,7,42,-10.0,0.0,0.0,,-0.07613960653543472,4.970491409301758,-0.9198660850524902,,
command,0.716546,,,43,-10.0,0.0,0.0,100,,,,8.835,"0,{265},RelMovLTool(0.000000,0.000000,0.000000,-42.000000,0.000000,0.000000,a=30,v=45,cp=100);"
feedback,0.731211,1786508446162,7,43,-10.0,0.0,0.0,,0.03288989141583443,4.894257068634033,-0.8425436615943909,,
feedback,0.738228,1786508446170,7,43,-10.0,0.0,0.0,,-0.053146928548812866,5.072355270385742,-0.8843253254890442,,
feedback,0.746675,1786508446178,7,43,-10.0,0.0,0.0,,-0.12194239348173141,5.162181377410889,-0.8427661061286926,,
command,0.740595,,,44,-8.333333333333334,-1.6666666666666667,0.0,100,,,,5.190,"0,{266},RelMovLTool(0.000000,0.000000,0.000000,-1.111111,-0.222222,0.000000,a=30,v=38,cp=100);"
feedback,0.755175,1786508446187,7,44,-8.333333333333334,-1.6666666666666667,0.0,,-0.14986994862556458,5.123295783996582,-0.8488531708717346,,
feedback,0.762880,1786508446195,7,44,-8.333333333333334,-1.6666666666666667,0.0,,-0.21628428995609283,5.284168243408203,-0.8018341660499573,,
command,0.756518,,,45,-6.666666666666666,-3.3333333333333335,0.0,100,,,,6.101,"0,{267},RelMovLTool(0.000000,0.000000,0.000000,-0.888889,-0.444444,0.000000,a=30,v=30,cp=100);"
feedback,0.771134,1786508446204,7,45,-6.666666666666666,-3.3333333333333335,0.0,,-0.10315513610839844,5.29630708694458,-0.7544342279434204,,
feedback,0.778934,1786508446212,7,45,-6.666666666666666,-3.3333333333333335,0.0,,-0.08123751729726791,5.165424346923828,-0.913213849067688,,
command,0.772674,,,46,-5.0,-5.0,0.0,100,,,,7.228,"0,{268},RelMovLTool(0.000000,0.000000,0.000000,-0.666667,-0.666667,0.000000,a=30,v=23,cp=100);"
feedback,0.787544,1786508446221,7,46,-5.0,-5.0,0.0,,0.018621070310473442,4.960092067718506,-0.8539250493049622,,
feedback,0.795812,1786508446229,7,46,-5.0,-5.0,0.0,,0.35943061113357544,4.7454833984375,-0.8352303504943848,,
command,0.788820,,,47,-3.333333333333333,-6.666666666666667,0.0,100,,,,8.364,"0,{269},RelMovLTool(0.000000,0.000000,0.000000,-0.444444,-0.888889,0.000000,a=30,v=31,cp=100);"
feedback,0.808285,1786508446238,7,47,-3.333333333333333,-6.666666666666667,0.0,,0.39098119735717773,4.7706074714660645,-0.8390285968780518,,
feedback,0.812029,1786508446246,7,47,-3.333333333333333,-6.666666666666667,0.0,,0.3715917766094208,4.787719249725342,-0.8811826705932617,,
command,0.805030,,,48,-1.666666666666666,-8.333333333333334,0.0,100,,,,9.563,"0,{270},RelMovLTool(0.000000,0.000000,0.000000,-0.222222,-1.111111,0.000000,a=30,v=38,cp=100);"
feedback,0.824900,1786508446255,7,48,-1.666666666666666,-8.333333333333334,0.0,,0.26545268297195435,4.840690612792969,-0.7815618515014648,,
feedback,0.828604,1786508446259,7,48,-1.666666666666666,-8.333333333333334,0.0,,0.21807509660720825,4.884692192077637,-0.814965009689331,,
feedback,0.836733,1786508446267,7,48,-1.666666666666666,-8.333333333333334,0.0,,0.20921316742897034,4.941858768463135,-0.8927315473556519,,
command,0.828570,,,49,0.0,-10.0,0.0,100,,,,7.428,"0,{271},RelMovLTool(0.000000,0.000000,0.000000,0.000000,-1.333333,0.000000,a=30,v=46,cp=100);"
feedback,0.847731,1786508446276,7,49,0.0,-10.0,0.0,,0.1064184233546257,5.124321460723877,-0.7890574336051941,,
feedback,0.853383,1786508446284,7,49,0.0,-10.0,0.0,,0.004686827305704355,5.091457366943359,-0.7846007943153381,,
command,0.844995,,,50,0.0,-10.0,0.0,100,,,,8.852,"0,{272},RelMovLTool(0.000000,0.000000,0.000000,0.000000,-42.000000,0.000000,a=30,v=46,cp=100);"
feedback,0.864502,1786508446293,7,50,0.0,-10.0,0.0,,0.17820923030376434,5.068233013153076,-0.871741771697998,,
command,0.856426,,,51,1.6666666666666667,-8.333333333333334,1.6666666666666667,100,,,,5.315,"0,{273},RelMovLTool(0.000000,0.000000,0.000000,0.222222,-1.111111,0.222222,a=30,v=38,cp=100);"
feedback,0.869852,1786508446301,7,51,1.6666666666666667,-8.333333333333334,1.6666666666666667,,0.16835054755210876,5.008861064910889,-0.878300130367279,,
feedback,0.877885,1786508446310,7,51,1.6666666666666667,-8.333333333333334,1.6666666666666667,,0.20210473239421844,5.07814884185791,-0.9110326170921326,,
command,0.872333,,,52,3.3333333333333335,-6.666666666666666,3.3333333333333335,100,,,,5.149,"0,{274},RelMovLTool(0.000000,0.000000,0.000000,0.444444,-0.888889,0.444444,a=30,v=31,cp=100);"
feedback,0.887076,1786508446318,7,52,3.3333333333333335,-6.666666666666666,3.3333333333333335,,0.24466052651405334,4.94248104095459,-0.987565815448761,,
feedback,0.894349,1786508446326,7,52,3.3333333333333335,-6.666666666666666,3.3333333333333335,,0.2687358558177948,4.7811055183410645,-1.0348248481750488,,
command,0.888990,,,53,5.0,-5.0,5.0,100,,,,7.571,"0,{275},RelMovLTool(0.000000,0.000000,0.000000,0.666667,-0.666667,0.666667,a=30,v=23,cp=100);"
feedback,0.903314,1786508446335,7,53,5.0,-5.0,5.0,,0.21207652986049652,4.761380672454834,-1.0390962362289429,,
feedback,0.910606,1786508446343,7,53,5.0,-5.0,5.0,,0.17057442665100098,4.788147926330566,-0.9422207474708557,,
command,0.904477,,,54,6.666666666666667,-3.333333333333333,6.666666666666667,100,,,,8.336,"0,{276},RelMovLTool(0.000000,0.000000,0.000000,0.888889,-0.444444,0.888889,a=30,v=30,cp=100);"
feedback,0.923173,1786508446351,7,54,6.666666666666667,-3.333333333333333,6.666666666666667,,0.22700248658657074,4.664422988891602,-0.9511749744415283,,
feedback,0.927301,1786508446360,7,54,6.666666666666667,-3.333333333333333,6.666666666666667,,0.1654578447341919,4.800436019897461,-0.8625133633613586,,
feedback,0.935504,1786508446368,7,54,6.666666666666667,-3.333333333333333,6.666666666666667,,0.06334356963634491,4.965677738189697,-0.9308241009712219,,
command,0.928912,,,55,8.333333333333334,-1.666666666666666,8.333333333333334,100,,,,7.498,"0,{277},RelMovLTool(0.000000,0.000000,0.000000,1.111111,-0.222222,1.111111,a=30,v=38,cp=100);"
feedback,0.943699,1786508446377,7,55,8.333333333333334,-1.666666666666666,8.333333333333334,,0.023570779711008072,5.106566429138184,-0.9125932455062866,,
feedback,0.951947,1786508446385,7,55,8.333333333333334,-1.666666666666666,8.333333333333334,,-0.027250992134213448,5.079106330871582,-0.9924632906913757,,
command,0.940748,,,56,10.0,0.0,10.0,100,,,,6.358,"0,{278},RelMovLTool(0.000000,0.000000,0.000000,1.333333,0.000000,1.333333,a=30,v=45,cp=100);"
feedback,0.960142,1786508446394,7,56,10.0,0.0,10.0,,-0.031394682824611664,5.1113386154174805,-0.9326092600822449,,
command,0.953364,,,57,10.0,0.0,10.0,0,,,,6.879,"0,{279},RelMovLTool(0.000000,0.000000,0.000000,46.000000,0.000000,46.000000,a=30,v=45,cp=0);"
feedback,0.972267,1786508446402,7,57,10.0,0.0,10.0,,-0.17154189944267273,5.184355735778809,-0.871107816696167,,
feedback,0.976910,1786508446411,7,57,10.0,0.0,10.0,,-0.08991783857345581,5.078815460205078,-0.9442777037620544,,
feedback,0.985035,1786508446419,7,57,10.0,0.0,10.0,,-0.09640615433454514,5.047467231750488,-0.9167847633361816,,
feedback,0.993370,1786508446427,7,57,10.0,0.0,10.0,,-0.24469640851020813,5.004025459289551,-0.885626494884491,,
feedback,1.001642,1786508446433,7,57,10.0,0.0,10.0,,-0.1890535205602646,4.8606672286987305,-0.9488798975944519,,
feedback,1.011712,1786508446444,7,57,10.0,0.0,10.0,,-0.2510865330696106,4.9144463539123535,-0.8512251973152161,,
feedback,1.020325,1786508446453,7,57,10.0,0.0,10.0,,-0.30553773045539856,5.06717586517334,-0.8802748918533325,,
feedback,1.028814,1786508446462,7,57,10.0,0.0,10.0,,-0.2904996871948242,5.130003452301025,-0.9119682908058167,,
feedback,1.037019,1786508446471,7,57,10.0,0.0,10.0,,-0.26675108075141907,5.147392272949219,-0.9500129818916321,,
feedback,1.050488,1786508446479,7,57,10.0,0.0,10.0,,-0.23086713254451752,5.222019672393799,-0.9563977122306824,,
feedback,1.054320,1786508446488,7,57,10.0,0.0,10.0,,-0.21824678778648376,5.25990104675293,-0.9255068898200989,,
feedback,1.061862,1786508446496,7,57,10.0,0.0,10.0,,-0.17339031398296356,5.1905646324157715,-0.8731805682182312,,
feedback,1.070379,1786508446500,7,57,10.0,0.0,10.0,,-0.22806422412395477,5.22983980178833,-0.8645058274269104,,
feedback,1.078518,1786508446509,7,57,10.0,0.0,10.0,,-0.13816089928150177,5.132049083709717,-0.8975865840911865,,
feedback,1.086623,1786508446517,7,57,10.0,0.0,10.0,,-0.09087226539850235,5.072901725769043,-0.9285016655921936,,
feedback,1.094829,1786508446526,7,57,10.0,0.0,10.0,,-0.05048288404941559,4.818509578704834,-0.863230288028717,,
feedback,1.102944,1786508446534,7,57,10.0,0.0,10.0,,-0.0259891077876091,4.763428688049316,-0.9475956559181213,,
feedback,1.111175,1786508446542,7,57,10.0,0.0,10.0,,0.04448363184928894,4.646978378295898,-0.9304425120353699,,
feedback,1.119353,1786508446551,7,57,10.0,0.0,10.0,,0.010951956734061241,4.756208896636963,-0.8911436796188354,,
feedback,1.127853,1786508446559,7,57,10.0,0.0,10.0,,-0.011643697507679462,4.902868747711182,-0.8815569281578064,,
feedback,1.135761,1786508446568,7,57,10.0,0.0,10.0,,-0.04097055271267891,5.006354331970215,-0.8630256652832031,,
feedback,1.143760,1786508446576,7,57,10.0,0.0,10.0,,-0.05904976278543472,5.070041179656982,-0.8649623394012451,,
feedback,1.154470,1786508446584,7,57,10.0,0.0,10.0,,-0.14752869307994843,5.237918853759766,-0.8168042898178101,,
feedback,1.160195,1786508446593,7,57,10.0,0.0,10.0,,0.22868035733699799,5.166603088378906,-0.8969533443450928,,
feedback,1.168476,1786508446601,7,57,10.0,0.0,10.0,,0.24614255130290985,5.133572101593018,-0.8991137146949768,,
feedback,1.176672,1786508446610,7,57,10.0,0.0,10.0,,0.22251054644584656,4.973179340362549,-0.8727337718009949,,
feedback,1.184841,1786508446618,7,57,10.0,0.0,10.0,,0.33240970969200134,4.79280948638916,-0.8847642540931702,,
feedback,1.193040,1786508446626,7,57,10.0,0.0,10.0,,0.3229043185710907,4.709725856781006,-0.8825709819793701,,
feedback,1.201220,1786508446635,7,57,10.0,0.0,10.0,,0.2942758798599243,4.6468353271484375,-0.8791584968566895,,
feedback,1.211891,1786508446643,7,57,10.0,0.0,10.0,,0.15497766435146332,4.689245700836182,-0.77290940284729,,
feedback,1.217516,1786508446652,7,57,10.0,0.0,10.0,,0.22788424789905548,4.660276889801025,-0.8282809257507324,,
feedback,1.225731,1786508446656,7,57,10.0,0.0,10.0,,0.20901595056056976,4.774209976196289,-0.8190557360649109,,
feedback,1.233858,1786508446664,7,57,10.0,0.0,10.0,,0.27106016874313354,4.843259811401367,-0.8417744040489197,,
feedback,1.242009,1786508446673,7,57,10.0,0.0,10.0,,0.20199885964393616,4.870596408843994,-0.8376569747924805,,
feedback,1.250210,1786508446681,7,57,10.0,0.0,10.0,,0.16139443218708038,5.102303504943848,-0.9679826498031616,,
feedback,1.258501,1786508446689,7,57,10.0,0.0,10.0,,0.1360560804605484,5.149307727813721,-0.9067623615264893,,
feedback,1.266737,1786508446698,7,57,10.0,0.0,10.0,,0.04049793258309364,5.143401145935059,-0.864717423915863,,
feedback,1.274804,1786508446706,7,57,10.0,0.0,10.0,,0.03362398222088814,5.063260078430176,-0.9248670339584351,,
feedback,1.282819,1786508446715,7,57,10.0,0.0,10.0,,0.01897227205336094,5.147558212280273,-0.8935493230819702,,
feedback,1.291343,1786508446723,7,57,10.0,0.0,10.0,,0.12222550064325333,4.90200662612915,-0.9510532021522522,,
feedback,1.299669,1786508446731,7,57,10.0,0.0,10.0,,0.13212049007415771,4.8375139236450195,-0.964802086353302,,
feedback,1.307922,1786508446740,7,57,10.0,0.0,10.0,,0.044194433838129044,4.788573741912842,-0.9073769450187683,,
feedback,1.315835,1786508446749,7,57,10.0,0.0,10.0,,0.008428946137428284,4.737648010253906,-0.8832342028617859,,
feedback,1.324533,1786508446757,7,57,10.0,0.0,10.0,,-0.10700525343418121,5.046182155609131,-0.8298065662384033,,
feedback,1.332837,1786508446765,7,57,10.0,0.0,10.0,,-0.20577973127365112,5.140359401702881,-0.9213112592697144,,
feedback,1.340740,1786508446774,7,57,10.0,0.0,10.0,,-0.08512727916240692,5.1710896492004395,-0.9018105268478394,,
feedback,1.349227,1786508446782,7,57,10.0,0.0,10.0,,-0.24950601160526276,5.24638032913208,-0.8201656341552734,,
feedback,1.357520,1786508446791,7,57,10.0,0.0,10.0,,-0.26524657011032104,5.238308429718018,-0.8678925037384033,,
feedback,1.365980,1786508446799,7,57,10.0,0.0,10.0,,-0.43644341826438904,5.299051284790039,-0.798660933971405,,
feedback,1.376160,1786508446807,7,57,10.0,0.0,10.0,,-0.40010392665863037,5.296360492706299,-0.845142662525177,,
feedback,1.381921,1786508446816,7,57,10.0,0.0,10.0,,-0.3505118787288666,5.245397090911865,-0.8288748860359192,,
feedback,1.390045,1786508446824,7,57,10.0,0.0,10.0,,-0.20961686968803406,5.034536361694336,-0.7613940238952637,,
feedback,1.399343,1786508446833,7,57,10.0,0.0,10.0,,-0.1091143935918808,4.85787296295166,-0.8558976650238037,,
feedback,1.407200,1786508446841,7,57,10.0,0.0,10.0,,-0.08176759630441666,4.849838733673096,-0.866844892501831,,
feedback,1.414976,1786508446845,7,57,10.0,0.0,10.0,,-0.13810193538665771,4.946706295013428,-0.8172596096992493,,
feedback,1.423869,1786508446853,7,57,10.0,0.0,10.0,,-0.0780230239033699,4.9328718185424805,-0.7970810532569885,,
feedback,1.431301,1786508446862,7,57,10.0,0.0,10.0,,-0.03667759150266647,4.963337421417236,-0.8112384080886841,,
feedback,1.439634,1786508446870,7,57,10.0,0.0,10.0,,-0.09140217304229736,5.065333843231201,-0.7972574234008789,,
feedback,1.448389,1786508446879,7,57,10.0,0.0,10.0,,-0.14655537903308868,5.179125785827637,-0.8456953167915344,,
feedback,1.455685,1786508446887,7,57,10.0,0.0,10.0,,-0.12997567653656006,5.145775318145752,-0.9026215076446533,,
feedback,1.464581,1786508446895,7,57,10.0,0.0,10.0,,-0.13960446417331696,5.2099385261535645,-0.891929030418396,,
feedback,1.472620,1786508446904,7,57,10.0,0.0,10.0,,-0.1667710393667221,5.121155261993408,-0.8176579475402832,,
feedback,1.483313,1786508446912,7,57,10.0,0.0,10.0,,-0.041854094713926315,4.972114086151123,-0.8481072783470154,,
feedback,1.488424,1786508446921,7,57,10.0,0.0,10.0,,0.12191719561815262,4.834431171417236,-0.7241215109825134,,
feedback,1.496571,1786508446929,7,57,10.0,0.0,10.0,,0.10511969029903412,4.683456897735596,-0.8342709541320801,,
feedback,1.505911,1786508446938,7,57,10.0,0.0,10.0,,0.11177681386470795,4.641690254211426,-0.8899523615837097,,
feedback,1.512906,1786508446946,7,57,10.0,0.0,10.0,,0.4118950664997101,4.654636383056641,-0.9068323969841003,,
feedback,1.521154,1786508446955,7,57,10.0,0.0,10.0,,0.4757072329521179,4.581441879272461,-0.933478593826294,,
feedback,1.530186,1786508446963,7,57,10.0,0.0,10.0,,0.3102723956108093,4.83494234085083,-0.8578250408172607,,
feedback,1.540810,1786508446972,7,57,10.0,0.0,10.0,,0.24387036263942719,4.856164455413818,-0.8178465366363525,,
feedback,1.545922,1786508446976,7,57,10.0,0.0,10.0,,0.20089967548847198,4.8855719566345215,-0.7661653161048889,,
feedback,1.554507,1786508446985,7,57,10.0,0.0,10.0,,0.06518933176994324,5.013444423675537,-0.8062640428543091,,
feedback,1.562660,1786508446993,7,57,10.0,0.0,10.0,,-0.06678742915391922,5.052732944488525,-0.9389533400535583,,
feedback,1.570787,1786508447002,7,57,10.0,0.0,10.0,,0.06869922578334808,5.078736305236816,-0.8684507012367249,,
feedback,1.579426,1786508447010,7,57,10.0,0.0,10.0,,0.21335658431053162,4.963020324707031,-0.8340079188346863,,
feedback,1.587523,1786508447018,7,57,10.0,0.0,10.0,,0.17617680132389069,5.117785930633545,-0.7065235376358032,,
feedback,1.597559,1786508447027,7,57,10.0,0.0,10.0,,0.23696787655353546,4.9589009284973145,-0.7638586759567261,,
feedback,1.603257,1786508447035,7,57,10.0,0.0,10.0,,0.3688356578350067,4.7150797843933105,-0.8810826539993286,,
feedback,1.611508,1786508447043,7,57,10.0,0.0,10.0,,0.24343647062778473,4.8295369148254395,-0.9207976460456848,,
feedback,1.619672,1786508447052,7,57,10.0,0.0,10.0,,0.24989774823188782,4.684789657592773,-0.8470078706741333,,
feedback,1.628567,1786508447060,7,57,10.0,0.0,10.0,,0.05944979935884476,4.934195518493652,-0.9061398506164551,,
feedback,1.636260,1786508447069,7,57,10.0,0.0,10.0,,0.08234737068414688,5.018077373504639,-0.9567355513572693,,
feedback,1.644680,1786508447077,7,57,10.0,0.0,10.0,,0.012930402532219887,5.1153764724731445,-0.9539770483970642,,
feedback,1.652227,1786508447086,7,57,10.0,0.0,10.0,,-0.08792901784181595,5.21903133392334,-0.9818492531776428,,
feedback,1.660612,1786508447094,7,57,10.0,0.0,10.0,,-0.1871560662984848,5.27002477645874,-1.0006777048110962,,
feedback,1.669989,1786508447102,7,57,10.0,0.0,10.0,,-0.15907150506973267,5.207059383392334,-0.9199817776679993,,
feedback,1.677072,1786508447111,7,57,10.0,0.0,10.0,,-0.26423022150993347,5.218191623687744,-0.845694899559021,,
feedback,1.685858,1786508447119,7,57,10.0,0.0,10.0,,-0.24568018317222595,5.286655902862549,-0.8532665371894836,,
feedback,1.694068,1786508447127,7,57,10.0,0.0,10.0,,-0.1676633059978485,5.116878032684326,-0.911799430847168,,
feedback,1.705169,1786508447132,7,57,10.0,0.0,10.0,,-0.18586668372154236,5.0602312088012695,-0.9345043897628784,,
feedback,1.709544,1786508447140,7,57,10.0,0.0,10.0,,-0.19928662478923798,4.804943561553955,-0.9901205897331238,,
feedback,1.717632,1786508447149,7,57,10.0,0.0,10.0,,-0.2096131592988968,4.659365653991699,-0.9271912574768066,,
feedback,1.725911,1786508447157,7,57,10.0,0.0,10.0,,-0.21280133724212646,4.827023506164551,-0.8538839817047119,,
feedback,1.735174,1786508447166,7,57,10.0,0.0,10.0,,-0.15407292544841766,4.843728065490723,-0.8368018865585327,,
feedback,1.742127,1786508447174,7,57,10.0,0.0,10.0,,-0.19639401137828827,5.026732444763184,-0.849250853061676,,
feedback,1.751758,1786508447182,7,57,10.0,0.0,10.0,,-0.1776631474494934,5.10537576675415,-0.8431002497673035,,
feedback,1.759074,1786508447191,7,57,10.0,0.0,10.0,,-0.22647631168365479,5.1774725914001465,-0.9867244958877563,,
feedback,1.767146,1786508447199,7,57,10.0,0.0,10.0,,-0.17248940467834473,5.147359371185303,-0.9316612482070923,,
feedback,1.775241,1786508447208,7,57,10.0,0.0,10.0,,-0.10194136947393417,5.124399662017822,-0.9147604703903198,,
feedback,1.784270,1786508447216,7,57,10.0,0.0,10.0,,-0.08144088834524155,5.0999016761779785,-0.8556603789329529,,
feedback,1.792985,1786508447224,7,57,10.0,0.0,10.0,,-0.13689683377742767,4.965574264526367,-0.8908683657646179,,
feedback,1.800428,1786508447233,7,57,10.0,0.0,10.0,,-0.04253349080681801,4.799283981323242,-0.8688319325447083,,
feedback,1.810943,1786508447241,7,57,10.0,0.0,10.0,,0.08119648694992065,4.676275730133057,-0.9085004925727844,,
feedback,1.816060,1786508447250,7,57,10.0,0.0,10.0,,0.07190709561109543,4.679872035980225,-0.9367126226425171,,
feedback,1.824008,1786508447258,7,57,10.0,0.0,10.0,,0.05987224355340004,4.6035027503967285,-0.8908226490020752,,
feedback,1.832310,1786508447263,7,57,10.0,0.0,10.0,,-0.04898654669523239,4.791621208190918,-0.8721091747283936,,
feedback,1.841203,1786508447271,7,57,10.0,0.0,10.0,,-0.011926998384296894,4.8201775550842285,-0.9152714014053345,,
feedback,1.849533,1786508447280,7,57,10.0,0.0,10.0,,-0.08218071609735489,4.982478618621826,-0.8807332515716553,,
feedback,1.857722,1786508447288,7,57,10.0,0.0,10.0,,0.08460978418588638,4.978484153747559,-1.0178464651107788,,
feedback,1.864954,1786508447297,7,57,10.0,0.0,10.0,,0.2104676514863968,5.044371128082275,-0.9386000633239746,,
feedback,1.873368,1786508447305,7,57,10.0,0.0,10.0,,0.12574520707130432,5.126750469207764,-0.9326992034912109,,
feedback,1.881686,1786508447313,7,57,10.0,0.0,10.0,,0.19594477117061615,5.043972015380859,-0.8710874319076538,,
feedback,1.890181,1786508447322,7,57,10.0,0.0,10.0,,0.1951994001865387,5.031569957733154,-0.9129593968391418,,
feedback,1.898378,1786508447330,7,57,10.0,0.0,10.0,,0.09489043802022934,4.974038600921631,-0.9376246333122253,,
feedback,1.906534,1786508447338,7,57,10.0,0.0,10.0,,0.019186625257134438,4.874497413635254,-0.9077931642532349,,
feedback,1.914857,1786508447347,7,57,10.0,0.0,10.0,,0.16458682715892792,4.782564640045166,-0.9122431874275208,,
feedback,1.922613,1786508447355,7,57,10.0,0.0,10.0,,0.28073111176490784,4.834583759307861,-0.9352448582649231,,
feedback,1.930474,1786508447364,7,57,10.0,0.0,10.0,,0.3013225197792053,4.790815353393555,-0.9027410745620728,,
feedback,1.938697,1786508447372,7,57,10.0,0.0,10.0,,0.2873437702655792,4.956887245178223,-0.9127556681632996,,
feedback,1.946866,1786508447381,7,57,10.0,0.0,10.0,,0.23411868512630463,5.001702785491943,-0.9226381778717041,,
feedback,1.955063,1786508447389,7,57,10.0,0.0,10.0,,0.07379864901304245,5.139091491699219,-0.8798035979270935,,
feedback,1.963406,1786508447397,7,57,10.0,0.0,10.0,,0.021935980767011642,5.181634902954102,-0.9245045781135559,,
feedback,1.972416,1786508447402,7,57,10.0,0.0,10.0,,-0.007283618673682213,5.242035865783691,-0.8627344965934753,,
feedback,1.979615,1786508447410,7,57,10.0,0.0,10.0,,-0.0075609576888382435,5.2032928466796875,-0.8955540657043457,,
feedback,1.987793,1786508447418,7,57,10.0,0.0,10.0,,0.007075253874063492,5.212262153625488,-0.9076189994812012,,
feedback,1.996538,1786508447427,7,57,10.0,0.0,10.0,,0.025186333805322647,5.173191070556641,-0.8259513974189758,,
feedback,2.004637,1786508447435,7,57,10.0,0.0,10.0,,0.06281786412000656,5.006340503692627,-0.9346439838409424,,
feedback,2.013190,1786508447444,7,57,10.0,0.0,10.0,,0.025671223178505898,4.907772064208984,-0.9165585041046143,,
feedback,2.020452,1786508447452,7,57,10.0,0.0,10.0,,-0.1466403603553772,4.872781276702881,-0.8878568410873413,,
feedback,2.028371,1786508447461,7,57,10.0,0.0,10.0,,-0.031498514115810394,4.929830551147461,-0.8223643898963928,,
feedback,2.038313,1786508447469,7,57,10.0,0.0,10.0,,-0.04646274819970131,4.9499053955078125,-0.7316469550132751,,
feedback,2.047145,1786508447478,7,57,10.0,0.0,10.0,,-0.13589155673980713,5.0306196212768555,-0.7586223483085632,,
feedback,2.054061,1786508447487,7,57,10.0,0.0,10.0,,-0.25840282440185547,5.054782867431641,-0.8588399291038513,,
feedback,2.062080,1786508447496,7,57,10.0,0.0,10.0,,-0.46837538480758667,5.1378374099731445,-0.8368306159973145,,
feedback,2.070574,1786508447504,7,57,10.0,0.0,10.0,,-0.30393606424331665,4.961912631988525,-0.8838682174682617,,
feedback,2.078821,1786508447513,7,57,10.0,0.0,10.0,,-0.27369368076324463,5.108968734741211,-0.8650392889976501,,
feedback,2.089894,1786508447517,7,57,10.0,0.0,10.0,,-0.21740132570266724,5.072406768798828,-0.7828723788261414,,
feedback,2.094808,1786508447525,7,57,10.0,0.0,10.0,,-0.1697535663843155,5.018819808959961,-0.7189821600914001,,
feedback,2.103929,1786508447534,7,57,10.0,0.0,10.0,,-0.15875482559204102,4.987851142883301,-0.803787887096405,,
feedback,2.111120,1786508447542,7,57,10.0,0.0,10.0,,-0.08769681304693222,4.887833595275879,-0.8388338088989258,,
feedback,2.120149,1786508447551,7,57,10.0,0.0,10.0,,-0.005686681251972914,4.738771438598633,-0.8995060920715332,,
feedback,2.128047,1786508447559,7,57,10.0,0.0,10.0,,0.02009919472038746,4.7418293952941895,-0.9198187589645386,,
feedback,2.135923,1786508447568,7,57,10.0,0.0,10.0,,0.09993712604045868,4.570957183837891,-0.8542532324790955,,
feedback,2.144925,1786508447576,7,57,10.0,0.0,10.0,,0.01439743023365736,4.681525230407715,-0.9250325560569763,,
feedback,2.153728,1786508447584,7,57,10.0,0.0,10.0,,-0.09432824701070786,4.879859924316406,-0.8307793736457825,,
feedback,2.160514,1786508447593,7,57,10.0,0.0,10.0,,-0.15274456143379211,4.919929504394531,-0.9152150750160217,,
feedback,2.168793,1786508447601,7,57,10.0,0.0,10.0,,-0.13903038203716278,5.092781066894531,-0.8959340453147888,,
feedback,2.176645,1786508447610,7,57,10.0,0.0,10.0,,-0.13237586617469788,5.200572490692139,-0.9127424359321594,,
feedback,2.185983,1786508447618,7,57,10.0,0.0,10.0,,-0.06446824222803116,5.167266368865967,-0.8758907914161682,,
feedback,2.194012,1786508447627,7,57,10.0,0.0,10.0,,0.04019957408308983,5.169732093811035,-0.9034293293952942,,
feedback,2.201299,1786508447635,7,57,10.0,0.0,10.0,,0.2370910346508026,5.137128829956055,-0.9592319130897522,,
feedback,2.209683,1786508447643,7,57,10.0,0.0,10.0,,0.2577911913394928,5.08152961730957,-0.9327812790870667,,
feedback,2.219997,1786508447648,7,57,10.0,0.0,10.0,,0.25044095516204834,4.9878716468811035,-0.8850091695785522,,
feedback,2.225605,1786508447656,7,57,10.0,0.0,10.0,,0.2687225639820099,4.897441387176514,-0.9105331897735596,,
feedback,2.233850,1786508447664,7,57,10.0,0.0,10.0,,0.1802588850259781,4.880478382110596,-0.8887221217155457,,
feedback,2.242095,1786508447673,7,57,10.0,0.0,10.0,,0.0616665817797184,4.975986480712891,-0.9171626567840576,,
feedback,2.250387,1786508447681,7,57,10.0,0.0,10.0,,-0.027461158111691475,5.010439395904541,-0.8068342804908752,,
feedback,2.258407,1786508447690,7,57,10.0,0.0,10.0,,0.09480494260787964,5.0496931076049805,-0.8341285586357117,,
feedback,2.267685,1786508447698,7,57,10.0,0.0,10.0,,0.17769184708595276,5.136554718017578,-0.8572046756744385,,
feedback,2.274816,1786508447706,7,57,10.0,0.0,10.0,,0.18535485863685608,5.200521469116211,-0.9143927693367004,,
feedback,2.283066,1786508447715,7,57,10.0,0.0,10.0,,0.21930637955665588,5.245217800140381,-0.8841620683670044,,
feedback,2.291223,1786508447723,7,57,10.0,0.0,10.0,,0.16227063536643982,5.24396276473999,-0.8398504853248596,,
feedback,2.299264,1786508447731,7,57,10.0,0.0,10.0,,-0.0002779762144200504,5.450520038604736,-0.8399218320846558,,
feedback,2.308484,1786508447740,7,57,10.0,0.0,10.0,,-0.02363433688879013,5.288417816162109,-0.9019299745559692,,
feedback,2.316786,1786508447748,7,57,10.0,0.0,10.0,,0.02564685232937336,5.025221347808838,-0.9290931224822998,,
feedback,2.326991,1786508447757,7,57,10.0,0.0,10.0,,0.10700870305299759,4.8639726638793945,-0.8931061029434204,,
feedback,2.331754,1786508447765,7,57,10.0,0.0,10.0,,0.27827513217926025,4.742011070251465,-0.8488082885742188,,
feedback,2.339810,1786508447774,7,57,10.0,0.0,10.0,,0.21941958367824554,4.688534259796143,-0.8773384690284729,,
feedback,2.348798,1786508447782,7,57,10.0,0.0,10.0,,0.1039685308933258,4.793885231018066,-0.780060887336731,,
feedback,2.356878,1786508447790,7,57,10.0,0.0,10.0,,-0.03474141284823418,4.85908317565918,-0.8355361223220825,,
feedback,2.364901,1786508447799,7,57,10.0,0.0,10.0,,-0.00520289596170187,4.875432968139648,-0.892410933971405,,
feedback,2.372683,1786508447803,7,57,10.0,0.0,10.0,,-0.12830892205238342,5.062761306762695,-0.974182665348053,,
feedback,2.382104,1786508447811,7,57,10.0,0.0,10.0,,-0.26890280842781067,5.008370399475098,-0.860154390335083,,
feedback,2.389191,1786508447820,7,57,10.0,0.0,10.0,,-0.24462351202964783,5.065696716308594,-0.9200865626335144,,
feedback,2.398004,1786508447828,7,57,10.0,0.0,10.0,,-0.5073143839836121,5.161780834197998,-0.7659180760383606,,
feedback,2.405955,1786508447837,7,57,10.0,0.0,10.0,,-0.34829792380332947,5.023162841796875,-0.7951133251190186,,
feedback,2.414003,1786508447846,7,57,10.0,0.0,10.0,,-0.22803804278373718,5.059808254241943,-0.8019125461578369,,
feedback,2.422206,1786508447854,7,57,10.0,0.0,10.0,,-0.14655287563800812,4.935940265655518,-0.887505054473877,,
feedback,2.430478,1786508447862,7,57,10.0,0.0,10.0,,-0.044596116989851,4.8687262535095215,-0.8064011931419373,,
feedback,2.442612,1786508447871,7,57,10.0,0.0,10.0,,-0.04652917757630348,4.752361297607422,-0.8401225209236145,,
feedback,2.446024,1786508447879,7,57,10.0,0.0,10.0,,0.06749074161052704,4.6382646560668945,-0.8065117001533508,,
feedback,2.454525,1786508447888,7,57,10.0,0.0,10.0,,0.06779740005731583,4.714047431945801,-0.8842939138412476,,
feedback,2.462476,1786508447896,7,57,10.0,0.0,10.0,,0.01872178725898266,4.734002113342285,-0.8848760724067688,,
feedback,2.470938,1786508447905,7,57,10.0,0.0,10.0,,-0.0759040117263794,4.9470953941345215,-0.7992013096809387,,
feedback,2.479038,1786508447913,7,57,10.0,0.0,10.0,,-0.09124782681465149,4.997087478637695,-0.8154523968696594,,
feedback,2.487387,1786508447922,7,57,10.0,0.0,10.0,,-0.14025266468524933,5.048277854919434,-0.8042605519294739,,
feedback,2.495308,1786508447926,7,57,10.0,0.0,10.0,,-0.20692911744117737,5.2109856605529785,-0.8396520018577576,,
feedback,2.503649,1786508447934,7,57,10.0,0.0,10.0,,-0.1598433256149292,5.231270790100098,-0.7898876070976257,,
feedback,2.511819,1786508447943,7,57,10.0,0.0,10.0,,-0.09266948699951172,5.127967834472656,-0.8107153177261353,,
feedback,2.519734,1786508447951,7,57,10.0,0.0,10.0,,0.03367381915450096,4.996978282928467,-0.9123029112815857,,
feedback,2.528127,1786508447960,7,57,10.0,0.0,10.0,,0.02540537901222706,4.963708400726318,-0.8256739377975464,,
feedback,2.536325,1786508447968,7,57,10.0,0.0,10.0,,0.3802783489227295,4.922973155975342,-0.7458165884017944,,
feedback,2.544541,1786508447976,7,57,10.0,0.0,10.0,,0.3429371118545532,4.931660175323486,-0.837927520275116,,
feedback,2.555291,1786508447985,7,57,10.0,0.0,10.0,,0.29118582606315613,4.9387993812561035,-0.8362741470336914,,
feedback,2.561370,1786508447993,7,57,10.0,0.0,10.0,,0.29169169068336487,4.909389972686768,-0.8916791677474976,,
feedback,2.570016,1786508448002,7,57,10.0,0.0,10.0,,0.188562273979187,5.052884101867676,-0.9464883804321289,,
feedback,2.578317,1786508448010,7,57,10.0,0.0,10.0,,-0.07551024854183197,5.120959758758545,-0.9462560415267944,,
feedback,2.585977,1786508448018,7,57,10.0,0.0,10.0,,0.052700065076351166,5.145774841308594,-0.8939058184623718,,
feedback,2.594478,1786508448027,7,57,10.0,0.0,10.0,,0.026264572516083717,5.244644641876221,-0.9058840870857239,,
feedback,2.602861,1786508448035,7,57,10.0,0.0,10.0,,0.04191075265407562,5.35007381439209,-0.9408411979675293,,
feedback,2.610175,1786508448044,7,57,10.0,0.0,10.0,,0.08781655877828598,5.292873382568359,-0.9610639810562134,,
feedback,2.618794,1786508448052,7,57,10.0,0.0,10.0,,0.18173450231552124,5.132357120513916,-1.0331536531448364,,
feedback,2.626708,1786508448060,7,57,10.0,0.0,10.0,,0.14078548550605774,5.042868614196777,-0.976619303226471,,
feedback,2.635025,1786508448069,7,57,10.0,0.0,10.0,,0.114909827709198,4.9569091796875,-1.0008695125579834,,
feedback,2.643365,1786508448077,7,57,10.0,0.0,10.0,,0.10217734426259995,4.8093647956848145,-0.9239566922187805,,
feedback,2.651367,1786508448082,7,57,10.0,0.0,10.0,,0.13903574645519257,4.735220432281494,-0.8843618035316467,,
feedback,2.659868,1786508448090,7,57,10.0,0.0,10.0,,0.22335581481456757,4.646300315856934,-0.9323751330375671,,
feedback,2.667789,1786508448098,7,57,10.0,0.0,10.0,,0.12291870266199112,4.7417731285095215,-0.8774060606956482,,
feedback,2.676006,1786508448107,7,57,10.0,0.0,10.0,,0.03962219879031181,4.714156150817871,-0.941774308681488,,
feedback,2.684203,1786508448115,7,57,10.0,0.0,10.0,,0.009045066311955452,4.917794704437256,-0.9882150292396545,,
feedback,2.692402,1786508448124,7,57,10.0,0.0,10.0,,-0.17011334002017975,5.017067909240723,-0.8947665095329285,,
feedback,2.700512,1786508448132,7,57,10.0,0.0,10.0,,-0.10271244496107101,5.041079998016357,-0.8650461435317993,,
feedback,2.708809,1786508448140,7,57,10.0,0.0,10.0,,-0.06626639515161514,4.99649715423584,-0.907515287399292,,
feedback,2.716930,1786508448149,7,57,10.0,0.0,10.0,,-0.2668093144893646,5.075623512268066,-0.9331821203231812,,
feedback,2.725155,1786508448157,7,57,10.0,0.0,10.0,,-0.22284230589866638,4.931742191314697,-0.8964957594871521,,
feedback,2.733124,1786508448166,7,57,10.0,0.0,10.0,,-0.25764214992523193,4.9840216636657715,-0.8236392140388489,,
feedback,2.741264,1786508448174,7,57,10.0,0.0,10.0,,-0.20178864896297455,4.905735015869141,-0.8240471482276917,,
feedback,2.749709,1786508448183,7,57,10.0,0.0,10.0,,-0.05038455128669739,4.7327494621276855,-0.859524667263031,,
feedback,2.757870,1786508448191,7,57,10.0,0.0,10.0,,-0.009798734448850155,4.709074974060059,-0.8759660720825195,,
feedback,2.765952,1786508448200,7,57,10.0,0.0,10.0,,-0.028660563752055168,4.707344055175781,-0.9284231066703796,,
feedback,2.773921,1786508448208,7,57,10.0,0.0,10.0,,-0.07338996231555939,4.8354973793029785,-0.8676609992980957,,
feedback,2.785026,1786508448217,7,57,10.0,0.0,10.0,,-0.055810049176216125,4.912125587463379,-0.9365308880805969,,
feedback,2.790451,1786508448221,7,57,10.0,0.0,10.0,,-0.13986577093601227,5.043961524963379,-0.8600589036941528,,
feedback,2.798658,1786508448229,7,57,10.0,0.0,10.0,,-0.12040705233812332,4.951128959655762,-0.8656013011932373,,
feedback,2.806840,1786508448238,7,57,10.0,0.0,10.0,,-0.1648884117603302,5.146111011505127,-0.866215705871582,,
feedback,2.814980,1786508448246,7,57,10.0,0.0,10.0,,-0.19799377024173737,5.125372886657715,-0.9069308042526245,,
feedback,2.823148,1786508448255,7,57,10.0,0.0,10.0,,-0.18682603538036346,5.122232437133789,-0.8614591956138611,,
feedback,2.831296,1786508448263,7,57,10.0,0.0,10.0,,-0.14201636612415314,5.0633344650268555,-0.9251880645751953,,
feedback,2.842775,1786508448271,7,57,10.0,0.0,10.0,,-0.09126660227775574,5.113133907318115,-0.922365665435791,,
feedback,2.847536,1786508448280,7,57,10.0,0.0,10.0,,0.01482500322163105,5.006027698516846,-0.8624057173728943,,
feedback,2.855766,1786508448288,7,57,10.0,0.0,10.0,,0.0001799302117433399,4.890545845031738,-0.878553032875061,,
feedback,2.864026,1786508448297,7,57,10.0,0.0,10.0,,0.3103000819683075,4.821023464202881,-0.9555957913398743,,
feedback,2.872195,1786508448305,7,57,10.0,0.0,10.0,,0.34653517603874207,4.800086498260498,-1.0280765295028687,,
feedback,2.880291,1786508448314,7,57,10.0,0.0,10.0,,0.2846839129924774,4.835736274719238,-1.003694772720337,,
feedback,2.888563,1786508448322,7,57,10.0,0.0,10.0,,0.27957212924957275,4.894157886505127,-0.9679107069969177,,
feedback,2.898922,1786508448330,7,57,10.0,0.0,10.0,,0.13272058963775635,5.076141834259033,-0.8596558570861816,,
feedback,2.904836,1786508448339,7,57,10.0,0.0,10.0,,-0.053717851638793945,5.251363754272461,-0.874200701713562,,
feedback,2.913071,1786508448347,7,57,10.0,0.0,10.0,,-0.07790005207061768,5.3155107498168945,-0.8827966451644897,,
feedback,2.921196,1786508448351,7,57,10.0,0.0,10.0,,0.02163904532790184,5.284377098083496,-0.9401887059211731,,
feedback,2.929492,1786508448360,7,57,10.0,0.0,10.0,,0.08292339742183685,5.289751052856445,-1.0788664817810059,,
feedback,2.937509,1786508448368,7,57,10.0,0.0,10.0,,0.1400582194328308,5.182100296020508,-0.9786255359649658,,
feedback,2.945672,1786508448377,7,57,10.0,0.0,10.0,,0.15991830825805664,5.1647047996521,-0.9347380995750427,,
feedback,2.953700,1786508448385,7,57,10.0,0.0,10.0,,0.1656038761138916,5.066218852996826,-0.8793091177940369,,
feedback,2.961895,1786508448394,7,57,10.0,0.0,10.0,,0.2012813240289688,4.9028425216674805,-0.8457968235015869,,
feedback,2.970180,1786508448402,7,57,10.0,0.0,10.0,,0.1421939730644226,4.879096508026123,-0.8853577375411987,,
feedback,2.978475,1786508448411,7,57,10.0,0.0,10.0,,0.16781890392303467,4.845040798187256,-0.9681785106658936,,
feedback,2.986564,1786508448419,7,57,10.0,0.0,10.0,,0.09972991049289703,4.857499122619629,-0.9387347102165222,,
feedback,2.994807,1786508448427,7,57,10.0,0.0,10.0,,0.01755586825311184,4.939791202545166,-0.8507834672927856,,
feedback,3.002994,1786508448436,7,57,10.0,0.0,10.0,,0.0556245781481266,4.926920413970947,-0.903599739074707,,
feedback,3.011229,1786508448444,7,57,10.0,0.0,10.0,,-0.013884288258850574,4.978837013244629,-0.8799320459365845,,
feedback,3.020302,1786508448453,7,57,10.0,0.0,10.0,,0.011782163754105568,4.957675933837891,-0.8063793182373047,,
feedback,3.027432,1786508448461,7,57,10.0,0.0,10.0,,-5.255021096672863e-05,5.1111907958984375,-0.8766602277755737,,
feedback,3.035730,1786508448470,7,57,10.0,0.0,10.0,,-0.2365419715642929,5.09505033493042,-0.8865437507629395,,
feedback,3.043784,1786508448474,7,57,10.0,0.0,10.0,,-0.24435313045978546,5.051924705505371,-0.8600274920463562,,
feedback,3.051962,1786508448483,7,57,10.0,0.0,10.0,,-0.1352059245109558,4.923849105834961,-0.8278270959854126,,
feedback,3.060099,1786508448491,7,57,10.0,0.0,10.0,,-0.20104777812957764,4.935948848724365,-0.8418540358543396,,
feedback,3.068671,1786508448500,7,57,10.0,0.0,10.0,,-0.1993773877620697,4.829885959625244,-0.7684117555618286,,
feedback,3.077199,1786508448508,7,57,10.0,0.0,10.0,,-0.10893774032592773,4.787658214569092,-0.8607847690582275,,
feedback,3.084772,1786508448517,7,57,10.0,0.0,10.0,,-0.03258033096790314,4.662821292877197,-0.8769173622131348,,
feedback,3.093012,1786508448525,7,57,10.0,0.0,10.0,,-0.059213850647211075,4.8086957931518555,-0.8083995580673218,,
feedback,3.101212,1786508448534,7,57,10.0,0.0,10.0,,-0.04716116935014725,4.829631805419922,-0.7866891026496887,,
feedback,3.109910,1786508448542,7,57,10.0,0.0,10.0,,-0.037523508071899414,4.9206929206848145,-0.8216460347175598,,
feedback,3.117714,1786508448551,7,57,10.0,0.0,10.0,,-0.10988693684339523,5.048463344573975,-0.8174828290939331,,
feedback,3.127355,1786508448559,7,57,10.0,0.0,10.0,,-0.17641255259513855,5.144558906555176,-0.8596420288085938,,
feedback,3.133777,1786508448568,7,57,10.0,0.0,10.0,,-0.1793726235628128,5.090124607086182,-0.897321343421936,,
feedback,3.141921,1786508448576,7,57,10.0,0.0,10.0,,-0.1788386106491089,5.178870677947998,-0.8674411773681641,,
feedback,3.150006,1786508448580,7,57,10.0,0.0,10.0,,-0.20235516130924225,5.193077564239502,-0.8562434315681458,,
feedback,3.158804,1786508448589,7,57,10.0,0.0,10.0,,-0.1707140952348709,5.146368980407715,-0.783957839012146,,
feedback,3.166528,1786508448598,7,57,10.0,0.0,10.0,,-0.12653012573719025,5.070851802825928,-0.8253318667411804,,
feedback,3.174476,1786508448606,7,57,10.0,0.0,10.0,,0.09062281996011734,4.849815368652344,-0.8614611029624939,,
feedback,3.184395,1786508448614,7,57,10.0,0.0,10.0,,0.06938591599464417,4.847217559814453,-0.899379312992096,,
feedback,3.191014,1786508448623,7,57,10.0,0.0,10.0,,0.08348551392555237,4.858656883239746,-0.9198179841041565,,
feedback,3.199865,1786508448632,7,57,10.0,0.0,10.0,,0.42088326811790466,4.768367290496826,-0.9559214115142822,,
feedback,3.207729,1786508448640,7,57,10.0,0.0,10.0,,0.2217109650373459,5.113041400909424,-0.891636848449707,,
feedback,3.215937,1786508448649,7,57,10.0,0.0,10.0,,0.2145371437072754,5.071501731872559,-0.8013696670532227,,
feedback,3.223986,1786508448657,7,57,10.0,0.0,10.0,,0.07574598491191864,5.115246295928955,-0.8610671162605286,,
feedback,3.234982,1786508448665,7,57,10.0,0.0,10.0,,-0.08244062215089798,5.309557914733887,-0.9892191290855408,,
feedback,3.240455,1786508448674,7,57,10.0,0.0,10.0,,-0.08319054543972015,5.273402214050293,-0.8646764159202576,,
feedback,3.248550,1786508448682,7,57,10.0,0.0,10.0,,0.07302287220954895,5.214374542236328,-0.9040437936782837,,
feedback,3.256600,1786508448691,7,57,10.0,0.0,10.0,,0.04640891030430794,5.274693965911865,-0.8994054198265076,,
feedback,3.264866,1786508448699,7,57,10.0,0.0,10.0,,0.13714833557605743,5.1554694175720215,-0.8638004064559937,,
feedback,3.273370,1786508448703,7,57,10.0,0.0,10.0,,0.24898703396320343,5.050770282745361,-0.927802324295044,,
feedback,3.281194,1786508448712,7,57,10.0,0.0,10.0,,0.1872773915529251,5.029021263122559,-0.9438430666923523,,
feedback,3.289561,1786508448721,7,57,10.0,0.0,10.0,,0.19599245488643646,4.770699501037598,-0.9340119957923889,,
feedback,3.297450,1786508448729,7,57,10.0,0.0,10.0,,0.22857819497585297,4.6682820320129395,-0.9060854911804199,,
feedback,3.305525,1786508448737,7,57,10.0,0.0,10.0,,0.2500927150249481,4.6383771896362305,-0.9049373865127563,,
feedback,3.313808,1786508448746,7,57,10.0,0.0,10.0,,0.22436809539794922,4.768311023712158,-0.8344548344612122,,
feedback,3.322015,1786508448754,7,57,10.0,0.0,10.0,,0.10915231704711914,4.7681803703308105,-0.7958337664604187,,
feedback,3.331787,1786508448763,7,57,10.0,0.0,10.0,,0.019807927310466766,4.911468982696533,-0.8584302067756653,,
feedback,3.338724,1786508448771,7,57,10.0,0.0,10.0,,-0.03305939957499504,4.928733825683594,-0.8388961553573608,,
feedback,3.349107,1786508448779,7,57,10.0,0.0,10.0,,0.001889683771878481,5.0135273933410645,-0.8674089312553406,,
feedback,3.354862,1786508448788,7,57,10.0,0.0,10.0,,-0.16170041263103485,5.115365028381348,-0.8125328421592712,,
feedback,3.362939,1786508448796,7,57,10.0,0.0,10.0,,-0.23764799535274506,5.0584001541137695,-0.7646951079368591,,
feedback,3.372171,1786508448805,7,57,10.0,0.0,10.0,,-0.28407108783721924,5.029698371887207,-0.8638295531272888,,
feedback,3.379574,1786508448813,7,57,10.0,0.0,10.0,,-0.2042800635099411,4.94593620300293,-0.8345628976821899,,
feedback,3.387555,1786508448822,7,57,10.0,0.0,10.0,,-0.18019509315490723,4.859416484832764,-0.8550832271575928,,
feedback,3.395701,1786508448830,7,57,10.0,0.0,10.0,,-0.05801789462566376,4.717142105102539,-0.7834998369216919,,
feedback,3.403975,1786508448838,7,57,10.0,0.0,10.0,,-0.1280091255903244,4.727740287780762,-0.7949814200401306,,
feedback,3.412520,1786508448843,7,57,10.0,0.0,10.0,,-0.051047395914793015,4.654942512512207,-0.8604562878608704,,
feedback,3.421465,1786508448851,7,57,10.0,0.0,10.0,,-0.025949936360120773,4.678055286407471,-0.8147000670433044,,
feedback,3.428695,1786508448860,7,57,10.0,0.0,10.0,,-0.1232093945145607,4.853574275970459,-0.793269693851471,,
feedback,3.437702,1786508448868,7,57,10.0,0.0,10.0,,-0.1322525590658188,5.0863776206970215,-0.8975740075111389,,
feedback,3.445035,1786508448876,7,57,10.0,0.0,10.0,,-0.12090368568897247,5.1719970703125,-0.8693488240242004,,
feedback,3.453467,1786508448885,7,57,10.0,0.0,10.0,,-0.19998140633106232,5.2529296875,-0.9296483397483826,,
feedback,3.461233,1786508448893,7,57,10.0,0.0,10.0,,-0.22330397367477417,5.264117240905762,-0.8253105878829956,,
feedback,3.469436,1786508448902,7,57,10.0,0.0,10.0,,-0.17400100827217102,5.267378807067871,-0.8628395199775696,,
feedback,3.477541,1786508448910,7,57,10.0,0.0,10.0,,-0.1829482614994049,5.153018951416016,-0.9201254844665527,,
feedback,3.486490,1786508448918,7,57,10.0,0.0,10.0,,-0.21927595138549805,5.126550674438477,-0.8487533926963806,,
feedback,3.494105,1786508448927,7,57,10.0,0.0,10.0,,-0.08841215074062347,5.030693531036377,-0.8722034096717834,,
feedback,3.502700,1786508448935,7,57,10.0,0.0,10.0,,-0.004094855859875679,4.94441032409668,-0.8823698163032532,,
feedback,3.511096,1786508448944,7,57,10.0,0.0,10.0,,-0.029075710102915764,5.048230171203613,-0.8833522796630859,,
feedback,3.519419,1786508448952,7,57,10.0,0.0,10.0,,0.13103623688220978,5.005281448364258,-0.9069258570671082,,
feedback,3.529294,1786508448960,7,57,10.0,0.0,10.0,,0.26049163937568665,4.96642541885376,-0.9585038423538208,,
feedback,3.534897,1786508448969,7,57,10.0,0.0,10.0,,0.15153424441814423,5.082675457000732,-0.9758797287940979,,
feedback,3.543554,1786508448977,7,57,10.0,0.0,10.0,,0.17834508419036865,5.05035924911499,-0.9954820275306702,,
feedback,3.551909,1786508448982,7,57,10.0,0.0,10.0,,-0.0033753279130905867,5.316539287567139,-0.9518129229545593,,
feedback,3.559233,1786508448990,7,57,10.0,0.0,10.0,,-0.00942434836179018,5.272614479064941,-0.8820628523826599,,
feedback,3.567655,1786508448999,7,57,10.0,0.0,10.0,,-0.09193834662437439,5.285580635070801,-0.8449370265007019,,
feedback,3.576308,1786508449007,7,57,10.0,0.0,10.0,,-0.004555427469313145,5.284817218780518,-0.9253626465797424,,
feedback,3.583791,1786508449016,7,57,10.0,0.0,10.0,,0.03836570680141449,5.2293267250061035,-0.9186182618141174,,
feedback,3.592025,1786508449024,7,57,10.0,0.0,10.0,,0.1489691138267517,5.048545837402344,-0.9463146328926086,,
feedback,3.601001,1786508449033,7,57,10.0,0.0,10.0,,0.2316700965166092,4.937900543212891,-0.9404711723327637,,
feedback,3.608643,1786508449041,7,57,10.0,0.0,10.0,,0.24807530641555786,4.768514633178711,-0.9261223673820496,,
feedback,3.617633,1786508449049,7,57,10.0,0.0,10.0,,0.24201291799545288,4.70400857925415,-0.9049646854400635,,
feedback,3.624846,1786508449058,7,57,10.0,0.0,10.0,,0.21758955717086792,4.773950099945068,-0.8636557459831238,,
feedback,3.636288,1786508449066,7,57,10.0,0.0,10.0,,0.2658923268318176,4.621663570404053,-0.8750708103179932,,
feedback,3.641282,1786508449075,7,57,10.0,0.0,10.0,,0.1877063810825348,4.7827019691467285,-0.9291847348213196,,
feedback,3.650110,1786508449083,7,57,10.0,0.0,10.0,,0.08706947416067123,4.906716823577881,-0.9005016088485718,,
feedback,3.658275,1786508449092,7,57,10.0,0.0,10.0,,-0.11437980830669403,5.004093647003174,-0.8433912396430969,,
feedback,3.665744,1786508449096,7,57,10.0,0.0,10.0,,-0.03249676898121834,4.9715399742126465,-0.8675702810287476,,
feedback,3.674019,1786508449105,7,57,10.0,0.0,10.0,,-0.010685919784009457,4.979987621307373,-0.7845087647438049,,
feedback,3.682612,1786508449113,7,57,10.0,0.0,10.0,,-0.048301149159669876,4.979823589324951,-0.816018283367157,,
feedback,3.692716,1786508449121,7,57,10.0,0.0,10.0,,-0.13667146861553192,5.037841320037842,-0.8456670641899109,,
feedback,3.699432,1786508449130,7,57,10.0,0.0,10.0,,-0.10947702825069427,5.002776145935059,-0.8936452269554138,,
feedback,3.706770,1786508449138,7,57,10.0,0.0,10.0,,-0.2797035872936249,5.003195762634277,-0.7970751523971558,,
feedback,3.715490,1786508449147,7,57,10.0,0.0,10.0,,-0.35435086488723755,5.006084442138672,-0.7543612718582153,,
feedback,3.723777,1786508449155,7,57,10.0,0.0,10.0,,-0.22902536392211914,4.795719623565674,-0.7847405672073364,,
feedback,3.731622,1786508449163,7,57,10.0,0.0,10.0,,-0.1581900268793106,4.797067165374756,-0.7726950645446777,,
feedback,3.739932,1786508449172,7,57,10.0,0.0,10.0,,-0.08635075390338898,4.82105016708374,-0.8226606845855713,,
feedback,3.747448,1786508449180,7,57,10.0,0.0,10.0,,-0.10453478246927261,4.859475135803223,-0.7797583937644958,,
feedback,3.756151,1786508449189,7,57,10.0,0.0,10.0,,-0.1812516301870346,4.9856343269348145,-0.8009852170944214,,
feedback,3.764218,1786508449197,7,57,10.0,0.0,10.0,,-0.18367481231689453,5.138304233551025,-0.8532187342643738,,
feedback,3.772737,1786508449206,7,57,10.0,0.0,10.0,,-0.14516104757785797,5.174148082733154,-0.892494797706604,,
feedback,3.780642,1786508449214,7,57,10.0,0.0,10.0,,-0.18363411724567413,5.238509654998779,-0.808718204498291,,
feedback,3.788343,1786508449222,7,57,10.0,0.0,10.0,,-0.19351693987846375,5.287720203399658,-0.8139800429344177,,
feedback,3.798178,1786508449231,7,57,10.0,0.0,10.0,,-0.2105707973241806,5.264706134796143,-0.8846263289451599,,
feedback,3.804671,1786508449235,7,57,10.0,0.0,10.0,,-0.17132708430290222,5.176678657531738,-0.7303470373153687,,
feedback,3.813280,1786508449243,7,57,10.0,0.0,10.0,,-0.1856640726327896,5.184376239776611,-0.8355556726455688,,
feedback,3.821854,1786508449252,7,57,10.0,0.0,10.0,,-0.12965995073318481,5.08836555480957,-0.8524349927902222,,
feedback,3.830279,1786508449260,7,57,10.0,0.0,10.0,,-0.08329404890537262,5.09916877746582,-0.8273227214813232,,
feedback,3.838381,1786508449269,7,57,10.0,0.0,10.0,,0.0334843248128891,4.9223103523254395,-0.8660991191864014,,
feedback,3.845785,1786508449277,7,57,10.0,0.0,10.0,,0.30320674180984497,4.835456848144531,-0.9692873358726501,,
feedback,3.857663,1786508449286,7,57,10.0,0.0,10.0,,0.45944106578826904,4.801212787628174,-1.0772963762283325,,
feedback,3.862307,1786508449294,7,57,10.0,0.0,10.0,,0.31094953417778015,4.736506938934326,-0.9709604382514954,,
feedback,3.869862,1786508449302,7,57,10.0,0.0,10.0,,0.24543063342571259,4.78139066696167,-0.9133794903755188,,
feedback,3.878076,1786508449311,7,57,10.0,0.0,10.0,,0.11650204658508301,4.994691371917725,-0.8790415525436401,,
feedback,3.887610,1786508449319,7,57,10.0,0.0,10.0,,0.07825922966003418,5.044504165649414,-0.9233882427215576,,
feedback,3.895150,1786508449328,7,57,10.0,0.0,10.0,,-0.10351522266864777,5.117311477661133,-0.8861543536186218,,
feedback,3.903144,1786508449336,7,57,10.0,0.0,10.0,,0.18645116686820984,5.1032609939575195,-0.9549722075462341,,
feedback,3.911419,1786508449345,7,57,10.0,0.0,10.0,,0.19225406646728516,5.127683639526367,-0.9787163138389587,,
feedback,3.922127,1786508449353,7,57,10.0,0.0,10.0,,0.2199176847934723,5.119349956512451,-0.9754042625427246,,
feedback,3.927319,1786508449362,7,57,10.0,0.0,10.0,,0.23160842061042786,5.087001800537109,-0.9495469331741333,,
feedback,3.935742,1786508449366,7,57,10.0,0.0,10.0,,0.20294956862926483,4.932428359985352,-0.9056724905967712,,
feedback,3.944601,1786508449374,7,57,10.0,0.0,10.0,,0.2366730272769928,4.727174758911133,-0.9474684596061707,,
feedback,3.952522,1786508449383,7,57,10.0,0.0,10.0,,0.1993352472782135,4.694629669189453,-0.9302321672439575,,
feedback,3.960532,1786508449391,7,57,10.0,0.0,10.0,,0.16943657398223877,4.7240800857543945,-0.8965697884559631,,
feedback,3.968453,1786508449399,7,57,10.0,0.0,10.0,,0.1696331799030304,4.730043411254883,-0.9362870454788208,,
feedback,3.976246,1786508449408,7,57,10.0,0.0,10.0,,0.2457057684659958,4.690576076507568,-0.9001040458679199,,
feedback,3.985687,1786508449416,7,57,10.0,0.0,10.0,,0.14838078618049622,4.811539173126221,-0.8484334945678711,,
feedback,3.992529,1786508449425,7,57,10.0,0.0,10.0,,-0.050324492156505585,4.840815544128418,-0.798831582069397,,
feedback,4.001433,1786508449433,7,57,10.0,0.0,10.0,,-0.08978412300348282,5.082156181335449,-0.9072365760803223,,
feedback,4.009577,1786508449441,7,57,10.0,0.0,10.0,,-0.16516457498073578,5.002130031585693,-0.8419949412345886,,
feedback,4.018589,1786508449450,7,57,10.0,0.0,10.0,,-0.23627740144729614,5.086182117462158,-0.8069499731063843,,
feedback,4.025309,1786508449458,7,57,10.0,0.0,10.0,,-0.2004280537366867,5.054513454437256,-0.7884694337844849,,
feedback,4.036263,1786508449467,7,57,10.0,0.0,10.0,,-0.4020782709121704,5.017716884613037,-0.7630694508552551,,
feedback,4.042134,1786508449475,7,57,10.0,0.0,10.0,,-0.4155024588108063,5.112793445587158,-0.8167272806167603,,
feedback,4.050418,1786508449484,7,57,10.0,0.0,10.0,,-0.23561342060565948,4.9755401611328125,-0.8061631321907043,,
feedback,4.058628,1786508449492,7,57,10.0,0.0,10.0,,-0.10348042100667953,4.906540393829346,-0.8316434621810913,,
feedback,4.067754,1786508449501,7,57,10.0,0.0,10.0,,-0.104886993765831,4.981208801269531,-0.7853829860687256,,
feedback,4.074782,1786508449509,7,57,10.0,0.0,10.0,,-0.09658581763505936,4.97412109375,-0.8095763325691223,,
feedback,4.083510,1786508449517,7,57,10.0,0.0,10.0,,-0.10968359559774399,5.118029594421387,-0.8132467865943909,,
feedback,4.091172,1786508449522,7,57,10.0,0.0,10.0,,-0.12133006006479263,5.123758792877197,-0.811172366142273,,
feedback,4.099900,1786508449530,7,57,10.0,0.0,10.0,,-0.1505604088306427,5.1136794090271,-0.8582022786140442,,
feedback,4.108436,1786508449539,7,57,10.0,0.0,10.0,,-0.1786366105079651,5.2428154945373535,-0.9108842611312866,,
feedback,4.116079,1786508449547,7,57,10.0,0.0,10.0,,-0.18055646121501923,5.24788761138916,-0.8688470125198364,,
feedback,4.124486,1786508449556,7,57,10.0,0.0,10.0,,-0.17035342752933502,5.210522651672363,-0.840937614440918,,
feedback,4.132609,1786508449564,7,57,10.0,0.0,10.0,,-0.15808193385601044,5.15627908706665,-0.8752031922340393,,
feedback,4.143276,1786508449573,7,57,10.0,0.0,10.0,,-0.1729678362607956,5.200515270233154,-0.8068956732749939,,
feedback,4.149501,1786508449581,7,57,10.0,0.0,10.0,,0.016129156574606895,5.087546348571777,-0.8459280729293823,,
feedback,4.157288,1786508449589,7,57,10.0,0.0,10.0,,-0.012013536877930164,5.051344871520996,-0.8900328874588013,,
feedback,4.165917,1786508449598,7,57,10.0,0.0,10.0,,0.11566966027021408,4.906793117523193,-0.903921902179718,,
feedback,4.174182,1786508449606,7,57,10.0,0.0,10.0,,0.32160231471061707,4.869880676269531,-1.03739595413208,,
feedback,4.181581,1786508449615,7,57,10.0,0.0,10.0,,0.3259269893169403,4.837527275085449,-0.9479063749313354,,
feedback,4.190236,1786508449623,7,57,10.0,0.0,10.0,,0.31204432249069214,4.852678298950195,-0.9182907342910767,,
feedback,4.199694,1786508449631,7,57,10.0,0.0,10.0,,0.2828815281391144,4.926767349243164,-0.9486517310142517,,
feedback,4.207096,1786508449640,7,57,10.0,0.0,10.0,,0.16075491905212402,4.928793907165527,-0.962490975856781,,
feedback,4.215066,1786508449648,7,57,10.0,0.0,10.0,,0.024607062339782715,4.990190029144287,-0.9212255477905273,,
feedback,4.223060,1786508449657,7,57,10.0,0.0,10.0,,0.108921580016613,5.049935817718506,-0.9209563732147217,,
feedback,4.231180,1786508449665,7,57,10.0,0.0,10.0,,0.12697140872478485,5.076211452484131,-0.9420931339263916,,
feedback,4.239008,1786508449669,7,57,10.0,0.0,10.0,,0.1732119470834732,4.965996265411377,-0.965317964553833,,
feedback,4.247426,1786508449678,7,57,10.0,0.0,10.0,,0.1740819662809372,5.000279426574707,-1.0182552337646484,,
feedback,4.259522,1786508449686,7,57,10.0,0.0,10.0,,0.26105162501335144,4.852893829345703,-0.9553804397583008,,
feedback,4.263530,1786508449695,7,57,10.0,0.0,10.0,,0.16243363916873932,4.861223220825195,-0.9265021681785583,,
feedback,4.271745,1786508449703,7,57,10.0,0.0,10.0,,0.14092563092708588,4.8645195960998535,-0.8919271230697632,,
feedback,4.279833,1786508449711,7,57,10.0,0.0,10.0,,0.11048831045627594,4.814134120941162,-0.8754910826683044,,
feedback,4.288407,1786508449720,7,57,10.0,0.0,10.0,,0.2028104066848755,4.615787506103516,-0.8752867579460144,,
feedback,4.296515,1786508449728,7,57,10.0,0.0,10.0,,0.222479447722435,4.626437664031982,-0.8800716400146484,,
feedback,4.305668,1786508449737,7,57,10.0,0.0,10.0,,0.08861338347196579,4.640096664428711,-0.8737621307373047,,
feedback,4.313245,1786508449745,7,57,10.0,0.0,10.0,,-0.03903486207127571,4.840722560882568,-0.8941130638122559,,
feedback,4.322266,1786508449754,7,57,10.0,0.0,10.0,,-0.08279852569103241,4.87215518951416,-0.8983801007270813,,
feedback,4.329622,1786508449762,7,57,10.0,0.0,10.0,,-0.18609344959259033,5.036582946777344,-0.849412739276886,,
feedback,4.337792,1786508449771,7,57,10.0,0.0,10.0,,-0.20217010378837585,5.058248519897461,-0.8400354981422424,,
feedback,4.346302,1786508449779,7,57,10.0,0.0,10.0,,-0.2604561746120453,5.287624835968018,-0.8019243478775024,,
feedback,4.353942,1786508449787,7,57,10.0,0.0,10.0,,-0.3027995228767395,5.1882805824279785,-0.7866101861000061,,
feedback,4.362191,1786508449796,7,57,10.0,0.0,10.0,,-0.3118108808994293,5.135989189147949,-0.7885491847991943,,
feedback,4.373419,1786508449804,7,57,10.0,0.0,10.0,,-0.23390594124794006,5.030849456787109,-0.7907637357711792,,
feedback,4.378268,1786508449809,7,57,10.0,0.0,10.0,,-0.1889675408601761,5.038161277770996,-0.7683658599853516,,
feedback,4.386575,1786508449817,7,57,10.0,0.0,10.0,,-0.18422235548496246,4.988383769989014,-0.7731381058692932,,
feedback,4.395352,1786508449826,7,57,10.0,0.0,10.0,,-0.12704245746135712,4.9931721687316895,-0.8410821557044983,,
feedback,4.403588,1786508449834,7,57,10.0,0.0,10.0,,-0.15651269257068634,4.9225006103515625,-0.8119039535522461,,
feedback,4.412354,1786508449843,7,57,10.0,0.0,10.0,,-0.09920849651098251,4.806301116943359,-0.8455476760864258,,
feedback,4.419730,1786508449851,7,57,10.0,0.0,10.0,,-0.0748782679438591,4.922097206115723,-0.8306933045387268,,
feedback,4.429676,1786508449860,7,57,10.0,0.0,10.0,,-0.10950138419866562,4.977814674377441,-0.8215550780296326,,
feedback,4.436577,1786508449868,7,57,10.0,0.0,10.0,,-0.12359412759542465,5.059316635131836,-0.8166248798370361,,
feedback,4.444725,1786508449876,7,57,10.0,0.0,10.0,,-0.1620398908853531,5.171084880828857,-0.8294236660003662,,
feedback,4.453847,1786508449885,7,57,10.0,0.0,10.0,,-0.22630980610847473,5.206273555755615,-0.8314228057861328,,
feedback,4.461248,1786508449894,7,57,10.0,0.0,10.0,,-0.19538913667201996,5.171186923980713,-0.8169518113136292,,
feedback,4.469743,1786508449902,7,57,10.0,0.0,10.0,,-0.14501187205314636,5.1673736572265625,-0.8658468723297119,,
feedback,4.477546,1786508449911,7,57,10.0,0.0,10.0,,-0.16110381484031677,5.144792079925537,-0.8736661672592163,,
feedback,4.486615,1786508449919,7,57,10.0,0.0,10.0,,-0.1085108146071434,5.101996898651123,-0.8530662655830383,,
feedback,4.493532,1786508449924,7,57,10.0,0.0,10.0,,-0.017337767407298088,5.0581746101379395,-0.8633944988250732,,
feedback,4.502852,1786508449933,7,57,10.0,0.0,10.0,,0.3363182246685028,4.918406009674072,-0.958530843257904,,
feedback,4.511064,1786508449942,7,57,10.0,0.0,10.0,,0.3821262717247009,4.813924312591553,-0.9392926096916199,,
feedback,4.519290,1786508449951,7,57,10.0,0.0,10.0,,0.29990094900131226,4.808120250701904,-0.9265596270561218,,
feedback,4.526994,1786508449959,7,57,10.0,0.0,10.0,,0.3117810785770416,4.775899410247803,-0.9349300861358643,,
feedback,4.535343,1786508449968,7,57,10.0,0.0,10.0,,0.2800529897212982,4.902130603790283,-0.9440675377845764,,
feedback,4.548023,1786508449977,7,57,10.0,0.0,10.0,,0.10816128551959991,4.865477561950684,-0.8726160526275635,,
feedback,4.552729,1786508449985,7,57,10.0,0.0,10.0,,0.1808028221130371,5.009164333343506,-0.9071150422096252,,
feedback,4.560614,1786508449994,7,57,10.0,0.0,10.0,,0.2070259004831314,5.034221649169922,-0.9226541519165039,,
feedback,4.569414,1786508450002,7,57,10.0,0.0,10.0,,0.13360156118869781,5.039271831512451,-0.9462594985961914,,
feedback,4.577051,1786508450011,7,57,10.0,0.0,10.0,,0.17651014029979706,5.060548305511475,-0.9455981850624084,,
feedback,4.585803,1786508450019,7,57,10.0,0.0,10.0,,0.0907018706202507,5.168456077575684,-0.9896191358566284,,
feedback,4.593973,1786508450028,7,57,10.0,0.0,10.0,,0.02741774171590805,5.139106750488281,-0.9753698706626892,,
feedback,4.603429,1786508450037,7,57,10.0,0.0,10.0,,0.07406197488307953,5.024604797363281,-0.9644685983657837,,
feedback,4.610905,1786508450041,7,57,10.0,0.0,10.0,,0.1065172478556633,4.954693794250488,-0.9231682419776917,,
feedback,4.619376,1786508450050,7,57,10.0,0.0,10.0,,0.17294152081012726,4.746188163757324,-0.9991066455841064,,
feedback,4.627768,1786508450059,7,57,10.0,0.0,10.0,,0.1909322291612625,4.587943077087402,-0.9452186226844788,,
feedback,4.636974,1786508450067,7,57,10.0,0.0,10.0,,0.07245650887489319,4.370124340057373,-0.8758530616760254,,
feedback,4.645040,1786508450076,7,57,10.0,0.0,10.0,,0.12970070540905,4.064996719360352,-0.7698789834976196,,
feedback,4.654466,1786508450085,7,57,10.0,0.0,10.0,,0.023007480427622795,3.87986421585083,-0.6957257986068726,,
feedback,4.665015,1786508450093,7,57,10.0,0.0,10.0,,-0.012001843191683292,3.8424744606018066,-0.7045305371284485,,
feedback,4.670676,1786508450102,7,57,10.0,0.0,10.0,,-0.17055624723434448,3.8376474380493164,-0.6359989643096924,,
feedback,4.678642,1786508450110,7,57,10.0,0.0,10.0,,-0.26485690474510193,3.841864824295044,-0.6263020634651184,,
feedback,4.686814,1786508450119,7,57,10.0,0.0,10.0,,-0.20229975879192352,3.869394063949585,-0.5925179123878479,,
feedback,4.695436,1786508450127,7,57,10.0,0.0,10.0,,-0.2867583632469177,3.7859978675842285,-0.5584781169891357,,
feedback,4.705267,1786508450136,7,57,10.0,0.0,10.0,,-0.2739739418029785,3.650815010070801,-0.48228949308395386,,
feedback,4.713660,1786508450145,7,57,10.0,0.0,10.0,,-0.18619456887245178,3.3400204181671143,-0.4515034854412079,,
feedback,4.720555,1786508450154,7,57,10.0,0.0,10.0,,-0.24113474786281586,3.2446305751800537,-0.3919011354446411,,
feedback,4.729452,1786508450163,7,57,10.0,0.0,10.0,,-0.1796582043170929,2.978090524673462,-0.3711342513561249,,
feedback,4.737400,1786508450171,7,57,10.0,0.0,10.0,,-0.06336792558431625,2.5796468257904053,-0.36053189635276794,,
feedback,4.745915,1786508450176,7,57,10.0,0.0,10.0,,-0.14550165832042694,2.4130661487579346,-0.3343854546546936,,
feedback,4.754931,1786508450186,7,57,10.0,0.0,10.0,,-0.04547198489308357,2.220717668533325,-0.3000327944755554,,
feedback,4.762855,1786508450195,7,57,10.0,0.0,10.0,,0.03355923295021057,2.1603047847747803,-0.25818848609924316,,
feedback,4.771659,1786508450203,7,57,10.0,0.0,10.0,,0.024264173582196236,2.1920666694641113,-0.2151516079902649,,
feedback,4.780419,1786508450212,7,57,10.0,0.0,10.0,,0.06159748136997223,2.3174068927764893,-0.15091146528720856,,
feedback,4.787723,1786508450220,7,57,10.0,0.0,10.0,,0.1364377737045288,2.6227588653564453,-0.025374969467520714,,
feedback,4.795897,1786508450229,7,57,10.0,0.0,10.0,,0.20838531851768494,2.887239933013916,-0.04202103614807129,,
feedback,4.804576,1786508450238,7,57,10.0,0.0,10.0,,0.18760809302330017,3.1299846172332764,-0.03055844083428383,,
feedback,4.814015,1786508450247,7,57,10.0,0.0,10.0,,0.2888384461402893,3.1167445182800293,0.04773171246051788,,
feedback,4.822803,1786508450255,7,57,10.0,0.0,10.0,,0.17583487927913666,3.1225669384002686,-0.002489909064024687,,
feedback,4.830673,1786508450264,7,57,10.0,0.0,10.0,,0.20623354613780975,3.0947110652923584,0.08090353012084961,,
feedback,4.838658,1786508450269,7,57,10.0,0.0,10.0,,0.19519224762916565,3.1303396224975586,0.01918613910675049,,
feedback,4.847647,1786508450278,7,57,10.0,0.0,10.0,,0.22038325667381287,3.153611898422241,0.027882572263479233,,
feedback,4.856030,1786508450287,7,57,10.0,0.0,10.0,,0.21840079128742218,3.080603837966919,0.017268091440200806,,
feedback,4.863904,1786508450296,7,57,10.0,0.0,10.0,,0.2603793442249298,3.0603315830230713,0.01633317768573761,,
feedback,4.872283,1786508450304,7,57,10.0,0.0,10.0,,0.2016436755657196,3.077138662338257,0.007573266979306936,,
feedback,4.880776,1786508450313,7,57,10.0,0.0,10.0,,0.16805897653102875,3.2352383136749268,0.011706198565661907,,
feedback,4.891883,1786508450321,7,57,10.0,0.0,10.0,,0.15768004953861237,3.2696330547332764,-0.01296519860625267,,
feedback,4.897387,1786508450330,7,57,10.0,0.0,10.0,,0.1400521844625473,3.3631343841552734,0.029091734439134598,,
feedback,4.905772,1786508450338,7,57,10.0,0.0,10.0,,0.2079222947359085,3.2777693271636963,0.02388945035636425,,
feedback,4.914151,1786508450347,7,57,10.0,0.0,10.0,,0.15986010432243347,3.0890512466430664,0.03595826402306557,,
feedback,4.923833,1786508450356,7,57,10.0,0.0,10.0,,0.18087556958198547,2.773930549621582,0.19253696501255035,,
feedback,4.932036,1786508450365,7,57,10.0,0.0,10.0,,0.2343837320804596,2.2282867431640625,0.1687472015619278,,
feedback,4.942946,1786508450374,7,57,10.0,0.0,10.0,,0.29552310705184937,1.8449798822402954,0.21108324825763702,,
feedback,4.948642,1786508450382,7,57,10.0,0.0,10.0,,0.32532998919487,1.7548736333847046,0.23002120852470398,,
feedback,4.956396,1786508450387,7,57,10.0,0.0,10.0,,0.39092203974723816,1.7188811302185059,0.19658948481082916,,
feedback,4.965482,1786508450396,7,57,10.0,0.0,10.0,,0.4831002354621887,1.724454402923584,0.06852038949728012,,
feedback,4.973649,1786508450404,7,57,10.0,0.0,10.0,,0.44088122248649597,1.6679524183273315,0.06715773046016693,,
feedback,4.981935,1786508450413,7,57,10.0,0.0,10.0,,0.3979375958442688,1.908947229385376,0.3520132005214691,,
feedback,4.989935,1786508450421,7,57,10.0,0.0,10.0,,0.4577856659889221,2.1007578372955322,0.44237855076789856,,
feedback,4.998600,1786508450430,7,57,10.0,0.0,10.0,,0.4784671664237976,2.3006391525268555,0.586010217666626,,
feedback,5.006989,1786508450438,7,57,10.0,0.0,10.0,,0.5532590746879578,2.284484624862671,0.5254721641540527,,
feedback,5.016885,1786508450447,7,57,10.0,0.0,10.0,,0.5260385274887085,2.2679283618927,0.522807240486145,,
feedback,5.023392,1786508450456,7,57,10.0,0.0,10.0,,0.5664635896682739,2.190896511077881,0.5835405588150024,,
feedback,5.031948,1786508450465,7,57,10.0,0.0,10.0,,0.6042713522911072,2.2843127250671387,0.5378293991088867,,
feedback,5.039769,1786508450474,7,57,10.0,0.0,10.0,,0.5962597727775574,2.4597625732421875,0.6384923458099365,,
feedback,5.049384,1786508450479,7,57,10.0,0.0,10.0,,0.6090510487556458,2.5637497901916504,0.6761589646339417,,
feedback,5.056995,1786508450487,7,57,10.0,0.0,10.0,,0.6305499076843262,2.6104989051818848,0.7677384614944458,,
feedback,5.064788,1786508450496,7,57,10.0,0.0,10.0,,0.5745819211006165,2.522186756134033,0.6083019971847534,,
feedback,5.073671,1786508450504,7,57,10.0,0.0,10.0,,0.5576245784759521,2.376749277114868,0.6488245129585266,,
feedback,5.081641,1786508450513,7,57,10.0,0.0,10.0,,0.4602162837982178,2.2115187644958496,0.48029911518096924,,
feedback,5.090158,1786508450522,7,57,10.0,0.0,10.0,,0.36914265155792236,2.262270927429199,0.6707171201705933,,
feedback,5.099473,1786508450530,7,57,10.0,0.0,10.0,,0.38228052854537964,2.3237547874450684,0.7088077664375305,,
feedback,5.107769,1786508450538,7,57,10.0,0.0,10.0,,0.46003425121307373,2.370959758758545,0.7393530607223511,,
feedback,5.117432,1786508450547,7,57,10.0,0.0,10.0,,0.44572433829307556,2.423095464706421,0.6303966045379639,,
feedback,5.124843,1786508450556,7,57,10.0,0.0,10.0,,0.4747186303138733,2.3518385887145996,0.6326977014541626,,
feedback,5.132949,1786508450564,7,57,10.0,0.0,10.0,,0.48358675837516785,2.2695791721343994,0.6803562641143799,,
feedback,5.142334,1786508450574,7,57,10.0,0.0,10.0,,0.5363077521324158,1.8572609424591064,0.8364900946617126,,
feedback,5.150698,1786508450583,7,57,10.0,0.0,10.0,,0.45038020610809326,1.5176490545272827,0.7182867527008057,,
feedback,5.158943,1786508450593,7,57,10.0,0.0,10.0,,0.41223040223121643,1.340410590171814,0.6453042030334473,,
feedback,5.168177,1786508450597,7,57,10.0,0.0,10.0,,0.38155603408813477,1.357666254043579,0.7262907028198242,,
feedback,5.176558,1786508450606,7,57,10.0,0.0,10.0,,0.38722163438796997,1.3172786235809326,0.6155741810798645,,
feedback,5.185872,1786508450615,7,57,10.0,0.0,10.0,,0.41061049699783325,1.3369812965393066,0.6030024886131287,,
feedback,5.194114,1786508450624,7,57,10.0,0.0,10.0,,0.35306960344314575,1.2313199043273926,0.5865600109100342,,
feedback,5.202858,1786508450632,7,57,10.0,0.0,10.0,,0.4269358217716217,1.2646057605743408,0.6762683987617493,,
feedback,5.212055,1786508450646,7,57,10.0,0.0,10.0,,0.5409950017929077,1.569883108139038,0.9983121752738953,,
feedback,5.220148,1786508450651,7,57,10.0,0.0,10.0,,0.5386951565742493,1.5081062316894531,1.0346962213516235,,
feedback,5.229323,1786508450660,7,57,10.0,0.0,10.0,,0.5268529057502747,1.4503017663955688,1.0174049139022827,,
feedback,5.237918,1786508450669,7,57,10.0,0.0,10.0,,0.5843357443809509,1.4262787103652954,0.9565982222557068,,
feedback,5.248161,1786508450677,7,57,10.0,0.0,10.0,,0.5167617201805115,1.4733171463012695,0.9399570822715759,,
feedback,5.253999,1786508450686,7,57,10.0,0.0,10.0,,0.460396409034729,1.5362008810043335,1.0078926086425781,,
feedback,5.261810,1786508450694,7,57,10.0,0.0,10.0,,0.49841824173927307,1.6839854717254639,1.0829236507415771,,
feedback,5.271305,1786508450704,7,57,10.0,0.0,10.0,,0.5889090299606323,1.8807915449142456,1.1582947969436646,,
feedback,5.278767,1786508450712,7,57,10.0,0.0,10.0,,0.6443899273872375,1.9723315238952637,1.1253352165222168,,
feedback,5.287517,1786508450721,7,57,10.0,0.0,10.0,,0.655772864818573,1.9485338926315308,1.1564216613769531,,
feedback,5.296053,1786508450729,7,57,10.0,0.0,10.0,,0.6310818791389465,1.9741268157958984,1.134864330291748,,
feedback,5.303448,1786508450738,7,57,10.0,0.0,10.0,,0.6850718855857849,1.9423173666000366,1.169358730316162,,
feedback,5.312004,1786508450742,7,57,10.0,0.0,10.0,,0.673399031162262,1.9271228313446045,1.2063829898834229,,
feedback,5.320301,1786508450751,7,57,10.0,0.0,10.0,,0.6352577209472656,1.8410544395446777,1.1617933511734009,,
feedback,5.329013,1786508450759,7,57,10.0,0.0,10.0,,0.6775135397911072,1.6585826873779297,1.1678166389465332,,
feedback,5.337944,1786508450768,7,57,10.0,0.0,10.0,,0.6017137169837952,1.476865530014038,1.0364691019058228,,
feedback,5.347010,1786508450776,7,57,10.0,0.0,10.0,,0.45934319496154785,1.4693636894226074,0.9230719208717346,,
feedback,5.358309,1786508450786,7,57,10.0,0.0,10.0,,0.4656962454319,1.444032907485962,0.955064058303833,,
feedback,5.363048,1786508450794,7,57,10.0,0.0,10.0,,0.4603876769542694,1.4459975957870483,0.9892962574958801,,
feedback,5.371639,1786508450803,7,57,10.0,0.0,10.0,,0.5441095232963562,1.386069655418396,1.011410117149353,,
feedback,5.379659,1786508450812,7,57,10.0,0.0,10.0,,0.5143987536430359,1.396634817123413,0.9481943249702454,,
feedback,5.388694,1786508450820,7,57,10.0,0.0,10.0,,0.5952813625335693,1.4750213623046875,1.1314277648925781,,
feedback,5.396159,1786508450829,7,57,10.0,0.0,10.0,,0.5746816992759705,1.20252525806427,1.0056660175323486,,
feedback,5.404290,1786508450838,7,57,10.0,0.0,10.0,,0.4344693422317505,1.012304425239563,0.8711051344871521,,
feedback,5.414884,1786508450846,7,57,10.0,0.0,10.0,,0.40771955251693726,0.9413054585456848,0.8514630198478699,,
feedback,5.422284,1786508450855,7,57,10.0,0.0,10.0,,0.3599950075149536,1.0304088592529297,0.8390835523605347,,
feedback,5.429950,1786508450863,7,57,10.0,0.0,10.0,,0.36716902256011963,0.9725534915924072,0.7972418665885925,,
feedback,5.437920,1786508450872,7,57,10.0,0.0,10.0,,0.358033686876297,0.9820120930671692,0.8288129568099976,,
feedback,5.446111,1786508450880,7,57,10.0,0.0,10.0,,0.4409358501434326,0.965935230255127,0.8817389011383057,,
feedback,5.454767,1786508450885,7,57,10.0,0.0,10.0,,0.5233732461929321,1.0878708362579346,1.0496865510940552,,
feedback,5.462678,1786508450894,7,57,10.0,0.0,10.0,,0.6460300087928772,1.2230427265167236,1.3485708236694336,,
feedback,5.471240,1786508450903,7,57,10.0,0.0,10.0,,0.7845457792282104,1.3796133995056152,1.6210590600967407,,
feedback,5.479045,1786508450911,7,57,10.0,0.0,10.0,,0.8818991184234619,1.51456880569458,1.7983375787734985,,
feedback,5.487466,1786508450920,7,57,10.0,0.0,10.0,,0.868908703327179,1.551851511001587,1.7940318584442139,,
feedback,5.496254,1786508450928,7,57,10.0,0.0,10.0,,0.8563841581344604,1.5689520835876465,1.7883611917495728,,
feedback,5.504126,1786508450937,7,57,10.0,0.0,10.0,,0.8494550585746765,1.5671426057815552,1.8492671251296997,,
feedback,5.512600,1786508450945,7,57,10.0,0.0,10.0,,0.8967613577842712,1.597173810005188,1.9035173654556274,,
feedback,5.521865,1786508450954,7,57,10.0,0.0,10.0,,1.1487479209899902,1.7373907566070557,2.4021172523498535,,
feedback,5.531162,1786508450962,7,57,10.0,0.0,10.0,,1.1863890886306763,1.8070732355117798,2.4831132888793945,,
feedback,5.538499,1786508450971,7,57,10.0,0.0,10.0,,1.1263935565948486,1.7616263628005981,2.341979503631592,,
feedback,5.546641,1786508450979,7,57,10.0,0.0,10.0,,1.0688183307647705,1.6684205532073975,2.2333078384399414,,
feedback,5.555431,1786508450988,7,57,10.0,0.0,10.0,,0.97186279296875,1.5296162366867065,1.9335100650787354,,
feedback,5.563470,1786508450996,7,57,10.0,0.0,10.0,,0.8628116846084595,1.4580078125,1.716088891029358,,
feedback,5.571969,1786508451005,7,57,10.0,0.0,10.0,,0.855659008026123,1.4798967838287354,1.765236735343933,,
feedback,5.580548,1786508451013,7,57,10.0,0.0,10.0,,0.8112260103225708,1.4874993562698364,1.6795940399169922,,
feedback,5.589861,1786508451022,7,57,10.0,0.0,10.0,,0.8570082783699036,1.483873963356018,1.8047372102737427,,
feedback,5.596284,1786508451030,7,57,10.0,0.0,10.0,,0.9179641604423523,1.5043781995773315,1.8498919010162354,,
feedback,5.604780,1786508451035,7,57,10.0,0.0,10.0,,0.9144404530525208,1.415613055229187,1.8076472282409668,,
feedback,5.613576,1786508451044,7,57,10.0,0.0,10.0,,0.869592010974884,1.2538312673568726,1.6402640342712402,,
feedback,5.621994,1786508451053,7,57,10.0,0.0,10.0,,0.8760480284690857,1.0289839506149292,1.6621975898742676,,
feedback,5.629720,1786508451061,7,57,10.0,0.0,10.0,,0.8004157543182373,0.9391285181045532,1.586297869682312,,
feedback,5.638236,1786508451070,7,57,10.0,0.0,10.0,,0.7699573040008545,0.9144392013549805,1.4890389442443848,,
feedback,5.648972,1786508451078,7,57,10.0,0.0,10.0,,0.7620854377746582,0.9048791527748108,1.5578246116638184,,
feedback,5.654670,1786508451088,7,57,10.0,0.0,10.0,,0.8118597269058228,0.8769928216934204,1.6369972229003906,,
feedback,5.663659,1786508451097,7,57,10.0,0.0,10.0,,0.8645882606506348,0.92551589012146,1.731780767440796,,
feedback,5.672935,1786508451106,7,57,10.0,0.0,10.0,,1.0081825256347656,0.9776750802993774,1.8934859037399292,,
feedback,5.680205,1786508451111,7,57,10.0,0.0,10.0,,1.0725693702697754,1.0004029273986816,1.9696866273880005,,
feedback,5.688433,1786508451120,7,57,10.0,0.0,10.0,,1.1617103815078735,0.9965783953666687,2.102102041244507,,
feedback,5.697067,1786508451128,7,57,10.0,0.0,10.0,,1.26758873462677,1.0432047843933105,2.350192070007324,,
feedback,5.707181,1786508451137,7,57,10.0,0.0,10.0,,1.2831047773361206,1.052034854888916,2.4738564491271973,,
feedback,5.712576,1786508451145,7,57,10.0,0.0,10.0,,1.2864508628845215,1.094298005104065,2.4955193996429443,,
feedback,5.722044,1786508451155,7,57,10.0,0.0,10.0,,1.2732607126235962,1.0621845722198486,2.5300662517547607,,
feedback,5.730966,1786508451163,7,57,10.0,0.0,10.0,,1.3091875314712524,1.097588062286377,2.6015777587890625,,
feedback,5.738296,1786508451171,7,57,10.0,0.0,10.0,,1.2756394147872925,1.0878905057907104,2.5402233600616455,,
feedback,5.746375,1786508451180,7,57,10.0,0.0,10.0,,1.3716994524002075,1.1760722398757935,2.981390953063965,,
feedback,5.756223,1786508451189,7,57,10.0,0.0,10.0,,1.3463685512542725,1.1343556642532349,2.972853899002075,,
feedback,5.763138,1786508451193,7,57,10.0,0.0,10.0,,1.3027689456939697,1.1642769575119019,2.8715670108795166,,
feedback,5.771470,1786508451202,7,57,10.0,0.0,10.0,,1.3105723857879639,1.1486124992370605,2.7964823246002197,,
feedback,5.779379,1786508451211,7,57,10.0,0.0,10.0,,1.3262741565704346,1.0972899198532104,2.732522964477539,,
feedback,5.787596,1786508451219,7,57,10.0,0.0,10.0,,1.2596839666366577,1.1444286108016968,2.734652519226074,,
feedback,5.796061,1786508451228,7,57,10.0,0.0,10.0,,1.2529011964797974,1.1314876079559326,2.820951461791992,,
feedback,5.804892,1786508451236,7,57,10.0,0.0,10.0,,1.2280861139297485,0.9819121360778809,2.7153685092926025,,
feedback,5.812422,1786508451245,7,57,10.0,0.0,10.0,,1.0751142501831055,0.8121498227119446,2.525317430496216,,
feedback,5.820936,1786508451253,7,57,10.0,0.0,10.0,,1.1262377500534058,0.7249959111213684,2.4947509765625,,
feedback,5.828622,1786508451262,7,57,10.0,0.0,10.0,,0.993747353553772,0.5881306529045105,2.154738426208496,,
feedback,5.836959,1786508451270,7,57,10.0,0.0,10.0,,0.9368246793746948,0.522128701210022,2.1247518062591553,,
feedback,5.845570,1786508451279,7,57,10.0,0.0,10.0,,0.8894697427749634,0.525894045829773,1.9906868934631348,,
feedback,5.854407,1786508451287,7,57,10.0,0.0,10.0,,0.9432942271232605,0.5072939991950989,2.0246171951293945,,
feedback,5.861548,1786508451295,7,57,10.0,0.0,10.0,,0.9463348388671875,0.543332576751709,2.2167439460754395,,
feedback,5.870439,1786508451304,7,57,10.0,0.0,10.0,,1.1097911596298218,0.5375900864601135,2.357586622238159,,
feedback,5.880690,1786508451312,7,57,10.0,0.0,10.0,,1.1906427145004272,0.5429176092147827,2.56730580329895,,
feedback,5.886753,1786508451316,7,57,10.0,0.0,10.0,,1.2203234434127808,0.5137762427330017,2.7871875762939453,,
feedback,5.894365,1786508451325,7,57,10.0,0.0,10.0,,1.3727993965148926,0.5541148781776428,3.021087408065796,,
feedback,5.902657,1786508451334,7,57,10.0,0.0,10.0,,1.4078506231307983,0.5034093260765076,3.1982216835021973,,
feedback,5.910588,1786508451342,7,57,10.0,0.0,10.0,,1.5352455377578735,0.5951675176620483,3.24208927154541,,
feedback,5.919729,1786508451351,7,57,10.0,0.0,10.0,,1.5091581344604492,0.5430250763893127,3.191953182220459,,
feedback,5.926717,1786508451360,7,57,10.0,0.0,10.0,,1.6366695165634155,0.6836801171302795,3.6770811080932617,,
feedback,5.935100,1786508451368,7,57,10.0,0.0,10.0,,1.5322321653366089,0.6738044619560242,3.700875759124756,,
feedback,5.943310,1786508451377,7,57,10.0,0.0,10.0,,1.5082474946975708,0.5921072959899902,3.5475356578826904,,
feedback,5.951797,1786508451385,7,57,10.0,0.0,10.0,,1.5080692768096924,0.5341556072235107,3.469362735748291,,
feedback,5.959783,1786508451394,7,57,10.0,0.0,10.0,,1.4767374992370605,0.5871171951293945,3.3300580978393555,,
feedback,5.968026,1786508451402,7,57,10.0,0.0,10.0,,1.532204031944275,0.5877803564071655,3.333087682723999,,
feedback,5.976770,1786508451411,7,57,10.0,0.0,10.0,,1.4752298593521118,0.5642094016075134,3.311685562133789,,
feedback,5.985827,1786508451415,7,57,10.0,0.0,10.0,,1.5144329071044922,0.6604981422424316,3.542165756225586,,
feedback,5.992398,1786508451423,7,57,10.0,0.0,10.0,,1.6780576705932617,0.5704910755157471,3.560321807861328,,
feedback,6.001501,1786508451432,7,57,10.0,0.0,10.0,,1.5568650960922241,0.6332222819328308,3.3599472045898438,,
feedback,6.009468,1786508451440,7,57,10.0,0.0,10.0,,1.4577250480651855,0.5503692626953125,3.228563070297241,,
feedback,6.017510,1786508451449,7,57,10.0,0.0,10.0,,1.246294379234314,0.4465170204639435,2.771254777908325,,
feedback,6.025180,1786508451457,7,57,10.0,0.0,10.0,,1.003382682800293,0.39921554923057556,2.4212684631347656,,
feedback,6.034282,1786508451465,7,57,10.0,0.0,10.0,,0.9582419395446777,0.40143582224845886,2.1452062129974365,,
feedback,6.041897,1786508451474,7,57,10.0,0.0,10.0,,1.0182998180389404,0.36138463020324707,2.1682307720184326,,
feedback,6.050329,1786508451482,7,57,10.0,0.0,10.0,,1.0255223512649536,0.4049305021762848,2.3841018676757812,,
feedback,6.058745,1786508451491,7,57,10.0,0.0,10.0,,1.1521943807601929,0.4251590371131897,2.5277316570281982,,
feedback,6.067063,1786508451499,7,57,10.0,0.0,10.0,,1.1707895994186401,0.4780336022377014,2.885254383087158,,
feedback,6.075870,1786508451508,7,57,10.0,0.0,10.0,,1.341291069984436,0.5487871170043945,3.1417078971862793,,
feedback,6.083209,1786508451516,7,57,10.0,0.0,10.0,,1.6252249479293823,0.6245912909507751,3.5971343517303467,,
feedback,6.092145,1786508451524,7,57,10.0,0.0,10.0,,1.70185124874115,0.6465361714363098,3.8735849857330322,,
feedback,6.102033,1786508451533,7,57,10.0,0.0,10.0,,1.7128351926803589,0.6565760970115662,3.572415828704834,,
feedback,6.108638,1786508451541,7,57,10.0,0.0,10.0,,1.6245932579040527,0.628937304019928,3.6955008506774902,,
feedback,6.115971,1786508451550,7,57,10.0,0.0,10.0,,1.7016255855560303,0.6441716551780701,3.6491591930389404,,
feedback,6.124271,1786508451558,7,57,10.0,0.0,10.0,,1.7742482423782349,0.6507750153541565,3.682267427444458,,
feedback,6.132555,1786508451566,7,57,10.0,0.0,10.0,,1.9196642637252808,0.630264937877655,3.7321462631225586,,
feedback,6.140413,1786508451575,7,57,10.0,0.0,10.0,,1.8844027519226074,0.745080828666687,4.285664081573486,,
feedback,6.148923,1786508451579,7,57,10.0,0.0,10.0,,2.1893293857574463,0.7752435803413391,4.456649303436279,,
feedback,6.157917,1786508451587,7,57,10.0,0.0,10.0,,2.1755669116973877,0.7946445941925049,4.617448806762695,,
feedback,6.165264,1786508451596,7,57,10.0,0.0,10.0,,2.0468976497650146,0.7675343751907349,4.451231002807617,,
feedback,6.173813,1786508451604,7,57,10.0,0.0,10.0,,2.0394420623779297,0.7141490578651428,4.2758331298828125,,
feedback,6.181743,1786508451613,7,57,10.0,0.0,10.0,,2.0869369506835938,0.751469075679779,4.221310615539551,,
feedback,6.189859,1786508451621,7,57,10.0,0.0,10.0,,2.120241641998291,0.7722888588905334,4.3809309005737305,,
feedback,6.197859,1786508451630,7,57,10.0,0.0,10.0,,2.1110517978668213,0.7357443571090698,4.368474006652832,,
feedback,6.206998,1786508451638,7,57,10.0,0.0,10.0,,2.309764862060547,0.8174721598625183,4.825467586517334,,
feedback,6.213780,1786508451646,7,57,10.0,0.0,10.0,,2.3075790405273438,0.822411298751831,4.6265668869018555,,
feedback,6.221924,1786508451655,7,57,10.0,0.0,10.0,,2.310561180114746,0.8073931932449341,4.556303024291992,,
feedback,6.231442,1786508451663,7,57,10.0,0.0,10.0,,2.175198793411255,0.7826724052429199,4.476804256439209,,
feedback,6.239006,1786508451672,7,57,10.0,0.0,10.0,,2.135934829711914,0.688870370388031,4.416888236999512,,
feedback,6.246417,1786508451680,7,57,10.0,0.0,10.0,,2.258028984069824,0.8033686876296997,4.766081809997559,,
feedback,6.255880,1786508451689,7,57,10.0,0.0,10.0,,2.287811756134033,0.7510613203048706,4.737184047698975,,
feedback,6.264080,1786508451698,7,57,10.0,0.0,10.0,,2.200460195541382,0.7251458168029785,4.481688499450684,,
feedback,6.272246,1786508451707,7,57,10.0,0.0,10.0,,2.140542984008789,0.6652335524559021,4.3281636238098145,,
feedback,6.280447,1786508451715,7,57,10.0,0.0,10.0,,2.0845463275909424,0.6698594689369202,4.1693010330200195,,
feedback,6.289553,1786508451723,7,57,10.0,0.0,10.0,,2.0955650806427,0.7329758405685425,4.254925727844238,,
feedback,6.298229,1786508451732,7,57,10.0,0.0,10.0,,2.0554440021514893,0.7458723187446594,4.308586597442627,,
feedback,6.306273,1786508451740,7,57,10.0,0.0,10.0,,2.1165239810943604,0.7665688991546631,4.627718448638916,,
feedback,6.315372,1786508451749,7,57,10.0,0.0,10.0,,2.286323308944702,0.7629377245903015,4.901268482208252,,
feedback,6.322113,1786508451753,7,57,10.0,0.0,10.0,,2.269601345062256,0.8297117352485657,4.801206588745117,,
feedback,6.330539,1786508451761,7,57,10.0,0.0,10.0,,2.3339266777038574,0.748233437538147,4.746387004852295,,
feedback,6.338830,1786508451770,7,57,10.0,0.0,10.0,,2.159942150115967,0.7644754648208618,4.670588970184326,,
feedback,6.347288,1786508451778,7,57,10.0,0.0,10.0,,2.123986005783081,0.7751861214637756,4.44579553604126,,
feedback,6.355531,1786508451787,7,57,10.0,0.0,10.0,,2.2305819988250732,0.8006380200386047,4.540899276733398,,
feedback,6.363389,1786508451795,7,57,10.0,0.0,10.0,,2.2395782470703125,0.7947455048561096,4.59212589263916,,
feedback,6.372334,1786508451803,7,57,10.0,0.0,10.0,,2.1558902263641357,0.8166702389717102,4.420441627502441,,
feedback,6.379784,1786508451812,7,57,10.0,0.0,10.0,,2.1228442192077637,0.7813034653663635,4.341374397277832,,
feedback,6.388363,1786508451820,7,57,10.0,0.0,10.0,,2.088669776916504,0.7213898301124573,4.283586502075195,,
feedback,6.396580,1786508451829,7,57,10.0,0.0,10.0,,2.121762752532959,0.7108533382415771,4.263495922088623,,
feedback,6.404286,1786508451837,7,57,10.0,0.0,10.0,,2.0707783699035645,0.7735075354576111,4.433132171630859,,
feedback,6.412771,1786508451845,7,57,10.0,0.0,10.0,,2.232146739959717,0.8433136940002441,4.736164093017578,,
feedback,6.420999,1786508451854,7,57,10.0,0.0,10.0,,2.3739492893218994,0.9036867022514343,4.9191389083862305,,
feedback,6.428565,1786508451862,7,57,10.0,0.0,10.0,,2.3506131172180176,0.8959963321685791,4.967710494995117,,
feedback,6.436628,1786508451871,7,57,10.0,0.0,10.0,,2.1995394229888916,0.8393970131874084,4.666860580444336,,
feedback,6.444955,1786508451879,7,57,10.0,0.0,10.0,,2.2286081314086914,0.7946155071258545,4.489330291748047,,
feedback,6.454322,1786508451887,7,57,10.0,0.0,10.0,,2.1234872341156006,0.8293349146842957,4.355737686157227,,
feedback,6.461947,1786508451896,7,57,10.0,0.0,10.0,,2.2389988899230957,0.7752722501754761,4.577254295349121,,
feedback,6.470398,1786508451904,7,57,10.0,0.0,10.0,,2.147050142288208,0.8038502335548401,4.579383850097656,,
feedback,6.477913,1786508451908,7,57,10.0,0.0,10.0,,1.9884984493255615,0.804807722568512,4.441262722015381,,
feedback,6.486602,1786508451917,7,57,10.0,0.0,10.0,,1.8794461488723755,0.7810471057891846,4.525329113006592,,
feedback,6.495132,1786508451925,7,57,10.0,0.0,10.0,,1.925268292427063,0.741159200668335,4.481742858886719,,
feedback,6.503202,1786508451934,7,57,10.0,0.0,10.0,,1.928905963897705,0.7541542053222656,4.288468360900879,,
feedback,6.510653,1786508451942,7,57,10.0,0.0,10.0,,1.9887136220932007,0.753727376461029,4.18380069732666,,
feedback,6.519251,1786508451951,7,57,10.0,0.0,10.0,,2.1223971843719482,0.7535463571548462,4.3138203620910645,,
feedback,6.526975,1786508451959,7,57,10.0,0.0,10.0,,2.381944179534912,0.8559231758117676,4.831462383270264,,
feedback,6.534879,1786508451967,7,57,10.0,0.0,10.0,,2.2929069995880127,0.8495621085166931,4.65787935256958,,
feedback,6.543154,1786508451976,7,57,10.0,0.0,10.0,,2.2135748863220215,0.7824497222900391,4.493079662322998,,
feedback,6.551104,1786508451984,7,57,10.0,0.0,10.0,,2.2123610973358154,0.7801129221916199,4.5034613609313965,,
feedback,6.559783,1786508451992,7,57,10.0,0.0,10.0,,2.102376937866211,0.7229205965995789,4.449291229248047,,
feedback,6.568313,1786508452001,7,57,10.0,0.0,10.0,,2.211519956588745,0.7366862297058105,4.728708744049072,,
feedback,6.577120,1786508452009,7,57,10.0,0.0,10.0,,2.184607744216919,0.78053879737854,4.600006103515625,,
feedback,6.586193,1786508452018,7,57,10.0,0.0,10.0,,2.241501569747925,0.7428162693977356,4.51948356628418,,
feedback,6.594069,1786508452026,7,57,10.0,0.0,10.0,,2.0568149089813232,0.7070030570030212,4.125161170959473,,
feedback,6.602654,1786508452035,7,57,10.0,0.0,10.0,,2.1008834838867188,0.7646234631538391,4.082610130310059,,
feedback,6.609112,1786508452043,7,57,10.0,0.0,10.0,,2.0928990840911865,0.7709414958953857,4.112232208251953,,
feedback,6.617237,1786508452051,7,57,10.0,0.0,10.0,,2.0545287132263184,0.7697029709815979,4.387337684631348,,
feedback,6.627136,1786508452060,7,57,10.0,0.0,10.0,,2.206291913986206,0.8115503191947937,4.775578022003174,,
feedback,6.635407,1786508452068,7,57,10.0,0.0,10.0,,2.168473958969116,0.8437349200248718,4.922887802124023,,
feedback,6.643045,1786508452077,7,57,10.0,0.0,10.0,,2.1470298767089844,0.8283745050430298,4.862483024597168,,
feedback,6.651871,1786508452085,7,57,10.0,0.0,10.0,,2.0713653564453125,0.861410915851593,4.80198335647583,,
feedback,6.662073,1786508452094,7,57,10.0,0.0,10.0,,1.9721591472625732,0.7759565711021423,4.468210220336914,,
feedback,6.667812,1786508452102,7,57,10.0,0.0,10.0,,1.99599289894104,0.7723568081855774,4.493864059448242,,
feedback,6.676511,1786508452106,7,57,10.0,0.0,10.0,,2.0594823360443115,0.8637776970863342,4.581826686859131,,
feedback,6.684214,1786508452115,7,57,10.0,0.0,10.0,,2.077244520187378,0.8300275802612305,4.68893575668335,,
feedback,6.692590,1786508452123,7,57,10.0,0.0,10.0,,2.066962718963623,0.8030213713645935,4.604119300842285,,
feedback,6.700387,1786508452131,7,57,10.0,0.0,10.0,,1.9745813608169556,0.7888312935829163,4.328874111175537,,
feedback,6.709240,1786508452140,7,57,10.0,0.0,10.0,,1.8878264427185059,0.755243182182312,4.400442123413086,,
feedback,6.719091,1786508452148,7,57,10.0,0.0,10.0,,1.9957175254821777,0.7800023555755615,4.478353023529053,,
feedback,6.726370,1786508452157,7,57,10.0,0.0,10.0,,1.9253418445587158,0.7824615240097046,4.455840110778809,,
feedback,6.733680,1786508452165,7,57,10.0,0.0,10.0,,2.162623167037964,0.807632327079773,4.777594089508057,,
feedback,6.742350,1786508452174,7,57,10.0,0.0,10.0,,2.2183196544647217,0.8757575750350952,4.856953144073486,,
feedback,6.750169,1786508452182,7,57,10.0,0.0,10.0,,2.151759386062622,0.8462586402893066,4.744382858276367,,
feedback,6.758748,1786508452190,7,57,10.0,0.0,10.0,,2.087324857711792,0.8280872702598572,4.641116142272949,,
feedback,6.767225,1786508452199,7,57,10.0,0.0,10.0,,1.9648195505142212,0.7824249267578125,4.449778079986572,,
feedback,6.776075,1786508452207,7,57,10.0,0.0,10.0,,1.9239660501480103,0.7501631379127502,4.295010089874268,,
feedback,6.783053,1786508452216,7,57,10.0,0.0,10.0,,2.0499227046966553,0.8148127198219299,4.701099395751953,,
feedback,6.791429,1786508452224,7,57,10.0,0.0,10.0,,2.156311273574829,0.804064929485321,4.654485702514648,,
feedback,6.798962,1786508452232,7,57,10.0,0.0,10.0,,1.9634686708450317,0.7711957693099976,4.5237321853637695,,
feedback,6.807659,1786508452241,7,57,10.0,0.0,10.0,,1.9571360349655151,0.7012383341789246,4.367130279541016,,
feedback,6.815953,1786508452249,7,57,10.0,0.0,10.0,,1.9321609735488892,0.707635223865509,4.332569122314453,,
feedback,6.824288,1786508452258,7,57,10.0,0.0,10.0,,1.8995095491409302,0.7392787337303162,4.301736354827881,,
feedback,6.832282,1786508452266,7,57,10.0,0.0,10.0,,2.0036847591400146,0.7042597532272339,4.354610919952393,,
feedback,6.839787,1786508452274,7,57,10.0,0.0,10.0,,2.2002649307250977,0.8414766788482666,4.827991008758545,,
feedback,6.848337,1786508452283,7,57,10.0,0.0,10.0,,2.203279972076416,0.8588842153549194,4.678780555725098,,
feedback,6.857123,1786508452287,7,57,10.0,0.0,10.0,,2.17270565032959,0.8278958797454834,4.668206214904785,,
feedback,6.864416,1786508452296,7,57,10.0,0.0,10.0,,2.1136162281036377,0.8112441897392273,4.632979869842529,,
feedback,6.873099,1786508452304,7,57,10.0,0.0,10.0,,2.0665810108184814,0.8242107629776001,4.830060958862305,,
feedback,6.881001,1786508452312,7,57,10.0,0.0,10.0,,2.0345993041992188,0.8016876578330994,4.467269420623779,,
feedback,6.891437,1786508452321,7,57,10.0,0.0,10.0,,2.17018985748291,0.81982421875,4.690972328186035,,
feedback,6.897061,1786508452329,7,57,10.0,0.0,10.0,,1.9646692276000977,0.8174102902412415,4.695169925689697,,
feedback,6.905247,1786508452338,7,57,10.0,0.0,10.0,,1.8977681398391724,0.8326805233955383,4.547830104827881,,
feedback,6.913391,1786508452346,7,57,10.0,0.0,10.0,,1.8371760845184326,0.8101900815963745,4.282129287719727,,
feedback,6.921675,1786508452355,7,57,10.0,0.0,10.0,,1.8781861066818237,0.7808472514152527,4.243914604187012,,
feedback,6.930361,1786508452363,7,57,10.0,0.0,10.0,,1.9959478378295898,0.7577778697013855,4.171206474304199,,
feedback,6.942556,1786508452371,7,57,10.0,0.0,10.0,,2.008481025695801,0.7969573140144348,4.336539268493652,,
feedback,6.946819,1786508452380,7,57,10.0,0.0,10.0,,2.277122735977173,0.7875787615776062,4.823312282562256,,
feedback,6.955452,1786508452388,7,57,10.0,0.0,10.0,,2.3024539947509766,0.8055976629257202,4.806459903717041,,
feedback,6.963281,1786508452397,7,57,10.0,0.0,10.0,,2.267902374267578,0.800643265247345,4.672584056854248,,
feedback,6.972077,1786508452405,7,57,10.0,0.0,10.0,,2.158735513687134,0.8016939759254456,4.534339427947998,,
feedback,6.979508,1786508452414,7,57,10.0,0.0,10.0,,2.11818265914917,0.7650278210639954,4.211623668670654,,
feedback,6.987866,1786508452422,7,57,10.0,0.0,10.0,,2.1633224487304688,0.7965619564056396,4.495748996734619,,
feedback,6.995581,1786508452430,7,57,10.0,0.0,10.0,,2.194265604019165,0.824153482913971,4.498832702636719,,
feedback,7.004180,1786508452439,7,57,10.0,0.0,10.0,,2.183445692062378,0.855302095413208,4.52640962600708,,
feedback,7.012196,1786508452443,7,57,10.0,0.0,10.0,,2.174396276473999,0.7772502303123474,4.464077472686768,,
feedback,7.021108,1786508452455,7,57,10.0,0.0,10.0,,2.0657708644866943,0.7563868165016174,4.45163631439209,,
feedback,7.028769,1786508452460,7,57,10.0,0.0,10.0,,2.0408623218536377,0.7635433077812195,4.444453716278076,,
feedback,7.037255,1786508452468,7,57,10.0,0.0,10.0,,2.040302038192749,0.7662506103515625,4.359215259552002,,
feedback,7.046072,1786508452477,7,57,10.0,0.0,10.0,,2.157574415206909,0.8220714926719666,4.388249397277832,,
feedback,7.053469,1786508452485,7,57,10.0,0.0,10.0,,2.3490915298461914,0.8815930485725403,4.893966197967529,,
feedback,7.062138,1786508452494,7,57,10.0,0.0,10.0,,2.2428529262542725,0.8955103158950806,4.826829433441162,,
feedback,7.070543,1786508452502,7,57,10.0,0.0,10.0,,2.289884090423584,0.8173030018806458,4.509035587310791,,
feedback,7.078598,1786508452511,7,57,10.0,0.0,10.0,,2.218942165374756,0.8200360536575317,4.557621955871582,,
feedback,7.086990,1786508452519,7,57,10.0,0.0,10.0,,2.326230525970459,0.8097574710845947,4.568502426147461,,
feedback,7.095049,1786508452527,7,57,10.0,0.0,10.0,,2.162443161010742,0.8054131269454956,4.523252010345459,,
feedback,7.105512,1786508452536,7,57,10.0,0.0,10.0,,2.1931915283203125,0.8087796568870544,4.63455057144165,,
feedback,7.111138,1786508452544,7,57,10.0,0.0,10.0,,2.234476327896118,0.8468272089958191,4.653870582580566,,
feedback,7.119459,1786508452553,7,57,10.0,0.0,10.0,,2.0463438034057617,0.8639835715293884,4.3809003829956055,,
feedback,7.127758,1786508452561,7,57,10.0,0.0,10.0,,1.9718798398971558,0.8096886873245239,4.258179187774658,,
feedback,7.136093,1786508452569,7,57,10.0,0.0,10.0,,2.0130724906921387,0.8283162713050842,4.301751613616943,,
feedback,7.144053,1786508452578,7,57,10.0,0.0,10.0,,2.0425424575805664,0.787738025188446,4.2929863929748535,,
feedback,7.152887,1786508452586,7,57,10.0,0.0,10.0,,2.1247079372406006,0.8088502287864685,4.405959129333496,,
feedback,7.160298,1786508452595,7,57,10.0,0.0,10.0,,2.354241132736206,0.9073285460472107,4.905720233917236,,
feedback,7.168645,1786508452603,7,57,10.0,0.0,10.0,,2.3348581790924072,0.8573786616325378,4.763940334320068,,
feedback,7.177555,1786508452611,7,57,10.0,0.0,10.0,,2.235208511352539,0.8790323734283447,4.769458770751953,,
feedback,7.185385,1786508452616,7,57,10.0,0.0,10.0,,2.2059948444366455,0.8806379437446594,4.842310905456543,,
feedback,7.193405,1786508452624,7,57,10.0,0.0,10.0,,2.0883572101593018,0.8191657662391663,4.571414470672607,,
feedback,7.202274,1786508452632,7,57,10.0,0.0,10.0,,2.27018666267395,0.8189089894294739,4.708873748779297,,
feedback,7.211602,1786508452641,7,57,10.0,0.0,10.0,,2.221111297607422,0.8613331317901611,4.719169616699219,,
feedback,7.218057,1786508452649,7,57,10.0,0.0,10.0,,2.296316146850586,0.87373948097229,4.731936454772949,,
feedback,7.226625,1786508452658,7,57,10.0,0.0,10.0,,2.0707693099975586,0.8503310680389404,4.2436747550964355,,
feedback,7.234724,1786508452666,7,57,10.0,0.0,10.0,,2.054758310317993,0.7907891869544983,4.056865215301514,,
feedback,7.242753,1786508452675,7,57,10.0,0.0,10.0,,2.058546781539917,0.8082486391067505,4.215850353240967,,
feedback,7.251357,1786508452683,7,57,10.0,0.0,10.0,,2.0674195289611816,0.7809351086616516,4.442525863647461,,
feedback,7.259987,1786508452692,7,57,10.0,0.0,10.0,,2.090805768966675,0.7769957184791565,4.31782865524292,,
feedback,7.267269,1786508452700,7,57,10.0,0.0,10.0,,2.318713426589966,0.8321914076805115,4.822704792022705,,
feedback,7.275146,1786508452708,7,57,10.0,0.0,10.0,,2.296884298324585,0.8878440260887146,4.851016998291016,,
feedback,7.284101,1786508452717,7,57,10.0,0.0,10.0,,2.2828118801116943,0.8714561462402344,4.7492547035217285,,
feedback,7.292064,1786508452725,7,57,10.0,0.0,10.0,,2.1730191707611084,0.806468665599823,4.415994167327881,,
feedback,7.301490,1786508452734,7,57,10.0,0.0,10.0,,2.0968246459960938,0.8047084212303162,4.312577247619629,,
feedback,7.308662,1786508452743,7,57,10.0,0.0,10.0,,2.028277635574341,0.8619074821472168,4.610940933227539,,
feedback,7.316983,1786508452751,7,57,10.0,0.0,10.0,,2.0448641777038574,0.7901870012283325,4.4779863357543945,,
feedback,7.325533,1786508452760,7,57,10.0,0.0,10.0,,2.07147216796875,0.7958619594573975,4.634969234466553,,
feedback,7.334371,1786508452764,7,57,10.0,0.0,10.0,,1.8908590078353882,0.6942734718322754,4.341583728790283,,
feedback,7.342551,1786508452773,7,57,10.0,0.0,10.0,,1.9662209749221802,0.7538257241249084,4.2437920570373535,,
feedback,7.350194,1786508452781,7,57,10.0,0.0,10.0,,2.062602996826172,0.7403279542922974,4.324532508850098,,
feedback,7.358804,1786508452790,7,57,10.0,0.0,10.0,,2.058610439300537,0.7605999112129211,4.145097732543945,,
feedback,7.366267,1786508452798,7,57,10.0,0.0,10.0,,2.145672559738159,0.7573056221008301,4.316786766052246,,
feedback,7.375097,1786508452806,7,57,10.0,0.0,10.0,,2.352494716644287,0.876734733581543,4.8148322105407715,,
feedback,7.382600,1786508452815,7,57,10.0,0.0,10.0,,2.3453004360198975,0.8685743808746338,4.78489351272583,,
feedback,7.391612,1786508452823,7,57,10.0,0.0,10.0,,2.1636557579040527,0.8396009802818298,4.661683082580566,,
feedback,7.398440,1786508452832,7,57,10.0,0.0,10.0,,2.105623483657837,0.8106995224952698,4.516206741333008,,
feedback,7.407118,1786508452840,7,57,10.0,0.0,10.0,,1.954978108406067,0.8046016693115234,4.528094291687012,,
feedback,7.415362,1786508452848,7,57,10.0,0.0,10.0,,2.16371750831604,0.8574795722961426,4.717061519622803,,
feedback,7.423355,1786508452857,7,57,10.0,0.0,10.0,,2.131108522415161,0.8396049737930298,4.734060287475586,,
feedback,7.432267,1786508452865,7,57,10.0,0.0,10.0,,2.1991512775421143,0.8539112210273743,4.556136131286621,,
feedback,7.439858,1786508452874,7,57,10.0,0.0,10.0,,2.091254234313965,0.802926778793335,4.248284816741943,,
feedback,7.447711,1786508452882,7,57,10.0,0.0,10.0,,2.016305685043335,0.7784079313278198,4.193724632263184,,
feedback,7.458351,1786508452891,7,57,10.0,0.0,10.0,,1.937195062637329,0.7968498468399048,4.270035743713379,,
feedback,7.464344,1786508452895,7,57,10.0,0.0,10.0,,1.9966899156570435,0.7693309783935547,4.185074806213379,,
feedback,7.472444,1786508452903,7,57,10.0,0.0,10.0,,2.038560152053833,0.8084457516670227,4.455935001373291,,
feedback,7.481238,1786508452912,7,57,10.0,0.0,10.0,,2.161482572555542,0.8821120262145996,4.8021063804626465,,
feedback,7.489563,1786508452920,7,57,10.0,0.0,10.0,,2.2496845722198486,0.8547601699829102,4.923038005828857,,
feedback,7.497033,1786508452929,7,57,10.0,0.0,10.0,,2.0749497413635254,0.8529518842697144,4.806057453155518,,
feedback,7.505851,1786508452937,7,57,10.0,0.0,10.0,,2.086029291152954,0.7977936267852783,4.6692585945129395,,
feedback,7.514571,1786508452945,7,57,10.0,0.0,10.0,,1.9784141778945923,0.7454382181167603,4.4766082763671875,,
feedback,7.522578,1786508452954,7,57,10.0,0.0,10.0,,2.0522873401641846,0.7230082750320435,4.563289642333984,,
feedback,7.530007,1786508452962,7,57,10.0,0.0,10.0,,2.0716044902801514,0.7813510298728943,4.522723197937012,,
feedback,7.537950,1786508452971,7,57,10.0,0.0,10.0,,2.0827741622924805,0.7558320760726929,4.558012962341309,,
feedback,7.546817,1786508452979,7,57,10.0,0.0,10.0,,1.9963972568511963,0.736491322517395,4.37575626373291,,
feedback,7.554406,1786508452987,7,57,10.0,0.0,10.0,,1.9012246131896973,0.7347486019134521,4.323091983795166,,
feedback,7.562404,1786508452996,7,57,10.0,0.0,10.0,,1.8858778476715088,0.7122305631637573,4.330854892730713,,
feedback,7.570380,1786508453004,7,57,10.0,0.0,10.0,,1.9533549547195435,0.7298030853271484,4.428260326385498,,
feedback,7.578907,1786508453013,7,57,10.0,0.0,10.0,,2.1626899242401123,0.831955075263977,4.914379596710205,,
feedback,7.586809,1786508453021,7,57,10.0,0.0,10.0,,2.1685309410095215,0.8431941866874695,4.903331756591797,,
feedback,7.595064,1786508453029,7,57,10.0,0.0,10.0,,2.119603395462036,0.8162983059883118,4.7069993019104,,
feedback,7.603085,1786508453038,7,57,10.0,0.0,10.0,,2.0859782695770264,0.8315795660018921,4.5951313972473145,,
feedback,7.611469,1786508453042,7,57,10.0,0.0,10.0,,2.0435729026794434,0.7743817567825317,4.604321479797363,,
feedback,7.620179,1786508453051,7,57,10.0,0.0,10.0,,1.9633840322494507,0.8060469627380371,4.48160457611084,,
feedback,7.630780,1786508453059,7,57,10.0,0.0,10.0,,2.067608594894409,0.7881436347961426,4.4930830001831055,,
feedback,7.635785,1786508453067,7,57,10.0,0.0,10.0,,2.060330390930176,0.8107905387878418,4.561255931854248,,
feedback,7.643858,1786508453076,7,57,10.0,0.0,10.0,,2.071270704269409,0.7958582639694214,4.652900695800781,,
feedback,7.652102,1786508453084,7,57,10.0,0.0,10.0,,1.9489753246307373,0.7594428658485413,4.5801262855529785,,
feedback,7.660287,1786508453093,7,57,10.0,0.0,10.0,,1.9055752754211426,0.6847042441368103,4.2407073974609375,,
feedback,7.668414,1786508453101,7,57,10.0,0.0,10.0,,1.8956583738327026,0.7461141347885132,4.302027702331543,,
feedback,7.676617,1786508453110,7,57,10.0,0.0,10.0,,1.9706023931503296,0.7502517104148865,4.314729690551758,,
feedback,7.684835,1786508453118,7,57,10.0,0.0,10.0,,2.052651882171631,0.7720358967781067,4.514191150665283,,
feedback,7.693046,1786508453126,7,57,10.0,0.0,10.0,,2.241377115249634,0.7986709475517273,4.808005332946777,,
feedback,7.701165,1786508453135,7,57,10.0,0.0,10.0,,2.2735536098480225,0.807537317276001,4.664610385894775,,
feedback,7.709426,1786508453143,7,57,10.0,0.0,10.0,,2.2041993141174316,0.7946792244911194,4.640239238739014,,
feedback,7.717369,1786508453152,7,57,10.0,0.0,10.0,,2.1758675575256348,0.7629610300064087,4.58438777923584,,
feedback,7.725630,1786508453160,7,57,10.0,0.0,10.0,,2.0465283393859863,0.7388910055160522,4.4135942459106445,,
feedback,7.734007,1786508453168,7,57,10.0,0.0,10.0,,2.1018826961517334,0.7540252804756165,4.762548923492432,,
feedback,7.742212,1786508453177,7,57,10.0,0.0,10.0,,2.0535051822662354,0.7755295634269714,4.813557147979736,,
feedback,7.751451,1786508453181,7,57,10.0,0.0,10.0,,2.037632465362549,0.7652878165245056,4.701637268066406,,
feedback,7.758395,1786508453190,7,57,10.0,0.0,10.0,,1.918731689453125,0.7178957462310791,4.437177658081055,,
feedback,7.766764,1786508453198,7,57,10.0,0.0,10.0,,1.847180724143982,0.7433327436447144,4.3399248123168945,,
feedback,7.774834,1786508453207,7,57,10.0,0.0,10.0,,1.9906545877456665,0.7632646560668945,4.266625881195068,,
feedback,7.783090,1786508453215,7,57,10.0,0.0,10.0,,1.9770442247390747,0.7658965587615967,4.161224842071533,,
feedback,7.791142,1786508453223,7,57,10.0,0.0,10.0,,2.051260471343994,0.7726699113845825,4.284282684326172,,
feedback,7.799541,1786508453232,7,57,10.0,0.0,10.0,,2.3557322025299072,0.8760849833488464,5.14116907119751,,
feedback,7.808139,1786508453241,7,57,10.0,0.0,10.0,,2.327408790588379,0.8244677782058716,4.817829608917236,,
feedback,7.815715,1786508453249,7,57,10.0,0.0,10.0,,2.1758196353912354,0.8096630573272705,4.716286659240723,,
feedback,7.823811,1786508453258,7,57,10.0,0.0,10.0,,2.166055679321289,0.8219937682151794,4.469448089599609,,
feedback,7.832210,1786508453266,7,57,10.0,0.0,10.0,,2.098665952682495,0.7619649767875671,4.400383472442627,,
feedback,7.840215,1786508453274,7,57,10.0,0.0,10.0,,2.234464168548584,0.8157446384429932,4.577774524688721,,
feedback,7.848448,1786508453283,7,57,10.0,0.0,10.0,,2.167848825454712,0.8461105823516846,4.435787200927734,,
feedback,7.856476,1786508453291,7,57,10.0,0.0,10.0,,2.114032030105591,0.7736635804176331,4.233577251434326,,
feedback,7.864817,1786508453299,7,57,10.0,0.0,10.0,,2.0327887535095215,0.7585803866386414,4.204127311706543,,
feedback,7.873073,1786508453304,7,57,10.0,0.0,10.0,,2.0381126403808594,0.7004489302635193,4.173689842224121,,
feedback,7.881117,1786508453312,7,57,10.0,0.0,10.0,,2.063429117202759,0.7299996018409729,4.491919040679932,,
feedback,7.889254,1786508453321,7,57,10.0,0.0,10.0,,2.0481953620910645,0.706864595413208,4.356448650360107,,
feedback,7.897451,1786508453329,7,57,10.0,0.0,10.0,,2.222598075866699,0.7385230660438538,4.5600457191467285,,
feedback,7.905617,1786508453337,7,57,10.0,0.0,10.0,,2.388140916824341,0.8196408748626709,4.861537933349609,,
feedback,7.913854,1786508453346,7,57,10.0,0.0,10.0,,2.354959487915039,0.834723949432373,4.761767387390137,,
feedback,7.922383,1786508453354,7,57,10.0,0.0,10.0,,2.2628464698791504,0.7822409272193909,4.671796798706055,,
feedback,7.930282,1786508453363,7,57,10.0,0.0,10.0,,2.2966809272766113,0.8287495970726013,4.606192111968994,,
feedback,7.938620,1786508453371,7,57,10.0,0.0,10.0,,2.133131742477417,0.8029069304466248,4.300553798675537,,
feedback,7.946801,1786508453379,7,57,10.0,0.0,10.0,,2.2982280254364014,0.8130905032157898,4.656605243682861,,
feedback,7.954984,1786508453388,7,57,10.0,0.0,10.0,,2.274888753890991,0.8571922779083252,4.832616329193115,,
feedback,7.962886,1786508453396,7,57,10.0,0.0,10.0,,2.176271677017212,0.8067111372947693,4.458724498748779,,
feedback,7.971091,1786508453405,7,57,10.0,0.0,10.0,,1.9769952297210693,0.7609310746192932,4.205224514007568,,
feedback,7.979793,1786508453413,7,57,10.0,0.0,10.0,,1.9912956953048706,0.7136334180831909,4.342596530914307,,
feedback,7.987586,1786508453422,7,57,10.0,0.0,10.0,,1.937346339225769,0.7452119588851929,4.2685322761535645,,
feedback,7.995645,1786508453430,7,57,10.0,0.0,10.0,,2.039726495742798,0.732509434223175,4.159963607788086,,
feedback,8.004755,1786508453439,7,57,10.0,0.0,10.0,,2.27091121673584,0.7955988049507141,4.6772871017456055,,
feedback,8.012149,1786508453443,7,57,10.0,0.0,10.0,,2.35431170463562,0.8352224230766296,4.789125442504883,,
feedback,8.022208,1786508453456,7,57,10.0,0.0,10.0,,2.328486442565918,0.7946961522102356,4.780754089355469,,
feedback,8.030204,1786508453465,7,57,10.0,0.0,10.0,,2.229132652282715,0.7972754240036011,4.674956321716309,,
feedback,8.038611,1786508453473,7,57,10.0,0.0,10.0,,2.1520473957061768,0.7281652092933655,4.359825611114502,,
feedback,8.047470,1786508453477,7,57,10.0,0.0,10.0,,2.1309168338775635,0.7128973603248596,4.452220439910889,,
feedback,8.055462,1786508453486,7,57,10.0,0.0,10.0,,2.223539113998413,0.7614250779151917,4.669213771820068,,
feedback,8.062858,1786508453494,7,57,10.0,0.0,10.0,,2.2601521015167236,0.7677645683288574,4.6072678565979,,
feedback,8.071237,1786508453503,7,57,10.0,0.0,10.0,,2.160672426223755,0.7183541655540466,4.3850884437561035,,
feedback,8.079233,1786508453511,7,57,10.0,0.0,10.0,,2.141310214996338,0.751587986946106,4.2931809425354,,
feedback,8.087548,1786508453520,7,57,10.0,0.0,10.0,,2.112419605255127,0.7533410787582397,4.143706321716309,,
feedback,8.096816,1786508453528,7,57,10.0,0.0,10.0,,1.9866493940353394,0.7703271508216858,4.0444488525390625,,
feedback,8.103910,1786508453536,7,57,10.0,0.0,10.0,,2.0939555168151855,0.8255552649497986,4.290421009063721,,
feedback,8.112426,1786508453545,7,57,10.0,0.0,10.0,,2.2956314086914062,0.892483115196228,4.985731601715088,,
feedback,8.121087,1786508453553,7,57,10.0,0.0,10.0,,2.3462066650390625,0.8940917253494263,4.923619270324707,,
feedback,8.128634,1786508453561,7,57,10.0,0.0,10.0,,2.3018932342529297,0.8842284679412842,4.757754802703857,,
feedback,8.137644,1786508453570,7,57,10.0,0.0,10.0,,2.212958812713623,0.8627263903617859,4.729976654052734,,
feedback,8.145821,1786508453578,7,57,10.0,0.0,10.0,,2.0825746059417725,0.8750494122505188,4.419741153717041,,
feedback,8.156497,1786508453587,7,57,10.0,0.0,10.0,,2.1038475036621094,0.8017674088478088,4.435779094696045,,
feedback,8.162325,1786508453595,7,57,10.0,0.0,10.0,,2.0462663173675537,0.8441045880317688,4.5985846519470215,,
feedback,8.170805,1786508453604,7,57,10.0,0.0,10.0,,1.9999277591705322,0.7968043684959412,4.64064884185791,,
feedback,8.177980,1786508453609,7,57,10.0,0.0,10.0,,1.9791332483291626,0.7502622604370117,4.6489057540893555,,
feedback,8.186490,1786508453618,7,57,10.0,0.0,10.0,,1.9586042165756226,0.7901954650878906,4.328071117401123,,
feedback,8.194901,1786508453626,7,57,10.0,0.0,10.0,,2.0382192134857178,0.7792072892189026,4.438810348510742,,
feedback,8.202651,1786508453634,7,57,10.0,0.0,10.0,,2.0105462074279785,0.7667071223258972,4.322744369506836,,
feedback,8.211131,1786508453643,7,57,10.0,0.0,10.0,,2.1117124557495117,0.8645622730255127,4.488048553466797,,
feedback,8.221192,1786508453651,7,57,10.0,0.0,10.0,,2.290093421936035,0.9679611325263977,4.8238067626953125,,
feedback,8.227479,1786508453660,7,57,10.0,0.0,10.0,,2.320101499557495,0.9859405159950256,4.8148345947265625,,
feedback,8.235678,1786508453668,7,57,10.0,0.0,10.0,,2.261986017227173,0.9802156090736389,4.673971652984619,,
feedback,8.244921,1786508453676,7,57,10.0,0.0,10.0,,2.1171040534973145,0.8794650435447693,4.560463905334473,,
feedback,8.252537,1786508453685,7,57,10.0,0.0,10.0,,2.090311050415039,0.8002047538757324,4.428470611572266,,
feedback,8.260530,1786508453694,7,57,10.0,0.0,10.0,,2.2096922397613525,0.8137020468711853,4.69247579574585,,
feedback,8.268968,1786508453702,7,57,10.0,0.0,10.0,,2.1876988410949707,0.7700314521789551,4.556081771850586,,
feedback,8.279426,1786508453710,7,57,10.0,0.0,10.0,,2.0973734855651855,0.7632232308387756,4.585822582244873,,
feedback,8.284837,1786508453719,7,57,10.0,0.0,10.0,,2.190697193145752,0.7853078246116638,4.307623386383057,,
feedback,8.293164,1786508453727,7,57,10.0,0.0,10.0,,2.1074814796447754,0.7988020181655884,4.299008369445801,,
feedback,8.301336,1786508453735,7,57,10.0,0.0,10.0,,2.0257046222686768,0.7951620221138,4.280166149139404,,
feedback,8.310092,1786508453744,7,57,10.0,0.0,10.0,,2.0254809856414795,0.7956802845001221,4.312445640563965,,
feedback,8.317776,1786508453752,7,57,10.0,0.0,10.0,,2.020357370376587,0.833674967288971,4.371954917907715,,
feedback,8.326962,1786508453761,7,57,10.0,0.0,10.0,,2.195988178253174,0.8376026153564453,4.920342445373535,,
feedback,8.339150,1786508453769,7,57,10.0,0.0,10.0,,2.0592100620269775,0.8719705939292908,4.707462787628174,,
feedback,8.343213,1786508453778,7,57,10.0,0.0,10.0,,2.160884380340576,0.8846477270126343,4.752413272857666,,
feedback,8.352649,1786508453782,7,57,10.0,0.0,10.0,,2.0305685997009277,0.8641058802604675,4.655184745788574,,
feedback,8.360786,1786508453791,7,57,10.0,0.0,10.0,,1.9242048263549805,0.827121376991272,4.591677188873291,,
feedback,8.368647,1786508453799,7,57,10.0,0.0,10.0,,2.0038516521453857,0.8379281759262085,4.50864315032959,,
feedback,8.376046,1786508453808,7,57,10.0,0.0,10.0,,2.018066644668579,0.8529643416404724,4.573798656463623,,
feedback,8.384063,1786508453816,7,57,10.0,0.0,10.0,,2.0580174922943115,0.8272839188575745,4.519906520843506,,
feedback,8.394742,1786508453825,7,57,10.0,0.0,10.0,,1.8802884817123413,0.7610131502151489,4.32020902633667,,
feedback,8.400647,1786508453833,7,57,10.0,0.0,10.0,,1.8124110698699951,0.7333770394325256,4.153432369232178,,
feedback,8.409776,1786508453842,7,57,10.0,0.0,10.0,,1.9190136194229126,0.6942864060401917,4.32002592086792,,
feedback,8.417476,1786508453850,7,57,10.0,0.0,10.0,,1.9334367513656616,0.7782552242279053,4.32608699798584,,
feedback,8.426418,1786508453859,7,57,10.0,0.0,10.0,,2.0076470375061035,0.7503058314323425,4.537381649017334,,
feedback,8.433287,1786508453867,7,57,10.0,0.0,10.0,,2.2556233406066895,0.7682029604911804,4.9084343910217285,,
feedback,8.442163,1786508453875,7,57,10.0,0.0,10.0,,2.2537686824798584,0.7962222695350647,4.946190357208252,,
feedback,8.449850,1786508453884,7,57,10.0,0.0,10.0,,2.1570353507995605,0.7592348456382751,4.687155246734619,,
feedback,8.458538,1786508453892,7,57,10.0,0.0,10.0,,2.2242634296417236,0.882243812084198,4.561502456665039,,
feedback,8.466112,1786508453901,7,57,10.0,0.0,10.0,,2.0391550064086914,0.7639543414115906,4.347805500030518,,
feedback,8.474317,1786508453905,7,57,10.0,0.0,10.0,,2.070852518081665,0.8058432340621948,4.649258613586426,,
feedback,8.482343,1786508453913,7,57,10.0,0.0,10.0,,2.1990818977355957,0.859799861907959,4.778937816619873,,
feedback,8.491029,1786508453922,7,57,10.0,0.0,10.0,,2.133129358291626,0.8353955149650574,4.907895088195801,,
feedback,8.499303,1786508453930,7,57,10.0,0.0,10.0,,1.9794877767562866,0.8079419136047363,4.646346569061279,,
feedback,8.506967,1786508453939,7,57,10.0,0.0,10.0,,1.9239360094070435,0.7602376937866211,4.394554138183594,,
feedback,8.515201,1786508453947,7,57,10.0,0.0,10.0,,1.9011815786361694,0.8180345296859741,4.4282546043396,,
feedback,8.523928,1786508453955,7,57,10.0,0.0,10.0,,1.8349463939666748,0.8406394124031067,4.2013773918151855,,
feedback,8.531519,1786508453964,7,57,10.0,0.0,10.0,,1.9362386465072632,0.8745246529579163,4.325949668884277,,
feedback,8.540542,1786508453973,7,57,10.0,0.0,10.0,,2.217798948287964,0.9647143483161926,4.993763446807861,,
feedback,8.548352,1786508453981,7,57,10.0,0.0,10.0,,2.2108538150787354,0.9362057447433472,4.819544792175293,,
feedback,8.560094,1786508453989,7,57,10.0,0.0,10.0,,2.1559135913848877,0.9191555380821228,4.633849143981934,,
feedback,8.564064,1786508453998,7,57,10.0,0.0,10.0,,2.079375743865967,0.8545644879341125,4.556955814361572,,
feedback,8.572769,1786508454006,7,57,10.0,0.0,10.0,,2.012108564376831,0.8354490399360657,4.578095436096191,,
feedback,8.580605,1786508454015,7,57,10.0,0.0,10.0,,2.09285569190979,0.8390279412269592,4.835058689117432,,
feedback,8.589257,1786508454023,7,57,10.0,0.0,10.0,,2.0497467517852783,0.8345078825950623,4.722591876983643,,
feedback,8.597632,1786508454031,7,57,10.0,0.0,10.0,,1.9516794681549072,0.7784693837165833,4.603537559509277,,
feedback,8.605637,1786508454040,7,57,10.0,0.0,10.0,,2.0354998111724854,0.8000295758247375,4.436182975769043,,
feedback,8.613224,1786508454044,7,57,10.0,0.0,10.0,,1.8744783401489258,0.798927366733551,4.198955059051514,,
feedback,8.621579,1786508454053,7,57,10.0,0.0,10.0,,1.900519847869873,0.7500675916671753,4.346337795257568,,
feedback,8.629782,1786508454061,7,57,10.0,0.0,10.0,,2.022759437561035,0.7249372601509094,4.245591640472412,,
feedback,8.638634,1786508454070,7,57,10.0,0.0,10.0,,2.111806631088257,0.7690281867980957,4.377512454986572,,
feedback,8.646288,1786508454078,7,57,10.0,0.0,10.0,,2.2638559341430664,0.8688185811042786,4.949291229248047,,
feedback,8.654652,1786508454086,7,57,10.0,0.0,10.0,,2.2949607372283936,0.8634945154190063,4.753794193267822,,
feedback,8.666045,1786508454095,7,57,10.0,0.0,10.0,,2.1619644165039062,0.816373884677887,4.764258861541748,,
feedback,8.670775,1786508454103,7,57,10.0,0.0,10.0,,2.188436508178711,0.917951762676239,4.691502571105957,,
feedback,8.678534,1786508454111,7,57,10.0,0.0,10.0,,2.1679983139038086,0.8579996228218079,4.486304759979248,,
feedback,8.687071,1786508454120,7,57,10.0,0.0,10.0,,2.123103380203247,0.7876036167144775,4.578885555267334,,
feedback,8.696283,1786508454128,7,57,10.0,0.0,10.0,,2.164883613586426,0.8573094606399536,4.3984832763671875,,
feedback,8.703464,1786508454137,7,57,10.0,0.0,10.0,,2.184685230255127,0.8101392984390259,4.366297245025635,,
feedback,8.711786,1786508454145,7,57,10.0,0.0,10.0,,2.0309226512908936,0.725586473941803,4.067248821258545,,
feedback,8.720354,1786508454154,7,57,10.0,0.0,10.0,,2.0369670391082764,0.7392094135284424,4.128896713256836,,
feedback,8.729885,1786508454162,7,57,10.0,0.0,10.0,,2.0395143032073975,0.7309168577194214,4.441490650177002,,
feedback,8.735872,1786508454170,7,57,10.0,0.0,10.0,,2.0707693099975586,0.6969528198242188,4.4789137840271,,
feedback,8.745024,1786508454179,7,57,10.0,0.0,10.0,,2.259399890899658,0.7816993594169617,4.594781875610352,,
feedback,8.753292,1786508454187,7,57,10.0,0.0,10.0,,2.425180435180664,0.7888424396514893,4.871678352355957,,
feedback,8.760804,1786508454191,7,57,10.0,0.0,10.0,,2.447995185852051,0.7645607590675354,4.89435338973999,,
feedback,8.769571,1786508454200,7,57,10.0,0.0,10.0,,2.366227388381958,0.7501316070556641,4.790791988372803,,
feedback,8.776684,1786508454208,7,57,10.0,0.0,10.0,,2.235311985015869,0.7908004522323608,4.500329494476318,,
feedback,8.784997,1786508454217,7,57,10.0,0.0,10.0,,2.13838791847229,0.7893806099891663,4.177798271179199,,
feedback,8.793988,1786508454225,7,57,10.0,0.0,10.0,,2.279468059539795,0.8754823803901672,4.505026340484619,,
feedback,8.801820,1786508454234,7,57,10.0,0.0,10.0,,2.2109436988830566,0.8232241272926331,4.657641887664795,,
feedback,8.810151,1786508454242,7,57,10.0,0.0,10.0,,2.242386817932129,0.8626142740249634,4.521045207977295,,
feedback,8.818576,1786508454250,7,57,10.0,0.0,10.0,,1.9792060852050781,0.7938392162322998,4.2528395652771,,
feedback,8.828984,1786508454259,7,57,10.0,0.0,10.0,,1.9420984983444214,0.7201728224754333,4.232131004333496,,
feedback,8.834050,1786508454267,7,57,10.0,0.0,10.0,,1.9826433658599854,0.7356683015823364,4.191796779632568,,
feedback,8.843043,1786508454276,7,57,10.0,0.0,10.0,,2.036006450653076,0.7971799969673157,4.164736747741699,,
feedback,8.851250,1786508454284,7,57,10.0,0.0,10.0,,2.0882651805877686,0.7899287939071655,4.3774847984313965,,
feedback,8.859925,1786508454292,7,57,10.0,0.0,10.0,,2.346592426300049,0.8548234105110168,4.797595024108887,,
feedback,8.867569,1786508454301,7,57,10.0,0.0,10.0,,2.3032116889953613,0.8504624962806702,4.878644943237305,,
feedback,8.875950,1786508454309,7,57,10.0,0.0,10.0,,2.2486729621887207,0.7844472527503967,4.860663890838623,,
feedback,8.883391,1786508454318,7,57,10.0,0.0,10.0,,2.1430578231811523,0.803500235080719,4.600659370422363,,
feedback,8.891045,1786508454326,7,57,10.0,0.0,10.0,,2.075580358505249,0.7491263151168823,4.407525539398193,,
feedback,8.899402,1786508454330,7,57,10.0,0.0,10.0,,2.218686103820801,0.7579859495162964,4.57421875,,
feedback,8.907491,1786508454339,7,57,10.0,0.0,10.0,,2.2455122470855713,0.7418705821037292,4.535243988037109,,
feedback,8.916299,1786508454347,7,57,10.0,0.0,10.0,,2.124519109725952,0.7091224193572998,4.524110317230225,,
feedback,8.924170,1786508454355,7,57,10.0,0.0,10.0,,2.150566339492798,0.7205619215965271,4.377862453460693,,
feedback,8.932684,1786508454364,7,57,10.0,0.0,10.0,,2.018902063369751,0.6921481490135193,4.109561920166016,,
feedback,8.944961,1786508454372,7,57,10.0,0.0,10.0,,2.076526641845703,0.7262919545173645,4.264954090118408,,
feedback,8.948519,1786508454381,7,57,10.0,0.0,10.0,,2.0984363555908203,0.7518319487571716,4.329158306121826,,
feedback,8.956599,1786508454389,7,57,10.0,0.0,10.0,,2.263183832168579,0.8223185539245605,4.578502178192139,,
feedback,8.965118,1786508454398,7,57,10.0,0.0,10.0,,2.3316991329193115,0.8829905390739441,4.949403285980225,,
feedback,8.973847,1786508454406,7,57,10.0,0.0,10.0,,2.334108352661133,0.853021502494812,4.821072578430176,,
feedback,8.981572,1786508454415,7,57,10.0,0.0,10.0,,2.2445695400238037,0.8348124027252197,4.6089582443237305,,
feedback,8.989658,1786508454423,7,57,10.0,0.0,10.0,,2.2358016967773438,0.8096657991409302,4.514712333679199,,
feedback,8.999232,1786508454431,7,57,10.0,0.0,10.0,,2.172285795211792,0.7770418524742126,4.356163024902344,,
feedback,9.005565,1786508454440,7,57,10.0,0.0,10.0,,2.1818180084228516,0.8217594623565674,4.596758842468262,,
feedback,9.013731,1786508454448,7,57,10.0,0.0,10.0,,2.0100607872009277,0.7619943618774414,4.69594669342041,,
feedback,9.023578,1786508454456,7,57,10.0,0.0,10.0,,1.9495621919631958,0.729947030544281,4.50075101852417,,
feedback,9.029983,1786508454465,7,57,10.0,0.0,10.0,,1.9899096488952637,0.6665419340133667,4.303715705871582,,
feedback,9.038326,1786508454473,7,57,10.0,0.0,10.0,,1.9184406995773315,0.7102585434913635,4.363296985626221,,
feedback,9.046725,1786508454478,7,57,10.0,0.0,10.0,,1.9333161115646362,0.6780228018760681,4.404665946960449,,
feedback,9.054873,1786508454486,7,57,10.0,0.0,10.0,,2.0604970455169678,0.7383356690406799,4.377622604370117,,
feedback,9.063016,1786508454494,7,57,10.0,0.0,10.0,,2.131826162338257,0.7062023878097534,4.527313709259033,,
feedback,9.071651,1786508454503,7,57,10.0,0.0,10.0,,2.387479543685913,0.8147262334823608,5.02112340927124,,
feedback,9.079545,1786508454511,7,57,10.0,0.0,10.0,,2.3311984539031982,0.8267710208892822,4.8465704917907715,,
feedback,9.087525,1786508454520,7,57,10.0,0.0,10.0,,2.1620302200317383,0.8090334534645081,4.5619354248046875,,
feedback,9.096278,1786508454528,7,57,10.0,0.0,10.0,,2.25118350982666,0.8452820777893066,4.521856307983398,,
feedback,9.104268,1786508454536,7,57,10.0,0.0,10.0,,2.080188035964966,0.8485543131828308,4.345507621765137,,
feedback,9.111954,1786508454545,7,57,10.0,0.0,10.0,,2.093311309814453,0.870934784412384,4.7607879638671875,,
feedback,9.120697,1786508454553,7,57,10.0,0.0,10.0,,2.2133877277374268,0.8374268412590027,4.635433197021484,,
feedback,9.129224,1786508454562,7,57,10.0,0.0,10.0,,2.122877597808838,0.7979547381401062,4.589197158813477,,
feedback,9.137392,1786508454570,7,57,10.0,0.0,10.0,,2.165072441101074,0.7376872301101685,4.331266403198242,,
feedback,9.145396,1786508454578,7,57,10.0,0.0,10.0,,2.0510189533233643,0.7628310322761536,4.193209648132324,,
feedback,9.153596,1786508454587,7,57,10.0,0.0,10.0,,2.028686046600342,0.7769796848297119,4.108163356781006,,
feedback,9.161849,1786508454595,7,57,10.0,0.0,10.0,,1.9717283248901367,0.7879669070243835,4.216463088989258,,
feedback,9.171774,1786508454604,7,57,10.0,0.0,10.0,,2.0623371601104736,0.8520846962928772,4.498630046844482,,
feedback,9.178870,1786508454608,7,57,10.0,0.0,10.0,,2.1589980125427246,0.8693137764930725,4.66792631149292,,
feedback,9.186037,1786508454617,7,57,10.0,0.0,10.0,,2.07995867729187,0.8952134251594543,4.822412490844727,,
feedback,9.194206,1786508454625,7,57,10.0,0.0,10.0,,2.120685338973999,0.861793041229248,4.825630187988281,,
feedback,9.202954,1786508454633,7,57,10.0,0.0,10.0,,2.049574136734009,0.8704713582992554,4.630430698394775,,
feedback,9.210718,1786508454642,7,57,10.0,0.0,10.0,,2.0433602333068848,0.862170398235321,4.3920722007751465,,
feedback,9.218771,1786508454650,7,57,10.0,0.0,10.0,,2.042060136795044,0.7804765701293945,4.5533952713012695,,
feedback,9.228966,1786508454659,7,57,10.0,0.0,10.0,,2.019857883453369,0.7943530678749084,4.545491695404053,,
feedback,9.235355,1786508454667,7,57,10.0,0.0,10.0,,2.0479891300201416,0.82173752784729,4.5875773429870605,,
feedback,9.242977,1786508454676,7,57,10.0,0.0,10.0,,1.9484291076660156,0.8301933407783508,4.395228862762451,,
feedback,9.251621,1786508454685,7,57,10.0,0.0,10.0,,1.8640834093093872,0.7923380732536316,4.2090020179748535,,
feedback,9.259929,1786508454693,7,57,10.0,0.0,10.0,,1.8853988647460938,0.8463587760925293,4.3076252937316895,,
feedback,9.267492,1786508454701,7,57,10.0,0.0,10.0,,2.0050597190856934,0.8123475313186646,4.449207782745361,,
feedback,9.276468,1786508454710,7,57,10.0,0.0,10.0,,2.2062246799468994,0.8906109929084778,4.833065032958984,,
feedback,9.286579,1786508454718,7,57,10.0,0.0,10.0,,2.187221050262451,0.854608952999115,4.967480182647705,,
feedback,9.292330,1786508454727,7,57,10.0,0.0,10.0,,2.162525177001953,0.8547435402870178,4.903210163116455,,
feedback,9.300143,1786508454731,7,57,10.0,0.0,10.0,,2.1511332988739014,0.8499465584754944,4.908879280090332,,
feedback,9.309397,1786508454739,7,57,10.0,0.0,10.0,,2.0727646350860596,0.8494162559509277,4.639951229095459,,
feedback,9.317283,1786508454748,7,57,10.0,0.0,10.0,,1.9824949502944946,0.7965060472488403,4.485033988952637,,
feedback,9.325154,1786508454756,7,57,10.0,0.0,10.0,,2.050107002258301,0.8049248456954956,4.614946365356445,,
feedback,9.333253,1786508454765,7,57,10.0,0.0,10.0,,2.137260675430298,0.8131582736968994,4.540914058685303,,
feedback,9.341278,1786508454773,7,57,10.0,0.0,10.0,,2.0417118072509766,0.7919930815696716,4.526695251464844,,
feedback,9.349579,1786508454782,7,57,10.0,0.0,10.0,,1.938952922821045,0.7509509921073914,4.37596321105957,,
feedback,9.358079,1786508454790,7,57,10.0,0.0,10.0,,1.8940229415893555,0.779940128326416,4.38248348236084,,
feedback,9.372867,1786508454807,7,57,10.0,0.0,10.0,,1.9632221460342407,0.7467455863952637,4.343578815460205,,
feedback,9.380504,1786508454811,7,57,10.0,0.0,10.0,,2.0464258193969727,0.7179837822914124,4.453500747680664,,
feedback,9.390011,1786508454820,7,57,10.0,0.0,10.0,,2.1615028381347656,0.8003926873207092,4.770251274108887,,
feedback,9.399393,1786508454828,7,57,10.0,0.0,10.0,,2.2467126846313477,0.815039336681366,4.793597221374512,,
feedback,9.405135,1786508454837,7,57,10.0,0.0,10.0,,2.1398091316223145,0.8404727578163147,4.711041450500488,,
feedback,9.413425,1786508454845,7,57,10.0,0.0,10.0,,2.114280939102173,0.856854259967804,4.581419467926025,,
feedback,9.422132,1786508454854,7,57,10.0,0.0,10.0,,2.0364105701446533,0.8296676278114319,4.444813251495361,,
feedback,9.430005,1786508454862,7,57,10.0,0.0,10.0,,2.061790704727173,0.8803675174713135,4.807261943817139,,
feedback,9.438259,1786508454871,7,57,10.0,0.0,10.0,,1.9661414623260498,0.7712698578834534,4.769850254058838,,
feedback,9.446638,1786508454879,7,57,10.0,0.0,10.0,,1.9144632816314697,0.7776582837104797,4.666146278381348,,
feedback,9.457042,1786508454888,7,57,10.0,0.0,10.0,,1.9553308486938477,0.7048593163490295,4.499004364013672,,
feedback,9.462508,1786508454896,7,57,10.0,0.0,10.0,,1.9056910276412964,0.7286102175712585,4.2436041831970215,,
feedback,9.471069,1786508454904,7,57,10.0,0.0,10.0,,1.9898563623428345,0.7343247532844543,4.3460235595703125,,
feedback,9.479552,1786508454913,7,57,10.0,0.0,10.0,,1.997066617012024,0.7464441657066345,4.235424995422363,,
feedback,9.489629,1786508454921,7,57,10.0,0.0,10.0,,2.148066520690918,0.775201678276062,4.468679904937744,,
feedback,9.497416,1786508454930,7,57,10.0,0.0,10.0,,2.2230217456817627,0.7541306614875793,4.692236423492432,,
feedback,9.506007,1786508454938,7,57,10.0,0.0,10.0,,2.2593231201171875,0.8005586862564087,4.761260032653809,,
feedback,9.517716,1786508454947,7,57,10.0,0.0,10.0,,2.183812379837036,0.8135450482368469,4.766845703125,,
feedback,9.522335,1786508454955,7,57,10.0,0.0,10.0,,2.207146644592285,0.8361174464225769,4.605109691619873,,
feedback,9.530605,1786508454963,7,57,10.0,0.0,10.0,,2.055152177810669,0.80115807056427,4.359474182128906,,
feedback,9.539449,1786508454972,7,57,10.0,0.0,10.0,,2.231646776199341,0.8295823931694031,4.727853775024414,,
feedback,9.546953,1786508454980,7,57,10.0,0.0,10.0,,2.2226414680480957,0.842366099357605,4.547808647155762,,
feedback,9.555020,1786508454989,7,57,10.0,0.0,10.0,,2.1342272758483887,0.8321452736854553,4.316127300262451,,
feedback,9.563672,1786508454997,7,57,10.0,0.0,10.0,,2.0136706829071045,0.7719845175743103,4.158045768737793,,
feedback,9.572476,1786508455005,7,57,10.0,0.0,10.0,,2.073148250579834,0.7756672501564026,4.037170886993408,,
feedback,9.579217,1786508455014,7,57,10.0,0.0,10.0,,2.001286745071411,0.748388409614563,4.00504207611084,,
feedback,9.588433,1786508455022,7,57,10.0,0.0,10.0,,2.091453790664673,0.7426465749740601,4.170497417449951,,
feedback,9.596246,1786508455031,7,57,10.0,0.0,10.0,,2.3232243061065674,0.8034180402755737,4.738436222076416,,
feedback,9.604901,1786508455035,7,57,10.0,0.0,10.0,,2.3834445476531982,0.8678125739097595,4.92378044128418,,
feedback,9.613263,1786508455044,7,57,10.0,0.0,10.0,,2.405158281326294,0.8451977968215942,4.892977237701416,,
feedback,9.621373,1786508455052,7,57,10.0,0.0,10.0,,2.2713613510131836,0.7739973664283752,4.6868462562561035,,
feedback,9.628678,1786508455061,7,57,10.0,0.0,10.0,,2.251223564147949,0.7811368107795715,4.526217937469482,,
feedback,9.636686,1786508455070,7,57,10.0,0.0,10.0,,2.1221866607666016,0.7940808534622192,4.430629730224609,,
feedback,9.645373,1786508455078,7,57,10.0,0.0,10.0,,2.1885225772857666,0.7828531861305237,4.631315231323242,,
feedback,9.653206,1786508455086,7,57,10.0,0.0,10.0,,2.210667371749878,0.7839941382408142,4.494873523712158,,
feedback,9.661852,1786508455095,7,57,10.0,0.0,10.0,,2.08522367477417,0.7825420498847961,4.471175193786621,,
feedback,9.670225,1786508455103,7,57,10.0,0.0,10.0,,2.0265448093414307,0.8310168981552124,4.597015380859375,,
feedback,9.678531,1786508455112,7,57,10.0,0.0,10.0,,1.9934837818145752,0.8256906270980835,4.324139595031738,,
feedback,9.695814,1786508455128,7,57,10.0,0.0,10.0,,2.0159072875976562,0.8813564777374268,4.3546247482299805,,
feedback,9.703233,1786508455137,7,57,10.0,0.0,10.0,,2.2221169471740723,0.8674975037574768,4.7066802978515625,,
feedback,9.712042,1786508455145,7,57,10.0,0.0,10.0,,2.34380841255188,0.9277993440628052,4.737971305847168,,
feedback,9.720484,1786508455154,7,57,10.0,0.0,10.0,,2.20459246635437,0.879298210144043,4.682110786437988,,
feedback,9.727799,1786508455162,7,57,10.0,0.0,10.0,,2.1988754272460938,0.8519830107688904,4.536251068115234,,
feedback,9.736252,1786508455171,7,57,10.0,0.0,10.0,,2.1897952556610107,0.8260849118232727,4.632229328155518,,
feedback,9.745655,1786508455175,7,57,10.0,0.0,10.0,,2.1171486377716064,0.7873250246047974,4.477755069732666,,
feedback,9.753012,1786508455183,7,57,10.0,0.0,10.0,,2.172471523284912,0.7427315711975098,4.618533134460449,,
feedback,9.760896,1786508455192,7,57,10.0,0.0,10.0,,2.289820671081543,0.7945852279663086,4.700963497161865,,
feedback,9.768934,1786508455200,7,57,10.0,0.0,10.0,,2.17826247215271,0.734820544719696,4.5198235511779785,,
feedback,9.777398,1786508455208,7,57,10.0,0.0,10.0,,2.1496012210845947,0.6842148303985596,4.439896583557129,,
feedback,9.785517,1786508455217,7,57,10.0,0.0,10.0,,2.095217227935791,0.6880398988723755,4.157684326171875,,
feedback,9.793745,1786508455226,7,57,10.0,0.0,10.0,,2.0140485763549805,0.660239577293396,4.176641464233398,,
feedback,9.801324,1786508455234,7,57,10.0,0.0,10.0,,2.1081695556640625,0.7296550869941711,4.292932987213135,,
feedback,9.809387,1786508455243,7,57,10.0,0.0,10.0,,2.2501957416534424,0.7995136380195618,4.681346416473389,,
feedback,9.817607,1786508455251,7,57,10.0,0.0,10.0,,2.3951101303100586,0.8290709853172302,4.952517509460449,,
feedback,9.826300,1786508455260,7,57,10.0,0.0,10.0,,2.3603200912475586,0.8031945824623108,4.7910261154174805,,
feedback,9.834050,1786508455268,7,57,10.0,0.0,10.0,,2.3084278106689453,0.8376762866973877,4.756210803985596,,
feedback,9.842691,1786508455277,7,57,10.0,0.0,10.0,,1.9743715524673462,0.6944645047187805,4.375965118408203,,
feedback,9.851518,1786508455285,7,57,10.0,0.0,10.0,,1.9954391717910767,0.7286984324455261,4.593402862548828,,
feedback,9.861005,1786508455294,7,57,10.0,0.0,10.0,,2.0833635330200195,0.7588738203048706,4.75404691696167,,
feedback,9.867093,1786508455302,7,57,10.0,0.0,10.0,,2.1020448207855225,0.7606178522109985,4.474133014678955,,
feedback,9.875354,1786508455310,7,57,10.0,0.0,10.0,,2.065791606903076,0.768025815486908,4.3091630935668945,,
feedback,9.883748,1786508455314,7,57,10.0,0.0,10.0,,2.0515754222869873,0.8019194006919861,4.27664852142334,,
feedback,9.893127,1786508455323,7,57,10.0,0.0,10.0,,2.018455982208252,0.7568232417106628,4.274565696716309,,
feedback,9.900507,1786508455332,7,57,10.0,0.0,10.0,,2.0301969051361084,0.802593469619751,4.312562465667725,,
feedback,9.908495,1786508455341,7,57,10.0,0.0,10.0,,2.0688514709472656,0.8003454804420471,4.300903797149658,,
feedback,9.916697,1786508455349,7,57,10.0,0.0,10.0,,2.221034526824951,0.7888361811637878,4.650515556335449,,
feedback,9.924828,1786508455358,7,57,10.0,0.0,10.0,,2.362827777862549,0.8064003586769104,4.9052300453186035,,
feedback,9.933405,1786508455366,7,57,10.0,0.0,10.0,,2.262493371963501,0.778632640838623,4.654758930206299,,
feedback,9.941756,1786508455375,7,57,10.0,0.0,10.0,,2.2502634525299072,0.7657902240753174,4.6957926750183105,,
feedback,9.950131,1786508455383,7,57,10.0,0.0,10.0,,2.21211838722229,0.7534675598144531,4.439826965332031,,
feedback,9.958531,1786508455391,7,57,10.0,0.0,10.0,,2.089934825897217,0.8041285872459412,4.177257061004639,,
feedback,9.966858,1786508455400,7,57,10.0,0.0,10.0,,2.225236415863037,0.7825929522514343,4.440398693084717,,
feedback,9.977716,1786508455408,7,57,10.0,0.0,10.0,,2.174260139465332,0.8167670965194702,4.51776647567749,,
feedback,9.982826,1786508455417,7,57,10.0,0.0,10.0,,2.193453073501587,0.8544005155563354,4.427230358123779,,
feedback,9.991405,1786508455421,7,57,10.0,0.0,10.0,,2.1922967433929443,0.8198589086532593,4.486240863800049,,
feedback,9.999044,1786508455421,7,57,10.0,0.0,10.0,,2.1922967433929443,0.8198589086532593,4.486240863800049,,
feedback,10.007747,1786508455439,7,57,10.0,0.0,10.0,,1.9512003660202026,0.7949650287628174,4.44749116897583,,
feedback,10.015557,1786508455447,7,57,10.0,0.0,10.0,,1.9757272005081177,0.7983812093734741,4.3737311363220215,,
feedback,10.023315,1786508455456,7,57,10.0,0.0,10.0,,1.9474681615829468,0.7497817277908325,4.511687755584717,,
feedback,10.033868,1786508455464,7,57,10.0,0.0,10.0,,2.1483583450317383,0.8006833791732788,4.876121997833252,,
feedback,10.039764,1786508455473,7,57,10.0,0.0,10.0,,2.1696550846099854,0.8485385775566101,4.759117126464844,,
feedback,10.048156,1786508455481,7,57,10.0,0.0,10.0,,2.082695245742798,0.8175395727157593,4.744473457336426,,
feedback,10.056138,1786508455490,7,57,10.0,0.0,10.0,,2.034139633178711,0.8371448516845703,4.719059467315674,,
feedback,10.065073,1786508455498,7,57,10.0,0.0,10.0,,1.9273804426193237,0.7835803627967834,4.560360908508301,,
feedback,10.073055,1786508455507,7,57,10.0,0.0,10.0,,2.0038950443267822,0.8260505199432373,4.701537609100342,,
feedback,10.081056,1786508455515,7,57,10.0,0.0,10.0,,2.079525947570801,0.8272830843925476,4.780847072601318,,
feedback,10.088817,1786508455524,7,57,10.0,0.0,10.0,,1.9574092626571655,0.7990972399711609,4.560950756072998,,
feedback,10.097104,1786508455532,7,57,10.0,0.0,10.0,,1.9072270393371582,0.8396845459938049,4.39749813079834,,
feedback,10.106514,1786508455536,7,57,10.0,0.0,10.0,,1.9214227199554443,0.8464243412017822,4.317079067230225,,
feedback,10.114399,1786508455546,7,57,10.0,0.0,10.0,,1.9164328575134277,0.8420953154563904,4.217807769775391,,
feedback,10.121889,1786508455554,7,57,10.0,0.0,10.0,,1.8664040565490723,0.8330568671226501,4.262984752655029,,
feedback,10.130376,1786508455563,7,57,10.0,0.0,10.0,,1.8842107057571411,0.7950741648674011,4.217163562774658,,
feedback,10.138611,1786508455571,7,57,10.0,0.0,10.0,,2.156625509262085,0.7954683303833008,4.779216289520264,,
feedback,10.151737,1786508455579,7,57,10.0,0.0,10.0,,1.923449158668518,0.7757579684257507,4.362859725952148,,
feedback,10.154972,1786508455588,7,57,10.0,0.0,10.0,,1.773344874382019,0.6685959100723267,3.988396406173706,,
feedback,10.163054,1786508455596,7,57,10.0,0.0,10.0,,1.6967519521713257,0.6514295935630798,3.6705105304718018,,
feedback,10.171370,1786508455605,7,57,10.0,0.0,10.0,,1.5242602825164795,0.5876649022102356,3.3692476749420166,,
feedback,10.179504,1786508455613,7,57,10.0,0.0,10.0,,1.4673820734024048,0.5343765616416931,3.2628283500671387,,
feedback,10.187912,1786508455622,7,57,10.0,0.0,10.0,,1.6168206930160522,0.614902675151825,3.495750665664673,,
feedback,10.196725,1786508455626,7,57,10.0,0.0,10.0,,1.5847392082214355,0.5929422378540039,3.5790719985961914,,
feedback,10.204378,1786508455637,7,57,10.0,0.0,10.0,,1.4759631156921387,0.5419061779975891,3.251885175704956,,
feedback,10.212004,1786508455646,7,57,10.0,0.0,10.0,,1.3810135126113892,0.4691314399242401,3.048248052597046,,
feedback,10.221063,1786508455655,7,57,10.0,0.0,10.0,,1.2246863842010498,0.34570279717445374,2.7274017333984375,,
feedback,10.228980,1786508455663,7,57,10.0,0.0,10.0,,1.1666326522827148,0.29971155524253845,2.4051263332366943,,
feedback,10.236844,1786508455671,7,57,10.0,0.0,10.0,,1.0677311420440674,0.22602151334285736,2.1568009853363037,,
feedback,10.244449,1786508455680,7,57,10.0,0.0,10.0,,0.8783507347106934,0.179139643907547,1.8824719190597534,,
feedback,10.253589,1786508455684,7,57,10.0,0.0,10.0,,0.9187394380569458,0.13973863422870636,1.9353207349777222,,
feedback,10.262068,1786508455692,7,57,10.0,0.0,10.0,,0.9034426808357239,0.1393236517906189,1.8766952753067017,,
feedback,10.269564,1786508455701,7,57,10.0,0.0,10.0,,0.9468662738800049,0.13805703818798065,1.8214092254638672,,
feedback,10.278103,1786508455709,7,57,10.0,0.0,10.0,,1.0368765592575073,0.12431532889604568,2.0625829696655273,,
feedback,10.286399,1786508455717,7,57,10.0,0.0,10.0,,1.2372912168502808,0.20255149900913239,2.3044183254241943,,
feedback,10.294241,1786508455726,7,57,10.0,0.0,10.0,,1.4127848148345947,0.15495552122592926,2.585235357284546,,
feedback,10.303315,1786508455734,7,57,10.0,0.0,10.0,,1.6080211400985718,0.13721418380737305,3.123291492462158,,
feedback,10.312542,1786508455743,7,57,10.0,0.0,10.0,,1.6326189041137695,0.0698557049036026,3.165496587753296,,
feedback,10.319714,1786508455752,7,57,10.0,0.0,10.0,,1.6196022033691406,-0.018255509436130524,2.9900906085968018,,
feedback,10.328092,1786508455760,7,57,10.0,0.0,10.0,,1.5633331537246704,-0.11528418958187103,2.934668779373169,,
feedback,10.336176,1786508455769,7,57,10.0,0.0,10.0,,1.5892374515533447,-0.09953485429286957,2.7339529991149902,,
feedback,10.345261,1786508455777,7,57,10.0,0.0,10.0,,1.422712802886963,-0.18097905814647675,2.745299816131592,,
feedback,10.352796,1786508455786,7,57,10.0,0.0,10.0,,1.4219989776611328,-0.1656503528356552,2.734572172164917,,
feedback,10.360571,1786508455794,7,57,10.0,0.0,10.0,,1.3185607194900513,-0.18197490274906158,2.653980016708374,,
feedback,10.368574,1786508455802,7,57,10.0,0.0,10.0,,1.4237661361694336,-0.1773986518383026,2.729910373687744,,
feedback,10.376971,1786508455811,7,57,10.0,0.0,10.0,,1.4905768632888794,-0.12702560424804688,2.7401044368743896,,
feedback,10.385196,1786508455819,7,57,10.0,0.0,10.0,,1.5579674243927002,-0.1518326997756958,2.7233376502990723,,
feedback,10.393968,1786508455828,7,57,10.0,0.0,10.0,,1.5329993963241577,-0.1367591917514801,2.7808566093444824,,
feedback,10.402163,1786508455836,7,57,10.0,0.0,10.0,,1.545078992843628,-0.15164779126644135,2.7586328983306885,,
feedback,10.410138,1786508455844,7,57,10.0,0.0,10.0,,1.4567253589630127,-0.2569272518157959,2.4521095752716064,,
feedback,10.418659,1786508455853,7,57,10.0,0.0,10.0,,1.2877421379089355,-0.26129332184791565,2.0076911449432373,,
feedback,10.427760,1786508455861,7,57,10.0,0.0,10.0,,1.109878420829773,-0.2725924253463745,1.7817190885543823,,
feedback,10.434598,1786508455866,7,57,10.0,0.0,10.0,,1.0625784397125244,-0.30508628487586975,1.6473438739776611,,
feedback,10.443563,1786508455874,7,57,10.0,0.0,10.0,,0.9133044481277466,-0.33106663823127747,1.5047489404678345,,
feedback,10.451553,1786508455883,7,57,10.0,0.0,10.0,,0.9420034885406494,-0.3086019456386566,1.4481236934661865,,
feedback,10.459794,1786508455891,7,57,10.0,0.0,10.0,,0.9623865485191345,-0.28812214732170105,1.4460132122039795,,
feedback,10.468021,1786508455900,7,57,10.0,0.0,10.0,,0.8753741979598999,-0.2924782335758209,1.325010061264038,,
feedback,10.476289,1786508455908,7,57,10.0,0.0,10.0,,0.9735723733901978,-0.34112340211868286,1.417069911956787,,
feedback,10.487192,1786508455916,7,57,10.0,0.0,10.0,,1.0668222904205322,-0.4738348424434662,1.648158073425293,,
feedback,10.492473,1786508455925,7,57,10.0,0.0,10.0,,1.3051444292068481,-0.6126919388771057,1.9243950843811035,,
feedback,10.500492,1786508455929,7,57,10.0,0.0,10.0,,1.3795520067214966,-0.6657475829124451,1.9975346326828003,,
feedback,10.508716,1786508455942,7,57,10.0,0.0,10.0,,1.4858179092407227,-0.7053797841072083,2.2593181133270264,,
feedback,10.517269,1786508455951,7,57,10.0,0.0,10.0,,1.5839194059371948,-0.6469912528991699,2.170867443084717,,
feedback,10.524886,1786508455959,7,57,10.0,0.0,10.0,,1.4206445217132568,-0.6878796815872192,2.1229631900787354,,
feedback,10.533726,1786508455968,7,57,10.0,0.0,10.0,,1.4753477573394775,-0.6979472041130066,2.1012234687805176,,
feedback,10.541689,1786508455976,7,57,10.0,0.0,10.0,,1.5198224782943726,-0.7862222194671631,2.214952230453491,,
feedback,10.549879,1786508455984,7,57,10.0,0.0,10.0,,1.6745471954345703,-0.8102304935455322,2.271056652069092,,
feedback,10.558464,1786508455989,7,57,10.0,0.0,10.0,,1.5987333059310913,-0.8085618615150452,2.2755298614501953,,
feedback,10.565851,1786508455997,7,57,10.0,0.0,10.0,,1.541861653327942,-0.7272912859916687,2.0779240131378174,,
feedback,10.574793,1786508456006,7,57,10.0,0.0,10.0,,1.3547489643096924,-0.748811662197113,1.9222321510314941,,
feedback,10.600293,1786508456031,7,57,10.0,0.0,10.0,,1.335848331451416,-0.6973307728767395,2.0614500045776367,,
feedback,10.609903,1786508456041,7,57,10.0,0.0,10.0,,1.3755873441696167,-0.6652536392211914,2.153268575668335,,
feedback,10.616807,1786508456049,7,57,10.0,0.0,10.0,,1.3906508684158325,-0.6815991401672363,2.0485892295837402,,
feedback,10.625778,1786508456058,7,57,10.0,0.0,10.0,,1.299416184425354,-0.6983600854873657,1.8116406202316284,,
feedback,10.633945,1786508456066,7,57,10.0,0.0,10.0,,1.1885401010513306,-0.7513706684112549,1.7343477010726929,,
feedback,10.642832,1786508456075,7,57,10.0,0.0,10.0,,1.0796478986740112,-0.6926173567771912,1.313035488128662,,
feedback,10.650390,1786508456083,7,57,10.0,0.0,10.0,,0.8481901288032532,-0.6245851516723633,1.014380931854248,,
feedback,10.661557,1786508456092,7,57,10.0,0.0,10.0,,0.7809045910835266,-0.5900513529777527,1.0213044881820679,,
feedback,10.666078,1786508456100,7,57,10.0,0.0,10.0,,0.7908578515052795,-0.550601601600647,1.0001369714736938,,
feedback,10.674699,1786508456109,7,57,10.0,0.0,10.0,,0.7832815051078796,-0.5885252952575684,0.9504624605178833,,
feedback,10.683170,1786508456117,7,57,10.0,0.0,10.0,,0.6735495328903198,-0.5872071981430054,0.8527103066444397,,
feedback,10.691708,1786508456126,7,57,10.0,0.0,10.0,,0.7423286437988281,-0.6186002492904663,0.8241043090820312,,
feedback,10.699454,1786508456134,7,57,10.0,0.0,10.0,,0.8279880881309509,-0.7546569108963013,0.9004722833633423,,
feedback,10.708494,1786508456138,7,57,10.0,0.0,10.0,,0.8958316445350647,-0.8805038332939148,0.9460886120796204,,
feedback,10.716764,1786508456147,7,57,10.0,0.0,10.0,,1.0084153413772583,-0.9393842220306396,1.1275761127471924,,
feedback,10.724459,1786508456155,7,57,10.0,0.0,10.0,,1.0171258449554443,-0.9390301704406738,1.0626987218856812,,
feedback,10.732486,1786508456163,7,57,10.0,0.0,10.0,,1.0167275667190552,-0.9532241225242615,1.0772764682769775,,
feedback,10.741246,1786508456172,7,57,10.0,0.0,10.0,,1.047815203666687,-0.9117565155029297,1.092902660369873,,
feedback,10.748558,1786508456180,7,57,10.0,0.0,10.0,,0.970299243927002,-0.9571502208709717,1.0856330394744873,,
feedback,10.756686,1786508456189,7,57,10.0,0.0,10.0,,1.042511224746704,-0.9914012551307678,1.031105399131775,,
feedback,10.764963,1786508456197,7,57,10.0,0.0,10.0,,1.1844062805175781,-1.1291230916976929,1.324012279510498,,
feedback,10.773197,1786508456206,7,57,10.0,0.0,10.0,,1.3213578462600708,-1.230847954750061,1.4456093311309814,,
feedback,10.781302,1786508456214,7,57,10.0,0.0,10.0,,1.3935046195983887,-1.2785890102386475,1.5139235258102417,,
feedback,10.789590,1786508456222,7,57,10.0,0.0,10.0,,1.3491849899291992,-1.2773420810699463,1.5521241426467896,,
feedback,10.797612,1786508456231,7,57,10.0,0.0,10.0,,1.4186004400253296,-1.2833375930786133,1.7315207719802856,,
feedback,10.806120,1786508456239,7,57,10.0,0.0,10.0,,1.483607530593872,-1.2277687788009644,1.7224130630493164,,
feedback,10.814387,1786508456248,7,57,10.0,0.0,10.0,,1.3959524631500244,-1.170447826385498,1.689026117324829,,
feedback,10.822207,1786508456256,7,57,10.0,0.0,10.0,,1.2805142402648926,-1.1147538423538208,1.556936264038086,,
feedback,10.833440,1786508456264,7,57,10.0,0.0,10.0,,1.1301947832107544,-0.9974269866943359,1.3489530086517334,,
feedback,10.838143,1786508456273,7,57,10.0,0.0,10.0,,1.0891952514648438,-0.9691032767295837,1.241349220275879,,
feedback,10.846692,1786508456281,7,57,10.0,0.0,10.0,,0.9866233468055725,-0.9850397109985352,1.2037793397903442,,
feedback,10.854982,1786508456285,7,57,10.0,0.0,10.0,,1.029907464981079,-0.9561269283294678,1.1476331949234009,,
feedback,10.862932,1786508456294,7,57,10.0,0.0,10.0,,1.0044461488723755,-0.9837397933006287,1.159051537513733,,
feedback,10.871612,1786508456302,7,57,10.0,0.0,10.0,,0.9915171265602112,-0.9831324815750122,1.081742525100708,,
feedback,10.880175,1786508456311,7,57,10.0,0.0,10.0,,0.9848920106887817,-1.0406850576400757,1.1436662673950195,,
feedback,10.890094,1786508456319,7,57,10.0,0.0,10.0,,1.087770938873291,-1.1744177341461182,1.2081794738769531,,
feedback,10.895239,1786508456327,7,57,10.0,0.0,10.0,,0.9982126951217651,-1.135217547416687,1.0244406461715698,,
feedback,10.903985,1786508456336,7,57,10.0,0.0,10.0,,0.9005383253097534,-1.0428756475448608,0.7676540017127991,,
feedback,10.912233,1786508456344,7,57,10.0,0.0,10.0,,0.7480369806289673,-0.9842492341995239,0.6579628586769104,,
feedback,10.919928,1786508456353,7,57,10.0,0.0,10.0,,0.7144379615783691,-1.0312243700027466,0.6261817812919617,,
feedback,10.927945,1786508456361,7,57,10.0,0.0,10.0,,0.7096083760261536,-1.0100598335266113,0.638450562953949,,
feedback,10.936049,1786508456369,7,57,10.0,0.0,10.0,,0.680149495601654,-1.032764196395874,0.5876392722129822,,
feedback,10.944787,1786508456378,7,57,10.0,0.0,10.0,,0.7498052716255188,-1.1126763820648193,0.6465362906455994,,
feedback,10.952576,1786508456386,7,57,10.0,0.0,10.0,,0.8186451196670532,-1.2617794275283813,0.7374744415283203,,
feedback,10.961275,1786508456395,7,57,10.0,0.0,10.0,,0.9346908330917358,-1.472203254699707,0.7716216444969177,,
feedback,10.970240,1786508456403,7,57,10.0,0.0,10.0,,1.0865947008132935,-1.7346489429473877,0.843538224697113,,
feedback,10.977766,1786508456411,7,57,10.0,0.0,10.0,,1.1894608736038208,-1.8858435153961182,1.0193190574645996,,
feedback,10.985600,1786508456420,7,57,10.0,0.0,10.0,,1.2696702480316162,-1.9166948795318604,1.1178905963897705,,
feedback,10.993921,1786508456424,7,57,10.0,0.0,10.0,,1.2555463314056396,-1.8530511856079102,1.0653399229049683,,
feedback,11.002246,1786508456433,7,57,10.0,0.0,10.0,,1.2656923532485962,-1.8895444869995117,1.1108222007751465,,
feedback,11.010454,1786508456441,7,57,10.0,0.0,10.0,,1.2151622772216797,-1.9015706777572632,1.0489792823791504,,
feedback,11.018791,1786508456450,7,57,10.0,0.0,10.0,,1.3127787113189697,-2.0153262615203857,1.16454017162323,,
feedback,11.026564,1786508456458,7,57,10.0,0.0,10.0,,1.40576171875,-2.062140941619873,1.152437448501587,,
feedback,11.034859,1786508456467,7,57,10.0,0.0,10.0,,1.4257267713546753,-2.14571475982666,1.2254626750946045,,
feedback,11.045434,1786508456475,7,57,10.0,0.0,10.0,,1.3704264163970947,-2.047532320022583,1.0897696018218994,,
feedback,11.053238,1786508456484,7,57,10.0,0.0,10.0,,1.3441082239151,-1.9103257656097412,0.9806148409843445,,
feedback,11.060602,1786508456492,7,57,10.0,0.0,10.0,,1.2647842168807983,-1.814945936203003,0.9322327375411987,,
feedback,11.068360,1786508456500,7,57,10.0,0.0,10.0,,1.2355347871780396,-1.7966794967651367,0.956472635269165,,
feedback,11.077001,1786508456509,7,57,10.0,0.0,10.0,,1.1935986280441284,-1.9215607643127441,0.8325506448745728,,
feedback,11.084903,1786508456517,7,57,10.0,0.0,10.0,,1.2078795433044434,-1.861179232597351,0.9279972910881042,,
feedback,11.092917,1786508456526,7,57,10.0,0.0,10.0,,1.273268699645996,-1.9957584142684937,0.9121077656745911,,
feedback,11.101363,1786508456534,7,57,10.0,0.0,10.0,,1.2134349346160889,-2.0074715614318848,0.844733715057373,,
feedback,11.108966,1786508456542,7,57,10.0,0.0,10.0,,1.1724985837936401,-1.8696894645690918,0.6793144345283508,,
feedback,11.117016,1786508456551,7,57,10.0,0.0,10.0,,1.0869622230529785,-1.7684177160263062,0.5128085613250732,,
feedback,11.125262,1786508456559,7,57,10.0,0.0,10.0,,1.006389856338501,-1.6040838956832886,0.4055175185203552,,
feedback,11.133303,1786508456568,7,57,10.0,0.0,10.0,,1.014198660850525,-1.5226305723190308,0.4219379127025604,,
feedback,11.142092,1786508456576,7,57,10.0,0.0,10.0,,1.001072645187378,-1.5348178148269653,0.463005006313324,,
feedback,11.149562,1786508456584,7,57,10.0,0.0,10.0,,1.0808837413787842,-1.501029133796692,0.3945436179637909,,
feedback,11.157873,1786508456589,7,57,10.0,0.0,10.0,,1.0737558603286743,-1.5271894931793213,0.40209269523620605,,
feedback,11.166181,1786508456597,7,57,10.0,0.0,10.0,,1.1255415678024292,-1.7760586738586426,0.4530465304851532,,
feedback,11.174947,1786508456606,7,57,10.0,0.0,10.0,,1.1827210187911987,-2.0775630474090576,0.4884083867073059,,
feedback,11.182178,1786508456614,7,57,10.0,0.0,10.0,,1.3067275285720825,-2.3843348026275635,0.4272701144218445,,
feedback,11.191114,1786508456623,7,57,10.0,0.0,10.0,,1.4105608463287354,-2.7130374908447266,0.39695605635643005,,
feedback,11.199258,1786508456631,7,57,10.0,0.0,10.0,,1.4887031316757202,-2.9067916870117188,0.4072241187095642,,
feedback,11.207194,1786508456639,7,57,10.0,0.0,10.0,,1.532967209815979,-2.959317207336426,0.49475526809692383,,
feedback,11.215228,1786508456648,7,57,10.0,0.0,10.0,,1.4497005939483643,-2.9529473781585693,0.5431600213050842,,
feedback,11.223447,1786508456656,7,57,10.0,0.0,10.0,,1.4392856359481812,-2.907203435897827,0.551965594291687,,
feedback,11.231240,1786508456665,7,57,10.0,0.0,10.0,,1.5046321153640747,-2.7909374237060547,0.49552541971206665,,
feedback,11.239868,1786508456673,7,57,10.0,0.0,10.0,,1.4612257480621338,-2.6212217807769775,0.5158945322036743,,
feedback,11.247417,1786508456681,7,57,10.0,0.0,10.0,,1.445144772529602,-2.563847303390503,0.5544126033782959,,
feedback,11.256080,1786508456690,7,57,10.0,0.0,10.0,,1.3929517269134521,-2.505916118621826,0.4894731342792511,,
feedback,11.264587,1786508456698,7,57,10.0,0.0,10.0,,1.3941375017166138,-2.4882140159606934,0.5755961537361145,,
feedback,11.272424,1786508456707,7,57,10.0,0.0,10.0,,1.4007841348648071,-2.5206592082977295,0.5331634879112244,,
feedback,11.281145,1786508456715,7,57,10.0,0.0,10.0,,1.3973190784454346,-2.576305627822876,0.5009172558784485,,
feedback,11.290276,1786508456723,7,57,10.0,0.0,10.0,,1.5188051462173462,-2.788208484649658,0.7185349464416504,,
feedback,11.296853,1786508456732,7,57,10.0,0.0,10.0,,1.577032446861267,-2.7590649127960205,0.7336843609809875,,
feedback,11.304825,1786508456736,7,57,10.0,0.0,10.0,,1.5522418022155762,-2.748760938644409,0.5771037936210632,,
feedback,11.313751,1786508456745,7,57,10.0,0.0,10.0,,1.3240896463394165,-2.5544567108154297,0.46802255511283875,,
feedback,11.321305,1786508456753,7,57,10.0,0.0,10.0,,1.2163779735565186,-2.337080955505371,0.31331968307495117,,
feedback,11.329516,1786508456762,7,57,10.0,0.0,10.0,,1.0330873727798462,-2.107358694076538,0.20708167552947998,,
feedback,11.337832,1786508456770,7,57,10.0,0.0,10.0,,0.9327176213264465,-2.0565998554229736,0.20078711211681366,,
feedback,11.345998,1786508456778,7,57,10.0,0.0,10.0,,1.0070850849151611,-2.0566840171813965,0.2038552463054657,,
feedback,11.354025,1786508456787,7,57,10.0,0.0,10.0,,1.0654888153076172,-2.1880176067352295,0.22712896764278412,,
feedback,11.362356,1786508456795,7,57,10.0,0.0,10.0,,1.0609062910079956,-2.405337333679199,0.07206358760595322,,
feedback,11.370397,1786508456804,7,57,10.0,0.0,10.0,,1.1077799797058105,-2.6257917881011963,0.08443929255008698,,
feedback,11.378776,1786508456812,7,57,10.0,0.0,10.0,,1.259109377861023,-2.9299769401550293,0.0750957578420639,,
feedback,11.387047,1786508456821,7,57,10.0,0.0,10.0,,1.3175935745239258,-3.155885696411133,0.015952536836266518,,
feedback,11.395220,1786508456829,7,57,10.0,0.0,10.0,,1.331368327140808,-3.539306402206421,-0.03544440120458603,,
feedback,11.403530,1786508456837,7,57,10.0,0.0,10.0,,1.4773329496383667,-3.712157964706421,-0.050047196447849274,,
feedback,11.411883,1786508456846,7,57,10.0,0.0,10.0,,1.4990030527114868,-3.6217687129974365,-0.09648213535547256,,
feedback,11.420097,1786508456854,7,57,10.0,0.0,10.0,,1.4665592908859253,-3.4763267040252686,-0.1497960388660431,,
feedback,11.428300,1786508456862,7,57,10.0,0.0,10.0,,1.4749070405960083,-3.4336509704589844,-0.09675230830907822,,
feedback,11.436655,1786508456871,7,57,10.0,0.0,10.0,,1.5279122591018677,-3.3915441036224365,-0.12169473618268967,,
feedback,11.444354,1786508456879,7,57,10.0,0.0,10.0,,1.4734941720962524,-3.282839775085449,-0.0933379977941513,,
feedback,11.453150,1786508456888,7,57,10.0,0.0,10.0,,1.483506679534912,-3.328608274459839,-0.10138050466775894,,
feedback,11.461710,1786508456892,7,57,10.0,0.0,10.0,,1.4621531963348389,-3.2992539405822754,-0.13077561557292938,,
feedback,11.469693,1786508456900,7,57,10.0,0.0,10.0,,1.4034080505371094,-3.328507423400879,-0.13201147317886353,,
feedback,11.476916,1786508456909,7,57,10.0,0.0,10.0,,1.531126618385315,-3.370608329772949,-0.14956222474575043,,
feedback,11.485564,1786508456917,7,57,10.0,0.0,10.0,,1.5714036226272583,-3.588207244873047,-0.06176051124930382,,
feedback,11.493357,1786508456925,7,57,10.0,0.0,10.0,,1.5574951171875,-3.546558141708374,-0.0769365131855011,,
feedback,11.501769,1786508456934,7,57,10.0,0.0,10.0,,1.4974689483642578,-3.3957080841064453,-0.09894614666700363,,
feedback,11.510157,1786508456942,7,57,10.0,0.0,10.0,,1.395181655883789,-3.1695871353149414,-0.16344907879829407,,
feedback,11.518896,1786508456951,7,57,10.0,0.0,10.0,,1.3312221765518188,-3.0422120094299316,-0.06347735971212387,,
feedback,11.526957,1786508456959,7,57,10.0,0.0,10.0,,1.1313214302062988,-2.7544667720794678,-0.06347444653511047,,
feedback,11.534525,1786508456967,7,57,10.0,0.0,10.0,,1.1093823909759521,-2.468526601791382,-0.09698668122291565,,
feedback,11.542555,1786508456976,7,57,10.0,0.0,10.0,,1.0246834754943848,-2.466097354888916,-0.054359354078769684,,
feedback,11.550582,1786508456984,7,57,10.0,0.0,10.0,,1.0784924030303955,-2.621912956237793,-0.01886143535375595,,
feedback,11.558992,1786508456993,7,57,10.0,0.0,10.0,,1.1030455827713013,-2.834282636642456,-0.07611805945634842,,
feedback,11.566778,1786508457002,7,57,10.0,0.0,10.0,,1.2450759410858154,-3.146529197692871,-0.06779263913631439,,
feedback,11.575793,1786508457010,7,57,10.0,0.0,10.0,,1.3887763023376465,-3.434906005859375,-0.03637942671775818,,
feedback,11.583536,1786508457018,7,57,10.0,0.0,10.0,,1.4201689958572388,-3.6247668266296387,-0.06852070242166519,,
feedback,11.591973,1786508457023,7,57,10.0,0.0,10.0,,1.4973125457763672,-3.6968517303466797,-0.07936753332614899,,
feedback,11.601530,1786508457031,7,57,10.0,0.0,10.0,,1.5246963500976562,-3.6778666973114014,-0.0791654884815216,,
feedback,11.608276,1786508457039,7,57,10.0,0.0,10.0,,1.490381121635437,-3.675994634628296,-0.06579850614070892,,
feedback,11.615988,1786508457048,7,57,10.0,0.0,10.0,,1.5734851360321045,-3.772780179977417,-0.015736982226371765,,
feedback,11.625659,1786508457057,7,57,10.0,0.0,10.0,,1.6598352193832397,-4.01133394241333,-0.04131704941391945,,
feedback,11.633213,1786508457065,7,57,10.0,0.0,10.0,,1.7041438817977905,-4.145614147186279,-0.08260148763656616,,
feedback,11.641902,1786508457074,7,57,10.0,0.0,10.0,,1.7468973398208618,-4.245141506195068,-0.08410732448101044,,
feedback,11.649566,1786508457083,7,57,10.0,0.0,10.0,,1.8610895872116089,-4.362664699554443,-0.16652333736419678,,
feedback,11.657667,1786508457091,7,57,10.0,0.0,10.0,,1.856018304824829,-4.401646614074707,-0.07606861740350723,,
feedback,11.666001,1786508457100,7,57,10.0,0.0,10.0,,1.9354313611984253,-4.389840602874756,-0.09749716520309448,,
feedback,11.675279,1786508457108,7,57,10.0,0.0,10.0,,1.9595695734024048,-4.734770774841309,-0.12068352848291397,,
feedback,11.682359,1786508457116,7,57,10.0,0.0,10.0,,2.0145750045776367,-4.826766014099121,-0.17175066471099854,,
feedback,11.690729,1786508457125,7,57,10.0,0.0,10.0,,1.9771034717559814,-4.911380767822266,-0.06796495616436005,,
feedback,11.699474,1786508457133,7,57,10.0,0.0,10.0,,2.0277371406555176,-4.937807559967041,-0.020494315773248672,,
feedback,11.707456,1786508457142,7,57,10.0,0.0,10.0,,2.068840742111206,-4.903921604156494,-0.09062481671571732,,
feedback,11.715495,1786508457150,7,57,10.0,0.0,10.0,,1.9922664165496826,-4.8845367431640625,-0.059337764978408813,,
feedback,11.726678,1786508457158,7,57,10.0,0.0,10.0,,2.026933431625366,-4.739717483520508,-0.09171400964260101,,
feedback,11.731819,1786508457167,7,57,10.0,0.0,10.0,,1.9081894159317017,-4.690856456756592,-0.10388778150081635,,
feedback,11.739960,1786508457175,7,57,10.0,0.0,10.0,,1.9059138298034668,-4.614110469818115,-0.07179345190525055,,
feedback,11.748434,1786508457179,7,57,10.0,0.0,10.0,,1.889816164970398,-4.584880352020264,-0.06663370132446289,,
feedback,11.756901,1786508457188,7,57,10.0,0.0,10.0,,1.8983368873596191,-4.512462139129639,-0.09310059249401093,,
feedback,11.765095,1786508457196,7,57,10.0,0.0,10.0,,1.8218662738800049,-4.380380153656006,-0.09615816920995712,,
feedback,11.773497,1786508457205,7,57,10.0,0.0,10.0,,1.8717153072357178,-4.437522888183594,-0.044283051043748856,,
feedback,11.781432,1786508457213,7,57,10.0,0.0,10.0,,1.7973674535751343,-4.198056221008301,-0.13752157986164093,,
feedback,11.789597,1786508457222,7,57,10.0,0.0,10.0,,1.800336241722107,-4.431062698364258,-0.026968708261847496,,
feedback,11.798480,1786508457230,7,57,10.0,0.0,10.0,,1.8279211521148682,-4.4986891746521,-0.06763505190610886,,
feedback,11.805832,1786508457238,7,57,10.0,0.0,10.0,,1.8623566627502441,-4.70192813873291,-0.07907239347696304,,
feedback,11.814138,1786508457247,7,57,10.0,0.0,10.0,,1.9056775569915771,-4.849623203277588,-0.009471681900322437,,
feedback,11.822385,1786508457255,7,57,10.0,0.0,10.0,,1.8628278970718384,-4.714562892913818,-0.06509030610322952,,
feedback,11.830569,1786508457264,7,57,10.0,0.0,10.0,,1.8888827562332153,-4.896036624908447,-0.09911561012268066,,
feedback,11.839103,1786508457272,7,57,10.0,0.0,10.0,,1.9128952026367188,-4.857086181640625,-0.014308405108749866,,
feedback,11.851598,1786508457281,7,57,10.0,0.0,10.0,,1.9242936372756958,-4.788565158843994,-0.1600586175918579,,
feedback,11.854692,1786508457289,7,57,10.0,0.0,10.0,,1.646389126777649,-4.787530422210693,0.03761319816112518,,
feedback,11.862821,1786508457298,7,57,10.0,0.0,10.0,,1.748077392578125,-4.569849967956543,-0.09168433398008347,,
feedback,11.871211,1786508457306,7,57,10.0,0.0,10.0,,1.7703096866607666,-4.52880334854126,-0.04374810680747032,,
feedback,11.879848,1786508457314,7,57,10.0,0.0,10.0,,1.7993247509002686,-4.473084926605225,-0.025201747193932533,,
feedback,11.888023,1786508457319,7,57,10.0,0.0,10.0,,1.8502367734909058,-4.473429203033447,-0.03222176060080528,,
feedback,11.895966,1786508457327,7,57,10.0,0.0,10.0,,1.8069614171981812,-4.630791664123535,-0.006947179324924946,,
feedback,11.904480,1786508457335,7,57,10.0,0.0,10.0,,1.850175142288208,-4.603428840637207,-0.05581889674067497,,
feedback,11.915972,1786508457344,7,57,10.0,0.0,10.0,,1.9299750328063965,-4.572865009307861,-0.0460093691945076,,
feedback,11.920787,1786508457352,7,57,10.0,0.0,10.0,,1.985304832458496,-4.882724761962891,-0.08593016117811203,,
feedback,11.928757,1786508457361,7,57,10.0,0.0,10.0,,1.922151803970337,-4.907216548919678,-0.10051474720239639,,
feedback,11.936895,1786508457369,7,57,10.0,0.0,10.0,,1.977117896080017,-4.9136962890625,-0.10746307671070099,,
feedback,11.945063,1786508457378,7,57,10.0,0.0,10.0,,1.9621293544769287,-4.963918209075928,-0.08264940977096558,,
feedback,11.953676,1786508457386,7,57,10.0,0.0,10.0,,1.965780258178711,-4.956099033355713,-0.08301747590303421,,
feedback,11.960777,1786508457394,7,57,10.0,0.0,10.0,,1.96554696559906,-4.850393772125244,-0.14279264211654663,,
feedback,11.969158,1786508457403,7,57,10.0,0.0,10.0,,1.9558074474334717,-4.826844692230225,-0.11103786528110504,,
feedback,11.977389,1786508457411,7,57,10.0,0.0,10.0,,1.9854439496994019,-4.808557033538818,-0.1016312837600708,,
feedback,11.985497,1786508457420,7,57,10.0,0.0,10.0,,1.920607089996338,-4.5464863777160645,-0.03884061798453331,,
feedback,11.993967,1786508457428,7,57,10.0,0.0,10.0,,1.9704967737197876,-4.564310073852539,-0.14419132471084595,,
feedback,12.002448,1786508457436,7,57,10.0,0.0,10.0,,1.9145268201828003,-4.559247970581055,-0.12093593925237656,,
feedback,12.011006,1786508457445,7,57,10.0,0.0,10.0,,1.9064489603042603,-4.48371696472168,-0.08716130256652832,,
feedback,12.018237,1786508457453,7,57,10.0,0.0,10.0,,1.9307641983032227,-4.592083930969238,-0.05800613388419151,,
feedback,12.026421,1786508457458,7,57,10.0,0.0,10.0,,1.9551074504852295,-4.6042375564575195,-0.05209905281662941,,
feedback,12.038090,1786508457466,7,57,10.0,0.0,10.0,,1.9094517230987549,-4.63084077835083,-0.031046299263834953,,
feedback,12.042943,1786508457475,7,57,10.0,0.0,10.0,,1.9436793327331543,-4.613590717315674,-0.08940466493368149,,
feedback,12.051193,1786508457483,7,57,10.0,0.0,10.0,,1.9560436010360718,-4.544044494628906,-0.07725051045417786,,
feedback,12.059122,1786508457491,7,57,10.0,0.0,10.0,,1.8690170049667358,-4.497672080993652,-0.08993179351091385,,
feedback,12.067391,1786508457500,7,57,10.0,0.0,10.0,,1.9500046968460083,-4.570057392120361,-0.06291301548480988,,
feedback,12.076242,1786508457508,7,57,10.0,0.0,10.0,,1.9451119899749756,-4.728430271148682,-0.010162726044654846,,
feedback,12.083767,1786508457517,7,57,10.0,0.0,10.0,,1.9395092725753784,-4.693994998931885,-0.10006844252347946,,
feedback,12.092539,1786508457525,7,57,10.0,0.0,10.0,,1.890197515487671,-4.726382732391357,-0.004190558567643166,,
feedback,12.099938,1786508457533,7,57,10.0,0.0,10.0,,1.8755241632461548,-4.462280750274658,0.001478921389207244,,
feedback,12.108868,1786508457542,7,57,10.0,0.0,10.0,,1.919090747833252,-4.393162250518799,0.06278613209724426,,
feedback,12.116553,1786508457550,7,57,10.0,0.0,10.0,,1.9162635803222656,-4.440829277038574,0.09847957640886307,,
feedback,12.125883,1786508457559,7,57,10.0,0.0,10.0,,1.9507678747177124,-4.431248664855957,-0.061888352036476135,,
feedback,12.132986,1786508457567,7,57,10.0,0.0,10.0,,1.893811583518982,-4.406126499176025,-0.11506965756416321,,
feedback,12.141843,1786508457576,7,57,10.0,0.0,10.0,,1.9039908647537231,-4.467108249664307,-0.10706569999456406,,
feedback,12.149565,1786508457584,7,57,10.0,0.0,10.0,,1.9143434762954712,-4.4674072265625,-0.030238915234804153,,
feedback,12.158279,1786508457592,7,57,10.0,0.0,10.0,,2.0037832260131836,-4.703884124755859,-0.10342513769865036,,
feedback,12.165612,1786508457597,7,57,10.0,0.0,10.0,,2.0457141399383545,-4.7812371253967285,-0.13355985283851624,,
feedback,12.174170,1786508457605,7,57,10.0,0.0,10.0,,2.1154603958129883,-4.746914386749268,-0.11829909682273865,,
feedback,12.182276,1786508457613,7,57,10.0,0.0,10.0,,2.2104530334472656,-4.752120494842529,-0.22776684165000916,,
feedback,12.190513,1786508457622,7,57,10.0,0.0,10.0,,2.2309391498565674,-4.813436031341553,-0.17766235768795013,,
feedback,12.198845,1786508457630,7,57,10.0,0.0,10.0,,2.133571147918701,-4.7296905517578125,-0.1331220269203186,,
feedback,12.207506,1786508457639,7,57,10.0,0.0,10.0,,2.053546905517578,-4.845064163208008,-0.06410174071788788,,
feedback,12.215667,1786508457647,7,57,10.0,0.0,10.0,,2.0886495113372803,-4.859415054321289,-0.08929567784070969,,
feedback,12.224275,1786508457656,7,57,10.0,0.0,10.0,,2.062910318374634,-4.663289546966553,-0.13763383030891418,,
feedback,12.231213,1786508457664,7,57,10.0,0.0,10.0,,1.998538613319397,-4.596911907196045,-0.08200821280479431,,
feedback,12.239290,1786508457673,7,57,10.0,0.0,10.0,,1.9582512378692627,-4.5925750732421875,-0.16865551471710205,,
feedback,12.248037,1786508457681,7,57,10.0,0.0,10.0,,1.993380069732666,-4.522720813751221,-0.12150058895349503,,
feedback,12.255873,1786508457690,7,57,10.0,0.0,10.0,,1.96200430393219,-4.589741230010986,-0.08754275739192963,,
feedback,12.263949,1786508457698,7,57,10.0,0.0,10.0,,1.9382359981536865,-4.7190375328063965,-0.12756672501564026,,
feedback,12.273154,1786508457706,7,57,10.0,0.0,10.0,,1.9455593824386597,-4.798436164855957,-0.11459417641162872,,
feedback,12.281323,1786508457715,7,57,10.0,0.0,10.0,,2.027738094329834,-4.932422637939453,-0.1336076855659485,,
feedback,12.288680,1786508457723,7,57,10.0,0.0,10.0,,1.9683058261871338,-5.030197620391846,-0.10360284894704819,,
feedback,12.297401,1786508457732,7,57,10.0,0.0,10.0,,1.9924979209899902,-5.039112567901611,-0.02454410120844841,,
feedback,12.305313,1786508457740,7,57,10.0,0.0,10.0,,2.02738881111145,-4.931689739227295,-0.01535776723176241,,
feedback,12.314499,1786508457749,7,57,10.0,0.0,10.0,,2.0148532390594482,-4.759011268615723,-0.14884480834007263,,
feedback,12.322097,1786508457753,7,57,10.0,0.0,10.0,,2.076387643814087,-4.808650493621826,-0.1718432605266571,,
feedback,12.330321,1786508457761,7,57,10.0,0.0,10.0,,2.0179271697998047,-4.675384044647217,-0.10901521146297455,,
feedback,12.338520,1786508457770,7,57,10.0,0.0,10.0,,1.9756861925125122,-4.549659729003906,-0.16852563619613647,,
feedback,12.350011,1786508457778,7,57,10.0,0.0,10.0,,1.9244356155395508,-4.339664936065674,-0.1011214554309845,,
feedback,12.354486,1786508457787,7,57,10.0,0.0,10.0,,1.9585840702056885,-4.388020992279053,-0.1532224416732788,,
feedback,12.362894,1786508457795,7,57,10.0,0.0,10.0,,1.9786938428878784,-4.309802532196045,-0.10771969705820084,,
feedback,12.370915,1786508457804,7,57,10.0,0.0,10.0,,1.9575403928756714,-4.325023651123047,-0.11968360841274261,,
feedback,12.379321,1786508457812,7,57,10.0,0.0,10.0,,1.955199956893921,-4.406453609466553,-0.09819455444812775,,
feedback,12.388003,1786508457820,7,57,10.0,0.0,10.0,,1.940421462059021,-4.540889739990234,-0.1881001740694046,,
feedback,12.396102,1786508457829,7,57,10.0,0.0,10.0,,1.9946407079696655,-4.710620403289795,-0.1159910336136818,,
feedback,12.404492,1786508457837,7,57,10.0,0.0,10.0,,2.0091936588287354,-4.791730880737305,-0.12170913070440292,,
feedback,12.412632,1786508457846,7,57,10.0,0.0,10.0,,2.0036113262176514,-4.719484806060791,-0.016059355810284615,,
feedback,12.420234,1786508457854,7,57,10.0,0.0,10.0,,1.9197839498519897,-4.740177631378174,-0.09341461211442947,,
feedback,12.428709,1786508457862,7,57,10.0,0.0,10.0,,1.963136076927185,-4.807641506195068,-0.15307365357875824,,
feedback,12.437226,1786508457871,7,57,10.0,0.0,10.0,,2.007256507873535,-4.706548690795898,-0.11595068126916885,,
feedback,12.445086,1786508457879,7,57,10.0,0.0,10.0,,1.9681578874588013,-4.7025556564331055,-0.07968613505363464,,
feedback,12.453571,1786508457887,7,57,10.0,0.0,10.0,,1.9591588973999023,-4.4863200187683105,-0.10618085414171219,,
feedback,12.461169,1786508457896,7,57,10.0,0.0,10.0,,1.900759220123291,-4.39389705657959,-0.06420860439538956,,
feedback,12.469727,1786508457904,7,57,10.0,0.0,10.0,,1.8382805585861206,-4.308089733123779,-0.07748575508594513,,
feedback,12.477331,1786508457909,7,57,10.0,0.0,10.0,,1.8616251945495605,-4.391833782196045,-0.10082994401454926,,
feedback,12.485482,1786508457917,7,57,10.0,0.0,10.0,,1.91439688205719,-4.409457683563232,-0.052708037197589874,,
feedback,12.493798,1786508457926,7,57,10.0,0.0,10.0,,1.886688232421875,-4.461153030395508,-0.11059224605560303,,
feedback,12.502514,1786508457934,7,57,10.0,0.0,10.0,,1.9416407346725464,-4.731502532958984,-0.08097844570875168,,
feedback,12.510756,1786508457943,7,57,10.0,0.0,10.0,,1.9642888307571411,-4.749703884124756,-0.12940071523189545,,
feedback,12.518495,1786508457951,7,57,10.0,0.0,10.0,,1.9569735527038574,-4.869821548461914,-0.11045859754085541,,
feedback,12.527045,1786508457959,7,57,10.0,0.0,10.0,,1.9922751188278198,-4.9089555740356445,-0.07550159841775894,,
feedback,12.535421,1786508457968,7,57,10.0,0.0,10.0,,1.9302349090576172,-4.934658527374268,-0.05862642452120781,,
feedback,12.543110,1786508457976,7,57,10.0,0.0,10.0,,1.8698408603668213,-4.945987701416016,-0.03577427938580513,,
feedback,12.551040,1786508457985,7,57,10.0,0.0,10.0,,1.9239169359207153,-4.885544776916504,-0.052300866693258286,,
feedback,12.559604,1786508457993,7,57,10.0,0.0,10.0,,1.9020148515701294,-4.775301456451416,-0.1019289568066597,,
feedback,12.567612,1786508458001,7,57,10.0,0.0,10.0,,1.9077500104904175,-4.596786022186279,-0.1166008859872818,,
feedback,12.575519,1786508458010,7,57,10.0,0.0,10.0,,1.9006577730178833,-4.558696746826172,-0.07947175204753876,,
feedback,12.583656,1786508458018,7,57,10.0,0.0,10.0,,1.8555233478546143,-4.527932167053223,-0.043754104524850845,,
feedback,12.592285,1786508458027,7,57,10.0,0.0,10.0,,1.8245147466659546,-4.508894443511963,-0.09129630029201508,,
feedback,12.599940,1786508458031,7,57,10.0,0.0,10.0,,1.8740551471710205,-4.6502790451049805,-0.0756855458021164,,
feedback,12.608233,1786508458039,7,57,10.0,0.0,10.0,,1.9050402641296387,-4.660991668701172,-0.042365655303001404,,
feedback,12.616639,1786508458048,7,57,10.0,0.0,10.0,,1.9015672206878662,-4.710806369781494,-0.09436114132404327,,
feedback,12.624888,1786508458056,7,57,10.0,0.0,10.0,,1.9192121028900146,-4.784255027770996,-0.06661734730005264,,
feedback,12.633412,1786508458065,7,57,10.0,0.0,10.0,,1.9455369710922241,-4.816960334777832,-0.07224565744400024,,
feedback,12.642282,1786508458073,7,57,10.0,0.0,10.0,,1.8825774192810059,-4.8499040603637695,-0.06941524893045425,,
feedback,12.650362,1786508458082,7,57,10.0,0.0,10.0,,1.9080657958984375,-4.962531089782715,-0.09082841873168945,,
feedback,12.660247,1786508458091,7,57,10.0,0.0,10.0,,1.8484830856323242,-4.885714054107666,-0.06149471178650856,,
feedback,12.666007,1786508458101,7,57,10.0,0.0,10.0,,1.711264729499817,-4.936794281005859,-0.0041185044683516026,,
feedback,12.673968,1786508458105,7,57,10.0,0.0,10.0,,1.8170571327209473,-4.818924427032471,-0.026955032721161842,,
feedback,12.682288,1786508458114,7,57,10.0,0.0,10.0,,1.7665008306503296,-4.620292663574219,-0.04415731132030487,,
feedback,12.690275,1786508458122,7,57,10.0,0.0,10.0,,1.8096941709518433,-4.420500755310059,-0.04332399368286133,,
feedback,12.699054,1786508458131,7,57,10.0,0.0,10.0,,1.8003253936767578,-4.405223846435547,-0.024686289951205254,,
feedback,12.707915,1786508458139,7,57,10.0,0.0,10.0,,1.8111242055892944,-4.388257026672363,-0.10863562673330307,,
feedback,12.715383,1786508458147,7,57,10.0,0.0,10.0,,1.7757800817489624,-4.447957515716553,-0.057156041264534,,
feedback,12.723321,1786508458156,7,57,10.0,0.0,10.0,,1.9127764701843262,-4.560132026672363,-0.05129806697368622,,
feedback,12.732040,1786508458164,7,57,10.0,0.0,10.0,,1.895160436630249,-4.799798011779785,-0.05044582113623619,,
feedback,12.739763,1786508458172,7,57,10.0,0.0,10.0,,1.9991778135299683,-4.670772075653076,-0.06312379240989685,,
feedback,12.747967,1786508458181,7,57,10.0,0.0,10.0,,1.9244133234024048,-4.7521257400512695,-0.0675046443939209,,
feedback,12.755866,1786508458189,7,57,10.0,0.0,10.0,,1.9229382276535034,-4.674585819244385,-0.1856447160243988,,
feedback,12.764516,1786508458198,7,57,10.0,0.0,10.0,,1.916468858718872,-4.737167835235596,-0.16376455128192902,,
feedback,12.772690,1786508458206,7,57,10.0,0.0,10.0,,1.9135565757751465,-4.733296871185303,-0.0919329822063446,,
feedback,12.780722,1786508458215,7,57,10.0,0.0,10.0,,1.93185555934906,-4.684780120849609,-0.029289567843079567,,
feedback,12.788511,1786508458223,7,57,10.0,0.0,10.0,,1.9146795272827148,-4.593307018280029,-0.07340892404317856,,
feedback,12.797615,1786508458231,7,57,10.0,0.0,10.0,,1.9185274839401245,-4.549100399017334,-0.05529351904988289,,
feedback,12.805043,1786508458240,7,57,10.0,0.0,10.0,,1.9276354312896729,-4.488472938537598,-0.04648432508111,,
feedback,12.813042,1786508458248,7,57,10.0,0.0,10.0,,1.9518669843673706,-4.573284149169922,-0.07537858188152313,,
feedback,12.821366,1786508458252,7,57,10.0,0.0,10.0,,1.9088013172149658,-4.571761608123779,-0.08587170392274857,,
feedback,12.829639,1786508458261,7,57,10.0,0.0,10.0,,1.8968126773834229,-4.592468738555908,-0.13425534963607788,,
feedback,12.837690,1786508458269,7,57,10.0,0.0,10.0,,1.9057966470718384,-4.6983489990234375,-0.1084960326552391,,
feedback,12.846788,1786508458278,7,57,10.0,0.0,10.0,,1.9685739278793335,-4.821638107299805,-0.04810343310236931,,
feedback,12.854092,1786508458286,7,57,10.0,0.0,10.0,,2.0047659873962402,-4.921146869659424,-0.09524393826723099,,
feedback,12.862151,1786508458294,7,57,10.0,0.0,10.0,,1.9604092836380005,-4.886435031890869,-0.11203581094741821,,
feedback,12.870399,1786508458303,7,57,10.0,0.0,10.0,,1.9911766052246094,-4.919495582580566,-0.0828031525015831,,
feedback,12.878327,1786508458311,7,57,10.0,0.0,10.0,,2.0222790241241455,-4.942900657653809,-0.0972142145037651,,
feedback,12.886374,1786508458320,7,57,10.0,0.0,10.0,,1.9522693157196045,-4.943587779998779,-0.04668936878442764,,
feedback,12.894852,1786508458328,7,57,10.0,0.0,10.0,,1.9857029914855957,-4.916113376617432,-0.04353625699877739,,
feedback,12.902964,1786508458336,7,57,10.0,0.0,10.0,,1.996650218963623,-4.94758415222168,-0.05142517387866974,,
feedback,12.910997,1786508458345,7,57,10.0,0.0,10.0,,1.9598851203918457,-4.771561622619629,-0.08579552173614502,,
feedback,12.919239,1786508458354,7,57,10.0,0.0,10.0,,1.9861050844192505,-4.615461349487305,-0.08179169148206711,,
feedback,12.927565,1786508458362,7,57,10.0,0.0,10.0,,1.9930386543273926,-4.647773742675781,-0.10275416821241379,,
feedback,12.935614,1786508458370,7,57,10.0,0.0,10.0,,1.918864130973816,-4.574059009552002,-0.12027022242546082,,
feedback,12.943830,1786508458379,7,57,10.0,0.0,10.0,,1.8948824405670166,-4.533806324005127,-0.1073092669248581,,
feedback,12.952203,1786508458387,7,57,10.0,0.0,10.0,,1.9964724779129028,-4.676330089569092,-0.08552645146846771,,
feedback,12.960243,1786508458391,7,57,10.0,0.0,10.0,,1.9768896102905273,-4.677257061004639,-0.08597935736179352,,
feedback,12.971128,1786508458400,7,57,10.0,0.0,10.0,,1.9459737539291382,-4.7685866355896,-0.09908551722764969,,
feedback,12.976452,1786508458408,7,57,10.0,0.0,10.0,,2.142385959625244,-4.725229263305664,-0.11762737482786179,,
feedback,12.984515,1786508458417,7,57,10.0,0.0,10.0,,2.2212400436401367,-4.712992191314697,-0.1211739256978035,,
feedback,12.992578,1786508458425,7,57,10.0,0.0,10.0,,2.1081526279449463,-4.68963098526001,-0.058420196175575256,,
feedback,13.000967,1786508458434,7,57,10.0,0.0,10.0,,2.122026205062866,-4.5654377937316895,-0.09812208265066147,,
feedback,13.009165,1786508458442,7,57,10.0,0.0,10.0,,2.0084733963012695,-4.546629905700684,-0.10610400140285492,,
feedback,13.017510,1786508458450,7,57,10.0,0.0,10.0,,1.9700837135314941,-4.538744926452637,-0.13025929033756256,,
feedback,13.025661,1786508458459,7,57,10.0,0.0,10.0,,1.9559752941131592,-4.471523761749268,-0.12956230342388153,,
feedback,13.036311,1786508458467,7,57,10.0,0.0,10.0,,1.927991509437561,-4.335762977600098,-0.1230870857834816,,
feedback,13.041726,1786508458476,7,57,10.0,0.0,10.0,,1.9134598970413208,-4.370702743530273,-0.10245798528194427,,
feedback,13.050118,1786508458484,7,57,10.0,0.0,10.0,,1.84682035446167,-4.372019290924072,-0.05253318324685097,,
feedback,13.058402,1786508458493,7,57,10.0,0.0,10.0,,1.9028468132019043,-4.332065582275391,-0.09977426379919052,,
feedback,13.066841,1786508458501,7,57,10.0,0.0,10.0,,1.9440863132476807,-4.519828796386719,-0.11966391652822495,,
feedback,13.074948,1786508458509,7,57,10.0,0.0,10.0,,1.9968688488006592,-4.682851314544678,-0.09520106017589569,,
feedback,13.082893,1786508458518,7,57,10.0,0.0,10.0,,1.8996591567993164,-4.800962924957275,-0.10909503698348999,,
feedback,13.094654,1786508458522,7,57,10.0,0.0,10.0,,1.889764666557312,-4.75390625,-0.1015852689743042,,
feedback,13.100074,1786508458530,7,57,10.0,0.0,10.0,,1.9219224452972412,-4.791116237640381,-0.10185842961072922,,
feedback,13.107455,1786508458539,7,57,10.0,0.0,10.0,,2.0065624713897705,-4.8472490310668945,-0.04400189593434334,,
feedback,13.115613,1786508458547,7,57,10.0,0.0,10.0,,2.044008255004883,-4.799712181091309,-0.08638583868741989,,
feedback,13.123815,1786508458556,7,57,10.0,0.0,10.0,,2.057035446166992,-4.735677242279053,-0.10019757598638535,,
feedback,13.131845,1786508458564,7,57,10.0,0.0,10.0,,2.013381004333496,-4.650442600250244,-0.1340351402759552,,
feedback,13.140307,1786508458572,7,57,10.0,0.0,10.0,,2.0196828842163086,-4.541293621063232,-0.08446289598941803,,
feedback,13.149908,1786508458581,7,57,10.0,0.0,10.0,,2.0415008068084717,-4.443484783172607,-0.10340572893619537,,
feedback,13.157869,1786508458589,7,57,10.0,0.0,10.0,,2.009108781814575,-4.50706672668457,-0.10374341905117035,,
feedback,13.165938,1786508458598,7,57,10.0,0.0,10.0,,2.0643327236175537,-4.594254970550537,-0.0787183865904808,,
feedback,13.173200,1786508458606,7,57,10.0,0.0,10.0,,2.0282890796661377,-4.602497100830078,-0.07372637093067169,,
feedback,13.181247,1786508458614,7,57,10.0,0.0,10.0,,2.0366084575653076,-4.698938846588135,-0.12625567615032196,,
feedback,13.189466,1786508458623,7,57,10.0,0.0,10.0,,2.049237012863159,-4.82642126083374,-0.10005748271942139,,
feedback,13.199064,1786508458631,7,57,10.0,0.0,10.0,,2.0112686157226562,-4.924426555633545,-0.060990110039711,,
feedback,13.206298,1786508458640,7,57,10.0,0.0,10.0,,2.0669100284576416,-4.93749475479126,-0.047802042216062546,,
feedback,13.214751,1786508458648,7,57,10.0,0.0,10.0,,1.9667073488235474,-4.998860836029053,-0.05830847844481468,,
feedback,13.222049,1786508458656,7,57,10.0,0.0,10.0,,2.0808985233306885,-5.083127975463867,-0.09111887216567993,,
feedback,13.230642,1786508458665,7,57,10.0,0.0,10.0,,2.0246193408966064,-5.026763916015625,-0.07761170715093613,,
feedback,13.238778,1786508458673,7,57,10.0,0.0,10.0,,1.9032421112060547,-4.763398170471191,-0.051154475659132004,,
feedback,13.246640,1786508458682,7,57,10.0,0.0,10.0,,1.978335976600647,-4.691349506378174,-0.025117523968219757,,
feedback,13.254862,1786508458686,7,57,10.0,0.0,10.0,,1.8731932640075684,-4.483868598937988,-0.0647006705403328,,
feedback,13.263318,1786508458694,7,57,10.0,0.0,10.0,,1.931552767753601,-4.4057111740112305,-0.12076500803232193,,
feedback,13.271591,1786508458703,7,57,10.0,0.0,10.0,,1.9177697896957397,-4.543901443481445,-0.0802735909819603,,
feedback,13.282735,1786508458711,7,57,10.0,0.0,10.0,,1.9290028810501099,-4.502573490142822,-0.07824338972568512,,
feedback,13.287549,1786508458720,7,57,10.0,0.0,10.0,,1.9542872905731201,-4.601195335388184,-0.10659106075763702,,
feedback,13.296047,1786508458728,7,57,10.0,0.0,10.0,,1.9396756887435913,-4.658514022827148,-0.0848710909485817,,
feedback,13.304137,1786508458736,7,57,10.0,0.0,10.0,,1.9479825496673584,-4.721184730529785,-0.06888522207736969,,
feedback,13.312275,1786508458745,7,57,10.0,0.0,10.0,,1.958932638168335,-4.674174785614014,-0.045015621930360794,,
feedback,13.320525,1786508458753,7,57,10.0,0.0,10.0,,1.8928195238113403,-4.611561298370361,-0.0729365274310112,,
feedback,13.328716,1786508458762,7,57,10.0,0.0,10.0,,1.9333198070526123,-4.6833672523498535,-0.0784326121211052,,
feedback,13.336785,1786508458770,7,57,10.0,0.0,10.0,,1.8965939283370972,-4.711533546447754,-0.10874442756175995,,
feedback,13.345080,1786508458779,7,57,10.0,0.0,10.0,,1.8915590047836304,-4.6200761795043945,-0.09028931707143784,,
feedback,13.353179,1786508458787,7,57,10.0,0.0,10.0,,1.8164279460906982,-4.71132755279541,-0.03609764948487282,,
feedback,13.361641,1786508458795,7,57,10.0,0.0,10.0,,1.9683548212051392,-4.528408527374268,-0.10838504880666733,,
feedback,13.369514,1786508458804,7,57,10.0,0.0,10.0,,1.844666838645935,-4.367668151855469,-0.08410067111253738,,
feedback,13.377666,1786508458812,7,57,10.0,0.0,10.0,,1.8418165445327759,-4.306408405303955,-0.015226390212774277,,
feedback,13.385684,1786508458821,7,57,10.0,0.0,10.0,,1.8150917291641235,-4.2865071296691895,-0.0854043960571289,,
feedback,13.394089,1786508458829,7,57,10.0,0.0,10.0,,1.868118166923523,-4.456486225128174,-0.060216162353754044,,
feedback,13.405230,1786508458837,7,57,10.0,0.0,10.0,,1.843330979347229,-4.657005310058594,-0.02138875238597393,,
feedback,13.410561,1786508458842,7,57,10.0,0.0,10.0,,1.886136531829834,-4.709108352661133,-0.07954621315002441,,
feedback,13.418517,1786508458851,7,57,10.0,0.0,10.0,,1.8230055570602417,-4.795276165008545,0.004956068471074104,,
feedback,13.426964,1786508458859,7,57,10.0,0.0,10.0,,1.971794843673706,-4.931490421295166,-0.031932178884744644,,
feedback,13.435094,1786508458867,7,57,10.0,0.0,10.0,,1.9502859115600586,-5.005582809448242,-0.015186160802841187,,
feedback,13.443839,1786508458876,7,57,10.0,0.0,10.0,,1.8630977869033813,-4.942458629608154,0.04077156260609627,,
feedback,13.451519,1786508458884,7,57,10.0,0.0,10.0,,1.7899986505508423,-4.9223809242248535,0.18098916113376617,,
feedback,13.460468,1786508458893,7,57,10.0,0.0,10.0,,1.8517589569091797,-4.769378185272217,0.11461523920297623,,
feedback,13.467870,1786508458901,7,57,10.0,0.0,10.0,,1.8461694717407227,-4.744266986846924,0.022480159997940063,,
feedback,13.475947,1786508458910,7,57,10.0,0.0,10.0,,1.8905149698257446,-4.637792587280273,0.019664211198687553,,
feedback,13.484027,1786508458918,7,57,10.0,0.0,10.0,,1.8403260707855225,-4.649036407470703,-0.015924638137221336,,
feedback,13.492048,1786508458927,7,57,10.0,0.0,10.0,,1.8820757865905762,-4.491401195526123,-0.06946343183517456,,
feedback,13.500345,1786508458935,7,57,10.0,0.0,10.0,,1.902343511581421,-4.518316745758057,-0.10072274506092072,,
feedback,13.508602,1786508458943,7,57,10.0,0.0,10.0,,1.9052890539169312,-4.635121822357178,-0.08019749075174332,,
feedback,13.517466,1786508458952,7,57,10.0,0.0,10.0,,1.950422763824463,-4.602535724639893,-0.04398060962557793,,
feedback,13.525668,1786508458956,7,57,10.0,0.0,10.0,,1.9935873746871948,-4.917481422424316,-0.11548655480146408,,
feedback,13.533223,1786508458965,7,57,10.0,0.0,10.0,,1.931710958480835,-4.9880900382995605,-0.05346279591321945,,
feedback,13.541225,1786508458973,7,57,10.0,0.0,10.0,,1.9676920175552368,-5.009119033813477,-0.09529686719179153,,
feedback,13.549849,1786508458982,7,57,10.0,0.0,10.0,,2.0075645446777344,-5.030635833740234,-0.03369947522878647,,
feedback,13.557797,1786508458990,7,57,10.0,0.0,10.0,,2.008845329284668,-4.964608669281006,-0.02966194972395897,,
feedback,13.565937,1786508458998,7,57,10.0,0.0,10.0,,1.9751043319702148,-4.925134181976318,-0.11340005695819855,,
feedback,13.574709,1786508459007,7,57,10.0,0.0,10.0,,1.9971940517425537,-4.741730690002441,-0.07875709980726242,,
feedback,13.582911,1786508459015,7,57,10.0,0.0,10.0,,1.9483586549758911,-4.724656105041504,-0.11556950211524963,,
feedback,13.591701,1786508459024,7,57,10.0,0.0,10.0,,1.8622276782989502,-4.600034236907959,-0.07946909219026566,,
feedback,13.598471,1786508459032,7,57,10.0,0.0,10.0,,1.916033387184143,-4.58536958694458,-0.07180847972631454,,
feedback,13.606732,1786508459040,7,57,10.0,0.0,10.0,,1.877017855644226,-4.5272626876831055,-0.10661083459854126,,
feedback,13.615650,1786508459049,7,57,10.0,0.0,10.0,,1.9374233484268188,-4.583962440490723,-0.08212250471115112,,
feedback,13.623124,1786508459057,7,57,10.0,0.0,10.0,,1.9253212213516235,-4.582059860229492,-0.07152601331472397,,
feedback,13.632544,1786508459066,7,57,10.0,0.0,10.0,,1.9140769243240356,-4.592702388763428,-0.07528888434171677,,
feedback,13.641150,1786508459074,7,57,10.0,0.0,10.0,,1.9477031230926514,-4.665923118591309,-0.1135966032743454,,
feedback,13.648383,1786508459083,7,57,10.0,0.0,10.0,,1.9022572040557861,-4.7209062576293945,-0.10646569728851318,,
feedback,13.657162,1786508459091,7,57,10.0,0.0,10.0,,1.9111995697021484,-4.675634860992432,-0.0676138773560524,,
feedback,13.664423,1786508459099,7,57,10.0,0.0,10.0,,1.9558686017990112,-4.818000793457031,-0.04286570101976395,,
feedback,13.673261,1786508459108,7,57,10.0,0.0,10.0,,1.8955022096633911,-4.608730792999268,-0.05233501270413399,,
feedback,13.681075,1786508459112,7,57,10.0,0.0,10.0,,1.9582030773162842,-4.837220668792725,-0.06306609511375427,,
feedback,13.690109,1786508459121,7,57,10.0,0.0,10.0,,1.9237250089645386,-4.623035430908203,-0.12780959904193878,,
feedback,13.697378,1786508459129,7,57,10.0,0.0,10.0,,1.9005159139633179,-4.416117191314697,-0.061300840228796005,,
feedback,13.705836,1786508459138,7,57,10.0,0.0,10.0,,1.9056516885757446,-4.376036167144775,-0.09895776957273483,,
feedback,13.713924,1786508459146,7,57,10.0,0.0,10.0,,1.8936601877212524,-4.295657157897949,-0.05686599388718605,,
feedback,13.722026,1786508459154,7,57,10.0,0.0,10.0,,1.8635046482086182,-4.423302173614502,-0.05094027519226074,,
feedback,13.730737,1786508459163,7,57,10.0,0.0,10.0,,1.916533350944519,-4.524933338165283,-0.09229108691215515,,
feedback,13.738902,1786508459171,7,57,10.0,0.0,10.0,,1.9750957489013672,-4.66178560256958,-0.09138526767492294,,
feedback,13.746593,1786508459180,7,57,10.0,0.0,10.0,,2.1256840229034424,-4.701098918914795,-0.11670518666505814,,
feedback,13.755176,1786508459188,7,57,10.0,0.0,10.0,,2.196303367614746,-4.685994625091553,-0.12610016763210297,,
feedback,13.763814,1786508459197,7,57,10.0,0.0,10.0,,2.1360538005828857,-4.637552261352539,-0.13462598621845245,,
feedback,13.770920,1786508459205,7,57,10.0,0.0,10.0,,2.1797091960906982,-4.833132743835449,-0.11915918439626694,,
feedback,13.780041,1786508459214,7,57,10.0,0.0,10.0,,2.0691821575164795,-4.774964332580566,-0.1039418876171112,,
feedback,13.788109,1786508459222,7,57,10.0,0.0,10.0,,2.064929485321045,-4.83587121963501,-0.06458575278520584,,
feedback,13.796088,1786508459230,7,57,10.0,0.0,10.0,,2.0964303016662598,-4.792065620422363,-0.1287151575088501,,
feedback,13.803581,1786508459239,7,57,10.0,0.0,10.0,,1.9559510946273804,-4.697599411010742,-0.08681100606918335,,
feedback,13.811754,1786508459243,7,57,10.0,0.0,10.0,,1.995869517326355,-4.608656883239746,-0.10601896047592163,,
feedback,13.820445,1786508459251,7,57,10.0,0.0,10.0,,1.9446033239364624,-4.5710673332214355,-0.10272359102964401,,
feedback,13.828837,1786508459260,7,57,10.0,0.0,10.0,,1.9881718158721924,-4.611531734466553,-0.10288205742835999,,
feedback,13.836851,1786508459268,7,57,10.0,0.0,10.0,,1.9275875091552734,-4.504438877105713,-0.11473783850669861,,
feedback,13.844526,1786508459277,7,57,10.0,0.0,10.0,,1.9934988021850586,-4.572701454162598,-0.09074070304632187,,
feedback,13.852568,1786508459285,7,57,10.0,0.0,10.0,,1.9582136869430542,-4.800466537475586,-0.04326609894633293,,
feedback,13.861633,1786508459294,7,57,10.0,0.0,10.0,,2.0142710208892822,-4.774358749389648,-0.14686471223831177,,
feedback,13.870038,1786508459302,7,57,10.0,0.0,10.0,,2.053591728210449,-4.88847541809082,-0.1431950032711029,,
feedback,13.877941,1786508459311,7,57,10.0,0.0,10.0,,2.0028576850891113,-4.895489692687988,-0.13763664662837982,,
feedback,13.885535,1786508459319,7,57,10.0,0.0,10.0,,2.098609209060669,-4.762056827545166,-0.10804138332605362,,
feedback,13.893760,1786508459327,7,57,10.0,0.0,10.0,,2.0704708099365234,-4.701693058013916,-0.08960255235433578,,
feedback,13.902187,1786508459336,7,57,10.0,0.0,10.0,,2.076389789581299,-4.727187633514404,-0.1308193951845169,,
feedback,13.909790,1786508459344,7,57,10.0,0.0,10.0,,2.0840654373168945,-4.671229362487793,-0.17626391351222992,,
feedback,13.917825,1786508459352,7,57,10.0,0.0,10.0,,2.0095725059509277,-4.5499348640441895,-0.11627218127250671,,
feedback,13.926422,1786508459361,7,57,10.0,0.0,10.0,,2.008920431137085,-4.4926300048828125,-0.09688012301921844,,
feedback,13.934577,1786508459369,7,57,10.0,0.0,10.0,,1.958152413368225,-4.352806568145752,-0.09131279587745667,,
feedback,13.943228,1786508459378,7,57,10.0,0.0,10.0,,1.970362663269043,-4.400651454925537,-0.0626535713672638,,
feedback,13.951200,1786508459386,7,57,10.0,0.0,10.0,,1.9341963529586792,-4.518167018890381,-0.0627623051404953,,
feedback,13.959591,1786508459394,7,57,10.0,0.0,10.0,,2.0032637119293213,-4.713322639465332,-0.1243327334523201,,
feedback,13.967376,1786508459399,7,57,10.0,0.0,10.0,,1.92747962474823,-4.637015342712402,-0.04868130013346672,,
feedback,13.975705,1786508459407,7,57,10.0,0.0,10.0,,1.9773247241973877,-4.7756757736206055,-0.10113239288330078,,
feedback,13.983873,1786508459416,7,57,10.0,0.0,10.0,,1.9141114950180054,-4.6691412925720215,-0.10631439089775085,,
feedback,13.992010,1786508459424,7,57,10.0,0.0,10.0,,1.9061884880065918,-4.725124359130859,-0.052682917565107346,,
feedback,14.000270,1786508459433,7,57,10.0,0.0,10.0,,1.8248509168624878,-4.6946797370910645,-0.022004740312695503,,
feedback,14.008136,1786508459441,7,57,10.0,0.0,10.0,,1.9041543006896973,-4.747861862182617,-0.08397679775953293,,
feedback,14.016900,1786508459449,7,57,10.0,0.0,10.0,,1.9685391187667847,-4.617856979370117,-0.11631781607866287,,
feedback,14.024636,1786508459458,7,57,10.0,0.0,10.0,,1.9199529886245728,-4.506965637207031,-0.10334156453609467,,
feedback,14.032811,1786508459466,7,57,10.0,0.0,10.0,,1.8833281993865967,-4.479064464569092,-0.06170504540205002,,
feedback,14.041043,1786508459475,7,57,10.0,0.0,10.0,,1.9457639455795288,-4.364804744720459,-0.0857626348733902,,
feedback,14.049749,1786508459483,7,57,10.0,0.0,10.0,,1.9005317687988281,-4.471512317657471,-0.08501774817705154,,
feedback,14.057610,1786508459492,7,57,10.0,0.0,10.0,,1.9925824403762817,-4.594803333282471,-0.07668059319257736,,
feedback,14.066801,1786508459500,7,57,10.0,0.0,10.0,,1.910436987876892,-4.5772504806518555,-0.08108021318912506,,
feedback,14.074072,1786508459509,7,57,10.0,0.0,10.0,,2.011003017425537,-4.768909454345703,-0.09952788800001144,,
feedback,14.083414,1786508459517,7,57,10.0,0.0,10.0,,1.964318871498108,-4.868900775909424,-0.057382404804229736,,
feedback,14.090188,1786508459521,7,57,10.0,0.0,10.0,,1.952534794807434,-4.889317035675049,-0.039658110588788986,,
feedback,14.098480,1786508459530,7,57,10.0,0.0,10.0,,2.0170650482177734,-4.858771800994873,-0.11664051562547684,,
feedback,14.106367,1786508459538,7,57,10.0,0.0,10.0,,1.9037209749221802,-4.870955467224121,-0.08538271486759186,,
feedback,14.114779,1786508459547,7,57,10.0,0.0,10.0,,1.9344396591186523,-4.822904586791992,-0.0646422952413559,,
feedback,14.123289,1786508459555,7,57,10.0,0.0,10.0,,1.9103398323059082,-4.721391201019287,-0.10556338727474213,,
feedback,14.131037,1786508459564,7,57,10.0,0.0,10.0,,1.9228665828704834,-4.585948467254639,-0.07790283858776093,,
feedback,14.138911,1786508459572,7,57,10.0,0.0,10.0,,1.9096527099609375,-4.503207206726074,-0.07829492539167404,,
feedback,14.150052,1786508459580,7,57,10.0,0.0,10.0,,1.8392271995544434,-4.495942115783691,-0.09176481515169144,,
feedback,14.155685,1786508459589,7,57,10.0,0.0,10.0,,1.8623288869857788,-4.502514839172363,-0.03964090719819069,,
feedback,14.163806,1786508459597,7,57,10.0,0.0,10.0,,1.7957879304885864,-4.572903156280518,-0.051102813333272934,,
feedback,14.172207,1786508459606,7,57,10.0,0.0,10.0,,1.903224229812622,-4.6736955642700195,-0.10853555798530579,,
feedback,14.180815,1786508459614,7,57,10.0,0.0,10.0,,1.7968425750732422,-4.870750904083252,-0.09380226582288742,,
feedback,14.188645,1786508459622,7,57,10.0,0.0,10.0,,1.7900837659835815,-4.838397979736328,-0.05138165131211281,,
feedback,14.196789,1786508459631,7,57,10.0,0.0,10.0,,1.7347283363342285,-4.832386016845703,-0.02676405943930149,,
feedback,14.205607,1786508459639,7,57,10.0,0.0,10.0,,1.781194806098938,-4.952014446258545,-0.016477935016155243,,
feedback,14.212500,1786508459648,7,57,10.0,0.0,10.0,,1.8420701026916504,-4.99060583114624,-0.08162210136651993,,
feedback,14.220864,1786508459656,7,57,10.0,0.0,10.0,,1.8658251762390137,-4.976002216339111,-0.01614982634782791,,
feedback,14.229126,1786508459660,7,57,10.0,0.0,10.0,,1.909231185913086,-4.832947731018066,-0.0818738043308258,,
feedback,14.237792,1786508459669,7,57,10.0,0.0,10.0,,1.8831636905670166,-4.792197227478027,-0.05361887440085411,,
feedback,14.245963,1786508459677,7,57,10.0,0.0,10.0,,1.8497521877288818,-4.579078674316406,-0.07555803656578064,,
feedback,14.254072,1786508459685,7,57,10.0,0.0,10.0,,1.8311423063278198,-4.470721244812012,-0.04097622632980347,,
feedback,14.261937,1786508459694,7,57,10.0,0.0,10.0,,1.8668010234832764,-4.3755998611450195,-0.043636199086904526,,
feedback,14.273575,1786508459702,7,57,10.0,0.0,10.0,,1.920780062675476,-4.430964946746826,-0.12743130326271057,,
feedback,14.278099,1786508459711,7,57,10.0,0.0,10.0,,1.871908187866211,-4.4950666427612305,-0.13606247305870056,,
feedback,14.286536,1786508459719,7,57,10.0,0.0,10.0,,1.9014801979064941,-4.652850151062012,-0.05147641897201538,,
feedback,14.294734,1786508459727,7,57,10.0,0.0,10.0,,1.887620210647583,-4.65134334564209,-0.03462716564536095,,
feedback,14.302995,1786508459736,7,57,10.0,0.0,10.0,,1.9337158203125,-4.806111812591553,-0.08514957875013351,,
feedback,14.310755,1786508459744,7,57,10.0,0.0,10.0,,1.9683247804641724,-4.7769646644592285,-0.08496639877557755,,
feedback,14.319056,1786508459753,7,57,10.0,0.0,10.0,,1.9578884840011597,-4.942648887634277,-0.09656219929456711,,
feedback,14.327660,1786508459761,7,57,10.0,0.0,10.0,,1.9620099067687988,-4.713813304901123,-0.11189573258161545,,
feedback,14.337675,1786508459770,7,57,10.0,0.0,10.0,,1.9326916933059692,-4.697122097015381,-0.11335588991641998,,
feedback,14.343778,1786508459778,7,57,10.0,0.0,10.0,,1.9117391109466553,-4.5541839599609375,-0.0379287414252758,,
feedback,14.351707,1786508459787,7,57,10.0,0.0,10.0,,1.8587689399719238,-4.406516075134277,-0.07532322406768799,,
feedback,14.360701,1786508459795,7,57,10.0,0.0,10.0,,1.8957581520080566,-4.551783561706543,-0.06900639832019806,,
feedback,14.368075,1786508459803,7,57,10.0,0.0,10.0,,1.8713717460632324,-4.466989994049072,-0.08090949803590775,,
feedback,14.376257,1786508459807,7,57,10.0,0.0,10.0,,1.8928608894348145,-4.597082138061523,-0.09292149543762207,,
feedback,14.385592,1786508459816,7,57,10.0,0.0,10.0,,1.89116370677948,-4.618471622467041,-0.11953146755695343,,
feedback,14.395093,1786508459824,7,57,10.0,0.0,10.0,,1.9119102954864502,-4.712337970733643,-0.11211049556732178,,
feedback,14.401016,1786508459833,7,57,10.0,0.0,10.0,,1.9884917736053467,-4.84978723526001,-0.06379634141921997,,
feedback,14.409204,1786508459841,7,57,10.0,0.0,10.0,,1.9459056854248047,-5.012097358703613,-0.09191139787435532,,
feedback,14.417359,1786508459850,7,57,10.0,0.0,10.0,,2.009187698364258,-5.103221893310547,-0.07789283245801926,,
feedback,14.425659,1786508459858,7,57,10.0,0.0,10.0,,1.96729576587677,-4.916865825653076,-0.0557413324713707,,
feedback,14.433574,1786508459866,7,57,10.0,0.0,10.0,,2.0215938091278076,-4.857292175292969,-0.07329737395048141,,
feedback,14.441934,1786508459875,7,57,10.0,0.0,10.0,,1.9930890798568726,-4.8180766105651855,-0.06913276016712189,,
feedback,14.450071,1786508459883,7,57,10.0,0.0,10.0,,2.013660192489624,-4.765106201171875,-0.0807735025882721,,
feedback,14.458704,1786508459892,7,57,10.0,0.0,10.0,,1.9249498844146729,-4.670506477355957,-0.08234842866659164,,
feedback,14.467396,1786508459900,7,57,10.0,0.0,10.0,,1.9987958669662476,-4.720401763916016,-0.071426160633564,,
feedback,14.475796,1786508459909,7,57,10.0,0.0,10.0,,1.9272791147232056,-4.451674938201904,-0.05400818586349487,,
feedback,14.483432,1786508459917,7,57,10.0,0.0,10.0,,1.969207763671875,-4.572227954864502,-0.0629008412361145,,
feedback,14.491700,1786508459925,7,57,10.0,0.0,10.0,,2.022266149520874,-4.680821418762207,-0.10179370641708374,,
feedback,14.499565,1786508459934,7,57,10.0,0.0,10.0,,2.215651750564575,-4.63604211807251,-0.14790496230125427,,
feedback,14.507653,1786508459942,7,57,10.0,0.0,10.0,,2.191138744354248,-4.784946441650391,-0.13123220205307007,,
feedback,14.515565,1786508459951,7,57,10.0,0.0,10.0,,2.1377782821655273,-4.7785444259643555,-0.11489826440811157,,
feedback,14.523544,1786508459955,7,57,10.0,0.0,10.0,,2.1514129638671875,-4.882221698760986,-0.11973610520362854,,
feedback,14.532275,1786508459963,7,57,10.0,0.0,10.0,,2.16449236869812,-4.825119495391846,-0.13036330044269562,,
feedback,14.540607,1786508459972,7,57,10.0,0.0,10.0,,2.127012014389038,-4.900897026062012,-0.05856532230973244,,
feedback,14.548437,1786508459980,7,57,10.0,0.0,10.0,,2.097642183303833,-4.846512794494629,-0.08956799656152725,,
feedback,14.556850,1786508459989,7,57,10.0,0.0,10.0,,2.0036585330963135,-4.731976509094238,-0.09846074879169464,,
feedback,14.564877,1786508459997,7,57,10.0,0.0,10.0,,1.9396876096725464,-4.298137664794922,-0.11534285545349121,,
feedback,14.572978,1786508460005,7,57,10.0,0.0,10.0,,1.8590099811553955,-4.2803473472595215,-0.10278469324111938,,
feedback,14.584944,1786508460014,7,57,10.0,0.0,10.0,,1.8708473443984985,-4.174407958984375,-0.08630752563476562,,
feedback,14.589250,1786508460022,7,57,10.0,0.0,10.0,,1.9207048416137695,-4.364777088165283,-0.08749894797801971,,
feedback,14.597041,1786508460031,7,57,10.0,0.0,10.0,,1.7885819673538208,-4.383606910705566,-0.05895093083381653,,
feedback,14.605204,1786508460039,7,57,10.0,0.0,10.0,,1.8439998626708984,-4.514068603515625,-0.048882532864809036,,
feedback,14.613757,1786508460047,7,57,10.0,0.0,10.0,,1.968938946723938,-4.5637969970703125,-0.08646181970834732,,
feedback,14.621627,1786508460056,7,57,10.0,0.0,10.0,,2.011441707611084,-4.626807689666748,-0.05572378635406494,,
feedback,14.629836,1786508460064,7,57,10.0,0.0,10.0,,2.0414321422576904,-4.760831832885742,-0.07573634386062622,,
feedback,14.638411,1786508460072,7,57,10.0,0.0,10.0,,2.046394109725952,-4.772495746612549,-0.11688803881406784,,
feedback,14.647905,1786508460081,7,57,10.0,0.0,10.0,,2.0693068504333496,-4.741395950317383,-0.09290564805269241,,
feedback,14.654844,1786508460090,7,57,10.0,0.0,10.0,,2.0053722858428955,-4.650393009185791,-0.0922142043709755,,
feedback,14.662855,1786508460094,7,57,10.0,0.0,10.0,,1.994282603263855,-4.574226379394531,-0.10644225776195526,,
feedback,14.672834,1786508460103,7,57,10.0,0.0,10.0,,2.0186095237731934,-4.549842357635498,-0.09617018699645996,,
feedback,14.679977,1786508460111,7,57,10.0,0.0,10.0,,1.9541754722595215,-4.496659755706787,-0.08062463253736496,,
feedback,14.687701,1786508460120,7,57,10.0,0.0,10.0,,1.9392122030258179,-4.363864421844482,-0.10246242582798004,,
feedback,14.696190,1786508460129,7,57,10.0,0.0,10.0,,1.9675356149673462,-4.439482688903809,-0.11741498112678528,,
feedback,14.704547,1786508460137,7,57,10.0,0.0,10.0,,1.9978551864624023,-4.514681816101074,-0.10466328263282776,,
feedback,14.711784,1786508460146,7,57,10.0,0.0,10.0,,1.9644182920455933,-4.712827682495117,-0.037711601704359055,,
feedback,14.720030,1786508460154,7,57,10.0,0.0,10.0,,2.055492401123047,-4.959463119506836,-0.0427561029791832,,
feedback,14.728259,1786508460163,7,57,10.0,0.0,10.0,,1.9821206331253052,-4.996272563934326,-0.07206661999225616,,
feedback,14.736385,1786508460171,7,57,10.0,0.0,10.0,,2.0518078804016113,-4.937849998474121,-0.08295807242393494,,
feedback,14.745008,1786508460180,7,57,10.0,0.0,10.0,,2.0065536499023438,-4.949498176574707,-0.08919622004032135,,
feedback,14.753336,1786508460188,7,57,10.0,0.0,10.0,,1.996117115020752,-4.931944847106934,-0.09438075870275497,,
feedback,14.761331,1786508460192,7,57,10.0,0.0,10.0,,1.9489102363586426,-4.878238201141357,-0.08911890536546707,,
feedback,14.772527,1786508460201,7,57,10.0,0.0,10.0,,1.9482444524765015,-4.696422576904297,-0.07966261357069016,,
feedback,14.777473,1786508460209,7,57,10.0,0.0,10.0,,1.9966012239456177,-4.741541385650635,-0.0841340646147728,,
feedback,14.785788,1786508460218,7,57,10.0,0.0,10.0,,1.942911982536316,-4.501541614532471,-0.06209714338183403,,
feedback,14.794541,1786508460226,7,57,10.0,0.0,10.0,,1.8929495811462402,-4.4343767166137695,-0.0703548938035965,,
feedback,14.801916,1786508460235,7,57,10.0,0.0,10.0,,1.8808993101119995,-4.564038276672363,-0.043658751994371414,,
feedback,14.810731,1786508460243,7,57,10.0,0.0,10.0,,1.9299612045288086,-4.631372451782227,-0.040826864540576935,,
feedback,14.818833,1786508460251,7,57,10.0,0.0,10.0,,1.9521152973175049,-4.657855987548828,-0.07698306441307068,,
feedback,14.826523,1786508460260,7,57,10.0,0.0,10.0,,1.9458229541778564,-4.843753814697266,-0.05633953958749771,,
feedback,14.834633,1786508460268,7,57,10.0,0.0,10.0,,2.0056114196777344,-4.840443134307861,-0.0637677013874054,,
feedback,14.843234,1786508460276,7,57,10.0,0.0,10.0,,1.9412460327148438,-4.962197780609131,-0.05809745192527771,,
feedback,14.851181,1786508460285,7,57,10.0,0.0,10.0,,2.013819456100464,-4.917195796966553,-0.07506777346134186,,
feedback,14.860008,1786508460293,7,57,10.0,0.0,10.0,,1.9583680629730225,-4.757349491119385,-0.05746215209364891,,
feedback,14.868159,1786508460302,7,57,10.0,0.0,10.0,,1.8690307140350342,-4.772085666656494,-0.086220383644104,,
feedback,14.876293,1786508460310,7,57,10.0,0.0,10.0,,1.8409796953201294,-4.608271598815918,-0.11391012370586395,,
feedback,14.883876,1786508460318,7,57,10.0,0.0,10.0,,1.760949969291687,-4.430787086486816,-0.05254688858985901,,
feedback,14.893036,1786508460327,7,57,10.0,0.0,10.0,,1.8234411478042603,-4.411568641662598,-0.09492718428373337,,
feedback,14.899934,1786508460335,7,57,10.0,0.0,10.0,,1.8227440118789673,-4.324903964996338,-0.06883053481578827,,
feedback,14.908289,1786508460344,7,57,10.0,0.0,10.0,,1.7668869495391846,-4.5163493156433105,-0.028658507391810417,,
feedback,14.917277,1786508460348,7,57,10.0,0.0,10.0,,1.8451436758041382,-4.482867240905762,-0.10114181041717529,,
feedback,14.924439,1786508460356,7,57,10.0,0.0,10.0,,1.800253987312317,-4.582578182220459,-0.030324619263410568,,
feedback,14.932609,1786508460365,7,57,10.0,0.0,10.0,,1.8624262809753418,-4.520015716552734,-0.05970793217420578,,
feedback,14.940761,1786508460373,7,57,10.0,0.0,10.0,,1.863110065460205,-4.7535576820373535,-0.05968739464879036,,
feedback,14.949810,1786508460382,7,57,10.0,0.0,10.0,,1.7858481407165527,-4.887662410736084,-0.06004307419061661,,
feedback,14.959795,1786508460390,7,57,10.0,0.0,10.0,,1.6791201829910278,-4.895967960357666,-0.05305640026926994,,
feedback,14.965772,1786508460399,7,57,10.0,0.0,10.0,,1.8156386613845825,-4.788032531738281,-0.030566200613975525,,
feedback,14.973886,1786508460407,7,57,10.0,0.0,10.0,,1.8576606512069702,-4.7476582527160645,-0.07752133160829544,,
feedback,14.982486,1786508460415,7,57,10.0,0.0,10.0,,1.8912721872329712,-4.645911693572998,-0.09032908827066422,,
feedback,14.991025,1786508460424,7,57,10.0,0.0,10.0,,1.8503284454345703,-4.604933738708496,-0.0719761997461319,,
feedback,14.999359,1786508460432,7,57,10.0,0.0,10.0,,1.8133913278579712,-4.393871784210205,-0.05845273286104202,,
feedback,15.007187,1786508460441,7,57,10.0,0.0,10.0,,1.84614896774292,-4.4238409996032715,-0.0816185474395752,,
feedback,15.015468,1786508460449,7,57,10.0,0.0,10.0,,1.8957695960998535,-4.563840866088867,-0.08307026326656342,,
feedback,15.024415,1786508460458,7,57,10.0,0.0,10.0,,1.962999939918518,-4.813715934753418,-0.07034628093242645,,
feedback,15.032016,1786508460466,7,57,10.0,0.0,10.0,,1.9803872108459473,-4.90126895904541,-0.07645553350448608,,
feedback,15.039967,1786508460474,7,57,10.0,0.0,10.0,,1.9734222888946533,-4.933414459228516,-0.06730237603187561,,
feedback,15.048683,1786508460483,7,57,10.0,0.0,10.0,,1.9673174619674683,-4.9289937019348145,-0.059049174189567566,,
feedback,15.056501,1786508460491,7,57,10.0,0.0,10.0,,2.015441656112671,-4.937765598297119,-0.0705379843711853,,
feedback,15.064502,1786508460500,7,57,10.0,0.0,10.0,,2.0123085975646973,-4.879658222198486,-0.13287003338336945,,
feedback,15.073121,1786508460508,7,57,10.0,0.0,10.0,,1.9716131687164307,-4.88336181640625,-0.04474565386772156,,
feedback,15.081131,1786508460512,7,57,10.0,0.0,10.0,,2.0022199153900146,-4.877386569976807,-0.08240015059709549,,
feedback,15.089083,1786508460521,7,57,10.0,0.0,10.0,,1.9554271697998047,-4.816588401794434,-0.09163551032543182,,
feedback,15.097789,1786508460529,7,57,10.0,0.0,10.0,,1.9394915103912354,-4.640591144561768,-0.07914990931749344,,
feedback,15.105512,1786508460538,7,57,10.0,0.0,10.0,,1.8774861097335815,-4.557552337646484,-0.03910113126039505,,
feedback,15.113417,1786508460546,7,57,10.0,0.0,10.0,,1.917840838432312,-4.700801372528076,-0.07410610467195511,,
feedback,15.121716,1786508460555,7,57,10.0,0.0,10.0,,1.9241135120391846,-4.58065938949585,-0.09070633351802826,,
feedback,15.129629,1786508460563,7,57,10.0,0.0,10.0,,1.9352132081985474,-4.648481369018555,-0.12420028448104858,,
feedback,15.138016,1786508460572,7,57,10.0,0.0,10.0,,1.9794948101043701,-4.6747283935546875,-0.09304413199424744,,
feedback,15.148472,1786508460580,7,57,10.0,0.0,10.0,,1.9192469120025635,-4.846063613891602,-0.0753597542643547,,
feedback,15.154286,1786508460589,7,57,10.0,0.0,10.0,,1.9997897148132324,-4.8344597816467285,-0.0764494240283966,,
feedback,15.162577,1786508460597,7,57,10.0,0.0,10.0,,1.9563945531845093,-4.925532817840576,-0.08267425000667572,,
feedback,15.170726,1786508460605,7,57,10.0,0.0,10.0,,1.9726355075836182,-4.801990509033203,-0.05878544598817825,,
feedback,15.178850,1786508460614,7,57,10.0,0.0,10.0,,1.9937524795532227,-4.7195143699646,-0.08960705995559692,,
feedback,15.187494,1786508460622,7,57,10.0,0.0,10.0,,1.9071931838989258,-4.420196056365967,-0.07255688309669495,,
feedback,15.195569,1786508460626,7,57,10.0,0.0,10.0,,1.885608196258545,-4.326497554779053,-0.10645539313554764,,
feedback,15.204166,1786508460635,7,57,10.0,0.0,10.0,,1.8982115983963013,-4.307199478149414,-0.059257909655570984,,
feedback,15.211813,1786508460643,7,57,10.0,0.0,10.0,,1.811470866203308,-4.2920355796813965,-0.06407950073480606,,
feedback,15.219720,1786508460652,7,57,10.0,0.0,10.0,,1.9296804666519165,-4.498350143432617,-0.0709146112203598,,
feedback,15.228635,1786508460660,7,57,10.0,0.0,10.0,,1.9193925857543945,-4.283462047576904,-0.07362112402915955,,
feedback,15.236486,1786508460669,7,57,10.0,0.0,10.0,,1.9140651226043701,-4.527928352355957,-0.012241675518453121,,
feedback,15.244269,1786508460677,7,57,10.0,0.0,10.0,,2.192985773086548,-4.636995315551758,-0.09107715636491776,,
feedback,15.252237,1786508460685,7,57,10.0,0.0,10.0,,2.1783835887908936,-4.672059059143066,-0.108766108751297,,
feedback,15.260655,1786508460694,7,57,10.0,0.0,10.0,,2.1470797061920166,-4.662824630737305,-0.11207093298435211,,
feedback,15.271313,1786508460702,7,57,10.0,0.0,10.0,,2.0420472621917725,-4.684820652008057,-0.11461375653743744,,
feedback,15.276851,1786508460711,7,57,10.0,0.0,10.0,,2.0663914680480957,-4.689806938171387,-0.06097063049674034,,
feedback,15.285400,1786508460719,7,57,10.0,0.0,10.0,,2.0688085556030273,-4.680966854095459,-0.10190438479185104,,
feedback,15.293830,1786508460727,7,57,10.0,0.0,10.0,,2.018465518951416,-4.636262893676758,-0.10420382022857666,,
feedback,15.301872,1786508460736,7,57,10.0,0.0,10.0,,1.9814245700836182,-4.5203728675842285,-0.08165589720010757,,
feedback,15.309669,1786508460744,7,57,10.0,0.0,10.0,,1.9913661479949951,-4.435859203338623,-0.08343973010778427,,
feedback,15.317834,1786508460753,7,57,10.0,0.0,10.0,,1.9550188779830933,-4.392608165740967,-0.08711858093738556,,
feedback,15.326013,1786508460761,7,57,10.0,0.0,10.0,,2.0341310501098633,-4.7465386390686035,-0.10032183676958084,,
feedback,15.333859,1786508460765,7,57,10.0,0.0,10.0,,2.0186922550201416,-4.7019805908203125,-0.0925012156367302,,
feedback,15.342565,1786508460774,7,57,10.0,0.0,10.0,,1.9379090070724487,-4.940321922302246,-0.08026985079050064,,
feedback,15.350602,1786508460782,7,57,10.0,0.0,10.0,,2.0116426944732666,-4.9678473472595215,-0.07867715507745743,,
feedback,15.358991,1786508460791,7,57,10.0,0.0,10.0,,2.0488452911376953,-4.981539726257324,-0.08091868460178375,,
feedback,15.367232,1786508460799,7,57,10.0,0.0,10.0,,2.1035242080688477,-5.046379566192627,-0.08367577195167542,,
feedback,15.375071,1786508460807,7,57,10.0,0.0,10.0,,2.099090099334717,-4.982857704162598,-0.0698038637638092,,
feedback,15.383390,1786508460816,7,57,10.0,0.0,10.0,,2.0778820514678955,-4.889079570770264,-0.0964059978723526,,
feedback,15.395460,1786508460824,7,57,10.0,0.0,10.0,,2.053586006164551,-4.840675354003906,-0.1081896424293518,,
feedback,15.399564,1786508460833,7,57,10.0,0.0,10.0,,2.067439317703247,-4.565051078796387,-0.07202372699975967,,
feedback,15.408198,1786508460841,7,57,10.0,0.0,10.0,,2.062631368637085,-4.420485496520996,-0.10735446214675903,,
feedback,15.416627,1786508460850,7,57,10.0,0.0,10.0,,1.9537359476089478,-4.385855197906494,-0.07082348316907883,,
feedback,15.424212,1786508460858,7,57,10.0,0.0,10.0,,2.005556583404541,-4.503032684326172,-0.07231700420379639,,
feedback,15.433633,1786508460866,7,57,10.0,0.0,10.0,,1.9519494771957397,-4.401576519012451,-0.048332247883081436,,
feedback,15.440890,1786508460875,7,57,10.0,0.0,10.0,,1.9933421611785889,-4.705530166625977,-0.059660062193870544,,
feedback,15.449331,1786508460883,7,57,10.0,0.0,10.0,,1.9522877931594849,-4.744381427764893,-0.06886593997478485,,
feedback,15.456837,1786508460891,7,57,10.0,0.0,10.0,,1.9339717626571655,-4.854325771331787,-0.07183555513620377,,
feedback,15.465222,1786508460900,7,57,10.0,0.0,10.0,,2.0264406204223633,-4.866968154907227,-0.07116513699293137,,
feedback,15.473596,1786508460908,7,57,10.0,0.0,10.0,,2.0255379676818848,-4.925910949707031,-0.0625237226486206,,
feedback,15.482280,1786508460917,7,57,10.0,0.0,10.0,,1.948099136352539,-4.753589153289795,-0.05867582932114601,,
feedback,15.490225,1786508460925,7,57,10.0,0.0,10.0,,1.906893014907837,-4.653918743133545,-0.06299538910388947,,
feedback,15.498285,1786508460930,7,57,10.0,0.0,10.0,,1.9011404514312744,-4.531913757324219,-0.08475609868764877,,
feedback,15.507089,1786508460938,7,57,10.0,0.0,10.0,,1.8873223066329956,-4.398885250091553,-0.08511780947446823,,
feedback,15.519537,1786508460947,7,57,10.0,0.0,10.0,,1.8470044136047363,-4.364800453186035,-0.06142481416463852,,
feedback,15.522718,1786508460955,7,57,10.0,0.0,10.0,,1.9222285747528076,-4.296867370605469,-0.05349356308579445,,
feedback,15.531241,1786508460963,7,57,10.0,0.0,10.0,,1.9024901390075684,-4.400094032287598,-0.05674175173044205,,
feedback,15.538961,1786508460972,7,57,10.0,0.0,10.0,,1.9083675146102905,-4.397547245025635,-0.07714668661355972,,
feedback,15.547211,1786508460980,7,57,10.0,0.0,10.0,,1.9441258907318115,-4.638228893280029,-0.075485460460186,,
feedback,15.555354,1786508460989,7,57,10.0,0.0,10.0,,1.893465518951416,-4.783888339996338,-0.048540230840444565,,
feedback,15.563704,1786508460997,7,57,10.0,0.0,10.0,,1.8813365697860718,-4.7960734367370605,-0.05346740409731865,,
feedback,15.572298,1786508461005,7,57,10.0,0.0,10.0,,1.9533573389053345,-4.882711410522461,-0.06335534155368805,,
feedback,15.579943,1786508461014,7,57,10.0,0.0,10.0,,1.9170515537261963,-4.773684501647949,-0.06176465004682541,,
feedback,15.587979,1786508461022,7,57,10.0,0.0,10.0,,1.9126390218734741,-4.782939434051514,-0.04692906141281128,,
feedback,15.596760,1786508461031,7,57,10.0,0.0,10.0,,1.9397891759872437,-4.851790904998779,-0.060860905796289444,,
feedback,15.604355,1786508461039,7,57,10.0,0.0,10.0,,1.9396926164627075,-4.581720352172852,-0.0637795478105545,,
feedback,15.613324,1786508461047,7,57,10.0,0.0,10.0,,1.846731185913086,-4.555153846740723,-0.016263606026768684,,
feedback,15.621666,1786508461056,7,57,10.0,0.0,10.0,,1.8174607753753662,-4.4867448806762695,-0.04907490313053131,,
feedback,15.629920,1786508461064,7,57,10.0,0.0,10.0,,1.7683947086334229,-4.448790073394775,-0.05277251824736595,,
feedback,15.639867,1786508461073,7,57,10.0,0.0,10.0,,1.7323899269104004,-4.31032133102417,-0.058657579123973846,,
feedback,15.645719,1786508461081,7,57,10.0,0.0,10.0,,1.6077163219451904,-4.201826095581055,-0.031019117683172226,,
feedback,15.653805,1786508461085,7,57,10.0,0.0,10.0,,1.5572307109832764,-4.062005519866943,-0.05012143775820732,,
feedback,15.662830,1786508461094,7,57,10.0,0.0,10.0,,1.459064245223999,-3.8475520610809326,-0.025847893208265305,,
feedback,15.670828,1786508461102,7,57,10.0,0.0,10.0,,1.486555814743042,-3.76242995262146,-0.08317475765943527,,
feedback,15.679200,1786508461111,7,57,10.0,0.0,10.0,,1.3605294227600098,-3.719984769821167,-0.07589966058731079,,
feedback,15.687425,1786508461119,7,57,10.0,0.0,10.0,,1.4487926959991455,-3.7124645709991455,-0.0739259198307991,,
feedback,15.695227,1786508461128,7,57,10.0,0.0,10.0,,1.335852861404419,-3.6940276622772217,-0.039760030806064606,,
feedback,15.704419,1786508461136,7,57,10.0,0.0,10.0,,1.2537381649017334,-3.6625568866729736,-0.04199613258242607,,
feedback,15.711119,1786508461145,7,57,10.0,0.0,10.0,,1.1520943641662598,-3.383056163787842,-0.08053915202617645,,
feedback,15.719538,1786508461153,7,57,10.0,0.0,10.0,,1.135258674621582,-3.0463364124298096,-0.1108289510011673,,
feedback,15.728435,1786508461162,7,57,10.0,0.0,10.0,,1.0294348001480103,-2.498943328857422,-0.09032571315765381,,
feedback,15.737207,1786508461170,7,57,10.0,0.0,10.0,,0.9071439504623413,-2.271116256713867,-0.16857172548770905,,
feedback,15.744560,1786508461179,7,57,10.0,0.0,10.0,,0.8289207816123962,-1.959091067314148,-0.3052065968513489,,
feedback,15.753345,1786508461187,7,57,10.0,0.0,10.0,,0.7817208170890808,-2.006249189376831,-0.43266868591308594,,
feedback,15.761877,1786508461195,7,57,10.0,0.0,10.0,,0.8059014081954956,-1.9845638275146484,-0.17278151214122772,,
feedback,15.769687,1786508461204,7,57,10.0,0.0,10.0,,0.8324295282363892,-2.0605709552764893,-0.19392266869544983,,
feedback,15.777480,1786508461212,7,57,10.0,0.0,10.0,,0.8887520432472229,-2.3057188987731934,-0.30416473746299744,,
feedback,15.785759,1786508461221,7,57,10.0,0.0,10.0,,0.9775775671005249,-2.456387996673584,-0.47903987765312195,,
feedback,15.793744,1786508461229,7,57,10.0,0.0,10.0,,1.088568925857544,-2.6712987422943115,-0.5854936242103577,,
feedback,15.801759,1786508461233,7,57,10.0,0.0,10.0,,1.0841753482818604,-2.8989033699035645,-0.6651493310928345,,
feedback,15.810122,1786508461242,7,57,10.0,0.0,10.0,,1.1626613140106201,-2.9171924591064453,-0.6825728416442871,,
feedback,15.818955,1786508461250,7,57,10.0,0.0,10.0,,1.201357364654541,-3.0104453563690186,-0.7520080804824829,,
feedback,15.826306,1786508461259,7,57,10.0,0.0,10.0,,1.148788332939148,-3.04734206199646,-0.6868122816085815,,
feedback,15.835024,1786508461267,7,57,10.0,0.0,10.0,,1.172978162765503,-3.0007033348083496,-0.6882970333099365,,
feedback,15.843379,1786508461276,7,57,10.0,0.0,10.0,,1.183065414428711,-2.9749813079833984,-0.6475680470466614,,
feedback,15.851058,1786508461284,7,57,10.0,0.0,10.0,,1.1695964336395264,-2.937075614929199,-0.6469897627830505,,
feedback,15.859809,1786508461293,7,57,10.0,0.0,10.0,,1.1410788297653198,-2.8685498237609863,-0.7078375220298767,,
feedback,15.867345,1786508461301,7,57,10.0,0.0,10.0,,1.1178866624832153,-2.8339834213256836,-0.7343252301216125,,
feedback,15.875667,1786508461309,7,57,10.0,0.0,10.0,,1.0887730121612549,-2.8173317909240723,-0.7464199066162109,,
feedback,15.885564,1786508461318,7,57,10.0,0.0,10.0,,1.1718804836273193,-2.739612340927124,-0.6753506660461426,,
feedback,15.891955,1786508461326,7,57,10.0,0.0,10.0,,1.0860542058944702,-2.7675986289978027,-0.7051217555999756,,
feedback,15.899964,1786508461335,7,57,10.0,0.0,10.0,,1.1877206563949585,-2.7325079441070557,-0.7375194430351257,,
feedback,15.908232,1786508461343,7,57,10.0,0.0,10.0,,1.0688685178756714,-2.5039172172546387,-0.7751955389976501,,
feedback,15.917043,1786508461351,7,57,10.0,0.0,10.0,,1.0500524044036865,-2.250157117843628,-0.6528182625770569,,
feedback,15.925071,1786508461360,7,57,10.0,0.0,10.0,,0.7985061407089233,-2.083698272705078,-0.7594587206840515,,
feedback,15.933655,1786508461364,7,57,10.0,0.0,10.0,,0.6849076747894287,-1.7001312971115112,-0.7852611541748047,,
feedback,15.942275,1786508461372,7,57,10.0,0.0,10.0,,0.6726276278495789,-1.4800443649291992,-0.6561508178710938,,
feedback,15.948705,1786508461381,7,57,10.0,0.0,10.0,,0.5639004111289978,-1.3864696025848389,-0.6932103633880615,,
feedback,15.957377,1786508461389,7,57,10.0,0.0,10.0,,0.6113530993461609,-1.4332162141799927,-0.5917407870292664,,
feedback,15.965153,1786508461398,7,57,10.0,0.0,10.0,,0.608115017414093,-1.4856318235397339,-0.6459711194038391,,
feedback,15.973663,1786508461406,7,57,10.0,0.0,10.0,,0.5920807123184204,-1.5279909372329712,-0.7204135656356812,,
feedback,15.982213,1786508461415,7,57,10.0,0.0,10.0,,0.6407124400138855,-1.7033581733703613,-0.8858604431152344,,
feedback,15.990109,1786508461423,7,57,10.0,0.0,10.0,,0.7725053429603577,-1.8444606065750122,-0.9865910410881042,,
feedback,15.998831,1786508461431,7,57,10.0,0.0,10.0,,0.8094308376312256,-2.024909257888794,-1.0483957529067993,,
feedback,16.009837,1786508461440,7,57,10.0,0.0,10.0,,0.7579293847084045,-2.169273853302002,-1.2096319198608398,,
feedback,16.014551,1786508461448,7,57,10.0,0.0,10.0,,0.8533462285995483,-2.108905553817749,-1.1042163372039795,,
feedback,16.025741,1786508461461,7,57,10.0,0.0,10.0,,0.8694270253181458,-2.131136894226074,-1.200663685798645,,
feedback,16.033739,1786508461469,7,57,10.0,0.0,10.0,,0.8418719172477722,-2.2162179946899414,-1.1435288190841675,,
feedback,16.042108,1786508461473,7,57,10.0,0.0,10.0,,0.8738958835601807,-2.3262321949005127,-1.246931552886963,,
feedback,16.050769,1786508461482,7,57,10.0,0.0,10.0,,0.9111793041229248,-2.5149412155151367,-1.3085272312164307,,
feedback,16.058622,1786508461490,7,57,10.0,0.0,10.0,,0.9594389796257019,-2.4218952655792236,-1.3043209314346313,,
feedback,16.067021,1786508461499,7,57,10.0,0.0,10.0,,0.8483344912528992,-2.3076443672180176,-1.2661949396133423,,
feedback,16.074797,1786508461507,7,57,10.0,0.0,10.0,,0.826335072517395,-2.120347023010254,-1.2392232418060303,,
feedback,16.082911,1786508461516,7,57,10.0,0.0,10.0,,0.7907600998878479,-2.026498317718506,-1.2108896970748901,,
feedback,16.091852,1786508461524,7,57,10.0,0.0,10.0,,0.7237028479576111,-2.0253825187683105,-1.194319725036621,,
feedback,16.099461,1786508461532,7,57,10.0,0.0,10.0,,0.7813642621040344,-2.06052303314209,-1.1755692958831787,,
feedback,16.107690,1786508461541,7,57,10.0,0.0,10.0,,0.8106881380081177,-2.0410361289978027,-1.2248494625091553,,
feedback,16.116176,1786508461549,7,57,10.0,0.0,10.0,,0.7921953797340393,-2.0348281860351562,-1.1209208965301514,,
feedback,16.124608,1786508461558,7,57,10.0,0.0,10.0,,0.7836694717407227,-1.8702187538146973,-1.156169056892395,,
feedback,16.133645,1786508461566,7,57,10.0,0.0,10.0,,0.6776010394096375,-1.5787311792373657,-1.0924752950668335,,
feedback,16.140246,1786508461574,7,57,10.0,0.0,10.0,,0.5124586820602417,-1.3193660974502563,-0.9507200121879578,,
feedback,16.149723,1786508461583,7,57,10.0,0.0,10.0,,0.3977406620979309,-1.0685434341430664,-0.8520568609237671,,
feedback,16.157151,1786508461591,7,57,10.0,0.0,10.0,,0.36422792077064514,-0.9882100820541382,-0.8307217359542847,,
feedback,16.164935,1786508461600,7,57,10.0,0.0,10.0,,0.41420337557792664,-1.0332684516906738,-0.8597002625465393,,
feedback,16.173030,1786508461608,7,57,10.0,0.0,10.0,,0.3815465569496155,-1.1051664352416992,-0.796065628528595,,
feedback,16.181934,1786508461616,7,57,10.0,0.0,10.0,,0.37158671021461487,-1.080483317375183,-0.7614870667457581,,
feedback,16.189884,1786508461621,7,57,10.0,0.0,10.0,,0.3832398056983948,-1.0028131008148193,-0.7350430488586426,,
feedback,16.197507,1786508461629,7,57,10.0,0.0,10.0,,0.3822656273841858,-0.9877568483352661,-0.8175650238990784,,
feedback,16.205406,1786508461638,7,57,10.0,0.0,10.0,,0.48773816227912903,-1.1245968341827393,-1.122722864151001,,
feedback,16.214425,1786508461646,7,57,10.0,0.0,10.0,,0.411021888256073,-1.234383463859558,-1.2908574342727661,,
feedback,16.222265,1786508461654,7,57,10.0,0.0,10.0,,0.46708592772483826,-1.1609054803848267,-1.204124093055725,,
feedback,16.230680,1786508461663,7,57,10.0,0.0,10.0,,0.4991230368614197,-1.2065749168395996,-1.1979941129684448,,
feedback,16.238349,1786508461671,7,57,10.0,0.0,10.0,,0.46436575055122375,-1.1921674013137817,-1.121214509010315,,
feedback,16.247100,1786508461680,7,57,10.0,0.0,10.0,,0.45008304715156555,-1.2340797185897827,-1.1890448331832886,,
feedback,16.257430,1786508461688,7,57,10.0,0.0,10.0,,0.4259958565235138,-1.259506106376648,-1.0985945463180542,,
feedback,16.262904,1786508461696,7,57,10.0,0.0,10.0,,0.48519784212112427,-1.3212569952011108,-1.3818846940994263,,
feedback,16.270767,1786508461705,7,57,10.0,0.0,10.0,,0.5299892425537109,-1.4835598468780518,-1.6364436149597168,,
feedback,16.279323,1786508461713,7,57,10.0,0.0,10.0,,0.5769849419593811,-1.5938440561294556,-1.8433630466461182,,
feedback,16.287275,1786508461722,7,57,10.0,0.0,10.0,,0.6163666248321533,-1.5851733684539795,-1.8447293043136597,,
feedback,16.296669,1786508461730,7,57,10.0,0.0,10.0,,0.5597196221351624,-1.6014034748077393,-1.8082057237625122,,
feedback,16.303723,1786508461738,7,57,10.0,0.0,10.0,,0.5721017718315125,-1.6620382070541382,-1.828730583190918,,
feedback,16.312865,1786508461747,7,57,10.0,0.0,10.0,,0.6248556971549988,-1.5684127807617188,-1.7830101251602173,,
feedback,16.322536,1786508461755,7,57,10.0,0.0,10.0,,0.5264231562614441,-1.4567673206329346,-1.6292028427124023,,
feedback,16.328310,1786508461764,7,57,10.0,0.0,10.0,,0.507258415222168,-1.3415791988372803,-1.6017696857452393,,
feedback,16.336430,1786508461768,7,57,10.0,0.0,10.0,,0.4848082363605499,-1.3442753553390503,-1.5047637224197388,,
feedback,16.344765,1786508461776,7,57,10.0,0.0,10.0,,0.4613802134990692,-1.2019017934799194,-1.3743685483932495,,
feedback,16.353363,1786508461785,7,57,10.0,0.0,10.0,,0.5347351431846619,-1.2009804248809814,-1.4042686223983765,,
feedback,16.360960,1786508461793,7,57,10.0,0.0,10.0,,0.5415690541267395,-1.2277148962020874,-1.3904656171798706,,
feedback,16.369543,1786508461801,7,57,10.0,0.0,10.0,,0.5661441683769226,-1.2469803094863892,-1.4048112630844116,,
feedback,16.377305,1786508461810,7,57,10.0,0.0,10.0,,0.5611024498939514,-1.2340885400772095,-1.4871057271957397,,
feedback,16.385302,1786508461818,7,57,10.0,0.0,10.0,,0.5465198159217834,-1.2607654333114624,-1.6375504732131958,,
feedback,16.393648,1786508461827,7,57,10.0,0.0,10.0,,0.43418848514556885,-1.1531192064285278,-1.600281000137329,,
feedback,16.401867,1786508461835,7,57,10.0,0.0,10.0,,0.37861284613609314,-0.9217295050621033,-1.4488602876663208,,
feedback,16.410072,1786508461843,7,57,10.0,0.0,10.0,,0.3090130388736725,-0.7988654375076294,-1.2206670045852661,,
feedback,16.418962,1786508461852,7,57,10.0,0.0,10.0,,0.313007116317749,-0.7242181897163391,-1.2487579584121704,,
feedback,16.426682,1786508461860,7,57,10.0,0.0,10.0,,0.27822405099868774,-0.745936393737793,-1.1650598049163818,,
feedback,16.435256,1786508461869,7,57,10.0,0.0,10.0,,0.27607524394989014,-0.7757143974304199,-1.2265981435775757,,
feedback,16.444475,1786508461877,7,57,10.0,0.0,10.0,,0.2750386893749237,-0.7396723628044128,-1.206186294555664,,
feedback,16.450984,1786508461886,7,57,10.0,0.0,10.0,,0.3236469030380249,-0.8204141855239868,-1.46136474609375,,
feedback,16.459063,1786508461894,7,57,10.0,0.0,10.0,,0.25748950242996216,-0.8746614456176758,-1.6238529682159424,,
feedback,16.467410,1786508461903,7,57,10.0,0.0,10.0,,0.2525286078453064,-0.9612060189247131,-2.042222023010254,,
feedback,16.475580,1786508461907,7,57,10.0,0.0,10.0,,0.2292807400226593,-0.9627604484558105,-2.0758626461029053,,
feedback,16.485020,1786508461915,7,57,10.0,0.0,10.0,,0.2874191999435425,-0.9958124160766602,-2.3659839630126953,,
feedback,16.491967,1786508461924,7,57,10.0,0.0,10.0,,0.29365506768226624,-0.9500423073768616,-2.2908895015716553,,
feedback,16.501065,1786508461932,7,57,10.0,0.0,10.0,,0.3707791864871979,-0.9053314924240112,-2.2453866004943848,,
feedback,16.508598,1786508461941,7,57,10.0,0.0,10.0,,0.3415112793445587,-0.9902050495147705,-2.2370338439941406,,
feedback,16.516774,1786508461949,7,57,10.0,0.0,10.0,,0.3579481542110443,-1.1214122772216797,-2.3534419536590576,,
feedback,16.524895,1786508461957,7,57,10.0,0.0,10.0,,0.3500351011753082,-1.1384166479110718,-2.497331142425537,,
feedback,16.533623,1786508461966,7,57,10.0,0.0,10.0,,0.3824694752693176,-1.1912344694137573,-2.449859142303467,,
feedback,16.542224,1786508461974,7,57,10.0,0.0,10.0,,0.3565296232700348,-1.0857038497924805,-2.381010055541992,,
feedback,16.549497,1786508461983,7,57,10.0,0.0,10.0,,0.33897390961647034,-1.0509271621704102,-2.160799503326416,,
feedback,16.557984,1786508461991,7,57,10.0,0.0,10.0,,0.2612306773662567,-0.9377216100692749,-1.939353346824646,,
feedback,16.565877,1786508462000,7,57,10.0,0.0,10.0,,0.31771188974380493,-0.9081500172615051,-1.9823596477508545,,
feedback,16.574042,1786508462008,7,57,10.0,0.0,10.0,,0.291042685508728,-0.9689136743545532,-2.1941170692443848,,
feedback,16.581966,1786508462017,7,57,10.0,0.0,10.0,,0.33000656962394714,-0.9384521842002869,-2.277851104736328,,
feedback,16.590417,1786508462025,7,57,10.0,0.0,10.0,,0.3405287563800812,-0.9258303642272949,-2.4636929035186768,,
feedback,16.598591,1786508462034,7,57,10.0,0.0,10.0,,0.32534313201904297,-0.8589585423469543,-2.4430551528930664,,
feedback,16.606709,1786508462042,7,57,10.0,0.0,10.0,,0.2437312752008438,-0.6739403009414673,-2.3250205516815186,,
feedback,16.614689,1786508462046,7,57,10.0,0.0,10.0,,0.17949071526527405,-0.6489571332931519,-2.2752294540405273,,
feedback,16.622791,1786508462055,7,57,10.0,0.0,10.0,,0.15729191899299622,-0.4629994034767151,-2.014646530151367,,
feedback,16.633580,1786508462063,7,57,10.0,0.0,10.0,,0.14634573459625244,-0.42440134286880493,-1.9595732688903809,,
feedback,16.639465,1786508462072,7,57,10.0,0.0,10.0,,0.12923261523246765,-0.43857312202453613,-1.9727234840393066,,
feedback,16.647411,1786508462080,7,57,10.0,0.0,10.0,,0.09690465778112411,-0.5097296833992004,-1.9027029275894165,,
feedback,16.655494,1786508462088,7,57,10.0,0.0,10.0,,0.12413301318883896,-0.5063677430152893,-1.8760147094726562,,
feedback,16.663976,1786508462097,7,57,10.0,0.0,10.0,,0.14485463500022888,-0.5044254660606384,-2.0689537525177,,
feedback,16.672257,1786508462105,7,57,10.0,0.0,10.0,,0.09176890552043915,-0.5238484740257263,-2.191067934036255,,
feedback,16.680383,1786508462114,7,57,10.0,0.0,10.0,,0.14194895327091217,-0.5239975452423096,-2.522216796875,,
feedback,16.688805,1786508462122,7,57,10.0,0.0,10.0,,0.09960132092237473,-0.5610172152519226,-2.802461624145508,,
feedback,16.696768,1786508462131,7,57,10.0,0.0,10.0,,0.1272401213645935,-0.5705821514129639,-3.1054129600524902,,
feedback,16.704940,1786508462139,7,57,10.0,0.0,10.0,,0.15337960422039032,-0.5956743359565735,-3.2708675861358643,,
feedback,16.713869,1786508462147,7,57,10.0,0.0,10.0,,0.11065372824668884,-0.5835711359977722,-3.1530086994171143,,
feedback,16.721000,1786508462156,7,57,10.0,0.0,10.0,,0.12543436884880066,-0.6074360609054565,-3.0502326488494873,,
feedback,16.730019,1786508462164,7,57,10.0,0.0,10.0,,0.09185555577278137,-0.6213982701301575,-2.9530301094055176,,
feedback,16.737611,1786508462173,7,57,10.0,0.0,10.0,,0.14576590061187744,-0.5717650651931763,-2.961620569229126,,
feedback,16.746535,1786508462181,7,57,10.0,0.0,10.0,,0.11153426021337509,-0.5999214053153992,-3.049764394760132,,
feedback,16.756962,1786508462185,7,57,10.0,0.0,10.0,,0.12092133611440659,-0.6038468480110168,-2.988172769546509,,
feedback,16.762316,1786508462194,7,57,10.0,0.0,10.0,,0.11702710390090942,-0.5333961248397827,-2.837353467941284,,
feedback,16.770256,1786508462203,7,57,10.0,0.0,10.0,,0.07885213941335678,-0.5412322282791138,-2.740123748779297,,
feedback,16.779611,1786508462212,7,57,10.0,0.0,10.0,,0.10776224732398987,-0.5295869708061218,-2.871469259262085,,
feedback,16.786860,1786508462220,7,57,10.0,0.0,10.0,,0.10283730179071426,-0.5085663199424744,-3.1050124168395996,,
feedback,16.795505,1786508462228,7,57,10.0,0.0,10.0,,0.1162739247083664,-0.48034337162971497,-3.291032314300537,,
feedback,16.803704,1786508462237,7,57,10.0,0.0,10.0,,0.09777873009443283,-0.3790437877178192,-3.1537458896636963,,
feedback,16.811517,1786508462245,7,57,10.0,0.0,10.0,,0.09136565029621124,-0.29622069001197815,-2.9273009300231934,,
feedback,16.820472,1786508462254,7,57,10.0,0.0,10.0,,0.013277559541165829,-0.21850131452083588,-2.6989786624908447,,
feedback,16.827842,1786508462262,7,57,10.0,0.0,10.0,,0.002157959621399641,-0.19496287405490875,-2.5064549446105957,,
feedback,16.835929,1786508462271,7,57,10.0,0.0,10.0,,0.006978827994316816,-0.1869076043367386,-2.3486127853393555,,
feedback,16.844101,1786508462279,7,57,10.0,0.0,10.0,,0.003276417264714837,-0.2028537094593048,-2.369025230407715,,
feedback,16.852242,1786508462288,7,57,10.0,0.0,10.0,,-0.004268804099410772,-0.20557914674282074,-2.368826150894165,,
feedback,16.860681,1786508462292,7,57,10.0,0.0,10.0,,-0.013086894527077675,-0.2226286083459854,-2.5676965713500977,,
feedback,16.868679,1786508462300,7,57,10.0,0.0,10.0,,-0.003931484185159206,-0.1672852337360382,-2.7262704372406006,,
feedback,16.876611,1786508462309,7,57,10.0,0.0,10.0,,-0.06812979280948639,-0.1032726913690567,-2.8898589611053467,,
feedback,16.884612,1786508462317,7,57,10.0,0.0,10.0,,-0.10086739808320999,-0.033181916922330856,-3.432081937789917,,
feedback,16.893335,1786508462325,7,57,10.0,0.0,10.0,,-0.11609367281198502,-0.01547771506011486,-3.7134578227996826,,
feedback,16.901422,1786508462334,7,57,10.0,0.0,10.0,,-0.11194173246622086,-0.027647269889712334,-3.8302981853485107,,
feedback,16.910054,1786508462342,7,57,10.0,0.0,10.0,,-0.10016235709190369,-0.023068830370903015,-3.851248025894165,,
feedback,16.918128,1786508462351,7,57,10.0,0.0,10.0,,-0.08400513976812363,-0.0466729998588562,-3.721020460128784,,
feedback,16.926163,1786508462359,7,57,10.0,0.0,10.0,,-0.10319851338863373,-0.03287889063358307,-3.624404191970825,,
feedback,16.934507,1786508462368,7,57,10.0,0.0,10.0,,-0.0922427549958229,-0.02949785254895687,-3.4255220890045166,,
feedback,16.946543,1786508462376,7,57,10.0,0.0,10.0,,-0.08169800788164139,-0.019178610295057297,-3.219788074493408,,
feedback,16.950357,1786508462385,7,57,10.0,0.0,10.0,,-0.09166353940963745,-0.029454469680786133,-3.487328052520752,,
feedback,16.958491,1786508462393,7,57,10.0,0.0,10.0,,-0.1126643717288971,-0.007029429078102112,-3.7410855293273926,,
feedback,16.967559,1786508462401,7,57,10.0,0.0,10.0,,-0.14784324169158936,0.03845318406820297,-3.8572123050689697,,
feedback,16.975273,1786508462410,7,57,10.0,0.0,10.0,,-0.10618872940540314,-0.017805060371756554,-4.036579132080078,,
feedback,16.983104,1786508462418,7,57,10.0,0.0,10.0,,-0.1310005933046341,0.0459958091378212,-4.221742630004883,,
feedback,16.991160,1786508462427,7,57,10.0,0.0,10.0,,-0.1407407969236374,0.02778501994907856,-4.262577533721924,,
feedback,16.999679,1786508462435,7,57,10.0,0.0,10.0,,-0.10479366779327393,0.024556124582886696,-3.7620627880096436,,
feedback,17.008114,1786508462440,7,57,10.0,0.0,10.0,,-0.12860557436943054,0.0374678298830986,-3.7615134716033936,,
feedback,17.016723,1786508462448,7,57,10.0,0.0,10.0,,-0.12899917364120483,0.06453971564769745,-3.363241672515869,,
feedback,17.024094,1786508462456,7,57,10.0,0.0,10.0,,-0.09143248200416565,0.025545092299580574,-2.9106173515319824,,
feedback,17.032193,1786508462465,7,57,10.0,0.0,10.0,,-0.06185595691204071,0.03495296090841293,-2.6984481811523438,,
feedback,17.040522,1786508462473,7,57,10.0,0.0,10.0,,-0.06911575049161911,0.009368909522891045,-2.581273078918457,,
feedback,17.048884,1786508462482,7,57,10.0,0.0,10.0,,-0.0686362236738205,0.010384336113929749,-2.718703269958496,,
feedback,17.057191,1786508462490,7,57,10.0,0.0,10.0,,-0.10680091381072998,0.012163492850959301,-2.9101009368896484,,
feedback,17.069759,1786508462498,7,57,10.0,0.0,10.0,,-0.12403683364391327,0.036423176527023315,-3.2258026599884033,,
feedback,17.073365,1786508462507,7,57,10.0,0.0,10.0,,-0.1052589863538742,0.022257821634411812,-3.356745481491089,,
feedback,17.081387,1786508462515,7,57,10.0,0.0,10.0,,-0.09592165797948837,-0.016994589939713478,-3.466707468032837,,
feedback,17.089544,1786508462524,7,57,10.0,0.0,10.0,,-0.1069507747888565,0.0015927565982565284,-3.6039464473724365,,
feedback,17.098077,1786508462532,7,57,10.0,0.0,10.0,,-0.1201445534825325,-0.025253845378756523,-3.5484864711761475,,
feedback,17.106885,1786508462541,7,57,10.0,0.0,10.0,,-0.12212584912776947,-0.01075974851846695,-3.7957875728607178,,
feedback,17.114756,1786508462549,7,57,10.0,0.0,10.0,,-0.12711241841316223,-0.018965868279337883,-4.0291571617126465,,
feedback,17.123033,1786508462558,7,57,10.0,0.0,10.0,,-0.1361970603466034,0.07396954298019409,-4.4965996742248535,,
feedback,17.130716,1786508462566,7,57,10.0,0.0,10.0,,-0.13742764294147491,0.016420921310782433,-4.661115646362305,,
feedback,17.138947,1786508462571,7,57,10.0,0.0,10.0,,-0.14517535269260406,0.02871190570294857,-4.777780055999756,,
feedback,17.147501,1786508462579,7,57,10.0,0.0,10.0,,-0.15566059947013855,0.06937369704246521,-4.963249206542969,,
feedback,17.156342,1786508462587,7,57,10.0,0.0,10.0,,-0.16871507465839386,0.00740854861214757,-5.051880359649658,,
feedback,17.163682,1786508462596,7,57,10.0,0.0,10.0,,-0.15348811447620392,-0.030598672106862068,-5.052059173583984,,
feedback,17.171810,1786508462604,7,57,10.0,0.0,10.0,,-0.1499888300895691,0.021109767258167267,-5.011245250701904,,
feedback,17.179980,1786508462613,7,57,10.0,0.0,10.0,,-0.17420557141304016,-0.0019492546562105417,-5.086020469665527,,
feedback,17.193027,1786508462621,7,57,10.0,0.0,10.0,,-0.15918339788913727,-0.08397052437067032,-5.051548480987549,,
feedback,17.196356,1786508462630,7,57,10.0,0.0,10.0,,-0.16439582407474518,-0.07900264859199524,-5.00333833694458,,
feedback,17.204604,1786508462638,7,57,10.0,0.0,10.0,,-0.11286680400371552,-0.10543502867221832,-4.578676223754883,,
feedback,17.213381,1786508462646,7,57,10.0,0.0,10.0,,-0.14258843660354614,-0.07872258126735687,-4.907772064208984,,
feedback,17.220959,1786508462655,7,57,10.0,0.0,10.0,,-0.15566959977149963,-0.08259865641593933,-5.189021587371826,,
feedback,17.229533,1786508462663,7,57,10.0,0.0,10.0,,-0.1713007241487503,-0.058872040361166,-5.339858055114746,,
feedback,17.237382,1786508462671,7,57,10.0,0.0,10.0,,-0.1620342880487442,-0.048178255558013916,-5.202866554260254,,
feedback,17.246074,1786508462680,7,57,10.0,0.0,10.0,,-0.15834474563598633,-0.039577994495630264,-5.154967784881592,,
feedback,17.255908,1786508462688,7,57,10.0,0.0,10.0,,-0.15147310495376587,-0.0012892757076770067,-5.21028995513916,,
feedback,17.262039,1786508462697,7,57,10.0,0.0,10.0,,-0.15958768129348755,0.009302488528192043,-5.086434841156006,,
feedback,17.270544,1786508462705,7,57,10.0,0.0,10.0,,-0.1445949524641037,0.022030994296073914,-5.183077335357666,,
feedback,17.279224,1786508462713,7,57,10.0,0.0,10.0,,-0.15425296127796173,0.011101414449512959,-5.141534328460693,,
feedback,17.286381,1786508462722,7,57,10.0,0.0,10.0,,-0.1583237498998642,0.0022815687116235495,-5.086429595947266,,
feedback,17.294837,1786508462730,7,57,10.0,0.0,10.0,,-0.14208735525608063,0.014501283876597881,-4.771007537841797,,
feedback,17.303262,1786508462738,7,57,10.0,0.0,10.0,,-0.13954713940620422,0.022055968642234802,-4.578803062438965,,
feedback,17.312779,1786508462747,7,57,10.0,0.0,10.0,,-0.13240386545658112,-0.018665777519345284,-4.599371910095215,,
feedback,17.319364,1786508462751,7,57,10.0,0.0,10.0,,-0.10444416850805283,0.0344451405107975,-4.6279215812683105,,
feedback,17.328368,1786508462759,7,57,10.0,0.0,10.0,,-0.11871624737977982,0.030282141640782356,-4.950352668762207,,
feedback,17.335879,1786508462768,7,57,10.0,0.0,10.0,,-0.09478944540023804,-0.012183679267764091,-5.026252746582031,,
feedback,17.344081,1786508462776,7,57,10.0,0.0,10.0,,-0.14773699641227722,-0.022555788978934288,-5.38193416595459,,
feedback,17.353101,1786508462785,7,57,10.0,0.0,10.0,,-0.1439754217863083,-0.02886146306991577,-5.320166110992432,,
feedback,17.360883,1786508462793,7,57,10.0,0.0,10.0,,-0.14081723988056183,0.007739143446087837,-5.121285438537598,,
feedback,17.369481,1786508462802,7,57,10.0,0.0,10.0,,-0.13698093593120575,0.016279559582471848,-5.10772180557251,,
feedback,17.380745,1786508462810,7,57,10.0,0.0,10.0,,-0.14394691586494446,-0.05095379427075386,-5.196409702301025,,
feedback,17.384900,1786508462819,7,57,10.0,0.0,10.0,,-0.1487383395433426,-0.045776739716529846,-5.031475067138672,,
feedback,17.393148,1786508462827,7,57,10.0,0.0,10.0,,-0.14439523220062256,-0.023010872304439545,-4.894366264343262,,
feedback,17.401378,1786508462835,7,57,10.0,0.0,10.0,,-0.1385023444890976,-0.035812485963106155,-4.832606315612793,,
feedback,17.409586,1786508462844,7,57,10.0,0.0,10.0,,-0.13946697115898132,-0.02200801856815815,-4.87383508682251,,
feedback,17.418195,1786508462852,7,57,10.0,0.0,10.0,,-0.13442553579807281,-0.08503414690494537,-4.942277908325195,,
feedback,17.425960,1786508462861,7,57,10.0,0.0,10.0,,-0.15462210774421692,0.0024704451207071543,-5.065972805023193,,
feedback,17.434804,1786508462869,7,57,10.0,0.0,10.0,,-0.13185559213161469,-0.025677667930722237,-5.361719608306885,,
feedback,17.442992,1786508462877,7,57,10.0,0.0,10.0,,-0.15018947422504425,-0.010187284089624882,-5.381941318511963,,
feedback,17.451566,1786508462886,7,57,10.0,0.0,10.0,,-0.14544372260570526,-0.0014849413419142365,-5.361523628234863,,
feedback,17.459360,1786508462894,7,57,10.0,0.0,10.0,,-0.13988395035266876,-0.007315854541957378,-5.16245174407959,,
feedback,17.467632,1786508462899,7,57,10.0,0.0,10.0,,-0.1363040804862976,-0.013568846508860588,-5.086947917938232,,
feedback,17.475195,1786508462907,7,57,10.0,0.0,10.0,,-0.1503598392009735,0.03239881247282028,-5.20363712310791,,
feedback,17.483610,1786508462915,7,57,10.0,0.0,10.0,,-0.17063410580158234,0.039833322167396545,-5.031454563140869,,
feedback,17.491223,1786508462924,7,57,10.0,0.0,10.0,,-0.16008497774600983,0.021670561283826828,-4.990429878234863,,
feedback,17.499775,1786508462932,7,57,10.0,0.0,10.0,,-0.15442530810832977,0.04469071328639984,-4.9357380867004395,,
feedback,17.507685,1786508462941,7,57,10.0,0.0,10.0,,-0.16352325677871704,0.09891083836555481,-4.839658260345459,,
feedback,17.516729,1786508462949,7,57,10.0,0.0,10.0,,-0.14147041738033295,0.07698440551757812,-4.798866271972656,,
feedback,17.524239,1786508462958,7,57,10.0,0.0,10.0,,-0.188654825091362,0.15567439794540405,-5.059139728546143,,
feedback,17.532691,1786508462966,7,57,10.0,0.0,10.0,,-0.2036636620759964,0.10798976570367813,-5.188973903656006,,
feedback,17.540915,1786508462974,7,57,10.0,0.0,10.0,,-0.18734391033649445,0.11344575881958008,-5.216950416564941,,
feedback,17.548672,1786508462983,7,57,10.0,0.0,10.0,,-0.16710247099399567,0.08397142589092255,-5.189843654632568,,
feedback,17.556953,1786508462991,7,57,10.0,0.0,10.0,,-0.19804395735263824,0.10258536040782928,-5.161654949188232,,
feedback,17.567949,1786508463000,7,57,10.0,0.0,10.0,,-0.14944973587989807,0.06736250221729279,-5.114585876464844,,
feedback,17.573209,1786508463008,7,57,10.0,0.0,10.0,,-0.1770133376121521,0.03687850013375282,-5.058725357055664,,
feedback,17.581441,1786508463016,7,57,10.0,0.0,10.0,,-0.18054217100143433,0.043014995753765106,-5.134228706359863,,
feedback,17.589374,1786508463025,7,57,10.0,0.0,10.0,,-0.1997988224029541,-0.013638476841151714,-5.167656898498535,,
feedback,17.597565,1786508463033,7,57,10.0,0.0,10.0,,-0.1653209626674652,-0.0029282651375979185,-4.996953010559082,,
feedback,17.606023,1786508463042,7,57,10.0,0.0,10.0,,-0.19076955318450928,0.010112098418176174,-4.598029136657715,,
feedback,17.614241,1786508463046,7,57,10.0,0.0,10.0,,-0.19495104253292084,0.030266916379332542,-4.529374122619629,,
feedback,17.623087,1786508463054,7,57,10.0,0.0,10.0,,-0.17645952105522156,0.04317858815193176,-4.605471611022949,,
feedback,17.631490,1786508463063,7,57,10.0,0.0,10.0,,-0.20691734552383423,0.04137679189443588,-5.064833641052246,,
feedback,17.638655,1786508463071,7,57,10.0,0.0,10.0,,-0.1720525622367859,0.08126368373632431,-5.155343532562256,,
feedback,17.647085,1786508463080,7,57,10.0,0.0,10.0,,-0.17143243551254272,0.08883550018072128,-5.40266227722168,,
feedback,17.655768,1786508463088,7,57,10.0,0.0,10.0,,-0.1546372026205063,0.07958497107028961,-5.409908771514893,,
feedback,17.665616,1786508463096,7,57,10.0,0.0,10.0,,-0.15838870406150818,0.05691872537136078,-5.437157154083252,,
feedback,17.673317,1786508463105,7,57,10.0,0.0,10.0,,-0.12805163860321045,0.051386937499046326,-5.101367473602295,,
feedback,17.681254,1786508463113,7,57,10.0,0.0,10.0,,-0.13869573175907135,0.019078144803643227,-4.984109401702881,,
feedback,17.689223,1786508463122,7,57,10.0,0.0,10.0,,-0.12685127556324005,0.0010826351353898644,-4.88130521774292,,
feedback,17.697683,1786508463130,7,57,10.0,0.0,10.0,,-0.13341937959194183,-0.0010398395825177431,-4.901716232299805,,
feedback,17.705575,1786508463139,7,57,10.0,0.0,10.0,,-0.12761592864990234,0.014828573912382126,-4.833274841308594,,
feedback,17.713980,1786508463147,7,57,10.0,0.0,10.0,,-0.1269492208957672,0.04318463057279587,-4.599917411804199,,
feedback,17.722107,1786508463155,7,57,10.0,0.0,10.0,,-0.17033398151397705,0.0945032387971878,-4.708996295928955,,
feedback,17.730625,1786508463164,7,57,10.0,0.0,10.0,,-0.1956251859664917,0.0799700990319252,-4.996720314025879,,
feedback,17.738705,1786508463173,7,57,10.0,0.0,10.0,,-0.1585439145565033,0.08420506864786148,-5.1282548904418945,,
feedback,17.746616,1786508463181,7,57,10.0,0.0,10.0,,-0.16886276006698608,0.0666797086596489,-5.230867385864258,,
feedback,17.754627,1786508463189,7,57,10.0,0.0,10.0,,-0.20320767164230347,0.07076680660247803,-5.339908599853516,,
feedback,17.763103,1786508463198,7,57,10.0,0.0,10.0,,-0.16475723683834076,0.06781147420406342,-5.2790846824646,,
feedback,17.771708,1786508463206,7,57,10.0,0.0,10.0,,-0.19234594702720642,0.03053915500640869,-5.0514326095581055,,
feedback,17.780083,1786508463215,7,57,10.0,0.0,10.0,,-0.1664818525314331,0.08841951936483383,-5.107468605041504,,
feedback,17.788552,1786508463223,7,57,10.0,0.0,10.0,,-0.14687445759773254,0.09417470544576645,-4.956971645355225,,
feedback,17.797585,1786508463232,7,57,10.0,0.0,10.0,,-0.1620931327342987,0.07516518235206604,-4.977020263671875,,
feedback,17.807442,1786508463240,7,57,10.0,0.0,10.0,,-0.16485683619976044,0.09561502933502197,-5.052582263946533,,
feedback,17.813707,1786508463248,7,57,10.0,0.0,10.0,,-0.15601342916488647,0.09804043173789978,-5.0322041511535645,,
feedback,17.821641,1786508463253,7,57,10.0,0.0,10.0,,-0.143504336476326,0.11587873846292496,-4.874692440032959,,
feedback,17.829933,1786508463261,7,57,10.0,0.0,10.0,,-0.11293569952249527,0.1106661707162857,-5.102152347564697,,
feedback,17.838082,1786508463270,7,57,10.0,0.0,10.0,,-0.12933525443077087,0.0987696424126625,-5.177234172821045,,
feedback,17.846720,1786508463278,7,57,10.0,0.0,10.0,,-0.10575991123914719,0.08414795249700546,-5.136588096618652,,
feedback,17.854127,1786508463286,7,57,10.0,0.0,10.0,,-0.17810910940170288,0.04869731888175011,-5.189383506774902,,
feedback,17.862075,1786508463295,7,57,10.0,0.0,10.0,,-0.14418765902519226,0.029867060482501984,-5.197021484375,,
feedback,17.870375,1786508463303,7,57,10.0,0.0,10.0,,-0.15967734158039093,0.032425303012132645,-5.251563549041748,,
feedback,17.879387,1786508463312,7,57,10.0,0.0,10.0,,-0.17144325375556946,0.0071357726119458675,-5.010612964630127,,
feedback,17.887279,1786508463320,7,57,10.0,0.0,10.0,,-0.16981624066829681,0.02919420227408409,-5.230626583099365,,
feedback,17.894843,1786508463328,7,57,10.0,0.0,10.0,,-0.18648605048656464,0.017113538458943367,-5.223208904266357,,
feedback,17.902754,1786508463337,7,57,10.0,0.0,10.0,,-0.1491604894399643,0.0061540487222373486,-4.942529201507568,,
feedback,17.911114,1786508463345,7,57,10.0,0.0,10.0,,-0.1575293242931366,0.03931707143783569,-4.812067031860352,,
feedback,17.919695,1786508463354,7,57,10.0,0.0,10.0,,-0.12755556404590607,0.0047566648572683334,-4.524151802062988,,
feedback,17.928163,1786508463362,7,57,10.0,0.0,10.0,,-0.1344524621963501,0.009987602941691875,-4.791868209838867,,
feedback,17.937149,1786508463370,7,57,10.0,0.0,10.0,,-0.1452551633119583,0.042752936482429504,-5.1077880859375,,
feedback,17.944638,1786508463379,7,57,10.0,0.0,10.0,,-0.11769761145114899,0.014803316444158554,-5.149547576904297,,
feedback,17.953253,1786508463387,7,57,10.0,0.0,10.0,,-0.12087994813919067,0.01386425644159317,-5.417293548583984,,
feedback,17.960778,1786508463396,7,57,10.0,0.0,10.0,,-0.13171228766441345,0.03206201642751694,-5.485779762268066,,
feedback,17.969337,1786508463404,7,57,10.0,0.0,10.0,,-0.1338341236114502,0.017059694975614548,-5.2521443367004395,,
feedback,17.976798,1786508463412,7,57,10.0,0.0,10.0,,-0.14546585083007812,0.02073814906179905,-5.045815944671631,,
feedback,17.985586,1786508463417,7,57,10.0,0.0,10.0,,-0.11219716817140579,0.0014822079101577401,-5.080911636352539,,
feedback,17.993319,1786508463425,7,57,10.0,0.0,10.0,,-0.12673616409301758,0.018745217472314835,-5.2866740226745605,,
feedback,18.001355,1786508463433,7,57,10.0,0.0,10.0,,-0.10928622633218765,0.001926493481732905,-4.9298906326293945,,
feedback,18.010394,1786508463442,7,57,10.0,0.0,10.0,,-0.13382060825824738,0.04486194625496864,-4.950117588043213,,
feedback,18.018205,1786508463450,7,57,10.0,0.0,10.0,,-0.12117324769496918,-0.008834868669509888,-4.716546058654785,,
feedback,18.026627,1786508463459,7,57,10.0,0.0,10.0,,-0.14540766179561615,0.005621117074042559,-4.468694686889648,,
feedback,18.034737,1786508463467,7,57,10.0,0.0,10.0,,-0.13286906480789185,-0.005080442875623703,-4.839901924133301,,
feedback,18.043040,1786508463476,7,57,10.0,0.0,10.0,,-0.14936314523220062,-0.01674898900091648,-5.052307605743408,,
feedback,18.051381,1786508463484,7,57,10.0,0.0,10.0,,-0.16640923917293549,-0.028546497225761414,-5.202907562255859,,
feedback,18.059652,1786508463493,7,57,10.0,0.0,10.0,,-0.16430464386940002,-0.035179972648620605,-5.189179420471191,,
feedback,18.068157,1786508463501,7,57,10.0,0.0,10.0,,-0.18206676840782166,-0.011700288392603397,-5.09956693649292,,
feedback,18.076038,1786508463510,7,57,10.0,0.0,10.0,,-0.1584334671497345,0.05155307054519653,-5.176212787628174,,
feedback,18.085796,1786508463518,7,57,10.0,0.0,10.0,,-0.16076043248176575,0.057877931743860245,-4.983847141265869,,
feedback,18.092008,1786508463527,7,57,10.0,0.0,10.0,,-0.18259349465370178,0.05191773921251297,-5.072507858276367,,
feedback,18.100252,1786508463535,7,57,10.0,0.0,10.0,,-0.18738682568073273,0.029197638854384422,-4.976040363311768,,
feedback,18.108509,1786508463543,7,57,10.0,0.0,10.0,,-0.18291229009628296,0.06586901843547821,-5.106884479522705,,
feedback,18.117269,1786508463552,7,57,10.0,0.0,10.0,,-0.13793329894542694,-0.021699365228414536,-5.06627082824707,,
feedback,18.125423,1786508463560,7,57,10.0,0.0,10.0,,-0.13840509951114655,0.03490220010280609,-4.750703811645508,,
feedback,18.137313,1786508463569,7,57,10.0,0.0,10.0,,-0.13797512650489807,-0.014812464825809002,-4.743475437164307,,
feedback,18.141906,1786508463573,7,57,10.0,0.0,10.0,,-0.1315973848104477,-0.02734784223139286,-5.107630729675293,,
feedback,18.149961,1786508463581,7,57,10.0,0.0,10.0,,-0.13466478884220123,-0.007003739010542631,-5.052825927734375,,
feedback,18.158113,1786508463590,7,57,10.0,0.0,10.0,,-0.16532184183597565,0.04161355271935463,-5.100458145141602,,
feedback,18.166168,1786508463598,7,57,10.0,0.0,10.0,,-0.14766386151313782,0.031948722898960114,-5.231316566467285,,
feedback,18.174582,1786508463607,7,57,10.0,0.0,10.0,,-0.14531220495700836,0.03246162831783295,-5.334347248077393,,
feedback,18.182619,1786508463615,7,57,10.0,0.0,10.0,,-0.14641481637954712,0.003701537847518921,-5.1005778312683105,,
feedback,18.192990,1786508463624,7,57,10.0,0.0,10.0,,-0.15529339015483856,0.05094606429338455,-5.210586071014404,,
feedback,18.198438,1786508463632,7,57,10.0,0.0,10.0,,-0.12989626824855804,-0.020600154995918274,-5.258834362030029,,
feedback,18.206499,1786508463640,7,57,10.0,0.0,10.0,,-0.13617587089538574,-0.008119662292301655,-5.025238513946533,,
feedback,18.215419,1786508463649,7,57,10.0,0.0,10.0,,-0.15151439607143402,-0.0476127453148365,-4.811644554138184,,
feedback,18.224094,1786508463657,7,57,10.0,0.0,10.0,,-0.0883747786283493,-0.1449294239282608,-4.689033031463623,,
feedback,18.231964,1786508463666,7,57,10.0,0.0,10.0,,-0.11025285720825195,-0.08683888614177704,-4.730049133300781,,
feedback,18.240315,1786508463674,7,57,10.0,0.0,10.0,,-0.1354859322309494,-0.09344311058521271,-4.990322113037109,,
feedback,18.248604,1786508463682,7,57,10.0,0.0,10.0,,-0.14600428938865662,-0.032456085085868835,-5.169023513793945,,
feedback,18.256000,1786508463691,7,57,10.0,0.0,10.0,,-0.1289699375629425,-0.007029223721474409,-5.307058334350586,,
feedback,18.264943,1786508463699,7,57,10.0,0.0,10.0,,-0.17631202936172485,0.002092819195240736,-5.415739059448242,,
feedback,18.272439,1786508463708,7,57,10.0,0.0,10.0,,-0.15854768455028534,0.034785255789756775,-5.368415832519531,,
feedback,18.280836,1786508463716,7,57,10.0,0.0,10.0,,-0.16224214434623718,0.062123361974954605,-5.196803092956543,,
feedback,18.289053,1786508463720,7,57,10.0,0.0,10.0,,-0.1292586624622345,0.020927362143993378,-4.936366558074951,,
feedback,18.297381,1786508463729,7,57,10.0,0.0,10.0,,-0.15748699009418488,0.049024906009435654,-5.189953327178955,,
feedback,18.307198,1786508463737,7,57,10.0,0.0,10.0,,-0.15417413413524628,0.014386848546564579,-5.0387139320373535,,
feedback,18.313975,1786508463745,7,57,10.0,0.0,10.0,,-0.16338501870632172,0.026118462905287743,-5.1072001457214355,,
feedback,18.322070,1786508463754,7,57,10.0,0.0,10.0,,-0.15292209386825562,0.021739166229963303,-4.887598991394043,,
feedback,18.331328,1786508463762,7,57,10.0,0.0,10.0,,-0.15901267528533936,0.027272982522845268,-4.702045917510986,,
feedback,18.338053,1786508463771,7,57,10.0,0.0,10.0,,-0.16712018847465515,0.03922253102064133,-4.722579002380371,,
feedback,18.346645,1786508463779,7,57,10.0,0.0,10.0,,-0.1752539426088333,0.02982262894511223,-5.258017539978027,,
feedback,18.356755,1786508463788,7,57,10.0,0.0,10.0,,-0.15652693808078766,0.020233014598488808,-5.237829208374023,,
feedback,18.364216,1786508463796,7,57,10.0,0.0,10.0,,-0.15935707092285156,0.019366269931197166,-5.285852909088135,,
feedback,18.371211,1786508463804,7,57,10.0,0.0,10.0,,-0.16670650243759155,0.01034232135862112,-5.292489528656006,,
feedback,18.379611,1786508463813,7,57,10.0,0.0,10.0,,-0.16620036959648132,0.01038186252117157,-5.251297950744629,,
feedback,18.387222,1786508463821,7,57,10.0,0.0,10.0,,-0.14654220640659332,-0.03422697260975838,-4.928676128387451,,
feedback,18.396135,1786508463830,7,57,10.0,0.0,10.0,,-0.11976173520088196,-0.013856501318514347,-5.053193092346191,,
feedback,18.403600,1786508463838,7,57,10.0,0.0,10.0,,-0.11892855912446976,-0.03488148748874664,-5.046164035797119,,
feedback,18.412220,1786508463846,7,57,10.0,0.0,10.0,,-0.10012096166610718,-0.058556150645017624,-4.8747663497924805,,
feedback,18.420772,1786508463855,7,57,10.0,0.0,10.0,,-0.11179308593273163,-0.04027241840958595,-4.95011043548584,,
feedback,18.427988,1786508463863,7,57,10.0,0.0,10.0,,-0.09936314821243286,-0.044337447732686996,-4.764965534210205,,
feedback,18.436904,1786508463872,7,57,10.0,0.0,10.0,,-0.1309647262096405,-0.0025290122721344233,-4.661406517028809,,
feedback,18.445111,1786508463876,7,57,10.0,0.0,10.0,,-0.14896263182163239,-0.00014430911687668413,-4.990664958953857,,
feedback,18.452954,1786508463884,7,57,10.0,0.0,10.0,,-0.13761235773563385,-0.01874825544655323,-4.977112770080566,,
feedback,18.460699,1786508463893,7,57,10.0,0.0,10.0,,-0.14779923856258392,0.027928318828344345,-5.190104961395264,,
feedback,18.471359,1786508463901,7,57,10.0,0.0,10.0,,-0.19047856330871582,0.038800403475761414,-5.374478340148926,,
feedback,18.476904,1786508463910,7,57,10.0,0.0,10.0,,-0.17428112030029297,-0.020680956542491913,-5.188984394073486,,
feedback,18.485380,1786508463918,7,57,10.0,0.0,10.0,,-0.16187645494937897,0.024530095979571342,-5.072881698608398,,
feedback,18.493308,1786508463927,7,57,10.0,0.0,10.0,,-0.15593500435352325,-0.009537036530673504,-5.278828144073486,,
feedback,18.502104,1786508463935,7,57,10.0,0.0,10.0,,-0.14566634595394135,0.020791741088032722,-5.3205695152282715,,
feedback,18.509563,1786508463943,7,57,10.0,0.0,10.0,,-0.1574401706457138,0.004109450615942478,-4.942401885986328,,
feedback,18.517916,1786508463952,7,57,10.0,0.0,10.0,,-0.165630504488945,0.009188348427414894,-4.880414962768555,,
feedback,18.528214,1786508463960,7,57,10.0,0.0,10.0,,-0.1463596224784851,-0.0004583278496284038,-4.894566535949707,,
feedback,18.534564,1786508463969,7,57,10.0,0.0,10.0,,-0.14227241277694702,0.007709680125117302,-4.805388927459717,,
feedback,18.542294,1786508463977,7,57,10.0,0.0,10.0,,-0.15342503786087036,0.04688851907849312,-5.011475086212158,,
feedback,18.551701,1786508463986,7,57,10.0,0.0,10.0,,-0.16615718603134155,0.05071926489472389,-5.224079608917236,,
feedback,18.559467,1786508463994,7,57,10.0,0.0,10.0,,-0.1887720823287964,0.038259852677583694,-5.3332977294921875,,
feedback,18.567444,1786508464002,7,57,10.0,0.0,10.0,,-0.1572851836681366,0.02411622181534767,-5.354658603668213,,
feedback,18.575715,1786508464011,7,57,10.0,0.0,10.0,,-0.13782961666584015,0.014440992847084999,-5.1971516609191895,,
feedback,18.582977,1786508464015,7,57,10.0,0.0,10.0,,-0.15646758675575256,0.003170077921822667,-5.230896472930908,,
feedback,18.591606,1786508464023,7,57,10.0,0.0,10.0,,-0.1416396051645279,-0.028432609513401985,-4.976919174194336,,
feedback,18.600535,1786508464032,7,57,10.0,0.0,10.0,,-0.12769709527492523,-0.03253626823425293,-5.0459513664245605,,
feedback,18.608362,1786508464040,7,57,10.0,0.0,10.0,,-0.15242667496204376,0.004000578075647354,-5.038693904876709,,
feedback,18.616904,1786508464048,7,57,10.0,0.0,10.0,,-0.16287286579608917,0.022768978029489517,-5.0179266929626465,,
feedback,18.624284,1786508464057,7,57,10.0,0.0,10.0,,-0.1625557541847229,0.001779111917130649,-4.962821960449219,,
feedback,18.634609,1786508464065,7,57,10.0,0.0,10.0,,-0.14457900822162628,0.06922703981399536,-4.730253219604492,,
feedback,18.640336,1786508464074,7,57,10.0,0.0,10.0,,-0.1418914496898651,0.05561443418264389,-4.7096381187438965,,
feedback,18.648856,1786508464082,7,57,10.0,0.0,10.0,,-0.13962382078170776,0.06241557374596596,-5.1218767166137695,,
feedback,18.657263,1786508464090,7,57,10.0,0.0,10.0,,-0.14049193263053894,0.05491572618484497,-5.087503910064697,,
feedback,18.666077,1786508464099,7,57,10.0,0.0,10.0,,-0.14584770798683167,0.06041479855775833,-5.197315216064453,,
feedback,18.674048,1786508464107,7,57,10.0,0.0,10.0,,-0.14859545230865479,0.07378626614809036,-5.176729679107666,,
feedback,18.682542,1786508464116,7,57,10.0,0.0,10.0,,-0.16064299643039703,0.0569053553044796,-5.36169958114624,,
feedback,18.690086,1786508464124,7,57,10.0,0.0,10.0,,-0.1392262578010559,0.04764961078763008,-5.018828392028809,,
feedback,18.698663,1786508464132,7,57,10.0,0.0,10.0,,-0.1258755922317505,0.050362568348646164,-5.053548812866211,,
feedback,18.706866,1786508464141,7,57,10.0,0.0,10.0,,-0.1396319419145584,0.00543245580047369,-5.148926734924316,,
feedback,18.714751,1786508464150,7,57,10.0,0.0,10.0,,-0.12373600900173187,-0.019254956394433975,-5.073614120483398,,
feedback,18.723579,1786508464158,7,57,10.0,0.0,10.0,,-0.14798924326896667,0.04562267288565636,-4.997906684875488,,
feedback,18.731681,1786508464166,7,57,10.0,0.0,10.0,,-0.15923120081424713,0.05046951025724411,-4.832781791687012,,
feedback,18.741042,1786508464171,7,57,10.0,0.0,10.0,,-0.1634812206029892,0.07772434502840042,-4.61310338973999,,
feedback,18.747961,1786508464179,7,57,10.0,0.0,10.0,,-0.16778109967708588,0.04840189963579178,-4.743294715881348,,
feedback,18.755746,1786508464188,7,57,10.0,0.0,10.0,,-0.16981671750545502,0.1032797172665596,-4.997833251953125,,
feedback,18.764321,1786508464196,7,57,10.0,0.0,10.0,,-0.18643294274806976,0.09947521984577179,-5.072926044464111,,
feedback,18.772805,1786508464205,7,57,10.0,0.0,10.0,,-0.1578141152858734,0.0982675701379776,-5.073704242706299,,
feedback,18.780765,1786508464213,7,57,10.0,0.0,10.0,,-0.17546865344047546,0.0732899159193039,-5.313395977020264,,
feedback,18.788836,1786508464221,7,57,10.0,0.0,10.0,,-0.17439669370651245,0.08772531896829605,-5.203603744506836,,
feedback,18.796479,1786508464230,7,57,10.0,0.0,10.0,,-0.15718583762645721,0.06342755258083344,-5.1008453369140625,,
feedback,18.805371,1786508464238,7,57,10.0,0.0,10.0,,-0.14503571391105652,0.06509661674499512,-5.355371475219727,,
feedback,18.813045,1786508464247,7,57,10.0,0.0,10.0,,-0.1568589210510254,0.035296011716127396,-4.977043628692627,,
feedback,18.820859,1786508464255,7,57,10.0,0.0,10.0,,-0.11732358485460281,0.007929926738142967,-5.163363456726074,,
feedback,18.830260,1786508464263,7,57,10.0,0.0,10.0,,-0.1185406744480133,-0.026503823697566986,-4.7989935874938965,,
feedback,18.837921,1786508464272,7,57,10.0,0.0,10.0,,-0.09343069791793823,-0.02830265648663044,-4.682896137237549,,
feedback,18.846411,1786508464281,7,57,10.0,0.0,10.0,,-0.11702527105808258,-0.03343382850289345,-4.826452255249023,,
feedback,18.857331,1786508464289,7,57,10.0,0.0,10.0,,-0.14843212068080902,0.036608725786209106,-5.245054721832275,,
feedback,18.862257,1786508464297,7,57,10.0,0.0,10.0,,-0.16865114867687225,0.05980212613940239,-5.196705341339111,,
feedback,18.870405,1786508464306,7,57,10.0,0.0,10.0,,-0.20063088834285736,0.10887015610933304,-5.258062362670898,,
feedback,18.879320,1786508464310,7,57,10.0,0.0,10.0,,-0.20651033520698547,0.0797814130783081,-5.278266906738281,,
feedback,18.887478,1786508464318,7,57,10.0,0.0,10.0,,-0.1936197280883789,0.06849950551986694,-5.257897853851318,,
feedback,18.895389,1786508464327,7,57,10.0,0.0,10.0,,-0.18693684041500092,0.07035548985004425,-4.900940895080566,,
feedback,18.903513,1786508464335,7,57,10.0,0.0,10.0,,-0.1812208890914917,0.0361693799495697,-5.065676689147949,,
feedback,18.911126,1786508464344,7,57,10.0,0.0,10.0,,-0.17168961465358734,0.05183731019496918,-5.107266902923584,,
feedback,18.919205,1786508464352,7,57,10.0,0.0,10.0,,-0.18415352702140808,0.07738221436738968,-5.072766304016113,,
feedback,18.927361,1786508464360,7,57,10.0,0.0,10.0,,-0.15848173201084137,0.04766915738582611,-4.935868740081787,,
feedback,18.936339,1786508464369,7,57,10.0,0.0,10.0,,-0.1492147296667099,0.07752780616283417,-4.80585241317749,,
feedback,18.944697,1786508464377,7,57,10.0,0.0,10.0,,-0.14630693197250366,0.05028999224305153,-4.743885040283203,,
feedback,18.952443,1786508464386,7,57,10.0,0.0,10.0,,-0.16695362329483032,0.06629340350627899,-4.997624397277832,,
feedback,18.960901,1786508464394,7,57,10.0,0.0,10.0,,-0.1813378781080246,0.09774459898471832,-5.121148586273193,,
feedback,18.970601,1786508464402,7,57,10.0,0.0,10.0,,-0.19087573885917664,0.07479260116815567,-5.196256160736084,,
feedback,18.976844,1786508464411,7,57,10.0,0.0,10.0,,-0.191322922706604,0.04665469378232956,-5.278432846069336,,
feedback,18.985538,1786508464419,7,57,10.0,0.0,10.0,,-0.21827171742916107,0.11809345334768295,-5.2301859855651855,,
feedback,18.993642,1786508464428,7,57,10.0,0.0,10.0,,-0.18965406715869904,0.09559666365385056,-5.182722091674805,,
feedback,19.002051,1786508464436,7,57,10.0,0.0,10.0,,-0.20416028797626495,0.10702197998762131,-5.148036479949951,,
feedback,19.010172,1786508464444,7,57,10.0,0.0,10.0,,-0.16490134596824646,0.037516724318265915,-5.258456707000732,,
feedback,19.017651,1786508464453,7,57,10.0,0.0,10.0,,-0.13115790486335754,0.009313439019024372,-5.1080451011657715,,
feedback,19.027970,1786508464462,7,57,10.0,0.0,10.0,,-0.14533080160617828,0.01363734994083643,-5.093934535980225,,
feedback,19.034421,1786508464470,7,57,10.0,0.0,10.0,,-0.16662240028381348,0.010326468385756016,-4.880367755889893,,
feedback,19.042634,1786508464474,7,57,10.0,0.0,10.0,,-0.1399870663881302,0.0015213533770292997,-4.675005912780762,,
feedback,19.050877,1786508464483,7,57,10.0,0.0,10.0,,-0.13647010922431946,-0.011862100102007389,-4.537670135498047,,
feedback,19.059712,1786508464491,7,57,10.0,0.0,10.0,,-0.1361721009016037,-0.019838446751236916,-4.922261714935303,,
feedback,19.068345,1786508464499,7,57,10.0,0.0,10.0,,-0.1480110138654709,-0.04336610063910484,-5.1895928382873535,,
feedback,19.076408,1786508464508,7,57,10.0,0.0,10.0,,-0.14097745716571808,-0.015140238218009472,-5.444163799285889,,
feedback,19.083631,1786508464516,7,57,10.0,0.0,10.0,,-0.13842210173606873,0.006183010060340166,-5.3619890213012695,,
feedback,19.091785,1786508464525,7,57,10.0,0.0,10.0,,-0.11996392160654068,0.009926731698215008,-5.252596855163574,,
feedback,19.100845,1786508464533,7,57,10.0,0.0,10.0,,-0.12122821807861328,0.01658249832689762,-5.0946784019470215,,
feedback,19.108990,1786508464541,7,57,10.0,0.0,10.0,,-0.14227719604969025,0.03326604887843132,-5.073657035827637,,
feedback,19.117211,1786508464550,7,57,10.0,0.0,10.0,,-0.11505890637636185,0.02441779337823391,-4.840837478637695,,
feedback,19.124982,1786508464558,7,57,10.0,0.0,10.0,,-0.15076248347759247,0.004362708423286676,-4.839660167694092,,
feedback,19.132930,1786508464567,7,57,10.0,0.0,10.0,,-0.13441886007785797,0.041560787707567215,-4.88163948059082,,
feedback,19.140989,1786508464575,7,57,10.0,0.0,10.0,,-0.12168373912572861,-0.024694377556443214,-4.812675952911377,,
feedback,19.149329,1786508464583,7,57,10.0,0.0,10.0,,-0.13927152752876282,-0.006831044796854258,-4.819173336029053,,
feedback,19.157969,1786508464592,7,57,10.0,0.0,10.0,,-0.1478900909423828,0.011099955067038536,-5.155683994293213,,
feedback,19.166631,1786508464600,7,57,10.0,0.0,10.0,,-0.1798742413520813,0.06049798056483269,-5.155246734619141,,
feedback,19.173936,1786508464609,7,57,10.0,0.0,10.0,,-0.18253439664840698,0.018351970240473747,-5.202898025512695,,
feedback,19.182934,1786508464617,7,57,10.0,0.0,10.0,,-0.1401161104440689,0.005034882575273514,-5.121532917022705,,
feedback,19.192288,1786508464625,7,57,10.0,0.0,10.0,,-0.15636558830738068,-0.02601219341158867,-5.182674407958984,,
feedback,19.199000,1786508464634,7,57,10.0,0.0,10.0,,-0.14203791320323944,-0.0092705013230443,-5.0252156257629395,,
feedback,19.206663,1786508464638,7,57,10.0,0.0,10.0,,-0.1669187694787979,0.020859861746430397,-5.148392677307129,,
feedback,19.215545,1786508464647,7,57,10.0,0.0,10.0,,-0.1591750532388687,-0.005592689849436283,-5.19645357131958,,
feedback,19.223114,1786508464655,7,57,10.0,0.0,10.0,,-0.13478249311447144,-0.028870632871985435,-5.01836633682251,,
feedback,19.230995,1786508464664,7,57,10.0,0.0,10.0,,-0.16112104058265686,0.028548166155815125,-4.9906768798828125,,
feedback,19.241508,1786508464672,7,57,10.0,0.0,10.0,,-0.11448344588279724,0.009153852239251137,-4.971144199371338,,
feedback,19.247433,1786508464681,7,57,10.0,0.0,10.0,,-0.11422763019800186,-0.02389279194176197,-4.599920272827148,,
feedback,19.255515,1786508464689,7,57,10.0,0.0,10.0,,-0.13201391696929932,-0.04184655845165253,-4.85345458984375,,
feedback,19.264035,1786508464697,7,57,10.0,0.0,10.0,,-0.16222906112670898,-0.034916289150714874,-5.25111722946167,,
feedback,19.273878,1786508464706,7,57,10.0,0.0,10.0,,-0.1522091031074524,-0.012383665889501572,-5.182887554168701,,
feedback,19.281141,1786508464714,7,57,10.0,0.0,10.0,,-0.1374133974313736,0.016779648140072823,-5.272880554199219,,
feedback,19.288907,1786508464723,7,57,10.0,0.0,10.0,,-0.17145469784736633,0.018405752256512642,-5.162050724029541,,
feedback,19.296382,1786508464731,7,57,10.0,0.0,10.0,,-0.13094443082809448,0.031854961067438126,-5.183871269226074,,
feedback,19.304959,1786508464739,7,57,10.0,0.0,10.0,,-0.16391442716121674,0.06876300275325775,-4.984043121337891,,
feedback,19.313191,1786508464748,7,57,10.0,0.0,10.0,,-0.17804470658302307,0.04480539634823799,-5.2788004875183105,,
feedback,19.321884,1786508464756,7,57,10.0,0.0,10.0,,-0.16574624180793762,0.06079540401697159,-5.176243782043457,,
feedback,19.329058,1786508464765,7,57,10.0,0.0,10.0,,-0.19690768420696259,0.09012479335069656,-5.168767929077148,,
feedback,19.337732,1786508464773,7,57,10.0,0.0,10.0,,-0.1789749264717102,0.10065353661775589,-4.846540451049805,,
feedback,19.346600,1786508464777,7,57,10.0,0.0,10.0,,-0.17814698815345764,0.05983967334032059,-4.708846569061279,,
feedback,19.354027,1786508464786,7,57,10.0,0.0,10.0,,-0.16596342623233795,0.03471726179122925,-4.5647125244140625,,
feedback,19.361765,1786508464794,7,57,10.0,0.0,10.0,,-0.15183117985725403,0.034730225801467896,-5.094026565551758,,
feedback,19.370914,1786508464803,7,57,10.0,0.0,10.0,,-0.16899962723255157,0.019215000793337822,-4.914790630340576,,
feedback,19.379068,1786508464811,7,57,10.0,0.0,10.0,,-0.14982715249061584,0.02073945477604866,-5.210723400115967,,
feedback,19.387100,1786508464820,7,57,10.0,0.0,10.0,,-0.1415405124425888,0.007725416216999292,-5.416876316070557,,
feedback,19.395611,1786508464828,7,57,10.0,0.0,10.0,,-0.14244817197322845,-0.013153590261936188,-5.451004505157471,,
feedback,19.403072,1786508464836,7,57,10.0,0.0,10.0,,-0.11686718463897705,0.03949963301420212,-4.971441268920898,,
feedback,19.411098,1786508464845,7,57,10.0,0.0,10.0,,-0.10399273037910461,-0.006976781878620386,-4.964552879333496,,
feedback,19.419273,1786508464853,7,57,10.0,0.0,10.0,,-0.15900404751300812,0.0122739402577281,-5.07302713394165,,
feedback,19.427372,1786508464862,7,57,10.0,0.0,10.0,,-0.139828622341156,0.001509362948127091,-5.011651039123535,,
feedback,19.435850,1786508464870,7,57,10.0,0.0,10.0,,-0.1510126292705536,0.07589586079120636,-4.860857963562012,,
feedback,19.443802,1786508464878,7,57,10.0,0.0,10.0,,-0.17571306228637695,0.04498913884162903,-4.914805889129639,,
feedback,19.455325,1786508464887,7,57,10.0,0.0,10.0,,-0.16857749223709106,0.05317727103829384,-4.743380546569824,,
feedback,19.460000,1786508464895,7,57,10.0,0.0,10.0,,-0.1700221747159958,0.051471322774887085,-5.018110752105713,,
feedback,19.469311,1786508464904,7,57,10.0,0.0,10.0,,-0.15399372577667236,0.019245881587266922,-4.963362216949463,,
feedback,19.476870,1786508464912,7,57,10.0,0.0,10.0,,-0.19182629883289337,-0.0145113505423069,-5.15433931350708,,
feedback,19.485413,1786508464916,7,57,10.0,0.0,10.0,,-0.1865067183971405,-0.04167327657341957,-5.202359199523926,,
feedback,19.493054,1786508464925,7,57,10.0,0.0,10.0,,-0.17141006886959076,-0.05979029834270477,-5.181992530822754,,
feedback,19.501700,1786508464933,7,57,10.0,0.0,10.0,,-0.1692747175693512,-0.07966000586748123,-5.1200361251831055,,
feedback,19.510021,1786508464941,7,57,10.0,0.0,10.0,,-0.1599113494157791,-0.057592447847127914,-5.0861334800720215,,
feedback,19.518604,1786508464950,7,57,10.0,0.0,10.0,,-0.16149070858955383,-0.06538345664739609,-5.237138748168945,,
feedback,19.526799,1786508464958,7,57,10.0,0.0,10.0,,-0.13907192647457123,-0.09561433643102646,-5.045159339904785,,
feedback,19.534292,1786508464967,7,57,10.0,0.0,10.0,,-0.15787911415100098,-0.05722612887620926,-5.1067633628845215,,
feedback,19.542487,1786508464975,7,57,10.0,0.0,10.0,,-0.13475319743156433,-0.05368121713399887,-4.99067497253418,,
feedback,19.551520,1786508464983,7,57,10.0,0.0,10.0,,-0.10605733096599579,-0.03522862493991852,-4.758101463317871,,
feedback,19.559150,1786508464992,7,57,10.0,0.0,10.0,,-0.11270016431808472,0.0045248521491885185,-4.813216686248779,,
feedback,19.567309,1786508465000,7,57,10.0,0.0,10.0,,-0.12052307277917862,0.04264014586806297,-5.108734607696533,,
feedback,19.575370,1786508465009,7,57,10.0,0.0,10.0,,-0.13791297376155853,0.05984112620353699,-5.211463451385498,,
feedback,19.583863,1786508465017,7,57,10.0,0.0,10.0,,-0.1299763321876526,0.046546999365091324,-5.20474910736084,,
feedback,19.591001,1786508465025,7,57,10.0,0.0,10.0,,-0.1459583193063736,0.037850793451070786,-5.259115695953369,,
feedback,19.599416,1786508465034,7,57,10.0,0.0,10.0,,-0.1613679677248001,0.07012684643268585,-5.361939907073975,,
feedback,19.607537,1786508465042,7,57,10.0,0.0,10.0,,-0.18629294633865356,0.05408091098070145,-5.072623252868652,,
feedback,19.616320,1786508465051,7,57,10.0,0.0,10.0,,-0.1764880269765854,0.08206247538328171,-5.176185131072998,,
feedback,19.624622,1786508465059,7,57,10.0,0.0,10.0,,-0.15098458528518677,0.05145489424467087,-5.107943058013916,,
feedback,19.634052,1786508465067,7,57,10.0,0.0,10.0,,-0.1319531500339508,0.03317447751760483,-5.019066333770752,,
feedback,19.644218,1786508465076,7,57,10.0,0.0,10.0,,-0.14243291318416595,0.017897916957736015,-4.943116664886475,,
feedback,19.648792,1786508465084,7,57,10.0,0.0,10.0,,-0.15071028470993042,0.011882567778229713,-4.626814365386963,,
feedback,19.657535,1786508465089,7,57,10.0,0.0,10.0,,-0.12942105531692505,0.0015840819105505943,-4.531139373779297,,
feedback,19.665632,1786508465097,7,57,10.0,0.0,10.0,,-0.1404992640018463,-0.022439664229750633,-5.0045576095581055,,
feedback,19.674080,1786508465106,7,57,10.0,0.0,10.0,,-0.1607387810945511,0.014218107797205448,-5.313427925109863,,
feedback,19.681725,1786508465114,7,57,10.0,0.0,10.0,,-0.17988304793834686,0.0525747574865818,-5.347562789916992,,
feedback,19.689974,1786508465123,7,57,10.0,0.0,10.0,,-0.18959812819957733,0.037627216428518295,-5.305956840515137,,
feedback,19.697794,1786508465131,7,57,10.0,0.0,10.0,,-0.19642536342144012,0.05697022005915642,-5.285348415374756,,
feedback,19.706345,1786508465139,7,57,10.0,0.0,10.0,,-0.16602417826652527,0.00621045520529151,-5.13468599319458,,
feedback,19.715123,1786508465148,7,57,10.0,0.0,10.0,,-0.1262841373682022,-0.008233155123889446,-4.970790386199951,,
feedback,19.723025,1786508465156,7,57,10.0,0.0,10.0,,-0.10303302854299545,-0.019439488649368286,-5.033168315887451,,
feedback,19.732059,1786508465165,7,57,10.0,0.0,10.0,,-0.14878566563129425,-0.011588203720748425,-5.004485607147217,,
feedback,19.738432,1786508465173,7,57,10.0,0.0,10.0,,-0.14449502527713776,0.002722186269238591,-5.0253119468688965,,
feedback,19.747550,1786508465181,7,57,10.0,0.0,10.0,,-0.159786194562912,-0.011194383725523949,-5.031494140625,,
feedback,19.757900,1786508465190,7,57,10.0,0.0,10.0,,-0.1382112056016922,-0.008536293171346188,-4.764322757720947,,
feedback,19.763410,1786508465198,7,57,10.0,0.0,10.0,,-0.17037999629974365,-0.013397076167166233,-4.8389716148376465,,
feedback,19.772138,1786508465207,7,57,10.0,0.0,10.0,,-0.17026235163211823,-0.03511332347989082,-5.168462753295898,,
feedback,19.781143,1786508465215,7,57,10.0,0.0,10.0,,-0.13547927141189575,-0.07874990999698639,-5.169056415557861,,
feedback,19.788606,1786508465223,7,57,10.0,0.0,10.0,,-0.13518445193767548,-0.04554992914199829,-5.16941499710083,,
feedback,19.796556,1786508465232,7,57,10.0,0.0,10.0,,-0.12210044264793396,-0.024100061506032944,-5.23866605758667,,
feedback,19.804195,1786508465236,7,57,10.0,0.0,10.0,,-0.12308868020772934,-0.030254896730184555,-5.121793270111084,,
feedback,19.813265,1786508465244,7,57,10.0,0.0,10.0,,-0.14700844883918762,0.028278321027755737,-5.073558807373047,,
feedback,19.820645,1786508465253,7,57,10.0,0.0,10.0,,-0.1629018634557724,0.005703289061784744,-5.079792499542236,,
feedback,19.830171,1786508465261,7,57,10.0,0.0,10.0,,-0.15613257884979248,0.03374973312020302,-5.080219745635986,,
feedback,19.837547,1786508465270,7,57,10.0,0.0,10.0,,-0.15878553688526154,0.019739734008908272,-5.011351585388184,,
feedback,19.845420,1786508465278,7,57,10.0,0.0,10.0,,-0.15609976649284363,0.007552863098680973,-4.805238246917725,,
feedback,19.853476,1786508465287,7,57,10.0,0.0,10.0,,-0.15574942529201508,0.014790277928113937,-4.722879409790039,,
feedback,19.861772,1786508465296,7,57,10.0,0.0,10.0,,-0.13279512524604797,-0.024158364161849022,-4.791889190673828,,
feedback,19.870815,1786508465305,7,57,10.0,0.0,10.0,,-0.1624874621629715,-0.015035008080303669,-5.024666786193848,,
feedback,19.878080,1786508465313,7,57,10.0,0.0,10.0,,-0.17989742755889893,-0.0033643492497503757,-5.0174055099487305,,
feedback,19.886054,1786508465322,7,57,10.0,0.0,10.0,,-0.15019498765468597,0.0316886305809021,-5.3620195388793945,,
feedback,19.894400,1786508465326,7,57,10.0,0.0,10.0,,-0.14574173092842102,0.012880576774477959,-5.313828468322754,,
feedback,19.903211,1786508465334,7,57,10.0,0.0,10.0,,-0.15999765694141388,-0.010490098036825657,-5.553639888763428,,
feedback,19.911559,1786508465343,7,57,10.0,0.0,10.0,,-0.1539953351020813,0.005845790728926659,-5.134948253631592,,
feedback,19.919414,1786508465351,7,57,10.0,0.0,10.0,,-0.11599382758140564,-0.003963451366871595,-5.101613998413086,,
feedback,19.928983,1786508465359,7,57,10.0,0.0,10.0,,-0.181234210729599,0.002878878964111209,-5.1272759437561035,,
feedback,19.936001,1786508465368,7,57,10.0,0.0,10.0,,-0.18164964020252228,-0.003010655054822564,-4.776951789855957,,
feedback,19.943592,1786508465376,7,57,10.0,0.0,10.0,,-0.16980820894241333,-0.0023375232703983784,-4.736125946044922,,
feedback,19.951261,1786508465384,7,57,10.0,0.0,10.0,,-0.17459900677204132,0.01767844706773758,-4.770484447479248,,
feedback,19.959510,1786508465393,7,57,10.0,0.0,10.0,,-0.1714594066143036,-0.0014819408534094691,-4.845868110656738,,
feedback,19.968035,1786508465401,7,57,10.0,0.0,10.0,,-0.20931114256381989,0.1072087436914444,-5.113735675811768,,
feedback,19.976246,1786508465410,7,57,10.0,0.0,10.0,,-0.1896657645702362,0.08871837705373764,-5.14846134185791,,
feedback,19.984544,1786508465418,7,57,10.0,0.0,10.0,,-0.16669949889183044,0.06245363876223564,-5.382425785064697,,
feedback,19.993014,1786508465427,7,57,10.0,0.0,10.0,,-0.20550963282585144,0.10492946952581406,-5.340572357177734,,
feedback,20.001577,1786508465435,7,57,10.0,0.0,10.0,,-0.18163436651229858,0.060479115694761276,-5.18973970413208,,
feedback,20.009103,1786508465443,7,57,10.0,0.0,10.0,,-0.13219888508319855,0.0397174134850502,-4.943659782409668,,
feedback,20.018012,1786508465452,7,57,10.0,0.0,10.0,,-0.12447724491357803,0.04051390290260315,-4.978207111358643,,
feedback,20.025216,1786508465460,7,57,10.0,0.0,10.0,,-0.10946853458881378,0.027600042521953583,-5.088425159454346,,
feedback,20.033217,1786508465469,7,57,10.0,0.0,10.0,,-0.11967779695987701,0.027353554964065552,-5.094942092895508,,
feedback,20.041529,1786508465477,7,57,10.0,0.0,10.0,,-0.1384425312280655,0.03867827355861664,-5.0601935386657715,,
feedback,20.049835,1786508465481,7,57,10.0,0.0,10.0,,-0.15146702527999878,0.024787088856101036,-5.025304317474365,,
feedback,20.058112,1786508465490,7,57,10.0,0.0,10.0,,-0.15484385192394257,0.025224361568689346,-4.812296390533447,,
feedback,20.066088,1786508465498,7,57,10.0,0.0,10.0,,-0.15283355116844177,0.06587953865528107,-4.702860355377197,,
feedback,20.074144,1786508465507,7,57,10.0,0.0,10.0,,-0.15506930649280548,0.023230863735079765,-4.984045505523682,,
feedback,20.082499,1786508465515,7,57,10.0,0.0,10.0,,-0.13001051545143127,0.004703784827142954,-5.046416282653809,,
feedback,20.091453,1786508465524,7,57,10.0,0.0,10.0,,-0.15852418541908264,0.0073280250653624535,-5.196777820587158,,
feedback,20.098797,1786508465532,7,57,10.0,0.0,10.0,,-0.14655368030071259,0.0495748296380043,-5.128793239593506,,
feedback,20.107319,1786508465540,7,57,10.0,0.0,10.0,,-0.13636945188045502,0.056675661355257034,-5.280238151550293,,
feedback,20.115408,1786508465549,7,57,10.0,0.0,10.0,,-0.16521954536437988,0.08096940815448761,-5.190374374389648,,
feedback,20.123465,1786508465557,7,57,10.0,0.0,10.0,,-0.13244624435901642,0.07039656490087509,-5.019537448883057,,
feedback,20.131755,1786508465566,7,57,10.0,0.0,10.0,,-0.14142638444900513,0.03620821237564087,-5.211198329925537,,
feedback,20.139854,1786508465574,7,57,10.0,0.0,10.0,,-0.12222074717283249,0.044568486511707306,-5.101956367492676,,
feedback,20.148143,1786508465583,7,57,10.0,0.0,10.0,,-0.13429032266139984,0.07834987342357635,-4.861520767211914,,
feedback,20.155941,1786508465591,7,57,10.0,0.0,10.0,,-0.13222366571426392,0.03169141709804535,-4.792454719543457,,
feedback,20.164318,1786508465599,7,57,10.0,0.0,10.0,,-0.14832662045955658,0.09136435389518738,-4.627720355987549,,
feedback,20.172953,1786508465608,7,57,10.0,0.0,10.0,,-0.14932158589363098,0.08185179531574249,-4.929884433746338,,
feedback,20.181440,1786508465616,7,57,10.0,0.0,10.0,,-0.1505776196718216,0.03408721834421158,-5.032425403594971,,
feedback,20.189197,1786508465624,7,57,10.0,0.0,10.0,,-0.16098545491695404,0.07938791811466217,-5.08066463470459,,
feedback,20.197067,1786508465629,7,57,10.0,0.0,10.0,,-0.17151089012622833,0.012137580662965775,-5.100272178649902,,
feedback,20.207842,1786508465637,7,57,10.0,0.0,10.0,,-0.14953121542930603,0.012343132868409157,-5.320723056793213,,
feedback,20.213355,1786508465645,7,57,10.0,0.0,10.0,,-0.14583836495876312,-0.01922960765659809,-5.1693549156188965,,
feedback,20.223125,1786508465654,7,57,10.0,0.0,10.0,,-0.16022218763828278,0.05373407155275345,-4.963615417480469,,
feedback,20.230118,1786508465662,7,57,10.0,0.0,10.0,,-0.1505456119775772,0.03331213817000389,-5.0667524337768555,,
feedback,20.238480,1786508465671,7,57,10.0,0.0,10.0,,-0.17444062232971191,0.019686294719576836,-4.818638324737549,,
feedback,20.246466,1786508465679,7,57,10.0,0.0,10.0,,-0.13968674838542938,-0.03211754560470581,-4.970250129699707,,
feedback,20.254310,1786508465687,7,57,10.0,0.0,10.0,,-0.1288164258003235,0.056605610996484756,-4.882092475891113,,
feedback,20.263254,1786508465696,7,57,10.0,0.0,10.0,,-0.1369135081768036,0.017577849328517914,-4.723445892333984,,
feedback,20.270393,1786508465704,7,57,10.0,0.0,10.0,,-0.16350963711738586,0.04835827648639679,-4.764209270477295,,
feedback,20.278783,1786508465713,7,57,10.0,0.0,10.0,,-0.16215988993644714,0.06486235558986664,-5.238400936126709,,
feedback,20.287941,1786508465721,7,57,10.0,0.0,10.0,,-0.16377629339694977,0.08408081531524658,-5.300373554229736,,
feedback,20.295526,1786508465729,7,57,10.0,0.0,10.0,,-0.2053801417350769,0.05372145026922226,-5.127242565155029,,
feedback,20.303961,1786508465738,7,57,10.0,0.0,10.0,,-0.2045811414718628,0.06651797145605087,-5.175484657287598,,
feedback,20.312736,1786508465746,7,57,10.0,0.0,10.0,,-0.18210117518901825,0.08834274113178253,-5.203794002532959,,
feedback,20.321149,1786508465755,7,57,10.0,0.0,10.0,,-0.1509803682565689,0.10586193948984146,-4.991881847381592,,
feedback,20.327927,1786508465763,7,57,10.0,0.0,10.0,,-0.1749681532382965,0.08330249786376953,-5.087141513824463,,
feedback,20.336901,1786508465771,7,57,10.0,0.0,10.0,,-0.18722638487815857,0.08812451362609863,-5.258546352386475,,
feedback,20.344587,1786508465780,7,57,10.0,0.0,10.0,,-0.1429160088300705,0.032158371061086655,-5.108152389526367,,
feedback,20.352619,1786508465788,7,57,10.0,0.0,10.0,,-0.11238611489534378,-0.004869872238487005,-4.978150367736816,,
feedback,20.360641,1786508465793,7,57,10.0,0.0,10.0,,-0.11911710351705551,0.06151824817061424,-4.861863613128662,,
feedback,20.369172,1786508465801,7,57,10.0,0.0,10.0,,-0.11615129560232162,0.02269669435918331,-4.696710586547852,,
feedback,20.377196,1786508465810,7,57,10.0,0.0,10.0,,-0.09545604884624481,-0.005289488472044468,-4.971834182739258,,
feedback,20.385706,1786508465818,7,57,10.0,0.0,10.0,,-0.1419937014579773,-0.015134589746594429,-5.052787780761719,,
feedback,20.393840,1786508465827,7,57,10.0,0.0,10.0,,-0.15984497964382172,-0.004968293476849794,-5.285935878753662,,
feedback,20.401826,1786508465835,7,57,10.0,0.0,10.0,,-0.18927592039108276,0.012409957125782967,-5.374552249908447,,
feedback,20.411161,1786508465843,7,57,10.0,0.0,10.0,,-0.1740790456533432,-0.0062012202106416225,-5.354181289672852,,
feedback,20.418509,1786508465852,7,57,10.0,0.0,10.0,,-0.14561286568641663,-0.022175805643200874,-5.0731940269470215,,
feedback,20.429084,1786508465860,7,57,10.0,0.0,10.0,,-0.1434566080570221,0.0035439941566437483,-5.121626377105713,,
feedback,20.434500,1786508465869,7,57,10.0,0.0,10.0,,-0.1403493881225586,0.009763638488948345,-5.231668472290039,,
feedback,20.442517,1786508465877,7,57,10.0,0.0,10.0,,-0.13108143210411072,0.0035809155087918043,-5.149476528167725,,
feedback,20.451348,1786508465886,7,57,10.0,0.0,10.0,,-0.13704600930213928,0.025150174275040627,-4.847273349761963,,
feedback,20.458954,1786508465894,7,57,10.0,0.0,10.0,,-0.1910344511270523,0.049438443034887314,-4.763496398925781,,
feedback,20.467244,1786508465902,7,57,10.0,0.0,10.0,,-0.17819863557815552,0.08411841094493866,-4.709237098693848,,
feedback,20.475255,1786508465911,7,57,10.0,0.0,10.0,,-0.15705695748329163,0.05616731569170952,-4.8195719718933105,,
feedback,20.487322,1786508465919,7,57,10.0,0.0,10.0,,-0.1437276303768158,0.04204951599240303,-5.0464911460876465,,
feedback,20.491510,1786508465923,7,57,10.0,0.0,10.0,,-0.12671954929828644,0.04906364530324936,-5.13634729385376,,
feedback,20.499854,1786508465932,7,57,10.0,0.0,10.0,,-0.137751966714859,0.012743699364364147,-5.5821123123168945,,
feedback,20.508819,1786508465940,7,57,10.0,0.0,10.0,,-0.13680700957775116,0.07951576262712479,-5.3836517333984375,,
feedback,20.517071,1786508465949,7,57,10.0,0.0,10.0,,-0.1274900585412979,0.048322051763534546,-5.211862564086914,,
feedback,20.524931,1786508465957,7,57,10.0,0.0,10.0,,-0.2121819257736206,0.05060451477766037,-5.1544718742370605,,
feedback,20.532695,1786508465966,7,57,10.0,0.0,10.0,,-0.17459319531917572,0.04597173631191254,-4.990715503692627,,
feedback,20.541274,1786508465974,7,57,10.0,0.0,10.0,,-0.1666014939546585,0.026827218011021614,-4.949533462524414,,
feedback,20.549124,1786508465982,7,57,10.0,0.0,10.0,,-0.1632593721151352,0.02789480984210968,-4.812258720397949,,
feedback,20.556836,1786508465991,7,57,10.0,0.0,10.0,,-0.13894326984882355,-0.01671867072582245,-4.7575531005859375,,
feedback,20.565945,1786508465999,7,57,10.0,0.0,10.0,,-0.1680241972208023,-0.004076686222106218,-4.77738094329834,,
feedback,20.574049,1786508466008,7,57,10.0,0.0,10.0,,-0.13948877155780792,0.031735241413116455,-4.648037433624268,,
feedback,20.582582,1786508466016,7,57,10.0,0.0,10.0,,-0.16978034377098083,0.007531578186899424,-5.038442134857178,,
feedback,20.590006,1786508466024,7,57,10.0,0.0,10.0,,-0.17258918285369873,0.023979099467396736,-5.217219352722168,,
feedback,20.597792,1786508466033,7,57,10.0,0.0,10.0,,-0.18054652214050293,0.050179772078990936,-5.1829071044921875,,
feedback,20.607511,1786508466041,7,57,10.0,0.0,10.0,,-0.15481995046138763,0.05779661238193512,-5.1562700271606445,,
feedback,20.615518,1786508466050,7,57,10.0,0.0,10.0,,-0.16159726679325104,0.0574091412127018,-5.1629319190979,,
feedback,20.622563,1786508466058,7,57,10.0,0.0,10.0,,-0.11328565329313278,0.007482623681426048,-5.067659854888916,,
feedback,20.632044,1786508466066,7,57,10.0,0.0,10.0,,-0.14297963678836823,0.0645243376493454,-5.149818420410156,,
feedback,20.639785,1786508466075,7,57,10.0,0.0,10.0,,-0.17808634042739868,0.030710769817233086,-5.306330680847168,,
feedback,20.649095,1786508466083,7,57,10.0,0.0,10.0,,-0.19932737946510315,0.07625218480825424,-5.175692558288574,,
feedback,20.656699,1786508466087,7,57,10.0,0.0,10.0,,-0.1918187290430069,0.05700765550136566,-5.065837860107422,,
feedback,20.663919,1786508466096,7,57,10.0,0.0,10.0,,-0.15446846187114716,0.07161135226488113,-4.92975378036499,,
feedback,20.672818,1786508466105,7,57,10.0,0.0,10.0,,-0.18343643844127655,0.07217992097139359,-4.798351764678955,,
feedback,20.681220,1786508466113,7,57,10.0,0.0,10.0,,-0.1474078893661499,0.061527203768491745,-4.716841220855713,,
feedback,20.689223,1786508466122,7,57,10.0,0.0,10.0,,-0.17935699224472046,0.04193010553717613,-5.162274360656738,,
feedback,20.697533,1786508466130,7,57,10.0,0.0,10.0,,-0.15854136645793915,0.022922629490494728,-5.210751056671143,,
feedback,20.705411,1786508466138,7,57,10.0,0.0,10.0,,-0.1632809042930603,0.055326201021671295,-5.231556415557861,,
feedback,20.713197,1786508466147,7,57,10.0,0.0,10.0,,-0.1508520245552063,0.02821141667664051,-5.4033589363098145,,
feedback,20.722067,1786508466155,7,57,10.0,0.0,10.0,,-0.14379103481769562,0.035654712468385696,-5.225078105926514,,
feedback,20.730586,1786508466164,7,57,10.0,0.0,10.0,,-0.15902309119701385,0.01719922572374344,-5.080145359039307,,
feedback,20.738380,1786508466172,7,57,10.0,0.0,10.0,,-0.1180092841386795,-0.021021267399191856,-5.060359954833984,,
feedback,20.745788,1786508466181,7,57,10.0,0.0,10.0,,-0.15980839729309082,-0.0029555910732597113,-5.066188335418701,,
feedback,20.758748,1786508466189,7,57,10.0,0.0,10.0,,-0.13952389359474182,-0.027226844802498817,-4.922265529632568,,
feedback,20.762101,1786508466198,7,57,10.0,0.0,10.0,,-0.14367267489433289,0.005301995202898979,-4.888149261474609,,
feedback,20.770558,1786508466206,7,57,10.0,0.0,10.0,,-0.13454341888427734,0.013493183068931103,-4.771701812744141,,
feedback,20.779627,1786508466211,7,57,10.0,0.0,10.0,,-0.11166469752788544,0.02210990898311138,-4.593869209289551,,
feedback,20.787682,1786508466219,7,57,10.0,0.0,10.0,,-0.10216498374938965,0.018443716689944267,-4.91015625,,
feedback,20.796019,1786508466227,7,57,10.0,0.0,10.0,,-0.16098728775978088,-0.023688357323408127,-5.141483306884766,,
feedback,20.804629,1786508466236,7,57,10.0,0.0,10.0,,-0.1266489326953888,0.008891011588275433,-5.225287914276123,,
feedback,20.812726,1786508466244,7,57,10.0,0.0,10.0,,-0.18313109874725342,-0.00042003189446404576,-5.381502151489258,,
feedback,20.820221,1786508466253,7,57,10.0,0.0,10.0,,-0.14825481176376343,-0.01913587935268879,-5.375463485717773,,
feedback,20.827817,1786508466261,7,57,10.0,0.0,10.0,,-0.16249500215053558,0.041267022490501404,-5.169586181640625,,
feedback,20.836798,1786508466270,7,57,10.0,0.0,10.0,,-0.22190335392951965,0.04567016288638115,-5.01684045791626,,
feedback,20.845513,1786508466278,7,57,10.0,0.0,10.0,,-0.17215105891227722,0.047156527638435364,-4.867247104644775,,
feedback,20.853131,1786508466286,7,57,10.0,0.0,10.0,,-0.20383694767951965,0.008227326907217503,-4.934504985809326,,
feedback,20.861613,1786508466295,7,57,10.0,0.0,10.0,,-0.0885867029428482,-0.03425147756934166,-4.971762657165527,,
feedback,20.874899,1786508466303,7,57,10.0,0.0,10.0,,-0.10390419512987137,-0.0010518226772546768,-4.861749649047852,,
feedback,20.878007,1786508466312,7,57,10.0,0.0,10.0,,-0.17712324857711792,0.064295195043087,-4.674798488616943,,
feedback,20.886085,1786508466320,7,57,10.0,0.0,10.0,,-0.1762048453092575,0.0547916404902935,-4.956387042999268,,
feedback,20.894307,1786508466329,7,57,10.0,0.0,10.0,,-0.1771651953458786,0.03236177936196327,-5.107310771942139,,
feedback,20.903006,1786508466337,7,57,10.0,0.0,10.0,,-0.15183722972869873,0.02447235770523548,-5.204186916351318,,
feedback,20.910945,1786508466346,7,57,10.0,0.0,10.0,,-0.13453219830989838,0.030717141926288605,-5.163589954376221,,
feedback,20.919223,1786508466354,7,57,10.0,0.0,10.0,,-0.12711575627326965,-0.0008579881978221238,-5.087891578674316,,
feedback,20.927274,1786508466362,7,57,10.0,0.0,10.0,,-0.17300696671009064,0.026019683107733727,-4.956273078918457,,
feedback,20.935475,1786508466367,7,57,10.0,0.0,10.0,,-0.1031607985496521,-0.016635678708553314,-4.8754048347473145,,
feedback,20.943424,1786508466375,7,57,10.0,0.0,10.0,,-0.1448560506105423,0.038593631237745285,-5.156405448913574,,
feedback,20.951866,1786508466384,7,57,10.0,0.0,10.0,,-0.16079704463481903,0.06430355459451675,-5.13560676574707,,
feedback,20.960493,1786508466392,7,57,10.0,0.0,10.0,,-0.20508860051631927,0.03093624860048294,-5.161398887634277,,
feedback,20.968190,1786508466400,7,57,10.0,0.0,10.0,,-0.13147515058517456,0.009001847356557846,-4.826746940612793,,
feedback,20.976065,1786508466409,7,57,10.0,0.0,10.0,,-0.17148761451244354,0.03326401859521866,-4.935732841491699,,
feedback,20.984920,1786508466417,7,57,10.0,0.0,10.0,,-0.13231277465820312,0.00835755467414856,-4.840462684631348,,
feedback,20.992293,1786508466426,7,57,10.0,0.0,10.0,,-0.15395434200763702,-0.01911441795527935,-4.949434757232666,,
feedback,21.001059,1786508466434,7,57,10.0,0.0,10.0,,-0.17298416793346405,0.0176377035677433,-5.12788200378418,,
feedback,21.008947,1786508466442,7,57,10.0,0.0,10.0,,-0.17645354568958282,-0.003242173232138157,-5.2992706298828125,,
feedback,21.017206,1786508466451,7,57,10.0,0.0,10.0,,-0.15138378739356995,0.029999082908034325,-5.163019180297852,,
feedback,21.025324,1786508466459,7,57,10.0,0.0,10.0,,-0.17034679651260376,0.0035975598730146885,-5.114107608795166,,
feedback,21.033652,1786508466468,7,57,10.0,0.0,10.0,,-0.15889428555965424,-0.0021151688415557146,-5.141815662384033,,
feedback,21.041845,1786508466476,7,57,10.0,0.0,10.0,,-0.15853773057460785,0.017340797930955887,-5.190098285675049,,
feedback,21.049999,1786508466485,7,57,10.0,0.0,10.0,,-0.10603635758161545,-0.0030299266800284386,-5.239560127258301,,
feedback,21.058180,1786508466493,7,57,10.0,0.0,10.0,,-0.12631018459796906,0.05044140666723251,-5.005993843078613,,
feedback,21.067870,1786508466501,7,57,10.0,0.0,10.0,,-0.15433922410011292,0.01847160793840885,-4.956706523895264,,
feedback,21.075280,1786508466510,7,57,10.0,0.0,10.0,,-0.17452768981456757,0.06469059735536575,-4.764299392700195,,
feedback,21.083223,1786508466518,7,57,10.0,0.0,10.0,,-0.08998346328735352,0.03379072621464729,-4.594768524169922,,
feedback,21.091803,1786508466527,7,57,10.0,0.0,10.0,,-0.20353011786937714,-0.0016602069372311234,-4.927557468414307,,
feedback,21.100112,1786508466535,7,57,10.0,0.0,10.0,,-0.16574861109256744,0.01626799814403057,-5.080012798309326,,
feedback,21.108846,1786508466539,7,57,10.0,0.0,10.0,,-0.12456810474395752,-0.025344043970108032,-5.3349714279174805,,
feedback,21.115757,1786508466548,7,57,10.0,0.0,10.0,,-0.1973719298839569,-7.203307905001566e-05,-5.456684112548828,,
feedback,21.125272,1786508466556,7,57,10.0,0.0,10.0,,-0.15645499527454376,0.02627289667725563,-5.3757758140563965,,
feedback,21.132320,1786508466564,7,57,10.0,0.0,10.0,,-0.1339762955904007,0.022030377760529518,-5.163436412811279,,
feedback,21.140575,1786508466573,7,57,10.0,0.0,10.0,,-0.14597922563552856,0.00851465668529272,-4.709475040435791,,
feedback,21.150962,1786508466581,7,57,10.0,0.0,10.0,,-0.09729175269603729,0.006285020615905523,-4.298725605010986,,
feedback,21.156754,1786508466590,7,57,10.0,0.0,10.0,,-0.10021334886550903,0.005618254654109478,-3.989377021789551,,
feedback,21.165246,1786508466598,7,57,10.0,0.0,10.0,,-0.15307499468326569,-0.00997789017856121,-3.8295273780822754,,
feedback,21.173414,1786508466606,7,57,10.0,0.0,10.0,,-0.15135353803634644,0.005315275397151709,-3.7335102558135986,,
feedback,21.180868,1786508466615,7,57,10.0,0.0,10.0,,-0.1145583763718605,-0.013465503230690956,-3.6863057613372803,,
feedback,21.189086,1786508466623,7,57,10.0,0.0,10.0,,-0.1063380241394043,0.006286924704909325,-3.5631535053253174,,
feedback,21.197087,1786508466632,7,57,10.0,0.0,10.0,,-0.10401970148086548,0.07252882421016693,-3.4265499114990234,,
feedback,21.205269,1786508466640,7,57,10.0,0.0,10.0,,-0.0921267718076706,0.14437979459762573,-3.2765986919403076,,
feedback,21.213693,1786508466648,7,57,10.0,0.0,10.0,,-0.14607954025268555,0.26138103008270264,-3.2762508392333984,,
feedback,21.221758,1786508466657,7,57,10.0,0.0,10.0,,-0.10656361281871796,0.3209521770477295,-3.0994973182678223,,
feedback,21.230384,1786508466665,7,57,10.0,0.0,10.0,,-0.13662904500961304,0.4269760251045227,-2.818135976791382,,
feedback,21.240082,1786508466674,7,57,10.0,0.0,10.0,,-0.06443460285663605,0.4594730734825134,-2.374053716659546,,
feedback,21.246673,1786508466682,7,57,10.0,0.0,10.0,,-0.06108970195055008,0.4680136740207672,-2.298635959625244,,
feedback,21.254720,1786508466691,7,57,10.0,0.0,10.0,,-0.10289404541254044,0.48021170496940613,-2.3044233322143555,,
feedback,21.263148,1786508466695,7,57,10.0,0.0,10.0,,-0.09568682312965393,0.46087634563446045,-2.3044254779815674,,
feedback,21.271210,1786508466703,7,57,10.0,0.0,10.0,,-0.1564038246870041,0.5900457501411438,-2.2491207122802734,,
feedback,21.279323,1786508466712,7,57,10.0,0.0,10.0,,-0.07742719352245331,0.7708361148834229,-2.5010323524475098,,
feedback,21.287671,1786508466720,7,57,10.0,0.0,10.0,,-0.14162825047969818,0.9345650672912598,-2.6041455268859863,,
feedback,21.296488,1786508466729,7,57,10.0,0.0,10.0,,-0.18375350534915924,1.1418359279632568,-2.7977726459503174,,
feedback,21.304508,1786508466737,7,57,10.0,0.0,10.0,,-0.10107619315385818,1.2464426755905151,-2.8910446166992188,,
feedback,21.313071,1786508466745,7,57,10.0,0.0,10.0,,-0.05093301087617874,1.2507820129394531,-2.8516533374786377,,
feedback,21.320680,1786508466754,7,57,10.0,0.0,10.0,,-0.14976544678211212,1.2123541831970215,-2.9443390369415283,,
feedback,21.328770,1786508466762,7,57,10.0,0.0,10.0,,-0.05752488970756531,1.2164534330368042,-2.9817657470703125,,
feedback,21.337810,1786508466771,7,57,10.0,0.0,10.0,,-0.10806959867477417,1.278588891029358,-3.0978288650512695,,
feedback,21.345597,1786508466779,7,57,10.0,0.0,10.0,,-0.10199695825576782,1.2779127359390259,-3.0637881755828857,,
feedback,21.354280,1786508466787,7,57,10.0,0.0,10.0,,-0.12119801342487335,1.290501594543457,-3.0771543979644775,,
feedback,21.362135,1786508466796,7,57,10.0,0.0,10.0,,-0.16627049446105957,1.2536418437957764,-2.9585394859313965,,
feedback,21.373115,1786508466804,7,57,10.0,0.0,10.0,,-0.1296881139278412,1.241723656654358,-2.8016583919525146,,
feedback,21.377824,1786508466813,7,57,10.0,0.0,10.0,,-0.1125420331954956,1.1920245885849,-2.6642606258392334,,
feedback,21.386281,1786508466821,7,57,10.0,0.0,10.0,,-0.1305561363697052,1.161881685256958,-2.5122487545013428,,
feedback,21.394452,1786508466826,7,57,10.0,0.0,10.0,,-0.11257223784923553,1.1723239421844482,-2.6847658157348633,,
feedback,21.402744,1786508466835,7,57,10.0,0.0,10.0,,-0.13973575830459595,1.2012206315994263,-2.9110472202301025,,
feedback,21.410964,1786508466843,7,57,10.0,0.0,10.0,,-0.15536479651927948,1.219839096069336,-2.931461811065674,,
feedback,21.419507,1786508466852,7,57,10.0,0.0,10.0,,-0.20405280590057373,1.242450475692749,-2.6828575134277344,,
feedback,21.427255,1786508466860,7,57,10.0,0.0,10.0,,-0.19286854565143585,1.239233374595642,-2.497697591781616,,
feedback,21.435325,1786508466869,7,57,10.0,0.0,10.0,,-0.09520755708217621,1.1927332878112793,-2.1980509757995605,,
feedback,21.443569,1786508466877,7,57,10.0,0.0,10.0,,-0.08507294207811356,1.0330994129180908,-1.8802059888839722,,
feedback,21.452736,1786508466885,7,57,10.0,0.0,10.0,,-0.09016937017440796,0.9815226793289185,-1.7074825763702393,,
feedback,21.460668,1786508466894,7,57,10.0,0.0,10.0,,-0.047766443341970444,0.9543479681015015,-1.749872088432312,,
feedback,21.468894,1786508466902,7,57,10.0,0.0,10.0,,0.0028281209524720907,0.946797251701355,-1.6554551124572754,,
feedback,21.479939,1786508466911,7,57,10.0,0.0,10.0,,-0.07381616532802582,0.9553111791610718,-1.618586540222168,,
feedback,21.484379,1786508466919,7,57,10.0,0.0,10.0,,-0.04033035412430763,1.1321523189544678,-1.5466934442520142,,
feedback,21.492712,1786508466927,7,57,10.0,0.0,10.0,,-0.02324853092432022,1.3467766046524048,-1.5434823036193848,,
feedback,21.501205,1786508466936,7,57,10.0,0.0,10.0,,0.0034626584965735674,1.5135334730148315,-1.7736284732818604,,
feedback,21.509266,1786508466944,7,57,10.0,0.0,10.0,,0.032653432339429855,1.688549280166626,-1.8528741598129272,,
feedback,21.517678,1786508466953,7,57,10.0,0.0,10.0,,0.06840363889932632,1.7028191089630127,-1.7445496320724487,,
feedback,21.525982,1786508466961,7,57,10.0,0.0,10.0,,0.02352032996714115,1.6517211198806763,-1.8179837465286255,,
feedback,21.533320,1786508466965,7,57,10.0,0.0,10.0,,0.07831317186355591,1.657623291015625,-1.71710205078125,,
feedback,21.541906,1786508466974,7,57,10.0,0.0,10.0,,0.04857480525970459,1.6304724216461182,-1.7709407806396484,,
feedback,21.550545,1786508466982,7,57,10.0,0.0,10.0,,0.020676368847489357,1.7095270156860352,-1.949951171875,,
feedback,21.558533,1786508466990,7,57,10.0,0.0,10.0,,0.028764866292476654,1.8506557941436768,-2.1381030082702637,,
feedback,21.566670,1786508466999,7,57,10.0,0.0,10.0,,0.04934635013341904,1.9359511137008667,-2.264080047607422,,
feedback,21.575131,1786508467007,7,57,10.0,0.0,10.0,,0.10132107138633728,2.0265448093414307,-2.3570449352264404,,
feedback,21.585422,1786508467016,7,57,10.0,0.0,10.0,,0.11551957577466965,2.064542055130005,-2.2485382556915283,,
feedback,21.590996,1786508467024,7,57,10.0,0.0,10.0,,0.06697698682546616,2.1467957496643066,-2.29632568359375,,
feedback,21.599699,1786508467033,7,57,10.0,0.0,10.0,,0.11899277567863464,2.0578393936157227,-2.1873586177825928,,
feedback,21.607541,1786508467041,7,57,10.0,0.0,10.0,,0.07100618630647659,1.9535549879074097,-2.0467326641082764,,
feedback,21.616075,1786508467050,7,57,10.0,0.0,10.0,,0.07697580009698868,1.7613441944122314,-1.9205337762832642,,
feedback,21.623979,1786508467058,7,57,10.0,0.0,10.0,,0.061209212988615036,1.6775662899017334,-1.6095762252807617,,
feedback,21.632479,1786508467066,7,57,10.0,0.0,10.0,,0.02974928542971611,1.6913139820098877,-1.6018320322036743,,
feedback,21.644611,1786508467075,7,57,10.0,0.0,10.0,,0.008470475673675537,1.6988095045089722,-1.505104899406433,,
feedback,21.648146,1786508467083,7,57,10.0,0.0,10.0,,-0.03584611043334007,1.7947901487350464,-1.4638105630874634,,
feedback,21.656960,1786508467092,7,57,10.0,0.0,10.0,,0.0006585040828213096,1.7916425466537476,-1.5204726457595825,,
feedback,21.665474,1786508467100,7,57,10.0,0.0,10.0,,-0.058121997863054276,1.9278039932250977,-1.788489580154419,,
feedback,21.673765,1786508467109,7,57,10.0,0.0,10.0,,-0.08691363036632538,2.0048065185546875,-1.7543985843658447,,
feedback,21.681061,1786508467113,7,57,10.0,0.0,10.0,,-0.07482369244098663,1.917733073234558,-1.6985597610473633,,
feedback,21.689263,1786508467121,7,57,10.0,0.0,10.0,,0.0022697073873132467,1.7559874057769775,-1.5205200910568237,,
feedback,21.698103,1786508467130,7,57,10.0,0.0,10.0,,-0.018731147050857544,1.6997544765472412,-1.2302182912826538,,
feedback,21.707028,1786508467138,7,57,10.0,0.0,10.0,,-0.044956278055906296,1.7438724040985107,-1.2712522745132446,,
feedback,21.714778,1786508467147,7,57,10.0,0.0,10.0,,-0.039912693202495575,1.8197582960128784,-1.2248209714889526,,
feedback,21.722844,1786508467155,7,57,10.0,0.0,10.0,,0.004274583887308836,1.8551459312438965,-1.2618860006332397,,
feedback,21.730782,1786508467163,7,57,10.0,0.0,10.0,,-0.008065039291977882,1.9181301593780518,-1.2695128917694092,,
feedback,21.739528,1786508467172,7,57,10.0,0.0,10.0,,-0.03713545203208923,2.138646125793457,-1.306630253791809,,
feedback,21.747496,1786508467180,7,57,10.0,0.0,10.0,,-0.009031462483108044,2.458970308303833,-1.3067879676818848,,
feedback,21.757625,1786508467189,7,57,10.0,0.0,10.0,,0.037053678184747696,2.638526678085327,-1.408524751663208,,
feedback,21.763501,1786508467197,7,57,10.0,0.0,10.0,,0.15855920314788818,2.939821481704712,-1.5712023973464966,,
feedback,21.772073,1786508467206,7,57,10.0,0.0,10.0,,0.2870469391345978,3.3415164947509766,-1.7703872919082642,,
feedback,21.780056,1786508467214,7,57,10.0,0.0,10.0,,0.38936740159988403,3.342114210128784,-1.7759978771209717,,
feedback,21.788534,1786508467223,7,57,10.0,0.0,10.0,,0.2779370844364166,3.2439417839050293,-1.7699531316757202,,
feedback,21.796920,1786508467231,7,57,10.0,0.0,10.0,,0.2735978364944458,3.2921063899993896,-1.826456069946289,,
feedback,21.804560,1786508467239,7,57,10.0,0.0,10.0,,0.22124268114566803,3.4763169288635254,-1.8075900077819824,,
feedback,21.815599,1786508467248,7,57,10.0,0.0,10.0,,0.22060756385326385,3.542213201522827,-1.899092674255371,,
feedback,21.820400,1786508467256,7,57,10.0,0.0,10.0,,0.17530499398708344,3.675976037979126,-1.8385018110275269,,
feedback,21.828494,1786508467260,7,57,10.0,0.0,10.0,,0.13827483355998993,3.6595160961151123,-1.768083930015564,,
feedback,21.836691,1786508467269,7,57,10.0,0.0,10.0,,-0.10251274704933167,3.7480649948120117,-1.7864255905151367,,
feedback,21.845482,1786508467277,7,57,10.0,0.0,10.0,,-0.027481479570269585,3.8100380897521973,-1.6546703577041626,,
feedback,21.853355,1786508467286,7,57,10.0,0.0,10.0,,0.14921987056732178,3.578242540359497,-1.557080626487732,,
feedback,21.861611,1786508467294,7,57,10.0,0.0,10.0,,0.10855700075626373,3.5573360919952393,-1.6723726987838745,,
feedback,21.869363,1786508467302,7,57,10.0,0.0,10.0,,0.130894273519516,3.669238567352295,-1.6834880113601685,,
feedback,21.878206,1786508467311,7,57,10.0,0.0,10.0,,0.13491946458816528,3.79897141456604,-1.7354270219802856,,
feedback,21.885909,1786508467319,7,57,10.0,0.0,10.0,,0.23038020730018616,3.6280829906463623,-1.607141137123108,,
feedback,21.894006,1786508467328,7,57,10.0,0.0,10.0,,0.18856102228164673,3.419102430343628,-1.4363726377487183,,
feedback,21.902235,1786508467336,7,57,10.0,0.0,10.0,,0.11544463038444519,3.231790781021118,-1.2160440683364868,,
feedback,21.910286,1786508467344,7,57,10.0,0.0,10.0,,0.09996184706687927,3.040792465209961,-1.1016710996627808,,
feedback,21.919208,1786508467353,7,57,10.0,0.0,10.0,,0.05571340397000313,2.9433341026306152,-1.0358167886734009,,
feedback,21.928233,1786508467361,7,57,10.0,0.0,10.0,,0.08150868862867355,2.7937874794006348,-0.9247010946273804,,
feedback,21.934815,1786508467370,7,57,10.0,0.0,10.0,,0.03944499418139458,2.8257410526275635,-0.9785624742507935,,
feedback,21.942953,1786508467378,7,57,10.0,0.0,10.0,,0.15839138627052307,3.00396728515625,-0.9621015787124634,,
feedback,21.951893,1786508467387,7,57,10.0,0.0,10.0,,0.16449660062789917,3.24242901802063,-0.9614916443824768,,
feedback,21.959994,1786508467395,7,57,10.0,0.0,10.0,,0.18025188148021698,3.4743521213531494,-0.9339378476142883,,
feedback,21.967716,1786508467403,7,57,10.0,0.0,10.0,,0.1649501770734787,3.701378583908081,-0.9321092963218689,,
feedback,21.976422,1786508467412,7,57,10.0,0.0,10.0,,0.15291859209537506,3.864713430404663,-0.9910061955451965,,
feedback,21.984318,1786508467416,7,57,10.0,0.0,10.0,,0.14362891018390656,4.095656871795654,-1.0719298124313354,,
feedback,21.993567,1786508467424,7,57,10.0,0.0,10.0,,-0.003142216242849827,4.573390007019043,-1.0342670679092407,,
feedback,22.000160,1786508467433,7,57,10.0,0.0,10.0,,-0.034505877643823624,5.050823211669922,-1.1205108165740967,,
feedback,22.008526,1786508467441,7,57,10.0,0.0,10.0,,-0.03624720871448517,5.12364387512207,-1.151266098022461,,
feedback,22.017608,1786508467450,7,57,10.0,0.0,10.0,,-0.11851716041564941,5.118844032287598,-1.1553281545639038,,
feedback,22.024737,1786508467458,7,57,10.0,0.0,10.0,,-0.06756332516670227,4.960043430328369,-1.0941479206085205,,
feedback,22.035647,1786508467467,7,57,10.0,0.0,10.0,,-0.2731373906135559,4.874507904052734,-1.0255107879638672,,
feedback,22.041142,1786508467475,7,57,10.0,0.0,10.0,,-0.1697685569524765,4.801314830780029,-0.9695870280265808,,
feedback,22.049531,1786508467483,7,57,10.0,0.0,10.0,,-0.06556591391563416,4.68709659576416,-1.0846846103668213,,
feedback,22.057996,1786508467492,7,57,10.0,0.0,10.0,,-0.02666839025914669,4.600286960601807,-1.2512686252593994,,
feedback,22.066484,1786508467500,7,57,10.0,0.0,10.0,,0.03360583260655403,4.446615695953369,-1.1837868690490723,,
feedback,22.074520,1786508467509,7,57,10.0,0.0,10.0,,0.03717047721147537,4.702936172485352,-1.2331879138946533,,
feedback,22.083130,1786508467517,7,57,10.0,0.0,10.0,,0.020770089700818062,4.786009311676025,-1.1606504917144775,,
feedback,22.090690,1786508467526,7,57,10.0,0.0,10.0,,0.08983036130666733,4.609259605407715,-1.0312577486038208,,
feedback,22.098713,1786508467534,7,57,10.0,0.0,10.0,,0.06192303076386452,4.4240336418151855,-1.011673092842102,,
feedback,22.107731,1786508467542,7,57,10.0,0.0,10.0,,0.01897396519780159,4.207876682281494,-0.9625668525695801,,
feedback,22.115036,1786508467551,7,57,10.0,0.0,10.0,,0.06371857970952988,4.017299175262451,-0.7617601752281189,,
feedback,22.123937,1786508467555,7,57,10.0,0.0,10.0,,0.04459507018327713,3.903533935546875,-0.8196936249732971,,
feedback,22.131835,1786508467564,7,57,10.0,0.0,10.0,,-0.01120000146329403,3.750288486480713,-0.7504398226737976,,
feedback,22.140020,1786508467572,7,57,10.0,0.0,10.0,,0.021135913208127022,3.727445125579834,-0.6220684051513672,,
feedback,22.150963,1786508467581,7,57,10.0,0.0,10.0,,0.0009445560281164944,4.055665493011475,-0.6100412011146545,,
feedback,22.156261,1786508467589,7,57,10.0,0.0,10.0,,0.09152328968048096,4.217826843261719,-0.5394819378852844,,
feedback,22.164481,1786508467597,7,57,10.0,0.0,10.0,,0.13082486391067505,4.373169898986816,-0.5616067051887512,,
feedback,22.173377,1786508467606,7,57,10.0,0.0,10.0,,0.22703911364078522,4.6583251953125,-0.5924991965293884,,
feedback,22.181667,1786508467614,7,57,10.0,0.0,10.0,,0.5057259798049927,4.796626091003418,-0.6462261080741882,,
feedback,22.190271,1786508467623,7,57,10.0,0.0,10.0,,0.5524417757987976,5.224666118621826,-0.5814639329910278,,
feedback,22.200859,1786508467631,7,57,10.0,0.0,10.0,,0.4140567183494568,5.575916767120361,-0.5629259943962097,,
feedback,22.206045,1786508467639,7,57,10.0,0.0,10.0,,0.35900959372520447,5.99365234375,-0.5459832549095154,,
feedback,22.214249,1786508467648,7,57,10.0,0.0,10.0,,0.29092228412628174,6.447536468505859,-0.6052996516227722,,
feedback,22.223054,1786508467656,7,57,10.0,0.0,10.0,,0.15429651737213135,6.59156608581543,-0.6085793972015381,,
feedback,22.230705,1786508467664,7,57,10.0,0.0,10.0,,0.36190104484558105,6.392345905303955,-0.6902772784233093,,
feedback,22.238149,1786508467673,7,57,10.0,0.0,10.0,,0.474624365568161,6.350692272186279,-0.6387792229652405,,
feedback,22.247688,1786508467681,7,57,10.0,0.0,10.0,,0.5520815253257751,6.264305114746094,-0.6176904439926147,,
feedback,22.255819,1786508467690,7,57,10.0,0.0,10.0,,0.4202069640159607,6.163975715637207,-0.5731133222579956,,
feedback,22.263248,1786508467698,7,57,10.0,0.0,10.0,,0.3877127766609192,6.084819316864014,-0.5564185976982117,,
feedback,22.271797,1786508467706,7,57,10.0,0.0,10.0,,0.3411242365837097,6.2728590965271,-0.6164318323135376,,
feedback,22.279509,1786508467715,7,57,10.0,0.0,10.0,,0.2924753427505493,6.327448844909668,-0.6095459461212158,,
feedback,22.288552,1786508467723,7,57,10.0,0.0,10.0,,0.11626795679330826,6.204046249389648,-0.5307207107543945,,
feedback,22.296080,1786508467728,7,57,10.0,0.0,10.0,,0.12239319831132889,6.153314590454102,-0.5100755095481873,,
feedback,22.304567,1786508467736,7,57,10.0,0.0,10.0,,0.04007440805435181,5.762946128845215,-0.42268455028533936,,
feedback,22.312257,1786508467745,7,57,10.0,0.0,10.0,,0.0384480319917202,5.4615325927734375,-0.413889616727829,,
feedback,22.320582,1786508467753,7,57,10.0,0.0,10.0,,0.15890870988368988,5.23133659362793,-0.39747485518455505,,
feedback,22.329121,1786508467761,7,57,10.0,0.0,10.0,,-0.07182101160287857,5.055838108062744,-0.3374749720096588,,
feedback,22.336775,1786508467770,7,57,10.0,0.0,10.0,,0.042014919221401215,4.6712870597839355,-0.2257489413022995,,
feedback,22.345075,1786508467778,7,57,10.0,0.0,10.0,,0.04306366294622421,4.686447620391846,-0.1861252635717392,,
feedback,22.353355,1786508467787,7,57,10.0,0.0,10.0,,0.07949928194284439,4.836270809173584,-0.14807027578353882,,
feedback,22.361935,1786508467795,7,57,10.0,0.0,10.0,,0.0631394162774086,5.120281219482422,-0.1720283180475235,,
feedback,22.369348,1786508467804,7,57,10.0,0.0,10.0,,0.01857399009168148,5.601136207580566,-0.1801285594701767,,
feedback,22.377329,1786508467812,7,57,10.0,0.0,10.0,,-0.0019095445750281215,5.960187911987305,-0.18652896583080292,,
feedback,22.386368,1786508467821,7,57,10.0,0.0,10.0,,0.01122188474982977,6.212984085083008,-0.15785427391529083,,
feedback,22.393959,1786508467829,7,57,10.0,0.0,10.0,,0.12214197963476181,6.37861442565918,-0.19066211581230164,,
feedback,22.402024,1786508467837,7,57,10.0,0.0,10.0,,0.12177745252847672,6.679767608642578,-0.1327468752861023,,
feedback,22.411133,1786508467846,7,57,10.0,0.0,10.0,,0.14543737471103668,6.887721061706543,0.08491327613592148,,
feedback,22.422579,1786508467854,7,57,10.0,0.0,10.0,,0.2823375463485718,6.9280595779418945,0.10146408528089523,,
feedback,22.426472,1786508467863,7,57,10.0,0.0,10.0,,0.2910930812358856,7.036314010620117,0.08659854531288147,,
feedback,22.435464,1786508467867,7,57,10.0,0.0,10.0,,0.30148032307624817,7.214427471160889,0.11843977123498917,,
feedback,22.443111,1786508467875,7,57,10.0,0.0,10.0,,0.356492817401886,7.193329334259033,0.07615859061479568,,
feedback,22.452467,1786508467884,7,57,10.0,0.0,10.0,,0.2994495630264282,7.471983432769775,0.09480201452970505,,
feedback,22.460068,1786508467892,7,57,10.0,0.0,10.0,,0.4363150894641876,7.76296854019165,0.07208016514778137,,
feedback,22.468516,1786508467900,7,57,10.0,0.0,10.0,,0.5175058841705322,7.905455589294434,0.06764157116413116,,
feedback,22.476091,1786508467909,7,57,10.0,0.0,10.0,,0.49670514464378357,7.868034362792969,0.01922377571463585,,
feedback,22.484884,1786508467917,7,57,10.0,0.0,10.0,,0.3483283519744873,7.4829325675964355,0.006204782519489527,,
feedback,22.492275,1786508467926,7,57,10.0,0.0,10.0,,0.5225806832313538,7.073564529418945,0.006598743610084057,,
feedback,22.501910,1786508467934,7,57,10.0,0.0,10.0,,0.6208173036575317,6.54740571975708,0.0016331513179466128,,
feedback,22.509112,1786508467942,7,57,10.0,0.0,10.0,,0.5539754033088684,6.45946741104126,-0.06597686558961868,,
feedback,22.517397,1786508467951,7,57,10.0,0.0,10.0,,0.4231574237346649,6.467459201812744,0.0007958518108353019,,
feedback,22.525992,1786508467959,7,57,10.0,0.0,10.0,,0.28177475929260254,6.474264621734619,0.04820859804749489,,
feedback,22.533419,1786508467968,7,57,10.0,0.0,10.0,,0.2492588460445404,6.315676689147949,-0.019495852291584015,,
feedback,22.542169,1786508467976,7,57,10.0,0.0,10.0,,0.26237618923187256,6.314999103546143,-0.037176940590143204,,
feedback,22.550797,1786508467984,7,57,10.0,0.0,10.0,,0.21916604042053223,6.156666278839111,-0.006287406664341688,,
feedback,22.558401,1786508467993,7,57,10.0,0.0,10.0,,0.14775200188159943,6.062458038330078,-0.02383178286254406,,
feedback,22.567391,1786508468001,7,57,10.0,0.0,10.0,,0.2984800934791565,5.9785308837890625,0.07068057358264923,,
feedback,22.575048,1786508468010,7,57,10.0,0.0,10.0,,0.2351793497800827,6.145679473876953,0.10836159437894821,,
feedback,22.583474,1786508468018,7,57,10.0,0.0,10.0,,0.20145127177238464,6.113421440124512,0.022000357508659363,,
feedback,22.591086,1786508468027,7,57,10.0,0.0,10.0,,0.09759941697120667,6.77048397064209,0.1048169657588005,,
feedback,22.600038,1786508468035,7,57,10.0,0.0,10.0,,0.0075173527002334595,7.2397308349609375,0.06317321211099625,,
feedback,22.607772,1786508468039,7,57,10.0,0.0,10.0,,0.073274165391922,7.370269298553467,0.061332352459430695,,
feedback,22.615652,1786508468048,7,57,10.0,0.0,10.0,,0.07726927846670151,8.026834487915039,0.026171842589974403,,
feedback,22.624875,1786508468056,7,57,10.0,0.0,10.0,,0.14779679477214813,8.309803009033203,0.03463190048933029,,
feedback,22.633277,1786508468065,7,57,10.0,0.0,10.0,,0.10585688054561615,8.696244239807129,0.037545524537563324,,
feedback,22.640846,1786508468073,7,57,10.0,0.0,10.0,,0.300937682390213,8.407096862792969,-0.005248672794550657,,
feedback,22.651327,1786508468082,7,57,10.0,0.0,10.0,,0.4106307923793793,8.509466171264648,0.031817369163036346,,
feedback,22.656990,1786508468090,7,57,10.0,0.0,10.0,,0.28104448318481445,9.007659912109375,0.03946875408291817,,
feedback,22.664989,1786508468098,7,57,10.0,0.0,10.0,,0.16487754881381989,9.725028038024902,0.06784788519144058,,
feedback,22.673335,1786508468107,7,57,10.0,0.0,10.0,,0.1788388192653656,9.944707870483398,0.0009058939758688211,,
feedback,22.682050,1786508468115,7,57,10.0,0.0,10.0,,0.46005964279174805,10.214667320251465,-0.049204614013433456,,
feedback,22.690136,1786508468124,7,57,10.0,0.0,10.0,,0.6587724685668945,10.135091781616211,-0.07882118225097656,,
feedback,22.698492,1786508468133,7,57,10.0,0.0,10.0,,0.8154343962669373,9.766151428222656,-0.06594116985797882,,
feedback,22.709297,1786508468141,7,57,10.0,0.0,10.0,,0.7975757122039795,9.606115341186523,-0.0125761479139328,,
feedback,22.714457,1786508468149,7,57,10.0,0.0,10.0,,0.6892537474632263,10.135151863098145,0.025995397940278053,,
feedback,22.723700,1786508468158,7,57,10.0,0.0,10.0,,0.7396966218948364,10.034416198730469,0.045575421303510666,,
feedback,22.731589,1786508468166,7,57,10.0,0.0,10.0,,0.6209474205970764,10.163811683654785,0.09761615097522736,,
feedback,22.740279,1786508468175,7,57,10.0,0.0,10.0,,0.6699711680412292,9.917923927307129,0.13374921679496765,,
feedback,22.748554,1786508468183,7,57,10.0,0.0,10.0,,0.6458978056907654,9.632965087890625,0.04388527572154999,,
feedback,22.756998,1786508468192,7,57,10.0,0.0,10.0,,0.5107738375663757,9.605315208435059,0.06610992550849915,,
feedback,22.766686,1786508468196,7,57,10.0,0.0,10.0,,0.362949401140213,9.721508026123047,0.07773414999246597,,
feedback,22.772956,1786508468205,7,57,10.0,0.0,10.0,,0.1138712540268898,9.963382720947266,0.24025721848011017,,
feedback,22.780676,1786508468213,7,57,10.0,0.0,10.0,,0.1977279782295227,9.968783378601074,0.21524405479431152,,
feedback,22.789196,1786508468222,7,57,10.0,0.0,10.0,,0.05191418156027794,9.997550964355469,0.08931782096624374,,
feedback,22.797506,1786508468230,7,57,10.0,0.0,10.0,,0.2448175698518753,9.732953071594238,0.049669548869132996,,
feedback,22.805857,1786508468238,7,57,10.0,0.0,10.0,,0.4884122312068939,9.222633361816406,-0.03189748898148537,,
feedback,22.813661,1786508468247,7,57,10.0,0.0,10.0,,0.2244788259267807,9.72712516784668,0.035277437418699265,,
feedback,22.822136,1786508468255,7,57,10.0,0.0,10.0,,0.13242153823375702,9.900825500488281,0.15148083865642548,,
feedback,22.829765,1786508468264,7,57,10.0,0.0,10.0,,0.003104482078924775,10.092347145080566,0.11962173879146576,,
feedback,22.837979,1786508468272,7,57,10.0,0.0,10.0,,0.20362156629562378,9.97400951385498,0.10334209352731705,,
feedback,22.847200,1786508468281,7,57,10.0,0.0,10.0,,0.24336212873458862,10.134780883789062,0.03222125023603439,,
feedback,22.855259,1786508468289,7,57,10.0,0.0,10.0,,0.9379972815513611,9.54124927520752,-0.05650803819298744,,
feedback,22.862925,1786508468298,7,57,10.0,0.0,10.0,,0.6939900517463684,10.073051452636719,-0.06725634634494781,,
feedback,22.871802,1786508468306,7,57,10.0,0.0,10.0,,0.47751590609550476,10.128238677978516,-0.006181573960930109,,
feedback,22.882541,1786508468315,7,57,10.0,0.0,10.0,,0.5181190967559814,10.180142402648926,0.01212463527917862,,
feedback,22.887277,1786508468323,7,57,10.0,0.0,10.0,,0.6799096465110779,10.147078514099121,-0.08198189735412598,,
feedback,22.895429,1786508468331,7,57,10.0,0.0,10.0,,0.6977947354316711,9.947830200195312,-0.056971967220306396,,
feedback,22.903939,1786508468336,7,57,10.0,0.0,10.0,,0.8441179990768433,9.558450698852539,-0.07267307490110397,,
feedback,22.911779,1786508468344,7,57,10.0,0.0,10.0,,0.8947150111198425,9.315999984741211,-0.1331409364938736,,
feedback,22.919677,1786508468352,7,57,10.0,0.0,10.0,,0.7549518346786499,9.696775436401367,-0.06450875848531723,,
feedback,22.927838,1786508468361,7,57,10.0,0.0,10.0,,0.6093496084213257,9.639622688293457,-0.0065497164614498615,,
feedback,22.940359,1786508468369,7,57,10.0,0.0,10.0,,0.2697710394859314,10.000426292419434,0.03679655119776726,,
feedback,22.944637,1786508468378,7,57,10.0,0.0,10.0,,-0.06898437440395355,10.079537391662598,0.04995950311422348,,
feedback,22.953718,1786508468386,7,57,10.0,0.0,10.0,,0.013337133452296257,9.772790908813477,-0.003751141484826803,,
feedback,22.960945,1786508468395,7,57,10.0,0.0,10.0,,0.10401120781898499,9.758820533752441,-0.024180278182029724,,
feedback,22.969391,1786508468403,7,57,10.0,0.0,10.0,,0.07717493921518326,9.890349388122559,0.04930128529667854,,
feedback,22.977945,1786508468412,7,57,10.0,0.0,10.0,,0.13076937198638916,9.962260246276855,0.02806432545185089,,
feedback,22.986224,1786508468421,7,57,10.0,0.0,10.0,,0.14802350103855133,10.028573036193848,0.028909683227539062,,
feedback,22.994287,1786508468429,7,57,10.0,0.0,10.0,,-0.01895764097571373,10.425111770629883,0.10912018269300461,,
feedback,23.001825,1786508468437,7,57,10.0,0.0,10.0,,0.2735236585140228,9.903685569763184,-0.03502186760306358,,
feedback,23.011518,1786508468446,7,57,10.0,0.0,10.0,,0.3558444380760193,9.81406307220459,-0.006637634243816137,,
feedback,23.018399,1786508468454,7,57,10.0,0.0,10.0,,0.6690695881843567,9.922679901123047,-0.06783342361450195,,
feedback,23.026537,1786508468458,7,57,10.0,0.0,10.0,,0.7063347101211548,9.888978958129883,-0.0759437084197998,,
feedback,23.034785,1786508468467,7,57,10.0,0.0,10.0,,0.7278549671173096,9.809417724609375,-0.0744013786315918,,
feedback,23.043007,1786508468476,7,57,10.0,0.0,10.0,,0.5718939900398254,10.019789695739746,-0.024283023551106453,,
feedback,23.056545,1786508468484,7,57,10.0,0.0,10.0,,0.5896801948547363,10.188333511352539,0.08617062121629715,,
feedback,23.059333,1786508468492,7,57,10.0,0.0,10.0,,0.8466538786888123,9.705938339233398,-0.05930032581090927,,
feedback,23.067881,1786508468501,7,57,10.0,0.0,10.0,,0.8939650654792786,9.726688385009766,-0.09652705490589142,,
feedback,23.075941,1786508468509,7,57,10.0,0.0,10.0,,0.9271848797798157,9.509876251220703,-0.12020259350538254,,
feedback,23.083973,1786508468518,7,57,10.0,0.0,10.0,,0.6413910984992981,9.795757293701172,0.025801794603466988,,
feedback,23.092406,1786508468526,7,57,10.0,0.0,10.0,,0.5680636167526245,10.05986499786377,0.032919373363256454,,
feedback,23.101193,1786508468534,7,57,10.0,0.0,10.0,,0.42036715149879456,9.949769973754883,0.156826913356781,,
feedback,23.111047,1786508468543,7,57,10.0,0.0,10.0,,0.22186324000358582,10.097229957580566,0.16893473267555237,,
feedback,23.116961,1786508468551,7,57,10.0,0.0,10.0,,-0.11650735139846802,10.172456741333008,0.2527356743812561,,
feedback,23.125686,1786508468560,7,57,10.0,0.0,10.0,,0.15184174478054047,9.785992622375488,0.3844163715839386,,
feedback,23.133727,1786508468568,7,57,10.0,0.0,10.0,,0.07043986767530441,9.986464500427246,0.3079034388065338,,
feedback,23.142008,1786508468576,7,57,10.0,0.0,10.0,,0.00392598332837224,10.064002990722656,0.3031511604785919,,
feedback,23.150177,1786508468585,7,57,10.0,0.0,10.0,,-0.09432632476091385,10.426101684570312,0.2740669548511505,,
feedback,23.158923,1786508468593,7,57,10.0,0.0,10.0,,0.16304640471935272,10.16606330871582,0.21793431043624878,,
feedback,23.167034,1786508468602,7,57,10.0,0.0,10.0,,0.1827847808599472,9.988154411315918,0.15425653755664825,,
feedback,23.174221,1786508468610,7,57,10.0,0.0,10.0,,0.3721608519554138,9.696205139160156,0.1039208397269249,,
feedback,23.182838,1786508468618,7,57,10.0,0.0,10.0,,0.5601563453674316,9.609418869018555,0.02119569107890129,,
feedback,23.191438,1786508468627,7,57,10.0,0.0,10.0,,0.664863646030426,9.785014152526855,0.03198994696140289,,
feedback,23.199605,1786508468631,7,57,10.0,0.0,10.0,,0.6734808683395386,10.094993591308594,0.034182317554950714,,
feedback,23.208493,1786508468640,7,57,10.0,0.0,10.0,,0.8286967873573303,9.764267921447754,0.04317811131477356,,
feedback,23.215432,1786508468648,7,57,10.0,0.0,10.0,,0.6956907510757446,9.90396785736084,-0.06322208046913147,,
feedback,23.224012,1786508468656,7,57,10.0,0.0,10.0,,0.803202211856842,9.543662071228027,-0.0335090272128582,,
feedback,23.231732,1786508468665,7,57,10.0,0.0,10.0,,0.9479201436042786,9.476675033569336,-0.16497105360031128,,
feedback,23.239981,1786508468673,7,57,10.0,0.0,10.0,,1.0033856630325317,9.388311386108398,-0.07053510844707489,,
feedback,23.248820,1786508468682,7,57,10.0,0.0,10.0,,0.5519427061080933,9.935880661010742,0.024440819397568703,,
feedback,23.257192,1786508468690,7,57,10.0,0.0,10.0,,0.5320577025413513,9.918136596679688,0.031586114317178726,,
feedback,23.266073,1786508468699,7,57,10.0,0.0,10.0,,0.42629992961883545,10.268430709838867,-0.016459926962852478,,
feedback,23.272860,1786508468707,7,57,10.0,0.0,10.0,,0.40633711218833923,9.751781463623047,-0.010774669237434864,,
feedback,23.281884,1786508468715,7,57,10.0,0.0,10.0,,0.2733460068702698,9.735787391662598,-0.08658936619758606,,
feedback,23.290831,1786508468724,7,57,10.0,0.0,10.0,,0.15659035742282867,9.629551887512207,0.10262804478406906,,
feedback,23.297703,1786508468732,7,57,10.0,0.0,10.0,,0.06233067438006401,9.977252960205078,-0.025661753490567207,,
feedback,23.306291,1786508468740,7,57,10.0,0.0,10.0,,0.05339164286851883,10.021332740783691,0.057954102754592896,,
feedback,23.314163,1786508468749,7,57,10.0,0.0,10.0,,0.0670972689986229,10.014039039611816,0.04258475452661514,,
feedback,23.322083,1786508468757,7,57,10.0,0.0,10.0,,-0.01234689261764288,10.243361473083496,-0.00990470964461565,,
feedback,23.330576,1786508468766,7,57,10.0,0.0,10.0,,0.11680412292480469,10.04688835144043,0.050254397094249725,,
feedback,23.338987,1786508468774,7,57,10.0,0.0,10.0,,0.2832285463809967,9.698342323303223,0.017879974097013474,,
feedback,23.346541,1786508468779,7,57,10.0,0.0,10.0,,0.26124581694602966,9.64090633392334,0.025878962129354477,,
feedback,23.355552,1786508468787,7,57,10.0,0.0,10.0,,0.22757388651371002,10.00621509552002,0.24105426669120789,,
feedback,23.363304,1786508468796,7,57,10.0,0.0,10.0,,0.37772324681282043,9.72719669342041,0.1255139410495758,,
feedback,23.371646,1786508468804,7,57,10.0,0.0,10.0,,0.46222972869873047,9.94871711730957,0.054159265011548996,,
feedback,23.379841,1786508468813,7,57,10.0,0.0,10.0,,0.7405906319618225,9.86063289642334,-0.009265598841011524,,
feedback,23.387971,1786508468821,7,57,10.0,0.0,10.0,,0.8898556232452393,9.479259490966797,-0.0820864737033844,,
feedback,23.398821,1786508468830,7,57,10.0,0.0,10.0,,0.747961163520813,9.559945106506348,-0.06381276249885559,,
feedback,23.404975,1786508468839,7,57,10.0,0.0,10.0,,0.8069379329681396,9.6569185256958,-0.04577372223138809,,
feedback,23.412245,1786508468847,7,57,10.0,0.0,10.0,,0.7960035800933838,9.68164348602295,-0.01315972488373518,,
feedback,23.420741,1786508468855,7,57,10.0,0.0,10.0,,0.6344902515411377,10.077461242675781,-0.022577036172151566,,
feedback,23.428434,1786508468864,7,57,10.0,0.0,10.0,,0.5441940426826477,10.168932914733887,-0.05562892183661461,,
feedback,23.436486,1786508468872,7,57,10.0,0.0,10.0,,0.5798895359039307,9.880395889282227,-0.09745227545499802,,
feedback,23.444936,1786508468881,7,57,10.0,0.0,10.0,,0.5363166928291321,9.732763290405273,-0.11645225435495377,,
feedback,23.455452,1786508468885,7,57,10.0,0.0,10.0,,0.4487122893333435,9.775874137878418,-0.09981852024793625,,
feedback,23.461217,1786508468894,7,57,10.0,0.0,10.0,,0.2561357021331787,9.814033508300781,-0.07302863150835037,,
feedback,23.469508,1786508468903,7,57,10.0,0.0,10.0,,0.05047856271266937,9.951864242553711,-0.0648292675614357,,
feedback,23.477560,1786508468911,7,57,10.0,0.0,10.0,,-0.02986365184187889,10.263375282287598,-0.010892982594668865,,
feedback,23.486194,1786508468920,7,57,10.0,0.0,10.0,,-0.021380487829446793,10.283074378967285,0.10087056457996368,,
feedback,23.494742,1786508468928,7,57,10.0,0.0,10.0,,0.03534180298447609,10.073921203613281,0.0682477056980133,,
feedback,23.502720,1786508468937,7,57,10.0,0.0,10.0,,0.1017184853553772,9.80671215057373,-0.04570832848548889,,
feedback,23.511394,1786508468945,7,57,10.0,0.0,10.0,,0.2884935736656189,9.697806358337402,-0.02831222116947174,,
feedback,23.519698,1786508468953,7,57,10.0,0.0,10.0,,0.31801262497901917,9.538394927978516,0.009482822380959988,,
feedback,23.528090,1786508468962,7,57,10.0,0.0,10.0,,0.17290537059307098,9.968762397766113,0.11782389134168625,,
feedback,23.535073,1786508468970,7,57,10.0,0.0,10.0,,0.16866344213485718,10.056713104248047,0.14455103874206543,,
feedback,23.543552,1786508468979,7,57,10.0,0.0,10.0,,0.2115238606929779,10.039405822753906,0.003508008783683181,,
feedback,23.552179,1786508468987,7,57,10.0,0.0,10.0,,0.6834264397621155,9.763893127441406,-0.06510578095912933,,
feedback,23.560070,1786508468991,7,57,10.0,0.0,10.0,,0.926327645778656,9.429461479187012,-0.10597492009401321,,
feedback,23.571510,1786508469000,7,57,10.0,0.0,10.0,,0.9396196603775024,9.369771957397461,-0.08394145965576172,,
feedback,23.576453,1786508469008,7,57,10.0,0.0,10.0,,0.7486305236816406,9.675780296325684,0.06798303872346878,,
feedback,23.584021,1786508469016,7,57,10.0,0.0,10.0,,0.5132905840873718,10.09564208984375,-0.03131367638707161,,
feedback,23.592688,1786508469025,7,57,10.0,0.0,10.0,,0.6474153995513916,10.044256210327148,-0.06324157863855362,,
feedback,23.600757,1786508469033,7,57,10.0,0.0,10.0,,0.6729015707969666,10.237403869628906,0.007644669618457556,,
feedback,23.609411,1786508469042,7,57,10.0,0.0,10.0,,0.7012621760368347,10.055415153503418,0.20989052951335907,,
feedback,23.617069,1786508469050,7,57,10.0,0.0,10.0,,0.6798152327537537,9.943507194519043,0.2098180651664734,,
feedback,23.625232,1786508469059,7,57,10.0,0.0,10.0,,0.7293062806129456,9.838966369628906,0.1425158530473709,,
feedback,23.632919,1786508469067,7,57,10.0,0.0,10.0,,0.42894822359085083,10.212347030639648,0.19625896215438843,,
feedback,23.642399,1786508469075,7,57,10.0,0.0,10.0,,0.32270923256874084,10.307004928588867,0.2701312303543091,,
feedback,23.649861,1786508469084,7,57,10.0,0.0,10.0,,0.070564866065979,10.276103019714355,0.1611778885126114,,
feedback,23.658630,1786508469092,7,57,10.0,0.0,10.0,,-0.08707208186388016,10.223413467407227,0.21310389041900635,,
feedback,23.665957,1786508469101,7,57,10.0,0.0,10.0,,0.06394150108098984,9.910449028015137,0.16478149592876434,,
feedback,23.674983,1786508469109,7,57,10.0,0.0,10.0,,0.36126190423965454,9.377823829650879,0.06454063951969147,,
feedback,23.682050,1786508469118,7,57,10.0,0.0,10.0,,0.25126737356185913,9.63315486907959,0.05542442575097084,,
feedback,23.690660,1786508469126,7,57,10.0,0.0,10.0,,0.29210513830184937,9.726428985595703,0.08042965084314346,,
feedback,23.699121,1786508469135,7,57,10.0,0.0,10.0,,0.22232554852962494,9.853899955749512,0.10429729521274567,,
feedback,23.707417,1786508469139,7,57,10.0,0.0,10.0,,0.17851394414901733,9.928414344787598,0.08447642624378204,,
feedback,23.715751,1786508469147,7,57,10.0,0.0,10.0,,0.1786089837551117,9.870171546936035,0.027717942371964455,,
feedback,23.723160,1786508469156,7,57,10.0,0.0,10.0,,0.14285632967948914,9.825948715209961,0.027870509773492813,,
feedback,23.731335,1786508469164,7,57,10.0,0.0,10.0,,0.30902454257011414,9.645543098449707,-0.021509163081645966,,
feedback,23.742476,1786508469172,7,57,10.0,0.0,10.0,,0.4509183168411255,9.80311107635498,-0.12153660506010056,,
feedback,23.747568,1786508469181,7,57,10.0,0.0,10.0,,0.6444665193557739,10.010757446289062,-0.23420172929763794,,
feedback,23.755622,1786508469189,7,57,10.0,0.0,10.0,,0.6596357822418213,9.944602012634277,-0.2558582127094269,,
feedback,23.763685,1786508469198,7,57,10.0,0.0,10.0,,0.27300143241882324,10.374933242797852,-0.05894444137811661,,
feedback,23.772129,1786508469206,7,57,10.0,0.0,10.0,,0.6367712020874023,10.001111030578613,-0.1055804118514061,,
feedback,23.781219,1786508469214,7,57,10.0,0.0,10.0,,0.7538374662399292,9.86201000213623,-0.029312385246157646,,
feedback,23.789076,1786508469223,7,57,10.0,0.0,10.0,,0.8021750450134277,9.800408363342285,-0.08056420087814331,,
feedback,23.799295,1786508469231,7,57,10.0,0.0,10.0,,0.786321759223938,9.647966384887695,-0.09269803762435913,,
feedback,23.805064,1786508469240,7,57,10.0,0.0,10.0,,0.6338518261909485,9.763076782226562,0.010778228752315044,,
feedback,23.813339,1786508469248,7,57,10.0,0.0,10.0,,0.6118308305740356,10.06884479522705,0.03834456950426102,,
feedback,23.821442,1786508469256,7,57,10.0,0.0,10.0,,0.5120669603347778,10.063538551330566,0.13742884993553162,,
feedback,23.830450,1786508469265,7,57,10.0,0.0,10.0,,0.356292724609375,10.071595191955566,0.1539759486913681,,
feedback,23.837499,1786508469273,7,57,10.0,0.0,10.0,,0.1491049826145172,9.899749755859375,-0.0007793923723511398,,
feedback,23.845819,1786508469282,7,57,10.0,0.0,10.0,,0.2205185890197754,9.219048500061035,0.01883123070001602,,
feedback,23.854652,1786508469290,7,57,10.0,0.0,10.0,,0.22165071964263916,9.575007438659668,0.05204532667994499,,
feedback,23.862357,1786508469294,7,57,10.0,0.0,10.0,,0.09658856689929962,9.863767623901367,0.061161600053310394,,
feedback,23.871206,1786508469303,7,57,10.0,0.0,10.0,,0.07838539779186249,9.941997528076172,0.09055379778146744,,
feedback,23.879177,1786508469312,7,57,10.0,0.0,10.0,,0.025670483708381653,10.084218978881836,0.15371176600456238,,
feedback,23.887650,1786508469320,7,57,10.0,0.0,10.0,,0.06224294751882553,10.20289134979248,0.029676638543605804,,
feedback,23.895278,1786508469329,7,57,10.0,0.0,10.0,,0.1376745104789734,10.101031303405762,-0.029102496802806854,,
feedback,23.905521,1786508469337,7,57,10.0,0.0,10.0,,0.20776361227035522,9.837081909179688,-0.08956412225961685,,
feedback,23.911354,1786508469346,7,57,10.0,0.0,10.0,,0.12384743988513947,9.855093955993652,0.006470752879977226,,
feedback,23.920215,1786508469354,7,57,10.0,0.0,10.0,,0.10196954756975174,10.338591575622559,0.021461354568600655,,
feedback,23.928357,1786508469363,7,57,10.0,0.0,10.0,,0.25977346301078796,10.353388786315918,-0.009007411077618599,,
feedback,23.936172,1786508469371,7,57,10.0,0.0,10.0,,0.6719173192977905,10.221925735473633,-0.10474301129579544,,
feedback,23.943901,1786508469380,7,57,10.0,0.0,10.0,,0.5627691149711609,10.400430679321289,-0.13889792561531067,,
feedback,23.952966,1786508469384,7,57,10.0,0.0,10.0,,0.5284178256988525,10.21537971496582,-0.15293163061141968,,
feedback,23.960728,1786508469394,7,57,10.0,0.0,10.0,,0.6171822547912598,9.631091117858887,-0.03308520466089249,,
feedback,23.969496,1786508469403,7,57,10.0,0.0,10.0,,0.7908695340156555,9.738734245300293,-0.09512291103601456,,
feedback,23.977170,1786508469412,7,57,10.0,0.0,10.0,,0.9246792793273926,9.6588716506958,-0.14641694724559784,,
feedback,23.985832,1786508469420,7,57,10.0,0.0,10.0,,0.8025988340377808,9.726486206054688,-0.09935382753610611,,
feedback,23.994713,1786508469428,7,57,10.0,0.0,10.0,,0.7474856972694397,10.167192459106445,0.27087780833244324,,
feedback,24.002376,1786508469437,7,57,10.0,0.0,10.0,,0.7665426731109619,9.953791618347168,0.23445037007331848,,
feedback,24.011198,1786508469445,7,57,10.0,0.0,10.0,,0.8057090640068054,9.77280330657959,0.25536462664604187,,
feedback,24.020372,1786508469454,7,57,10.0,0.0,10.0,,0.6380945444107056,9.489688873291016,0.22939997911453247,,
feedback,24.026237,1786508469462,7,57,10.0,0.0,10.0,,0.5022634863853455,9.642066955566406,0.16892462968826294,,
feedback,24.034260,1786508469467,7,57,10.0,0.0,10.0,,0.28716522455215454,9.600120544433594,0.166471466422081,,
feedback,24.042556,1786508469475,7,57,10.0,0.0,10.0,,0.22291459143161774,9.780892372131348,0.27000850439071655,,
feedback,24.050843,1786508469484,7,57,10.0,0.0,10.0,,0.06145263463258743,10.274291038513184,0.1958867758512497,,
feedback,24.058503,1786508469492,7,57,10.0,0.0,10.0,,0.06283840537071228,10.296791076660156,0.15735705196857452,,
feedback,24.067644,1786508469500,7,57,10.0,0.0,10.0,,0.085279181599617,10.030950546264648,0.10746651887893677,,
feedback,24.079152,1786508469509,7,57,10.0,0.0,10.0,,0.19982744753360748,9.799153327941895,-0.0077313873916864395,,
feedback,24.083446,1786508469517,7,57,10.0,0.0,10.0,,0.1786719113588333,10.006755828857422,0.021607723087072372,,
feedback,24.092988,1786508469525,7,57,10.0,0.0,10.0,,0.1980593353509903,9.93424129486084,0.07045318186283112,,
feedback,24.100455,1786508469534,7,57,10.0,0.0,10.0,,0.06766100227832794,10.107096672058105,0.030602462589740753,,
feedback,24.108371,1786508469543,7,57,10.0,0.0,10.0,,0.12389136850833893,10.028280258178711,0.12069235742092133,,
feedback,24.116529,1786508469551,7,57,10.0,0.0,10.0,,0.2288365215063095,9.957843780517578,0.04059482738375664,,
feedback,24.125086,1786508469559,7,57,10.0,0.0,10.0,,0.3835391700267792,10.049795150756836,-0.07458861917257309,,
feedback,24.134445,1786508469568,7,57,10.0,0.0,10.0,,0.7533921599388123,9.752123832702637,-0.12203583866357803,,
feedback,24.140582,1786508469576,7,57,10.0,0.0,10.0,,0.9339600205421448,9.549127578735352,0.03337203711271286,,
feedback,24.148805,1786508469581,7,57,10.0,0.0,10.0,,0.9599600434303284,9.44795036315918,0.0465768463909626,,
feedback,24.157204,1786508469589,7,57,10.0,0.0,10.0,,0.7161673903465271,9.848995208740234,0.0640273243188858,,
feedback,24.165908,1786508469598,7,57,10.0,0.0,10.0,,0.8154183030128479,9.859971046447754,0.08188875019550323,,
feedback,24.173662,1786508469606,7,57,10.0,0.0,10.0,,0.7643486857414246,9.993003845214844,0.019746927544474602,,
feedback,24.182351,1786508469615,7,57,10.0,0.0,10.0,,0.597874104976654,10.186980247497559,-0.04615817964076996,,
feedback,24.190938,1786508469623,7,57,10.0,0.0,10.0,,0.6074267029762268,9.961601257324219,-0.08079423755407333,,
feedback,24.198322,1786508469631,7,57,10.0,0.0,10.0,,0.6864932179450989,9.613737106323242,-0.11826370656490326,,
feedback,24.207032,1786508469640,7,57,10.0,0.0,10.0,,0.6573626399040222,9.614021301269531,-0.15354128181934357,,
feedback,24.215087,1786508469648,7,57,10.0,0.0,10.0,,0.41267967224121094,9.868078231811523,0.026460537686944008,,
feedback,24.223641,1786508469657,7,57,10.0,0.0,10.0,,0.16527818143367767,10.03630542755127,-0.015463756397366524,,
feedback,24.231794,1786508469665,7,57,10.0,0.0,10.0,,0.06266632676124573,10.212864875793457,-0.007763720583170652,,
feedback,24.242362,1786508469673,7,57,10.0,0.0,10.0,,-0.024896608665585518,10.228816032409668,-0.03720492124557495,,
feedback,24.247210,1786508469682,7,57,10.0,0.0,10.0,,0.09477894753217697,9.830181121826172,0.09959977865219116,,
feedback,24.255391,1786508469690,7,57,10.0,0.0,10.0,,0.24178224802017212,9.629095077514648,0.012382475659251213,,
feedback,24.263857,1786508469699,7,57,10.0,0.0,10.0,,0.03631799668073654,9.865854263305664,0.04045284539461136,,
feedback,24.272761,1786508469707,7,57,10.0,0.0,10.0,,0.15714406967163086,9.774210929870605,0.1274203658103943,,
feedback,24.280209,1786508469715,7,57,10.0,0.0,10.0,,0.1246844008564949,9.873567581176758,-0.01351705752313137,,
feedback,24.288612,1786508469724,7,57,10.0,0.0,10.0,,0.0803070068359375,10.193985939025879,0.06658037006855011,,
feedback,24.296908,1786508469732,7,57,10.0,0.0,10.0,,0.10838839411735535,10.027533531188965,0.014192769303917885,,
feedback,24.304555,1786508469736,7,57,10.0,0.0,10.0,,0.21291227638721466,9.837181091308594,0.05838806554675102,,
feedback,24.312706,1786508469745,7,57,10.0,0.0,10.0,,0.2535902261734009,9.777190208435059,0.06196209788322449,,
feedback,24.321462,1786508469753,7,57,10.0,0.0,10.0,,0.4062279760837555,9.494142532348633,0.0785369724035263,,
feedback,24.329105,1786508469762,7,57,10.0,0.0,10.0,,0.7104364633560181,9.486427307128906,0.3184535503387451,,
feedback,24.337788,1786508469770,7,57,10.0,0.0,10.0,,0.8935873508453369,9.809636116027832,0.17625974118709564,,
feedback,24.345396,1786508469779,7,57,10.0,0.0,10.0,,0.7593784332275391,10.088102340698242,0.172616109251976,,
feedback,24.354135,1786508469787,7,57,10.0,0.0,10.0,,0.6279926896095276,10.24387264251709,0.1597009003162384,,
feedback,24.361911,1786508469796,7,57,10.0,0.0,10.0,,0.5868349075317383,9.973280906677246,0.10457055270671844,,
feedback,24.369786,1786508469804,7,57,10.0,0.0,10.0,,0.6070665717124939,10.0599365234375,-0.0034586091060191393,,
feedback,24.378021,1786508469812,7,57,10.0,0.0,10.0,,0.8007549047470093,9.799009323120117,-0.04912214353680611,,
feedback,24.386955,1786508469821,7,57,10.0,0.0,10.0,,0.8010774850845337,9.713506698608398,-0.17201803624629974,,
feedback,24.395041,1786508469829,7,57,10.0,0.0,10.0,,0.6404870748519897,9.939229965209961,-0.20661261677742004,,
feedback,24.403411,1786508469838,7,57,10.0,0.0,10.0,,0.47921478748321533,10.372281074523926,-0.0627012699842453,,
feedback,24.411191,1786508469846,7,57,10.0,0.0,10.0,,0.4407353103160858,10.206318855285645,-0.12421336770057678,,
feedback,24.419569,1786508469854,7,57,10.0,0.0,10.0,,0.2907838821411133,10.371326446533203,-0.032156288623809814,,
feedback,24.426800,1786508469863,7,57,10.0,0.0,10.0,,0.27356961369514465,10.227950096130371,-0.044829610735177994,,
feedback,24.435940,1786508469871,7,57,10.0,0.0,10.0,,0.3474796712398529,9.781315803527832,-0.07250583171844482,,
feedback,24.444002,1786508469875,7,57,10.0,0.0,10.0,,0.20054350793361664,9.5601167678833,-0.004411457106471062,,
feedback,24.451973,1786508469884,7,57,10.0,0.0,10.0,,0.22709311544895172,9.642912864685059,0.01919935829937458,,
feedback,24.460482,1786508469892,7,57,10.0,0.0,10.0,,0.21098288893699646,9.634919166564941,0.1944698542356491,,
feedback,24.468486,1786508469900,7,57,10.0,0.0,10.0,,0.22146551311016083,9.752626419067383,0.3827030062675476,,
feedback,24.481429,1786508469909,7,57,10.0,0.0,10.0,,0.07892250269651413,10.1830472946167,0.2748415172100067,,
feedback,24.485722,1786508469917,7,57,10.0,0.0,10.0,,0.10745230317115784,10.047309875488281,0.1673966348171234,,
feedback,24.493969,1786508469926,7,57,10.0,0.0,10.0,,0.346891313791275,9.624958992004395,0.0054992991499602795,,
feedback,24.501072,1786508469934,7,57,10.0,0.0,10.0,,0.3360848128795624,9.595199584960938,0.06003664433956146,,
feedback,24.509232,1786508469943,7,57,10.0,0.0,10.0,,0.3079371750354767,9.587881088256836,0.06392933428287506,,
feedback,24.517358,1786508469951,7,57,10.0,0.0,10.0,,0.2986113131046295,9.546578407287598,0.06592721492052078,,
feedback,24.525906,1786508469959,7,57,10.0,0.0,10.0,,0.1921687126159668,9.937106132507324,0.09354405850172043,,
feedback,24.535795,1786508469968,7,57,10.0,0.0,10.0,,0.09184737503528595,10.370613098144531,0.03594154864549637,,
feedback,24.542230,1786508469976,7,57,10.0,0.0,10.0,,0.2932165563106537,10.184337615966797,-0.20228952169418335,,
feedback,24.550558,1786508469984,7,57,10.0,0.0,10.0,,0.6114887595176697,10.006831169128418,-0.2756752073764801,,
feedback,24.558176,1786508469993,7,57,10.0,0.0,10.0,,0.7391899228096008,9.678868293762207,-0.29766494035720825,,
feedback,24.567323,1786508470001,7,57,10.0,0.0,10.0,,0.7576615214347839,9.616120338439941,-0.21319574117660522,,
feedback,24.575140,1786508470010,7,57,10.0,0.0,10.0,,0.5911884307861328,9.67302131652832,-0.009870064444839954,,
feedback,24.583488,1786508470018,7,57,10.0,0.0,10.0,,0.5125837326049805,10.117132186889648,-0.08455014228820801,,
feedback,24.596362,1786508470026,7,57,10.0,0.0,10.0,,0.5279535055160522,10.212952613830566,-0.12713362276554108,,
feedback,24.599467,1786508470035,7,57,10.0,0.0,10.0,,0.7327570915222168,9.8958158493042,-0.20546486973762512,,
feedback,24.607843,1786508470043,7,57,10.0,0.0,10.0,,0.6187942028045654,10.043846130371094,-0.1282375156879425,,
feedback,24.615696,1786508470047,7,57,10.0,0.0,10.0,,0.7443774938583374,9.69827651977539,-0.13121020793914795,,
feedback,24.624537,1786508470056,7,57,10.0,0.0,10.0,,0.7863293886184692,9.531368255615234,-0.1308935582637787,,
feedback,24.632532,1786508470064,7,57,10.0,0.0,10.0,,0.8680799603462219,9.395888328552246,0.16767282783985138,,
feedback,24.640334,1786508470073,7,57,10.0,0.0,10.0,,0.795901358127594,9.60974407196045,0.25809168815612793,,
feedback,24.649481,1786508470081,7,57,10.0,0.0,10.0,,0.5090205669403076,9.692630767822266,0.3466079831123352,,
feedback,24.657730,1786508470089,7,57,10.0,0.0,10.0,,0.40458613634109497,10.144485473632812,0.2854594886302948,,
feedback,24.664599,1786508470098,7,57,10.0,0.0,10.0,,0.1306835412979126,10.241168022155762,0.2671585977077484,,
feedback,24.672616,1786508470106,7,57,10.0,0.0,10.0,,0.10877392441034317,10.129778861999512,0.34928637742996216,,
feedback,24.680736,1786508470115,7,57,10.0,0.0,10.0,,0.33228617906570435,9.385416984558105,0.17449674010276794,,
feedback,24.689906,1786508470125,7,57,10.0,0.0,10.0,,0.23336537182331085,9.686259269714355,0.15976525843143463,,
feedback,24.697800,1786508470129,7,57,10.0,0.0,10.0,,0.19427525997161865,9.852584838867188,0.13074380159378052,,
feedback,24.705807,1786508470137,7,57,10.0,0.0,10.0,,0.22712066769599915,9.896574974060059,0.14210179448127747,,
feedback,24.714708,1786508470146,7,57,10.0,0.0,10.0,,0.11994613707065582,10.135826110839844,0.024289840832352638,,
feedback,24.722842,1786508470155,7,57,10.0,0.0,10.0,,0.11203132569789886,10.250370979309082,-0.01323347631841898,,
feedback,24.730106,1786508470163,7,57,10.0,0.0,10.0,,-0.012334926053881645,10.507963180541992,-0.019839730113744736,,
feedback,24.738274,1786508470171,7,57,10.0,0.0,10.0,,0.13618478178977966,9.909761428833008,-0.04725992679595947,,
feedback,24.747122,1786508470180,7,57,10.0,0.0,10.0,,0.07307042181491852,9.926671028137207,0.012185171246528625,,
feedback,24.754757,1786508470188,7,57,10.0,0.0,10.0,,0.36094409227371216,9.73290729522705,0.16435834765434265,,
feedback,24.762794,1786508470197,7,57,10.0,0.0,10.0,,0.48489436507225037,9.69637680053711,0.257088303565979,,
feedback,24.770708,1786508470205,7,57,10.0,0.0,10.0,,0.585414707660675,9.928201675415039,0.13210394978523254,,
feedback,24.779035,1786508470213,7,57,10.0,0.0,10.0,,0.6655023097991943,10.086729049682617,-0.07247445732355118,,
feedback,24.788044,1786508470222,7,57,10.0,0.0,10.0,,0.7301916480064392,9.734113693237305,-0.06864290684461594,,
feedback,24.795788,1786508470230,7,57,10.0,0.0,10.0,,0.5893405079841614,9.863694190979004,-0.09290999174118042,,
feedback,24.803883,1786508470239,7,57,10.0,0.0,10.0,,0.5401501655578613,9.624869346618652,-0.049714162945747375,,
feedback,24.812239,1786508470247,7,57,10.0,0.0,10.0,,0.7215837240219116,9.482234001159668,-0.10224024206399918,,
feedback,24.820913,1786508470256,7,57,10.0,0.0,10.0,,0.6463131308555603,9.46005630493164,-0.16612999141216278,,
feedback,24.833955,1786508470264,7,57,10.0,0.0,10.0,,0.6573240756988525,9.647604942321777,-0.1377858966588974,,
feedback,24.836094,1786508470272,7,57,10.0,0.0,10.0,,0.5790757536888123,9.846447944641113,-0.12966923415660858,,
feedback,24.844624,1786508470277,7,57,10.0,0.0,10.0,,0.48092156648635864,9.900912284851074,-0.18889786303043365,,
feedback,24.853318,1786508470285,7,57,10.0,0.0,10.0,,0.40228500962257385,10.089859008789062,-0.20360122621059418,,
feedback,24.861792,1786508470293,7,57,10.0,0.0,10.0,,0.4501411020755768,10.117944717407227,-0.1849537044763565,,
feedback,24.869290,1786508470302,7,57,10.0,0.0,10.0,,0.5127543210983276,9.861674308776855,-0.15617942810058594,,
feedback,24.877724,1786508470310,7,57,10.0,0.0,10.0,,0.5328740477561951,9.560059547424316,-0.15300723910331726,,
feedback,24.886961,1786508470319,7,57,10.0,0.0,10.0,,0.33390820026397705,9.977882385253906,-0.01616067625582218,,
feedback,24.893713,1786508470327,7,57,10.0,0.0,10.0,,0.14482195675373077,10.338336944580078,0.12740671634674072,,
feedback,24.901909,1786508470336,7,57,10.0,0.0,10.0,,0.05299294367432594,10.207620620727539,0.1740763783454895,,
feedback,24.910145,1786508470344,7,57,10.0,0.0,10.0,,-0.11182937771081924,10.308563232421875,0.33359530568122864,,
feedback,24.918581,1786508470352,7,57,10.0,0.0,10.0,,0.08140096813440323,10.305049896240234,0.5453697443008423,,
feedback,24.926491,1786508470361,7,57,10.0,0.0,10.0,,0.2989485561847687,10.039581298828125,0.38060829043388367,,
feedback,24.934813,1786508470369,7,57,10.0,0.0,10.0,,0.39175644516944885,9.598711967468262,0.2574712336063385,,
feedback,24.942973,1786508470378,7,57,10.0,0.0,10.0,,0.44140589237213135,9.566795349121094,0.16205638647079468,,
feedback,24.951608,1786508470386,7,57,10.0,0.0,10.0,,0.5076917409896851,9.47978687286377,0.1572391241788864,,
feedback,24.959350,1786508470395,7,57,10.0,0.0,10.0,,0.41911816596984863,9.747879981994629,0.1840672492980957,,
feedback,24.967300,1786508470403,7,57,10.0,0.0,10.0,,0.15400883555412292,10.304492950439453,0.14101673662662506,,
feedback,24.975257,1786508470407,7,57,10.0,0.0,10.0,,0.25123685598373413,9.92836856842041,0.1261996030807495,,
feedback,24.984183,1786508470416,7,57,10.0,0.0,10.0,,0.2653118669986725,9.712111473083496,0.011433183215558529,,
feedback,24.991942,1786508470424,7,57,10.0,0.0,10.0,,0.29274609684944153,9.90851879119873,-0.019307319074869156,,
feedback,25.000865,1786508470433,7,57,10.0,0.0,10.0,,0.3586130142211914,9.67736530303955,-0.04496730491518974,,
feedback,25.009565,1786508470441,7,57,10.0,0.0,10.0,,0.5936403870582581,9.514177322387695,-0.14928151667118073,,
feedback,25.017652,1786508470450,7,57,10.0,0.0,10.0,,0.7453835010528564,9.522933006286621,-0.21659260988235474,,
feedback,25.025412,1786508470458,7,57,10.0,0.0,10.0,,0.7731187343597412,10.036656379699707,0.04828663542866707,,
feedback,25.033247,1786508470467,7,57,10.0,0.0,10.0,,0.6832405924797058,10.065094947814941,0.07690649479627609,,
feedback,25.041474,1786508470475,7,57,10.0,0.0,10.0,,0.34479764103889465,10.200716018676758,0.07092942297458649,,
feedback,25.049894,1786508470484,7,57,10.0,0.0,10.0,,0.4601888358592987,10.169235229492188,-0.07281935214996338,,
feedback,25.058080,1786508470492,7,57,10.0,0.0,10.0,,0.6953743100166321,9.996522903442383,-0.12216826528310776,,
feedback,25.066389,1786508470500,7,57,10.0,0.0,10.0,,0.7906613945960999,9.778965950012207,-0.12767527997493744,,
feedback,25.075213,1786508470509,7,57,10.0,0.0,10.0,,0.7261287569999695,9.530802726745605,-0.13485263288021088,,
feedback,25.083527,1786508470517,7,57,10.0,0.0,10.0,,0.5423704981803894,9.878152847290039,-0.09503032267093658,,
feedback,25.091140,1786508470526,7,57,10.0,0.0,10.0,,0.48829522728919983,9.937288284301758,-0.20647373795509338,,
feedback,25.100171,1786508470534,7,57,10.0,0.0,10.0,,0.4450678527355194,9.946407318115234,-0.26700377464294434,,
feedback,25.107972,1786508470543,7,57,10.0,0.0,10.0,,0.3127981126308441,10.244163513183594,-0.19809801876544952,,
feedback,25.118593,1786508470551,7,57,10.0,0.0,10.0,,0.26931706070899963,10.156827926635742,-0.11093121021986008,,
feedback,25.123824,1786508470559,7,57,10.0,0.0,10.0,,0.37811148166656494,9.728863716125488,-0.12439433485269547,,
feedback,25.131924,1786508470568,7,57,10.0,0.0,10.0,,0.41437432169914246,9.54215145111084,-0.008729024790227413,,
feedback,25.141007,1786508470576,7,57,10.0,0.0,10.0,,0.28882426023483276,9.472358703613281,0.23195846378803253,,
feedback,25.148993,1786508470580,7,57,10.0,0.0,10.0,,0.20079824328422546,9.461477279663086,0.22516147792339325,,
feedback,25.157077,1786508470589,7,57,10.0,0.0,10.0,,0.07997984439134598,9.910533905029297,0.26026466488838196,,
feedback,25.164871,1786508470597,7,57,10.0,0.0,10.0,,0.023373324424028397,10.08826732635498,0.17970159649848938,,
feedback,25.174317,1786508470606,7,57,10.0,0.0,10.0,,0.3070104420185089,10.028658866882324,0.37238365411758423,,
feedback,25.181163,1786508470614,7,57,10.0,0.0,10.0,,0.399884968996048,10.063130378723145,0.4530612826347351,,
feedback,25.189234,1786508470622,7,57,10.0,0.0,10.0,,0.32582399249076843,10.085293769836426,0.3823296129703522,,
feedback,25.198202,1786508470631,7,57,10.0,0.0,10.0,,0.5086246132850647,9.683615684509277,0.28616517782211304,,
feedback,25.206412,1786508470639,7,57,10.0,0.0,10.0,,0.5517382025718689,9.549420356750488,0.1840493083000183,,
feedback,25.214207,1786508470648,7,57,10.0,0.0,10.0,,0.37058863043785095,9.861124992370605,0.16807949542999268,,
feedback,25.222262,1786508470656,7,57,10.0,0.0,10.0,,0.26177963614463806,10.089883804321289,0.12682412564754486,,
feedback,25.233774,1786508470664,7,57,10.0,0.0,10.0,,0.2659975290298462,9.9821195602417,0.1385864019393921,,
feedback,25.238833,1786508470673,7,57,10.0,0.0,10.0,,0.15773746371269226,10.093770027160645,0.08851045370101929,,
feedback,25.246178,1786508470681,7,57,10.0,0.0,10.0,,0.2421189844608307,10.153969764709473,-0.013963080011308193,,
feedback,25.255033,1786508470690,7,57,10.0,0.0,10.0,,0.4931272566318512,9.77633285522461,-0.1225847527384758,,
feedback,25.262711,1786508470698,7,57,10.0,0.0,10.0,,0.6771122217178345,9.520475387573242,-0.35900235176086426,,
feedback,25.271191,1786508470706,7,57,10.0,0.0,10.0,,0.6955743432044983,9.470385551452637,-0.2065732628107071,,
feedback,25.279626,1786508470715,7,57,10.0,0.0,10.0,,0.6794131398200989,9.733983039855957,-0.18118993937969208,,
feedback,25.290434,1786508470723,7,57,10.0,0.0,10.0,,0.7968658804893494,9.642642974853516,0.02496464177966118,,
feedback,25.295773,1786508470732,7,57,10.0,0.0,10.0,,0.4754195809364319,10.110323905944824,0.07611298561096191,,
feedback,25.304277,1786508470740,7,57,10.0,0.0,10.0,,0.6190112233161926,9.92782974243164,-0.12999340891838074,,
feedback,25.312895,1786508470748,7,57,10.0,0.0,10.0,,0.6766675710678101,9.869547843933105,-0.13866065442562103,,
feedback,25.321408,1786508470757,7,57,10.0,0.0,10.0,,0.7485322952270508,9.686824798583984,-0.13628055155277252,,
feedback,25.329189,1786508470761,7,57,10.0,0.0,10.0,,0.6952956914901733,9.67545223236084,-0.2199474424123764,,
feedback,25.337369,1786508470769,7,57,10.0,0.0,10.0,,0.7011642456054688,9.523296356201172,-0.14716657996177673,,
feedback,25.346093,1786508470778,7,57,10.0,0.0,10.0,,0.4959155023097992,9.693341255187988,-0.13651661574840546,,
feedback,25.353461,1786508470786,7,57,10.0,0.0,10.0,,0.3449590504169464,10.006260871887207,-0.14201509952545166,,
feedback,25.362253,1786508470795,7,57,10.0,0.0,10.0,,0.3296414613723755,10.20677661895752,-0.142988383769989,,
feedback,25.370756,1786508470803,7,57,10.0,0.0,10.0,,0.1638200730085373,10.262402534484863,-0.11214079707860947,,
feedback,25.379034,1786508470811,7,57,10.0,0.0,10.0,,0.2871676981449127,10.131489753723145,-0.14093716442584991,,
feedback,25.387929,1786508470820,7,57,10.0,0.0,10.0,,0.2850850224494934,9.938678741455078,-0.009177191182971,,
feedback,25.394773,1786508470828,7,57,10.0,0.0,10.0,,0.15835657715797424,9.821575164794922,0.07439074665307999,,
feedback,25.403181,1786508470837,7,57,10.0,0.0,10.0,,0.38360917568206787,9.660593032836914,0.09859954565763474,,
feedback,25.410987,1786508470845,7,57,10.0,0.0,10.0,,0.22605164349079132,9.82844352722168,0.2465749830007553,,
feedback,25.419363,1786508470853,7,57,10.0,0.0,10.0,,0.151930034160614,9.9874849319458,0.21564611792564392,,
feedback,25.428163,1786508470862,7,57,10.0,0.0,10.0,,0.28791677951812744,10.138375282287598,0.4712332785129547,,
feedback,25.436739,1786508470870,7,57,10.0,0.0,10.0,,0.3373057246208191,10.231943130493164,0.44198495149612427,,
feedback,25.444523,1786508470879,7,57,10.0,0.0,10.0,,0.26153621077537537,10.156279563903809,0.320978581905365,,
feedback,25.452371,1786508470887,7,57,10.0,0.0,10.0,,0.4582451283931732,9.639374732971191,0.3092305064201355,,
feedback,25.460833,1786508470895,7,57,10.0,0.0,10.0,,0.5063220858573914,9.392801284790039,0.2405872344970703,,
feedback,25.468543,1786508470904,7,57,10.0,0.0,10.0,,0.4410865008831024,9.52929401397705,0.11620845645666122,,
feedback,25.476811,1786508470912,7,57,10.0,0.0,10.0,,0.37565261125564575,9.794343948364258,0.05697719752788544,,
feedback,25.485500,1786508470921,7,57,10.0,0.0,10.0,,0.35466644167900085,9.596389770507812,0.006045120768249035,,
feedback,25.493647,1786508470925,7,57,10.0,0.0,10.0,,0.28592005372047424,9.834360122680664,0.044138651341199875,,
feedback,25.501353,1786508470933,7,57,10.0,0.0,10.0,,0.2265196591615677,10.049039840698242,0.07958269864320755,,
feedback,25.509920,1786508470942,7,57,10.0,0.0,10.0,,0.16929185390472412,10.155620574951172,-0.13995634019374847,,
feedback,25.518026,1786508470950,7,57,10.0,0.0,10.0,,0.28203368186950684,9.912126541137695,-0.11801163107156754,,
feedback,25.528041,1786508470959,7,57,10.0,0.0,10.0,,0.3510688245296478,9.83437728881836,-0.07571659237146378,,
feedback,25.533792,1786508470968,7,57,10.0,0.0,10.0,,0.7809042930603027,9.773930549621582,0.012060058303177357,,
feedback,25.542735,1786508470976,7,57,10.0,0.0,10.0,,0.7486943006515503,9.932833671569824,-0.055535487830638885,,
feedback,25.550225,1786508470985,7,57,10.0,0.0,10.0,,0.6164672374725342,10.103618621826172,-0.11346811056137085,,
feedback,25.558510,1786508470993,7,57,10.0,0.0,10.0,,0.45778727531433105,10.334338188171387,-0.10359805077314377,,
feedback,25.568651,1786508471002,7,57,10.0,0.0,10.0,,0.2640681266784668,10.224820137023926,-0.07485243678092957,,
feedback,25.575852,1786508471011,7,57,10.0,0.0,10.0,,0.3723687529563904,10.07065200805664,-0.21318839490413666,,
feedback,25.583963,1786508471019,7,57,10.0,0.0,10.0,,0.4700051546096802,10.093790054321289,-0.19070439040660858,,
feedback,25.592923,1786508471027,7,57,10.0,0.0,10.0,,0.5319309234619141,9.84738826751709,-0.1798284649848938,,
feedback,25.601383,1786508471036,7,57,10.0,0.0,10.0,,0.7739471197128296,9.361379623413086,-0.18595746159553528,,
feedback,25.610279,1786508471044,7,57,10.0,0.0,10.0,,0.5781906247138977,9.738436698913574,-0.1250448226928711,,
feedback,25.617611,1786508471053,7,57,10.0,0.0,10.0,,0.384940505027771,10.03094482421875,-0.1623552441596985,,
feedback,25.625459,1786508471061,7,57,10.0,0.0,10.0,,0.41496342420578003,10.015350341796875,-0.15908007323741913,,
feedback,25.634257,1786508471069,7,57,10.0,0.0,10.0,,0.42002013325691223,9.925838470458984,-0.1774078905582428,,
feedback,25.643460,1786508471078,7,57,10.0,0.0,10.0,,0.4927588105201721,9.871065139770508,-0.14943118393421173,,
feedback,25.649930,1786508471082,7,57,10.0,0.0,10.0,,0.39952343702316284,9.869215965270996,-0.03734700009226799,,
feedback,25.658547,1786508471090,7,57,10.0,0.0,10.0,,0.4743131697177887,9.517197608947754,0.005684415344148874,,
feedback,25.667450,1786508471099,7,57,10.0,0.0,10.0,,0.6807204484939575,9.355354309082031,0.19687801599502563,,
feedback,25.674353,1786508471107,7,57,10.0,0.0,10.0,,0.6154000759124756,9.62934398651123,0.4017496407032013,,
feedback,25.682313,1786508471116,7,57,10.0,0.0,10.0,,0.5014712810516357,9.861807823181152,0.39902788400650024,,
feedback,25.691269,1786508471124,7,57,10.0,0.0,10.0,,0.2749909460544586,10.174347877502441,0.2755312919616699,,
feedback,25.701488,1786508471133,7,57,10.0,0.0,10.0,,0.13117378950119019,10.071127891540527,0.29025837779045105,,
feedback,25.707512,1786508471141,7,57,10.0,0.0,10.0,,0.12940523028373718,10.216240882873535,0.24585111439228058,,
feedback,25.716543,1786508471150,7,57,10.0,0.0,10.0,,0.1895342469215393,9.846575736999512,0.1518537700176239,,
feedback,25.723644,1786508471158,7,57,10.0,0.0,10.0,,0.18221400678157806,10.118058204650879,0.0631473958492279,,
feedback,25.731929,1786508471167,7,57,10.0,0.0,10.0,,0.2850123941898346,9.819035530090332,0.08121311664581299,,
feedback,25.740806,1786508471175,7,57,10.0,0.0,10.0,,0.39392927289009094,9.704858779907227,0.105782151222229,,
feedback,25.748604,1786508471183,7,57,10.0,0.0,10.0,,0.20588365197181702,9.741204261779785,0.016502002254128456,,
feedback,25.759393,1786508471192,7,57,10.0,0.0,10.0,,0.07698353379964828,10.245026588439941,-0.04726908728480339,,
feedback,25.764492,1786508471200,7,57,10.0,0.0,10.0,,0.13904862105846405,10.289518356323242,0.05891831964254379,,
feedback,25.772607,1786508471209,7,57,10.0,0.0,10.0,,0.25680646300315857,10.072097778320312,0.15612921118736267,,
feedback,25.780571,1786508471213,7,57,10.0,0.0,10.0,,0.2932637631893158,10.07164478302002,0.14798907935619354,,
feedback,25.788987,1786508471222,7,57,10.0,0.0,10.0,,0.27226266264915466,9.919493675231934,0.11590328812599182,,
feedback,25.797536,1786508471230,7,57,10.0,0.0,10.0,,0.4318307340145111,9.7462797164917,0.11779286712408066,,
feedback,25.805957,1786508471239,7,57,10.0,0.0,10.0,,0.6169916987419128,9.187432289123535,-0.03651093319058418,,
feedback,25.816910,1786508471247,7,57,10.0,0.0,10.0,,0.4369792342185974,9.618830680847168,0.027281852439045906,,
feedback,25.821749,1786508471255,7,57,10.0,0.0,10.0,,0.4245986044406891,9.709152221679688,-0.10711919516324997,,
feedback,25.830033,1786508471264,7,57,10.0,0.0,10.0,,0.58681720495224,9.864676475524902,-0.3504544794559479,,
feedback,25.838857,1786508471272,7,57,10.0,0.0,10.0,,0.5147290825843811,9.958780288696289,-0.2774328887462616,,
feedback,25.846689,1786508471281,7,57,10.0,0.0,10.0,,0.4804766774177551,9.915152549743652,-0.2150275707244873,,
feedback,25.855313,1786508471289,7,57,10.0,0.0,10.0,,0.5592652559280396,9.876787185668945,-0.310764878988266,,
feedback,25.863597,1786508471298,7,57,10.0,0.0,10.0,,0.4712654650211334,9.64619255065918,-0.15549024939537048,,
feedback,25.870933,1786508471306,7,57,10.0,0.0,10.0,,0.4996638894081116,9.529847145080566,-0.08148898184299469,,
feedback,25.879615,1786508471315,7,57,10.0,0.0,10.0,,0.6005427241325378,9.75131607055664,0.05483345314860344,,
feedback,25.887667,1786508471323,7,57,10.0,0.0,10.0,,0.6626845002174377,9.837335586547852,0.059327226132154465,,
feedback,25.895584,1786508471331,7,57,10.0,0.0,10.0,,0.48907384276390076,10.286416053771973,0.04972042143344879,,
feedback,25.904610,1786508471340,7,57,10.0,0.0,10.0,,0.6901354789733887,10.30727767944336,0.2276841551065445,,
feedback,25.913071,1786508471348,7,57,10.0,0.0,10.0,,0.7877576351165771,10.038715362548828,0.27239131927490234,,
feedback,25.922433,1786508471357,7,57,10.0,0.0,10.0,,0.6730939745903015,10.023777961730957,0.09651312232017517,,
feedback,25.928932,1786508471361,7,57,10.0,0.0,10.0,,0.6064571142196655,9.895695686340332,0.07233844697475433,,
feedback,25.937893,1786508471369,7,57,10.0,0.0,10.0,,0.6247520446777344,9.89103889465332,0.0796658918261528,,
feedback,25.945601,1786508471378,7,57,10.0,0.0,10.0,,0.665612518787384,9.465219497680664,0.008542037568986416,,
feedback,25.954385,1786508471386,7,57,10.0,0.0,10.0,,0.5031893253326416,9.764155387878418,-0.06376384943723679,,
feedback,25.962418,1786508471395,7,57,10.0,0.0,10.0,,0.18925777077674866,10.093279838562012,0.06649278849363327,,
feedback,25.971026,1786508471403,7,57,10.0,0.0,10.0,,0.12195000052452087,10.3352689743042,0.05062616243958473,,
feedback,25.978787,1786508471411,7,57,10.0,0.0,10.0,,0.1757577806711197,9.88833999633789,0.05820608139038086,,
feedback,25.986225,1786508471420,7,57,10.0,0.0,10.0,,0.08028648048639297,10.199495315551758,-0.04859655350446701,,
feedback,25.994419,1786508471428,7,57,10.0,0.0,10.0,,0.2777383029460907,9.903631210327148,-0.03151558339595795,,
feedback,26.003112,1786508471437,7,57,10.0,0.0,10.0,,0.4157925546169281,9.784581184387207,0.2508515417575836,,
feedback,26.012190,1786508471445,7,57,10.0,0.0,10.0,,0.507622241973877,9.250398635864258,0.21721868216991425,,
feedback,26.020363,1786508471454,7,57,10.0,0.0,10.0,,0.4471956491470337,9.550381660461426,0.2798836827278137,,
feedback,26.028432,1786508471463,7,57,10.0,0.0,10.0,,0.3663185238838196,9.869436264038086,0.3072936534881592,,
feedback,26.037369,1786508471471,7,57,10.0,0.0,10.0,,0.17844465374946594,10.115586280822754,0.2179850935935974,,
feedback,26.045223,1786508471480,7,57,10.0,0.0,10.0,,0.1371949166059494,10.174602508544922,0.0524199903011322,,
feedback,26.053489,1786508471488,7,57,10.0,0.0,10.0,,0.08874190598726273,10.178582191467285,0.032472461462020874,,
feedback,26.062123,1786508471497,7,57,10.0,0.0,10.0,,0.14941410720348358,9.872746467590332,-0.02954123355448246,,
feedback,26.070512,1786508471505,7,57,10.0,0.0,10.0,,0.24596208333969116,9.8504056930542,-0.07874434441328049,,
feedback,26.078623,1786508471513,7,57,10.0,0.0,10.0,,0.40809330344200134,9.655902862548828,-0.041737668216228485,,
feedback,26.087118,1786508471522,7,57,10.0,0.0,10.0,,0.40304872393608093,9.52092456817627,0.12270436435937881,,
feedback,26.094659,1786508471530,7,57,10.0,0.0,10.0,,0.2973172962665558,9.873210906982422,0.07929402589797974,,
feedback,26.103988,1786508471539,7,57,10.0,0.0,10.0,,0.17302975058555603,10.205917358398438,0.08697398006916046,,
feedback,26.112025,1786508471547,7,57,10.0,0.0,10.0,,0.22482576966285706,10.30980396270752,0.1156502515077591,,
feedback,26.120046,1786508471551,7,57,10.0,0.0,10.0,,0.11302430182695389,10.418353080749512,0.041034698486328125,,
feedback,26.127912,1786508471560,7,57,10.0,0.0,10.0,,0.3154735565185547,10.164278984069824,0.14774879813194275,,
feedback,26.135748,1786508471568,7,57,10.0,0.0,10.0,,0.6158688068389893,10.149982452392578,0.22582463920116425,,
feedback,26.144048,1786508471577,7,57,10.0,0.0,10.0,,0.619457483291626,9.903807640075684,0.21649746596813202,,
feedback,26.151682,1786508471585,7,57,10.0,0.0,10.0,,0.7413212656974792,9.390777587890625,0.19158321619033813,,
feedback,26.160790,1786508471593,7,57,10.0,0.0,10.0,,0.9158530235290527,9.374283790588379,-0.018995411694049835,,
feedback,26.168982,1786508471602,7,57,10.0,0.0,10.0,,0.6185557246208191,10.264514923095703,-0.1583373248577118,,
feedback,26.176604,1786508471610,7,57,10.0,0.0,10.0,,0.5552584528923035,10.049736976623535,-0.12502709031105042,,
feedback,26.184921,1786508471619,7,57,10.0,0.0,10.0,,0.4353913366794586,9.936883926391602,-0.2458817958831787,,
feedback,26.192612,1786508471627,7,57,10.0,0.0,10.0,,0.39525821805000305,10.017122268676758,-0.1854742020368576,,
feedback,26.201224,1786508471635,7,57,10.0,0.0,10.0,,0.23892638087272644,9.983087539672852,-0.08484379202127457,,
feedback,26.209132,1786508471644,7,57,10.0,0.0,10.0,,0.42017126083374023,9.513254165649414,-0.17758628726005554,,
feedback,26.217906,1786508471652,7,57,10.0,0.0,10.0,,0.6497645974159241,9.410441398620605,-0.1745169311761856,,
feedback,26.225728,1786508471661,7,57,10.0,0.0,10.0,,0.7068017721176147,9.651483535766602,0.09611275047063828,,
feedback,26.233731,1786508471669,7,57,10.0,0.0,10.0,,0.6047905087471008,9.996559143066406,0.09428615123033524,,
feedback,26.242694,1786508471677,7,57,10.0,0.0,10.0,,0.5126296877861023,9.886974334716797,-0.0694931298494339,,
feedback,26.250538,1786508471686,7,57,10.0,0.0,10.0,,0.41103625297546387,10.144611358642578,-0.10013820230960846,,
feedback,26.258736,1786508471694,7,57,10.0,0.0,10.0,,0.3196287155151367,10.332892417907715,-0.040932539850473404,,
feedback,26.266870,1786508471703,7,57,10.0,0.0,10.0,,0.3584931492805481,10.0938720703125,-0.10480979084968567,,
feedback,26.275050,1786508471707,7,57,10.0,0.0,10.0,,0.33528193831443787,9.889251708984375,-0.10827439278364182,,
feedback,26.283341,1786508471720,7,57,10.0,0.0,10.0,,0.4288000762462616,9.573914527893066,-0.0830671489238739,,
feedback,26.291571,1786508471724,7,57,10.0,0.0,10.0,,0.4346226155757904,9.58636474609375,-0.12617143988609314,,
feedback,26.299976,1786508471732,7,57,10.0,0.0,10.0,,0.4508107304573059,9.778594970703125,-0.1328287124633789,,
feedback,26.308477,1786508471741,7,57,10.0,0.0,10.0,,0.448609322309494,9.633758544921875,-0.1625712811946869,,
feedback,26.318382,1786508471749,7,57,10.0,0.0,10.0,,0.3682178258895874,9.88607406616211,0.001455174176953733,,
feedback,26.324864,1786508471757,7,57,10.0,0.0,10.0,,0.20773406326770782,10.03073787689209,0.011089657433331013,,
feedback,26.332360,1786508471766,7,57,10.0,0.0,10.0,,0.3732771575450897,10.001976013183594,0.017627477645874023,,
feedback,26.341366,1786508471775,7,57,10.0,0.0,10.0,,0.2733406722545624,10.077101707458496,0.01996942050755024,,
feedback,26.348967,1786508471783,7,57,10.0,0.0,10.0,,0.478962779045105,9.736298561096191,0.27750107645988464,,
feedback,26.357139,1786508471792,7,57,10.0,0.0,10.0,,0.7140041589736938,9.524767875671387,0.29359450936317444,,
feedback,26.365576,1786508471800,7,57,10.0,0.0,10.0,,0.5951018929481506,9.605043411254883,0.3109070360660553,,
feedback,26.373068,1786508471808,7,57,10.0,0.0,10.0,,0.3140144348144531,9.858511924743652,0.365765243768692,,
feedback,26.381456,1786508471817,7,57,10.0,0.0,10.0,,0.21755100786685944,10.134356498718262,0.35460180044174194,,
feedback,26.390649,1786508471825,7,57,10.0,0.0,10.0,,0.29573574662208557,10.002235412597656,0.21542276442050934,,
feedback,26.397639,1786508471834,7,57,10.0,0.0,10.0,,0.15422311425209045,10.343921661376953,0.10207667201757431,,
feedback,26.406834,1786508471842,7,57,10.0,0.0,10.0,,0.17509806156158447,10.12063217163086,0.12620629370212555,,
feedback,26.414309,1786508471846,7,57,10.0,0.0,10.0,,0.2080828994512558,10.05955696105957,0.17439518868923187,,
feedback,26.423144,1786508471855,7,57,10.0,0.0,10.0,,0.2920234501361847,9.747488021850586,0.15281981229782104,,
feedback,26.431749,1786508471863,7,57,10.0,0.0,10.0,,0.30166298151016235,9.602115631103516,0.0020887921564280987,,
feedback,26.439697,1786508471872,7,57,10.0,0.0,10.0,,0.3849409818649292,9.690454483032227,-0.003904484212398529,,
feedback,26.447837,1786508471880,7,57,10.0,0.0,10.0,,0.4849105775356293,9.954337120056152,0.2198229730129242,,
feedback,26.455410,1786508471888,7,57,10.0,0.0,10.0,,0.4090186059474945,10.046614646911621,0.13384374976158142,,
feedback,26.463369,1786508471897,7,57,10.0,0.0,10.0,,0.30803871154785156,10.181060791015625,0.03166504576802254,,
feedback,26.471694,1786508471905,7,57,10.0,0.0,10.0,,0.2551284432411194,10.379331588745117,0.11245633661746979,,
feedback,26.480061,1786508471914,7,57,10.0,0.0,10.0,,0.2333792746067047,9.971428871154785,0.08384063094854355,,
feedback,26.489269,1786508471922,7,57,10.0,0.0,10.0,,0.29050207138061523,9.748052597045898,-0.020453836768865585,,
feedback,26.495968,1786508471931,7,57,10.0,0.0,10.0,,0.35188886523246765,9.809093475341797,-0.004906791262328625,,
feedback,26.504363,1786508471939,7,57,10.0,0.0,10.0,,0.4582046568393707,9.451927185058594,-0.11250792443752289,,
feedback,26.512985,1786508471947,7,57,10.0,0.0,10.0,,0.4880371391773224,9.310022354125977,-0.14254578948020935,,
feedback,26.521346,1786508471956,7,57,10.0,0.0,10.0,,0.315446674823761,9.781110763549805,-0.1711086481809616,,
feedback,26.529739,1786508471964,7,57,10.0,0.0,10.0,,0.425780713558197,9.875055313110352,-0.2594986855983734,,
feedback,26.538041,1786508471972,7,57,10.0,0.0,10.0,,0.5564106106758118,10.03050422668457,-0.33043965697288513,,
feedback,26.545554,1786508471981,7,57,10.0,0.0,10.0,,0.4962979257106781,9.941551208496094,-0.2556309998035431,,
feedback,26.553768,1786508471989,7,57,10.0,0.0,10.0,,0.5951399803161621,9.812662124633789,-0.049212392419576645,,
feedback,26.562471,1786508471997,7,57,10.0,0.0,10.0,,0.48079973459243774,9.926348686218262,-0.12660540640354156,,
feedback,26.570486,1786508472006,7,57,10.0,0.0,10.0,,0.8714514970779419,9.726816177368164,0.18088515102863312,,
feedback,26.579002,1786508472014,7,57,10.0,0.0,10.0,,0.7659618854522705,9.700169563293457,0.24135658144950867,,
feedback,26.587640,1786508472023,7,57,10.0,0.0,10.0,,0.5034350752830505,9.891880989074707,0.22800305485725403,,
feedback,26.595363,1786508472027,7,57,10.0,0.0,10.0,,0.5579010248184204,10.11037826538086,0.1795971393585205,,
feedback,26.602595,1786508472035,7,57,10.0,0.0,10.0,,0.5530927777290344,10.314319610595703,0.015739841386675835,,
feedback,26.612324,1786508472044,7,57,10.0,0.0,10.0,,0.5699505805969238,9.983102798461914,-0.10461187362670898,,
feedback,26.619435,1786508472052,7,57,10.0,0.0,10.0,,0.4131697118282318,10.387064933776855,-0.10086091607809067,,
feedback,26.628141,1786508472061,7,57,10.0,0.0,10.0,,0.3314175307750702,10.395831108093262,-0.19510310888290405,,
feedback,26.635868,1786508472069,7,57,10.0,0.0,10.0,,0.4362720847129822,10.1943359375,-0.21172413229942322,,
feedback,26.643703,1786508472077,7,57,10.0,0.0,10.0,,0.48301082849502563,9.72979736328125,-0.24982571601867676,,
feedback,26.651711,1786508472086,7,57,10.0,0.0,10.0,,0.43393784761428833,9.674819946289062,-0.10718172788619995,,
feedback,26.659961,1786508472094,7,57,10.0,0.0,10.0,,0.556303083896637,9.80207633972168,0.08254177868366241,,
feedback,26.668057,1786508472103,7,57,10.0,0.0,10.0,,0.5845410823822021,9.822675704956055,0.12285149842500687,,
feedback,26.676215,1786508472111,7,57,10.0,0.0,10.0,,0.4611739218235016,10.02620792388916,-0.008613326586782932,,
feedback,26.684282,1786508472120,7,57,10.0,0.0,10.0,,0.5163627862930298,10.125489234924316,0.027532430365681648,,
feedback,26.693599,1786508472128,7,57,10.0,0.0,10.0,,0.4461447596549988,9.932827949523926,-0.014639055356383324,,
feedback,26.701225,1786508472137,7,57,10.0,0.0,10.0,,0.40326783061027527,9.667608261108398,-0.05526223033666611,,
feedback,26.709229,1786508472145,7,57,10.0,0.0,10.0,,0.3403823673725128,9.417536735534668,-0.018840482458472252,,
feedback,26.717269,1786508472149,7,57,10.0,0.0,10.0,,0.3186475932598114,9.112282752990723,0.015938159078359604,,
feedback,26.726229,1786508472158,7,57,10.0,0.0,10.0,,0.3374297022819519,8.56143856048584,0.06837610900402069,,
feedback,26.734038,1786508472166,7,57,10.0,0.0,10.0,,0.28911831974983215,8.576534271240234,-0.03318481892347336,,
feedback,26.742504,1786508472175,7,57,10.0,0.0,10.0,,0.14228536188602448,8.583603858947754,0.05458534508943558,,
feedback,26.750485,1786508472183,7,57,10.0,0.0,10.0,,0.2482629418373108,8.347691535949707,0.10863026976585388,,
feedback,26.759550,1786508472191,7,57,10.0,0.0,10.0,,0.12032504379749298,8.349150657653809,0.05256165191531181,,
feedback,26.769593,1786508472200,7,57,10.0,0.0,10.0,,0.17410656809806824,8.083318710327148,-0.06602349132299423,,
feedback,26.775213,1786508472208,7,57,10.0,0.0,10.0,,0.09177812188863754,7.96873664855957,0.05014355480670929,,
feedback,26.783239,1786508472217,7,57,10.0,0.0,10.0,,0.13398034870624542,7.320433616638184,0.1111041009426117,,
feedback,26.792049,1786508472225,7,57,10.0,0.0,10.0,,0.25085708498954773,6.865764617919922,0.1170109361410141,,
feedback,26.800387,1786508472234,7,57,10.0,0.0,10.0,,0.5671489834785461,6.346765041351318,0.5158875584602356,,
feedback,26.808492,1786508472242,7,57,10.0,0.0,10.0,,0.5622377395629883,6.037950038909912,0.5284650921821594,,
feedback,26.816847,1786508472251,7,57,10.0,0.0,10.0,,0.5898913741111755,5.855462074279785,0.487887978553772,,
feedback,26.827951,1786508472259,7,57,10.0,0.0,10.0,,0.5604150891304016,5.4844889640808105,0.3924567699432373,,
feedback,26.832435,1786508472267,7,57,10.0,0.0,10.0,,0.5625898838043213,5.372706413269043,0.31042006611824036,,
feedback,26.841542,1786508472276,7,57,10.0,0.0,10.0,,0.4401741623878479,5.191689491271973,0.37807416915893555,,
feedback,26.849375,1786508472284,7,57,10.0,0.0,10.0,,0.4895284175872803,4.880502223968506,0.3370594084262848,,
feedback,26.857477,1786508472293,7,57,10.0,0.0,10.0,,0.4362637400627136,4.603378772735596,0.3894207775592804,,
feedback,26.865779,1786508472301,7,57,10.0,0.0,10.0,,0.5935875177383423,4.540886878967285,0.43217867612838745,,
feedback,26.874020,1786508472309,7,57,10.0,0.0,10.0,,0.6593661308288574,4.86950159072876,0.480538010597229,,
feedback,26.884263,1786508472314,7,57,10.0,0.0,10.0,,0.7262706160545349,5.04334020614624,0.4296782910823822,,
feedback,26.891612,1786508472322,7,57,10.0,0.0,10.0,,0.82956862449646,5.315047264099121,0.5639418363571167,,
feedback,26.898120,1786508472331,7,57,10.0,0.0,10.0,,0.8267949223518372,5.587204933166504,0.6767482161521912,,
feedback,26.906809,1786508472339,7,57,10.0,0.0,10.0,,0.8320117592811584,5.790009021759033,0.6052284836769104,,
feedback,26.915256,1786508472348,7,57,10.0,0.0,10.0,,0.9384684562683105,5.925447940826416,0.6838237047195435,,
feedback,26.923681,1786508472356,7,57,10.0,0.0,10.0,,1.133716106414795,6.088019371032715,0.8297405242919922,,
feedback,26.931743,1786508472364,7,57,10.0,0.0,10.0,,1.115701675415039,6.122499942779541,0.9015411734580994,,
feedback,26.940074,1786508472373,7,57,10.0,0.0,10.0,,1.2314828634262085,6.088131904602051,0.9072924852371216,,
feedback,26.951663,1786508472381,7,57,10.0,0.0,10.0,,1.1824740171432495,6.070939064025879,0.9638883471488953,,
feedback,26.957578,1786508472390,7,57,10.0,0.0,10.0,,1.2738972902297974,5.828441619873047,0.948579728603363,,
feedback,26.964462,1786508472398,7,57,10.0,0.0,10.0,,1.2450193166732788,5.7638349533081055,0.8454291820526123,,
feedback,26.972778,1786508472406,7,57,10.0,0.0,10.0,,1.1956831216812134,5.719764232635498,0.8008220195770264,,
feedback,26.981060,1786508472415,7,57,10.0,0.0,10.0,,1.088635802268982,5.738885402679443,0.6818033456802368,,
feedback,26.989917,1786508472423,7,57,10.0,0.0,10.0,,1.063108205795288,5.801949977874756,0.7228207588195801,,
feedback,26.997655,1786508472432,7,57,10.0,0.0,10.0,,0.9808397889137268,5.564607620239258,0.7206827998161316,,
feedback,27.008538,1786508472440,7,57,10.0,0.0,10.0,,1.0036921501159668,5.360161781311035,0.8198966383934021,,
feedback,27.013939,1786508472449,7,57,10.0,0.0,10.0,,1.0258485078811646,5.062260627746582,0.6939752101898193,,
feedback,27.022097,1786508472457,7,57,10.0,0.0,10.0,,1.0893511772155762,4.858211040496826,0.7767484188079834,,
feedback,27.030108,1786508472465,7,57,10.0,0.0,10.0,,1.155250906944275,4.61081075668335,0.7817860245704651,,
feedback,27.038733,1786508472474,7,57,10.0,0.0,10.0,,1.1190972328186035,4.3285603523254395,0.789655864238739,,
feedback,27.047870,1786508472478,7,57,10.0,0.0,10.0,,1.4483146667480469,4.128667831420898,1.0504601001739502,,
feedback,27.055403,1786508472488,7,57,10.0,0.0,10.0,,1.4110301733016968,3.6914074420928955,0.9946891665458679,,
feedback,27.063782,1786508472496,7,57,10.0,0.0,10.0,,1.214137077331543,3.285400629043579,0.9136913418769836,,
feedback,27.072673,1786508472505,7,57,10.0,0.0,10.0,,1.1723687648773193,3.3042309284210205,0.9504779577255249,,
feedback,27.080328,1786508472514,7,57,10.0,0.0,10.0,,1.2853903770446777,3.4182684421539307,1.0409899950027466,,
feedback,27.088832,1786508472522,7,57,10.0,0.0,10.0,,1.533290147781372,3.66949200630188,1.189738392829895,,
feedback,27.096600,1786508472531,7,57,10.0,0.0,10.0,,1.6289199590682983,3.8337502479553223,1.2840512990951538,,
feedback,27.104984,1786508472539,7,57,10.0,0.0,10.0,,1.7206436395645142,3.9989702701568604,1.2451293468475342,,
feedback,27.113030,1786508472547,7,57,10.0,0.0,10.0,,1.7615984678268433,4.247741222381592,1.3066222667694092,,
feedback,27.123458,1786508472556,7,57,10.0,0.0,10.0,,1.8117351531982422,4.357970714569092,1.321178913116455,,
feedback,27.128918,1786508472564,7,57,10.0,0.0,10.0,,1.851800560951233,4.402132511138916,1.3406723737716675,,
feedback,27.137803,1786508472572,7,57,10.0,0.0,10.0,,2.043902635574341,4.669630527496338,1.5164989233016968,,
feedback,27.145752,1786508472581,7,57,10.0,0.0,10.0,,2.1905746459960938,4.934792518615723,1.6414129734039307,,
feedback,27.154203,1786508472589,7,57,10.0,0.0,10.0,,2.1289093494415283,5.00679874420166,1.6433210372924805,,
feedback,27.162339,1786508472598,7,57,10.0,0.0,10.0,,2.0087575912475586,4.863016128540039,1.448127031326294,,
feedback,27.170658,1786508472606,7,57,10.0,0.0,10.0,,1.9483442306518555,4.839136123657227,1.3211928606033325,,
feedback,27.177965,1786508472610,7,57,10.0,0.0,10.0,,1.927293062210083,4.614803314208984,1.2548701763153076,,
feedback,27.186510,1786508472619,7,57,10.0,0.0,10.0,,1.8668630123138428,4.665487289428711,1.2460362911224365,,
feedback,27.195241,1786508472627,7,57,10.0,0.0,10.0,,1.7712815999984741,4.544839859008789,1.2084051370620728,,
feedback,27.203587,1786508472636,7,57,10.0,0.0,10.0,,1.7109910249710083,4.397298812866211,1.3881419897079468,,
feedback,27.211110,1786508472644,7,57,10.0,0.0,10.0,,1.6554783582687378,4.351107120513916,1.4096527099609375,,
feedback,27.219871,1786508472653,7,57,10.0,0.0,10.0,,1.6510074138641357,4.28405237197876,1.2908645868301392,,
feedback,27.230092,1786508472661,7,57,10.0,0.0,10.0,,1.6008073091506958,4.054180145263672,1.1978492736816406,,
feedback,27.235539,1786508472669,7,57,10.0,0.0,10.0,,1.6645835638046265,3.838223695755005,1.316537618637085,,
feedback,27.243522,1786508472678,7,57,10.0,0.0,10.0,,1.8428008556365967,3.4608402252197266,1.4777318239212036,,
feedback,27.252071,1786508472686,7,57,10.0,0.0,10.0,,1.7156100273132324,2.9786970615386963,1.4460999965667725,,
feedback,27.260295,1786508472695,7,57,10.0,0.0,10.0,,1.6171668767929077,2.7924060821533203,1.3518186807632446,,
feedback,27.268129,1786508472703,7,57,10.0,0.0,10.0,,1.5359779596328735,2.4075076580047607,1.2259653806686401,,
feedback,27.276964,1786508472711,7,57,10.0,0.0,10.0,,1.411239743232727,2.200927495956421,1.1029161214828491,,
feedback,27.287262,1786508472720,7,57,10.0,0.0,10.0,,1.2630796432495117,1.9890092611312866,1.034493088722229,,
feedback,27.292677,1786508472728,7,57,10.0,0.0,10.0,,1.265860915184021,1.9531079530715942,1.1187889575958252,,
feedback,27.300580,1786508472737,7,57,10.0,0.0,10.0,,1.3508621454238892,2.046170473098755,1.1913130283355713,,
feedback,27.309164,1786508472745,7,57,10.0,0.0,10.0,,1.4549367427825928,2.2888102531433105,1.2795830965042114,,
feedback,27.317637,1786508472749,7,57,10.0,0.0,10.0,,1.5611200332641602,2.290712594985962,1.3421902656555176,,
feedback,27.325550,1786508472758,7,57,10.0,0.0,10.0,,1.8552018404006958,2.3696415424346924,1.5081061124801636,,
feedback,27.334389,1786508472766,7,57,10.0,0.0,10.0,,2.0882952213287354,2.569850206375122,1.667700171470642,,
feedback,27.341524,1786508472775,7,57,10.0,0.0,10.0,,2.341506242752075,2.6132655143737793,1.8072034120559692,,
feedback,27.349854,1786508472783,7,57,10.0,0.0,10.0,,2.238065004348755,2.548280954360962,1.788918375968933,,
feedback,27.358632,1786508472792,7,57,10.0,0.0,10.0,,2.331207513809204,2.5700228214263916,1.7477648258209229,,
feedback,27.366741,1786508472800,7,57,10.0,0.0,10.0,,2.335782527923584,2.668424367904663,1.905806064605713,,
feedback,27.375005,1786508472808,7,57,10.0,0.0,10.0,,2.48136305809021,2.7695517539978027,1.8585395812988281,,
feedback,27.382991,1786508472817,7,57,10.0,0.0,10.0,,2.5105550289154053,2.852156400680542,1.9713643789291382,,
feedback,27.391043,1786508472825,7,57,10.0,0.0,10.0,,2.6392250061035156,3.0464348793029785,2.0662083625793457,,
feedback,27.401822,1786508472834,7,57,10.0,0.0,10.0,,2.7896766662597656,3.3623385429382324,2.1267077922821045,,
feedback,27.407532,1786508472842,7,57,10.0,0.0,10.0,,2.6382110118865967,3.33622145652771,2.0181009769439697,,
feedback,27.415208,1786508472851,7,57,10.0,0.0,10.0,,2.5367326736450195,3.213778018951416,2.083298683166504,,
feedback,27.424130,1786508472859,7,57,10.0,0.0,10.0,,2.7772810459136963,3.1175715923309326,2.203763484954834,,
feedback,27.431959,1786508472867,7,57,10.0,0.0,10.0,,2.6698856353759766,2.9687867164611816,2.1730072498321533,,
feedback,27.440084,1786508472876,7,57,10.0,0.0,10.0,,2.478419780731201,2.7855594158172607,1.9792981147766113,,
feedback,27.448066,1786508472880,7,57,10.0,0.0,10.0,,2.27286434173584,2.629667043685913,1.926633596420288,,
feedback,27.456064,1786508472888,7,57,10.0,0.0,10.0,,2.263397216796875,2.6089634895324707,1.8395023345947266,,
feedback,27.465200,1786508472897,7,57,10.0,0.0,10.0,,2.218384265899658,2.5834996700286865,1.788931131362915,,
feedback,27.473072,1786508472905,7,57,10.0,0.0,10.0,,2.1367244720458984,2.4836740493774414,1.812143325805664,,
feedback,27.480989,1786508472914,7,57,10.0,0.0,10.0,,2.1206283569335938,2.520387887954712,1.9585094451904297,,
feedback,27.489174,1786508472922,7,57,10.0,0.0,10.0,,1.978653073310852,2.333021640777588,1.7142360210418701,,
feedback,27.496850,1786508472930,7,57,10.0,0.0,10.0,,2.084066152572632,2.20050048828125,1.819464087486267,,
feedback,27.505709,1786508472939,7,57,10.0,0.0,10.0,,2.007819414138794,1.935542345046997,1.7518423795700073,,
feedback,27.513171,1786508472947,7,57,10.0,0.0,10.0,,1.9111641645431519,1.7422921657562256,1.621806025505066,,
feedback,27.521154,1786508472956,7,57,10.0,0.0,10.0,,1.8663135766983032,1.5681813955307007,1.6651748418807983,,
feedback,27.530310,1786508472964,7,57,10.0,0.0,10.0,,1.9287023544311523,1.540305256843567,1.6370655298233032,,
feedback,27.538093,1786508472972,7,57,10.0,0.0,10.0,,1.9534634351730347,1.55797278881073,1.5921982526779175,,
feedback,27.546285,1786508472981,7,57,10.0,0.0,10.0,,2.1221323013305664,1.5899958610534668,1.6210012435913086,,
feedback,27.554504,1786508472989,7,57,10.0,0.0,10.0,,2.208498477935791,1.6149544715881348,1.6918522119522095,,
feedback,27.565178,1786508472998,7,57,10.0,0.0,10.0,,2.5161385536193848,1.681805968284607,1.8929814100265503,,
feedback,27.570279,1786508473006,7,57,10.0,0.0,10.0,,2.696667194366455,1.71187424659729,2.0868418216705322,,
feedback,27.579523,1786508473015,7,57,10.0,0.0,10.0,,2.8184351921081543,1.7068878412246704,2.2621967792510986,,
feedback,27.587220,1786508473019,7,57,10.0,0.0,10.0,,3.1343722343444824,1.8458439111709595,2.4093170166015625,,
feedback,27.595398,1786508473028,7,57,10.0,0.0,10.0,,3.4808459281921387,1.959725260734558,2.769416093826294,,
feedback,27.603587,1786508473036,7,57,10.0,0.0,10.0,,4.08880615234375,2.1466822624206543,3.2615866661071777,,
feedback,27.611684,1786508473045,7,57,10.0,0.0,10.0,,4.184442043304443,2.2597696781158447,3.3434228897094727,,
feedback,27.621907,1786508473053,7,57,10.0,0.0,10.0,,4.198017120361328,2.3055317401885986,3.1573235988616943,,
feedback,27.628385,1786508473061,7,57,10.0,0.0,10.0,,4.010634899139404,2.2531650066375732,3.104170799255371,,
feedback,27.636399,1786508473070,7,57,10.0,0.0,10.0,,3.6123011112213135,2.234410524368286,3.0476791858673096,,
feedback,27.644359,1786508473078,7,57,10.0,0.0,10.0,,3.7335569858551025,2.3312270641326904,3.18884539604187,,
feedback,27.652699,1786508473087,7,57,10.0,0.0,10.0,,3.7073278427124023,2.3072988986968994,3.2310588359832764,,
feedback,27.660800,1786508473095,7,57,10.0,0.0,10.0,,3.668046236038208,2.244386911392212,3.2451043128967285,,
feedback,27.668572,1786508473103,7,57,10.0,0.0,10.0,,3.519908905029297,2.106189727783203,3.044456958770752,,
feedback,27.681195,1786508473112,7,57,10.0,0.0,10.0,,3.32145619392395,1.9908159971237183,2.8981504440307617,,
feedback,27.684431,1786508473120,7,57,10.0,0.0,10.0,,3.4235310554504395,2.0217549800872803,3.057857036590576,,
feedback,27.692505,1786508473129,7,57,10.0,0.0,10.0,,3.365654468536377,1.914420485496521,2.8866288661956787,,
feedback,27.701217,1786508473137,7,57,10.0,0.0,10.0,,3.2708747386932373,1.7550922632217407,2.8863024711608887,,
feedback,27.710079,1786508473141,7,57,10.0,0.0,10.0,,3.283768653869629,1.7336208820343018,2.8568036556243896,,
feedback,27.718144,1786508473150,7,57,10.0,0.0,10.0,,3.37650203704834,1.5832464694976807,2.936237335205078,,
feedback,27.726125,1786508473158,7,57,10.0,0.0,10.0,,3.244664192199707,1.476897954940796,2.7605788707733154,,
feedback,27.736932,1786508473167,7,57,10.0,0.0,10.0,,3.0534491539001465,1.2149919271469116,2.588062047958374,,
feedback,27.741781,1786508473175,7,57,10.0,0.0,10.0,,2.802250385284424,1.1065542697906494,2.284618377685547,,
feedback,27.750219,1786508473184,7,57,10.0,0.0,10.0,,2.908618927001953,1.0769246816635132,2.4031128883361816,,
feedback,27.758431,1786508473192,7,57,10.0,0.0,10.0,,3.0961012840270996,1.0611939430236816,2.6866068840026855,,
feedback,27.767452,1786508473201,7,57,10.0,0.0,10.0,,3.108879804611206,1.0414565801620483,2.699225664138794,,
feedback,27.774617,1786508473209,7,57,10.0,0.0,10.0,,3.4812533855438232,1.037698745727539,2.87410306930542,,
feedback,27.783441,1786508473218,7,57,10.0,0.0,10.0,,3.7165918350219727,1.0864253044128418,3.11867094039917,,
feedback,27.790831,1786508473226,7,57,10.0,0.0,10.0,,3.8895938396453857,1.1006050109863281,3.3393843173980713,,
feedback,27.799373,1786508473235,7,57,10.0,0.0,10.0,,3.963125228881836,1.0865182876586914,3.432899236679077,,
feedback,27.808065,1786508473243,7,57,10.0,0.0,10.0,,4.019592761993408,1.137608289718628,3.642822265625,,
feedback,27.815401,1786508473251,7,57,10.0,0.0,10.0,,4.213837146759033,1.1006537675857544,3.9492814540863037,,
feedback,27.824314,1786508473260,7,57,10.0,0.0,10.0,,4.458156108856201,1.1439359188079834,3.9283390045166016,,
feedback,27.831632,1786508473264,7,57,10.0,0.0,10.0,,4.667870044708252,1.1348825693130493,3.9725186824798584,,
feedback,27.843087,1786508473273,7,57,10.0,0.0,10.0,,4.955577373504639,1.1676901578903198,4.043344020843506,,
feedback,27.848102,1786508473281,7,57,10.0,0.0,10.0,,5.052731037139893,1.1691100597381592,4.118159770965576,,
feedback,27.856617,1786508473290,7,57,10.0,0.0,10.0,,5.008774280548096,1.0844978094100952,3.8416407108306885,,
feedback,27.864515,1786508473298,7,57,10.0,0.0,10.0,,4.736668109893799,0.9707326292991638,3.6883373260498047,,
feedback,27.872713,1786508473307,7,57,10.0,0.0,10.0,,4.808745861053467,0.9792549014091492,3.808210611343384,,
feedback,27.881381,1786508473316,7,57,10.0,0.0,10.0,,5.148970603942871,1.000274658203125,4.132490158081055,,
feedback,27.889728,1786508473324,7,57,10.0,0.0,10.0,,5.170161247253418,0.9492996335029602,3.973860263824463,,
feedback,27.899651,1786508473332,7,57,10.0,0.0,10.0,,4.7636895179748535,0.7831441760063171,3.5420947074890137,,
feedback,27.905888,1786508473341,7,57,10.0,0.0,10.0,,4.490910053253174,0.621121346950531,3.3993735313415527,,
feedback,27.914507,1786508473349,7,57,10.0,0.0,10.0,,4.22504997253418,0.6064922213554382,3.2282238006591797,,
feedback,27.922757,1786508473358,7,57,10.0,0.0,10.0,,4.058137893676758,0.4921131730079651,3.0389256477355957,,
feedback,27.930611,1786508473362,7,57,10.0,0.0,10.0,,4.071842670440674,0.47038689255714417,3.102461576461792,,
feedback,27.938484,1786508473371,7,57,10.0,0.0,10.0,,4.1739935874938965,0.5547816157341003,3.283452033996582,,
feedback,27.947378,1786508473380,7,57,10.0,0.0,10.0,,4.111378192901611,0.41322651505470276,3.4228696823120117,,
feedback,27.956029,1786508473388,7,57,10.0,0.0,10.0,,4.13503360748291,0.32818830013275146,3.2764835357666016,,
feedback,27.962813,1786508473396,7,57,10.0,0.0,10.0,,4.317179203033447,0.3045593798160553,3.3448829650878906,,
feedback,27.971839,1786508473405,7,57,10.0,0.0,10.0,,4.322594165802002,0.1940884292125702,3.2655282020568848,,
feedback,27.980079,1786508473413,7,57,10.0,0.0,10.0,,4.364746570587158,0.10117729753255844,3.282501697540283,,
feedback,27.988414,1786508473422,7,57,10.0,0.0,10.0,,4.807762145996094,0.16452176868915558,3.541255474090576,,
feedback,27.996521,1786508473430,7,57,10.0,0.0,10.0,,5.051093578338623,0.1207343339920044,3.6527724266052246,,
feedback,28.004366,1786508473438,7,57,10.0,0.0,10.0,,5.019444942474365,0.006931117735803127,3.6185812950134277,,
feedback,28.011798,1786508473447,7,57,10.0,0.0,10.0,,4.973962306976318,-0.0958041399717331,3.951108455657959,,
feedback,28.020509,1786508473455,7,57,10.0,0.0,10.0,,5.264748573303223,-0.13069729506969452,4.51345157623291,,
feedback,28.028224,1786508473464,7,57,10.0,0.0,10.0,,5.5338921546936035,-0.21847184002399445,4.421560287475586,,
feedback,28.036750,1786508473472,7,57,10.0,0.0,10.0,,6.0776262283325195,-0.14252141118049622,4.60641622543335,,
feedback,28.044779,1786508473480,7,57,10.0,0.0,10.0,,6.260213851928711,-0.12458531558513641,4.721029281616211,,
feedback,28.053101,1786508473489,7,57,10.0,0.0,10.0,,6.082209587097168,-0.19154182076454163,4.618294715881348,,
feedback,28.062238,1786508473497,7,57,10.0,0.0,10.0,,5.938394069671631,-0.23320558667182922,4.527408123016357,,
feedback,28.070289,1786508473506,7,57,10.0,0.0,10.0,,6.072880744934082,-0.3091675639152527,4.476945400238037,,
feedback,28.077557,1786508473510,7,57,10.0,0.0,10.0,,6.1657514572143555,-0.3001707196235657,4.8603644371032715,,
feedback,28.086012,1786508473519,7,57,10.0,0.0,10.0,,5.901299953460693,-0.32949671149253845,4.802978515625,,
feedback,28.094727,1786508473528,7,57,10.0,0.0,10.0,,5.422050476074219,-0.39984622597694397,4.3408050537109375,,
feedback,28.103053,1786508473536,7,57,10.0,0.0,10.0,,5.325242042541504,-0.37248164415359497,4.485215663909912,,
feedback,28.110962,1786508473545,7,57,10.0,0.0,10.0,,4.977002143859863,-0.3710564374923706,4.168095588684082,,
feedback,28.118971,1786508473553,7,57,10.0,0.0,10.0,,5.077883243560791,-0.2722220718860626,4.057255744934082,,
feedback,28.127110,1786508473561,7,57,10.0,0.0,10.0,,5.327757358551025,-0.12467534840106964,4.226555347442627,,
feedback,28.134921,1786508473570,7,57,10.0,0.0,10.0,,4.995273113250732,-0.20119714736938477,4.265441417694092,,
feedback,28.143864,1786508473578,7,57,10.0,0.0,10.0,,4.828739643096924,-0.23371808230876923,4.210816860198975,,
feedback,28.151346,1786508473586,7,57,10.0,0.0,10.0,,4.731694221496582,-0.31834617257118225,4.056596279144287,,
feedback,28.160357,1786508473595,7,57,10.0,0.0,10.0,,4.796502113342285,-0.22863750159740448,4.076435089111328,,
feedback,28.168169,1786508473603,7,57,10.0,0.0,10.0,,4.662118434906006,-0.24411767721176147,3.9691410064697266,,
feedback,28.178731,1786508473612,7,57,10.0,0.0,10.0,,5.0689520835876465,-0.24206161499023438,4.108956336975098,,
feedback,28.183684,1786508473620,7,57,10.0,0.0,10.0,,4.998060703277588,-0.24187645316123962,4.068816661834717,,
feedback,28.192466,1786508473628,7,57,10.0,0.0,10.0,,4.9164252281188965,-0.2833360731601715,4.275370121002197,,
feedback,28.200250,1786508473633,7,57,10.0,0.0,10.0,,5.05689001083374,-0.34896644949913025,4.29530668258667,,
feedback,28.208820,1786508473641,7,57,10.0,0.0,10.0,,5.449028491973877,-0.3475880026817322,4.440043926239014,,
feedback,28.216673,1786508473650,7,57,10.0,0.0,10.0,,6.526952266693115,-0.22926674783229828,5.5461201667785645,,
feedback,28.225153,1786508473658,7,57,10.0,0.0,10.0,,6.79290246963501,-0.25012168288230896,5.621437072753906,,
feedback,28.233672,1786508473666,7,57,10.0,0.0,10.0,,6.9642839431762695,-0.27404582500457764,5.542659282684326,,
feedback,28.242399,1786508473675,7,57,10.0,0.0,10.0,,6.832381248474121,-0.3730183243751526,5.275596618652344,,
feedback,28.249438,1786508473683,7,57,10.0,0.0,10.0,,7.152822494506836,-0.25665897130966187,5.249359130859375,,
feedback,28.258085,1786508473692,7,57,10.0,0.0,10.0,,7.54843282699585,-0.24856114387512207,5.705945014953613,,
feedback,28.266192,1786508473700,7,57,10.0,0.0,10.0,,7.2921671867370605,-0.32367998361587524,5.511200428009033,,
feedback,28.274601,1786508473709,7,57,10.0,0.0,10.0,,7.372988224029541,-0.3383426368236542,5.742162227630615,,
feedback,28.282851,1786508473717,7,57,10.0,0.0,10.0,,7.871271133422852,-0.27522411942481995,6.092500686645508,,
feedback,28.290950,1786508473725,7,57,10.0,0.0,10.0,,8.291507720947266,-0.2009493112564087,6.357750415802002,,
feedback,28.298610,1786508473734,7,57,10.0,0.0,10.0,,8.15245532989502,-0.2719019055366516,6.036853313446045,,
feedback,28.306918,1786508473742,7,57,10.0,0.0,10.0,,8.212209701538086,-0.22166708111763,6.042497158050537,,
feedback,28.314985,1786508473751,7,57,10.0,0.0,10.0,,8.338422775268555,-0.21530656516551971,6.165997505187988,,
feedback,28.324109,1786508473759,7,57,10.0,0.0,10.0,,7.690395355224609,-0.4577292799949646,6.044280529022217,,
feedback,28.331596,1786508473764,7,57,10.0,0.0,10.0,,7.6565022468566895,-0.45103317499160767,6.049271583557129,,
feedback,28.339768,1786508473773,7,57,10.0,0.0,10.0,,7.933133125305176,-0.4320617616176605,6.0289812088012695,,
feedback,28.347903,1786508473781,7,57,10.0,0.0,10.0,,8.2545166015625,-0.3224615752696991,6.424914836883545,,
feedback,28.356820,1786508473790,7,57,10.0,0.0,10.0,,8.390812873840332,-0.2953594923019409,6.469606876373291,,
feedback,28.364760,1786508473798,7,57,10.0,0.0,10.0,,8.06088638305664,-0.45420801639556885,6.245181083679199,,
feedback,28.373048,1786508473807,7,57,10.0,0.0,10.0,,8.203729629516602,-0.3536321818828583,6.170792102813721,,
feedback,28.380878,1786508473815,7,57,10.0,0.0,10.0,,7.788323402404785,-0.46885570883750916,6.029390811920166,,
feedback,28.389545,1786508473824,7,57,10.0,0.0,10.0,,7.382564067840576,-0.536207914352417,5.915872097015381,,
feedback,28.397786,1786508473832,7,57,10.0,0.0,10.0,,7.5327467918396,-0.5918119549751282,6.063080787658691,,
feedback,28.407685,1786508473840,7,57,10.0,0.0,10.0,,7.979952335357666,-0.38776376843452454,6.46177339553833,,
feedback,28.414169,1786508473849,7,57,10.0,0.0,10.0,,8.107647895812988,-0.3969367742538452,6.67076301574707,,
feedback,28.422094,1786508473857,7,57,10.0,0.0,10.0,,7.863844871520996,-0.4968249499797821,6.429812908172607,,
feedback,28.430866,1786508473866,7,57,10.0,0.0,10.0,,8.004101753234863,-0.4262489080429077,6.5013957023620605,,
feedback,28.438612,1786508473874,7,57,10.0,0.0,10.0,,7.789804935455322,-0.4622032940387726,6.680734157562256,,
feedback,28.445979,1786508473879,7,57,10.0,0.0,10.0,,7.60787296295166,-0.4859689772129059,6.381194114685059,,
feedback,28.454241,1786508473887,7,57,10.0,0.0,10.0,,7.3532938957214355,-0.5774805545806885,6.423231601715088,,
feedback,28.463249,1786508473896,7,57,10.0,0.0,10.0,,7.565528869628906,-0.5757061243057251,6.3962836265563965,,
feedback,28.473945,1786508473904,7,57,10.0,0.0,10.0,,8.139469146728516,-0.4250340461730957,6.888149738311768,,
feedback,28.478853,1786508473913,7,57,10.0,0.0,10.0,,8.124938011169434,-0.46197423338890076,6.425405502319336,,
feedback,28.487354,1786508473921,7,57,10.0,0.0,10.0,,8.120521545410156,-0.445483922958374,6.375260353088379,,
feedback,28.495596,1786508473929,7,57,10.0,0.0,10.0,,8.133682250976562,-0.403736412525177,6.420650959014893,,
feedback,28.504080,1786508473938,7,57,10.0,0.0,10.0,,7.933474540710449,-0.40361282229423523,5.933880805969238,,
feedback,28.511650,1786508473946,7,57,10.0,0.0,10.0,,7.736879825592041,-0.4525302052497864,5.674220561981201,,
feedback,28.519757,1786508473955,7,57,10.0,0.0,10.0,,7.800813674926758,-0.36410632729530334,5.967312335968018,,
feedback,28.528541,1786508473963,7,57,10.0,0.0,10.0,,8.312687873840332,-0.2634250521659851,6.449695110321045,,
feedback,28.535987,1786508473971,7,57,10.0,0.0,10.0,,8.001678466796875,-0.3660300672054291,6.291018009185791,,
feedback,28.543907,1786508473980,7,57,10.0,0.0,10.0,,8.04315185546875,-0.3517053425312042,6.2449631690979,,
feedback,28.552426,1786508473988,7,57,10.0,0.0,10.0,,8.247474670410156,-0.2675982713699341,6.2440385818481445,,
feedback,28.561841,1786508473996,7,57,10.0,0.0,10.0,,8.232685089111328,-0.26704755425453186,6.135380268096924,,
feedback,28.569314,1786508474005,7,57,10.0,0.0,10.0,,7.831841945648193,-0.3456211984157562,5.685924053192139,,
feedback,28.579692,1786508474009,7,57,10.0,0.0,10.0,,7.735103607177734,-0.2989805042743683,5.745980739593506,,
feedback,28.585047,1786508474018,7,57,10.0,0.0,10.0,,7.906580924987793,-0.24082422256469727,6.384951114654541,,
feedback,28.594054,1786508474026,7,57,10.0,0.0,10.0,,8.18977165222168,-0.1532081812620163,6.262283802032471,,
feedback,28.601621,1786508474035,7,57,10.0,0.0,10.0,,8.233978271484375,-0.21045838296413422,6.163327693939209,,
feedback,28.610330,1786508474043,7,57,10.0,0.0,10.0,,8.089919090270996,-0.24856828153133392,6.102630615234375,,
feedback,28.618705,1786508474051,7,57,10.0,0.0,10.0,,8.323653221130371,-0.19433629512786865,6.313114643096924,,
feedback,28.626779,1786508474060,7,57,10.0,0.0,10.0,,7.861360549926758,-0.35700106620788574,5.886727333068848,,
feedback,28.637770,1786508474068,7,57,10.0,0.0,10.0,,7.657506942749023,-0.37325888872146606,5.848345756530762,,
feedback,28.642867,1786508474077,7,57,10.0,0.0,10.0,,7.721850395202637,-0.3458477258682251,5.98045015335083,,
feedback,28.650805,1786508474085,7,57,10.0,0.0,10.0,,8.044776916503906,-0.22937969863414764,6.448217868804932,,
feedback,28.660135,1786508474093,7,57,10.0,0.0,10.0,,8.135931015014648,-0.29148828983306885,6.792046070098877,,
feedback,28.668034,1786508474102,7,57,10.0,0.0,10.0,,7.761417388916016,-0.3759419620037079,6.588993072509766,,
feedback,28.675679,1786508474110,7,57,10.0,0.0,10.0,,7.949415683746338,-0.3767010271549225,6.613458156585693,,
feedback,28.684126,1786508474119,7,57,10.0,0.0,10.0,,7.59414529800415,-0.4659336805343628,6.405297756195068,,
feedback,28.691735,1786508474127,7,57,10.0,0.0,10.0,,7.563939571380615,-0.518261730670929,6.175469398498535,,
feedback,28.700101,1786508474136,7,57,10.0,0.0,10.0,,7.574985027313232,-0.5026755332946777,6.299744129180908,,
feedback,28.708541,1786508474144,7,57,10.0,0.0,10.0,,8.086254119873047,-0.3547936677932739,6.600951671600342,,
feedback,28.717169,1786508474152,7,57,10.0,0.0,10.0,,7.815067768096924,-0.5171425938606262,6.762280464172363,,
feedback,28.725349,1786508474161,7,57,10.0,0.0,10.0,,7.662815570831299,-0.5257710218429565,6.501296520233154,,
feedback,28.733087,1786508474169,7,57,10.0,0.0,10.0,,8.106839179992676,-0.5032389760017395,6.606363296508789,,
feedback,28.742091,1786508474178,7,57,10.0,0.0,10.0,,7.929982662200928,-0.48850420117378235,6.40366268157959,,
feedback,28.751582,1786508474182,7,57,10.0,0.0,10.0,,7.789020538330078,-0.5913686156272888,6.243644714355469,,
feedback,28.757428,1786508474190,7,57,10.0,0.0,10.0,,7.812859535217285,-0.5859048366546631,6.291572570800781,,
feedback,28.765778,1786508474199,7,57,10.0,0.0,10.0,,8.155390739440918,-0.46825700998306274,6.340343952178955,,
feedback,28.774744,1786508474207,7,57,10.0,0.0,10.0,,8.514386177062988,-0.4318130910396576,6.402826309204102,,
feedback,28.782438,1786508474216,7,57,10.0,0.0,10.0,,8.335542678833008,-0.4161530137062073,6.113398551940918,,
feedback,28.790892,1786508474224,7,57,10.0,0.0,10.0,,8.162552833557129,-0.4130018353462219,6.410478591918945,,
feedback,28.799365,1786508474232,7,57,10.0,0.0,10.0,,8.144879341125488,-0.425582617521286,6.365668296813965,,
feedback,28.807721,1786508474241,7,57,10.0,0.0,10.0,,7.961113929748535,-0.5030268430709839,6.132235527038574,,
feedback,28.814890,1786508474249,7,57,10.0,0.0,10.0,,7.795443058013916,-0.5602915287017822,5.857065677642822,,
feedback,28.823035,1786508474258,7,57,10.0,0.0,10.0,,8.485546112060547,-0.371155709028244,6.270674705505371,,
feedback,28.831739,1786508474266,7,57,10.0,0.0,10.0,,8.268173217773438,-0.4917036294937134,5.988085746765137,,
feedback,28.839493,1786508474275,7,57,10.0,0.0,10.0,,8.320743560791016,-0.3720892369747162,6.085654258728027,,
feedback,28.847777,1786508474283,7,57,10.0,0.0,10.0,,8.032626152038574,-0.4373741149902344,6.20005464553833,,
feedback,28.855825,1786508474291,7,57,10.0,0.0,10.0,,8.021149635314941,-0.4138108193874359,6.205316543579102,,
feedback,28.863880,1786508474300,7,57,10.0,0.0,10.0,,7.950024604797363,-0.5360998511314392,6.017201900482178,,
feedback,28.872067,1786508474308,7,57,10.0,0.0,10.0,,7.737489223480225,-0.49947282671928406,6.08513069152832,,
feedback,28.880338,1786508474316,7,57,10.0,0.0,10.0,,8.027618408203125,-0.391327828168869,6.314120292663574,,
feedback,28.889304,1786508474325,7,57,10.0,0.0,10.0,,8.294443130493164,-0.33073052763938904,6.530374050140381,,
feedback,28.897411,1786508474329,7,57,10.0,0.0,10.0,,8.09207820892334,-0.3558295965194702,6.318938732147217,,
feedback,28.905483,1786508474338,7,57,10.0,0.0,10.0,,8.230005264282227,-0.297698050737381,6.112338066101074,,
feedback,28.913489,1786508474346,7,57,10.0,0.0,10.0,,8.000587463378906,-0.3268827795982361,6.307438850402832,,
feedback,28.921862,1786508474355,7,57,10.0,0.0,10.0,,7.861642837524414,-0.3679043650627136,6.281641960144043,,
feedback,28.929479,1786508474363,7,57,10.0,0.0,10.0,,7.612796306610107,-0.4665050506591797,6.173387050628662,,
feedback,28.938760,1786508474372,7,57,10.0,0.0,10.0,,7.718133449554443,-0.4412948787212372,6.2119293212890625,,
feedback,28.945887,1786508474380,7,57,10.0,0.0,10.0,,7.974106788635254,-0.3644879460334778,6.447438716888428,,
feedback,28.954235,1786508474388,7,57,10.0,0.0,10.0,,7.984654903411865,-0.2268979400396347,6.714694976806641,,
feedback,28.962090,1786508474397,7,57,10.0,0.0,10.0,,7.8010125160217285,-0.40014269948005676,6.4657673835754395,,
feedback,28.970593,1786508474405,7,57,10.0,0.0,10.0,,7.779789447784424,-0.3780308961868286,6.682794094085693,,
feedback,28.979219,1786508474414,7,57,10.0,0.0,10.0,,7.910549163818359,-0.3453136682510376,6.600610256195068,,
feedback,28.986662,1786508474422,7,57,10.0,0.0,10.0,,7.477156639099121,-0.4373035430908203,6.151667594909668,,
feedback,28.995753,1786508474430,7,57,10.0,0.0,10.0,,7.28197717666626,-0.5096445679664612,6.449910640716553,,
feedback,29.004055,1786508474439,7,57,10.0,0.0,10.0,,7.819897651672363,-0.3188108801841736,6.672665596008301,,
feedback,29.011667,1786508474447,7,57,10.0,0.0,10.0,,8.105542182922363,-0.2812705636024475,6.547057151794434,,
feedback,29.019857,1786508474456,7,57,10.0,0.0,10.0,,7.872764587402344,-0.30184251070022583,6.457545280456543,,
feedback,29.029358,1786508474464,7,57,10.0,0.0,10.0,,8.02904224395752,-0.241230770945549,6.375948905944824,,
feedback,29.035930,1786508474472,7,57,10.0,0.0,10.0,,8.044384002685547,-0.24589528143405914,6.03420352935791,,
feedback,29.044034,1786508474477,7,57,10.0,0.0,10.0,,8.033260345458984,-0.22902581095695496,5.894804000854492,,
feedback,29.052742,1786508474485,7,57,10.0,0.0,10.0,,7.866688251495361,-0.2682044208049774,5.7906880378723145,,
feedback,29.060337,1786508474493,7,57,10.0,0.0,10.0,,7.808277606964111,-0.3298903703689575,5.805105209350586,,
feedback,29.068880,1786508474502,7,57,10.0,0.0,10.0,,8.341229438781738,-0.23392254114151,6.50425910949707,,
feedback,29.077167,1786508474510,7,57,10.0,0.0,10.0,,8.13994312286377,-0.30564814805984497,6.33860445022583,,
feedback,29.085775,1786508474519,7,57,10.0,0.0,10.0,,7.9985785484313965,-0.3592250347137451,6.149125576019287,,
feedback,29.093318,1786508474527,7,57,10.0,0.0,10.0,,8.14660930633545,-0.350799560546875,6.237163066864014,,
feedback,29.101752,1786508474536,7,57,10.0,0.0,10.0,,8.208637237548828,-0.3298851251602173,6.402754783630371,,
feedback,29.110202,1786508474544,7,57,10.0,0.0,10.0,,7.9110307693481445,-0.3791280686855316,6.066496849060059,,
feedback,29.119434,1786508474552,7,57,10.0,0.0,10.0,,7.789856910705566,-0.37776559591293335,5.727697849273682,,
feedback,29.127406,1786508474561,7,57,10.0,0.0,10.0,,8.435270309448242,-0.23927117884159088,6.393020153045654,,
feedback,29.135731,1786508474569,7,57,10.0,0.0,10.0,,8.243450164794922,-0.26772260665893555,6.093510627746582,,
feedback,29.144154,1786508474578,7,57,10.0,0.0,10.0,,7.8815484046936035,-0.4350789487361908,6.248155117034912,,
feedback,29.151437,1786508474586,7,57,10.0,0.0,10.0,,8.026034355163574,-0.3304584324359894,6.32665491104126,,
feedback,29.159641,1786508474595,7,57,10.0,0.0,10.0,,8.137763023376465,-0.3821093738079071,6.18950080871582,,
feedback,29.167889,1786508474603,7,57,10.0,0.0,10.0,,7.802064895629883,-0.5108398199081421,5.905333995819092,,
feedback,29.177236,1786508474611,7,57,10.0,0.0,10.0,,7.798707008361816,-0.4238555133342743,6.047217845916748,,
feedback,29.184999,1786508474620,7,57,10.0,0.0,10.0,,8.232122421264648,-0.38198357820510864,6.375156879425049,,
feedback,29.195048,1786508474628,7,57,10.0,0.0,10.0,,8.182108879089355,-0.28675776720046997,6.412659168243408,,
feedback,29.200586,1786508474636,7,57,10.0,0.0,10.0,,7.97117280960083,-0.3115805983543396,6.262256622314453,,
feedback,29.208710,1786508474645,7,57,10.0,0.0,10.0,,7.9622673988342285,-0.27605727314949036,6.481081485748291,,
feedback,29.216784,1786508474649,7,57,10.0,0.0,10.0,,7.969462871551514,-0.28995823860168457,6.6594085693359375,,
feedback,29.226094,1786508474658,7,57,10.0,0.0,10.0,,7.582006454467773,-0.37605419754981995,5.989266395568848,,
feedback,29.233878,1786508474666,7,57,10.0,0.0,10.0,,7.551998615264893,-0.34167537093162537,6.1531500816345215,,
feedback,29.242129,1786508474675,7,57,10.0,0.0,10.0,,7.730178356170654,-0.3676111698150635,6.291001796722412,,
feedback,29.252646,1786508474683,7,57,10.0,0.0,10.0,,7.940671443939209,-0.2885722219944,6.59586763381958,,
feedback,29.257943,1786508474692,7,57,10.0,0.0,10.0,,7.960171699523926,-0.31444913148880005,6.496936321258545,,
feedback,29.266219,1786508474700,7,57,10.0,0.0,10.0,,7.721158504486084,-0.3609476685523987,6.2559638023376465,,
feedback,29.274325,1786508474708,7,57,10.0,0.0,10.0,,7.995424270629883,-0.2951836585998535,6.464832782745361,,
feedback,29.282499,1786508474717,7,57,10.0,0.0,10.0,,7.691771984100342,-0.36125829815864563,6.263030052185059,,
feedback,29.291184,1786508474725,7,57,10.0,0.0,10.0,,7.523491859436035,-0.3967255651950836,6.361522197723389,,
feedback,29.299784,1786508474734,7,57,10.0,0.0,10.0,,7.473234176635742,-0.36892199516296387,6.530131816864014,,
feedback,29.306843,1786508474742,7,57,10.0,0.0,10.0,,8.0617036819458,-0.20645372569561005,6.506396293640137,,
feedback,29.315823,1786508474751,7,57,10.0,0.0,10.0,,7.937197208404541,-0.3155047297477722,6.559725284576416,,
feedback,29.324118,1786508474759,7,57,10.0,0.0,10.0,,7.8192877769470215,-0.2174140363931656,6.573065757751465,,
feedback,29.331725,1786508474768,7,57,10.0,0.0,10.0,,8.045621871948242,-0.18053045868873596,6.483763217926025,,
feedback,29.340320,1786508474776,7,57,10.0,0.0,10.0,,7.860957145690918,-0.17586106061935425,6.286286354064941,,
feedback,29.347967,1786508474780,7,57,10.0,0.0,10.0,,7.781815528869629,-0.2402675449848175,6.037971019744873,,
feedback,29.358148,1786508474789,7,57,10.0,0.0,10.0,,7.531129360198975,-0.2666897773742676,5.679012298583984,,
feedback,29.364175,1786508474797,7,57,10.0,0.0,10.0,,8.117925643920898,-0.16392098367214203,6.022154808044434,,
feedback,29.372179,1786508474806,7,57,10.0,0.0,10.0,,8.152335166931152,-0.24153561890125275,6.315124988555908,,
feedback,29.381084,1786508474814,7,57,10.0,0.0,10.0,,7.993509292602539,-0.23559345304965973,6.255146026611328,,
feedback,29.389076,1786508474823,7,57,10.0,0.0,10.0,,8.111830711364746,-0.17611834406852722,6.395018577575684,,
feedback,29.396943,1786508474832,7,57,10.0,0.0,10.0,,8.06385326385498,-0.2536153495311737,6.284031867980957,,
feedback,29.405984,1786508474840,7,57,10.0,0.0,10.0,,7.700448036193848,-0.33461734652519226,5.873363494873047,,
feedback,29.417570,1786508474849,7,57,10.0,0.0,10.0,,7.624259948730469,-0.2783081531524658,5.817014694213867,,
feedback,29.421215,1786508474857,7,57,10.0,0.0,10.0,,8.163069725036621,-0.1412147432565689,6.329832077026367,,
feedback,29.430311,1786508474866,7,57,10.0,0.0,10.0,,8.244751930236816,-0.14864252507686615,6.311366558074951,,
feedback,29.438560,1786508474874,7,57,10.0,0.0,10.0,,8.097349166870117,-0.1501203328371048,5.90371036529541,,
feedback,29.446397,1786508474878,7,57,10.0,0.0,10.0,,7.958731174468994,-0.17218296229839325,6.108886241912842,,
feedback,29.454399,1786508474887,7,57,10.0,0.0,10.0,,7.9192891120910645,-0.21259291470050812,6.251908779144287,,
feedback,29.463140,1786508474896,7,57,10.0,0.0,10.0,,7.815981388092041,-0.26888108253479004,6.172640800476074,,
feedback,29.473186,1786508474904,7,57,10.0,0.0,10.0,,7.680567264556885,-0.3136672079563141,5.8606977462768555,,
feedback,29.479631,1786508474913,7,57,10.0,0.0,10.0,,7.9340739250183105,-0.348262220621109,6.0286359786987305,,
feedback,29.487006,1786508474921,7,57,10.0,0.0,10.0,,8.292745590209961,-0.23437051475048065,6.309083938598633,,
feedback,29.495578,1786508474930,7,57,10.0,0.0,10.0,,8.274508476257324,-0.24440443515777588,6.306309700012207,,
feedback,29.503905,1786508474938,7,57,10.0,0.0,10.0,,8.087118148803711,-0.29688799381256104,6.295134544372559,,
feedback,29.512170,1786508474947,7,57,10.0,0.0,10.0,,8.13129997253418,-0.3125329315662384,6.588507175445557,,
feedback,29.520870,1786508474955,7,57,10.0,0.0,10.0,,7.661723613739014,-0.45823439955711365,6.085719108581543,,
feedback,29.527528,1786508474963,7,57,10.0,0.0,10.0,,7.665895462036133,-0.43930572271347046,6.203850746154785,,
feedback,29.535960,1786508474972,7,57,10.0,0.0,10.0,,7.701569080352783,-0.4460265636444092,6.408378601074219,,
feedback,29.544761,1786508474977,7,57,10.0,0.0,10.0,,7.91804313659668,-0.39728301763534546,6.564605712890625,,
feedback,29.552283,1786508474985,7,57,10.0,0.0,10.0,,8.094735145568848,-0.3567245900630951,6.582821369171143,,
feedback,29.561029,1786508474994,7,57,10.0,0.0,10.0,,7.657473564147949,-0.4350113570690155,6.339244842529297,,
feedback,29.568928,1786508475002,7,57,10.0,0.0,10.0,,7.836557388305664,-0.43136078119277954,6.547174453735352,,
feedback,29.579661,1786508475011,7,57,10.0,0.0,10.0,,7.738157272338867,-0.38508403301239014,6.207653522491455,,
feedback,29.585062,1786508475019,7,57,10.0,0.0,10.0,,7.52396297454834,-0.46974363923072815,6.019994258880615,,
feedback,29.594359,1786508475028,7,57,10.0,0.0,10.0,,7.44608211517334,-0.5027567148208618,6.09342622756958,,
feedback,29.601657,1786508475037,7,57,10.0,0.0,10.0,,7.939862251281738,-0.3566160202026367,6.7302751541137695,,
feedback,29.610724,1786508475045,7,57,10.0,0.0,10.0,,7.927559852600098,-0.3209730386734009,6.64077091217041,,
feedback,29.618279,1786508475054,7,57,10.0,0.0,10.0,,7.712061882019043,-0.39543282985687256,6.627798080444336,,
feedback,29.627173,1786508475062,7,57,10.0,0.0,10.0,,7.981475353240967,-0.3364121615886688,6.574770927429199,,
feedback,29.634216,1786508475071,7,57,10.0,0.0,10.0,,7.859120845794678,-0.32715001702308655,6.260213851928711,,
feedback,29.642697,1786508475079,7,57,10.0,0.0,10.0,,7.880934715270996,-0.23598679900169373,6.428867816925049,,
feedback,29.651095,1786508475083,7,57,10.0,0.0,10.0,,7.696226119995117,-0.2891782820224762,6.088408946990967,,
feedback,29.659517,1786508475092,7,57,10.0,0.0,10.0,,7.790836334228516,-0.27175265550613403,6.082976341247559,,
feedback,29.667842,1786508475100,7,57,10.0,0.0,10.0,,8.281264305114746,-0.1630266010761261,6.431525707244873,,
feedback,29.675535,1786508475109,7,57,10.0,0.0,10.0,,8.147844314575195,-0.21679943799972534,6.240858554840088,,
feedback,29.685560,1786508475117,7,57,10.0,0.0,10.0,,8.074628829956055,-0.23304051160812378,6.0368523597717285,,
feedback,29.692586,1786508475126,7,57,10.0,0.0,10.0,,8.145976066589355,-0.26708194613456726,6.174754619598389,,
feedback,29.701193,1786508475134,7,57,10.0,0.0,10.0,,7.828980922698975,-0.3985312879085541,5.911423206329346,,
feedback,29.708932,1786508475143,7,57,10.0,0.0,10.0,,7.5646443367004395,-0.46102821826934814,5.640453815460205,,
feedback,29.716522,1786508475151,7,57,10.0,0.0,10.0,,7.826423645019531,-0.37516650557518005,5.8578033447265625,,
feedback,29.725439,1786508475160,7,57,10.0,0.0,10.0,,8.255729675292969,-0.3114047646522522,6.3807501792907715,,
feedback,29.733582,1786508475168,7,57,10.0,0.0,10.0,,8.111547470092773,-0.357515424489975,6.537302017211914,,
feedback,29.742486,1786508475177,7,57,10.0,0.0,10.0,,8.040164947509766,-0.2748507857322693,6.203150272369385,,
feedback,29.750011,1786508475185,7,57,10.0,0.0,10.0,,8.034127235412598,-0.2829171121120453,6.1242170333862305,,
feedback,29.757920,1786508475194,7,57,10.0,0.0,10.0,,8.106290817260742,-0.253807008266449,6.218807220458984,,
feedback,29.766571,1786508475202,7,57,10.0,0.0,10.0,,7.733740329742432,-0.2825002074241638,5.65552282333374,,
feedback,29.773556,1786508475206,7,57,10.0,0.0,10.0,,7.950875759124756,-0.19295725226402283,5.956668376922607,,
feedback,29.782307,1786508475215,7,57,10.0,0.0,10.0,,8.18514633178711,-0.15585166215896606,6.513331413269043,,
feedback,29.790842,1786508475223,7,57,10.0,0.0,10.0,,7.945522308349609,-0.20612823963165283,6.39460563659668,,
feedback,29.798080,1786508475231,7,57,10.0,0.0,10.0,,7.9370503425598145,-0.2031247466802597,6.229621410369873,,
feedback,29.806439,1786508475240,7,57,10.0,0.0,10.0,,8.091686248779297,-0.17397141456604004,6.243269443511963,,
feedback,29.815622,1786508475248,7,57,10.0,0.0,10.0,,8.191844940185547,-0.12357757240533829,6.361539840698242,,
feedback,29.823347,1786508475257,7,57,10.0,0.0,10.0,,7.736156940460205,-0.27057334780693054,6.116724491119385,,
feedback,29.831497,1786508475265,7,57,10.0,0.0,10.0,,7.683261871337891,-0.33513790369033813,6.183877468109131,,
feedback,29.839775,1786508475274,7,57,10.0,0.0,10.0,,7.995712757110596,-0.2557457387447357,6.061407566070557,,
feedback,29.850371,1786508475282,7,57,10.0,0.0,10.0,,8.262619972229004,-0.33300143480300903,6.450442314147949,,
feedback,29.855441,1786508475290,7,57,10.0,0.0,10.0,,7.803492546081543,-0.4054047167301178,6.052140712738037,,
feedback,29.864551,1786508475299,7,57,10.0,0.0,10.0,,7.930837631225586,-0.47067877650260925,6.636270046234131,,
feedback,29.872141,1786508475307,7,57,10.0,0.0,10.0,,7.856924057006836,-0.4476335048675537,6.449643611907959,,
feedback,29.879775,1786508475315,7,57,10.0,0.0,10.0,,7.545892715454102,-0.5682551860809326,6.204451084136963,,
feedback,29.887976,1786508475324,7,57,10.0,0.0,10.0,,7.6346755027771,-0.497544527053833,6.261658191680908,,
feedback,29.897411,1786508475332,7,57,10.0,0.0,10.0,,7.864260196685791,-0.4024409353733063,6.403171062469482,,
feedback,29.904424,1786508475341,7,57,10.0,0.0,10.0,,8.13481330871582,-0.43669599294662476,6.596383571624756,,
feedback,29.913024,1786508475349,7,57,10.0,0.0,10.0,,7.883139133453369,-0.38511818647384644,6.3963823318481445,,
feedback,29.921550,1786508475357,7,57,10.0,0.0,10.0,,7.868806838989258,-0.4217947721481323,6.411287307739258,,
feedback,29.930042,1786508475362,7,57,10.0,0.0,10.0,,7.996901035308838,-0.3699500560760498,6.437165260314941,,
feedback,29.938414,1786508475370,7,57,10.0,0.0,10.0,,7.550945281982422,-0.5497685074806213,6.1626739501953125,,
feedback,29.946331,1786508475378,7,57,10.0,0.0,10.0,,7.654272079467773,-0.5669215321540833,6.267380714416504,,
feedback,29.954669,1786508475387,7,57,10.0,0.0,10.0,,7.662933349609375,-0.6143941879272461,6.259069919586182,,
feedback,29.962160,1786508475395,7,57,10.0,0.0,10.0,,8.01030158996582,-0.6385806202888489,7.045782566070557,,
feedback,29.970706,1786508475404,7,57,10.0,0.0,10.0,,7.893065929412842,-0.5357273817062378,6.69431734085083,,
feedback,29.978741,1786508475412,7,57,10.0,0.0,10.0,,7.84078311920166,-0.5070590376853943,6.534364223480225,,
feedback,29.986772,1786508475421,7,57,10.0,0.0,10.0,,7.975580215454102,-0.47459253668785095,6.38475227355957,,
feedback,29.995807,1786508475429,7,57,10.0,0.0,10.0,,7.978935241699219,-0.48571935296058655,6.244268417358398,,
feedback,30.004047,1786508475437,7,57,10.0,0.0,10.0,,7.7916998863220215,-0.5378355383872986,5.944114685058594,,
feedback,30.013862,1786508475446,7,57,10.0,0.0,10.0,,7.7837042808532715,-0.4811449944972992,6.117450714111328,,
feedback,30.019729,1786508475455,7,57,10.0,0.0,10.0,,8.235642433166504,-0.3013579249382019,6.395996570587158,,
feedback,30.028097,1786508475463,7,57,10.0,0.0,10.0,,8.122994422912598,-0.33695024251937866,6.20981502532959,,
feedback,30.036297,1786508475472,7,57,10.0,0.0,10.0,,7.993144989013672,-0.3291308581829071,6.081759452819824,,
feedback,30.044578,1786508475480,7,57,10.0,0.0,10.0,,8.033112525939941,-0.24541118741035461,6.077779769897461,,
feedback,30.052831,1786508475488,7,57,10.0,0.0,10.0,,8.17434310913086,-0.2927229404449463,6.3737287521362305,,
feedback,30.060811,1786508475497,7,57,10.0,0.0,10.0,,7.7564778327941895,-0.4280954599380493,6.01124906539917,,
feedback,30.069438,1786508475505,7,57,10.0,0.0,10.0,,7.732761859893799,-0.47558242082595825,5.973447799682617,,
feedback,30.079815,1786508475514,7,57,10.0,0.0,10.0,,8.214757919311523,-0.39358988404273987,6.311183452606201,,
feedback,30.085314,1786508475522,7,57,10.0,0.0,10.0,,8.163304328918457,-0.38067421317100525,6.356202602386475,,
feedback,30.093692,1786508475526,7,57,10.0,0.0,10.0,,8.33568286895752,-0.3746713399887085,6.394764423370361,,
feedback,30.101945,1786508475535,7,57,10.0,0.0,10.0,,8.347461700439453,-0.36062851548194885,6.336451530456543,,
feedback,30.110278,1786508475543,7,57,10.0,0.0,10.0,,8.43311882019043,-0.2550281286239624,6.549371242523193,,
feedback,30.118365,1786508475552,7,57,10.0,0.0,10.0,,7.827316761016846,-0.3494177758693695,5.945806503295898,,
feedback,30.126604,1786508475561,7,57,10.0,0.0,10.0,,7.791473865509033,-0.3903050422668457,5.751872539520264,,
feedback,30.136721,1786508475570,7,57,10.0,0.0,10.0,,7.941518783569336,-0.3038291931152344,5.781071186065674,,
feedback,30.142795,1786508475579,7,57,10.0,0.0,10.0,,7.958584308624268,-0.298747181892395,6.3247785568237305,,
feedback,30.150763,1786508475588,7,57,10.0,0.0,10.0,,7.741960525512695,-0.29637083411216736,6.046850681304932,,
feedback,30.159728,1786508475592,7,57,10.0,0.0,10.0,,7.964710235595703,-0.2485683262348175,6.255399227142334,,
feedback,30.167789,1786508475600,7,57,10.0,0.0,10.0,,8.127961158752441,-0.18379150331020355,6.391561508178711,,
feedback,30.176288,1786508475609,7,57,10.0,0.0,10.0,,7.933321475982666,-0.21356262266635895,6.08200740814209,,
feedback,30.187511,1786508475617,7,57,10.0,0.0,10.0,,7.732823848724365,-0.404254674911499,6.015829563140869,,
feedback,30.191659,1786508475625,7,57,10.0,0.0,10.0,,7.5288920402526855,-0.3244113624095917,5.7907233238220215,,
feedback,30.201236,1786508475634,7,57,10.0,0.0,10.0,,8.204703330993652,-0.24917744100093842,6.401069641113281,,
feedback,30.208575,1786508475642,7,57,10.0,0.0,10.0,,8.123916625976562,-0.2087942212820053,6.349344253540039,,
feedback,30.216407,1786508475651,7,57,10.0,0.0,10.0,,7.915892124176025,-0.38234639167785645,6.28767728805542,,
feedback,30.225419,1786508475659,7,57,10.0,0.0,10.0,,8.13519287109375,-0.2594107389450073,6.583696365356445,,
feedback,30.232921,1786508475667,7,57,10.0,0.0,10.0,,7.831394672393799,-0.3960525393486023,6.239491939544678,,
feedback,30.241717,1786508475676,7,57,10.0,0.0,10.0,,7.68706750869751,-0.3356039524078369,6.224393844604492,,
feedback,30.252319,1786508475684,7,57,10.0,0.0,10.0,,7.676926136016846,-0.30726343393325806,6.341821670532227,,
feedback,30.257470,1786508475692,7,57,10.0,0.0,10.0,,8.09711742401123,-0.21959663927555084,6.688276767730713,,
feedback,30.266730,1786508475701,7,57,10.0,0.0,10.0,,8.053704261779785,-0.18530911207199097,6.5876312255859375,,
feedback,30.273670,1786508475709,7,57,10.0,0.0,10.0,,7.814621448516846,-0.3188701868057251,6.349756240844727,,
feedback,30.282791,1786508475718,7,57,10.0,0.0,10.0,,7.956761837005615,-0.2898537218570709,6.58134651184082,,
feedback,30.290742,1786508475726,7,57,10.0,0.0,10.0,,7.7768659591674805,-0.3377184271812439,6.505301475524902,,
feedback,30.301714,1786508475734,7,57,10.0,0.0,10.0,,7.594156265258789,-0.43849363923072815,6.247376918792725,,
feedback,30.306482,1786508475743,7,57,10.0,0.0,10.0,,7.52791166305542,-0.3651109039783478,6.219202518463135,,
feedback,30.314991,1786508475751,7,57,10.0,0.0,10.0,,8.053321838378906,-0.2251358926296234,6.691267490386963,,
feedback,30.323782,1786508475755,7,57,10.0,0.0,10.0,,8.066845893859863,-0.21285025775432587,6.502163410186768,,
feedback,30.331885,1786508475764,7,57,10.0,0.0,10.0,,7.904928684234619,-0.23077945411205292,6.208950996398926,,
feedback,30.340280,1786508475772,7,57,10.0,0.0,10.0,,7.762883186340332,-0.2215878665447235,6.352011203765869,,
feedback,30.349200,1786508475781,7,57,10.0,0.0,10.0,,7.7336955070495605,-0.207244873046875,6.431543350219727,,
feedback,30.355609,1786508475789,7,57,10.0,0.0,10.0,,7.7652268409729,-0.14644744992256165,6.3302717208862305,,
feedback,30.363910,1786508475798,7,57,10.0,0.0,10.0,,7.584477424621582,-0.2972111105918884,5.979910850524902,,
feedback,30.372263,1786508475806,7,57,10.0,0.0,10.0,,7.982802391052246,-0.2406402826309204,6.250657558441162,,
feedback,30.380895,1786508475814,7,57,10.0,0.0,10.0,,8.224265098571777,-0.22563835978507996,6.34160852432251,,
feedback,30.388522,1786508475823,7,57,10.0,0.0,10.0,,8.283123970031738,-0.23866291344165802,6.419008255004883,,
feedback,30.397218,1786508475831,7,57,10.0,0.0,10.0,,7.831616401672363,-0.3247484266757965,6.36382532119751,,
feedback,30.407003,1786508475840,7,57,10.0,0.0,10.0,,8.017073631286621,-0.293035089969635,6.410664081573486,,
feedback,30.413636,1786508475848,7,57,10.0,0.0,10.0,,7.922544479370117,-0.3648759424686432,5.9860358238220215,,
feedback,30.421764,1786508475856,7,57,10.0,0.0,10.0,,7.820555210113525,-0.3990357518196106,5.788001537322998,,
feedback,30.429839,1786508475865,7,57,10.0,0.0,10.0,,7.933226108551025,-0.31901881098747253,6.084245681762695,,
feedback,30.438701,1786508475873,7,57,10.0,0.0,10.0,,8.28078556060791,-0.18000183999538422,6.453894138336182,,
feedback,30.447007,1786508475882,7,57,10.0,0.0,10.0,,8.270668029785156,-0.182179793715477,6.480445384979248,,
feedback,30.455077,1786508475890,7,57,10.0,0.0,10.0,,7.867785453796387,-0.31702929735183716,6.134074687957764,,
feedback,30.464101,1786508475898,7,57,10.0,0.0,10.0,,8.254326820373535,-0.2637389004230499,6.475601673126221,,
feedback,30.470660,1786508475907,7,57,10.0,0.0,10.0,,7.981876850128174,-0.3341571092605591,6.101591110229492,,
feedback,30.478952,1786508475915,7,57,10.0,0.0,10.0,,7.78289270401001,-0.3685496151447296,5.887599945068359,,
feedback,30.487375,1786508475924,7,57,10.0,0.0,10.0,,7.822626113891602,-0.33238333463668823,5.90540075302124,,
feedback,30.495174,1786508475928,7,57,10.0,0.0,10.0,,8.050688743591309,-0.34296613931655884,6.138944149017334,,
feedback,30.503142,1786508475936,7,57,10.0,0.0,10.0,,8.290521621704102,-0.2803826332092285,6.315276145935059,,
feedback,30.512249,1786508475945,7,57,10.0,0.0,10.0,,8.148600578308105,-0.34691357612609863,6.214461326599121,,
feedback,30.523046,1786508475953,7,57,10.0,0.0,10.0,,8.052372932434082,-0.3467455804347992,6.247763633728027,,
feedback,30.527975,1786508475961,7,57,10.0,0.0,10.0,,8.130757331848145,-0.24604883790016174,6.313819408416748,,
feedback,30.536025,1786508475970,7,57,10.0,0.0,10.0,,7.841862678527832,-0.45688343048095703,6.305455684661865,,
feedback,30.545105,1786508475978,7,57,10.0,0.0,10.0,,7.6727213859558105,-0.4474978744983673,6.122961521148682,,
feedback,30.552688,1786508475987,7,57,10.0,0.0,10.0,,8.014845848083496,-0.4355131983757019,6.267611503601074,,
feedback,30.560907,1786508475995,7,57,10.0,0.0,10.0,,8.361357688903809,-0.3205970823764801,6.263731479644775,,
feedback,30.569366,1786508476004,7,57,10.0,0.0,10.0,,8.139883995056152,-0.33253273367881775,6.175847053527832,,
feedback,30.577156,1786508476012,7,57,10.0,0.0,10.0,,7.989424228668213,-0.30269932746887207,6.163041591644287,,
feedback,30.585342,1786508476020,7,57,10.0,0.0,10.0,,7.848477840423584,-0.3046257793903351,6.060771465301514,,
feedback,30.593926,1786508476029,7,57,10.0,0.0,10.0,,7.915035247802734,-0.2542484998703003,6.034033298492432,,
feedback,30.601786,1786508476037,7,57,10.0,0.0,10.0,,7.756375789642334,-0.26368260383605957,5.828904628753662,,
feedback,30.610504,1786508476046,7,57,10.0,0.0,10.0,,7.709654808044434,-0.3205256462097168,5.955655574798584,,
feedback,30.618357,1786508476054,7,57,10.0,0.0,10.0,,8.192585945129395,-0.31026607751846313,6.487928867340088,,
feedback,30.626965,1786508476062,7,57,10.0,0.0,10.0,,7.975039005279541,-0.41615086793899536,6.4357829093933105,,
feedback,30.634962,1786508476067,7,57,10.0,0.0,10.0,,7.937936305999756,-0.4654853940010071,6.491661548614502,,
feedback,30.642900,1786508476075,7,57,10.0,0.0,10.0,,7.901156425476074,-0.5455784201622009,6.521081924438477,,
feedback,30.650903,1786508476083,7,57,10.0,0.0,10.0,,7.976770401000977,-0.47764965891838074,6.517656326293945,,
feedback,30.659482,1786508476092,7,57,10.0,0.0,10.0,,7.7100934982299805,-0.5519847273826599,6.12337589263916,,
feedback,30.667762,1786508476100,7,57,10.0,0.0,10.0,,7.633194923400879,-0.6489487886428833,6.275367736816406,,
feedback,30.675958,1786508476109,7,57,10.0,0.0,10.0,,8.026161193847656,-0.4454053044319153,6.49180269241333,,
feedback,30.684611,1786508476117,7,57,10.0,0.0,10.0,,8.083202362060547,-0.4595741033554077,6.552870750427246,,
feedback,30.691449,1786508476126,7,57,10.0,0.0,10.0,,7.627155780792236,-0.39574992656707764,6.187442779541016,,
feedback,30.699689,1786508476135,7,57,10.0,0.0,10.0,,7.689950942993164,-0.31752175092697144,6.217677116394043,,
feedback,30.708983,1786508476144,7,57,10.0,0.0,10.0,,7.9523210525512695,-0.24020430445671082,6.466156959533691,,
feedback,30.716422,1786508476152,7,57,10.0,0.0,10.0,,7.667361259460449,-0.4094952940940857,6.0676045417785645,,
feedback,30.724373,1786508476160,7,57,10.0,0.0,10.0,,7.637666702270508,-0.4809063971042633,6.076527118682861,,
feedback,30.733381,1786508476169,7,57,10.0,0.0,10.0,,7.883316516876221,-0.48402395844459534,6.5244011878967285,,
feedback,30.741455,1786508476177,7,57,10.0,0.0,10.0,,7.893914699554443,-0.5644562244415283,6.839550018310547,,
feedback,30.750261,1786508476185,7,57,10.0,0.0,10.0,,7.803942680358887,-0.5586487650871277,6.598831653594971,,
feedback,30.757802,1786508476190,7,57,10.0,0.0,10.0,,7.701959609985352,-0.5025173425674438,6.4222283363342285,,
feedback,30.766503,1786508476198,7,57,10.0,0.0,10.0,,8.007067680358887,-0.4198268949985504,6.4372124671936035,,
feedback,30.774305,1786508476207,7,57,10.0,0.0,10.0,,7.6969404220581055,-0.43208247423171997,6.019033908843994,,
feedback,30.782115,1786508476215,7,57,10.0,0.0,10.0,,7.661708831787109,-0.39368149638175964,5.914791584014893,,
feedback,30.790577,1786508476224,7,57,10.0,0.0,10.0,,7.703884124755859,-0.2302350401878357,6.171464920043945,,
feedback,30.799152,1786508476232,7,57,10.0,0.0,10.0,,8.160054206848145,-0.15060347318649292,6.429239273071289,,
feedback,30.807170,1786508476241,7,57,10.0,0.0,10.0,,8.219880104064941,-0.19834162294864655,6.388065338134766,,
feedback,30.815706,1786508476249,7,57,10.0,0.0,10.0,,8.037429809570312,-0.21285897493362427,6.190571308135986,,
feedback,30.823313,1786508476257,7,57,10.0,0.0,10.0,,8.199928283691406,-0.0859423503279686,6.2313151359558105,,
feedback,30.832517,1786508476266,7,57,10.0,0.0,10.0,,8.098203659057617,-0.15354126691818237,6.126944541931152,,
feedback,30.839817,1786508476274,7,57,10.0,0.0,10.0,,7.834862232208252,-0.24817009270191193,6.066657066345215,,
feedback,30.847802,1786508476283,7,57,10.0,0.0,10.0,,7.733672142028809,-0.2350102663040161,5.992538928985596,,
feedback,30.856304,1786508476291,7,57,10.0,0.0,10.0,,8.275115966796875,-0.14090116322040558,6.393859386444092,,
feedback,30.863542,1786508476299,7,57,10.0,0.0,10.0,,8.139723777770996,-0.17398078739643097,6.174160003662109,,
feedback,30.871920,1786508476308,7,57,10.0,0.0,10.0,,7.932958126068115,-0.26319336891174316,6.131848335266113,,
feedback,30.881030,1786508476316,7,57,10.0,0.0,10.0,,7.983736515045166,-0.3099583685398102,6.42286491394043,,
feedback,30.888593,1786508476325,7,57,10.0,0.0,10.0,,8.01026439666748,-0.32938581705093384,6.409518241882324,,
feedback,30.897413,1786508476333,7,57,10.0,0.0,10.0,,7.798182010650635,-0.4117916226387024,5.989889621734619,,
feedback,30.904527,1786508476337,7,57,10.0,0.0,10.0,,7.734126567840576,-0.423569917678833,5.949824333190918,,
feedback,30.914669,1786508476345,7,57,10.0,0.0,10.0,,7.843499183654785,-0.3507717251777649,6.1394147872924805,,
feedback,30.920777,1786508476354,7,57,10.0,0.0,10.0,,8.157159805297852,-0.19943483173847198,6.15828275680542,,
feedback,30.929250,1786508476362,7,57,10.0,0.0,10.0,,8.083897590637207,-0.15279673039913177,6.241879940032959,,
feedback,30.937555,1786508476371,7,57,10.0,0.0,10.0,,8.105695724487305,-0.06854860484600067,6.280938148498535,,
feedback,30.946517,1786508476379,7,57,10.0,0.0,10.0,,8.011764526367188,-0.17616887390613556,6.137200832366943,,
feedback,30.954721,1786508476388,7,57,10.0,0.0,10.0,,7.813797473907471,-0.47611209750175476,6.257592678070068,,
feedback,30.962960,1786508476396,7,57,10.0,0.0,10.0,,7.619852542877197,-0.46332770586013794,6.149257659912109,,
feedback,30.970272,1786508476404,7,57,10.0,0.0,10.0,,7.841063499450684,-0.34565651416778564,6.166450500488281,,
feedback,30.978835,1786508476413,7,57,10.0,0.0,10.0,,8.381834983825684,-0.21744808554649353,6.541252613067627,,
feedback,30.987768,1786508476421,7,57,10.0,0.0,10.0,,8.183164596557617,-0.28378725051879883,6.402863502502441,,
feedback,30.995640,1786508476430,7,57,10.0,0.0,10.0,,7.955471038818359,-0.22685231268405914,6.1911468505859375,,
feedback,31.004142,1786508476438,7,57,10.0,0.0,10.0,,7.902412414550781,-0.2681616246700287,6.256186008453369,,
feedback,31.012029,1786508476447,7,57,10.0,0.0,10.0,,7.682493209838867,-0.37899255752563477,6.014257431030273,,
feedback,31.020766,1786508476455,7,57,10.0,0.0,10.0,,7.692101955413818,-0.4321743845939636,5.925027370452881,,
feedback,31.028111,1786508476463,7,57,10.0,0.0,10.0,,8.057572364807129,-0.3561912477016449,6.183322429656982,,
feedback,31.036091,1786508476472,7,57,10.0,0.0,10.0,,8.230353355407715,-0.2689026892185211,6.506659030914307,,
feedback,31.044195,1786508476480,7,57,10.0,0.0,10.0,,8.180157661437988,-0.29846346378326416,6.479643821716309,,
feedback,31.052466,1786508476489,7,57,10.0,0.0,10.0,,7.797187805175781,-0.3392847776412964,6.2050275802612305,,
feedback,31.061508,1786508476497,7,57,10.0,0.0,10.0,,7.8286967277526855,-0.30082979798316956,6.351527214050293,,
feedback,31.069601,1786508476505,7,57,10.0,0.0,10.0,,7.774404525756836,-0.326404869556427,6.249273300170898,,
feedback,31.077914,1786508476514,7,57,10.0,0.0,10.0,,7.5428996086120605,-0.3933892250061035,5.958841323852539,,
feedback,31.085837,1786508476518,7,57,10.0,0.0,10.0,,7.632625579833984,-0.3471391797065735,6.024505138397217,,
feedback,31.094119,1786508476526,7,57,10.0,0.0,10.0,,7.865137100219727,-0.4054095149040222,6.309415340423584,,
feedback,31.102105,1786508476535,7,57,10.0,0.0,10.0,,8.18854808807373,-0.42833009362220764,6.5846452713012695,,
feedback,31.110721,1786508476543,7,57,10.0,0.0,10.0,,8.027685165405273,-0.4788242280483246,6.364080429077148,,
feedback,31.119190,1786508476552,7,57,10.0,0.0,10.0,,7.9426727294921875,-0.5121846199035645,6.3896284103393555,,
feedback,31.127402,1786508476560,7,57,10.0,0.0,10.0,,7.944997787475586,-0.5304074883460999,6.556014537811279,,
feedback,31.135583,1786508476568,7,57,10.0,0.0,10.0,,7.758473873138428,-0.5458328127861023,6.396873474121094,,
feedback,31.143684,1786508476577,7,57,10.0,0.0,10.0,,7.710728645324707,-0.46487873792648315,6.3873114585876465,,
feedback,31.152791,1786508476585,7,57,10.0,0.0,10.0,,7.601905345916748,-0.3740517795085907,6.165992259979248,,
feedback,31.159785,1786508476594,7,57,10.0,0.0,10.0,,8.177254676818848,-0.2178279012441635,6.748593330383301,,
feedback,31.168219,1786508476602,7,57,10.0,0.0,10.0,,7.990316390991211,-0.3569909930229187,6.3393168449401855,,
feedback,31.176485,1786508476611,7,57,10.0,0.0,10.0,,7.861709117889404,-0.32993900775909424,6.260950088500977,,
feedback,31.184706,1786508476619,7,57,10.0,0.0,10.0,,7.840512752532959,-0.361282080411911,6.403040409088135,,
feedback,31.195031,1786508476628,7,57,10.0,0.0,10.0,,7.634915828704834,-0.5663483738899231,6.392966270446777,,
feedback,31.200774,1786508476636,7,57,10.0,0.0,10.0,,7.6342573165893555,-0.5706142783164978,6.226180076599121,,
feedback,31.209139,1786508476644,7,57,10.0,0.0,10.0,,7.597191333770752,-0.5743106007575989,6.176263809204102,,
feedback,31.217554,1786508476653,7,57,10.0,0.0,10.0,,8.098461151123047,-0.4703483581542969,6.536554336547852,,
feedback,31.226221,1786508476661,7,57,10.0,0.0,10.0,,8.055395126342773,-0.4363224506378174,6.394042491912842,,
feedback,31.233505,1786508476669,7,57,10.0,0.0,10.0,,8.060139656066895,-0.37590155005455017,6.402588367462158,,
feedback,31.242274,1786508476678,7,57,10.0,0.0,10.0,,7.768905162811279,-0.336068719625473,6.149926662445068,,
feedback,31.250409,1786508476686,7,57,10.0,0.0,10.0,,8.029417037963867,-0.174933061003685,6.356611251831055,,
feedback,31.257899,1786508476691,7,57,10.0,0.0,10.0,,7.7609052658081055,-0.25464433431625366,6.113961219787598,,
feedback,31.267382,1786508476699,7,57,10.0,0.0,10.0,,7.808234691619873,-0.2433740794658661,6.007216453552246,,
feedback,31.275194,1786508476707,7,57,10.0,0.0,10.0,,8.121136665344238,-0.17627307772636414,6.230104446411133,,
feedback,31.283592,1786508476716,7,57,10.0,0.0,10.0,,8.298483848571777,-0.08410106599330902,6.330034255981445,,
feedback,31.291834,1786508476724,7,57,10.0,0.0,10.0,,8.255555152893066,-0.09103884547948837,6.4558820724487305,,
feedback,31.299728,1786508476733,7,57,10.0,0.0,10.0,,7.778464317321777,-0.1871897578239441,5.837759494781494,,
feedback,31.310340,1786508476741,7,57,10.0,0.0,10.0,,7.9695611000061035,-0.24639613926410675,6.125025272369385,,
feedback,31.316012,1786508476749,7,57,10.0,0.0,10.0,,7.965317726135254,-0.3592968285083771,6.297850131988525,,
feedback,31.324419,1786508476758,7,57,10.0,0.0,10.0,,7.642910957336426,-0.4564816653728485,5.949878692626953,,
feedback,31.331888,1786508476766,7,57,10.0,0.0,10.0,,7.839839458465576,-0.42113107442855835,6.010928153991699,,
feedback,31.340032,1786508476775,7,57,10.0,0.0,10.0,,8.291010856628418,-0.4394615888595581,6.349204063415527,,
feedback,31.348832,1786508476783,7,57,10.0,0.0,10.0,,8.241640090942383,-0.20104053616523743,6.329025745391846,,
feedback,31.356715,1786508476792,7,57,10.0,0.0,10.0,,8.025932312011719,-0.18325887620449066,6.245831489562988,,
feedback,31.365115,1786508476800,7,57,10.0,0.0,10.0,,8.036847114562988,-0.21035833656787872,6.244688987731934,,
feedback,31.372813,1786508476809,7,57,10.0,0.0,10.0,,7.948500156402588,-0.2555757761001587,6.10892915725708,,
feedback,31.381969,1786508476817,7,57,10.0,0.0,10.0,,7.72410249710083,-0.30371326208114624,6.002791404724121,,
feedback,31.390177,1786508476826,7,57,10.0,0.0,10.0,,7.69486141204834,-0.30313926935195923,5.988070964813232,,
feedback,31.398685,1786508476830,7,57,10.0,0.0,10.0,,7.841427326202393,-0.28753966093063354,6.1436238288879395,,
feedback,31.406625,1786508476838,7,57,10.0,0.0,10.0,,8.345111846923828,-0.2572093605995178,6.41825008392334,,
feedback,31.415747,1786508476847,7,57,10.0,0.0,10.0,,8.049452781677246,-0.32000797986984253,6.153095245361328,,
feedback,31.422026,1786508476855,7,57,10.0,0.0,10.0,,8.130738258361816,-0.2835204601287842,6.384624004364014,,
feedback,31.430148,1786508476864,7,57,10.0,0.0,10.0,,7.939785003662109,-0.494532972574234,6.347468852996826,,
feedback,31.438277,1786508476872,7,57,10.0,0.0,10.0,,7.736777305603027,-0.538557231426239,6.149581432342529,,
feedback,31.446458,1786508476880,7,57,10.0,0.0,10.0,,7.711525917053223,-0.46983253955841064,6.165366172790527,,
feedback,31.454626,1786508476889,7,57,10.0,0.0,10.0,,7.623218536376953,-0.3871973156929016,5.963896751403809,,
feedback,31.462870,1786508476897,7,57,10.0,0.0,10.0,,8.37074089050293,-0.26971885561943054,6.578211784362793,,
feedback,31.471202,1786508476906,7,57,10.0,0.0,10.0,,8.149295806884766,-0.19081257283687592,6.327538013458252,,
feedback,31.479917,1786508476914,7,57,10.0,0.0,10.0,,7.9709792137146,-0.21232666075229645,6.248440742492676,,
feedback,31.487328,1786508476922,7,57,10.0,0.0,10.0,,7.941131114959717,-0.29010260105133057,6.187175750732422,,
feedback,31.495802,1786508476931,7,57,10.0,0.0,10.0,,7.86884880065918,-0.3134883642196655,6.111695766448975,,
feedback,31.504021,1786508476939,7,57,10.0,0.0,10.0,,7.833642482757568,-0.30049026012420654,5.895903587341309,,
feedback,31.511886,1786508476948,7,57,10.0,0.0,10.0,,7.95570707321167,-0.3701753318309784,6.147610664367676,,
feedback,31.520279,1786508476956,7,57,10.0,0.0,10.0,,8.241536140441895,-0.3466235101222992,6.598792552947998,,
feedback,31.528225,1786508476964,7,57,10.0,0.0,10.0,,8.052813529968262,-0.49492213129997253,6.450252532958984,,
feedback,31.536865,1786508476973,7,57,10.0,0.0,10.0,,7.963831901550293,-0.5437179207801819,6.506054878234863,,
feedback,31.545655,1786508476981,7,57,10.0,0.0,10.0,,7.865327835083008,-0.46818944811820984,6.3011393547058105,,
feedback,31.553206,1786508476985,7,57,10.0,0.0,10.0,,7.792694091796875,-0.4024241268634796,6.33607292175293,,
feedback,31.561734,1786508476994,7,57,10.0,0.0,10.0,,7.66265869140625,-0.4566403031349182,6.047490119934082,,
feedback,31.569895,1786508477003,7,57,10.0,0.0,10.0,,7.511614799499512,-0.5519233345985413,5.847445011138916,,
feedback,31.578583,1786508477011,7,57,10.0,0.0,10.0,,7.929773330688477,-0.4606919288635254,6.421730041503906,,
feedback,31.586682,1786508477020,7,57,10.0,0.0,10.0,,8.154566764831543,-0.3653532564640045,6.587703227996826,,
feedback,31.594103,1786508477028,7,57,10.0,0.0,10.0,,8.024953842163086,-0.4721753001213074,6.509313106536865,,
feedback,31.602551,1786508477036,7,57,10.0,0.0,10.0,,7.812862396240234,-0.47161009907722473,6.229580402374268,,
feedback,31.610804,1786508477045,7,57,10.0,0.0,10.0,,7.845165252685547,-0.5059447884559631,6.328620433807373,,
feedback,31.618820,1786508477053,7,57,10.0,0.0,10.0,,7.8262410163879395,-0.42284032702445984,6.193541526794434,,
feedback,31.627314,1786508477062,7,57,10.0,0.0,10.0,,7.592361927032471,-0.5187498331069946,6.00352144241333,,
feedback,31.635264,1786508477070,7,57,10.0,0.0,10.0,,7.694509506225586,-0.4025377035140991,6.027870178222656,,
feedback,31.644252,1786508477079,7,57,10.0,0.0,10.0,,8.055753707885742,-0.4532722234725952,6.57045841217041,,
feedback,31.651383,1786508477087,7,57,10.0,0.0,10.0,,8.098145484924316,-0.32276448607444763,6.744894027709961,,
feedback,31.660279,1786508477095,7,57,10.0,0.0,10.0,,7.843632698059082,-0.2775266468524933,6.450526714324951,,
feedback,31.667566,1786508477104,7,57,10.0,0.0,10.0,,7.866252422332764,-0.272075355052948,6.476182460784912,,
feedback,31.675702,1786508477112,7,57,10.0,0.0,10.0,,7.804896354675293,-0.13401798903942108,6.184682369232178,,
feedback,31.684484,1786508477121,7,57,10.0,0.0,10.0,,7.61709451675415,-0.2908046543598175,6.072244644165039,,
feedback,31.692827,1786508477125,7,57,10.0,0.0,10.0,,7.64170503616333,-0.35499855875968933,6.2213640213012695,,
feedback,31.704746,1786508477133,7,57,10.0,0.0,10.0,,7.706676006317139,-0.48688462376594543,6.427587985992432,,
feedback,31.708552,1786508477142,7,57,10.0,0.0,10.0,,8.250967025756836,-0.34769657254219055,6.735424041748047,,
feedback,31.717248,1786508477150,7,57,10.0,0.0,10.0,,7.955531120300293,-0.42970022559165955,6.444188117980957,,
feedback,31.725064,1786508477158,7,57,10.0,0.0,10.0,,7.999906063079834,-0.3567512035369873,6.304206371307373,,
feedback,31.733877,1786508477167,7,57,10.0,0.0,10.0,,7.907268047332764,-0.29736220836639404,6.2288899421691895,,
feedback,31.741213,1786508477175,7,57,10.0,0.0,10.0,,7.857250213623047,-0.2567308247089386,6.068538665771484,,
feedback,31.749746,1786508477184,7,57,10.0,0.0,10.0,,7.834059238433838,-0.3421945571899414,5.983152389526367,,
feedback,31.757857,1786508477192,7,57,10.0,0.0,10.0,,7.788727283477783,-0.35862138867378235,5.978637218475342,,
feedback,31.766162,1786508477201,7,57,10.0,0.0,10.0,,8.245287895202637,-0.2484845668077469,6.477100849151611,,
feedback,31.773864,1786508477209,7,57,10.0,0.0,10.0,,8.103717803955078,-0.2006695568561554,6.3547139167785645,,
feedback,31.782022,1786508477217,7,57,10.0,0.0,10.0,,7.934109687805176,-0.267263799905777,6.248885631561279,,
feedback,31.790969,1786508477226,7,57,10.0,0.0,10.0,,8.075630187988281,-0.13705778121948242,6.435257434844971,,
feedback,31.799506,1786508477234,7,57,10.0,0.0,10.0,,7.8432464599609375,-0.16454608738422394,6.0454020500183105,,
feedback,31.807821,1786508477243,7,57,10.0,0.0,10.0,,7.836685657501221,-0.1723841279745102,6.013101100921631,,
feedback,31.816136,1786508477251,7,57,10.0,0.0,10.0,,7.7190117835998535,-0.2592664361000061,5.870581150054932,,
feedback,31.823572,1786508477260,7,57,10.0,0.0,10.0,,8.277665138244629,-0.2166110873222351,6.430863857269287,,
feedback,31.831760,1786508477268,7,57,10.0,0.0,10.0,,8.093059539794922,-0.26031816005706787,6.358692646026611,,
feedback,31.840058,1786508477277,7,57,10.0,0.0,10.0,,8.133188247680664,-0.2844870090484619,6.3546013832092285,,
feedback,31.849154,1786508477281,7,57,10.0,0.0,10.0,,7.9788994789123535,-0.3438815772533417,6.155270576477051,,
feedback,31.856905,1786508477289,7,57,10.0,0.0,10.0,,7.960257053375244,-0.31834685802459717,6.214323997497559,,
feedback,31.869008,1786508477298,7,57,10.0,0.0,10.0,,8.082398414611816,-0.33332014083862305,6.314353942871094,,
feedback,31.872443,1786508477306,7,57,10.0,0.0,10.0,,7.6886162757873535,-0.4009877145290375,5.971837043762207,,
feedback,31.880558,1786508477314,7,57,10.0,0.0,10.0,,7.85191535949707,-0.37465357780456543,5.953840732574463,,
feedback,31.889053,1786508477323,7,57,10.0,0.0,10.0,,8.367471694946289,-0.18912377953529358,6.50219202041626,,
feedback,31.897579,1786508477331,7,57,10.0,0.0,10.0,,8.19743824005127,-0.28345417976379395,6.395540237426758,,
feedback,31.906162,1786508477340,7,57,10.0,0.0,10.0,,7.967950344085693,-0.15356793999671936,6.062659740447998,,
feedback,31.914060,1786508477348,7,57,10.0,0.0,10.0,,8.116881370544434,-0.12689490616321564,6.267169952392578,,
feedback,31.924976,1786508477357,7,57,10.0,0.0,10.0,,8.119049072265625,-0.1651153862476349,6.2073750495910645,,
feedback,31.930439,1786508477365,7,57,10.0,0.0,10.0,,7.80668830871582,-0.3281501531600952,6.025328636169434,,
feedback,31.938189,1786508477373,7,57,10.0,0.0,10.0,,7.767224311828613,-0.2804678678512573,6.101922035217285,,
feedback,31.946371,1786508477382,7,57,10.0,0.0,10.0,,8.01483154296875,-0.33208537101745605,6.296683311462402,,
feedback,31.954576,1786508477390,7,57,10.0,0.0,10.0,,8.236191749572754,-0.22827810049057007,6.533043384552002,,
feedback,31.963221,1786508477399,7,57,10.0,0.0,10.0,,7.862764835357666,-0.3903265595436096,6.286703586578369,,
feedback,31.971083,1786508477407,7,57,10.0,0.0,10.0,,7.868261337280273,-0.28407371044158936,6.40526008605957,,
feedback,31.979714,1786508477415,7,57,10.0,0.0,10.0,,7.865866661071777,-0.325616717338562,6.274455547332764,,
feedback,31.989867,1786508477424,7,57,10.0,0.0,10.0,,7.640881538391113,-0.44940173625946045,5.952304363250732,,
feedback,31.995519,1786508477428,7,57,10.0,0.0,10.0,,7.722603797912598,-0.3549201488494873,5.990762233734131,,
feedback,32.003495,1786508477436,7,57,10.0,0.0,10.0,,7.723744869232178,-0.24342401325702667,5.941404819488525,,
feedback,32.012444,1786508477445,7,57,10.0,0.0,10.0,,8.13668441772461,-0.27242031693458557,6.3819451332092285,,
feedback,32.020431,1786508477453,7,57,10.0,0.0,10.0,,8.269490242004395,-0.20843243598937988,6.516236305236816,,
feedback,32.028253,1786508477462,7,57,10.0,0.0,10.0,,7.913854122161865,-0.2577466368675232,6.21561336517334,,
feedback,32.036567,1786508477470,7,57,10.0,0.0,10.0,,8.066633224487305,-0.18395516276359558,6.356753826141357,,
feedback,32.049112,1786508477479,7,57,10.0,0.0,10.0,,7.961845874786377,-0.3206093907356262,6.1545491218566895,,
feedback,32.052877,1786508477487,7,57,10.0,0.0,10.0,,7.816076278686523,-0.3457260727882385,5.982141971588135,,
feedback,32.062482,1786508477496,7,57,10.0,0.0,10.0,,7.732845306396484,-0.23716270923614502,5.814382553100586,,
feedback,32.069392,1786508477504,7,57,10.0,0.0,10.0,,7.997592449188232,-0.3230034112930298,6.2613606452941895,,
feedback,32.077900,1786508477513,7,57,10.0,0.0,10.0,,8.181727409362793,-0.3502339720726013,6.587495803833008,,
feedback,32.085834,1786508477521,7,57,10.0,0.0,10.0,,7.977591514587402,-0.3450535833835602,6.500842571258545,,
feedback,32.094724,1786508477529,7,57,10.0,0.0,10.0,,7.886317253112793,-0.312914103269577,6.341616153717041,,
feedback,32.103014,1786508477538,7,57,10.0,0.0,10.0,,7.884291648864746,-0.42645376920700073,6.393927574157715,,
feedback,32.111227,1786508477546,7,57,10.0,0.0,10.0,,7.779608726501465,-0.5290167331695557,6.107685565948486,,
feedback,32.119825,1786508477555,7,57,10.0,0.0,10.0,,7.475476264953613,-0.5643627047538757,5.854974269866943,,
feedback,32.126861,1786508477559,7,57,10.0,0.0,10.0,,7.625252723693848,-0.488684743642807,6.094256401062012,,
feedback,32.134459,1786508477568,7,57,10.0,0.0,10.0,,8.074880599975586,-0.4925881624221802,6.556615829467773,,
feedback,32.143626,1786508477576,7,57,10.0,0.0,10.0,,7.977243423461914,-0.5157971978187561,6.319580554962158,,
feedback,32.151595,1786508477584,7,57,10.0,0.0,10.0,,8.011622428894043,-0.4480736553668976,6.60380220413208,,
feedback,32.158893,1786508477593,7,57,10.0,0.0,10.0,,7.949914455413818,-0.4258236885070801,6.482761383056641,,
feedback,32.167660,1786508477601,7,57,10.0,0.0,10.0,,7.874917030334473,-0.5338510274887085,6.4057722091674805,,
feedback,32.176207,1786508477610,7,57,10.0,0.0,10.0,,7.685230731964111,-0.5653473138809204,6.071818828582764,,
feedback,32.183718,1786508477618,7,57,10.0,0.0,10.0,,7.607253551483154,-0.5361504554748535,6.014180660247803,,
feedback,32.192594,1786508477626,7,57,10.0,0.0,10.0,,8.080739974975586,-0.40742161870002747,6.471280097961426,,
feedback,32.201176,1786508477635,7,57,10.0,0.0,10.0,,8.129097938537598,-0.4357607066631317,6.457749366760254,,
feedback,32.209416,1786508477644,7,57,10.0,0.0,10.0,,8.048508644104004,-0.3703702390193939,6.441457271575928,,
feedback,32.221864,1786508477652,7,57,10.0,0.0,10.0,,7.841666221618652,-0.5556420087814331,6.3163323402404785,,
feedback,32.225507,1786508477661,7,57,10.0,0.0,10.0,,7.672389030456543,-0.4010528028011322,6.157920837402344,,
feedback,32.233331,1786508477669,7,57,10.0,0.0,10.0,,7.276650428771973,-0.4532890319824219,5.906301021575928,,
feedback,32.241837,1786508477678,7,57,10.0,0.0,10.0,,6.9943695068359375,-0.3433038592338562,5.480420112609863,,
feedback,32.250806,1786508477686,7,57,10.0,0.0,10.0,,6.883301258087158,-0.32491534948349,5.563378810882568,,
feedback,32.259041,1786508477694,7,57,10.0,0.0,10.0,,7.0094685554504395,-0.07670018821954727,5.750319004058838,,
feedback,32.267105,1786508477703,7,57,10.0,0.0,10.0,,6.943759918212891,-0.08920716494321823,5.554838180541992,,
feedback,32.275804,1786508477711,7,57,10.0,0.0,10.0,,6.30875301361084,-0.37387290596961975,5.313513278961182,,
feedback,32.283373,1786508477716,7,57,10.0,0.0,10.0,,6.043113708496094,-0.49606630206108093,5.165976047515869,,
feedback,32.291549,1786508477724,7,57,10.0,0.0,10.0,,5.969656944274902,-0.3704150319099426,4.984714508056641,,
feedback,32.299217,1786508477732,7,57,10.0,0.0,10.0,,5.58624267578125,-0.3363672196865082,4.390692234039307,,
feedback,32.308248,1786508477741,7,57,10.0,0.0,10.0,,5.216606616973877,-0.4177198112010956,3.9390511512756348,,
feedback,32.315650,1786508477749,7,57,10.0,0.0,10.0,,4.902751922607422,-0.39844581484794617,3.6240055561065674,,
feedback,32.324315,1786508477758,7,57,10.0,0.0,10.0,,4.790741443634033,-0.4284231960773468,3.543518543243408,,
feedback,32.335485,1786508477766,7,57,10.0,0.0,10.0,,4.707551956176758,-0.32932865619659424,3.456749677658081,,
feedback,32.339808,1786508477774,7,57,10.0,0.0,10.0,,4.629471778869629,-0.4047344923019409,3.418750047683716,,
feedback,32.347902,1786508477783,7,57,10.0,0.0,10.0,,4.780196666717529,-0.3640798032283783,3.4866859912872314,,
feedback,32.356281,1786508477791,7,57,10.0,0.0,10.0,,4.303988933563232,-0.4567771255970001,3.0751447677612305,,
feedback,32.365477,1786508477800,7,57,10.0,0.0,10.0,,4.044464588165283,-0.3875373601913452,2.759524345397949,,
feedback,32.373271,1786508477808,7,57,10.0,0.0,10.0,,3.880267381668091,-0.5285950899124146,2.6036362648010254,,
feedback,32.381529,1786508477817,7,57,10.0,0.0,10.0,,3.872115135192871,-0.6259101033210754,2.542060375213623,,
feedback,32.391011,1786508477825,7,57,10.0,0.0,10.0,,4.054186820983887,-0.7161200046539307,2.6184041500091553,,
feedback,32.398390,1786508477833,7,57,10.0,0.0,10.0,,4.323431015014648,-0.8416150808334351,2.8022522926330566,,
feedback,32.405310,1786508477842,7,57,10.0,0.0,10.0,,4.605024814605713,-0.9547545909881592,2.978329658508301,,
feedback,32.414553,1786508477850,7,57,10.0,0.0,10.0,,4.941437721252441,-1.1096371412277222,3.073922634124756,,
feedback,32.422204,1786508477855,7,57,10.0,0.0,10.0,,4.91017484664917,-1.1670641899108887,2.9799418449401855,,
feedback,32.430787,1786508477863,7,57,10.0,0.0,10.0,,5.013917922973633,-1.077679991722107,2.872093439102173,,
feedback,32.438227,1786508477872,7,57,10.0,0.0,10.0,,5.262180805206299,-1.046363353729248,2.8760976791381836,,
feedback,32.446475,1786508477880,7,57,10.0,0.0,10.0,,5.154442310333252,-1.0267884731292725,2.792602062225342,,
feedback,32.458668,1786508477888,7,57,10.0,0.0,10.0,,5.3406219482421875,-1.0171668529510498,2.916360855102539,,
feedback,32.462935,1786508477897,7,57,10.0,0.0,10.0,,5.602925777435303,-0.9983299970626831,3.340195417404175,,
feedback,32.471268,1786508477905,7,57,10.0,0.0,10.0,,5.642484188079834,-0.993891716003418,3.429180383682251,,
feedback,32.480046,1786508477914,7,57,10.0,0.0,10.0,,5.528544902801514,-1.0600510835647583,3.3411831855773926,,
feedback,32.487547,1786508477922,7,57,10.0,0.0,10.0,,5.403846740722656,-1.0065962076187134,3.181997776031494,,
feedback,32.496004,1786508477930,7,57,10.0,0.0,10.0,,5.128244876861572,-0.9806201457977295,2.8660924434661865,,
feedback,32.503895,1786508477939,7,57,10.0,0.0,10.0,,5.101416110992432,-0.8543468117713928,2.838186264038086,,
feedback,32.516291,1786508477947,7,57,10.0,0.0,10.0,,4.839963912963867,-0.8221971988677979,2.6712002754211426,,
feedback,32.520084,1786508477956,7,57,10.0,0.0,10.0,,4.704032897949219,-0.8249652981758118,2.5244686603546143,,
feedback,32.529097,1786508477964,7,57,10.0,0.0,10.0,,4.450808525085449,-0.909010112285614,2.2612380981445312,,
feedback,32.537736,1786508477972,7,57,10.0,0.0,10.0,,4.141688346862793,-0.9227743744850159,1.976931095123291,,
feedback,32.544791,1786508477981,7,57,10.0,0.0,10.0,,4.0019426345825195,-0.9850351214408875,1.8840683698654175,,
feedback,32.553001,1786508477989,7,57,10.0,0.0,10.0,,3.8375678062438965,-0.9876112937927246,1.7031357288360596,,
feedback,32.561836,1786508477998,7,57,10.0,0.0,10.0,,3.483318567276001,-1.0056482553482056,1.4160845279693604,,
feedback,32.571642,1786508478002,7,57,10.0,0.0,10.0,,3.3435964584350586,-1.0157617330551147,1.4004935026168823,,
feedback,32.578199,1786508478011,7,57,10.0,0.0,10.0,,3.0387156009674072,-0.9773192405700684,1.3838967084884644,,
feedback,32.585724,1786508478019,7,57,10.0,0.0,10.0,,3.3543951511383057,-1.047263264656067,1.5101970434188843,,
feedback,32.594559,1786508478027,7,57,10.0,0.0,10.0,,3.798234701156616,-1.2158548831939697,1.690648078918457,,
feedback,32.602743,1786508478036,7,57,10.0,0.0,10.0,,4.027951717376709,-1.216800332069397,1.6451791524887085,,
feedback,32.610167,1786508478044,7,57,10.0,0.0,10.0,,4.171065330505371,-1.3109612464904785,1.6075401306152344,,
feedback,32.618839,1786508478053,7,57,10.0,0.0,10.0,,4.420608997344971,-1.3171900510787964,1.50631844997406,,
feedback,32.628941,1786508478061,7,57,10.0,0.0,10.0,,4.541397571563721,-1.4232299327850342,1.3380670547485352,,
feedback,32.635389,1786508478069,7,57,10.0,0.0,10.0,,4.687849521636963,-1.442947268486023,1.392151117324829,,
feedback,32.643113,1786508478078,7,57,10.0,0.0,10.0,,4.8896942138671875,-1.5175211429595947,1.4825853109359741,,
feedback,32.651092,1786508478086,7,57,10.0,0.0,10.0,,4.976015090942383,-1.6774349212646484,1.6516083478927612,,
feedback,32.659993,1786508478095,7,57,10.0,0.0,10.0,,4.858741760253906,-1.7470321655273438,1.4511598348617554,,
feedback,32.667485,1786508478103,7,57,10.0,0.0,10.0,,4.930030345916748,-1.8268983364105225,1.615247130393982,,
feedback,32.676418,1786508478111,7,57,10.0,0.0,10.0,,4.890304088592529,-1.7348719835281372,1.5471346378326416,,
feedback,32.683834,1786508478120,7,57,10.0,0.0,10.0,,4.8010783195495605,-1.7452430725097656,1.4521523714065552,,
feedback,32.692333,1786508478128,7,57,10.0,0.0,10.0,,4.5519514083862305,-1.8618499040603638,1.291725993156433,,
feedback,32.700613,1786508478137,7,57,10.0,0.0,10.0,,4.564036846160889,-1.862109899520874,1.3491082191467285,,
feedback,32.709286,1786508478145,7,57,10.0,0.0,10.0,,4.424878120422363,-1.7637375593185425,1.2602384090423584,,
feedback,32.718076,1786508478153,7,57,10.0,0.0,10.0,,4.216066837310791,-1.8089805841445923,1.265492558479309,,
feedback,32.726159,1786508478162,7,57,10.0,0.0,10.0,,4.16956090927124,-1.6769680976867676,1.3903932571411133,,
feedback,32.737704,1786508478170,7,57,10.0,0.0,10.0,,4.0358147621154785,-1.5085376501083374,1.3531489372253418,,
feedback,32.741859,1786508478179,7,57,10.0,0.0,10.0,,3.9010813236236572,-1.5564559698104858,1.3669449090957642,,
feedback,32.750030,1786508478183,7,57,10.0,0.0,10.0,,3.7805044651031494,-1.454280972480774,1.353980302810669,,
feedback,32.758372,1786508478191,7,57,10.0,0.0,10.0,,3.430635929107666,-1.5074923038482666,1.1240695714950562,,
feedback,32.767234,1786508478200,7,57,10.0,0.0,10.0,,3.1960747241973877,-1.4049488306045532,0.9198233485221863,,
feedback,32.775442,1786508478208,7,57,10.0,0.0,10.0,,2.9766244888305664,-1.2333126068115234,0.7957482933998108,,
feedback,32.783321,1786508478217,7,57,10.0,0.0,10.0,,2.5943212509155273,-1.1890032291412354,0.634520947933197,,
feedback,32.791481,1786508478225,7,57,10.0,0.0,10.0,,2.4102299213409424,-1.1440104246139526,0.610618531703949,,
feedback,32.798907,1786508478233,7,57,10.0,0.0,10.0,,2.2570385932922363,-1.0712740421295166,0.4815198481082916,,
feedback,32.807423,1786508478242,7,57,10.0,0.0,10.0,,2.3055920600891113,-1.2022134065628052,0.3514274060726166,,
feedback,32.815965,1786508478250,7,57,10.0,0.0,10.0,,2.5870063304901123,-1.4402961730957031,0.31316453218460083,,
feedback,32.824383,1786508478259,7,57,10.0,0.0,10.0,,2.8077504634857178,-1.564849853515625,0.208677738904953,,
feedback,32.832569,1786508478267,7,57,10.0,0.0,10.0,,3.066058874130249,-1.7038999795913696,0.10639078170061111,,
feedback,32.840818,1786508478276,7,57,10.0,0.0,10.0,,3.2513949871063232,-1.9996271133422852,0.1285189688205719,,
feedback,32.852594,1786508478284,7,57,10.0,0.0,10.0,,3.335777759552002,-2.0734806060791016,0.1409154087305069,,
feedback,32.856692,1786508478292,7,57,10.0,0.0,10.0,,3.3977649211883545,-2.077120304107666,0.2048598676919937,,
feedback,32.866324,1786508478301,7,57,10.0,0.0,10.0,,3.4063305854797363,-2.166783332824707,0.16312967240810394,,
feedback,32.873416,1786508478309,7,57,10.0,0.0,10.0,,3.5722992420196533,-2.311763048171997,0.23866964876651764,,
feedback,32.881884,1786508478317,7,57,10.0,0.0,10.0,,3.7825887203216553,-2.3987114429473877,0.14996367692947388,,
feedback,32.890896,1786508478326,7,57,10.0,0.0,10.0,,3.9591219425201416,-2.5177133083343506,0.1361810266971588,,
feedback,32.897645,1786508478334,7,57,10.0,0.0,10.0,,4.340553283691406,-2.4658515453338623,-0.11208190023899078,,
feedback,32.905892,1786508478338,7,57,10.0,0.0,10.0,,4.43176794052124,-2.502575397491455,-0.19632866978645325,,
feedback,32.914145,1786508478347,7,57,10.0,0.0,10.0,,4.416375160217285,-2.4954142570495605,-0.2493562251329422,,
feedback,32.922077,1786508478355,7,57,10.0,0.0,10.0,,4.198314189910889,-2.4165024757385254,-0.17471696436405182,,
feedback,32.931246,1786508478364,7,57,10.0,0.0,10.0,,3.9109532833099365,-2.3745741844177246,-0.15122509002685547,,
feedback,32.939770,1786508478372,7,57,10.0,0.0,10.0,,3.744490146636963,-2.2499027252197266,-0.06473534554243088,,
feedback,32.946754,1786508478380,7,57,10.0,0.0,10.0,,3.520925283432007,-1.9829978942871094,-0.11536014825105667,,
feedback,32.955025,1786508478389,7,57,10.0,0.0,10.0,,3.3426856994628906,-1.7035086154937744,-0.1826195865869522,,
feedback,32.963514,1786508478397,7,57,10.0,0.0,10.0,,3.31350040435791,-1.591188669204712,-0.037310052663087845,,
feedback,32.971172,1786508478406,7,57,10.0,0.0,10.0,,3.259486675262451,-1.6476198434829712,0.06566287577152252,,
feedback,32.979588,1786508478414,7,57,10.0,0.0,10.0,,3.338557481765747,-1.6376410722732544,-0.02301269955933094,,
feedback,32.987484,1786508478422,7,57,10.0,0.0,10.0,,3.6037673950195312,-1.7169016599655151,0.11885212361812592,,
feedback,32.996326,1786508478431,7,57,10.0,0.0,10.0,,3.3688368797302246,-1.6512410640716553,0.0008751205168664455,,
feedback,33.004355,1786508478439,7,57,10.0,0.0,10.0,,3.0417258739471436,-1.790218710899353,0.07133551687002182,,
feedback,33.012363,1786508478448,7,57,10.0,0.0,10.0,,2.8125035762786865,-1.7080429792404175,-0.08884339779615402,,
feedback,33.020291,1786508478456,7,57,10.0,0.0,10.0,,2.470109462738037,-1.7965410947799683,-0.15503913164138794,,
feedback,33.028355,1786508478464,7,57,10.0,0.0,10.0,,2.3287594318389893,-1.768823266029358,-0.21796368062496185,,
feedback,33.037115,1786508478473,7,57,10.0,0.0,10.0,,2.247067451477051,-1.8483500480651855,-0.24181249737739563,,
feedback,33.045463,1786508478481,7,57,10.0,0.0,10.0,,2.233081340789795,-1.9539129734039307,-0.1994548887014389,,
feedback,33.053777,1786508478490,7,57,10.0,0.0,10.0,,2.424276351928711,-2.131903886795044,-0.31119489669799805,,
feedback,33.062094,1786508478498,7,57,10.0,0.0,10.0,,2.5822269916534424,-2.3632967472076416,-0.6230022311210632,,
feedback,33.070127,1786508478507,7,57,10.0,0.0,10.0,,2.7453722953796387,-2.54186749458313,-0.7212305665016174,,
feedback,33.079495,1786508478511,7,57,10.0,0.0,10.0,,2.830460786819458,-2.606454610824585,-0.795936644077301,,
feedback,33.088443,1786508478519,7,57,10.0,0.0,10.0,,2.957127332687378,-2.8069369792938232,-0.9388604760169983,,
feedback,33.095766,1786508478528,7,57,10.0,0.0,10.0,,3.238935947418213,-2.9201436042785645,-1.0490612983703613,,
feedback,33.103021,1786508478536,7,57,10.0,0.0,10.0,,3.4140052795410156,-3.1626834869384766,-1.1517350673675537,,
feedback,33.111944,1786508478545,7,57,10.0,0.0,10.0,,3.5790317058563232,-3.134371280670166,-1.2468249797821045,,
feedback,33.119710,1786508478553,7,57,10.0,0.0,10.0,,3.7393267154693604,-3.151435375213623,-1.2735989093780518,,
feedback,33.127973,1786508478561,7,57,10.0,0.0,10.0,,3.873826742172241,-3.195617914199829,-1.3623626232147217,,
feedback,33.136024,1786508478570,7,57,10.0,0.0,10.0,,4.140847206115723,-2.760009765625,-1.6636061668395996,,
feedback,33.143653,1786508478578,7,57,10.0,0.0,10.0,,4.100215435028076,-2.908824920654297,-1.6396052837371826,,
feedback,33.151923,1786508478587,7,57,10.0,0.0,10.0,,4.040853023529053,-3.314671277999878,-1.4881367683410645,,
feedback,33.161265,1786508478595,7,57,10.0,0.0,10.0,,4.095834732055664,-3.3380303382873535,-1.5254888534545898,,
feedback,33.168909,1786508478603,7,57,10.0,0.0,10.0,,4.242336273193359,-3.1580300331115723,-1.4829144477844238,,
feedback,33.177031,1786508478612,7,57,10.0,0.0,10.0,,4.031739711761475,-2.90505313873291,-1.403535008430481,,
feedback,33.185728,1786508478620,7,57,10.0,0.0,10.0,,3.8675715923309326,-3.180996894836426,-1.3798705339431763,,
feedback,33.193749,1786508478629,7,57,10.0,0.0,10.0,,3.8455190658569336,-3.170916795730591,-1.3359689712524414,,
feedback,33.201108,1786508478637,7,57,10.0,0.0,10.0,,3.646418809890747,-3.2477035522460938,-1.3501160144805908,,
feedback,33.209417,1786508478645,7,57,10.0,0.0,10.0,,3.3453495502471924,-3.3094794750213623,-1.2486779689788818,,
feedback,33.219435,1786508478654,7,57,10.0,0.0,10.0,,3.204415798187256,-2.9061100482940674,-1.2419391870498657,,
feedback,33.227098,1786508478662,7,57,10.0,0.0,10.0,,2.8681869506835938,-2.7262513637542725,-1.2320064306259155,,
feedback,33.235401,1786508478667,7,57,10.0,0.0,10.0,,2.7312560081481934,-2.6570961475372314,-1.245162844657898,,
feedback,33.244130,1786508478676,7,57,10.0,0.0,10.0,,2.51686429977417,-2.5790088176727295,-1.2410486936569214,,
feedback,33.251402,1786508478684,7,57,10.0,0.0,10.0,,2.393655300140381,-2.4716415405273438,-1.195477843284607,,
feedback,33.259383,1786508478692,7,57,10.0,0.0,10.0,,2.318559408187866,-2.4770607948303223,-1.2604191303253174,,
feedback,33.268995,1786508478701,7,57,10.0,0.0,10.0,,2.435529947280884,-2.751269578933716,-1.4606897830963135,,
feedback,33.276120,1786508478709,7,57,10.0,0.0,10.0,,2.583725690841675,-3.1021697521209717,-1.6191023588180542,,
feedback,33.283926,1786508478718,7,57,10.0,0.0,10.0,,2.7245352268218994,-3.2784669399261475,-1.802382469177246,,
feedback,33.292903,1786508478726,7,57,10.0,0.0,10.0,,2.996866226196289,-3.4490134716033936,-2.125257730484009,,
feedback,33.300112,1786508478734,7,57,10.0,0.0,10.0,,3.251620054244995,-3.3543639183044434,-2.470726490020752,,
feedback,33.308326,1786508478743,7,57,10.0,0.0,10.0,,3.458160161972046,-3.2383952140808105,-2.711956262588501,,
feedback,33.318330,1786508478751,7,57,10.0,0.0,10.0,,3.492851734161377,-3.4176442623138428,-2.8754560947418213,,
feedback,33.324711,1786508478760,7,57,10.0,0.0,10.0,,3.733931303024292,-3.440203905105591,-3.0191292762756348,,
feedback,33.333534,1786508478768,7,57,10.0,0.0,10.0,,3.8617947101593018,-3.7069945335388184,-3.089172601699829,,
feedback,33.341261,1786508478776,7,57,10.0,0.0,10.0,,3.9121196269989014,-3.6641581058502197,-3.172780990600586,,
feedback,33.349864,1786508478785,7,57,10.0,0.0,10.0,,3.7083740234375,-4.048981189727783,-2.966269016265869,,
feedback,33.357539,1786508478793,7,57,10.0,0.0,10.0,,3.5425004959106445,-4.312389850616455,-2.8094611167907715,,
feedback,33.365801,1786508478802,7,57,10.0,0.0,10.0,,3.5545737743377686,-4.514094829559326,-2.7388296127319336,,
feedback,33.373460,1786508478810,7,57,10.0,0.0,10.0,,3.5020434856414795,-4.942107200622559,-2.6819915771484375,,
feedback,33.382099,1786508478818,7,57,10.0,0.0,10.0,,3.5519368648529053,-4.701650619506836,-2.8302526473999023,,
feedback,33.390024,1786508478823,7,57,10.0,0.0,10.0,,3.581023693084717,-4.627951145172119,-2.857205629348755,,
feedback,33.399124,1786508478831,7,57,10.0,0.0,10.0,,3.5638411045074463,-4.512938022613525,-2.8619613647460938,,
feedback,33.406870,1786508478840,7,57,10.0,0.0,10.0,,3.4678092002868652,-3.998059034347534,-2.882535219192505,,
feedback,33.415185,1786508478848,7,57,10.0,0.0,10.0,,3.498652458190918,-3.534921169281006,-2.9598658084869385,,
feedback,33.422901,1786508478856,7,57,10.0,0.0,10.0,,3.518155097961426,-3.3301210403442383,-3.0031991004943848,,
feedback,33.430792,1786508478865,7,57,10.0,0.0,10.0,,3.3191537857055664,-3.0492615699768066,-2.8676648139953613,,
feedback,33.439103,1786508478873,7,57,10.0,0.0,10.0,,3.2552525997161865,-2.988630771636963,-2.791508436203003,,
feedback,33.447760,1786508478882,7,57,10.0,0.0,10.0,,3.0850021839141846,-3.190460443496704,-2.6725800037384033,,
feedback,33.455969,1786508478890,7,57,10.0,0.0,10.0,,2.994990587234497,-3.158998727798462,-2.634418249130249,,
feedback,33.463889,1786508478898,7,57,10.0,0.0,10.0,,2.8332717418670654,-3.427898645401001,-2.676825523376465,,
feedback,33.471793,1786508478907,7,57,10.0,0.0,10.0,,2.7485568523406982,-3.560997486114502,-2.8257455825805664,,
feedback,33.479792,1786508478915,7,57,10.0,0.0,10.0,,2.5797815322875977,-4.070271015167236,-2.9363009929656982,,
feedback,33.487850,1786508478924,7,57,10.0,0.0,10.0,,2.5041651725769043,-4.037776947021484,-3.159398078918457,,
feedback,33.496291,1786508478932,7,57,10.0,0.0,10.0,,2.5435097217559814,-4.020693778991699,-3.363612174987793,,
feedback,33.505373,1786508478940,7,57,10.0,0.0,10.0,,2.6998202800750732,-4.247823238372803,-3.620201826095581,,
feedback,33.512911,1786508478949,7,57,10.0,0.0,10.0,,2.7652196884155273,-4.376951694488525,-3.6771700382232666,,
feedback,33.520659,1786508478957,7,57,10.0,0.0,10.0,,2.73561429977417,-4.703831195831299,-3.797013759613037,,
feedback,33.529883,1786508478962,7,57,10.0,0.0,10.0,,2.8545708656311035,-4.85288667678833,-3.8502345085144043,,
feedback,33.540147,1786508478970,7,57,10.0,0.0,10.0,,3.1746907234191895,-4.767212867736816,-4.315464973449707,,
feedback,33.545787,1786508478979,7,57,10.0,0.0,10.0,,3.570101499557495,-5.0443291664123535,-4.626192569732666,,
feedback,33.553702,1786508478987,7,57,10.0,0.0,10.0,,3.6082863807678223,-4.714745998382568,-4.647089004516602,,
feedback,33.562308,1786508478995,7,57,10.0,0.0,10.0,,3.6326239109039307,-4.592514991760254,-4.640881061553955,,
feedback,33.570744,1786508479004,7,57,10.0,0.0,10.0,,3.636333703994751,-4.192409038543701,-4.70203161239624,,
feedback,33.578999,1786508479012,7,57,10.0,0.0,10.0,,3.4021334648132324,-4.758561611175537,-4.302022933959961,,
feedback,33.586812,1786508479021,7,57,10.0,0.0,10.0,,3.3119232654571533,-5.06102180480957,-4.272453308105469,,
feedback,33.594536,1786508479029,7,57,10.0,0.0,10.0,,3.1694438457489014,-5.396281719207764,-4.307166576385498,,
feedback,33.603010,1786508479037,7,57,10.0,0.0,10.0,,3.0895633697509766,-5.4052581787109375,-4.223392486572266,,
feedback,33.610726,1786508479046,7,57,10.0,0.0,10.0,,2.9267332553863525,-5.076289176940918,-4.0681328773498535,,
feedback,33.619573,1786508479054,7,57,10.0,0.0,10.0,,2.7847959995269775,-4.763163089752197,-3.994542360305786,,
feedback,33.627628,1786508479063,7,57,10.0,0.0,10.0,,2.970921039581299,-4.118711948394775,-4.022546291351318,,
feedback,33.636386,1786508479072,7,57,10.0,0.0,10.0,,2.9570834636688232,-3.4797420501708984,-4.039352893829346,,
feedback,33.644895,1786508479080,7,57,10.0,0.0,10.0,,2.7647957801818848,-3.565072536468506,-3.9090254306793213,,
feedback,33.652390,1786508479088,7,57,10.0,0.0,10.0,,2.786090612411499,-3.2954213619232178,-3.942964792251587,,
feedback,33.660503,1786508479093,7,57,10.0,0.0,10.0,,2.872775077819824,-3.244291305541992,-3.8913016319274902,,
feedback,33.668263,1786508479101,7,57,10.0,0.0,10.0,,2.8263847827911377,-3.6026976108551025,-3.7735581398010254,,
feedback,33.677238,1786508479110,7,57,10.0,0.0,10.0,,2.825453996658325,-3.7087018489837646,-3.7626078128814697,,
feedback,33.685294,1786508479118,7,57,10.0,0.0,10.0,,2.6075847148895264,-4.332608222961426,-3.494790554046631,,
feedback,33.696286,1786508479127,7,57,10.0,0.0,10.0,,2.6117937564849854,-4.585634231567383,-3.7489991188049316,,
feedback,33.701024,1786508479135,7,57,10.0,0.0,10.0,,2.679032564163208,-4.864591121673584,-3.779589891433716,,
feedback,33.708802,1786508479144,7,57,10.0,0.0,10.0,,2.7582595348358154,-4.838364124298096,-3.912308692932129,,
feedback,33.718176,1786508479152,7,57,10.0,0.0,10.0,,2.9018197059631348,-5.045678615570068,-4.201673984527588,,
feedback,33.725929,1786508479160,7,57,10.0,0.0,10.0,,3.0362515449523926,-5.234848976135254,-4.355050563812256,,
feedback,33.734037,1786508479169,7,57,10.0,0.0,10.0,,3.3670921325683594,-5.157403469085693,-4.692079544067383,,
feedback,33.742446,1786508479177,7,57,10.0,0.0,10.0,,3.75874400138855,-5.164551734924316,-5.292540073394775,,
feedback,33.750457,1786508479185,7,57,10.0,0.0,10.0,,3.8925328254699707,-5.604592800140381,-5.321352958679199,,
feedback,33.759163,1786508479194,7,57,10.0,0.0,10.0,,4.258826732635498,-5.603127479553223,-5.593552589416504,,
feedback,33.768003,1786508479202,7,57,10.0,0.0,10.0,,4.310461044311523,-5.696819305419922,-5.709102153778076,,
feedback,33.774883,1786508479211,7,57,10.0,0.0,10.0,,4.182318687438965,-5.904836177825928,-5.689022064208984,,
feedback,33.783522,1786508479219,7,57,10.0,0.0,10.0,,3.9466288089752197,-6.179929256439209,-5.608650207519531,,
feedback,33.791238,1786508479228,7,57,10.0,0.0,10.0,,4.064294815063477,-6.456779479980469,-5.521885395050049,,
feedback,33.800432,1786508479236,7,57,10.0,0.0,10.0,,4.191783428192139,-6.852060794830322,-5.667680263519287,,
feedback,33.811148,1786508479240,7,57,10.0,0.0,10.0,,4.260884761810303,-7.091501712799072,-5.627577781677246,,
feedback,33.816047,1786508479249,7,57,10.0,0.0,10.0,,4.513861179351807,-6.7038798332214355,-5.946539878845215,,
feedback,33.823805,1786508479257,7,57,10.0,0.0,10.0,,4.751764297485352,-6.444754123687744,-6.119279861450195,,
feedback,33.832193,1786508479265,7,57,10.0,0.0,10.0,,4.894790172576904,-5.762526988983154,-6.456537246704102,,
feedback,33.840297,1786508479274,7,57,10.0,0.0,10.0,,4.558831214904785,-5.793796539306641,-6.194206714630127,,
feedback,33.848834,1786508479282,7,57,10.0,0.0,10.0,,4.47633695602417,-6.701146125793457,-6.004216194152832,,
feedback,33.856994,1786508479291,7,57,10.0,0.0,10.0,,4.228748798370361,-7.201906681060791,-5.826174259185791,,
feedback,33.865309,1786508479299,7,57,10.0,0.0,10.0,,4.231420040130615,-7.307369709014893,-5.675671577453613,,
feedback,33.872462,1786508479308,7,57,10.0,0.0,10.0,,4.14473819732666,-7.038496494293213,-5.767436981201172,,
feedback,33.880782,1786508479316,7,57,10.0,0.0,10.0,,4.128276348114014,-6.682062149047852,-5.7370147705078125,,
feedback,33.888925,1786508479324,7,57,10.0,0.0,10.0,,4.647667407989502,-5.979523658752441,-5.910196304321289,,
feedback,33.897138,1786508479333,7,57,10.0,0.0,10.0,,4.687253952026367,-6.42457914352417,-6.223608016967773,,
feedback,33.906062,1786508479341,7,57,10.0,0.0,10.0,,4.799667835235596,-6.134825229644775,-6.011447429656982,,
feedback,33.915918,1786508479350,7,57,10.0,0.0,10.0,,4.789968967437744,-6.417577266693115,-6.04567289352417,,
feedback,33.921283,1786508479358,7,57,10.0,0.0,10.0,,4.473379135131836,-6.537455081939697,-5.736032485961914,,
feedback,33.929817,1786508479366,7,57,10.0,0.0,10.0,,4.397993564605713,-6.426063060760498,-5.608902931213379,,
feedback,33.937940,1786508479371,7,57,10.0,0.0,10.0,,4.243692874908447,-6.474379062652588,-5.6929168701171875,,
feedback,33.946797,1786508479379,7,57,10.0,0.0,10.0,,4.095588207244873,-6.967807769775391,-5.692401885986328,,
feedback,33.954940,1786508479387,7,57,10.0,0.0,10.0,,4.1750168800354,-6.90756893157959,-5.89036226272583,,
feedback,33.962950,1786508479396,7,57,10.0,0.0,10.0,,4.647627353668213,-6.15287446975708,-6.168037414550781,,
feedback,33.973837,1786508479404,7,57,10.0,0.0,10.0,,4.6266255378723145,-6.586249351501465,-6.26266622543335,,
feedback,33.978408,1786508479413,7,57,10.0,0.0,10.0,,4.721118927001953,-5.957468509674072,-6.2642388343811035,,
feedback,33.986740,1786508479421,7,57,10.0,0.0,10.0,,4.69955587387085,-5.64024019241333,-6.400386810302734,,
feedback,33.995669,1786508479430,7,57,10.0,0.0,10.0,,4.430620193481445,-6.910389423370361,-5.945638179779053,,
feedback,34.003887,1786508479438,7,57,10.0,0.0,10.0,,4.141272068023682,-7.062470436096191,-5.879656791687012,,
feedback,34.012117,1786508479446,7,57,10.0,0.0,10.0,,4.180205345153809,-7.5967793464660645,-5.759737491607666,,
feedback,34.020009,1786508479455,7,57,10.0,0.0,10.0,,3.9565179347991943,-7.240251064300537,-5.763786315917969,,
feedback,34.027411,1786508479462,7,57,10.0,0.0,10.0,,4.198629379272461,-6.611029624938965,-5.930992603302002,,
feedback,34.036045,1786508479470,7,57,10.0,0.0,10.0,,4.495244026184082,-6.081485271453857,-6.134636402130127,,
feedback,34.044415,1786508479478,7,57,10.0,0.0,10.0,,4.794031620025635,-6.123426914215088,-6.180350303649902,,
feedback,34.052570,1786508479487,7,57,10.0,0.0,10.0,,4.817062854766846,-5.858382225036621,-6.177923202514648,,
feedback,34.061377,1786508479495,7,57,10.0,0.0,10.0,,4.561162948608398,-6.371743202209473,-6.035202980041504,,
feedback,34.070138,1786508479504,7,57,10.0,0.0,10.0,,4.327790260314941,-6.84195613861084,-5.728234767913818,,
feedback,34.077143,1786508479512,7,57,10.0,0.0,10.0,,4.240177631378174,-6.36726188659668,-5.77006721496582,,
feedback,34.087114,1786508479521,7,57,10.0,0.0,10.0,,4.075510025024414,-6.799858093261719,-5.760481834411621,,
feedback,34.094304,1786508479529,7,57,10.0,0.0,10.0,,4.074642181396484,-7.179566383361816,-5.714273929595947,,
feedback,34.102420,1786508479538,7,57,10.0,0.0,10.0,,4.514136791229248,-6.945315361022949,-5.988333225250244,,
feedback,34.110674,1786508479546,7,57,10.0,0.0,10.0,,4.601118564605713,-6.8606085777282715,-6.033194541931152,,
feedback,34.118537,1786508479555,7,57,10.0,0.0,10.0,,4.881643295288086,-6.418975830078125,-6.166465759277344,,
feedback,34.126230,1786508479559,7,57,10.0,0.0,10.0,,4.776156902313232,-5.600273609161377,-6.22186279296875,,
feedback,34.135069,1786508479567,7,57,10.0,0.0,10.0,,4.862366199493408,-5.555080413818359,-6.227268695831299,,
feedback,34.142357,1786508479576,7,57,10.0,0.0,10.0,,4.390946865081787,-6.700225830078125,-5.759836673736572,,
feedback,34.150570,1786508479584,7,57,10.0,0.0,10.0,,4.2858171463012695,-6.920864105224609,-5.579104900360107,,
feedback,34.159194,1786508479593,7,57,10.0,0.0,10.0,,4.224802017211914,-6.959031105041504,-5.675252914428711,,
feedback,34.167383,1786508479601,7,57,10.0,0.0,10.0,,4.299247741699219,-7.239279270172119,-5.608547687530518,,
feedback,34.175383,1786508479610,7,57,10.0,0.0,10.0,,4.261071681976318,-6.431804180145264,-5.854700565338135,,
feedback,34.183251,1786508479618,7,57,10.0,0.0,10.0,,4.515904426574707,-5.542347431182861,-6.261172294616699,,
feedback,34.192438,1786508479626,7,57,10.0,0.0,10.0,,4.750998497009277,-6.066412925720215,-6.405444145202637,,
feedback,34.199758,1786508479635,7,57,10.0,0.0,10.0,,4.725640773773193,-5.667105674743652,-6.354278087615967,,
feedback,34.207914,1786508479643,7,57,10.0,0.0,10.0,,4.4576873779296875,-6.574768543243408,-6.135863304138184,,
feedback,34.216971,1786508479652,7,57,10.0,0.0,10.0,,4.2868428230285645,-6.84471321105957,-5.960106372833252,,
feedback,34.224877,1786508479660,7,57,10.0,0.0,10.0,,4.093327045440674,-6.80458402633667,-5.974676132202148,,
feedback,34.233103,1786508479664,7,57,10.0,0.0,10.0,,3.9480714797973633,-6.869790077209473,-5.884881973266602,,
feedback,34.240822,1786508479674,7,57,10.0,0.0,10.0,,4.0507402420043945,-6.86669921875,-5.9685516357421875,,
feedback,34.249850,1786508479682,7,57,10.0,0.0,10.0,,4.333652496337891,-6.908976078033447,-5.920210838317871,,
feedback,34.258891,1786508479691,7,57,10.0,0.0,10.0,,4.644048690795898,-6.651648044586182,-6.290649890899658,,
feedback,34.266080,1786508479701,7,57,10.0,0.0,10.0,,4.741062164306641,-6.533416748046875,-6.274647235870361,,
feedback,34.273756,1786508479709,7,57,10.0,0.0,10.0,,4.693519592285156,-6.3402533531188965,-6.193989276885986,,
feedback,34.282146,1786508479718,7,57,10.0,0.0,10.0,,4.740178108215332,-5.475735187530518,-6.091925621032715,,
feedback,34.290778,1786508479726,7,57,10.0,0.0,10.0,,4.296775817871094,-6.667923450469971,-5.894439220428467,,
feedback,34.298405,1786508479735,7,57,10.0,0.0,10.0,,4.131080627441406,-6.675343990325928,-5.737630367279053,,
feedback,34.307163,1786508479743,7,57,10.0,0.0,10.0,,4.089667320251465,-6.820237159729004,-5.7628173828125,,
feedback,34.315603,1786508479747,7,57,10.0,0.0,10.0,,4.144549369812012,-6.983078956604004,-5.708486080169678,,
feedback,34.323253,1786508479756,7,57,10.0,0.0,10.0,,4.178018569946289,-6.8726043701171875,-5.7187275886535645,,
feedback,34.331428,1786508479764,7,57,10.0,0.0,10.0,,4.556009769439697,-5.90027379989624,-5.958681106567383,,
feedback,34.339473,1786508479772,7,57,10.0,0.0,10.0,,4.695175647735596,-5.885315895080566,-5.987765789031982,,
feedback,34.348460,1786508479781,7,57,10.0,0.0,10.0,,4.80614709854126,-6.26306676864624,-6.077557563781738,,
feedback,34.356149,1786508479789,7,57,10.0,0.0,10.0,,4.90382719039917,-6.484838485717773,-6.126115322113037,,
feedback,34.364406,1786508479798,7,57,10.0,0.0,10.0,,4.713228225708008,-6.617851734161377,-5.9352641105651855,,
feedback,34.373926,1786508479806,7,57,10.0,0.0,10.0,,4.470190525054932,-7.259543418884277,-5.596342086791992,,
feedback,34.380219,1786508479814,7,57,10.0,0.0,10.0,,4.200222015380859,-6.667999744415283,-5.8121161460876465,,
feedback,34.388042,1786508479823,7,57,10.0,0.0,10.0,,4.122909069061279,-6.85097599029541,-5.815709114074707,,
feedback,34.396484,1786508479831,7,57,10.0,0.0,10.0,,4.099553108215332,-7.413666248321533,-5.9017744064331055,,
feedback,34.405345,1786508479840,7,57,10.0,0.0,10.0,,4.478329658508301,-6.638436794281006,-6.185969352722168,,
feedback,34.413203,1786508479848,7,57,10.0,0.0,10.0,,4.480129718780518,-6.709149360656738,-6.10366153717041,,
feedback,34.423157,1786508479856,7,57,10.0,0.0,10.0,,4.606572151184082,-6.186606407165527,-6.347098350524902,,
feedback,34.429174,1786508479865,7,57,10.0,0.0,10.0,,4.661256313323975,-5.644413948059082,-6.406151294708252,,
feedback,34.438074,1786508479873,7,57,10.0,0.0,10.0,,4.497542858123779,-5.472832679748535,-6.192263603210449,,
feedback,34.446475,1786508479882,7,57,10.0,0.0,10.0,,4.287768363952637,-6.915928840637207,-5.988423824310303,,
feedback,34.455239,1786508479890,7,57,10.0,0.0,10.0,,4.126526832580566,-6.766265392303467,-5.929829120635986,,
feedback,34.462357,1786508479898,7,57,10.0,0.0,10.0,,4.135767459869385,-6.926892280578613,-5.681975364685059,,
feedback,34.470954,1786508479907,7,57,10.0,0.0,10.0,,4.147409439086914,-7.078089237213135,-5.6824469566345215,,
feedback,34.480260,1786508479915,7,57,10.0,0.0,10.0,,4.520572185516357,-6.188662052154541,-5.9559407234191895,,
feedback,34.487836,1786508479924,7,57,10.0,0.0,10.0,,4.612743854522705,-6.058831214904785,-6.062601566314697,,
feedback,34.495481,1786508479928,7,57,10.0,0.0,10.0,,4.851742267608643,-6.404295444488525,-6.08430814743042,,
feedback,34.504178,1786508479936,7,57,10.0,0.0,10.0,,4.853143215179443,-6.524332523345947,-6.199847221374512,,
feedback,34.511949,1786508479945,7,57,10.0,0.0,10.0,,4.842284202575684,-6.393974304199219,-6.1370038986206055,,
feedback,34.520062,1786508479953,7,57,10.0,0.0,10.0,,4.4566802978515625,-6.57932186126709,-5.755177021026611,,
feedback,34.528743,1786508479962,7,57,10.0,0.0,10.0,,4.413025379180908,-6.706201076507568,-5.748320579528809,,
feedback,34.540599,1786508479970,7,57,10.0,0.0,10.0,,4.228875160217285,-6.418511867523193,-5.562750339508057,,
feedback,34.543969,1786508479978,7,57,10.0,0.0,10.0,,4.204359531402588,-6.806637287139893,-5.645618438720703,,
feedback,34.553089,1786508479987,7,57,10.0,0.0,10.0,,4.376251220703125,-7.027827262878418,-5.535295486450195,,
feedback,34.560963,1786508479995,7,57,10.0,0.0,10.0,,4.545703887939453,-6.309066295623779,-5.900802135467529,,
feedback,34.569405,1786508480004,7,57,10.0,0.0,10.0,,4.671663284301758,-6.277461528778076,-6.13254976272583,,
feedback,34.577396,1786508480012,7,57,10.0,0.0,10.0,,4.76995849609375,-5.624100208282471,-6.32472038269043,,
feedback,34.586201,1786508480021,7,57,10.0,0.0,10.0,,4.696214199066162,-6.0111918449401855,-6.175792694091797,,
feedback,34.593946,1786508480029,7,57,10.0,0.0,10.0,,4.55638313293457,-5.835720539093018,-6.264656066894531,,
feedback,34.602621,1786508480037,7,57,10.0,0.0,10.0,,4.226818561553955,-6.867306232452393,-6.081215858459473,,
feedback,34.610270,1786508480046,7,57,10.0,0.0,10.0,,4.115654945373535,-7.23888635635376,-6.017848968505859,,
feedback,34.618117,1786508480054,7,57,10.0,0.0,10.0,,4.086469650268555,-7.074305534362793,-6.0102667808532715,,
feedback,34.626640,1786508480063,7,57,10.0,0.0,10.0,,4.0976152420043945,-6.815617561340332,-5.919053077697754,,
feedback,34.634214,1786508480067,7,57,10.0,0.0,10.0,,4.121501922607422,-6.7190375328063965,-5.9258809089660645,,
feedback,34.642787,1786508480076,7,57,10.0,0.0,10.0,,4.4786200523376465,-6.429446697235107,-5.871030330657959,,
feedback,34.652581,1786508480084,7,57,10.0,0.0,10.0,,4.711731910705566,-6.4667816162109375,-5.911674499511719,,
feedback,34.658417,1786508480092,7,57,10.0,0.0,10.0,,4.818501949310303,-6.3897705078125,-6.177526950836182,,
feedback,34.666878,1786508480101,7,57,10.0,0.0,10.0,,4.747047424316406,-6.766556262969971,-6.188563823699951,,
feedback,34.675113,1786508480109,7,57,10.0,0.0,10.0,,4.693545341491699,-6.163960933685303,-6.184351444244385,,
feedback,34.683120,1786508480118,7,57,10.0,0.0,10.0,,4.290231227874756,-6.202824592590332,-5.844367027282715,,
feedback,34.691352,1786508480126,7,57,10.0,0.0,10.0,,4.175110340118408,-6.6970906257629395,-5.716999053955078,,
feedback,34.699266,1786508480135,7,57,10.0,0.0,10.0,,4.205436706542969,-6.691544055938721,-5.50869083404541,,
feedback,34.707505,1786508480143,7,57,10.0,0.0,10.0,,4.194516181945801,-7.345361232757568,-5.486413478851318,,
feedback,34.716204,1786508480152,7,57,10.0,0.0,10.0,,4.42189884185791,-7.165444850921631,-5.607292652130127,,
feedback,34.724026,1786508480160,7,57,10.0,0.0,10.0,,4.738515377044678,-6.583892822265625,-5.912939071655273,,
feedback,34.733477,1786508480168,7,57,10.0,0.0,10.0,,4.650213718414307,-6.210812568664551,-6.07601261138916,,
feedback,34.740635,1786508480177,7,57,10.0,0.0,10.0,,4.759430408477783,-6.486258506774902,-6.254483699798584,,
feedback,34.749187,1786508480185,7,57,10.0,0.0,10.0,,4.790682315826416,-6.515360355377197,-6.2959184646606445,,
feedback,34.757108,1786508480194,7,57,10.0,0.0,10.0,,4.476050853729248,-6.6530609130859375,-6.115005016326904,,
feedback,34.767355,1786508480198,7,57,10.0,0.0,10.0,,4.350369930267334,-6.710318088531494,-6.155066013336182,,
feedback,34.773221,1786508480207,7,57,10.0,0.0,10.0,,4.091442108154297,-7.256100654602051,-6.003479957580566,,
feedback,34.782049,1786508480215,7,57,10.0,0.0,10.0,,4.1143035888671875,-6.716372966766357,-6.003746509552002,,
feedback,34.789605,1786508480223,7,57,10.0,0.0,10.0,,4.092160224914551,-6.618314266204834,-5.9853596687316895,,
feedback,34.798360,1786508480232,7,57,10.0,0.0,10.0,,4.0922346115112305,-6.8582444190979,-6.059962272644043,,
feedback,34.806289,1786508480240,7,57,10.0,0.0,10.0,,4.57994270324707,-6.170336723327637,-6.107446193695068,,
feedback,34.815185,1786508480249,7,57,10.0,0.0,10.0,,4.656959056854248,-6.310561180114746,-6.039555549621582,,
feedback,34.825644,1786508480258,7,57,10.0,0.0,10.0,,4.716422080993652,-5.893077850341797,-6.284483909606934,,
feedback,34.831060,1786508480266,7,57,10.0,0.0,10.0,,4.834019660949707,-5.826112270355225,-6.151663780212402,,
feedback,34.838849,1786508480275,7,57,10.0,0.0,10.0,,4.5227952003479,-6.038943767547607,-5.8307342529296875,,
feedback,34.847859,1786508480283,7,57,10.0,0.0,10.0,,4.269680500030518,-6.862945079803467,-5.702545166015625,,
feedback,34.855412,1786508480292,7,57,10.0,0.0,10.0,,4.301492214202881,-7.198779106140137,-5.63916540145874,,
feedback,34.863969,1786508480300,7,57,10.0,0.0,10.0,,4.232303619384766,-7.573572635650635,-5.580562591552734,,
feedback,34.872226,1786508480309,7,57,10.0,0.0,10.0,,4.299971580505371,-7.230048656463623,-5.582409858703613,,
feedback,34.879964,1786508480313,7,57,10.0,0.0,10.0,,4.272703170776367,-7.093545436859131,-5.542680263519287,,
feedback,34.888933,1786508480321,7,57,10.0,0.0,10.0,,4.522612571716309,-6.481999397277832,-5.775926113128662,,
feedback,34.896335,1786508480330,7,57,10.0,0.0,10.0,,4.698378086090088,-6.178806781768799,-5.995263576507568,,
feedback,34.904367,1786508480338,7,57,10.0,0.0,10.0,,4.890300750732422,-6.066855430603027,-6.133094787597656,,
feedback,34.912833,1786508480347,7,57,10.0,0.0,10.0,,4.917542934417725,-6.225890159606934,-6.292668342590332,,
feedback,34.922491,1786508480355,7,57,10.0,0.0,10.0,,4.618628025054932,-6.30653190612793,-6.2762861251831055,,
feedback,34.929618,1786508480364,7,57,10.0,0.0,10.0,,4.237236976623535,-6.127650260925293,-6.053215503692627,,
feedback,34.938126,1786508480372,7,57,10.0,0.0,10.0,,4.152490615844727,-6.226034641265869,-6.010517120361328,,
feedback,34.945534,1786508480380,7,57,10.0,0.0,10.0,,4.021821975708008,-6.186819076538086,-5.919561386108398,,
feedback,34.954203,1786508480389,7,57,10.0,0.0,10.0,,4.129197120666504,-6.531385898590088,-5.851064205169678,,
feedback,34.962664,1786508480397,7,57,10.0,0.0,10.0,,4.112717151641846,-6.748716354370117,-5.775367736816406,,
feedback,34.971176,1786508480405,7,57,10.0,0.0,10.0,,4.348609924316406,-6.751765727996826,-5.886165618896484,,
feedback,34.978818,1786508480414,7,57,10.0,0.0,10.0,,4.485579013824463,-6.372223377227783,-6.10065221786499,,
feedback,34.989422,1786508480422,7,57,10.0,0.0,10.0,,4.674701690673828,-5.967578887939453,-6.079146862030029,,
feedback,34.994490,1786508480431,7,57,10.0,0.0,10.0,,4.9204182624816895,-6.249057292938232,-5.987582206726074,,
feedback,35.002745,1786508480439,7,57,10.0,0.0,10.0,,4.770001411437988,-6.154332637786865,-6.025778293609619,,
feedback,35.011070,1786508480447,7,57,10.0,0.0,10.0,,4.430671215057373,-7.1317009925842285,-5.721866607666016,,
feedback,35.020180,1786508480456,7,57,10.0,0.0,10.0,,4.369740962982178,-6.8373637199401855,-5.681587219238281,,
feedback,35.027129,1786508480464,7,57,10.0,0.0,10.0,,4.265975475311279,-6.963983535766602,-5.426568031311035,,
feedback,35.036339,1786508480473,7,57,10.0,0.0,10.0,,4.158371925354004,-6.550379753112793,-5.787201404571533,,
feedback,35.043977,1786508480477,7,57,10.0,0.0,10.0,,4.095391750335693,-6.535488605499268,-5.872035503387451,,
feedback,35.052213,1786508480485,7,57,10.0,0.0,10.0,,4.023959636688232,-6.857062816619873,-5.915476322174072,,
feedback,35.060709,1786508480494,7,57,10.0,0.0,10.0,,4.251646995544434,-6.695579528808594,-6.11083984375,,
feedback,35.069094,1786508480502,7,57,10.0,0.0,10.0,,4.6075944900512695,-5.945128440856934,-6.326601505279541,,
feedback,35.077469,1786508480511,7,57,10.0,0.0,10.0,,4.705102920532227,-5.971137046813965,-6.282406330108643,,
feedback,35.085537,1786508480519,7,57,10.0,0.0,10.0,,4.665220260620117,-6.122011184692383,-6.337011814117432,,
feedback,35.093664,1786508480527,7,57,10.0,0.0,10.0,,4.719546794891357,-5.924290657043457,-6.411449909210205,,
feedback,35.101184,1786508480536,7,57,10.0,0.0,10.0,,4.517683506011963,-6.253796100616455,-6.065796852111816,,
feedback,35.109423,1786508480544,7,57,10.0,0.0,10.0,,4.198489665985107,-7.224812984466553,-5.797134876251221,,
feedback,35.118686,1786508480553,7,57,10.0,0.0,10.0,,4.110658168792725,-7.525520324707031,-5.949592113494873,,
feedback,35.126043,1786508480561,7,57,10.0,0.0,10.0,,4.186958312988281,-7.319695472717285,-5.787265300750732,,
feedback,35.134274,1786508480570,7,57,10.0,0.0,10.0,,4.094260215759277,-6.893901348114014,-5.723873138427734,,
feedback,35.142831,1786508480578,7,57,10.0,0.0,10.0,,4.1124348640441895,-6.742974281311035,-5.713078498840332,,
feedback,35.152914,1786508480587,7,57,10.0,0.0,10.0,,4.7467756271362305,-6.027431964874268,-5.800140380859375,,
feedback,35.158287,1786508480595,7,57,10.0,0.0,10.0,,4.826895236968994,-6.1477861404418945,-5.805037498474121,,
feedback,35.167154,1786508480603,7,57,10.0,0.0,10.0,,4.985933780670166,-6.0384321212768555,-5.754448413848877,,
feedback,35.175201,1786508480608,7,57,10.0,0.0,10.0,,4.926274299621582,-6.106190204620361,-5.86982536315918,,
feedback,35.183674,1786508480616,7,57,10.0,0.0,10.0,,4.9201884269714355,-6.220714092254639,-6.067632675170898,,
feedback,35.191692,1786508480625,7,57,10.0,0.0,10.0,,4.3711347579956055,-6.058417797088623,-6.055361270904541,,
feedback,35.199284,1786508480633,7,57,10.0,0.0,10.0,,4.183765888214111,-6.197423934936523,-6.075665473937988,,
feedback,35.207665,1786508480642,7,57,10.0,0.0,10.0,,4.131490230560303,-6.6907429695129395,-6.052575588226318,,
feedback,35.215444,1786508480650,7,57,10.0,0.0,10.0,,4.20339822769165,-6.927305698394775,-6.07721471786499,,
feedback,35.223776,1786508480658,7,57,10.0,0.0,10.0,,4.046494960784912,-7.371585845947266,-6.054349422454834,,
feedback,35.232695,1786508480667,7,57,10.0,0.0,10.0,,4.1504106521606445,-7.099437713623047,-6.177008628845215,,
feedback,35.240796,1786508480675,7,57,10.0,0.0,10.0,,4.500224590301514,-6.740111827850342,-6.103679180145264,,
feedback,35.249336,1786508480684,7,57,10.0,0.0,10.0,,4.652061939239502,-6.1047515869140625,-6.03751277923584,,
feedback,35.257007,1786508480692,7,57,10.0,0.0,10.0,,4.618810653686523,-6.278206825256348,-6.140149116516113,,
feedback,35.265543,1786508480701,7,57,10.0,0.0,10.0,,4.843753337860107,-6.418234825134277,-6.116375923156738,,
feedback,35.273613,1786508480709,7,57,10.0,0.0,10.0,,4.896536827087402,-6.5332441329956055,-6.027327060699463,,
feedback,35.281071,1786508480718,7,57,10.0,0.0,10.0,,4.628993034362793,-6.344708442687988,-5.878754615783691,,
feedback,35.290396,1786508480723,7,57,10.0,0.0,10.0,,4.283100128173828,-6.527179718017578,-5.603528022766113,,
feedback,35.299022,1786508480732,7,57,10.0,0.0,10.0,,4.2045087814331055,-6.114106178283691,-5.5783586502075195,,
feedback,35.306372,1786508480740,7,57,10.0,0.0,10.0,,4.140892505645752,-6.5840373039245605,-5.410593032836914,,
feedback,35.315392,1786508480749,7,57,10.0,0.0,10.0,,4.098546504974365,-6.401240825653076,-5.732473850250244,,
feedback,35.322636,1786508480757,7,57,10.0,0.0,10.0,,4.077253818511963,-6.878157138824463,-5.832490921020508,,
feedback,35.332009,1786508480766,7,57,10.0,0.0,10.0,,4.222759246826172,-7.129027843475342,-5.971155643463135,,
feedback,35.338967,1786508480774,7,57,10.0,0.0,10.0,,4.636706352233887,-6.378828525543213,-6.207589149475098,,
feedback,35.347602,1786508480782,7,57,10.0,0.0,10.0,,4.649998664855957,-5.959339141845703,-6.245567798614502,,
feedback,35.356093,1786508480791,7,57,10.0,0.0,10.0,,4.808846950531006,-5.888593673706055,-6.383511543273926,,
feedback,35.363982,1786508480799,7,57,10.0,0.0,10.0,,4.857610702514648,-6.507500171661377,-6.327906131744385,,
feedback,35.372148,1786508480808,7,57,10.0,0.0,10.0,,4.5989909172058105,-6.641107559204102,-6.0671796798706055,,
feedback,35.380398,1786508480816,7,57,10.0,0.0,10.0,,4.281723976135254,-6.910097122192383,-5.837696075439453,,
feedback,35.388260,1786508480824,7,57,10.0,0.0,10.0,,4.193789005279541,-6.937016010284424,-5.944858074188232,,
feedback,35.396546,1786508480833,7,57,10.0,0.0,10.0,,4.059408187866211,-6.6637282371521,-5.964481353759766,,
feedback,35.404826,1786508480841,7,57,10.0,0.0,10.0,,4.11575984954834,-6.470489501953125,-5.806704521179199,,
feedback,35.412763,1786508480849,7,57,10.0,0.0,10.0,,4.157617568969727,-6.424929618835449,-5.7114996910095215,,
feedback,35.421208,1786508480858,7,57,10.0,0.0,10.0,,4.264414310455322,-6.677076816558838,-5.642466068267822,,
feedback,35.429923,1786508480862,7,57,10.0,0.0,10.0,,4.431738376617432,-6.791541576385498,-5.6218438148498535,,
feedback,35.437459,1786508480871,7,57,10.0,0.0,10.0,,4.857571601867676,-6.285982131958008,-5.813745975494385,,
feedback,35.445875,1786508480879,7,57,10.0,0.0,10.0,,4.77602481842041,-5.711601734161377,-5.9998650550842285,,
feedback,35.456683,1786508480887,7,57,10.0,0.0,10.0,,4.845356464385986,-5.674313545227051,-6.1067914962768555,,
feedback,35.462758,1786508480896,7,57,10.0,0.0,10.0,,4.629889965057373,-5.848141193389893,-6.116950511932373,,
feedback,35.471228,1786508480904,7,57,10.0,0.0,10.0,,4.557259559631348,-6.834893703460693,-6.280262470245361,,
feedback,35.478728,1786508480913,7,57,10.0,0.0,10.0,,4.1643195152282715,-6.86014986038208,-6.15572452545166,,
feedback,35.487734,1786508480921,7,57,10.0,0.0,10.0,,4.182079792022705,-7.156956195831299,-6.176804542541504,,
feedback,35.495098,1786508480929,7,57,10.0,0.0,10.0,,4.018308639526367,-7.230777263641357,-6.044936656951904,,
feedback,35.502983,1786508480938,7,57,10.0,0.0,10.0,,4.201858997344971,-6.778536796569824,-5.780798435211182,,
feedback,35.511254,1786508480947,7,57,10.0,0.0,10.0,,4.125268936157227,-6.393971920013428,-6.032997131347656,,
feedback,35.521612,1786508480955,7,57,10.0,0.0,10.0,,4.1854753494262695,-6.283217430114746,-5.84646463394165,,
feedback,35.527234,1786508480964,7,57,10.0,0.0,10.0,,4.683811664581299,-6.394041538238525,-5.940381050109863,,
feedback,35.535859,1786508480972,7,57,10.0,0.0,10.0,,4.795440673828125,-6.483739376068115,-5.824430465698242,,
feedback,35.544116,1786508480980,7,57,10.0,0.0,10.0,,4.782748699188232,-5.93695068359375,-5.818729400634766,,
feedback,35.551924,1786508480985,7,57,10.0,0.0,10.0,,4.901712417602539,-5.951915740966797,-5.697970867156982,,
feedback,35.560029,1786508480993,7,57,10.0,0.0,10.0,,4.850989818572998,-5.87885856628418,-5.610668659210205,,
feedback,35.568456,1786508481002,7,57,10.0,0.0,10.0,,4.735167026519775,-5.718959331512451,-5.834698677062988,,
feedback,35.577046,1786508481010,7,57,10.0,0.0,10.0,,4.446974277496338,-6.452184677124023,-5.91172981262207,,
feedback,35.584273,1786508481018,7,57,10.0,0.0,10.0,,4.1286940574646,-6.949021339416504,-5.929488658905029,,
feedback,35.592609,1786508481027,7,57,10.0,0.0,10.0,,4.119614601135254,-7.266994953155518,-6.058496952056885,,
feedback,35.601344,1786508481035,7,57,10.0,0.0,10.0,,4.209178447723389,-7.161294937133789,-6.118139266967773,,
feedback,35.609258,1786508481044,7,57,10.0,0.0,10.0,,4.1467461585998535,-6.880417346954346,-6.107193470001221,,
feedback,35.617555,1786508481052,7,57,10.0,0.0,10.0,,4.110067844390869,-6.615210056304932,-5.964950084686279,,
feedback,35.625432,1786508481060,7,57,10.0,0.0,10.0,,4.425028324127197,-6.523364543914795,-5.931080341339111,,
feedback,35.633952,1786508481069,7,57,10.0,0.0,10.0,,4.773882865905762,-6.821557998657227,-6.115817070007324,,
feedback,35.641497,1786508481077,7,57,10.0,0.0,10.0,,4.755204677581787,-6.664974689483643,-6.152493476867676,,
feedback,35.650340,1786508481086,7,57,10.0,0.0,10.0,,4.831863880157471,-6.354303359985352,-5.994784355163574,,
feedback,35.657957,1786508481094,7,57,10.0,0.0,10.0,,4.791714668273926,-5.905095100402832,-6.052791595458984,,
feedback,35.666660,1786508481103,7,57,10.0,0.0,10.0,,4.581871032714844,-6.000985622406006,-5.920501232147217,,
feedback,35.674318,1786508481107,7,57,10.0,0.0,10.0,,4.317427158355713,-6.250545501708984,-5.645261764526367,,
feedback,35.683168,1786508481115,7,57,10.0,0.0,10.0,,4.343478679656982,-6.480236530303955,-5.416421890258789,,
feedback,35.691057,1786508481124,7,57,10.0,0.0,10.0,,4.182443618774414,-6.474170684814453,-5.853338718414307,,
feedback,35.702487,1786508481132,7,57,10.0,0.0,10.0,,4.091832637786865,-6.713988304138184,-5.9937286376953125,,
feedback,35.706791,1786508481141,7,57,10.0,0.0,10.0,,4.157864570617676,-7.0125885009765625,-6.207542419433594,,
feedback,35.714764,1786508481149,7,57,10.0,0.0,10.0,,4.075998306274414,-6.964850902557373,-6.332746505737305,,
feedback,35.723414,1786508481157,7,57,10.0,0.0,10.0,,4.076476097106934,-6.625349044799805,-6.246659755706787,,
feedback,35.731512,1786508481166,7,57,10.0,0.0,10.0,,4.386129379272461,-6.441484451293945,-6.082555770874023,,
feedback,35.740383,1786508481174,7,57,10.0,0.0,10.0,,4.7440032958984375,-6.739102363586426,-6.100197792053223,,
feedback,35.747774,1786508481183,7,57,10.0,0.0,10.0,,4.692750930786133,-6.505728244781494,-6.03668212890625,,
feedback,35.756118,1786508481191,7,57,10.0,0.0,10.0,,4.860954761505127,-6.455434799194336,-6.223127365112305,,
feedback,35.764199,1786508481199,7,57,10.0,0.0,10.0,,4.781497478485107,-6.139378547668457,-5.975959300994873,,
feedback,35.774222,1786508481208,7,57,10.0,0.0,10.0,,4.703251361846924,-5.884347438812256,-6.018170356750488,,
feedback,35.780733,1786508481216,7,57,10.0,0.0,10.0,,4.373276710510254,-6.308858871459961,-5.787665367126465,,
feedback,35.788961,1786508481225,7,57,10.0,0.0,10.0,,4.21548318862915,-6.695845127105713,-5.5757598876953125,,
feedback,35.798013,1786508481233,7,57,10.0,0.0,10.0,,4.256051063537598,-6.239607334136963,-5.573400020599365,,
feedback,35.806275,1786508481241,7,57,10.0,0.0,10.0,,4.1909661293029785,-6.975194931030273,-5.738009929656982,,
feedback,35.815341,1786508481250,7,57,10.0,0.0,10.0,,4.156312465667725,-6.840221405029297,-5.9014058113098145,,
feedback,35.821538,1786508481258,7,57,10.0,0.0,10.0,,4.04939079284668,-6.675701141357422,-5.995741367340088,,
feedback,35.830613,1786508481263,7,57,10.0,0.0,10.0,,4.076683044433594,-6.452241897583008,-6.017736911773682,,
feedback,35.838386,1786508481271,7,57,10.0,0.0,10.0,,4.479458808898926,-6.273861885070801,-6.238605499267578,,
feedback,35.846772,1786508481280,7,57,10.0,0.0,10.0,,4.618890285491943,-6.515398025512695,-6.418153762817383,,
feedback,35.854689,1786508481288,7,57,10.0,0.0,10.0,,4.650381088256836,-6.869873046875,-6.1134185791015625,,
feedback,35.863702,1786508481297,7,57,10.0,0.0,10.0,,4.894360065460205,-6.559597969055176,-6.1011576652526855,,
feedback,35.870813,1786508481305,7,57,10.0,0.0,10.0,,4.855877876281738,-6.505067825317383,-6.148606300354004,,
feedback,35.879476,1786508481314,7,57,10.0,0.0,10.0,,4.783478736877441,-6.004761219024658,-6.064029216766357,,
feedback,35.887823,1786508481322,7,57,10.0,0.0,10.0,,4.3685808181762695,-6.552329063415527,-5.8648786544799805,,
feedback,35.896176,1786508481331,7,57,10.0,0.0,10.0,,4.278351783752441,-6.589381217956543,-5.6548333168029785,,
feedback,35.904625,1786508481339,7,57,10.0,0.0,10.0,,4.236782550811768,-6.86346435546875,-5.533139705657959,,
feedback,35.912413,1786508481347,7,57,10.0,0.0,10.0,,4.221762180328369,-6.851023197174072,-5.542449474334717,,
feedback,35.923013,1786508481356,7,57,10.0,0.0,10.0,,4.198441982269287,-6.6455512046813965,-5.80164098739624,,
feedback,35.928081,1786508481364,7,57,10.0,0.0,10.0,,4.258531093597412,-6.688852310180664,-6.12773323059082,,
feedback,35.936025,1786508481373,7,57,10.0,0.0,10.0,,4.1514363288879395,-6.1252241134643555,-6.241645336151123,,
feedback,35.944363,1786508481381,7,57,10.0,0.0,10.0,,4.226940631866455,-6.161812782287598,-6.268948078155518,,
feedback,35.952377,1786508481389,7,57,10.0,0.0,10.0,,4.542619705200195,-6.2527756690979,-6.381646156311035,,
feedback,35.960868,1786508481398,7,57,10.0,0.0,10.0,,4.686199188232422,-6.37831449508667,-6.322890758514404,,
feedback,35.969099,1786508481402,7,57,10.0,0.0,10.0,,4.67431640625,-6.716186046600342,-6.183750152587891,,
feedback,35.978132,1786508481410,7,57,10.0,0.0,10.0,,4.842043876647949,-6.530656814575195,-6.082203388214111,,
feedback,35.985620,1786508481419,7,57,10.0,0.0,10.0,,4.655856609344482,-6.178458213806152,-6.2952775955200195,,
feedback,35.993406,1786508481427,7,57,10.0,0.0,10.0,,4.6841959953308105,-5.9659013748168945,-5.998163223266602,,
feedback,36.002527,1786508481436,7,57,10.0,0.0,10.0,,4.488415241241455,-6.215636730194092,-5.807841777801514,,
feedback,36.010187,1786508481444,7,57,10.0,0.0,10.0,,4.297663688659668,-7.1485724449157715,-5.589219570159912,,
feedback,36.018817,1786508481452,7,57,10.0,0.0,10.0,,4.294958591461182,-7.019286155700684,-5.589219093322754,,
feedback,36.026126,1786508481461,7,57,10.0,0.0,10.0,,4.17100191116333,-6.765904903411865,-5.631070613861084,,
feedback,36.034405,1786508481469,7,57,10.0,0.0,10.0,,4.180988311767578,-6.860354423522949,-5.939487934112549,,
feedback,36.042723,1786508481477,7,57,10.0,0.0,10.0,,4.142306327819824,-6.647918224334717,-5.80364465713501,,
feedback,36.050831,1786508481486,7,57,10.0,0.0,10.0,,4.03088903427124,-6.363148212432861,-6.088256359100342,,
feedback,36.058929,1786508481494,7,57,10.0,0.0,10.0,,4.279922008514404,-6.621973991394043,-6.258414268493652,,
feedback,36.067212,1786508481503,7,57,10.0,0.0,10.0,,4.645283222198486,-6.087562561035156,-6.237740993499756,,
feedback,36.075676,1786508481511,7,57,10.0,0.0,10.0,,4.723167419433594,-6.664474010467529,-6.080554485321045,,
feedback,36.084210,1786508481520,7,57,10.0,0.0,10.0,,4.717390060424805,-6.659708023071289,-5.875813961029053,,
feedback,36.093869,1786508481528,7,57,10.0,0.0,10.0,,4.780126571655273,-6.280147075653076,-6.16596794128418,,
feedback,36.100488,1786508481537,7,57,10.0,0.0,10.0,,4.720903396606445,-6.011763572692871,-6.089599609375,,
feedback,36.108114,1786508481541,7,57,10.0,0.0,10.0,,4.799729824066162,-6.079030990600586,-5.910214900970459,,
feedback,36.116345,1786508481549,7,57,10.0,0.0,10.0,,4.608560562133789,-6.350152969360352,-5.772258758544922,,
feedback,36.124044,1786508481558,7,57,10.0,0.0,10.0,,4.4654459953308105,-6.754449844360352,-5.627429485321045,,
feedback,36.132401,1786508481566,7,57,10.0,0.0,10.0,,4.290237903594971,-7.0162506103515625,-5.593955993652344,,
feedback,36.141407,1786508481575,7,57,10.0,0.0,10.0,,4.197319030761719,-7.1103596687316895,-5.861788749694824,,
feedback,36.149247,1786508481583,7,57,10.0,0.0,10.0,,4.127830982208252,-6.5766987800598145,-5.970751762390137,,
feedback,36.156880,1786508481592,7,57,10.0,0.0,10.0,,4.161789894104004,-6.407236099243164,-6.063633441925049,,
feedback,36.166039,1786508481600,7,57,10.0,0.0,10.0,,4.1520280838012695,-6.483458518981934,-6.026269435882568,,
feedback,36.173304,1786508481609,7,57,10.0,0.0,10.0,,4.153477191925049,-6.546252250671387,-6.129637718200684,,
feedback,36.182315,1786508481617,7,57,10.0,0.0,10.0,,4.336366176605225,-6.497832298278809,-5.902735233306885,,
feedback,36.189983,1786508481625,7,57,10.0,0.0,10.0,,4.698212623596191,-6.322229385375977,-5.92252779006958,,
feedback,36.198559,1786508481634,7,57,10.0,0.0,10.0,,4.777166366577148,-6.002301216125488,-6.134857654571533,,
feedback,36.206065,1786508481642,7,57,10.0,0.0,10.0,,4.764941692352295,-6.061822891235352,-5.975019454956055,,
feedback,36.215035,1786508481651,7,57,10.0,0.0,10.0,,4.806369781494141,-6.0738935470581055,-5.973531246185303,,
feedback,36.223066,1786508481660,7,57,10.0,0.0,10.0,,4.8308820724487305,-6.352996826171875,-6.0059494972229,,
feedback,36.231694,1786508481664,7,57,10.0,0.0,10.0,,4.820181369781494,-6.084407806396484,-5.858586311340332,,
feedback,36.239010,1786508481672,7,57,10.0,0.0,10.0,,4.53169584274292,-6.670820713043213,-5.554632186889648,,
feedback,36.247484,1786508481681,7,57,10.0,0.0,10.0,,4.411342620849609,-7.147414207458496,-5.841301918029785,,
feedback,36.256308,1786508481689,7,57,10.0,0.0,10.0,,4.17060661315918,-7.050088405609131,-6.1399736404418945,,
feedback,36.264039,1786508481697,7,57,10.0,0.0,10.0,,4.071311950683594,-6.68543815612793,-6.206939697265625,,
feedback,36.271765,1786508481706,7,57,10.0,0.0,10.0,,4.060751914978027,-6.6878437995910645,-6.254330158233643,,
feedback,36.280900,1786508481714,7,57,10.0,0.0,10.0,,4.164990425109863,-6.574801921844482,-6.060636520385742,,
feedback,36.288287,1786508481723,7,57,10.0,0.0,10.0,,4.230545997619629,-6.649260520935059,-5.930864334106445,,
feedback,36.297250,1786508481731,7,57,10.0,0.0,10.0,,4.194385051727295,-6.892049789428711,-5.942962169647217,,
feedback,36.306364,1786508481739,7,57,10.0,0.0,10.0,,4.281653881072998,-6.703974723815918,-6.18007755279541,,
feedback,36.314821,1786508481748,7,57,10.0,0.0,10.0,,4.712604522705078,-6.131530284881592,-5.806285858154297,,
feedback,36.322338,1786508481757,7,57,10.0,0.0,10.0,,4.7620038986206055,-5.988666534423828,-5.92616081237793,,
feedback,36.329959,1786508481765,7,57,10.0,0.0,10.0,,4.553857326507568,-5.981750011444092,-5.780033111572266,,
feedback,36.338375,1786508481773,7,57,10.0,0.0,10.0,,4.793311595916748,-6.453222751617432,-5.652191638946533,,
feedback,36.346454,1786508481782,7,57,10.0,0.0,10.0,,4.826197624206543,-6.331131458282471,-5.671481609344482,,
feedback,36.355077,1786508481790,7,57,10.0,0.0,10.0,,4.845446586608887,-6.672568321228027,-6.218082904815674,,
feedback,36.363911,1786508481799,7,57,10.0,0.0,10.0,,4.547130107879639,-6.632875919342041,-6.200521469116211,,
feedback,36.370591,1786508481807,7,57,10.0,0.0,10.0,,4.308820724487305,-6.833367347717285,-6.215683460235596,,
feedback,36.379017,1786508481815,7,57,10.0,0.0,10.0,,4.131929397583008,-6.5870747566223145,-6.128608226776123,,
feedback,36.388423,1786508481824,7,57,10.0,0.0,10.0,,4.0675225257873535,-6.691363334655762,-6.01666259765625,,
feedback,36.395796,1786508481832,7,57,10.0,0.0,10.0,,4.148400783538818,-6.961684703826904,-5.802453994750977,,
feedback,36.404014,1786508481836,7,57,10.0,0.0,10.0,,4.160978317260742,-7.044908046722412,-5.8480448722839355,,
feedback,36.412166,1786508481845,7,57,10.0,0.0,10.0,,4.19926643371582,-7.008245944976807,-5.977860450744629,,
feedback,36.420407,1786508481853,7,57,10.0,0.0,10.0,,4.211170196533203,-6.685207843780518,-5.838901996612549,,
feedback,36.428581,1786508481862,7,57,10.0,0.0,10.0,,4.1938066482543945,-6.5626444816589355,-6.060370922088623,,
feedback,36.435902,1786508481870,7,57,10.0,0.0,10.0,,4.29341983795166,-5.667757034301758,-5.625881195068359,,
feedback,36.444130,1786508481879,7,57,10.0,0.0,10.0,,4.762563705444336,-5.811355113983154,-5.651299476623535,,
feedback,36.452785,1786508481887,7,57,10.0,0.0,10.0,,4.693483352661133,-6.042815685272217,-6.048146724700928,,
feedback,36.460638,1786508481896,7,57,10.0,0.0,10.0,,4.6095476150512695,-6.145745277404785,-6.0381269454956055,,
feedback,36.469807,1786508481904,7,57,10.0,0.0,10.0,,4.81254768371582,-6.429069995880127,-6.037466049194336,,
feedback,36.478022,1786508481913,7,57,10.0,0.0,10.0,,4.643879413604736,-6.114151477813721,-6.167743682861328,,
feedback,36.488490,1786508481921,7,57,10.0,0.0,10.0,,4.707429885864258,-6.2899556159973145,-6.151702404022217,,
feedback,36.493664,1786508481929,7,57,10.0,0.0,10.0,,4.6166486740112305,-6.182502746582031,-6.218961715698242,,
feedback,36.502530,1786508481938,7,57,10.0,0.0,10.0,,4.5151801109313965,-6.444304943084717,-5.846673488616943,,
feedback,36.510146,1786508481946,7,57,10.0,0.0,10.0,,4.215230464935303,-6.9769182205200195,-6.01317834854126,,
feedback,36.518600,1786508481955,7,57,10.0,0.0,10.0,,4.156576156616211,-6.909394264221191,-5.967131614685059,,
feedback,36.526584,1786508481959,7,57,10.0,0.0,10.0,,4.2163987159729,-7.083111763000488,-5.947781085968018,,
feedback,36.535185,1786508481968,7,57,10.0,0.0,10.0,,4.199752330780029,-6.968046188354492,-5.817313194274902,,
feedback,36.544421,1786508481976,7,57,10.0,0.0,10.0,,4.174592971801758,-6.5010247230529785,-5.483336925506592,,
feedback,36.551549,1786508481985,7,57,10.0,0.0,10.0,,4.238622665405273,-6.415586471557617,-5.678698539733887,,
feedback,36.559477,1786508481993,7,57,10.0,0.0,10.0,,4.201604843139648,-6.576022148132324,-5.9920501708984375,,
feedback,36.567388,1786508482001,7,57,10.0,0.0,10.0,,4.194754600524902,-6.656899452209473,-5.9228515625,,
feedback,36.575106,1786508482010,7,57,10.0,0.0,10.0,,4.338928699493408,-6.585780620574951,-6.145153045654297,,
feedback,36.583421,1786508482018,7,57,10.0,0.0,10.0,,4.714252471923828,-6.446414470672607,-6.278831958770752,,
feedback,36.592314,1786508482026,7,57,10.0,0.0,10.0,,4.701920986175537,-6.433870792388916,-5.992392539978027,,
feedback,36.599953,1786508482035,7,57,10.0,0.0,10.0,,4.650848388671875,-6.202084541320801,-5.997852802276611,,
feedback,36.608166,1786508482043,7,57,10.0,0.0,10.0,,4.720179080963135,-5.899374485015869,-6.076791763305664,,
feedback,36.616671,1786508482052,7,57,10.0,0.0,10.0,,4.7919602394104,-6.430759429931641,-5.905839443206787,,
feedback,36.624379,1786508482060,7,57,10.0,0.0,10.0,,4.696295261383057,-6.6546454429626465,-5.874911308288574,,
feedback,36.632606,1786508482069,7,57,10.0,0.0,10.0,,4.7156829833984375,-7.06437873840332,-5.907047748565674,,
feedback,36.641473,1786508482077,7,57,10.0,0.0,10.0,,4.591765403747559,-6.931562423706055,-5.616203784942627,,
feedback,36.652050,1786508482085,7,57,10.0,0.0,10.0,,4.320436954498291,-6.764883995056152,-5.810295581817627,,
feedback,36.657206,1786508482094,7,57,10.0,0.0,10.0,,4.185711860656738,-6.729730129241943,-5.911544322967529,,
feedback,36.666200,1786508482102,7,57,10.0,0.0,10.0,,4.119907379150391,-6.55440616607666,-5.992425918579102,,
feedback,36.674364,1786508482111,7,57,10.0,0.0,10.0,,4.119422435760498,-6.511160373687744,-6.101883888244629,,
feedback,36.682582,1786508482115,7,57,10.0,0.0,10.0,,4.156414985656738,-6.740057468414307,-6.079497337341309,,
feedback,36.690066,1786508482123,7,57,10.0,0.0,10.0,,4.2389702796936035,-6.757566928863525,-5.935520648956299,,
feedback,36.698498,1786508482132,7,57,10.0,0.0,10.0,,4.2855305671691895,-6.751837730407715,-6.01592493057251,,
feedback,36.709045,1786508482140,7,57,10.0,0.0,10.0,,4.1264543533325195,-6.736311435699463,-6.233036518096924,,
feedback,36.714989,1786508482148,7,57,10.0,0.0,10.0,,4.22506856918335,-6.41661262512207,-6.093337059020996,,
feedback,36.723243,1786508482157,7,57,10.0,0.0,10.0,,4.278429985046387,-5.926067352294922,-5.958470821380615,,
feedback,36.731023,1786508482165,7,57,10.0,0.0,10.0,,4.649018287658691,-6.15549373626709,-5.92150354385376,,
feedback,36.739230,1786508482174,7,57,10.0,0.0,10.0,,4.774677753448486,-6.386178970336914,-5.72953462600708,,
feedback,36.748232,1786508482182,7,57,10.0,0.0,10.0,,4.666129112243652,-6.571551322937012,-5.728856563568115,,
feedback,36.756299,1786508482191,7,57,10.0,0.0,10.0,,4.826784610748291,-6.731295108795166,-6.038713455200195,,
feedback,36.764572,1786508482199,7,57,10.0,0.0,10.0,,4.697299003601074,-6.221214294433594,-6.289958477020264,,
feedback,36.772855,1786508482208,7,57,10.0,0.0,10.0,,4.705772876739502,-6.507166862487793,-6.186146259307861,,
feedback,36.780899,1786508482216,7,57,10.0,0.0,10.0,,4.832874298095703,-6.309908390045166,-6.2030816078186035,,
feedback,36.789221,1786508482224,7,57,10.0,0.0,10.0,,4.555732727050781,-6.4895219802856445,-6.241504669189453,,
feedback,36.798261,1786508482233,7,57,10.0,0.0,10.0,,4.486990451812744,-6.78352689743042,-6.078374862670898,,
feedback,36.804693,1786508482241,7,57,10.0,0.0,10.0,,4.216944694519043,-6.933837413787842,-6.091135501861572,,
feedback,36.813571,1786508482249,7,57,10.0,0.0,10.0,,4.107107162475586,-6.879610061645508,-5.943073272705078,,
feedback,36.821053,1786508482258,7,57,10.0,0.0,10.0,,4.12985897064209,-6.596882343292236,-5.920843601226807,,
feedback,36.829221,1786508482266,7,57,10.0,0.0,10.0,,4.121903419494629,-6.399928569793701,-5.49773645401001,,
feedback,36.837860,1786508482270,7,57,10.0,0.0,10.0,,4.0927228927612305,-6.167353630065918,-5.465576648712158,,
feedback,36.845949,1786508482279,7,57,10.0,0.0,10.0,,4.235800743103027,-6.531518459320068,-5.8644490242004395,,
feedback,36.854303,1786508482287,7,57,10.0,0.0,10.0,,4.178162097930908,-6.312848091125488,-6.030013561248779,,
feedback,36.862860,1786508482296,7,57,10.0,0.0,10.0,,4.225847244262695,-6.794002056121826,-6.141270637512207,,
feedback,36.870808,1786508482304,7,57,10.0,0.0,10.0,,4.332891464233398,-6.772138595581055,-6.299309253692627,,
feedback,36.880502,1786508482312,7,57,10.0,0.0,10.0,,4.439364910125732,-6.49867057800293,-6.3761749267578125,,
feedback,36.887539,1786508482321,7,57,10.0,0.0,10.0,,4.70085334777832,-6.471691131591797,-6.107712268829346,,
feedback,36.895336,1786508482329,7,57,10.0,0.0,10.0,,4.732967853546143,-6.219539165496826,-5.837066173553467,,
feedback,36.903590,1786508482338,7,57,10.0,0.0,10.0,,4.776745319366455,-6.8012590408325195,-5.919595718383789,,
feedback,36.911481,1786508482346,7,57,10.0,0.0,10.0,,4.685690402984619,-6.726924419403076,-5.835085391998291,,
feedback,36.919647,1786508482354,7,57,10.0,0.0,10.0,,4.8187642097473145,-6.642418384552002,-5.736077785491943,,
feedback,36.927302,1786508482363,7,57,10.0,0.0,10.0,,4.775696277618408,-6.645761966705322,-5.522732734680176,,
feedback,36.935343,1786508482371,7,57,10.0,0.0,10.0,,4.673556327819824,-6.114199161529541,-5.8253936767578125,,
feedback,36.943646,1786508482380,7,57,10.0,0.0,10.0,,4.542397975921631,-6.123238563537598,-6.118036270141602,,
feedback,36.952817,1786508482388,7,57,10.0,0.0,10.0,,4.359009265899658,-6.370937824249268,-5.948112487792969,,
feedback,36.960130,1786508482397,7,57,10.0,0.0,10.0,,4.176028728485107,-6.494485378265381,-6.156985759735107,,
feedback,36.968143,1786508482405,7,57,10.0,0.0,10.0,,4.151997089385986,-6.633768081665039,-6.1717705726623535,,
feedback,36.976130,1786508482413,7,57,10.0,0.0,10.0,,4.172766208648682,-6.7892374992370605,-6.029898166656494,,
feedback,36.985944,1786508482418,7,57,10.0,0.0,10.0,,4.201979160308838,-6.815044403076172,-5.822275161743164,,
feedback,36.992546,1786508482426,7,57,10.0,0.0,10.0,,4.233353137969971,-6.835691452026367,-6.1826090812683105,,
feedback,37.001680,1786508482435,7,57,10.0,0.0,10.0,,4.179548740386963,-6.6098432540893555,-5.85945987701416,,
feedback,37.009104,1786508482443,7,57,10.0,0.0,10.0,,4.259479522705078,-6.505190849304199,-5.884762763977051,,
feedback,37.018166,1786508482452,7,57,10.0,0.0,10.0,,4.286144733428955,-6.873232841491699,-5.584367752075195,,
feedback,37.025825,1786508482460,7,57,10.0,0.0,10.0,,4.245820999145508,-6.9511027336120605,-5.489416599273682,,
feedback,37.034039,1786508482468,7,57,10.0,0.0,10.0,,4.295008659362793,-6.894282817840576,-5.911792278289795,,
feedback,37.042266,1786508482477,7,57,10.0,0.0,10.0,,4.415246963500977,-7.117150783538818,-6.121701717376709,,
feedback,37.050390,1786508482485,7,57,10.0,0.0,10.0,,4.714392185211182,-6.5161213874816895,-6.315794467926025,,
feedback,37.059226,1786508482494,7,57,10.0,0.0,10.0,,4.671955108642578,-6.133652687072754,-6.276719570159912,,
feedback,37.067137,1786508482502,7,57,10.0,0.0,10.0,,4.660323619842529,-6.264772415161133,-6.257707595825195,,
feedback,37.075669,1786508482510,7,57,10.0,0.0,10.0,,4.687630653381348,-6.472622871398926,-5.845211505889893,,
feedback,37.084185,1786508482519,7,57,10.0,0.0,10.0,,4.7720818519592285,-6.4406633377075195,-5.731415748596191,,
feedback,37.091575,1786508482527,7,57,10.0,0.0,10.0,,4.747732162475586,-6.572469711303711,-5.794577121734619,,
feedback,37.099552,1786508482536,7,57,10.0,0.0,10.0,,4.687124729156494,-6.328690528869629,-5.899248123168945,,
feedback,37.107778,1786508482544,7,57,10.0,0.0,10.0,,4.563546657562256,-5.948930740356445,-5.921463966369629,,
feedback,37.117080,1786508482552,7,57,10.0,0.0,10.0,,4.546320915222168,-5.993829250335693,-5.62841796875,,
feedback,37.124394,1786508482561,7,57,10.0,0.0,10.0,,4.421457290649414,-5.813497543334961,-5.973675727844238,,
feedback,37.132913,1786508482569,7,57,10.0,0.0,10.0,,4.3283538818359375,-6.3627610206604,-6.009832382202148,,
feedback,37.141037,1786508482578,7,57,10.0,0.0,10.0,,4.277243614196777,-6.6679158210754395,-6.018985271453857,,
feedback,37.149154,1786508482582,7,57,10.0,0.0,10.0,,4.117712020874023,-6.86326265335083,-6.242990970611572,,
feedback,37.156835,1786508482590,7,57,10.0,0.0,10.0,,4.067196846008301,-7.071660041809082,-6.156487464904785,,
feedback,37.165423,1786508482599,7,57,10.0,0.0,10.0,,4.208563804626465,-6.812957286834717,-5.8552327156066895,,
feedback,37.174234,1786508482607,7,57,10.0,0.0,10.0,,4.166116714477539,-6.6736226081848145,-5.974885940551758,,
feedback,37.182280,1786508482616,7,57,10.0,0.0,10.0,,4.3448166847229,-6.793156147003174,-5.956727981567383,,
feedback,37.190190,1786508482624,7,57,10.0,0.0,10.0,,4.294297695159912,-6.688817501068115,-6.007678985595703,,
feedback,37.198486,1786508482633,7,57,10.0,0.0,10.0,,4.273575305938721,-6.764331340789795,-5.804617881774902,,
feedback,37.210441,1786508482641,7,57,10.0,0.0,10.0,,4.310117721557617,-7.069216251373291,-5.807367324829102,,
feedback,37.214317,1786508482649,7,57,10.0,0.0,10.0,,4.343770980834961,-6.855728626251221,-5.706611633300781,,
feedback,37.223472,1786508482658,7,57,10.0,0.0,10.0,,4.37028169631958,-6.5602641105651855,-6.100220203399658,,
feedback,37.231322,1786508482666,7,57,10.0,0.0,10.0,,4.708346843719482,-6.1961588859558105,-6.13332462310791,,
feedback,37.239556,1786508482675,7,57,10.0,0.0,10.0,,4.682106018066406,-5.94033145904541,-6.140451431274414,,
feedback,37.247191,1786508482683,7,57,10.0,0.0,10.0,,4.633675575256348,-6.093350887298584,-6.01344633102417,,
feedback,37.255972,1786508482692,7,57,10.0,0.0,10.0,,4.626020908355713,-6.449455261230469,-6.0098772048950195,,
feedback,37.263823,1786508482700,7,57,10.0,0.0,10.0,,4.7678680419921875,-6.240034103393555,-6.1265130043029785,,
feedback,37.272228,1786508482709,7,57,10.0,0.0,10.0,,4.790055751800537,-6.3301873207092285,-5.751058101654053,,
feedback,37.280885,1786508482717,7,57,10.0,0.0,10.0,,4.6974382400512695,-6.299951553344727,-5.961052894592285,,
feedback,37.288568,1786508482721,7,57,10.0,0.0,10.0,,4.613559246063232,-5.93589973449707,-5.959578514099121,,
feedback,37.297521,1786508482730,7,57,10.0,0.0,10.0,,4.631845951080322,-6.146295070648193,-5.735795497894287,,
feedback,37.305086,1786508482738,7,57,10.0,0.0,10.0,,4.66432523727417,-6.372395992279053,-5.676558971405029,,
feedback,37.313622,1786508482747,7,57,10.0,0.0,10.0,,4.473693370819092,-6.841831207275391,-5.840738296508789,,
feedback,37.320917,1786508482755,7,57,10.0,0.0,10.0,,4.486052513122559,-7.061722278594971,-6.029359340667725,,
feedback,37.329121,1786508482764,7,57,10.0,0.0,10.0,,4.298889636993408,-6.994983673095703,-6.139740943908691,,
feedback,37.338244,1786508482772,7,57,10.0,0.0,10.0,,4.091418266296387,-6.946537017822266,-6.100142002105713,,
feedback,37.345989,1786508482781,7,57,10.0,0.0,10.0,,4.059542179107666,-6.7819108963012695,-5.966483116149902,,
feedback,37.354303,1786508482789,7,57,10.0,0.0,10.0,,4.168936729431152,-6.520071029663086,-5.965846061706543,,
feedback,37.363179,1786508482798,7,57,10.0,0.0,10.0,,4.12611722946167,-6.28076696395874,-5.914606094360352,,
feedback,37.370861,1786508482806,7,57,10.0,0.0,10.0,,4.388429641723633,-6.830387592315674,-5.972263336181641,,
feedback,37.381154,1786508482815,7,57,10.0,0.0,10.0,,4.3217549324035645,-6.565590858459473,-5.667239189147949,,
feedback,37.388195,1786508482824,7,57,10.0,0.0,10.0,,4.285418510437012,-6.620051383972168,-5.541531085968018,,
feedback,37.395895,1786508482832,7,57,10.0,0.0,10.0,,4.2540669441223145,-6.697460174560547,-5.800510883331299,,
feedback,37.404267,1786508482840,7,57,10.0,0.0,10.0,,4.321710109710693,-6.54063081741333,-6.0205488204956055,,
feedback,37.412521,1786508482849,7,57,10.0,0.0,10.0,,4.387091159820557,-6.271594524383545,-6.129998207092285,,
feedback,37.420735,1786508482857,7,57,10.0,0.0,10.0,,4.505530834197998,-6.489320755004883,-6.184891700744629,,
feedback,37.429198,1786508482861,7,57,10.0,0.0,10.0,,4.742360591888428,-6.414569854736328,-6.253608703613281,,
feedback,37.436954,1786508482870,7,57,10.0,0.0,10.0,,4.7440948486328125,-6.563120365142822,-6.1217360496521,,
feedback,37.445097,1786508482878,7,57,10.0,0.0,10.0,,4.828061103820801,-6.714383602142334,-6.307304382324219,,
feedback,37.452973,1786508482887,7,57,10.0,0.0,10.0,,4.656684875488281,-6.626057147979736,-5.847751617431641,,
feedback,37.461315,1786508482895,7,57,10.0,0.0,10.0,,4.7012786865234375,-6.556704998016357,-5.820865154266357,,
feedback,37.470072,1786508482904,7,57,10.0,0.0,10.0,,4.680798530578613,-6.224895000457764,-5.65756893157959,,
feedback,37.477983,1786508482912,7,57,10.0,0.0,10.0,,4.673760414123535,-6.264780521392822,-5.585508823394775,,
feedback,37.486388,1786508482920,7,57,10.0,0.0,10.0,,4.653944969177246,-6.781774997711182,-5.799310684204102,,
feedback,37.493852,1786508482929,7,57,10.0,0.0,10.0,,4.589321613311768,-6.71657657623291,-6.066183567047119,,
feedback,37.502152,1786508482937,7,57,10.0,0.0,10.0,,4.567680358886719,-6.812957286834717,-6.37362813949585,,
feedback,37.510325,1786508482946,7,57,10.0,0.0,10.0,,4.578308582305908,-6.5238871574401855,-6.229836940765381,,
feedback,37.518799,1786508482954,7,57,10.0,0.0,10.0,,4.4456000328063965,-6.301936626434326,-6.107855319976807,,
feedback,37.526861,1786508482962,7,57,10.0,0.0,10.0,,4.21321964263916,-5.6874284744262695,-5.994033336639404,,
feedback,37.535537,1786508482971,7,57,10.0,0.0,10.0,,4.234719753265381,-6.329216957092285,-5.96075963973999,,
feedback,37.544010,1786508482979,7,57,10.0,0.0,10.0,,4.17020845413208,-6.482346534729004,-6.031342506408691,,
feedback,37.551098,1786508482988,7,57,10.0,0.0,10.0,,4.132746696472168,-6.595373153686523,-5.8112921714782715,,
feedback,37.559314,1786508482996,7,57,10.0,0.0,10.0,,4.205093860626221,-6.754922866821289,-5.750202178955078,,
feedback,37.568451,1786508483004,7,57,10.0,0.0,10.0,,4.241839408874512,-6.7128520011901855,-5.861433982849121,,
feedback,37.576356,1786508483013,7,57,10.0,0.0,10.0,,4.230406761169434,-6.630497932434082,-5.961763381958008,,
feedback,37.584102,1786508483017,7,57,10.0,0.0,10.0,,4.251887321472168,-6.606306552886963,-5.917485237121582,,
feedback,37.592201,1786508483025,7,57,10.0,0.0,10.0,,4.305034637451172,-6.38175106048584,-6.246007919311523,,
feedback,37.600606,1786508483034,7,57,10.0,0.0,10.0,,4.337306976318359,-6.672025203704834,-6.058079242706299,,
feedback,37.612149,1786508483042,7,57,10.0,0.0,10.0,,4.3836188316345215,-7.115131378173828,-5.98585844039917,,
feedback,37.616632,1786508483051,7,57,10.0,0.0,10.0,,4.279860019683838,-6.8763747215271,-6.124674320220947,,
feedback,37.625106,1786508483059,7,57,10.0,0.0,10.0,,4.425896167755127,-7.002621650695801,-6.126594543457031,,
feedback,37.633741,1786508483068,7,57,10.0,0.0,10.0,,4.4207305908203125,-6.653499603271484,-5.810766696929932,,
feedback,37.641509,1786508483076,7,57,10.0,0.0,10.0,,4.386849403381348,-6.337143421173096,-5.971802711486816,,
feedback,37.650196,1786508483084,7,57,10.0,0.0,10.0,,4.648599147796631,-6.323915958404541,-5.77040433883667,,
feedback,37.658336,1786508483093,7,57,10.0,0.0,10.0,,4.663807392120361,-6.236942291259766,-5.579265117645264,,
feedback,37.669793,1786508483101,7,57,10.0,0.0,10.0,,4.666388034820557,-6.461086273193359,-6.06028938293457,,
feedback,37.674039,1786508483110,7,57,10.0,0.0,10.0,,4.648370265960693,-6.263279438018799,-6.21442985534668,,
feedback,37.682773,1786508483118,7,57,10.0,0.0,10.0,,4.648087978363037,-6.4009881019592285,-6.087465763092041,,
feedback,37.690994,1786508483127,7,57,10.0,0.0,10.0,,4.641274452209473,-6.048295497894287,-6.018631458282471,,
feedback,37.699048,1786508483135,7,57,10.0,0.0,10.0,,4.620255947113037,-6.197303771972656,-5.7988104820251465,,
feedback,37.706737,1786508483144,7,57,10.0,0.0,10.0,,4.572959899902344,-6.147050857543945,-5.833432197570801,,
feedback,37.715657,1786508483152,7,57,10.0,0.0,10.0,,4.5817952156066895,-6.332108020782471,-5.85226583480835,,
feedback,37.723186,1786508483156,7,57,10.0,0.0,10.0,,4.652472019195557,-6.838479518890381,-5.925148010253906,,
feedback,37.732013,1786508483164,7,57,10.0,0.0,10.0,,4.6384406089782715,-6.8634724617004395,-5.883581161499023,,
feedback,37.740346,1786508483173,7,57,10.0,0.0,10.0,,4.579700469970703,-6.734855651855469,-5.65620756149292,,
feedback,37.748313,1786508483181,7,57,10.0,0.0,10.0,,4.4824934005737305,-6.752472400665283,-5.73757791519165,,
feedback,37.755693,1786508483190,7,57,10.0,0.0,10.0,,4.380540370941162,-6.746203899383545,-6.012641429901123,,
feedback,37.764617,1786508483198,7,57,10.0,0.0,10.0,,4.447741985321045,-6.377073287963867,-6.177855968475342,,
feedback,37.772192,1786508483207,7,57,10.0,0.0,10.0,,4.271285533905029,-6.473814964294434,-6.170696258544922,,
feedback,37.780263,1786508483215,7,57,10.0,0.0,10.0,,4.261362075805664,-6.759237289428711,-6.0003557205200195,,
feedback,37.788881,1786508483223,7,57,10.0,0.0,10.0,,4.188149452209473,-7.108424663543701,-6.208065986633301,,
feedback,37.797087,1786508483232,7,57,10.0,0.0,10.0,,4.238601207733154,-6.617049694061279,-6.1736602783203125,,
feedback,37.805444,1786508483240,7,57,10.0,0.0,10.0,,4.209898471832275,-6.648018836975098,-5.933889865875244,,
feedback,37.814010,1786508483249,7,57,10.0,0.0,10.0,,4.193732738494873,-6.408475399017334,-5.894575595855713,,
feedback,37.821679,1786508483257,7,57,10.0,0.0,10.0,,4.1068243980407715,-5.864758014678955,-5.533453941345215,,
feedback,37.829754,1786508483265,7,57,10.0,0.0,10.0,,4.07053279876709,-6.096848011016846,-5.400637149810791,,
feedback,37.837285,1786508483274,7,57,10.0,0.0,10.0,,4.0519795417785645,-5.830316543579102,-5.671388149261475,,
feedback,37.845943,1786508483282,7,57,10.0,0.0,10.0,,3.9831509590148926,-6.089369297027588,-5.714210033416748,,
feedback,37.854662,1786508483291,7,57,10.0,0.0,10.0,,3.9256410598754883,-6.083543300628662,-5.529921054840088,,
feedback,37.862030,1786508483299,7,57,10.0,0.0,10.0,,3.8112335205078125,-5.773458480834961,-5.47224235534668,,
feedback,37.870231,1786508483307,7,57,10.0,0.0,10.0,,3.6576693058013916,-5.5697126388549805,-5.137478828430176,,
feedback,37.878472,1786508483312,7,57,10.0,0.0,10.0,,3.637373685836792,-5.533918857574463,-4.841198444366455,,
feedback,37.887590,1786508483320,7,57,10.0,0.0,10.0,,3.53515625,-5.088927745819092,-4.952949047088623,,
feedback,37.894596,1786508483329,7,57,10.0,0.0,10.0,,3.408963680267334,-4.844870567321777,-4.573777198791504,,
feedback,37.903474,1786508483337,7,57,10.0,0.0,10.0,,3.1503851413726807,-4.7198567390441895,-4.313751697540283,,
feedback,37.911531,1786508483345,7,57,10.0,0.0,10.0,,3.1407952308654785,-4.445155620574951,-4.052435874938965,,
feedback,37.919751,1786508483354,7,57,10.0,0.0,10.0,,3.172856092453003,-4.142226696014404,-3.786506414413452,,
feedback,37.928651,1786508483362,7,57,10.0,0.0,10.0,,2.9644689559936523,-4.1101975440979,-3.5033087730407715,,
feedback,37.936583,1786508483371,7,57,10.0,0.0,10.0,,2.75647234916687,-3.7905988693237305,-3.5533738136291504,,
feedback,37.944482,1786508483379,7,57,10.0,0.0,10.0,,2.6752097606658936,-3.6641032695770264,-3.641875982284546,,
feedback,37.952402,1786508483388,7,57,10.0,0.0,10.0,,2.474628210067749,-3.49086856842041,-3.5971598625183105,,
feedback,37.960659,1786508483396,7,57,10.0,0.0,10.0,,2.3458945751190186,-3.0468549728393555,-3.59470796585083,,
feedback,37.968609,1786508483405,7,57,10.0,0.0,10.0,,2.0801894664764404,-2.6128909587860107,-3.4704480171203613,,
feedback,37.976621,1786508483413,7,57,10.0,0.0,10.0,,1.959738850593567,-2.474156618118286,-3.4464571475982666,,
feedback,37.984790,1786508483421,7,57,10.0,0.0,10.0,,1.8110004663467407,-2.4425511360168457,-3.414351224899292,,
feedback,37.993134,1786508483430,7,57,10.0,0.0,10.0,,1.9781341552734375,-2.5954651832580566,-3.647523880004883,,
feedback,38.003715,1786508483438,7,57,10.0,0.0,10.0,,2.0927438735961914,-2.6968348026275635,-3.5675697326660156,,
feedback,38.009546,1786508483443,7,57,10.0,0.0,10.0,,2.176755666732788,-2.903635263442993,-3.7273824214935303,,
feedback,38.017692,1786508483451,7,57,10.0,0.0,10.0,,2.341458320617676,-3.0619778633117676,-4.043495178222656,,
feedback,38.026132,1786508483460,7,57,10.0,0.0,10.0,,2.4188692569732666,-3.2376983165740967,-4.259646415710449,,
feedback,38.034202,1786508483468,7,57,10.0,0.0,10.0,,2.5044949054718018,-3.291165828704834,-4.395944595336914,,
feedback,38.042488,1786508483477,7,57,10.0,0.0,10.0,,2.564504861831665,-3.467427968978882,-4.509618282318115,,
feedback,38.051410,1786508483485,7,57,10.0,0.0,10.0,,2.599424362182617,-3.313636302947998,-4.633004665374756,,
feedback,38.062156,1786508483493,7,57,10.0,0.0,10.0,,2.5623958110809326,-3.5224623680114746,-4.495500087738037,,
feedback,38.066653,1786508483502,7,57,10.0,0.0,10.0,,2.4629056453704834,-3.3656935691833496,-4.337606430053711,,
feedback,38.074852,1786508483510,7,57,10.0,0.0,10.0,,2.494253635406494,-3.282198905944824,-4.6976447105407715,,
feedback,38.084917,1786508483519,7,57,10.0,0.0,10.0,,2.417449951171875,-3.133535623550415,-4.772465229034424,,
feedback,38.091400,1786508483527,7,57,10.0,0.0,10.0,,2.3778059482574463,-3.3425416946411133,-4.878125190734863,,
feedback,38.099645,1786508483535,7,57,10.0,0.0,10.0,,2.435281991958618,-3.185077428817749,-4.7917070388793945,,
feedback,38.108085,1786508483544,7,57,10.0,0.0,10.0,,2.394479274749756,-3.0833358764648438,-4.559319019317627,,
feedback,38.118382,1786508483552,7,57,10.0,0.0,10.0,,2.3265981674194336,-2.955939531326294,-4.211215972900391,,
feedback,38.124137,1786508483560,7,57,10.0,0.0,10.0,,2.151686429977417,-2.862197160720825,-3.959998369216919,,
feedback,38.132766,1786508483569,7,57,10.0,0.0,10.0,,2.082049608230591,-2.901747226715088,-4.07185173034668,,
feedback,38.141113,1786508483577,7,57,10.0,0.0,10.0,,1.937645435333252,-2.749476194381714,-4.043008804321289,,
feedback,38.149207,1786508483586,7,57,10.0,0.0,10.0,,1.8154442310333252,-2.5772860050201416,-3.8394484519958496,,
feedback,38.157717,1786508483590,7,57,10.0,0.0,10.0,,1.7347110509872437,-2.507169008255005,-3.743942975997925,,
feedback,38.165820,1786508483598,7,57,10.0,0.0,10.0,,1.6370879411697388,-2.309847354888916,-3.6132543087005615,,
feedback,38.173237,1786508483607,7,57,10.0,0.0,10.0,,1.4184640645980835,-1.9980101585388184,-3.1828835010528564,,
feedback,38.181673,1786508483615,7,57,10.0,0.0,10.0,,1.1759554147720337,-1.655197024345398,-2.657827615737915,,
feedback,38.190108,1786508483624,7,57,10.0,0.0,10.0,,1.1345285177230835,-1.631804347038269,-2.662045955657959,,
feedback,38.198006,1786508483632,7,57,10.0,0.0,10.0,,1.2155487537384033,-1.6460496187210083,-3.1445021629333496,,
feedback,38.205867,1786508483640,7,57,10.0,0.0,10.0,,1.3095148801803589,-1.6630157232284546,-3.5009098052978516,,
feedback,38.214881,1786508483649,7,57,10.0,0.0,10.0,,1.3449103832244873,-1.7564260959625244,-3.91437029838562,,
feedback,38.222758,1786508483657,7,57,10.0,0.0,10.0,,1.4171968698501587,-1.7121378183364868,-4.126827239990234,,
feedback,38.230656,1786508483666,7,57,10.0,0.0,10.0,,1.5015568733215332,-1.721538782119751,-4.3665266036987305,,
feedback,38.239733,1786508483674,7,57,10.0,0.0,10.0,,1.5117636919021606,-1.7056958675384521,-4.49720573425293,,
feedback,38.246867,1786508483683,7,57,10.0,0.0,10.0,,1.5368543863296509,-1.6806581020355225,-4.742225646972656,,
feedback,38.255112,1786508483691,7,57,10.0,0.0,10.0,,1.5495959520339966,-1.6785869598388672,-4.864776134490967,,
feedback,38.263697,1786508483699,7,57,10.0,0.0,10.0,,1.501653790473938,-1.69027578830719,-4.86549186706543,,
feedback,38.272040,1786508483708,7,57,10.0,0.0,10.0,,1.5860018730163574,-1.677281141281128,-4.8341193199157715,,
feedback,38.279243,1786508483716,7,57,10.0,0.0,10.0,,1.588028073310852,-1.647320032119751,-4.74248743057251,,
feedback,38.288213,1786508483725,7,57,10.0,0.0,10.0,,1.5611495971679688,-1.6190108060836792,-4.834630012512207,,
feedback,38.296262,1786508483733,7,57,10.0,0.0,10.0,,1.5209730863571167,-1.6922557353973389,-4.73819637298584,,
feedback,38.304565,1786508483737,7,57,10.0,0.0,10.0,,1.5340577363967896,-1.6651790142059326,-4.631834506988525,,
feedback,38.312837,1786508483746,7,57,10.0,0.0,10.0,,1.4356809854507446,-1.7618772983551025,-4.348447799682617,,
feedback,38.321721,1786508483754,7,57,10.0,0.0,10.0,,1.4655892848968506,-1.614395022392273,-4.243873596191406,,
feedback,38.331069,1786508483763,7,57,10.0,0.0,10.0,,1.457587718963623,-1.5366133451461792,-4.429490089416504,,
feedback,38.337401,1786508483771,7,57,10.0,0.0,10.0,,1.382046103477478,-1.5782994031906128,-4.246699333190918,,
feedback,38.345310,1786508483779,7,57,10.0,0.0,10.0,,1.3236737251281738,-1.363794207572937,-3.9440746307373047,,
feedback,38.353838,1786508483788,7,57,10.0,0.0,10.0,,1.1894173622131348,-1.3448503017425537,-3.8975446224212646,,
feedback,38.362649,1786508483797,7,57,10.0,0.0,10.0,,1.03950035572052,-1.2797391414642334,-3.7417149543762207,,
feedback,38.371184,1786508483805,7,57,10.0,0.0,10.0,,0.9584382176399231,-1.105064034461975,-3.595183849334717,,
feedback,38.378617,1786508483814,7,57,10.0,0.0,10.0,,0.898271381855011,-0.8608835935592651,-3.2988550662994385,,
feedback,38.386684,1786508483822,7,57,10.0,0.0,10.0,,0.7963994145393372,-0.6759114861488342,-3.0505998134613037,,
feedback,38.395042,1786508483831,7,57,10.0,0.0,10.0,,0.7125144600868225,-0.5023233294487,-2.710733652114868,,
feedback,38.404067,1786508483839,7,57,10.0,0.0,10.0,,0.6655265688896179,-0.4429343044757843,-2.528143882751465,,
feedback,38.412282,1786508483848,7,57,10.0,0.0,10.0,,0.5475928783416748,-0.4598405361175537,-2.5370049476623535,,
feedback,38.419985,1786508483856,7,57,10.0,0.0,10.0,,0.6080374717712402,-0.4086413085460663,-2.667158365249634,,
feedback,38.428732,1786508483864,7,57,10.0,0.0,10.0,,0.6237058043479919,-0.34183910489082336,-3.0593514442443848,,
feedback,38.439902,1786508483873,7,57,10.0,0.0,10.0,,0.6232733726501465,-0.3084329664707184,-3.17059063911438,,
feedback,38.443905,1786508483877,7,57,10.0,0.0,10.0,,0.6760402917861938,-0.27394387125968933,-3.3443756103515625,,
feedback,38.452499,1786508483885,7,57,10.0,0.0,10.0,,0.6781262755393982,-0.28679049015045166,-3.4418203830718994,,
feedback,38.461384,1786508483894,7,57,10.0,0.0,10.0,,0.7025797367095947,-0.2063460648059845,-3.5203657150268555,,
feedback,38.469497,1786508483902,7,57,10.0,0.0,10.0,,0.6723799705505371,-0.2617191970348358,-3.4148619174957275,,
feedback,38.476679,1786508483911,7,57,10.0,0.0,10.0,,0.7406260967254639,-0.2502015233039856,-3.91703462600708,,
feedback,38.485794,1786508483919,7,57,10.0,0.0,10.0,,0.7755109667778015,-0.2592005729675293,-4.273637771606445,,
feedback,38.497555,1786508483928,7,57,10.0,0.0,10.0,,0.8485777974128723,-0.23781564831733704,-4.514012336730957,,
feedback,38.501978,1786508483936,7,57,10.0,0.0,10.0,,0.8814795017242432,-0.2659107744693756,-4.801863670349121,,
feedback,38.509964,1786508483944,7,57,10.0,0.0,10.0,,0.8955790996551514,-0.2812683880329132,-4.932438850402832,,
feedback,38.519672,1786508483953,7,57,10.0,0.0,10.0,,0.9310528635978699,-0.2698209583759308,-5.170719146728516,,
feedback,38.526713,1786508483961,7,57,10.0,0.0,10.0,,0.9006885886192322,-0.31800270080566406,-4.872899532318115,,
feedback,38.534904,1786508483969,7,57,10.0,0.0,10.0,,0.8335548043251038,-0.1721227914094925,-4.490206241607666,,
feedback,38.543364,1786508483978,7,57,10.0,0.0,10.0,,0.7860914468765259,-0.2364339530467987,-4.572687149047852,,
feedback,38.552148,1786508483986,7,57,10.0,0.0,10.0,,0.7535604238510132,-0.26872238516807556,-4.319384574890137,,
feedback,38.559196,1786508483995,7,57,10.0,0.0,10.0,,0.6601203680038452,-0.2752043902873993,-3.8183753490448,,
feedback,38.567889,1786508484003,7,57,10.0,0.0,10.0,,0.5716087222099304,-0.3139835596084595,-3.581001043319702,,
feedback,38.576207,1786508484012,7,57,10.0,0.0,10.0,,0.5344574451446533,-0.3613649606704712,-3.46860408782959,,
feedback,38.584219,1786508484020,7,57,10.0,0.0,10.0,,0.5371243953704834,-0.26396745443344116,-3.4110219478607178,,
feedback,38.592570,1786508484029,7,57,10.0,0.0,10.0,,0.5488142967224121,-0.2208695411682129,-3.6724300384521484,,
feedback,38.601077,1786508484037,7,57,10.0,0.0,10.0,,0.5522758364677429,-0.068537138402462,-3.8836991786956787,,
feedback,38.612908,1786508484046,7,57,10.0,0.0,10.0,,0.5282512307167053,0.042019180953502655,-3.6757755279541016,,
feedback,38.616430,1786508484050,7,57,10.0,0.0,10.0,,0.5038589239120483,0.053682416677474976,-3.5257463455200195,,
feedback,38.625261,1786508484058,7,57,10.0,0.0,10.0,,0.4405269920825958,0.1501135677099228,-3.3854761123657227,,
feedback,38.633117,1786508484067,7,57,10.0,0.0,10.0,,0.37538567185401917,0.08082450181245804,-3.006528377532959,,
feedback,38.641274,1786508484075,7,57,10.0,0.0,10.0,,0.3326716721057892,0.05138865485787392,-2.881007432937622,,
feedback,38.649934,1786508484083,7,57,10.0,0.0,10.0,,0.3202744424343109,0.05535206198692322,-2.993412494659424,,
feedback,38.657797,1786508484092,7,57,10.0,0.0,10.0,,0.30060139298439026,0.09489372372627258,-2.9955687522888184,,
feedback,38.665918,1786508484100,7,57,10.0,0.0,10.0,,0.24891193211078644,0.29917803406715393,-3.0605528354644775,,
feedback,38.673528,1786508484109,7,57,10.0,0.0,10.0,,0.2661524713039398,0.5496081709861755,-3.1503474712371826,,
feedback,38.681899,1786508484117,7,57,10.0,0.0,10.0,,0.21934418380260468,0.6464800238609314,-3.584179401397705,,
feedback,38.691593,1786508484126,7,57,10.0,0.0,10.0,,0.1536090075969696,0.8785207271575928,-3.91330885887146,,
feedback,38.698708,1786508484134,7,57,10.0,0.0,10.0,,0.08626586943864822,1.0877236127853394,-4.208895683288574,,
feedback,38.707200,1786508484143,7,57,10.0,0.0,10.0,,0.09000906348228455,1.194709062576294,-4.4627251625061035,,
feedback,38.718092,1786508484151,7,57,10.0,0.0,10.0,,0.16265013813972473,1.3507800102233887,-4.790328502655029,,
feedback,38.723320,1786508484160,7,57,10.0,0.0,10.0,,0.06695879995822906,1.3219645023345947,-4.845577716827393,,
feedback,38.731556,1786508484168,7,57,10.0,0.0,10.0,,0.17352981865406036,1.421748399734497,-4.912764072418213,,
feedback,38.740044,1786508484176,7,57,10.0,0.0,10.0,,0.21961452066898346,1.3799958229064941,-5.205931186676025,,
feedback,38.747966,1786508484181,7,57,10.0,0.0,10.0,,0.1907365620136261,1.349560260772705,-5.293192386627197,,
feedback,38.755691,1786508484189,7,57,10.0,0.0,10.0,,0.2236180156469345,1.2813587188720703,-5.38067102432251,,
feedback,38.764030,1786508484197,7,57,10.0,0.0,10.0,,0.175033301115036,1.1982150077819824,-5.5539655685424805,,
feedback,38.776208,1786508484206,7,57,10.0,0.0,10.0,,0.1326003521680832,1.2374944686889648,-5.496605396270752,,
feedback,38.779987,1786508484214,7,57,10.0,0.0,10.0,,0.1473035365343094,1.1926329135894775,-5.254085540771484,,
feedback,38.788759,1786508484223,7,57,10.0,0.0,10.0,,0.09581074863672256,1.269806146621704,-5.139283180236816,,
feedback,38.796830,1786508484231,7,57,10.0,0.0,10.0,,0.053973764181137085,1.3143279552459717,-5.3156867027282715,,
feedback,38.805316,1786508484240,7,57,10.0,0.0,10.0,,-0.017062613740563393,1.33208167552948,-5.207617282867432,,
feedback,38.813579,1786508484248,7,57,10.0,0.0,10.0,,-0.046550508588552475,1.3641043901443481,-5.057579040527344,,
feedback,38.821553,1786508484257,7,57,10.0,0.0,10.0,,-0.05446309223771095,1.3185557126998901,-4.781318664550781,,
feedback,38.830247,1786508484265,7,57,10.0,0.0,10.0,,-0.12698303163051605,1.3005191087722778,-4.188314437866211,,
feedback,38.837947,1786508484273,7,57,10.0,0.0,10.0,,-0.18335965275764465,1.2254538536071777,-3.9408535957336426,,
feedback,38.845834,1786508484282,7,57,10.0,0.0,10.0,,-0.15252967178821564,1.2464219331741333,-3.818385362625122,,
feedback,38.854679,1786508484290,7,57,10.0,0.0,10.0,,-0.14285407960414886,1.2824817895889282,-3.7249999046325684,,
feedback,38.862506,1786508484299,7,57,10.0,0.0,10.0,,-0.2183230072259903,1.3910843133926392,-3.5644896030426025,,
feedback,38.871060,1786508484307,7,57,10.0,0.0,10.0,,-0.2883276343345642,1.4822884798049927,-3.8063864707946777,,
feedback,38.879210,1786508484316,7,57,10.0,0.0,10.0,,-0.2839106619358063,1.7439113855361938,-4.118330955505371,,
feedback,38.889080,1786508484320,7,57,10.0,0.0,10.0,,-0.3829544484615326,1.7488502264022827,-4.248920440673828,,
feedback,38.894874,1786508484328,7,57,10.0,0.0,10.0,,-0.3605121970176697,1.893652319908142,-4.333207607269287,,
feedback,38.903103,1786508484337,7,57,10.0,0.0,10.0,,-0.39525189995765686,2.065579652786255,-4.576106071472168,,
feedback,38.911251,1786508484345,7,57,10.0,0.0,10.0,,-0.5222072005271912,2.158555507659912,-4.555720329284668,,
feedback,38.920059,1786508484353,7,57,10.0,0.0,10.0,,-0.5511961579322815,2.3545470237731934,-4.776866436004639,,
feedback,38.927771,1786508484362,7,57,10.0,0.0,10.0,,-0.5501223802566528,2.523308277130127,-5.001178741455078,,
feedback,38.936461,1786508484370,7,57,10.0,0.0,10.0,,-0.6528148651123047,2.810516595840454,-5.388627052307129,,
feedback,38.946270,1786508484379,7,57,10.0,0.0,10.0,,-0.6983247399330139,2.84297513961792,-5.5593366622924805,,
feedback,38.952093,1786508484387,7,57,10.0,0.0,10.0,,-0.758191704750061,2.8589155673980713,-5.137220859527588,,
feedback,38.960065,1786508484396,7,57,10.0,0.0,10.0,,-0.7792497277259827,2.8996548652648926,-5.214480876922607,,
feedback,38.968916,1786508484404,7,57,10.0,0.0,10.0,,-0.706707775592804,2.8534278869628906,-5.640742301940918,,
feedback,38.977108,1786508484413,7,57,10.0,0.0,10.0,,-0.7255905866622925,2.908665895462036,-5.909961700439453,,
feedback,38.985478,1786508484421,7,57,10.0,0.0,10.0,,-0.677750289440155,2.952068567276001,-5.903338432312012,,
feedback,38.992931,1786508484430,7,57,10.0,0.0,10.0,,-0.7185532450675964,3.0084235668182373,-5.817224025726318,,
feedback,39.000935,1786508484438,7,57,10.0,0.0,10.0,,-0.744775652885437,3.0292322635650635,-6.067879676818848,,
feedback,39.009691,1786508484442,7,57,10.0,0.0,10.0,,-0.7655868530273438,2.990903377532959,-5.863409996032715,,
feedback,39.018478,1786508484451,7,57,10.0,0.0,10.0,,-0.708032488822937,2.817978858947754,-5.493456840515137,,
feedback,39.025643,1786508484459,7,57,10.0,0.0,10.0,,-0.7385271787643433,2.8110530376434326,-4.984097480773926,,
feedback,39.033704,1786508484468,7,57,10.0,0.0,10.0,,-0.728663444519043,2.7471141815185547,-4.7961320877075195,,
feedback,39.041971,1786508484477,7,57,10.0,0.0,10.0,,-0.7072113752365112,2.6170504093170166,-4.580398082733154,,
feedback,39.050403,1786508484485,7,57,10.0,0.0,10.0,,-0.6587269306182861,2.524813175201416,-4.133269309997559,,
feedback,39.060768,1786508484494,7,57,10.0,0.0,10.0,,-0.7514089345932007,2.506452798843384,-3.950047492980957,,
feedback,39.067119,1786508484502,7,57,10.0,0.0,10.0,,-0.8375234603881836,2.3971126079559326,-3.8861372470855713,,
feedback,39.075221,1786508484510,7,57,10.0,0.0,10.0,,-0.8885723948478699,2.598813056945801,-4.212285041809082,,
feedback,39.083991,1786508484519,7,57,10.0,0.0,10.0,,-0.795790433883667,2.8156726360321045,-4.514431953430176,,
feedback,39.091108,1786508484527,7,57,10.0,0.0,10.0,,-0.9716238975524902,3.0154788494110107,-4.668828964233398,,
feedback,39.099166,1786508484536,7,57,10.0,0.0,10.0,,-0.9337102770805359,3.210193395614624,-4.908501625061035,,
feedback,39.108556,1786508484544,7,57,10.0,0.0,10.0,,-0.9775972366333008,3.4721505641937256,-5.073267936706543,,
feedback,39.119382,1786508484552,7,57,10.0,0.0,10.0,,-1.0990660190582275,3.7043354511260986,-5.012796878814697,,
feedback,39.124582,1786508484561,7,57,10.0,0.0,10.0,,-1.1161876916885376,3.939401865005493,-5.03657341003418,,
feedback,39.132586,1786508484569,7,57,10.0,0.0,10.0,,-1.1050060987472534,4.159019470214844,-5.326718330383301,,
feedback,39.141152,1786508484573,7,57,10.0,0.0,10.0,,-1.1939175128936768,4.177120685577393,-5.466726779937744,,
feedback,39.148433,1786508484582,7,57,10.0,0.0,10.0,,-1.300746202468872,4.5244951248168945,-5.795224666595459,,
feedback,39.156965,1786508484590,7,57,10.0,0.0,10.0,,-1.325905203819275,4.716772079467773,-5.780134677886963,,
feedback,39.165404,1786508484599,7,57,10.0,0.0,10.0,,-1.3204113245010376,4.466248035430908,-5.562215805053711,,
feedback,39.175646,1786508484607,7,57,10.0,0.0,10.0,,-1.1847816705703735,4.3172926902771,-5.805330753326416,,
feedback,39.180940,1786508484616,7,57,10.0,0.0,10.0,,-1.201291561126709,4.221840858459473,-5.719648361206055,,
feedback,39.190009,1786508484624,7,57,10.0,0.0,10.0,,-1.1322025060653687,4.350480556488037,-5.9093756675720215,,
feedback,39.197519,1786508484633,7,57,10.0,0.0,10.0,,-1.1665927171707153,4.313056468963623,-6.236378192901611,,
feedback,39.206524,1786508484641,7,57,10.0,0.0,10.0,,-1.1478817462921143,4.1322150230407715,-6.222287654876709,,
feedback,39.214266,1786508484650,7,57,10.0,0.0,10.0,,-1.1124318838119507,4.225874423980713,-5.628330230712891,,
feedback,39.222641,1786508484658,7,57,10.0,0.0,10.0,,-1.1617164611816406,4.2554030418396,-5.776860237121582,,
feedback,39.230392,1786508484666,7,57,10.0,0.0,10.0,,-1.0755470991134644,4.28025484085083,-5.586575508117676,,
feedback,39.238400,1786508484675,7,57,10.0,0.0,10.0,,-1.2144525051116943,4.155660152435303,-4.9402384757995605,,
feedback,39.246477,1786508484683,7,57,10.0,0.0,10.0,,-1.1171703338623047,3.995708465576172,-4.6975908279418945,,
feedback,39.255015,1786508484692,7,57,10.0,0.0,10.0,,-1.1321059465408325,3.8209593296051025,-4.515380382537842,,
feedback,39.263649,1786508484700,7,57,10.0,0.0,10.0,,-1.1006640195846558,3.8606064319610596,-4.717855930328369,,
feedback,39.271380,1786508484704,7,57,10.0,0.0,10.0,,-1.0475631952285767,3.7756340503692627,-4.741174221038818,,
feedback,39.279734,1786508484713,7,57,10.0,0.0,10.0,,-1.0248000621795654,3.639474630355835,-4.899285793304443,,
feedback,39.290732,1786508484721,7,57,10.0,0.0,10.0,,-0.9513427019119263,3.615412950515747,-4.980903625488281,,
feedback,39.295390,1786508484729,7,57,10.0,0.0,10.0,,-0.9306707382202148,3.6329119205474854,-5.247482776641846,,
feedback,39.303832,1786508484738,7,57,10.0,0.0,10.0,,-0.9842813611030579,3.716235637664795,-5.389038562774658,,
feedback,39.312458,1786508484746,7,57,10.0,0.0,10.0,,-1.0069406032562256,3.835742712020874,-5.444194793701172,,
feedback,39.320866,1786508484755,7,57,10.0,0.0,10.0,,-1.0799556970596313,3.968975782394409,-5.620886325836182,,
feedback,39.328495,1786508484763,7,57,10.0,0.0,10.0,,-1.1659154891967773,4.402015209197998,-6.186388969421387,,
feedback,39.336884,1786508484772,7,57,10.0,0.0,10.0,,-1.2924821376800537,4.804560661315918,-6.260012149810791,,
feedback,39.344640,1786508484780,7,57,10.0,0.0,10.0,,-1.352850317955017,5.0626091957092285,-6.439280986785889,,
feedback,39.353511,1786508484788,7,57,10.0,0.0,10.0,,-1.4213814735412598,5.3190999031066895,-6.605156898498535,,
feedback,39.361083,1786508484797,7,57,10.0,0.0,10.0,,-1.541642665863037,5.3840556144714355,-6.6837005615234375,,
feedback,39.369242,1786508484805,7,57,10.0,0.0,10.0,,-1.724412202835083,5.393004894256592,-7.175788879394531,,
feedback,39.378040,1786508484814,7,57,10.0,0.0,10.0,,-1.7228552103042603,5.543889045715332,-7.633029937744141,,
feedback,39.386455,1786508484822,7,57,10.0,0.0,10.0,,-1.6192803382873535,5.639833450317383,-7.737718105316162,,
feedback,39.394217,1786508484831,7,57,10.0,0.0,10.0,,-1.5444437265396118,5.628450393676758,-7.737148284912109,,
feedback,39.402727,1786508484839,7,57,10.0,0.0,10.0,,-1.5751376152038574,5.681705951690674,-7.848293781280518,,
feedback,39.410920,1786508484848,7,57,10.0,0.0,10.0,,-1.6760021448135376,5.827305793762207,-7.7774858474731445,,
feedback,39.419425,1786508484856,7,57,10.0,0.0,10.0,,-1.7687041759490967,6.051530838012695,-7.703943252563477,,
feedback,39.427194,1786508484860,7,57,10.0,0.0,10.0,,-1.7880343198776245,6.126645088195801,-7.317265510559082,,
feedback,39.436455,1786508484869,7,57,10.0,0.0,10.0,,-1.8431466817855835,6.358590602874756,-7.59896993637085,,
feedback,39.444071,1786508484877,7,57,10.0,0.0,10.0,,-1.6067678928375244,6.390145778656006,-7.8729777336120605,,
feedback,39.454357,1786508484885,7,57,10.0,0.0,10.0,,-1.6769722700119019,6.311219692230225,-8.133705139160156,,
feedback,39.459555,1786508484894,7,57,10.0,0.0,10.0,,-1.7462120056152344,6.205954074859619,-8.339271545410156,,
feedback,39.468917,1786508484902,7,57,10.0,0.0,10.0,,-1.792283058166504,5.830822467803955,-8.038277626037598,,
feedback,39.476410,1786508484911,7,57,10.0,0.0,10.0,,-1.8168268203735352,5.63872766494751,-8.082365989685059,,
feedback,39.484825,1786508484919,7,57,10.0,0.0,10.0,,-1.8057010173797607,5.757240295410156,-7.892524242401123,,
feedback,39.492744,1786508484928,7,57,10.0,0.0,10.0,,-1.9120451211929321,5.922492980957031,-7.318422794342041,,
feedback,39.501494,1786508484936,7,57,10.0,0.0,10.0,,-1.9425090551376343,6.142612457275391,-7.879748344421387,,
feedback,39.508921,1786508484945,7,57,10.0,0.0,10.0,,-1.927301049232483,6.333208084106445,-8.032230377197266,,
feedback,39.517192,1786508484953,7,57,10.0,0.0,10.0,,-1.9610971212387085,6.415666103363037,-8.27978801727295,,
feedback,39.525446,1786508484961,7,57,10.0,0.0,10.0,,-1.9643820524215698,6.352668762207031,-8.334539413452148,,
feedback,39.534069,1786508484970,7,57,10.0,0.0,10.0,,-1.9644960165023804,6.165138244628906,-7.922985553741455,,
feedback,39.541561,1786508484978,7,57,10.0,0.0,10.0,,-1.9122272729873657,5.9700822830200195,-8.024016380310059,,
feedback,39.550792,1786508484986,7,57,10.0,0.0,10.0,,-1.8856457471847534,5.7517313957214355,-7.644585132598877,,
feedback,39.558615,1786508484995,7,57,10.0,0.0,10.0,,-1.8485324382781982,5.679565906524658,-7.393625736236572,,
feedback,39.567289,1786508484999,7,57,10.0,0.0,10.0,,-1.9027471542358398,5.793023586273193,-7.821935653686523,,
feedback,39.576972,1786508485008,7,57,10.0,0.0,10.0,,-1.880484938621521,5.965751647949219,-7.836954116821289,,
feedback,39.583556,1786508485016,7,57,10.0,0.0,10.0,,-1.9369633197784424,6.13944673538208,-8.284175872802734,,
feedback,39.591604,1786508485025,7,57,10.0,0.0,10.0,,-1.9688706398010254,6.255080699920654,-8.228219985961914,,
feedback,39.599237,1786508485033,7,57,10.0,0.0,10.0,,-1.9754592180252075,6.290370941162109,-7.896141052246094,,
feedback,39.607113,1786508485042,7,57,10.0,0.0,10.0,,-1.9689395427703857,6.293667793273926,-8.217612266540527,,
feedback,39.615436,1786508485050,7,57,10.0,0.0,10.0,,-1.9090113639831543,6.134611129760742,-7.822546482086182,,
feedback,39.624336,1786508485059,7,57,10.0,0.0,10.0,,-1.9415377378463745,5.8182373046875,-7.7303900718688965,,
feedback,39.632526,1786508485067,7,57,10.0,0.0,10.0,,-2.004673719406128,5.636651992797852,-7.81140661239624,,
feedback,39.640007,1786508485075,7,57,10.0,0.0,10.0,,-1.9599076509475708,5.786529541015625,-7.846689224243164,,
feedback,39.648277,1786508485084,7,57,10.0,0.0,10.0,,-1.846959114074707,5.955739498138428,-7.884289264678955,,
feedback,39.656632,1786508485092,7,57,10.0,0.0,10.0,,-1.7550370693206787,6.169226169586182,-7.936205863952637,,
feedback,39.664796,1786508485101,7,57,10.0,0.0,10.0,,-1.7730547189712524,6.311517238616943,-7.968522071838379,,
feedback,39.673189,1786508485109,7,57,10.0,0.0,10.0,,-1.801734447479248,6.37700891494751,-7.947589874267578,,
feedback,39.681686,1786508485118,7,57,10.0,0.0,10.0,,-1.8300385475158691,6.277777194976807,-7.681135654449463,,
feedback,39.689129,1786508485122,7,57,10.0,0.0,10.0,,-1.7381834983825684,6.207048416137695,-7.6823906898498535,,
feedback,39.696973,1786508485130,7,57,10.0,0.0,10.0,,-1.7740708589553833,6.095350742340088,-7.444668292999268,,
feedback,39.705023,1786508485139,7,57,10.0,0.0,10.0,,-1.6497758626937866,5.881625652313232,-8.01626968383789,,
feedback,39.713183,1786508485147,7,57,10.0,0.0,10.0,,-1.5759416818618774,5.8288421630859375,-8.42455768585205,,
feedback,39.722478,1786508485156,7,57,10.0,0.0,10.0,,-1.7310072183609009,5.913985729217529,-8.368927001953125,,
feedback,39.730509,1786508485164,7,57,10.0,0.0,10.0,,-1.642421007156372,5.951291084289551,-8.03286361694336,,
feedback,39.740299,1786508485173,7,57,10.0,0.0,10.0,,-1.721176266670227,6.033982276916504,-8.069466590881348,,
feedback,39.746193,1786508485181,7,57,10.0,0.0,10.0,,-1.79880952835083,6.189231872558594,-8.228745460510254,,
feedback,39.755127,1786508485189,7,57,10.0,0.0,10.0,,-1.7404974699020386,6.178571701049805,-8.059866905212402,,
feedback,39.762944,1786508485198,7,57,10.0,0.0,10.0,,-1.7251394987106323,6.066319942474365,-7.763699054718018,,
feedback,39.771391,1786508485206,7,57,10.0,0.0,10.0,,-1.6691457033157349,6.044213771820068,-7.946012020111084,,
feedback,39.779990,1786508485215,7,57,10.0,0.0,10.0,,-1.626695156097412,5.730053424835205,-8.062932014465332,,
feedback,39.787593,1786508485223,7,57,10.0,0.0,10.0,,-1.4994032382965088,5.749295711517334,-8.110906600952148,,
feedback,39.795215,1786508485231,7,57,10.0,0.0,10.0,,-1.547312617301941,5.772120475769043,-7.885343551635742,,
feedback,39.803574,1786508485240,7,57,10.0,0.0,10.0,,-1.6876975297927856,6.028567314147949,-7.929516792297363,,
feedback,39.811603,1786508485248,7,57,10.0,0.0,10.0,,-1.6891367435455322,6.058395862579346,-8.18274211883545,,
feedback,39.820953,1786508485257,7,57,10.0,0.0,10.0,,-1.7926677465438843,6.171783447265625,-7.7934088706970215,,
feedback,39.828563,1786508485265,7,57,10.0,0.0,10.0,,-1.8049054145812988,6.119178771972656,-7.924082279205322,,
feedback,39.836413,1786508485273,7,57,10.0,0.0,10.0,,-1.8078622817993164,6.148671627044678,-8.115492820739746,,
feedback,39.845131,1786508485282,7,57,10.0,0.0,10.0,,-1.758564829826355,6.0305047035217285,-8.106986999511719,,
feedback,39.853007,1786508485286,7,57,10.0,0.0,10.0,,-1.7130870819091797,6.040011882781982,-8.111597061157227,,
feedback,39.860926,1786508485295,7,57,10.0,0.0,10.0,,-1.577186942100525,5.68060302734375,-8.011993408203125,,
feedback,39.869801,1786508485303,7,57,10.0,0.0,10.0,,-1.6506136655807495,5.664090633392334,-8.172316551208496,,
feedback,39.877173,1786508485312,7,57,10.0,0.0,10.0,,-1.6331108808517456,5.737889766693115,-8.01230239868164,,
feedback,39.886036,1786508485320,7,57,10.0,0.0,10.0,,-1.7331708669662476,6.018740653991699,-7.298342704772949,,
feedback,39.894258,1786508485328,7,57,10.0,0.0,10.0,,-1.738095760345459,6.163187026977539,-7.4546027183532715,,
feedback,39.905167,1786508485337,7,57,10.0,0.0,10.0,,-1.7558890581130981,6.201572895050049,-7.756505489349365,,
feedback,39.909962,1786508485345,7,57,10.0,0.0,10.0,,-1.7353767156600952,6.246115207672119,-8.091326713562012,,
feedback,39.918222,1786508485354,7,57,10.0,0.0,10.0,,-1.7117968797683716,6.155243873596191,-8.11805248260498,,
feedback,39.926178,1786508485362,7,57,10.0,0.0,10.0,,-1.7510449886322021,5.936265468597412,-7.797379970550537,,
feedback,39.934375,1786508485370,7,57,10.0,0.0,10.0,,-1.6517046689987183,5.770262241363525,-8.069258689880371,,
feedback,39.942640,1786508485379,7,57,10.0,0.0,10.0,,-1.682982087135315,5.74834680557251,-7.71254301071167,,
feedback,39.951716,1786508485387,7,57,10.0,0.0,10.0,,-1.6320080757141113,5.695230960845947,-7.793197154998779,,
feedback,39.962178,1786508485396,7,57,10.0,0.0,10.0,,-1.714216709136963,6.131354808807373,-7.78509521484375,,
feedback,39.967857,1786508485404,7,57,10.0,0.0,10.0,,-1.7798244953155518,6.305863380432129,-7.695946216583252,,
feedback,39.976312,1786508485412,7,57,10.0,0.0,10.0,,-1.8352453708648682,6.389261722564697,-8.314437866210938,,
feedback,39.985666,1786508485421,7,57,10.0,0.0,10.0,,-1.7301340103149414,6.375988006591797,-8.208089828491211,,
feedback,39.993062,1786508485429,7,57,10.0,0.0,10.0,,-1.805221676826477,6.418186664581299,-8.085554122924805,,
feedback,40.001378,1786508485437,7,57,10.0,0.0,10.0,,-1.8252454996109009,6.276557445526123,-8.06570053100586,,
feedback,40.009616,1786508485446,7,57,10.0,0.0,10.0,,-1.7544281482696533,6.057098865509033,-7.858642101287842,,
feedback,40.019175,1786508485454,7,57,10.0,0.0,10.0,,-1.6708095073699951,5.8629255294799805,-7.946534156799316,,
feedback,40.025872,1786508485463,7,57,10.0,0.0,10.0,,-1.8715481758117676,5.657021999359131,-7.74505615234375,,
feedback,40.033819,1786508485467,7,57,10.0,0.0,10.0,,-1.8513586521148682,5.779123783111572,-8.004677772521973,,
feedback,40.042213,1786508485476,7,57,10.0,0.0,10.0,,-1.8919874429702759,5.8897809982299805,-8.14857006072998,,
feedback,40.051591,1786508485484,7,57,10.0,0.0,10.0,,-1.8569269180297852,6.090057373046875,-8.091361045837402,,
feedback,40.058321,1786508485493,7,57,10.0,0.0,10.0,,-1.7687362432479858,6.156118869781494,-8.136923789978027,,
feedback,40.066855,1786508485501,7,57,10.0,0.0,10.0,,-1.890434980392456,6.313080787658691,-8.110424995422363,,
feedback,40.076009,1786508485509,7,57,10.0,0.0,10.0,,-1.8132951259613037,6.253068447113037,-8.033306121826172,,
feedback,40.083816,1786508485518,7,57,10.0,0.0,10.0,,-1.8472687005996704,6.316082954406738,-7.586755752563477,,
feedback,40.091242,1786508485526,7,57,10.0,0.0,10.0,,-1.7821664810180664,6.122821807861328,-7.194608211517334,,
feedback,40.100284,1786508485535,7,57,10.0,0.0,10.0,,-1.6361987590789795,5.667242050170898,-8.127440452575684,,
feedback,40.108728,1786508485543,7,57,10.0,0.0,10.0,,-1.688657522201538,5.774233341217041,-8.12740707397461,,
feedback,40.115986,1786508485552,7,57,10.0,0.0,10.0,,-1.709382176399231,5.962711811065674,-8.22287368774414,,
feedback,40.124199,1786508485560,7,57,10.0,0.0,10.0,,-1.7639573812484741,6.069167137145996,-8.092358589172363,,
feedback,40.134587,1786508485568,7,57,10.0,0.0,10.0,,-1.765493392944336,6.328315734863281,-7.94028377532959,,
feedback,40.141169,1786508485577,7,57,10.0,0.0,10.0,,-1.8440587520599365,6.391456604003906,-7.892477035522461,,
feedback,40.148787,1786508485585,7,57,10.0,0.0,10.0,,-1.7871687412261963,6.403096675872803,-7.383492469787598,,
feedback,40.158004,1786508485593,7,57,10.0,0.0,10.0,,-1.7871513366699219,6.267931938171387,-7.644384860992432,,
feedback,40.165941,1786508485602,7,57,10.0,0.0,10.0,,-1.804885745048523,5.984036445617676,-8.049795150756836,,
feedback,40.173790,1786508485610,7,57,10.0,0.0,10.0,,-1.5904794931411743,5.677749156951904,-8.213372230529785,,
feedback,40.182878,1786508485619,7,57,10.0,0.0,10.0,,-1.6711676120758057,5.6401166915893555,-8.179238319396973,,
feedback,40.190990,1786508485627,7,57,10.0,0.0,10.0,,-1.7569563388824463,5.708495616912842,-8.2410249710083,,
feedback,40.198358,1786508485631,7,57,10.0,0.0,10.0,,-1.7355636358261108,5.794137001037598,-8.02786922454834,,
feedback,40.207260,1786508485640,7,57,10.0,0.0,10.0,,-1.7881418466567993,6.0657124519348145,-8.02069091796875,,
feedback,40.215372,1786508485649,7,57,10.0,0.0,10.0,,-1.7901076078414917,6.187675476074219,-7.821262836456299,,
feedback,40.223544,1786508485657,7,57,10.0,0.0,10.0,,-1.8817497491836548,6.275926113128662,-7.7730183601379395,,
feedback,40.231211,1786508485665,7,57,10.0,0.0,10.0,,-1.871934413909912,6.12950325012207,-7.923807144165039,,
feedback,40.239302,1786508485674,7,57,10.0,0.0,10.0,,-1.8053467273712158,6.092640399932861,-8.102124214172363,,
feedback,40.247101,1786508485682,7,57,10.0,0.0,10.0,,-1.7697136402130127,6.010866641998291,-8.177478790283203,,
feedback,40.255897,1786508485691,7,57,10.0,0.0,10.0,,-1.679136037826538,5.723684787750244,-7.85455322265625,,
feedback,40.263838,1786508485699,7,57,10.0,0.0,10.0,,-1.7372798919677734,5.707554340362549,-8.025826454162598,,
feedback,40.272048,1786508485707,7,57,10.0,0.0,10.0,,-1.668043613433838,5.727969169616699,-7.717012882232666,,
feedback,40.280452,1786508485716,7,57,10.0,0.0,10.0,,-1.7501890659332275,5.726405620574951,-7.524179458618164,,
feedback,40.288740,1786508485724,7,57,10.0,0.0,10.0,,-1.8262956142425537,6.026476860046387,-7.723141193389893,,
feedback,40.298410,1786508485733,7,57,10.0,0.0,10.0,,-1.8056961297988892,6.111362457275391,-8.004825592041016,,
feedback,40.304655,1786508485741,7,57,10.0,0.0,10.0,,-1.740381121635437,5.902098178863525,-8.540416717529297,,
feedback,40.312626,1786508485749,7,57,10.0,0.0,10.0,,-1.773386836051941,6.050005912780762,-8.03911018371582,,
feedback,40.321052,1786508485758,7,57,10.0,0.0,10.0,,-1.813670039176941,5.960699558258057,-7.949162006378174,,
feedback,40.329552,1786508485766,7,57,10.0,0.0,10.0,,-1.7230650186538696,5.836642265319824,-8.10074520111084,,
feedback,40.338126,1786508485770,7,57,10.0,0.0,10.0,,-1.7281969785690308,5.920968055725098,-7.984159469604492,,
feedback,40.346103,1786508485779,7,57,10.0,0.0,10.0,,-1.7673908472061157,5.860509395599365,-7.894199371337891,,
feedback,40.353386,1786508485787,7,57,10.0,0.0,10.0,,-1.728860855102539,5.842792510986328,-7.551253318786621,,
feedback,40.361972,1786508485796,7,57,10.0,0.0,10.0,,-1.7475192546844482,5.88779878616333,-8.134857177734375,,
feedback,40.370759,1786508485804,7,57,10.0,0.0,10.0,,-1.760385274887085,6.026739597320557,-8.025338172912598,,
feedback,40.378373,1786508485813,7,57,10.0,0.0,10.0,,-1.7683104276657104,6.124231338500977,-7.799041271209717,,
feedback,40.386995,1786508485821,7,57,10.0,0.0,10.0,,-1.8183337450027466,6.2103047370910645,-7.901647567749023,,
feedback,40.395141,1786508485829,7,57,10.0,0.0,10.0,,-1.8347620964050293,6.255651473999023,-7.901608943939209,,
feedback,40.403431,1786508485838,7,57,10.0,0.0,10.0,,-1.8668822050094604,6.325225830078125,-8.16921329498291,,
feedback,40.411991,1786508485846,7,57,10.0,0.0,10.0,,-1.8420408964157104,6.232291221618652,-7.839633464813232,,
feedback,40.419369,1786508485855,7,57,10.0,0.0,10.0,,-1.821652889251709,6.180778503417969,-7.517066955566406,,
feedback,40.427251,1786508485863,7,57,10.0,0.0,10.0,,-1.8143969774246216,5.912664413452148,-8.003544807434082,,
feedback,40.437288,1786508485872,7,57,10.0,0.0,10.0,,-1.797815203666687,5.888484477996826,-7.873358726501465,,
feedback,40.444312,1786508485880,7,57,10.0,0.0,10.0,,-1.825355887413025,5.895313262939453,-8.085697174072266,,
feedback,40.452890,1786508485888,7,57,10.0,0.0,10.0,,-1.8796926736831665,6.100932598114014,-8.099522590637207,,
feedback,40.462598,1786508485897,7,57,10.0,0.0,10.0,,-1.9074721336364746,6.157352924346924,-8.071828842163086,,
feedback,40.468685,1786508485905,7,57,10.0,0.0,10.0,,-1.9346814155578613,6.270640850067139,-7.893446922302246,,
feedback,40.477423,1786508485914,7,57,10.0,0.0,10.0,,-1.9294854402542114,6.165462970733643,-7.453348159790039,,
feedback,40.485331,1786508485922,7,57,10.0,0.0,10.0,,-1.9414690732955933,6.211637496948242,-7.810619354248047,,
feedback,40.493209,1786508485930,7,57,10.0,0.0,10.0,,-1.9180660247802734,6.025720596313477,-8.009270668029785,,
feedback,40.502118,1786508485935,7,57,10.0,0.0,10.0,,-1.877955436706543,5.901111602783203,-8.105669021606445,,
feedback,40.509947,1786508485943,7,57,10.0,0.0,10.0,,-1.8819807767868042,5.821732521057129,-8.201254844665527,,
feedback,40.520026,1786508485952,7,57,10.0,0.0,10.0,,-1.8647736310958862,5.8186774253845215,-8.023235321044922,,
feedback,40.525550,1786508485960,7,57,10.0,0.0,10.0,,-1.9045867919921875,5.914394378662109,-8.016091346740723,,
feedback,40.533854,1786508485968,7,57,10.0,0.0,10.0,,-1.9514672756195068,6.043751239776611,-7.995237827301025,,
feedback,40.542828,1786508485977,7,57,10.0,0.0,10.0,,-1.979588270187378,6.178018569946289,-7.665835380554199,,
feedback,40.550872,1786508485985,7,57,10.0,0.0,10.0,,-1.9543366432189941,6.211737632751465,-7.708536624908447,,
feedback,40.558662,1786508485994,7,57,10.0,0.0,10.0,,-1.9154382944107056,6.333860397338867,-7.70428466796875,,
feedback,40.567529,1786508486002,7,57,10.0,0.0,10.0,,-1.8910685777664185,6.161816596984863,-8.315309524536133,,
feedback,40.579634,1786508486010,7,57,10.0,0.0,10.0,,-1.817410945892334,6.080194473266602,-8.008363723754883,,
feedback,40.582839,1786508486019,7,57,10.0,0.0,10.0,,-1.7298301458358765,5.718558311462402,-8.173373222351074,,
feedback,40.591940,1786508486027,7,57,10.0,0.0,10.0,,-1.6595523357391357,5.727614879608154,-7.977274417877197,,
feedback,40.599887,1786508486036,7,57,10.0,0.0,10.0,,-1.7374861240386963,5.856367588043213,-7.866027355194092,,
feedback,40.608020,1786508486044,7,57,10.0,0.0,10.0,,-1.7185389995574951,6.015654563903809,-7.3261308670043945,,
feedback,40.615793,1786508486053,7,57,10.0,0.0,10.0,,-1.7150402069091797,6.064281463623047,-7.609080791473389,,
feedback,40.624150,1786508486061,7,57,10.0,0.0,10.0,,-1.8088598251342773,6.19552755355835,-8.143077850341797,,
feedback,40.633361,1786508486069,7,57,10.0,0.0,10.0,,-1.8029016256332397,6.1674346923828125,-8.34266471862793,,
feedback,40.640349,1786508486078,7,57,10.0,0.0,10.0,,-1.7948180437088013,6.076952934265137,-8.10185432434082,,
feedback,40.648610,1786508486082,7,57,10.0,0.0,10.0,,-1.7746763229370117,6.094934463500977,-8.171953201293945,,
feedback,40.657284,1786508486090,7,57,10.0,0.0,10.0,,-1.7215896844863892,5.922728538513184,-8.186498641967773,,
feedback,40.665484,1786508486099,7,57,10.0,0.0,10.0,,-1.6714469194412231,5.630080223083496,-7.732433319091797,,
feedback,40.673694,1786508486107,7,57,10.0,0.0,10.0,,-1.6304097175598145,5.604475498199463,-7.308043003082275,,
feedback,40.681812,1786508486116,7,57,10.0,0.0,10.0,,-1.6663202047348022,5.685375213623047,-7.816567420959473,,
feedback,40.692457,1786508486124,7,57,10.0,0.0,10.0,,-1.6207497119903564,5.81275749206543,-8.178590774536133,,
feedback,40.697291,1786508486132,7,57,10.0,0.0,10.0,,-1.8168827295303345,5.9708075523376465,-8.247323036193848,,
feedback,40.705667,1786508486141,7,57,10.0,0.0,10.0,,-1.6959519386291504,5.94748592376709,-8.040589332580566,,
feedback,40.714415,1786508486149,7,57,10.0,0.0,10.0,,-1.851465106010437,6.044744491577148,-8.08276081085205,,
feedback,40.723005,1786508486158,7,57,10.0,0.0,10.0,,-1.755925178527832,6.163373947143555,-7.808132171630859,,
feedback,40.731450,1786508486166,7,57,10.0,0.0,10.0,,-1.8043829202651978,6.150893211364746,-7.8336029052734375,,
feedback,40.739211,1786508486174,7,57,10.0,0.0,10.0,,-1.7813184261322021,6.148539066314697,-7.505284309387207,,
feedback,40.748907,1786508486183,7,57,10.0,0.0,10.0,,-1.742702841758728,5.8513102531433105,-8.053796768188477,,
feedback,40.754749,1786508486191,7,57,10.0,0.0,10.0,,-1.7442121505737305,5.7928667068481445,-8.08103084564209,,
feedback,40.762944,1786508486200,7,57,10.0,0.0,10.0,,-1.7339483499526978,5.736810684204102,-8.232603073120117,,
feedback,40.772160,1786508486208,7,57,10.0,0.0,10.0,,-1.7048784494400024,5.833091735839844,-7.844743728637695,,
feedback,40.780773,1786508486216,7,57,10.0,0.0,10.0,,-1.783413052558899,5.98253059387207,-7.898331165313721,,
feedback,40.788271,1786508486225,7,57,10.0,0.0,10.0,,-1.8137140274047852,6.171329021453857,-7.927433490753174,,
feedback,40.796687,1786508486233,7,57,10.0,0.0,10.0,,-1.82634437084198,6.09020471572876,-7.754180431365967,,
feedback,40.804163,1786508486242,7,57,10.0,0.0,10.0,,-1.8215019702911377,6.3430681228637695,-7.1751532554626465,,
feedback,40.812517,1786508486246,7,57,10.0,0.0,10.0,,-1.8555604219436646,6.366944789886475,-7.751952648162842,,
feedback,40.821162,1786508486254,7,57,10.0,0.0,10.0,,-1.885661244392395,6.295076370239258,-7.907810688018799,,
feedback,40.828890,1786508486263,7,57,10.0,0.0,10.0,,-1.7712798118591309,5.958083152770996,-8.150800704956055,,
feedback,40.836809,1786508486271,7,57,10.0,0.0,10.0,,-1.7236539125442505,5.840890407562256,-7.966676235198975,,
feedback,40.845128,1786508486280,7,57,10.0,0.0,10.0,,-1.7187689542770386,5.762537479400635,-8.048870086669922,,
feedback,40.853806,1786508486288,7,57,10.0,0.0,10.0,,-1.7568458318710327,5.843871116638184,-7.924924373626709,,
feedback,40.861366,1786508486297,7,57,10.0,0.0,10.0,,-1.7258750200271606,5.954720497131348,-7.62693452835083,,
feedback,40.870503,1786508486305,7,57,10.0,0.0,10.0,,-1.7743841409683228,6.2152628898620605,-7.6020121574401855,,
feedback,40.878458,1786508486314,7,57,10.0,0.0,10.0,,-1.8772308826446533,6.392148971557617,-8.204718589782715,,
feedback,40.887009,1786508486322,7,57,10.0,0.0,10.0,,-1.9323954582214355,6.4274420738220215,-8.195754051208496,,
feedback,40.895198,1786508486331,7,57,10.0,0.0,10.0,,-1.8142192363739014,6.250021934509277,-8.326117515563965,,
feedback,40.903182,1786508486339,7,57,10.0,0.0,10.0,,-1.7468100786209106,5.951067924499512,-7.754192352294922,,
feedback,40.914767,1786508486348,7,57,10.0,0.0,10.0,,-1.7471891641616821,5.918353080749512,-8.0849027633667,,
feedback,40.919002,1786508486356,7,57,10.0,0.0,10.0,,-1.712487816810608,5.757505893707275,-7.802585601806641,,
feedback,40.927373,1786508486365,7,57,10.0,0.0,10.0,,-1.6332828998565674,5.7783122062683105,-7.5964789390563965,,
feedback,40.935356,1786508486369,7,57,10.0,0.0,10.0,,-1.673479437828064,5.833033084869385,-7.478042125701904,,
feedback,40.943486,1786508486377,7,57,10.0,0.0,10.0,,-1.8219417333602905,5.980502605438232,-7.842952728271484,,
feedback,40.952031,1786508486386,7,57,10.0,0.0,10.0,,-1.772594690322876,6.138261795043945,-8.071642875671387,,
feedback,40.960010,1786508486394,7,57,10.0,0.0,10.0,,-1.8578484058380127,6.24339485168457,-8.165131568908691,,
feedback,40.968835,1786508486403,7,57,10.0,0.0,10.0,,-1.837833285331726,6.239223957061768,-7.892258644104004,,
feedback,40.981264,1786508486411,7,57,10.0,0.0,10.0,,-1.8288155794143677,6.131484031677246,-8.249493598937988,,
feedback,40.984498,1786508486420,7,57,10.0,0.0,10.0,,-1.7937583923339844,6.151657581329346,-7.854536533355713,,
feedback,40.992892,1786508486428,7,57,10.0,0.0,10.0,,-1.734412431716919,6.020631313323975,-7.9397430419921875,,
feedback,41.001738,1786508486436,7,57,10.0,0.0,10.0,,-1.6995571851730347,5.9300055503845215,-7.418483734130859,,
feedback,41.010108,1786508486445,7,57,10.0,0.0,10.0,,-1.7727066278457642,5.8183722496032715,-7.962206840515137,,
feedback,41.017685,1786508486453,7,57,10.0,0.0,10.0,,-1.6691668033599854,5.62463903427124,-8.365813255310059,,
feedback,41.025854,1786508486462,7,57,10.0,0.0,10.0,,-1.71501624584198,5.73996114730835,-8.138672828674316,,
feedback,41.036690,1786508486470,7,57,10.0,0.0,10.0,,-1.7742359638214111,5.893500328063965,-7.939218521118164,,
feedback,41.041845,1786508486479,7,57,10.0,0.0,10.0,,-1.7517205476760864,6.190818786621094,-7.806196212768555,,
feedback,41.049913,1786508486487,7,57,10.0,0.0,10.0,,-1.7812368869781494,6.161304473876953,-7.886664867401123,,
feedback,41.058422,1786508486492,7,57,10.0,0.0,10.0,,-1.726874828338623,6.114235877990723,-7.808218479156494,,
feedback,41.066266,1786508486500,7,57,10.0,0.0,10.0,,-1.7352652549743652,6.114421367645264,-7.408710956573486,,
feedback,41.075144,1786508486508,7,57,10.0,0.0,10.0,,-1.7570279836654663,5.916086673736572,-7.8988423347473145,,
feedback,41.082951,1786508486517,7,57,10.0,0.0,10.0,,-1.7005397081375122,5.823827743530273,-8.1161527633667,,
feedback,41.091133,1786508486525,7,57,10.0,0.0,10.0,,-1.6305150985717773,5.693368911743164,-8.12728214263916,,
feedback,41.101337,1786508486533,7,57,10.0,0.0,10.0,,-1.4291719198226929,5.7355241775512695,-8.231233596801758,,
feedback,41.107826,1786508486542,7,57,10.0,0.0,10.0,,-1.5246680974960327,5.8544602394104,-8.2613525390625,,
feedback,41.115842,1786508486550,7,57,10.0,0.0,10.0,,-1.5813312530517578,5.983434677124023,-7.978163719177246,,
feedback,41.123930,1786508486559,7,57,10.0,0.0,10.0,,-1.7124981880187988,6.313321113586426,-7.618549346923828,,
feedback,41.132544,1786508486567,7,57,10.0,0.0,10.0,,-1.7197458744049072,6.259974479675293,-7.727757453918457,,
feedback,41.140628,1786508486576,7,57,10.0,0.0,10.0,,-1.6575486660003662,6.199662685394287,-7.954843044281006,,
feedback,41.149552,1786508486584,7,57,10.0,0.0,10.0,,-1.6736003160476685,6.16295862197876,-8.078312873840332,,
feedback,41.157550,1786508486592,7,57,10.0,0.0,10.0,,-1.7088855504989624,6.083221435546875,-8.129410743713379,,
feedback,41.164397,1786508486601,7,57,10.0,0.0,10.0,,-1.6683698892593384,5.964314937591553,-8.020527839660645,,
feedback,41.173322,1786508486609,7,57,10.0,0.0,10.0,,-1.737532138824463,5.859920978546143,-8.13558578491211,,
feedback,41.181031,1786508486618,7,57,10.0,0.0,10.0,,-1.7404813766479492,5.869340896606445,-8.1163969039917,,
feedback,41.189124,1786508486626,7,57,10.0,0.0,10.0,,-1.6731011867523193,5.9495697021484375,-7.651607513427734,,
feedback,41.197827,1786508486634,7,57,10.0,0.0,10.0,,-1.6491879224777222,6.151758670806885,-7.516637325286865,,
feedback,41.205819,1786508486643,7,57,10.0,0.0,10.0,,-1.6725751161575317,6.235525608062744,-7.843033313751221,,
feedback,41.216381,1786508486647,7,57,10.0,0.0,10.0,,-1.7348501682281494,6.192424774169922,-8.471635818481445,,
feedback,41.222309,1786508486655,7,57,10.0,0.0,10.0,,-1.7428902387619019,6.33315372467041,-8.41446590423584,,
feedback,41.229908,1786508486664,7,57,10.0,0.0,10.0,,-1.7066253423690796,6.383092880249023,-7.739123821258545,,
feedback,41.238575,1786508486672,7,57,10.0,0.0,10.0,,-1.7841311693191528,6.348988056182861,-7.952851295471191,,
feedback,41.246162,1786508486681,7,57,10.0,0.0,10.0,,-1.6542457342147827,6.065140724182129,-8.067740440368652,,
feedback,41.255202,1786508486689,7,57,10.0,0.0,10.0,,-1.5977402925491333,5.883719444274902,-7.661960124969482,,
feedback,41.262924,1786508486697,7,57,10.0,0.0,10.0,,-1.532727599143982,5.80032205581665,-7.544071197509766,,
feedback,41.272574,1786508486706,7,57,10.0,0.0,10.0,,-1.6340376138687134,5.722686767578125,-7.739349842071533,,
feedback,41.278964,1786508486714,7,57,10.0,0.0,10.0,,-1.6999390125274658,6.0179595947265625,-8.068716049194336,,
feedback,41.287914,1786508486723,7,57,10.0,0.0,10.0,,-1.8404005765914917,6.174099922180176,-7.965646266937256,,
feedback,41.295996,1786508486731,7,57,10.0,0.0,10.0,,-1.8358155488967896,6.137290000915527,-8.014187812805176,,
feedback,41.304241,1786508486740,7,57,10.0,0.0,10.0,,-1.839687705039978,6.250133037567139,-8.12875747680664,,
feedback,41.312381,1786508486748,7,57,10.0,0.0,10.0,,-1.7245936393737793,6.089681625366211,-7.9160590171813965,,
feedback,41.321026,1786508486757,7,57,10.0,0.0,10.0,,-1.7561739683151245,5.985196590423584,-7.8760199546813965,,
feedback,41.329663,1786508486765,7,57,10.0,0.0,10.0,,-1.7548760175704956,5.857757091522217,-7.513815879821777,,
feedback,41.336410,1786508486773,7,57,10.0,0.0,10.0,,-1.7606501579284668,5.734724998474121,-7.94581413269043,,
feedback,41.344641,1786508486782,7,57,10.0,0.0,10.0,,-1.7406567335128784,5.669745922088623,-8.183788299560547,,
feedback,41.353437,1786508486786,7,57,10.0,0.0,10.0,,-1.8043150901794434,5.563914775848389,-8.172945976257324,,
feedback,41.361010,1786508486795,7,57,10.0,0.0,10.0,,-1.7918511629104614,5.729739189147949,-8.15989875793457,,
feedback,41.369163,1786508486803,7,57,10.0,0.0,10.0,,-1.8940889835357666,5.84804105758667,-8.126333236694336,,
feedback,41.377294,1786508486812,7,57,10.0,0.0,10.0,,-1.7026212215423584,5.931356430053711,-7.933960914611816,,
feedback,41.385654,1786508486820,7,57,10.0,0.0,10.0,,-1.9033443927764893,5.992675304412842,-7.665378093719482,,
feedback,41.393587,1786508486829,7,57,10.0,0.0,10.0,,-1.8867393732070923,6.194312572479248,-7.37257719039917,,
feedback,41.401634,1786508486837,7,57,10.0,0.0,10.0,,-1.9503065347671509,6.013298988342285,-7.766180038452148,,
feedback,41.410047,1786508486846,7,57,10.0,0.0,10.0,,-1.8843344449996948,5.867247581481934,-8.04035758972168,,
feedback,41.418052,1786508486854,7,57,10.0,0.0,10.0,,-1.8379398584365845,5.7152934074401855,-7.9100847244262695,,
feedback,41.426262,1786508486863,7,57,10.0,0.0,10.0,,-1.7984458208084106,5.564645767211914,-8.126216888427734,,
feedback,41.434469,1786508486871,7,57,10.0,0.0,10.0,,-1.7883816957473755,5.60321044921875,-8.116514205932617,,
feedback,41.442840,1786508486879,7,57,10.0,0.0,10.0,,-1.8336832523345947,5.783984184265137,-8.030299186706543,,
feedback,41.450844,1786508486888,7,57,10.0,0.0,10.0,,-1.8668997287750244,6.0900115966796875,-7.803811550140381,,
feedback,41.459680,1786508486897,7,57,10.0,0.0,10.0,,-1.8988534212112427,6.1913652420043945,-7.592412948608398,,
feedback,41.467274,1786508486901,7,57,10.0,0.0,10.0,,-1.9466513395309448,6.271390914916992,-7.688998222351074,,
feedback,41.475422,1786508486910,7,57,10.0,0.0,10.0,,-1.9123107194900513,6.158752918243408,-8.00066089630127,,
feedback,41.483720,1786508486919,7,57,10.0,0.0,10.0,,-1.921297550201416,6.21102237701416,-8.226615905761719,,
feedback,41.491911,1786508486927,7,57,10.0,0.0,10.0,,-1.9118927717208862,6.132079124450684,-7.942631244659424,,
feedback,41.500051,1786508486936,7,57,10.0,0.0,10.0,,-1.8203550577163696,5.900643825531006,-7.919097900390625,,
feedback,41.508091,1786508486944,7,57,10.0,0.0,10.0,,-1.7888835668563843,5.915310382843018,-7.80133056640625,,
feedback,41.516601,1786508486952,7,57,10.0,0.0,10.0,,-1.8011096715927124,6.071889400482178,-7.462653160095215,,
feedback,41.525169,1786508486961,7,57,10.0,0.0,10.0,,-1.7335249185562134,5.892217636108398,-7.126849174499512,,
feedback,41.533399,1786508486969,7,57,10.0,0.0,10.0,,-1.8505443334579468,6.061836242675781,-7.757340908050537,,
feedback,41.541668,1786508486977,7,57,10.0,0.0,10.0,,-1.892981767654419,6.158844470977783,-8.11080265045166,,
feedback,41.549295,1786508486986,7,57,10.0,0.0,10.0,,-1.8979326486587524,6.276294231414795,-8.386977195739746,,
feedback,41.562178,1786508486994,7,57,10.0,0.0,10.0,,-1.8363476991653442,6.315493106842041,-7.837174892425537,,
feedback,41.565473,1786508486999,7,57,10.0,0.0,10.0,,-1.9246076345443726,6.328355312347412,-8.209553718566895,,
feedback,41.573328,1786508487007,7,57,10.0,0.0,10.0,,-1.700495958328247,6.420966148376465,-8.020942687988281,,
feedback,41.581953,1786508487016,7,57,10.0,0.0,10.0,,-1.4152774810791016,6.138490676879883,-7.753965854644775,,
feedback,41.589604,1786508487024,7,57,10.0,0.0,10.0,,-1.3992724418640137,5.931440830230713,-7.648348808288574,,
feedback,41.599141,1786508487032,7,57,10.0,0.0,10.0,,-1.455091953277588,5.748897075653076,-7.932383060455322,,
feedback,41.606759,1786508487041,7,57,10.0,0.0,10.0,,-1.4839627742767334,5.849452972412109,-8.060709953308105,,
feedback,41.617665,1786508487049,7,57,10.0,0.0,10.0,,-1.6473952531814575,5.926054000854492,-8.377878189086914,,
feedback,41.622747,1786508487058,7,57,10.0,0.0,10.0,,-1.7631261348724365,6.246457576751709,-7.900094509124756,,
feedback,41.630917,1786508487066,7,57,10.0,0.0,10.0,,-1.7981318235397339,6.231590747833252,-8.166220664978027,,
feedback,41.640609,1786508487074,7,57,10.0,0.0,10.0,,-1.7639373540878296,6.38259220123291,-8.09676456451416,,
feedback,41.647194,1786508487083,7,57,10.0,0.0,10.0,,-1.6559398174285889,6.295466899871826,-7.709707736968994,,
feedback,41.655141,1786508487091,7,57,10.0,0.0,10.0,,-1.4796137809753418,6.165266513824463,-7.448224067687988,,
feedback,41.663417,1786508487100,7,57,10.0,0.0,10.0,,-1.4922666549682617,5.936945915222168,-7.986372470855713,,
feedback,41.675440,1786508487108,7,57,10.0,0.0,10.0,,-1.5605449676513672,5.855520725250244,-8.141963958740234,,
feedback,41.679820,1786508487116,7,57,10.0,0.0,10.0,,-1.6206363439559937,5.751004219055176,-8.170589447021484,,
feedback,41.688371,1786508487125,7,57,10.0,0.0,10.0,,-1.6484582424163818,5.837743759155273,-8.108522415161133,,
feedback,41.697111,1786508487133,7,57,10.0,0.0,10.0,,-1.615060567855835,5.821046352386475,-8.08312702178955,,
feedback,41.705714,1786508487142,7,57,10.0,0.0,10.0,,-1.7703911066055298,6.112410545349121,-8.011627197265625,,
feedback,41.712898,1786508487150,7,57,10.0,0.0,10.0,,-1.7489941120147705,6.0531463623046875,-8.042167663574219,,
feedback,41.721733,1786508487159,7,57,10.0,0.0,10.0,,-1.873645305633545,6.215500354766846,-7.402534008026123,,
feedback,41.733224,1786508487163,7,57,10.0,0.0,10.0,,-1.867770791053772,6.185708522796631,-7.579620838165283,,
feedback,41.737520,1786508487171,7,57,10.0,0.0,10.0,,-1.8791334629058838,6.098911285400391,-7.936918258666992,,
feedback,41.745928,1786508487180,7,57,10.0,0.0,10.0,,-1.9526371955871582,5.950779438018799,-8.030038833618164,,
feedback,41.754769,1786508487188,7,57,10.0,0.0,10.0,,-1.9187958240509033,5.862992763519287,-8.130463600158691,,
feedback,41.762718,1786508487197,7,57,10.0,0.0,10.0,,-1.9054721593856812,5.880740642547607,-7.871693134307861,,
feedback,41.770798,1786508487205,7,57,10.0,0.0,10.0,,-1.8886196613311768,5.694742202758789,-7.852925777435303,,
feedback,41.779032,1786508487214,7,57,10.0,0.0,10.0,,-1.9147536754608154,5.838342189788818,-8.150141716003418,,
feedback,41.786601,1786508487222,7,57,10.0,0.0,10.0,,-1.8821756839752197,6.075103282928467,-7.667566299438477,,
feedback,41.794990,1786508487230,7,57,10.0,0.0,10.0,,-1.9873907566070557,6.174277305603027,-7.637614727020264,,
feedback,41.803865,1786508487239,7,57,10.0,0.0,10.0,,-2.069973945617676,6.3381781578063965,-8.035163879394531,,
feedback,41.811445,1786508487247,7,57,10.0,0.0,10.0,,-2.0521931648254395,6.311274528503418,-8.028183937072754,,
feedback,41.820297,1786508487256,7,57,10.0,0.0,10.0,,-2.087006092071533,6.319537162780762,-8.184118270874023,,
feedback,41.828113,1786508487264,7,57,10.0,0.0,10.0,,-1.9634913206100464,6.1929731369018555,-8.059067726135254,,
feedback,41.836728,1786508487273,7,57,10.0,0.0,10.0,,-1.8555588722229004,5.912090301513672,-8.132917404174805,,
feedback,41.846330,1786508487281,7,57,10.0,0.0,10.0,,-1.8608322143554688,5.865713596343994,-7.9919867515563965,,
feedback,41.852514,1786508487289,7,57,10.0,0.0,10.0,,-1.8160109519958496,5.8907084465026855,-7.53843355178833,,
feedback,41.860723,1786508487298,7,57,10.0,0.0,10.0,,-1.8537077903747559,6.0503692626953125,-7.831381320953369,,
feedback,41.868672,1786508487306,7,57,10.0,0.0,10.0,,-1.9116562604904175,6.068314075469971,-7.71908712387085,,
feedback,41.877130,1786508487310,7,57,10.0,0.0,10.0,,-2.0003488063812256,6.182391166687012,-8.012578010559082,,
feedback,41.885573,1786508487319,7,57,10.0,0.0,10.0,,-2.0281548500061035,6.442174434661865,-8.299838066101074,,
feedback,41.895293,1786508487328,7,57,10.0,0.0,10.0,,-1.928694725036621,6.357062339782715,-7.936729907989502,,
feedback,41.901308,1786508487336,7,57,10.0,0.0,10.0,,-1.7190616130828857,6.169517993927002,-8.08909797668457,,
feedback,41.910858,1786508487344,7,57,10.0,0.0,10.0,,-1.482796549797058,6.245479106903076,-8.002886772155762,,
feedback,41.918848,1786508487353,7,57,10.0,0.0,10.0,,-1.5061057806015015,6.011228561401367,-7.806486129760742,,
feedback,41.926738,1786508487361,7,57,10.0,0.0,10.0,,-1.3760122060775757,5.811180114746094,-7.715659141540527,,
feedback,41.934935,1786508487370,7,57,10.0,0.0,10.0,,-1.425803303718567,5.7854838371276855,-7.660747528076172,,
feedback,41.943509,1786508487378,7,57,10.0,0.0,10.0,,-1.686141848564148,5.905782699584961,-8.19951343536377,,
feedback,41.951564,1786508487387,7,57,10.0,0.0,10.0,,-1.5932188034057617,6.059542179107666,-8.230302810668945,,
feedback,41.958895,1786508487395,7,57,10.0,0.0,10.0,,-1.5578745603561401,6.223817348480225,-8.045138359069824,,
feedback,41.967181,1786508487403,7,57,10.0,0.0,10.0,,-1.6083183288574219,6.202887058258057,-8.045870780944824,,
feedback,41.975260,1786508487412,7,57,10.0,0.0,10.0,,-1.560054898262024,6.206580638885498,-7.764629364013672,,
feedback,41.984413,1786508487420,7,57,10.0,0.0,10.0,,-1.5693572759628296,6.0997185707092285,-7.598827362060547,,
feedback,41.992184,1786508487429,7,57,10.0,0.0,10.0,,-1.4891135692596436,5.977908134460449,-7.320586681365967,,
feedback,42.000754,1786508487437,7,57,10.0,0.0,10.0,,-1.5501900911331177,5.831206321716309,-7.95142126083374,,
feedback,42.008494,1786508487445,7,57,10.0,0.0,10.0,,-1.5637681484222412,5.674221992492676,-8.221714973449707,,
feedback,42.018419,1786508487454,7,57,10.0,0.0,10.0,,-1.5213735103607178,5.602865695953369,-8.156927108764648,,
feedback,42.025084,1786508487458,7,57,10.0,0.0,10.0,,-1.5431269407272339,5.554337024688721,-8.051782608032227,,
feedback,42.032446,1786508487467,7,57,10.0,0.0,10.0,,-1.7902723550796509,5.679161548614502,-8.064343452453613,,
feedback,42.040803,1786508487475,7,57,10.0,0.0,10.0,,-2.0248782634735107,6.142307758331299,-8.172562599182129,,
feedback,42.049369,1786508487483,7,57,10.0,0.0,10.0,,-2.0020742416381836,6.068087577819824,-7.820743560791016,,
feedback,42.057813,1786508487492,7,57,10.0,0.0,10.0,,-2.0923633575439453,6.427149772644043,-7.3544020652771,,
feedback,42.065913,1786508487501,7,57,10.0,0.0,10.0,,-2.1741201877593994,6.164979457855225,-7.685219764709473,,
feedback,42.073827,1786508487509,7,57,10.0,0.0,10.0,,-2.2354419231414795,6.206062316894531,-7.9950947761535645,,
feedback,42.081831,1786508487518,7,57,10.0,0.0,10.0,,-2.0388643741607666,5.96767520904541,-8.068649291992188,,
feedback,42.091012,1786508487526,7,57,10.0,0.0,10.0,,-1.9001063108444214,5.819818496704102,-8.166632652282715,,
feedback,42.099534,1786508487535,7,57,10.0,0.0,10.0,,-1.8689377307891846,5.705607891082764,-7.974138259887695,,
feedback,42.107068,1786508487543,7,57,10.0,0.0,10.0,,-1.9173413515090942,5.982171058654785,-7.93090295791626,,
feedback,42.115237,1786508487552,7,57,10.0,0.0,10.0,,-1.9457076787948608,6.160978317260742,-7.733767032623291,,
feedback,42.123472,1786508487560,7,57,10.0,0.0,10.0,,-1.8524020910263062,6.262640953063965,-7.396667957305908,,
feedback,42.134385,1786508487569,7,57,10.0,0.0,10.0,,-1.9288326501846313,6.240832805633545,-7.789430618286133,,
feedback,42.140204,1786508487573,7,57,10.0,0.0,10.0,,-2.102818250656128,6.337241172790527,-8.089448928833008,,
feedback,42.147608,1786508487582,7,57,10.0,0.0,10.0,,-2.013920307159424,6.276771545410156,-8.23774528503418,,
feedback,42.156152,1786508487590,7,57,10.0,0.0,10.0,,-1.9861199855804443,6.188231945037842,-8.195188522338867,,
feedback,42.164572,1786508487598,7,57,10.0,0.0,10.0,,-1.9358184337615967,6.173641204833984,-8.17843246459961,,
feedback,42.173011,1786508487607,7,57,10.0,0.0,10.0,,-1.4521647691726685,5.965567111968994,-7.995667457580566,,
feedback,42.180135,1786508487615,7,57,10.0,0.0,10.0,,-1.410362720489502,5.8031134605407715,-8.139256477355957,,
feedback,42.188089,1786508487624,7,57,10.0,0.0,10.0,,-1.378208875656128,5.954494476318359,-8.00243854522705,,
feedback,42.196456,1786508487632,7,57,10.0,0.0,10.0,,-1.4634686708450317,6.089179039001465,-7.677542209625244,,
feedback,42.205516,1786508487641,7,57,10.0,0.0,10.0,,-1.642760992050171,6.16236686706543,-7.897783279418945,,
feedback,42.212969,1786508487649,7,57,10.0,0.0,10.0,,-1.669734239578247,6.252867698669434,-8.24960994720459,,
feedback,42.221551,1786508487658,7,57,10.0,0.0,10.0,,-1.5429308414459229,6.2216572761535645,-8.195178031921387,,
feedback,42.229403,1786508487666,7,57,10.0,0.0,10.0,,-1.3978142738342285,6.194767951965332,-7.89680290222168,,
feedback,42.238652,1786508487674,7,57,10.0,0.0,10.0,,-1.5617514848709106,6.107736587524414,-8.095407485961914,,
feedback,42.245708,1786508487683,7,57,10.0,0.0,10.0,,-1.459120512008667,5.882302761077881,-8.017910957336426,,
feedback,42.254181,1786508487691,7,57,10.0,0.0,10.0,,-1.4591692686080933,5.712492942810059,-7.845438480377197,,
feedback,42.262616,1786508487699,7,57,10.0,0.0,10.0,,-1.5648688077926636,5.521548748016357,-7.68898868560791,,
feedback,42.271037,1786508487708,7,57,10.0,0.0,10.0,,-1.7216391563415527,5.630546569824219,-7.732017517089844,,
feedback,42.279063,1786508487712,7,57,10.0,0.0,10.0,,-1.6724026203155518,5.653461456298828,-7.7461628913879395,,
feedback,42.287236,1786508487721,7,57,10.0,0.0,10.0,,-1.9357084035873413,5.949201583862305,-8.235958099365234,,
feedback,42.298152,1786508487729,7,57,10.0,0.0,10.0,,-2.0392909049987793,6.119827747344971,-7.915035724639893,,
feedback,42.303341,1786508487737,7,57,10.0,0.0,10.0,,-2.0104033946990967,6.09637451171875,-7.99920654296875,,
feedback,42.311738,1786508487746,7,57,10.0,0.0,10.0,,-2.0396504402160645,6.044744968414307,-8.123587608337402,,
feedback,42.320026,1786508487754,7,57,10.0,0.0,10.0,,-1.9718358516693115,6.093186855316162,-7.5773234367370605,,
feedback,42.328367,1786508487763,7,57,10.0,0.0,10.0,,-1.9366477727890015,6.016468524932861,-7.522014141082764,,
feedback,42.335799,1786508487771,7,57,10.0,0.0,10.0,,-1.8803635835647583,5.839730262756348,-7.560054302215576,,
feedback,42.345074,1786508487780,7,57,10.0,0.0,10.0,,-1.8413807153701782,5.570291042327881,-7.978115081787109,,
feedback,42.352080,1786508487788,7,57,10.0,0.0,10.0,,-1.9928278923034668,5.79750919342041,-8.191168785095215,,
feedback,42.361318,1786508487796,7,57,10.0,0.0,10.0,,-1.9269042015075684,5.912960052490234,-7.795962810516357,,
feedback,42.368663,1786508487805,7,57,10.0,0.0,10.0,,-2.0272676944732666,6.044999599456787,-8.121814727783203,,
feedback,42.377460,1786508487813,7,57,10.0,0.0,10.0,,-2.056122303009033,6.258626937866211,-7.955264091491699,,
feedback,42.385560,1786508487822,7,57,10.0,0.0,10.0,,-1.9570039510726929,6.364044189453125,-7.925431728363037,,
feedback,42.394325,1786508487830,7,57,10.0,0.0,10.0,,-1.7921826839447021,6.285191059112549,-7.953498363494873,,
feedback,42.402291,1786508487838,7,57,10.0,0.0,10.0,,-1.402152180671692,6.208901405334473,-7.5373148918151855,,
feedback,42.409695,1786508487847,7,57,10.0,0.0,10.0,,-1.4412111043930054,5.864560604095459,-8.231887817382812,,
feedback,42.418686,1786508487855,7,57,10.0,0.0,10.0,,-1.491855502128601,5.82308292388916,-7.957113742828369,,
feedback,42.427285,1786508487860,7,57,10.0,0.0,10.0,,-1.5341140031814575,5.754517555236816,-8.048077583312988,,
feedback,42.434776,1786508487868,7,57,10.0,0.0,10.0,,-1.5365022420883179,5.914316177368164,-8.348699569702148,,
feedback,42.442978,1786508487877,7,57,10.0,0.0,10.0,,-1.5136216878890991,6.106550693511963,-8.109148025512695,,
feedback,42.451157,1786508487885,7,57,10.0,0.0,10.0,,-1.581565260887146,6.309805393218994,-8.046582221984863,,
feedback,42.459935,1786508487894,7,57,10.0,0.0,10.0,,-1.7427154779434204,6.3402228355407715,-7.9370198249816895,,
feedback,42.467812,1786508487902,7,57,10.0,0.0,10.0,,-1.733947515487671,6.431563854217529,-7.732739448547363,,
feedback,42.475545,1786508487910,7,57,10.0,0.0,10.0,,-1.625443696975708,6.430681228637695,-7.4967498779296875,,
feedback,42.484624,1786508487919,7,57,10.0,0.0,10.0,,-1.7443866729736328,6.10359525680542,-7.908039093017578,,
feedback,42.492262,1786508487928,7,57,10.0,0.0,10.0,,-1.9186573028564453,5.85598087310791,-8.055692672729492,,
feedback,42.501358,1786508487936,7,57,10.0,0.0,10.0,,-1.9222224950790405,5.889338493347168,-8.112871170043945,,
feedback,42.509154,1786508487945,7,57,10.0,0.0,10.0,,-1.9942518472671509,5.8598313331604,-7.907113552093506,,
feedback,42.519427,1786508487953,7,57,10.0,0.0,10.0,,-2.056368112564087,5.884943962097168,-8.162408828735352,,
feedback,42.524769,1786508487961,7,57,10.0,0.0,10.0,,-2.12162446975708,5.959846496582031,-7.903087139129639,,
feedback,42.533260,1786508487970,7,57,10.0,0.0,10.0,,-1.9804513454437256,6.021751880645752,-7.697524070739746,,
feedback,42.541532,1786508487978,7,57,10.0,0.0,10.0,,-1.911386489868164,6.04619026184082,-7.4271135330200195,,
feedback,42.549706,1786508487986,7,57,10.0,0.0,10.0,,-1.993084192276001,6.067906856536865,-7.804408073425293,,
feedback,42.557952,1786508487995,7,57,10.0,0.0,10.0,,-2.0436253547668457,6.0650410652160645,-8.260103225708008,,
feedback,42.565678,1786508487999,7,57,10.0,0.0,10.0,,-1.9281574487686157,5.926548957824707,-8.135144233703613,,
feedback,42.574743,1786508488008,7,57,10.0,0.0,10.0,,-2.0641376972198486,5.891462326049805,-8.20258617401123,,
feedback,42.582132,1786508488016,7,57,10.0,0.0,10.0,,-1.7917298078536987,5.744791030883789,-7.8670654296875,,
feedback,42.589947,1786508488024,7,57,10.0,0.0,10.0,,-1.8500431776046753,5.844028472900391,-7.948249340057373,,
feedback,42.598605,1786508488033,7,57,10.0,0.0,10.0,,-1.5586187839508057,5.940748691558838,-7.904281139373779,,
feedback,42.606933,1786508488041,7,57,10.0,0.0,10.0,,-1.4382563829421997,6.018322467803955,-7.873665809631348,,
feedback,42.615142,1786508488050,7,57,10.0,0.0,10.0,,-1.3474218845367432,6.098966121673584,-7.597315311431885,,
feedback,42.623506,1786508488058,7,57,10.0,0.0,10.0,,-1.6271042823791504,6.0990777015686035,-7.9193902015686035,,
feedback,42.634754,1786508488067,7,57,10.0,0.0,10.0,,-1.6924406290054321,6.24796724319458,-8.114455223083496,,
feedback,42.639219,1786508488075,7,57,10.0,0.0,10.0,,-1.5588096380233765,6.244081497192383,-8.280458450317383,,
feedback,42.647206,1786508488083,7,57,10.0,0.0,10.0,,-1.4934911727905273,6.1138081550598145,-8.089143753051758,,
feedback,42.656243,1786508488092,7,57,10.0,0.0,10.0,,-1.524566650390625,5.876624584197998,-8.173104286193848,,
feedback,42.664028,1786508488100,7,57,10.0,0.0,10.0,,-1.3895540237426758,5.758791446685791,-8.028109550476074,,
feedback,42.672306,1786508488108,7,57,10.0,0.0,10.0,,-1.5086109638214111,5.868143081665039,-7.796604633331299,,
feedback,42.680038,1786508488117,7,57,10.0,0.0,10.0,,-1.6518093347549438,6.041120529174805,-7.59312629699707,,
feedback,42.690394,1786508488125,7,57,10.0,0.0,10.0,,-1.9292809963226318,6.261031627655029,-7.942331314086914,,
feedback,42.697222,1786508488133,7,57,10.0,0.0,10.0,,-2.310715675354004,6.430385112762451,-8.044486999511719,,
feedback,42.705818,1786508488142,7,57,10.0,0.0,10.0,,-2.3137362003326416,6.305952072143555,-7.99822998046875,,
feedback,42.713658,1786508488150,7,57,10.0,0.0,10.0,,-2.3068416118621826,6.371455669403076,-7.862550258636475,,
feedback,42.722340,1786508488159,7,57,10.0,0.0,10.0,,-2.2013816833496094,6.329555511474609,-7.8986945152282715,,
feedback,42.730068,1786508488167,7,57,10.0,0.0,10.0,,-1.9872009754180908,5.940204620361328,-7.830202102661133,,
feedback,42.740740,1786508488177,7,57,10.0,0.0,10.0,,-1.909704327583313,5.767633438110352,-7.787337303161621,,
feedback,42.750066,1786508488185,7,57,10.0,0.0,10.0,,-1.8332526683807373,5.761657238006592,-7.527989864349365,,
feedback,42.756587,1786508488193,7,57,10.0,0.0,10.0,,-1.8854118585586548,5.975738525390625,-7.479034423828125,,
feedback,42.764570,1786508488202,7,57,10.0,0.0,10.0,,-1.8898199796676636,6.0637688636779785,-7.982115268707275,,
feedback,42.773652,1786508488206,7,57,10.0,0.0,10.0,,-1.8542414903640747,6.004744052886963,-8.011245727539062,,
feedback,42.780659,1786508488215,7,57,10.0,0.0,10.0,,-1.5336626768112183,5.9368977546691895,-8.252949714660645,,
feedback,42.789253,1786508488223,7,57,10.0,0.0,10.0,,-1.4778228998184204,6.008545398712158,-8.403529167175293,,
feedback,42.797445,1786508488232,7,57,10.0,0.0,10.0,,-1.6143605709075928,6.229050636291504,-8.11148738861084,,
feedback,42.805456,1786508488240,7,57,10.0,0.0,10.0,,-1.4722578525543213,5.836366653442383,-7.878456115722656,,
feedback,42.813704,1786508488248,7,57,10.0,0.0,10.0,,-1.3022966384887695,5.626907825469971,-8.075512886047363,,
feedback,42.822453,1786508488257,7,57,10.0,0.0,10.0,,-1.1500734090805054,5.501705169677734,-7.942749977111816,,
feedback,42.830161,1786508488265,7,57,10.0,0.0,10.0,,-1.1552613973617554,5.639023303985596,-7.692831993103027,,
feedback,42.838054,1786508488273,7,57,10.0,0.0,10.0,,-1.2556161880493164,5.65154504776001,-8.079916000366211,,
feedback,42.846333,1786508488282,7,57,10.0,0.0,10.0,,-1.6601587533950806,5.914021968841553,-7.943413257598877,,
feedback,42.855273,1786508488290,7,57,10.0,0.0,10.0,,-1.827807903289795,6.012117385864258,-8.094090461730957,,
feedback,42.863002,1786508488299,7,57,10.0,0.0,10.0,,-2.0532875061035156,6.256141662597656,-7.9440388679504395,,
feedback,42.871593,1786508488307,7,57,10.0,0.0,10.0,,-2.1567912101745605,6.238758087158203,-7.921311378479004,,
feedback,42.879279,1786508488316,7,57,10.0,0.0,10.0,,-2.2777421474456787,6.308469772338867,-8.015880584716797,,
feedback,42.887905,1786508488324,7,57,10.0,0.0,10.0,,-2.1676487922668457,6.145400524139404,-7.785275459289551,,
feedback,42.895596,1786508488332,7,57,10.0,0.0,10.0,,-2.1140694618225098,6.268535614013672,-7.575597763061523,,
feedback,42.904630,1786508488341,7,57,10.0,0.0,10.0,,-1.823408842086792,5.923624515533447,-7.686165809631348,,
feedback,42.912110,1786508488349,7,57,10.0,0.0,10.0,,-2.0734033584594727,6.2316107749938965,-7.7502946853637695,,
feedback,42.920109,1786508488357,7,57,10.0,0.0,10.0,,-2.2704854011535645,6.394399642944336,-8.049967765808105,,
feedback,42.929168,1786508488366,7,57,10.0,0.0,10.0,,-2.291036605834961,6.372267723083496,-8.16268253326416,,
feedback,42.937600,1786508488370,7,57,10.0,0.0,10.0,,-2.2242636680603027,6.3905134201049805,-8.174540519714355,,
feedback,42.945123,1786508488378,7,57,10.0,0.0,10.0,,-1.7192021608352661,6.2155914306640625,-8.097352981567383,,
feedback,42.953223,1786508488387,7,57,10.0,0.0,10.0,,-1.5502656698226929,6.145604133605957,-8.26762580871582,,
feedback,42.963838,1786508488395,7,57,10.0,0.0,10.0,,-1.4948620796203613,6.110421180725098,-8.016027450561523,,
feedback,42.970008,1786508488404,7,57,10.0,0.0,10.0,,-1.4627420902252197,5.914178848266602,-7.564400672912598,,
feedback,42.978726,1786508488412,7,57,10.0,0.0,10.0,,-1.3553617000579834,5.940053939819336,-7.685003757476807,,
feedback,42.986198,1786508488421,7,57,10.0,0.0,10.0,,-1.1019400358200073,5.583750247955322,-7.674866199493408,,
feedback,42.993970,1786508488429,7,57,10.0,0.0,10.0,,-1.3154950141906738,5.6874494552612305,-7.979583740234375,,
feedback,43.002328,1786508488437,7,57,10.0,0.0,10.0,,-1.4888547658920288,6.019287586212158,-8.132230758666992,,
feedback,43.011344,1786508488446,7,57,10.0,0.0,10.0,,-1.6670913696289062,6.23490047454834,-8.046858787536621,,
feedback,43.022379,1786508488454,7,57,10.0,0.0,10.0,,-1.8449629545211792,6.129115581512451,-8.055636405944824,,
feedback,43.027031,1786508488459,7,57,10.0,0.0,10.0,,-1.9101539850234985,6.119238376617432,-8.058411598205566,,
feedback,43.035516,1786508488471,7,57,10.0,0.0,10.0,,-2.2043325901031494,6.033761024475098,-7.81257438659668,,
feedback,43.043446,1786508488479,7,57,10.0,0.0,10.0,,-1.9572888612747192,5.874399185180664,-7.556255340576172,,
feedback,43.051925,1786508488488,7,57,10.0,0.0,10.0,,-1.916425347328186,5.752303123474121,-7.509002685546875,,
feedback,43.059715,1786508488496,7,57,10.0,0.0,10.0,,-1.9160754680633545,5.566741466522217,-7.961634159088135,,
feedback,43.067877,1786508488505,7,57,10.0,0.0,10.0,,-1.9150034189224243,5.7308220863342285,-8.126222610473633,,
feedback,43.078194,1786508488513,7,57,10.0,0.0,10.0,,-2.0686047077178955,5.978362083435059,-7.840216159820557,,
feedback,43.084213,1786508488522,7,57,10.0,0.0,10.0,,-2.235182285308838,6.2613935470581055,-8.12290096282959,,
feedback,43.092414,1786508488530,7,57,10.0,0.0,10.0,,-2.002307653427124,6.126893043518066,-8.131678581237793,,
feedback,43.100794,1786508488534,7,57,10.0,0.0,10.0,,-1.7029234170913696,6.045082092285156,-8.160248756408691,,
feedback,43.108968,1786508488543,7,57,10.0,0.0,10.0,,-1.3038665056228638,5.849534511566162,-8.154332160949707,,
feedback,43.117248,1786508488551,7,57,10.0,0.0,10.0,,-1.4496709108352661,6.091351509094238,-7.740743637084961,,
feedback,43.125342,1786508488559,7,57,10.0,0.0,10.0,,-1.2960119247436523,5.970473289489746,-7.726417541503906,,
feedback,43.134916,1786508488568,7,57,10.0,0.0,10.0,,-1.195993185043335,5.77528715133667,-8.0960693359375,,
feedback,43.142109,1786508488576,7,57,10.0,0.0,10.0,,-1.360853672027588,5.820462703704834,-8.150436401367188,,
feedback,43.150233,1786508488585,7,57,10.0,0.0,10.0,,-1.4339662790298462,5.947052955627441,-8.116065979003906,,
feedback,43.158439,1786508488593,7,57,10.0,0.0,10.0,,-1.6318460702896118,6.202287673950195,-8.099298477172852,,
feedback,43.166662,1786508488602,7,57,10.0,0.0,10.0,,-1.99612295627594,6.522355556488037,-7.9748382568359375,,
feedback,43.174848,1786508488610,7,57,10.0,0.0,10.0,,-2.166409492492676,6.407316207885742,-7.96002721786499,,
feedback,43.182989,1786508488618,7,57,10.0,0.0,10.0,,-2.188020944595337,6.335690498352051,-8.008249282836914,,
feedback,43.193381,1786508488627,7,57,10.0,0.0,10.0,,-2.0959222316741943,6.197216987609863,-7.548397541046143,,
feedback,43.198794,1786508488635,7,57,10.0,0.0,10.0,,-2.060976505279541,6.147489070892334,-7.576056003570557,,
feedback,43.207376,1786508488644,7,57,10.0,0.0,10.0,,-1.9114705324172974,5.859864711761475,-7.842341423034668,,
feedback,43.216618,1786508488652,7,57,10.0,0.0,10.0,,-1.86440908908844,5.706390380859375,-7.717049598693848,,
feedback,43.224158,1786508488660,7,57,10.0,0.0,10.0,,-2.1117570400238037,6.0425519943237305,-8.017995834350586,,
feedback,43.232452,1786508488669,7,57,10.0,0.0,10.0,,-2.168727397918701,6.296355724334717,-8.292417526245117,,
feedback,43.240165,1786508488677,7,57,10.0,0.0,10.0,,-2.013218641281128,6.237719535827637,-8.122947692871094,,
feedback,43.253073,1786508488686,7,57,10.0,0.0,10.0,,-1.505804181098938,6.05384635925293,-8.21471881866455,,
feedback,43.256635,1786508488690,7,57,10.0,0.0,10.0,,-1.4624558687210083,5.979473114013672,-8.10171127319336,,
feedback,43.264529,1786508488698,7,57,10.0,0.0,10.0,,-1.4796403646469116,6.0290446281433105,-7.8667893409729,,
feedback,43.273498,1786508488707,7,57,10.0,0.0,10.0,,-1.2560808658599854,5.920516490936279,-7.622862815856934,,
feedback,43.281770,1786508488715,7,57,10.0,0.0,10.0,,-1.2106777429580688,5.52332878112793,-7.840702533721924,,
feedback,43.290091,1786508488723,7,57,10.0,0.0,10.0,,-1.2273250818252563,5.450109958648682,-7.8333048820495605,,
feedback,43.297347,1786508488732,7,57,10.0,0.0,10.0,,-1.3522157669067383,5.553819179534912,-8.309776306152344,,
feedback,43.306058,1786508488740,7,57,10.0,0.0,10.0,,-1.901646375656128,6.026742935180664,-8.253052711486816,,
feedback,43.313704,1786508488749,7,57,10.0,0.0,10.0,,-2.022620916366577,6.1460371017456055,-7.691003799438477,,
feedback,43.322418,1786508488757,7,57,10.0,0.0,10.0,,-2.198155164718628,6.236234664916992,-8.063323974609375,,
feedback,43.330533,1786508488765,7,57,10.0,0.0,10.0,,-2.252053737640381,6.278691291809082,-7.848123550415039,,
feedback,43.338246,1786508488774,7,57,10.0,0.0,10.0,,-2.1035730838775635,6.121020793914795,-7.4121174812316895,,
feedback,43.346667,1786508488782,7,57,10.0,0.0,10.0,,-1.9260907173156738,5.893396377563477,-7.321512222290039,,
feedback,43.354923,1786508488790,7,57,10.0,0.0,10.0,,-1.88176429271698,5.580974578857422,-7.190577507019043,,
feedback,43.365585,1786508488799,7,57,10.0,0.0,10.0,,-1.8158512115478516,5.1430253982543945,-7.069667816162109,,
feedback,43.371378,1786508488807,7,57,10.0,0.0,10.0,,-1.8466423749923706,5.237032413482666,-7.320886135101318,,
feedback,43.379249,1786508488816,7,57,10.0,0.0,10.0,,-1.5892530679702759,5.209247589111328,-7.170638561248779,,
feedback,43.388319,1786508488824,7,57,10.0,0.0,10.0,,-1.2887390851974487,5.145023345947266,-6.850437164306641,,
feedback,43.396157,1786508488833,7,57,10.0,0.0,10.0,,-1.1062201261520386,4.958977222442627,-6.537184715270996,,
feedback,43.404131,1786508488841,7,57,10.0,0.0,10.0,,-1.2590241432189941,4.819631099700928,-6.343357086181641,,
feedback,43.412804,1786508488849,7,57,10.0,0.0,10.0,,-1.002455711364746,4.474062442779541,-5.856123447418213,,
feedback,43.422602,1786508488858,7,57,10.0,0.0,10.0,,-0.742950439453125,4.196326732635498,-5.489507675170898,,
feedback,43.429486,1786508488862,7,57,10.0,0.0,10.0,,-0.8114275932312012,4.083244800567627,-5.386350154876709,,
feedback,43.436863,1786508488870,7,57,10.0,0.0,10.0,,-0.7087752223014832,3.9990057945251465,-5.164258003234863,,
feedback,43.445314,1786508488879,7,57,10.0,0.0,10.0,,-0.3920319676399231,3.6707446575164795,-4.621747970581055,,
feedback,43.453496,1786508488887,7,57,10.0,0.0,10.0,,-0.47059595584869385,3.5432305335998535,-4.3678131103515625,,
feedback,43.461285,1786508488896,7,57,10.0,0.0,10.0,,-0.5434982776641846,3.338264226913452,-4.30443811416626,,
feedback,43.469259,1786508488904,7,57,10.0,0.0,10.0,,-0.5634852051734924,3.1680819988250732,-4.121834754943848,,
feedback,43.477846,1786508488913,7,57,10.0,0.0,10.0,,-0.6091324687004089,3.179734706878662,-3.7460732460021973,,
feedback,43.485703,1786508488921,7,57,10.0,0.0,10.0,,-0.4405767321586609,2.9446637630462646,-3.75252628326416,,
feedback,43.494056,1786508488930,7,57,10.0,0.0,10.0,,-0.3921290338039398,3.106464385986328,-3.5997588634490967,,
feedback,43.502742,1786508488938,7,57,10.0,0.0,10.0,,-0.37794622778892517,3.285719633102417,-3.4985668659210205,,
feedback,43.510898,1786508488947,7,57,10.0,0.0,10.0,,-0.32002124190330505,3.5563101768493652,-3.658918619155884,,
feedback,43.519292,1786508488956,7,57,10.0,0.0,10.0,,-0.15647053718566895,3.797774076461792,-3.876662015914917,,
feedback,43.527390,1786508488964,7,57,10.0,0.0,10.0,,-0.006645171903073788,3.82741641998291,-4.059195518493652,,
feedback,43.536182,1786508488972,7,57,10.0,0.0,10.0,,0.10549185425043106,4.050617694854736,-4.159337043762207,,
feedback,43.543967,1786508488981,7,57,10.0,0.0,10.0,,0.1193743571639061,4.355707168579102,-4.232748985290527,,
feedback,43.551867,1786508488985,7,57,10.0,0.0,10.0,,0.12934836745262146,4.374091625213623,-4.436513900756836,,
feedback,43.561018,1786508488994,7,57,10.0,0.0,10.0,,0.2600974440574646,4.487464904785156,-4.5587687492370605,,
feedback,43.568291,1786508489002,7,57,10.0,0.0,10.0,,0.7844930291175842,4.205111980438232,-4.782374382019043,,
feedback,43.576860,1786508489010,7,57,10.0,0.0,10.0,,0.9842353463172913,4.112697601318359,-4.732733249664307,,
feedback,43.585445,1786508489019,7,57,10.0,0.0,10.0,,0.8324959874153137,4.233746528625488,-4.668954849243164,,
feedback,43.593721,1786508489027,7,57,10.0,0.0,10.0,,0.9196621179580688,4.193111896514893,-4.623978614807129,,
feedback,43.600668,1786508489036,7,57,10.0,0.0,10.0,,0.9068076610565186,4.176351547241211,-4.492924690246582,,
feedback,43.609373,1786508489044,7,57,10.0,0.0,10.0,,0.9703912138938904,4.329584121704102,-4.354360103607178,,
feedback,43.617095,1786508489053,7,57,10.0,0.0,10.0,,0.7349337339401245,4.467084884643555,-4.049901008605957,,
feedback,43.625343,1786508489061,7,57,10.0,0.0,10.0,,0.5004402995109558,4.384714603424072,-3.9356188774108887,,
feedback,43.634451,1786508489069,7,57,10.0,0.0,10.0,,0.30334872007369995,4.242512226104736,-3.947052478790283,,
feedback,43.642198,1786508489078,7,57,10.0,0.0,10.0,,0.19894059002399445,4.108431339263916,-3.7121472358703613,,
feedback,43.652330,1786508489086,7,57,10.0,0.0,10.0,,0.3072621822357178,3.938999891281128,-3.65604567527771,,
feedback,43.659628,1786508489095,7,57,10.0,0.0,10.0,,0.38628464937210083,3.7404048442840576,-3.518627643585205,,
feedback,43.667042,1786508489103,7,57,10.0,0.0,10.0,,0.3901439607143402,3.476485013961792,-3.3135836124420166,,
feedback,43.676908,1786508489111,7,57,10.0,0.0,10.0,,0.6013988256454468,3.232941150665283,-3.0578761100769043,,
feedback,43.683094,1786508489120,7,57,10.0,0.0,10.0,,0.5846104025840759,2.958167552947998,-2.7601773738861084,,
feedback,43.691351,1786508489128,7,57,10.0,0.0,10.0,,0.6313475966453552,2.548790693283081,-2.36367130279541,,
feedback,43.699110,1786508489137,7,57,10.0,0.0,10.0,,0.7322862148284912,2.4431369304656982,-2.276812791824341,,
feedback,43.709448,1786508489145,7,57,10.0,0.0,10.0,,0.928253710269928,2.6769275665283203,-2.3433687686920166,,
feedback,43.715452,1786508489149,7,57,10.0,0.0,10.0,,1.0187137126922607,2.839329481124878,-2.4217655658721924,,
feedback,43.724525,1786508489158,7,57,10.0,0.0,10.0,,1.3029347658157349,3.0838098526000977,-2.662956476211548,,
feedback,43.732497,1786508489166,7,57,10.0,0.0,10.0,,1.789546251296997,3.1971335411071777,-2.8867204189300537,,
feedback,43.741131,1786508489174,7,57,10.0,0.0,10.0,,1.9144914150238037,3.6092472076416016,-2.9362597465515137,,
feedback,43.748712,1786508489183,7,57,10.0,0.0,10.0,,1.8913685083389282,3.9395973682403564,-2.962290048599243,,
feedback,43.757526,1786508489191,7,57,10.0,0.0,10.0,,2.2778899669647217,3.998284339904785,-3.1549079418182373,,
feedback,43.765630,1786508489200,7,57,10.0,0.0,10.0,,2.4213037490844727,4.050901889801025,-3.1290853023529053,,
feedback,43.773034,1786508489208,7,57,10.0,0.0,10.0,,2.4250996112823486,4.258298873901367,-3.2592456340789795,,
feedback,43.781334,1786508489217,7,57,10.0,0.0,10.0,,2.3581840991973877,4.4060378074646,-3.366748809814453,,
feedback,43.789837,1786508489225,7,57,10.0,0.0,10.0,,2.3268702030181885,4.378970146179199,-3.294517993927002,,
feedback,43.798017,1786508489234,7,57,10.0,0.0,10.0,,2.0623795986175537,4.1912007331848145,-3.1558046340942383,,
feedback,43.805877,1786508489242,7,57,10.0,0.0,10.0,,1.827493667602539,4.160896301269531,-3.1375744342803955,,
feedback,43.814560,1786508489251,7,57,10.0,0.0,10.0,,1.7832344770431519,4.087878227233887,-3.0803868770599365,,
feedback,43.822077,1786508489259,7,57,10.0,0.0,10.0,,1.8884884119033813,3.7760255336761475,-2.9884660243988037,,
feedback,43.830366,1786508489268,7,57,10.0,0.0,10.0,,1.7658846378326416,3.745443820953369,-2.860874652862549,,
feedback,43.839040,1786508489272,7,57,10.0,0.0,10.0,,1.6789578199386597,3.657729148864746,-2.7976675033569336,,
feedback,43.848137,1786508489281,7,57,10.0,0.0,10.0,,1.6007936000823975,3.6271286010742188,-2.747281312942505,,
feedback,43.855073,1786508489289,7,57,10.0,0.0,10.0,,1.7963787317276,3.6121532917022705,-2.680755376815796,,
feedback,43.863507,1786508489297,7,57,10.0,0.0,10.0,,2.1150994300842285,3.4434359073638916,-2.8205783367156982,,
feedback,43.871925,1786508489306,7,57,10.0,0.0,10.0,,2.0532586574554443,3.3334012031555176,-2.5579121112823486,,
feedback,43.879185,1786508489314,7,57,10.0,0.0,10.0,,1.9714248180389404,3.1937496662139893,-2.420797109603882,,
feedback,43.887872,1786508489323,7,57,10.0,0.0,10.0,,1.9819995164871216,3.0817549228668213,-2.1972007751464844,,
feedback,43.896568,1786508489331,7,57,10.0,0.0,10.0,,2.218790292739868,2.5404913425445557,-2.072815418243408,,
feedback,43.904016,1786508489339,7,57,10.0,0.0,10.0,,1.9973886013031006,2.35517954826355,-1.747999668121338,,
feedback,43.912007,1786508489348,7,57,10.0,0.0,10.0,,1.876137614250183,2.04760479927063,-1.612233281135559,,
feedback,43.919978,1786508489356,7,57,10.0,0.0,10.0,,1.5974109172821045,1.952232837677002,-1.4891856908798218,,
feedback,43.930356,1786508489365,7,57,10.0,0.0,10.0,,1.5160084962844849,1.7597779035568237,-1.25801420211792,,
feedback,43.936789,1786508489373,7,57,10.0,0.0,10.0,,1.5658291578292847,1.8913501501083374,-1.1913342475891113,,
feedback,43.945445,1786508489381,7,57,10.0,0.0,10.0,,1.8181582689285278,2.0182714462280273,-1.2777297496795654,,
feedback,43.953280,1786508489390,7,57,10.0,0.0,10.0,,1.902225375175476,2.1024904251098633,-1.3069732189178467,,
feedback,43.961942,1786508489398,7,57,10.0,0.0,10.0,,1.8864595890045166,2.3511979579925537,-1.2873317003250122,,
feedback,43.970202,1786508489406,7,57,10.0,0.0,10.0,,2.088864803314209,2.451016902923584,-1.337457299232483,,
feedback,43.978301,1786508489415,7,57,10.0,0.0,10.0,,2.254519462585449,2.544583559036255,-1.390653371810913,,
feedback,43.986634,1786508489423,7,57,10.0,0.0,10.0,,2.1339528560638428,2.5196375846862793,-1.228042721748352,,
feedback,43.993789,1786508489427,7,57,10.0,0.0,10.0,,2.1121528148651123,2.6746461391448975,-1.165747880935669,,
feedback,44.002598,1786508489436,7,57,10.0,0.0,10.0,,2.287240505218506,2.8138210773468018,-1.3023171424865723,,
feedback,44.010902,1786508489444,7,57,10.0,0.0,10.0,,2.3591489791870117,2.98732852935791,-1.406661868095398,,
feedback,44.018343,1786508489453,7,57,10.0,0.0,10.0,,2.462188243865967,3.2191193103790283,-1.4023102521896362,,
feedback,44.026669,1786508489461,7,57,10.0,0.0,10.0,,2.691925048828125,3.366330146789551,-1.5232247114181519,,
feedback,44.035146,1786508489470,7,57,10.0,0.0,10.0,,3.0592665672302246,3.521449089050293,-1.701856017112732,,
feedback,44.043269,1786508489478,7,57,10.0,0.0,10.0,,3.4021944999694824,3.6629748344421387,-1.8571516275405884,,
feedback,44.051538,1786508489487,7,57,10.0,0.0,10.0,,3.348306655883789,3.6765949726104736,-1.8927953243255615,,
feedback,44.059569,1786508489495,7,57,10.0,0.0,10.0,,3.4624807834625244,3.749455213546753,-1.9482609033584595,,
feedback,44.068075,1786508489503,7,57,10.0,0.0,10.0,,3.6119883060455322,3.6642394065856934,-1.9708614349365234,,
feedback,44.076171,1786508489512,7,57,10.0,0.0,10.0,,3.4375762939453125,3.603914260864258,-1.953708529472351,,
feedback,44.085117,1786508489520,7,57,10.0,0.0,10.0,,3.4656362533569336,3.5784108638763428,-1.9085638523101807,,
feedback,44.092711,1786508489529,7,57,10.0,0.0,10.0,,3.05967378616333,3.409501075744629,-1.6971746683120728,,
feedback,44.100629,1786508489537,7,57,10.0,0.0,10.0,,2.775491714477539,3.122171401977539,-1.5075880289077759,,
feedback,44.110520,1786508489546,7,57,10.0,0.0,10.0,,2.598264455795288,2.9130215644836426,-1.3221030235290527,,
feedback,44.116577,1786508489554,7,57,10.0,0.0,10.0,,2.38637638092041,2.790531873703003,-1.3358447551727295,,
feedback,44.124729,1786508489562,7,57,10.0,0.0,10.0,,2.257089853286743,2.682455062866211,-1.3006559610366821,,
feedback,44.133728,1786508489571,7,57,10.0,0.0,10.0,,2.1248180866241455,2.6093809604644775,-1.2809585332870483,,
feedback,44.142387,1786508489575,7,57,10.0,0.0,10.0,,2.1526601314544678,2.6153078079223633,-1.3150221109390259,,
feedback,44.150429,1786508489584,7,57,10.0,0.0,10.0,,2.192020893096924,2.665069580078125,-1.2465240955352783,,
feedback,44.158698,1786508489592,7,57,10.0,0.0,10.0,,2.2651028633117676,2.6795172691345215,-1.2307785749435425,,
feedback,44.166177,1786508489600,7,57,10.0,0.0,10.0,,2.190181255340576,2.675123929977417,-1.0996549129486084,,
feedback,44.174312,1786508489609,7,57,10.0,0.0,10.0,,2.248598337173462,2.457016944885254,-1.014977216720581,,
feedback,44.182149,1786508489617,7,57,10.0,0.0,10.0,,2.2308826446533203,2.2758240699768066,-0.9311601519584656,,
feedback,44.191391,1786508489626,7,57,10.0,0.0,10.0,,2.3836727142333984,2.101999044418335,-1.0681065320968628,,
feedback,44.198855,1786508489634,7,57,10.0,0.0,10.0,,2.2864062786102295,2.019036054611206,-1.0422403812408447,,
feedback,44.207642,1786508489643,7,57,10.0,0.0,10.0,,2.165801525115967,2.0090320110321045,-0.8717960715293884,,
feedback,44.214824,1786508489651,7,57,10.0,0.0,10.0,,2.1216964721679688,1.9933264255523682,-0.7356579899787903,,
feedback,44.224735,1786508489660,7,57,10.0,0.0,10.0,,2.3403472900390625,1.9969953298568726,-0.7580521702766418,,
feedback,44.231251,1786508489668,7,57,10.0,0.0,10.0,,2.737600326538086,1.9357999563217163,-0.801991879940033,,
feedback,44.240241,1786508489677,7,57,10.0,0.0,10.0,,2.944685459136963,2.0489442348480225,-0.8109238743782043,,
feedback,44.247792,1786508489685,7,57,10.0,0.0,10.0,,3.1212387084960938,2.2162299156188965,-0.8324159979820251,,
feedback,44.256730,1786508489693,7,57,10.0,0.0,10.0,,3.3584842681884766,2.264397621154785,-0.7446629405021667,,
feedback,44.264436,1786508489702,7,57,10.0,0.0,10.0,,3.6677935123443604,2.423539400100708,-0.8277385830879211,,
feedback,44.275987,1786508489706,7,57,10.0,0.0,10.0,,3.7593398094177246,2.5336050987243652,-0.8662301898002625,,
feedback,44.280440,1786508489715,7,57,10.0,0.0,10.0,,3.8003697395324707,2.7863900661468506,-0.77696293592453,,
feedback,44.288859,1786508489723,7,57,10.0,0.0,10.0,,3.8738250732421875,2.9316070079803467,-0.697052001953125,,
feedback,44.297337,1786508489732,7,57,10.0,0.0,10.0,,3.9560694694519043,3.0001914501190186,-0.5102444887161255,,
feedback,44.305733,1786508489740,7,57,10.0,0.0,10.0,,4.159111499786377,3.1460134983062744,-0.5183919072151184,,
feedback,44.313297,1786508489749,7,57,10.0,0.0,10.0,,4.339417457580566,3.3281304836273193,-0.6615567803382874,,
feedback,44.321178,1786508489757,7,57,10.0,0.0,10.0,,4.6151509284973145,3.4099457263946533,-0.6790307760238647,,
feedback,44.332400,1786508489765,7,57,10.0,0.0,10.0,,4.723283290863037,3.6891822814941406,-0.36990290880203247,,
feedback,44.337667,1786508489774,7,57,10.0,0.0,10.0,,5.051352500915527,3.6805241107940674,-0.6097716689109802,,
feedback,44.346829,1786508489782,7,57,10.0,0.0,10.0,,5.513749122619629,3.710378408432007,-0.8043333888053894,,
feedback,44.354428,1786508489791,7,57,10.0,0.0,10.0,,5.691617965698242,3.782841444015503,-0.9499577879905701,,
feedback,44.362458,1786508489799,7,57,10.0,0.0,10.0,,5.437983512878418,3.628436326980591,-0.9594255089759827,,
feedback,44.370477,1786508489807,7,57,10.0,0.0,10.0,,5.322465896606445,3.478276014328003,-1.1005260944366455,,
feedback,44.378864,1786508489816,7,57,10.0,0.0,10.0,,5.0245041847229,3.410586357116699,-1.0155397653579712,,
feedback,44.387354,1786508489824,7,57,10.0,0.0,10.0,,4.537932395935059,3.2428855895996094,-0.8810911774635315,,
feedback,44.395329,1786508489828,7,57,10.0,0.0,10.0,,4.249541759490967,3.177860736846924,-0.8120588660240173,,
feedback,44.403699,1786508489838,7,57,10.0,0.0,10.0,,3.89542818069458,3.0318799018859863,-0.734868049621582,,
feedback,44.411515,1786508489846,7,57,10.0,0.0,10.0,,3.827281951904297,2.854851484298706,-0.6863284111022949,,
feedback,44.420166,1786508489855,7,57,10.0,0.0,10.0,,3.689826726913452,2.9453318119049072,-0.6666150689125061,,
feedback,44.427785,1786508489863,7,57,10.0,0.0,10.0,,3.6867763996124268,2.93583083152771,-0.679577648639679,,
feedback,44.435741,1786508489872,7,57,10.0,0.0,10.0,,3.625786066055298,2.665712833404541,-0.6418298482894897,,
feedback,44.444692,1786508489880,7,57,10.0,0.0,10.0,,3.488257884979248,2.479827404022217,-0.5780918002128601,,
feedback,44.452938,1786508489888,7,57,10.0,0.0,10.0,,3.2877795696258545,2.358168125152588,-0.4331102967262268,,
feedback,44.460806,1786508489897,7,57,10.0,0.0,10.0,,3.3208658695220947,2.1762936115264893,-0.2212982475757599,,
feedback,44.468786,1786508489905,7,57,10.0,0.0,10.0,,3.3022284507751465,1.9947354793548584,-0.24284403026103973,,
feedback,44.477787,1786508489914,7,57,10.0,0.0,10.0,,3.467121124267578,1.8191348314285278,-0.3282203674316406,,
feedback,44.485569,1786508489922,7,57,10.0,0.0,10.0,,3.4426803588867188,1.838000774383545,-0.22106115520000458,,
feedback,44.495900,1786508489930,7,57,10.0,0.0,10.0,,3.549729347229004,1.9792085886001587,-0.39699438214302063,,
feedback,44.501548,1786508489939,7,57,10.0,0.0,10.0,,3.6708555221557617,2.21140193939209,-0.17882144451141357,,
feedback,44.510112,1786508489943,7,57,10.0,0.0,10.0,,4.112551212310791,2.285585403442383,-0.25436753034591675,,
feedback,44.517625,1786508489952,7,57,10.0,0.0,10.0,,4.382644176483154,2.406679153442383,-0.27428868412971497,,
feedback,44.526691,1786508489960,7,57,10.0,0.0,10.0,,4.543968677520752,2.529317855834961,-0.26501572132110596,,
feedback,44.534746,1786508489970,7,57,10.0,0.0,10.0,,4.681853771209717,2.653252124786377,-0.30436450242996216,,
feedback,44.543126,1786508489979,7,57,10.0,0.0,10.0,,5.018701553344727,2.6908223628997803,-0.31049108505249023,,
feedback,44.555469,1786508489987,7,57,10.0,0.0,10.0,,5.198351860046387,3.089256525039673,-0.11430486291646957,,
feedback,44.558798,1786508489996,7,57,10.0,0.0,10.0,,5.344419956207275,3.4405977725982666,0.08757949620485306,,
feedback,44.567059,1786508490004,7,57,10.0,0.0,10.0,,5.3878607749938965,3.631132125854492,0.11692287027835846,,
feedback,44.575940,1786508490012,7,57,10.0,0.0,10.0,,5.536121368408203,3.724076509475708,0.19188280403614044,,
feedback,44.584976,1786508490021,7,57,10.0,0.0,10.0,,5.916802406311035,3.741332769393921,0.2109156996011734,,
feedback,44.591916,1786508490029,7,57,10.0,0.0,10.0,,6.103899002075195,3.909330129623413,0.1963980495929718,,
feedback,44.600800,1786508490033,7,57,10.0,0.0,10.0,,6.568611145019531,3.984429121017456,0.5221757888793945,,
feedback,44.609283,1786508490042,7,57,10.0,0.0,10.0,,6.878994941711426,3.966198682785034,0.38581663370132446,,
feedback,44.616540,1786508490050,7,57,10.0,0.0,10.0,,7.294353485107422,3.752143144607544,0.05484175309538841,,
feedback,44.624417,1786508490059,7,57,10.0,0.0,10.0,,7.252568244934082,3.517596483230591,-0.24456456303596497,,
feedback,44.632334,1786508490067,7,57,10.0,0.0,10.0,,7.359683513641357,3.292123794555664,-0.3503684401512146,,
feedback,44.642059,1786508490076,7,57,10.0,0.0,10.0,,7.064784049987793,3.1622657775878906,-0.3997659385204315,,
feedback,44.648834,1786508490084,7,57,10.0,0.0,10.0,,6.463984489440918,3.0794196128845215,-0.28866615891456604,,
feedback,44.658001,1786508490093,7,57,10.0,0.0,10.0,,5.87796688079834,3.214852809906006,-0.06831322610378265,,
feedback,44.665446,1786508490101,7,57,10.0,0.0,10.0,,5.630391597747803,3.2515528202056885,0.10402829200029373,,
feedback,44.673553,1786508490109,7,57,10.0,0.0,10.0,,5.487385272979736,3.248286485671997,0.17502689361572266,,
feedback,44.681674,1786508490118,7,57,10.0,0.0,10.0,,5.240225315093994,3.2045726776123047,0.1642112284898758,,
feedback,44.689976,1786508490126,7,57,10.0,0.0,10.0,,5.044703483581543,3.048630475997925,0.2317119985818863,,
feedback,44.698752,1786508490135,7,57,10.0,0.0,10.0,,4.850431442260742,2.861804723739624,0.18070800602436066,,
feedback,44.706613,1786508490143,7,57,10.0,0.0,10.0,,4.4868550300598145,2.6514084339141846,0.2525070905685425,,
feedback,44.718282,1786508490152,7,57,10.0,0.0,10.0,,4.511865615844727,2.4974722862243652,0.06655988097190857,,
feedback,44.722347,1786508490160,7,57,10.0,0.0,10.0,,4.613581657409668,2.320340633392334,-0.050009019672870636,,
feedback,44.730730,1786508490168,7,57,10.0,0.0,10.0,,4.540565490722656,2.202235698699951,-0.04740016907453537,,
feedback,44.739751,1786508490172,7,57,10.0,0.0,10.0,,4.551721096038818,2.166412353515625,-0.028283314779400826,,
feedback,44.747647,1786508490181,7,57,10.0,0.0,10.0,,4.451705455780029,2.0874111652374268,0.1190309226512909,,
feedback,44.756161,1786508490190,7,57,10.0,0.0,10.0,,4.713126182556152,2.1046721935272217,0.13849906623363495,,
feedback,44.764166,1786508490198,7,57,10.0,0.0,10.0,,5.118835926055908,2.1683309078216553,0.23182271420955658,,
feedback,44.774908,1786508490206,7,57,10.0,0.0,10.0,,5.360783576965332,2.1974940299987793,0.36372750997543335,,
feedback,44.780730,1786508490215,7,57,10.0,0.0,10.0,,5.58906888961792,2.384230613708496,0.7925829887390137,,
feedback,44.788550,1786508490223,7,57,10.0,0.0,10.0,,5.822798252105713,2.42160964012146,0.6630882620811462,,
feedback,44.797266,1786508490232,7,57,10.0,0.0,10.0,,5.885386943817139,2.3885483741760254,0.8511155247688293,,
feedback,44.805098,1786508490240,7,57,10.0,0.0,10.0,,5.883092880249023,2.562558650970459,1.0531550645828247,,
feedback,44.813097,1786508490249,7,57,10.0,0.0,10.0,,6.31430721282959,2.722639799118042,0.9430786967277527,,
feedback,44.821285,1786508490257,7,57,10.0,0.0,10.0,,6.627917289733887,3.024902105331421,0.9427751898765564,,
feedback,44.829723,1786508490265,7,57,10.0,0.0,10.0,,7.187891006469727,3.0791330337524414,0.7693138122558594,,
feedback,44.837406,1786508490274,7,57,10.0,0.0,10.0,,7.334508419036865,3.299833059310913,1.2542731761932373,,
feedback,44.845876,1786508490282,7,57,10.0,0.0,10.0,,7.63207483291626,3.417327404022217,1.2710485458374023,,
feedback,44.853579,1786508490291,7,57,10.0,0.0,10.0,,8.178354263305664,3.3783798217773438,1.0006325244903564,,
feedback,44.862343,1786508490299,7,57,10.0,0.0,10.0,,8.522857666015625,3.3371403217315674,0.44206592440605164,,
feedback,44.870316,1786508490308,7,57,10.0,0.0,10.0,,8.668778419494629,3.365602970123291,0.4929483234882355,,
feedback,44.880855,1786508490312,7,57,10.0,0.0,10.0,,8.671330451965332,3.4232940673828125,0.5021346211433411,,
feedback,44.886411,1786508490320,7,57,10.0,0.0,10.0,,8.486756324768066,3.519019603729248,0.5051144957542419,,
feedback,44.894459,1786508490329,7,57,10.0,0.0,10.0,,8.504704475402832,3.4228293895721436,0.44404178857803345,,
feedback,44.903430,1786508490337,7,57,10.0,0.0,10.0,,7.999305248260498,3.5202791690826416,1.1021794080734253,,
feedback,44.911934,1786508490346,7,57,10.0,0.0,10.0,,7.486220359802246,3.53442120552063,1.3523465394973755,,
feedback,44.919784,1786508490354,7,57,10.0,0.0,10.0,,7.2272114753723145,3.4014809131622314,1.2817108631134033,,
feedback,44.927692,1786508490362,7,57,10.0,0.0,10.0,,7.149007797241211,3.2372517585754395,1.3026750087738037,,
feedback,44.935242,1786508490371,7,57,10.0,0.0,10.0,,6.574995040893555,2.9514870643615723,0.8801182508468628,,
feedback,44.943629,1786508490379,7,57,10.0,0.0,10.0,,6.201284408569336,2.7382853031158447,0.8558997511863708,,
feedback,44.953334,1786508490388,7,57,10.0,0.0,10.0,,6.241538047790527,2.638451337814331,0.9652395844459534,,
feedback,44.960381,1786508490396,7,57,10.0,0.0,10.0,,6.510374546051025,2.371354103088379,0.6871420741081238,,
feedback,44.968938,1786508490405,7,57,10.0,0.0,10.0,,6.276238918304443,2.224733352661133,0.6420998573303223,,
feedback,44.976743,1786508490413,7,57,10.0,0.0,10.0,,5.951221466064453,2.1356890201568604,0.7161857485771179,,
feedback,44.987756,1786508490421,7,57,10.0,0.0,10.0,,5.78253698348999,1.9494311809539795,0.7339430451393127,,
feedback,44.993631,1786508490430,7,57,10.0,0.0,10.0,,5.750339984893799,1.746973991394043,0.7845638990402222,,
feedback,45.001629,1786508490438,7,57,10.0,0.0,10.0,,5.771997451782227,1.6232000589370728,0.955098032951355,,
feedback,45.009746,1786508490443,7,57,10.0,0.0,10.0,,5.74498987197876,1.455857753753662,1.0652366876602173,,
feedback,45.018133,1786508490451,7,57,10.0,0.0,10.0,,5.510818004608154,1.3332616090774536,1.34320867061615,,
feedback,45.025635,1786508490460,7,57,10.0,0.0,10.0,,5.514917373657227,1.3100898265838623,1.4224188327789307,,
feedback,45.034008,1786508490468,7,57,10.0,0.0,10.0,,5.8960771560668945,1.4704769849777222,2.0973446369171143,,
feedback,45.044270,1786508490477,7,57,10.0,0.0,10.0,,6.060682773590088,1.5459275245666504,2.3380753993988037,,
feedback,45.050487,1786508490486,7,57,10.0,0.0,10.0,,6.201735496520996,1.5266494750976562,2.2591633796691895,,
feedback,45.058725,1786508490494,7,57,10.0,0.0,10.0,,6.453521728515625,1.5287643671035767,2.294534921646118,,
feedback,45.066648,1786508490502,7,57,10.0,0.0,10.0,,6.685435771942139,1.6047823429107666,2.3170013427734375,,
feedback,45.075850,1786508490511,7,57,10.0,0.0,10.0,,7.356667518615723,1.6335208415985107,2.518493890762329,,
feedback,45.083369,1786508490519,7,57,10.0,0.0,10.0,,7.543635845184326,1.7043077945709229,2.607064962387085,,
feedback,45.091925,1786508490528,7,57,10.0,0.0,10.0,,7.651118278503418,1.7350013256072998,2.6244640350341797,,
feedback,45.099738,1786508490536,7,57,10.0,0.0,10.0,,7.891418933868408,1.757696270942688,2.617621421813965,,
feedback,45.108059,1786508490544,7,57,10.0,0.0,10.0,,8.416872024536133,1.7533057928085327,2.4560444355010986,,
feedback,45.116917,1786508490553,7,57,10.0,0.0,10.0,,8.81534194946289,1.696905255317688,2.2253577709198,,
feedback,45.124634,1786508490561,7,57,10.0,0.0,10.0,,8.982353210449219,1.8035521507263184,2.676624059677124,,
feedback,45.132652,1786508490570,7,57,10.0,0.0,10.0,,9.617691993713379,1.9811698198318481,3.1452760696411133,,
feedback,45.140779,1786508490578,7,57,10.0,0.0,10.0,,9.830920219421387,1.9053730964660645,2.899195909500122,,
feedback,45.149165,1786508490582,7,57,10.0,0.0,10.0,,9.77918529510498,1.9221322536468506,2.751514196395874,,
feedback,45.157507,1786508490591,7,57,10.0,0.0,10.0,,9.727714538574219,1.8615840673446655,2.6193668842315674,,
feedback,45.165447,1786508490599,7,57,10.0,0.0,10.0,,9.361053466796875,1.9488927125930786,3.064349889755249,,
feedback,45.174180,1786508490608,7,57,10.0,0.0,10.0,,9.00267505645752,1.9574804306030273,3.1825759410858154,,
feedback,45.182891,1786508490616,7,57,10.0,0.0,10.0,,8.919275283813477,1.862936019897461,3.0127036571502686,,
feedback,45.190001,1786508490625,7,57,10.0,0.0,10.0,,8.75275707244873,1.8856374025344849,3.009748697280884,,
feedback,45.199142,1786508490633,7,57,10.0,0.0,10.0,,8.664461135864258,1.882681965827942,2.888505220413208,,
feedback,45.206176,1786508490641,7,57,10.0,0.0,10.0,,8.961978912353516,1.976770281791687,3.232170581817627,,
feedback,45.214875,1786508490650,7,57,10.0,0.0,10.0,,9.02686595916748,2.070244073867798,3.319328546524048,,
feedback,45.223108,1786508490658,7,57,10.0,0.0,10.0,,9.079717636108398,1.982261300086975,3.0207574367523193,,
feedback,45.230814,1786508490667,7,57,10.0,0.0,10.0,,9.535303115844727,1.8899755477905273,3.0018563270568848,,
feedback,45.239793,1786508490675,7,57,10.0,0.0,10.0,,9.55545425415039,1.8289573192596436,2.669259548187256,,
feedback,45.246922,1786508490683,7,57,10.0,0.0,10.0,,9.690559387207031,1.8172892332077026,2.9175806045532227,,
feedback,45.255170,1786508490692,7,57,10.0,0.0,10.0,,9.925010681152344,1.790077805519104,2.608452558517456,,
feedback,45.264495,1786508490700,7,57,10.0,0.0,10.0,,9.624772071838379,1.7744059562683105,2.3174970149993896,,
feedback,45.272430,1786508490709,7,57,10.0,0.0,10.0,,9.527411460876465,1.7778123617172241,2.3675003051757812,,
feedback,45.280826,1786508490717,7,57,10.0,0.0,10.0,,9.22882080078125,1.841081142425537,2.84082293510437,,
feedback,45.288354,1786508490725,7,57,10.0,0.0,10.0,,9.279208183288574,1.924054503440857,3.4225175380706787,,
feedback,45.296889,1786508490734,7,57,10.0,0.0,10.0,,9.194581031799316,1.834562063217163,3.3204898834228516,,
feedback,45.305373,1786508490738,7,57,10.0,0.0,10.0,,9.150131225585938,1.9363692998886108,3.2957963943481445,,
feedback,45.312776,1786508490746,7,57,10.0,0.0,10.0,,8.771819114685059,1.7997479438781738,2.7938010692596436,,
feedback,45.321360,1786508490755,7,57,10.0,0.0,10.0,,9.095548629760742,1.8521199226379395,3.2044694423675537,,
feedback,45.330136,1786508490764,7,57,10.0,0.0,10.0,,9.081757545471191,1.9095649719238281,3.307102918624878,,
feedback,45.337241,1786508490772,7,57,10.0,0.0,10.0,,8.93966007232666,1.8608248233795166,2.997025489807129,,
feedback,45.345297,1786508490781,7,57,10.0,0.0,10.0,,9.186563491821289,1.8009461164474487,2.891879081726074,,
feedback,45.353521,1786508490789,7,57,10.0,0.0,10.0,,9.475394248962402,1.732599139213562,2.6414666175842285,,
feedback,45.362650,1786508490797,7,57,10.0,0.0,10.0,,9.662555694580078,1.7758123874664307,2.9631831645965576,,
feedback,45.370382,1786508490806,7,57,10.0,0.0,10.0,,9.864828109741211,1.808038592338562,3.3314616680145264,,
feedback,45.378955,1786508490814,7,57,10.0,0.0,10.0,,9.929821968078613,1.752531886100769,3.0061655044555664,,
feedback,45.387436,1786508490823,7,57,10.0,0.0,10.0,,9.56352710723877,1.6748780012130737,2.5175671577453613,,
feedback,45.395576,1786508490831,7,57,10.0,0.0,10.0,,9.500884056091309,1.8147101402282715,2.917618989944458,,
feedback,45.404105,1786508490839,7,57,10.0,0.0,10.0,,9.300771713256836,1.7648534774780273,3.035081624984741,,
feedback,45.412031,1786508490848,7,57,10.0,0.0,10.0,,8.877609252929688,1.7594246864318848,2.967590093612671,,
feedback,45.420406,1786508490856,7,57,10.0,0.0,10.0,,8.784733772277832,1.7403674125671387,2.9755375385284424,,
feedback,45.427849,1786508490865,7,57,10.0,0.0,10.0,,8.687061309814453,1.7769626379013062,2.916013240814209,,
feedback,45.437281,1786508490873,7,57,10.0,0.0,10.0,,9.044323921203613,1.8679146766662598,3.2377495765686035,,
feedback,45.444584,1786508490881,7,57,10.0,0.0,10.0,,9.167101860046387,1.9808422327041626,3.475884437561035,,
feedback,45.453843,1786508490890,7,57,10.0,0.0,10.0,,9.038416862487793,1.964266061782837,3.251250743865967,,
feedback,45.461772,1786508490898,7,57,10.0,0.0,10.0,,9.065301895141602,1.9323314428329468,3.1048362255096436,,
feedback,45.469294,1786508490907,7,57,10.0,0.0,10.0,,9.36363410949707,1.8773155212402344,3.105440378189087,,
feedback,45.477915,1786508490911,7,57,10.0,0.0,10.0,,9.689507484436035,1.830958366394043,3.040778398513794,,
feedback,45.485786,1786508490920,7,57,10.0,0.0,10.0,,9.43171215057373,1.6993191242218018,2.787752628326416,,
feedback,45.494440,1786508490928,7,57,10.0,0.0,10.0,,9.553720474243164,1.7122043371200562,2.5419058799743652,,
feedback,45.502330,1786508490937,7,57,10.0,0.0,10.0,,9.546463012695312,1.6477206945419312,2.3457720279693604,,
feedback,45.510335,1786508490945,7,57,10.0,0.0,10.0,,9.581659317016602,1.7336235046386719,2.4468817710876465,,
feedback,45.518463,1786508490953,7,57,10.0,0.0,10.0,,9.82076644897461,1.9208697080612183,3.20939040184021,,
feedback,45.526975,1786508490962,7,57,10.0,0.0,10.0,,9.425013542175293,1.917264699935913,3.1354026794433594,,
feedback,45.535326,1786508490970,7,57,10.0,0.0,10.0,,8.948521614074707,1.8634812831878662,3.1962530612945557,,
feedback,45.542744,1786508490979,7,57,10.0,0.0,10.0,,8.889105796813965,1.8761672973632812,3.147756576538086,,
feedback,45.551998,1786508490987,7,57,10.0,0.0,10.0,,8.896771430969238,1.9170427322387695,3.179884195327759,,
feedback,45.560245,1786508490995,7,57,10.0,0.0,10.0,,8.92495346069336,1.9481282234191895,2.9539878368377686,,
feedback,45.569170,1786508491004,7,57,10.0,0.0,10.0,,8.776321411132812,1.8807902336120605,2.5599286556243896,,
feedback,45.577394,1786508491013,7,57,10.0,0.0,10.0,,8.717077255249023,1.9318708181381226,2.62243390083313,,
feedback,45.584683,1786508491021,7,57,10.0,0.0,10.0,,8.966723442077637,1.9675066471099854,2.6649599075317383,,
feedback,45.593247,1786508491030,7,57,10.0,0.0,10.0,,9.710617065429688,1.9295485019683838,2.9979612827301025,,
feedback,45.601248,1786508491038,7,57,10.0,0.0,10.0,,9.753692626953125,1.9211702346801758,3.0808091163635254,,
feedback,45.609617,1786508491046,7,57,10.0,0.0,10.0,,9.646336555480957,1.9135674238204956,3.0199122428894043,,
feedback,45.617896,1786508491055,7,57,10.0,0.0,10.0,,9.564420700073242,1.7724475860595703,2.654376983642578,,
feedback,45.626502,1786508491063,7,57,10.0,0.0,10.0,,9.61984634399414,1.9057139158248901,2.834138870239258,,
feedback,45.634338,1786508491067,7,57,10.0,0.0,10.0,,9.684367179870605,1.9374840259552002,2.810845375061035,,
feedback,45.642956,1786508491076,7,57,10.0,0.0,10.0,,9.326384544372559,1.8705801963806152,2.6466734409332275,,
feedback,45.649830,1786508491084,7,57,10.0,0.0,10.0,,8.931341171264648,1.9082239866256714,2.7819201946258545,,
feedback,45.659226,1786508491093,7,57,10.0,0.0,10.0,,8.817873001098633,1.9002373218536377,2.746727228164673,,
feedback,45.666559,1786508491101,7,57,10.0,0.0,10.0,,8.9526948928833,1.9177440404891968,3.11936616897583,,
feedback,45.675478,1786508491110,7,57,10.0,0.0,10.0,,9.050078392028809,1.9632712602615356,3.5981099605560303,,
feedback,45.682896,1786508491118,7,57,10.0,0.0,10.0,,9.130118370056152,1.9242758750915527,3.368267774581909,,
feedback,45.691626,1786508491126,7,57,10.0,0.0,10.0,,8.951055526733398,1.943074107170105,3.126081943511963,,
feedback,45.699995,1786508491135,7,57,10.0,0.0,10.0,,8.921670913696289,2.0134706497192383,3.1394131183624268,,
feedback,45.707419,1786508491143,7,57,10.0,0.0,10.0,,9.182228088378906,1.966265320777893,3.1144018173217773,,
feedback,45.716436,1786508491152,7,57,10.0,0.0,10.0,,9.451715469360352,1.8959532976150513,2.6408615112304688,,
feedback,45.724777,1786508491160,7,57,10.0,0.0,10.0,,9.415324211120605,1.8267070055007935,2.5312626361846924,,
feedback,45.733037,1786508491168,7,57,10.0,0.0,10.0,,9.392036437988281,1.8332579135894775,2.548248767852783,,
feedback,45.741611,1786508491177,7,57,10.0,0.0,10.0,,9.610713005065918,1.8676642179489136,2.676269054412842,,
feedback,45.749649,1786508491186,7,57,10.0,0.0,10.0,,9.743965148925781,1.9357479810714722,3.0876810550689697,,
feedback,45.757550,1786508491194,7,57,10.0,0.0,10.0,,9.750802993774414,2.0017356872558594,3.1754536628723145,,
feedback,45.766087,1786508491203,7,57,10.0,0.0,10.0,,9.643601417541504,1.8756120204925537,2.778682231903076,,
feedback,45.774335,1786508491211,7,57,10.0,0.0,10.0,,9.048002243041992,1.903458595275879,3.216533660888672,,
feedback,45.782559,1786508491220,7,57,10.0,0.0,10.0,,8.947857856750488,1.8417465686798096,3.242332696914673,,
feedback,45.790173,1786508491224,7,57,10.0,0.0,10.0,,8.745490074157715,1.8466804027557373,3.1267080307006836,,
feedback,45.799024,1786508491232,7,57,10.0,0.0,10.0,,8.742378234863281,1.7750656604766846,2.755382537841797,,
feedback,45.806781,1786508491241,7,57,10.0,0.0,10.0,,8.78050422668457,1.8155553340911865,2.766352891921997,,
feedback,45.815257,1786508491249,7,57,10.0,0.0,10.0,,8.855812072753906,1.800092339515686,2.8285555839538574,,
feedback,45.822787,1786508491257,7,57,10.0,0.0,10.0,,9.109517097473145,1.9251421689987183,3.436342716217041,,
feedback,45.831818,1786508491266,7,57,10.0,0.0,10.0,,9.236361503601074,1.931366205215454,3.4542317390441895,,
feedback,45.839434,1786508491274,7,57,10.0,0.0,10.0,,9.362425804138184,1.885060429573059,2.9970695972442627,,
feedback,45.848067,1786508491283,7,57,10.0,0.0,10.0,,9.562478065490723,1.8418508768081665,2.534757137298584,,
feedback,45.855044,1786508491291,7,57,10.0,0.0,10.0,,9.473864555358887,1.9206875562667847,2.7800533771514893,,
feedback,45.863348,1786508491299,7,57,10.0,0.0,10.0,,9.662816047668457,1.9183778762817383,2.563413619995117,,
feedback,45.871670,1786508491308,7,57,10.0,0.0,10.0,,9.568134307861328,1.8650696277618408,2.3485734462738037,,
feedback,45.880721,1786508491316,7,57,10.0,0.0,10.0,,9.421517372131348,1.7996107339859009,2.475660562515259,,
feedback,45.888461,1786508491325,7,57,10.0,0.0,10.0,,9.452219009399414,1.8833686113357544,2.7707412242889404,,
feedback,45.896900,1786508491333,7,57,10.0,0.0,10.0,,9.465815544128418,1.949662208557129,3.3772287368774414,,
feedback,45.905202,1786508491341,7,57,10.0,0.0,10.0,,9.232192039489746,1.9228801727294922,3.495161771774292,,
feedback,45.913793,1786508491350,7,57,10.0,0.0,10.0,,9.074172019958496,1.8444079160690308,3.209622621536255,,
feedback,45.921256,1786508491358,7,57,10.0,0.0,10.0,,8.995529174804688,1.797822117805481,3.077998399734497,,
feedback,45.929625,1786508491367,7,57,10.0,0.0,10.0,,8.919048309326172,1.856196641921997,3.072460651397705,,
feedback,45.938598,1786508491376,7,57,10.0,0.0,10.0,,9.024463653564453,1.8356045484542847,2.976210594177246,,
feedback,45.946756,1786508491380,7,57,10.0,0.0,10.0,,9.043094635009766,1.8405436277389526,3.01328706741333,,
feedback,45.954151,1786508491388,7,57,10.0,0.0,10.0,,8.86172866821289,1.8070011138916016,2.882225513458252,,
feedback,45.962202,1786508491397,7,57,10.0,0.0,10.0,,9.009251594543457,1.8567683696746826,2.6380224227905273,,
feedback,45.970431,1786508491405,7,57,10.0,0.0,10.0,,9.51525592803955,1.9095205068588257,2.876624345779419,,
feedback,45.979568,1786508491414,7,57,10.0,0.0,10.0,,9.790106773376465,2.011472463607788,3.108553647994995,,
feedback,45.986956,1786508491422,7,57,10.0,0.0,10.0,,9.565108299255371,1.9683605432510376,2.989298105239868,,
feedback,45.995635,1786508491431,7,57,10.0,0.0,10.0,,9.763863563537598,1.892125129699707,2.697420597076416,,
feedback,46.003880,1786508491439,7,57,10.0,0.0,10.0,,9.661872863769531,1.9225611686706543,2.895016670227051,,
feedback,46.011578,1786508491448,7,57,10.0,0.0,10.0,,9.536246299743652,1.8322948217391968,2.853235960006714,,
feedback,46.020495,1786508491456,7,57,10.0,0.0,10.0,,9.272279739379883,1.8531452417373657,2.854909658432007,,
feedback,46.027375,1786508491465,7,57,10.0,0.0,10.0,,8.940878868103027,1.8351075649261475,2.793473482131958,,
feedback,46.036231,1786508491473,7,57,10.0,0.0,10.0,,8.777714729309082,1.8187559843063354,2.804311513900757,,
feedback,46.044027,1786508491481,7,57,10.0,0.0,10.0,,8.956987380981445,1.885583519935608,3.2822515964508057,,
feedback,46.052135,1786508491490,7,57,10.0,0.0,10.0,,9.038135528564453,1.9732282161712646,3.4187943935394287,,
feedback,46.060310,1786508491494,7,57,10.0,0.0,10.0,,9.026450157165527,1.8609254360198975,3.450669288635254,,
feedback,46.069102,1786508491502,7,57,10.0,0.0,10.0,,9.097168922424316,1.953563928604126,3.4964325428009033,,
feedback,46.077980,1786508491511,7,57,10.0,0.0,10.0,,8.832601547241211,1.851058840751648,2.8558075428009033,,
feedback,46.085212,1786508491519,7,57,10.0,0.0,10.0,,9.110095977783203,1.9144108295440674,3.132838010787964,,
feedback,46.093185,1786508491528,7,57,10.0,0.0,10.0,,9.313889503479004,1.9017319679260254,2.8845391273498535,,
feedback,46.101405,1786508491536,7,57,10.0,0.0,10.0,,9.515758514404297,1.8447951078414917,2.558398485183716,,
feedback,46.110578,1786508491545,7,57,10.0,0.0,10.0,,9.519410133361816,1.8256090879440308,2.3930253982543945,,
feedback,46.117607,1786508491553,7,57,10.0,0.0,10.0,,9.413124084472656,1.8269422054290771,2.437671184539795,,
feedback,46.127049,1786508491561,7,57,10.0,0.0,10.0,,9.868212699890137,1.9018876552581787,2.9351861476898193,,
feedback,46.134625,1786508491570,7,57,10.0,0.0,10.0,,9.888365745544434,1.8746681213378906,3.0054218769073486,,
feedback,46.142528,1786508491578,7,57,10.0,0.0,10.0,,9.737411499023438,1.8061025142669678,2.67777419090271,,
feedback,46.150444,1786508491587,7,57,10.0,0.0,10.0,,9.488865852355957,1.8375589847564697,2.585824728012085,,
feedback,46.158916,1786508491595,7,57,10.0,0.0,10.0,,9.061071395874023,1.8289228677749634,3.272857904434204,,
feedback,46.167044,1786508491603,7,57,10.0,0.0,10.0,,8.848047256469727,1.7630475759506226,3.085146903991699,,
feedback,46.175797,1786508491612,7,57,10.0,0.0,10.0,,8.880048751831055,1.7081942558288574,2.905593156814575,,
feedback,46.183969,1786508491620,7,57,10.0,0.0,10.0,,8.910348892211914,1.7541322708129883,2.8600552082061768,,
feedback,46.192217,1786508491629,7,57,10.0,0.0,10.0,,8.879854202270508,1.8171716928482056,2.846966028213501,,
feedback,46.200831,1786508491637,7,57,10.0,0.0,10.0,,9.20580768585205,1.9525022506713867,3.5249083042144775,,
feedback,46.208547,1786508491645,7,57,10.0,0.0,10.0,,9.190349578857422,2.006610870361328,3.2942657470703125,,
feedback,46.216211,1786508491654,7,57,10.0,0.0,10.0,,9.057744026184082,1.9109337329864502,3.1380302906036377,,
feedback,46.224918,1786508491658,7,57,10.0,0.0,10.0,,9.146241188049316,1.9038000106811523,2.984292984008789,,
feedback,46.233424,1786508491667,7,57,10.0,0.0,10.0,,9.517430305480957,1.9395631551742554,2.825242519378662,,
feedback,46.240779,1786508491675,7,57,10.0,0.0,10.0,,9.516667366027832,1.8258124589920044,2.789625644683838,,
feedback,46.249699,1786508491684,7,57,10.0,0.0,10.0,,9.4155912399292,1.7507727146148682,2.3330111503601074,,
feedback,46.257078,1786508491692,7,57,10.0,0.0,10.0,,9.514081954956055,1.835628628730774,2.4411487579345703,,
feedback,46.266147,1786508491700,7,57,10.0,0.0,10.0,,9.490896224975586,1.7941006422042847,2.3657310009002686,,
feedback,46.273628,1786508491709,7,57,10.0,0.0,10.0,,9.783116340637207,1.896366000175476,3.034724712371826,,
feedback,46.282272,1786508491717,7,57,10.0,0.0,10.0,,9.449223518371582,1.8895474672317505,3.362355947494507,,
feedback,46.290242,1786508491726,7,57,10.0,0.0,10.0,,9.165727615356445,1.8117669820785522,3.3252267837524414,,
feedback,46.298422,1786508491734,7,57,10.0,0.0,10.0,,8.977611541748047,1.7844409942626953,3.1449804306030273,,
feedback,46.306763,1786508491742,7,57,10.0,0.0,10.0,,8.92513370513916,1.7444826364517212,3.154775619506836,,
feedback,46.315644,1786508491751,7,57,10.0,0.0,10.0,,8.84506893157959,1.7773606777191162,3.013263463973999,,
feedback,46.322551,1786508491759,7,57,10.0,0.0,10.0,,8.866283416748047,1.8224866390228271,2.8865725994110107,,
feedback,46.331897,1786508491768,7,57,10.0,0.0,10.0,,8.735808372497559,1.8351655006408691,2.844222068786621,,
feedback,46.339722,1786508491776,7,57,10.0,0.0,10.0,,8.611103057861328,1.7977057695388794,2.718173027038574,,
feedback,46.347481,1786508491785,7,57,10.0,0.0,10.0,,9.244718551635742,1.9555178880691528,3.37046217918396,,
feedback,46.355590,1786508491793,7,57,10.0,0.0,10.0,,9.676483154296875,1.8711963891983032,3.079613208770752,,
feedback,46.363448,1786508491801,7,57,10.0,0.0,10.0,,9.562773704528809,1.8675827980041504,2.810577630996704,,
feedback,46.372806,1786508491805,7,57,10.0,0.0,10.0,,9.823139190673828,1.835641860961914,3.0360360145568848,,
feedback,46.380279,1786508491814,7,57,10.0,0.0,10.0,,9.424757957458496,1.8487796783447266,2.660922050476074,,
feedback,46.388708,1786508491823,7,57,10.0,0.0,10.0,,9.645217895507812,1.8633719682693481,2.633631944656372,,
feedback,46.396441,1786508491831,7,57,10.0,0.0,10.0,,9.524246215820312,1.8370015621185303,2.4612784385681152,,
feedback,46.405174,1786508491840,7,57,10.0,0.0,10.0,,9.387784957885742,1.8162424564361572,2.278895616531372,,
feedback,46.412481,1786508491848,7,57,10.0,0.0,10.0,,9.225177764892578,1.8137335777282715,2.321153163909912,,
feedback,46.421309,1786508491857,7,57,10.0,0.0,10.0,,9.183310508728027,1.9415098428726196,3.0998706817626953,,
feedback,46.430308,1786508491865,7,57,10.0,0.0,10.0,,9.144729614257812,1.9399693012237549,3.700092077255249,,
feedback,46.437472,1786508491873,7,57,10.0,0.0,10.0,,9.029644012451172,1.911163568496704,3.518500328063965,,
feedback,46.445895,1786508491882,7,57,10.0,0.0,10.0,,8.955954551696777,1.8170374631881714,3.1013808250427246,,
feedback,46.454522,1786508491890,7,57,10.0,0.0,10.0,,8.96587085723877,1.8694922924041748,3.0950472354888916,,
feedback,46.462039,1786508491899,7,57,10.0,0.0,10.0,,9.057828903198242,1.8777252435684204,3.292513132095337,,
feedback,46.469997,1786508491907,7,57,10.0,0.0,10.0,,8.855988502502441,1.8021488189697266,2.7353098392486572,,
feedback,46.478749,1786508491915,7,57,10.0,0.0,10.0,,8.989340782165527,1.860742211341858,2.75384521484375,,
feedback,46.486870,1786508491924,7,57,10.0,0.0,10.0,,9.369738578796387,1.8564308881759644,2.489917516708374,,
feedback,46.495380,1786508491932,7,57,10.0,0.0,10.0,,9.558799743652344,1.9213887453079224,2.807485342025757,,
feedback,46.502706,1786508491936,7,57,10.0,0.0,10.0,,9.7117338180542,1.9869948625564575,3.162414073944092,,
feedback,46.511374,1786508491945,7,57,10.0,0.0,10.0,,9.793217658996582,1.994011640548706,3.13736891746521,,
feedback,46.519514,1786508491953,7,57,10.0,0.0,10.0,,9.942084312438965,1.9191375970840454,2.7986204624176025,,
feedback,46.527557,1786508491962,7,57,10.0,0.0,10.0,,9.557497024536133,1.9313770532608032,2.477896213531494,,
feedback,46.535726,1786508491970,7,57,10.0,0.0,10.0,,9.681907653808594,1.923193097114563,2.8118953704833984,,
feedback,46.544050,1786508491979,7,57,10.0,0.0,10.0,,9.30388069152832,1.908362865447998,2.766002893447876,,
feedback,46.552319,1786508491987,7,57,10.0,0.0,10.0,,8.875212669372559,1.8453096151351929,2.7961854934692383,,
feedback,46.560442,1786508491996,7,57,10.0,0.0,10.0,,8.863668441772461,1.8313705921173096,2.937802314758301,,
feedback,46.568449,1786508492004,7,57,10.0,0.0,10.0,,8.913290977478027,1.8606698513031006,2.971289873123169,,
feedback,46.576732,1786508492012,7,57,10.0,0.0,10.0,,9.098938941955566,1.9633573293685913,3.6060168743133545,,
feedback,46.585205,1786508492021,7,57,10.0,0.0,10.0,,9.08498764038086,1.9432494640350342,3.3800883293151855,,
feedback,46.593040,1786508492029,7,57,10.0,0.0,10.0,,9.039183616638184,1.9004215002059937,3.1597774028778076,,
feedback,46.601614,1786508492038,7,57,10.0,0.0,10.0,,8.785603523254395,1.8809601068496704,3.0055902004241943,,
feedback,46.609978,1786508492046,7,57,10.0,0.0,10.0,,9.116074562072754,1.9456866979599,2.9463369846343994,,
feedback,46.617506,1786508492054,7,57,10.0,0.0,10.0,,9.299711227416992,1.8878754377365112,2.976940393447876,,
feedback,46.626286,1786508492063,7,57,10.0,0.0,10.0,,9.480162620544434,1.8815606832504272,2.5962634086608887,,
feedback,46.633977,1786508492071,7,57,10.0,0.0,10.0,,9.364954948425293,1.7987843751907349,2.4236252307891846,,
feedback,46.643181,1786508492076,7,57,10.0,0.0,10.0,,9.455839157104492,1.8589974641799927,2.557347059249878,,
feedback,46.650611,1786508492084,7,57,10.0,0.0,10.0,,9.914531707763672,1.9819906949996948,3.0493552684783936,,
feedback,46.658278,1786508492093,7,57,10.0,0.0,10.0,,9.82546329498291,1.9412524700164795,3.0418784618377686,,
feedback,46.666705,1786508492101,7,57,10.0,0.0,10.0,,9.620633125305176,1.93503737449646,2.766939878463745,,
feedback,46.674805,1786508492110,7,57,10.0,0.0,10.0,,9.439309120178223,1.856579065322876,2.637242555618286,,
feedback,46.683127,1786508492118,7,57,10.0,0.0,10.0,,9.21831226348877,1.8681663274765015,2.9831418991088867,,
feedback,46.692242,1786508492127,7,57,10.0,0.0,10.0,,8.975510597229004,1.8491301536560059,3.1900594234466553,,
feedback,46.700318,1786508492135,7,57,10.0,0.0,10.0,,8.931464195251465,1.7457913160324097,3.0024311542510986,,
feedback,46.707969,1786508492143,7,57,10.0,0.0,10.0,,8.657485961914062,1.7461644411087036,2.9635391235351562,,
feedback,46.716261,1786508492152,7,57,10.0,0.0,10.0,,8.840627670288086,1.7544766664505005,2.9070353507995605,,
feedback,46.724517,1786508492160,7,57,10.0,0.0,10.0,,9.13398551940918,1.9172221422195435,3.58070969581604,,
feedback,46.732559,1786508492169,7,57,10.0,0.0,10.0,,8.945547103881836,1.9309178590774536,3.447216272354126,,
feedback,46.740893,1786508492177,7,57,10.0,0.0,10.0,,9.080367088317871,1.9054299592971802,3.0145227909088135,,
feedback,46.749057,1786508492186,7,57,10.0,0.0,10.0,,9.05711841583252,1.8760499954223633,2.8644206523895264,,
feedback,46.758274,1786508492194,7,57,10.0,0.0,10.0,,9.593257904052734,1.9284236431121826,2.883085012435913,,
feedback,46.766312,1786508492202,7,57,10.0,0.0,10.0,,9.608327865600586,1.9816138744354248,2.804811716079712,,
feedback,46.772779,1786508492211,7,57,10.0,0.0,10.0,,9.337865829467773,1.8985565900802612,2.6288397312164307,,
feedback,46.782011,1786508492215,7,57,10.0,0.0,10.0,,9.56134033203125,1.8926891088485718,2.4887752532958984,,
feedback,46.789789,1786508492223,7,57,10.0,0.0,10.0,,9.522095680236816,1.8933041095733643,2.4402902126312256,,
feedback,46.797741,1786508492232,7,57,10.0,0.0,10.0,,9.710314750671387,1.963765263557434,2.8926594257354736,,
feedback,46.806404,1786508492240,7,57,10.0,0.0,10.0,,9.907211303710938,1.9466197490692139,2.995651960372925,,
feedback,46.814871,1786508492249,7,57,10.0,0.0,10.0,,9.342991828918457,1.8846262693405151,3.320280075073242,,
feedback,46.823030,1786508492257,7,57,10.0,0.0,10.0,,8.91285228729248,1.837428331375122,3.062537670135498,,
feedback,46.830853,1786508492265,7,57,10.0,0.0,10.0,,8.972430229187012,1.8363745212554932,3.253964424133301,,
feedback,46.839363,1786508492274,7,57,10.0,0.0,10.0,,9.066781044006348,1.7745765447616577,3.349841356277466,,
feedback,46.847563,1786508492282,7,57,10.0,0.0,10.0,,8.91130542755127,1.6515932083129883,2.8190672397613525,,
feedback,46.856682,1786508492291,7,57,10.0,0.0,10.0,,8.8941011428833,1.6694446802139282,2.679800271987915,,
feedback,46.864023,1786508492299,7,57,10.0,0.0,10.0,,9.001999855041504,1.7994273900985718,3.012502670288086,,
feedback,46.871991,1786508492308,7,57,10.0,0.0,10.0,,9.2370023727417,1.8926771879196167,3.4731860160827637,,
feedback,46.880628,1786508492316,7,57,10.0,0.0,10.0,,9.3607177734375,1.9270210266113281,3.518728256225586,,
feedback,46.887948,1786508492324,7,57,10.0,0.0,10.0,,9.560928344726562,1.9203712940216064,3.1544482707977295,,
feedback,46.896064,1786508492333,7,57,10.0,0.0,10.0,,9.543890953063965,1.873586893081665,2.6910531520843506,,
feedback,46.905009,1786508492341,7,57,10.0,0.0,10.0,,9.536797523498535,1.8859498500823975,2.7062466144561768,,
feedback,46.913071,1786508492349,7,57,10.0,0.0,10.0,,9.586331367492676,1.8836015462875366,2.576597213745117,,
feedback,46.921020,1786508492358,7,57,10.0,0.0,10.0,,9.520577430725098,1.90607488155365,2.4959466457366943,,
feedback,46.929546,1786508492366,7,57,10.0,0.0,10.0,,9.401439666748047,1.8595421314239502,2.3664543628692627,,
feedback,46.937273,1786508492375,7,57,10.0,0.0,10.0,,9.409551620483398,1.841361165046692,2.3891963958740234,,
feedback,46.945624,1786508492383,7,57,10.0,0.0,10.0,,9.323516845703125,1.8499456644058228,3.4728844165802,,
feedback,46.953412,1786508492387,7,57,10.0,0.0,10.0,,9.405110359191895,1.8972249031066895,3.437333822250366,,
feedback,46.962369,1786508492396,7,57,10.0,0.0,10.0,,9.0335693359375,1.7795904874801636,3.2148261070251465,,
feedback,46.969942,1786508492404,7,57,10.0,0.0,10.0,,8.980051040649414,1.7555077075958252,3.221997022628784,,
feedback,46.978026,1786508492413,7,57,10.0,0.0,10.0,,8.972208023071289,1.803762674331665,3.1632964611053467,,
feedback,46.986190,1786508492421,7,57,10.0,0.0,10.0,,8.95251750946045,1.8108859062194824,3.086409330368042,,
feedback,46.994221,1786508492430,7,57,10.0,0.0,10.0,,9.058854103088379,1.8489185571670532,3.2866909503936768,,
feedback,47.002517,1786508492438,7,57,10.0,0.0,10.0,,8.771841049194336,1.7660529613494873,2.634645462036133,,
feedback,47.011480,1786508492446,7,57,10.0,0.0,10.0,,8.786840438842773,1.804257869720459,2.807551622390747,,
feedback,47.019551,1786508492455,7,57,10.0,0.0,10.0,,8.966485023498535,1.8534928560256958,2.95782470703125,,
feedback,47.026857,1786508492463,7,57,10.0,0.0,10.0,,9.828805923461914,1.970465898513794,3.190869092941284,,
feedback,47.035110,1786508492472,7,57,10.0,0.0,10.0,,9.507933616638184,1.9784382581710815,3.0658516883850098,,
feedback,47.043782,1786508492480,7,57,10.0,0.0,10.0,,9.474427223205566,1.8834164142608643,2.7372961044311523,,
feedback,47.051845,1786508492489,7,57,10.0,0.0,10.0,,9.589813232421875,1.9083161354064941,2.6630473136901855,,
feedback,47.060234,1786508492497,7,57,10.0,0.0,10.0,,9.636865615844727,1.9300979375839233,2.7209742069244385,,
feedback,47.068244,1786508492505,7,57,10.0,0.0,10.0,,9.599061012268066,1.8747599124908447,2.71515154838562,,
feedback,47.076568,1786508492514,7,57,10.0,0.0,10.0,,9.4434814453125,1.881965160369873,2.593096971511841,,
feedback,47.084780,1786508492522,7,57,10.0,0.0,10.0,,9.05374813079834,1.7976244688034058,2.6519618034362793,,
feedback,47.093499,1786508492531,7,57,10.0,0.0,10.0,,9.011445999145508,1.910482406616211,3.2271463871002197,,
feedback,47.101393,1786508492535,7,57,10.0,0.0,10.0,,8.971713066101074,1.9049865007400513,3.5136473178863525,,
feedback,47.109956,1786508492543,7,57,10.0,0.0,10.0,,8.98791217803955,1.8244085311889648,3.2107675075531006,,
feedback,47.118343,1786508492552,7,57,10.0,0.0,10.0,,9.027573585510254,1.8291243314743042,3.320734739303589,,
feedback,47.126117,1786508492560,7,57,10.0,0.0,10.0,,8.983489990234375,1.800117015838623,3.049924612045288,,
feedback,47.133834,1786508492569,7,57,10.0,0.0,10.0,,9.028281211853027,1.8474687337875366,3.0154435634613037,,
feedback,47.142812,1786508492577,7,57,10.0,0.0,10.0,,9.00196361541748,1.8124799728393555,3.1300835609436035,,
feedback,47.150399,1786508492585,7,57,10.0,0.0,10.0,,8.828474998474121,1.8052773475646973,2.7951982021331787,,
feedback,47.158246,1786508492594,7,57,10.0,0.0,10.0,,9.139250755310059,1.8371069431304932,2.398454427719116,,
feedback,47.166631,1786508492602,7,57,10.0,0.0,10.0,,9.509544372558594,1.950539231300354,2.567927122116089,,
feedback,47.174359,1786508492611,7,57,10.0,0.0,10.0,,9.742358207702637,1.9795362949371338,3.0073111057281494,,
feedback,47.182642,1786508492619,7,57,10.0,0.0,10.0,,9.911548614501953,1.9558476209640503,2.886291265487671,,
feedback,47.191316,1786508492627,7,57,10.0,0.0,10.0,,9.741581916809082,1.9255050420761108,2.4310481548309326,,
feedback,47.199679,1786508492636,7,57,10.0,0.0,10.0,,9.706416130065918,1.9535765647888184,2.724625825881958,,
feedback,47.207957,1786508492644,7,57,10.0,0.0,10.0,,9.47486400604248,1.9030312299728394,2.8909013271331787,,
feedback,47.216482,1786508492653,7,57,10.0,0.0,10.0,,9.20719051361084,1.835593342781067,2.855471134185791,,
feedback,47.223886,1786508492661,7,57,10.0,0.0,10.0,,8.764166831970215,1.8114711046218872,2.8852994441986084,,
feedback,47.232421,1786508492665,7,57,10.0,0.0,10.0,,8.875056266784668,1.8321133852005005,2.8725950717926025,,
feedback,47.240258,1786508492674,7,57,10.0,0.0,10.0,,8.891611099243164,1.8288503885269165,2.903273582458496,,
feedback,47.248643,1786508492682,7,57,10.0,0.0,10.0,,9.111673355102539,1.852255940437317,3.3492629528045654,,
feedback,47.256403,1786508492691,7,57,10.0,0.0,10.0,,9.098185539245605,1.8934167623519897,3.5841259956359863,,
feedback,47.264989,1786508492699,7,57,10.0,0.0,10.0,,8.951626777648926,1.790945291519165,3.0192348957061768,,
feedback,47.273196,1786508492708,7,57,10.0,0.0,10.0,,8.912466049194336,1.7678924798965454,3.1263134479522705,,
feedback,47.281230,1786508492716,7,57,10.0,0.0,10.0,,9.044432640075684,1.854770541191101,3.1486549377441406,,
feedback,47.288917,1786508492724,7,57,10.0,0.0,10.0,,8.966418266296387,1.8123365640640259,2.80299973487854,,
feedback,47.297596,1786508492733,7,57,10.0,0.0,10.0,,9.335115432739258,1.8974840641021729,2.5588936805725098,,
feedback,47.306337,1786508492741,7,57,10.0,0.0,10.0,,9.458451271057129,1.9280836582183838,2.573692560195923,,
feedback,47.314321,1786508492749,7,57,10.0,0.0,10.0,,9.301342010498047,1.9007694721221924,2.4895575046539307,,
feedback,47.321697,1786508492758,7,57,10.0,0.0,10.0,,9.772951126098633,2.0407867431640625,3.0006752014160156,,
feedback,47.330945,1786508492766,7,57,10.0,0.0,10.0,,9.917865753173828,2.04988431930542,3.0724856853485107,,
feedback,47.338180,1786508492775,7,57,10.0,0.0,10.0,,9.592456817626953,1.9862589836120605,2.905271053314209,,
feedback,47.346383,1786508492783,7,57,10.0,0.0,10.0,,9.200472831726074,1.9365367889404297,2.919513463973999,,
feedback,47.354680,1786508492792,7,57,10.0,0.0,10.0,,9.169296264648438,1.8513869047164917,2.8852107524871826,,
feedback,47.362853,1786508492800,7,57,10.0,0.0,10.0,,8.882722854614258,1.828371524810791,2.9893133640289307,,
feedback,47.371521,1786508492809,7,57,10.0,0.0,10.0,,8.785421371459961,1.8246930837631226,2.9007408618927,,
feedback,47.379898,1786508492813,7,57,10.0,0.0,10.0,,8.732834815979004,1.7684130668640137,3.017674446105957,,
feedback,47.386913,1786508492821,7,57,10.0,0.0,10.0,,8.729756355285645,1.7937389612197876,2.922952175140381,,
feedback,47.394887,1786508492830,7,57,10.0,0.0,10.0,,9.154452323913574,1.9413080215454102,3.2700486183166504,,
feedback,47.403138,1786508492838,7,57,10.0,0.0,10.0,,9.287290573120117,1.946285367012024,3.5317773818969727,,
feedback,47.412509,1786508492846,7,57,10.0,0.0,10.0,,9.00791072845459,1.8957544565200806,3.4213039875030518,,
feedback,47.420591,1786508492855,7,57,10.0,0.0,10.0,,9.011442184448242,1.9284658432006836,2.975587844848633,,
feedback,47.428619,1786508492863,7,57,10.0,0.0,10.0,,9.332715034484863,1.9663934707641602,2.7547504901885986,,
feedback,47.437424,1786508492872,7,57,10.0,0.0,10.0,,9.612699508666992,1.9985250234603882,2.695279836654663,,
feedback,47.444576,1786508492880,7,57,10.0,0.0,10.0,,9.529951095581055,1.9446486234664917,2.457501173019409,,
feedback,47.452665,1786508492888,7,57,10.0,0.0,10.0,,9.521728515625,1.9091426134109497,2.302502155303955,,
feedback,47.460921,1786508492897,7,57,10.0,0.0,10.0,,9.633668899536133,1.984654188156128,2.287015199661255,,
feedback,47.469246,1786508492905,7,57,10.0,0.0,10.0,,9.712345123291016,1.9812276363372803,3.046769380569458,,
feedback,47.477468,1786508492914,7,57,10.0,0.0,10.0,,9.819344520568848,1.956170916557312,3.1971676349639893,,
feedback,47.486400,1786508492922,7,57,10.0,0.0,10.0,,9.619261741638184,1.9398858547210693,3.211188793182373,,
feedback,47.494730,1786508492931,7,57,10.0,0.0,10.0,,9.157456398010254,1.8634428977966309,2.9085474014282227,,
feedback,47.501728,1786508492939,7,57,10.0,0.0,10.0,,9.047426223754883,1.8336635828018188,3.084365129470825,,
feedback,47.510745,1786508492947,7,57,10.0,0.0,10.0,,8.996113777160645,1.8725740909576416,3.3122308254241943,,
feedback,47.518493,1786508492956,7,57,10.0,0.0,10.0,,8.7612943649292,1.7692608833312988,2.8326683044433594,,
feedback,47.527153,1786508492960,7,57,10.0,0.0,10.0,,8.770591735839844,1.7984877824783325,2.8219971656799316,,
feedback,47.534968,1786508492968,7,57,10.0,0.0,10.0,,8.820534706115723,1.7824652194976807,2.821686029434204,,
feedback,47.542708,1786508492977,7,57,10.0,0.0,10.0,,9.052254676818848,1.8898274898529053,3.1401760578155518,,
feedback,47.551468,1786508492985,7,57,10.0,0.0,10.0,,9.148921012878418,1.870439052581787,3.5343992710113525,,
feedback,47.559299,1786508492993,7,57,10.0,0.0,10.0,,9.247843742370605,1.840803623199463,3.383664131164551,,
feedback,47.568959,1786508493002,7,57,10.0,0.0,10.0,,9.376608848571777,1.9174705743789673,2.783874273300171,,
feedback,47.575171,1786508493010,7,57,10.0,0.0,10.0,,9.617202758789062,1.961845874786377,2.7741317749023438,,
feedback,47.583517,1786508493019,7,57,10.0,0.0,10.0,,9.564873695373535,1.960818886756897,2.9459125995635986,,
feedback,47.591274,1786508493027,7,57,10.0,0.0,10.0,,9.481488227844238,1.9555329084396362,2.4517481327056885,,
feedback,47.599604,1786508493036,7,57,10.0,0.0,10.0,,9.533008575439453,1.985646367073059,2.6532323360443115,,
feedback,47.608873,1786508493044,7,57,10.0,0.0,10.0,,9.535201072692871,1.999450445175171,2.6437718868255615,,
feedback,47.616690,1786508493053,7,57,10.0,0.0,10.0,,9.554652214050293,1.9957144260406494,3.0606722831726074,,
feedback,47.624596,1786508493061,7,57,10.0,0.0,10.0,,9.383750915527344,1.9700355529785156,3.344151258468628,,
feedback,47.633656,1786508493066,7,57,10.0,0.0,10.0,,9.344996452331543,1.9143205881118774,3.2870965003967285,,
feedback,47.641125,1786508493075,7,57,10.0,0.0,10.0,,8.978617668151855,1.832252025604248,3.066267251968384,,
feedback,47.649189,1786508493084,7,57,10.0,0.0,10.0,,8.943778038024902,1.840999960899353,3.004391670227051,,
feedback,47.658039,1786508493092,7,57,10.0,0.0,10.0,,8.962361335754395,1.8137362003326416,2.967379093170166,,
feedback,47.665545,1786508493101,7,57,10.0,0.0,10.0,,8.881858825683594,1.7668098211288452,2.969961404800415,,
feedback,47.674807,1786508493109,7,57,10.0,0.0,10.0,,8.860661506652832,1.7758357524871826,2.8714263439178467,,
feedback,47.681483,1786508493118,7,57,10.0,0.0,10.0,,8.80729866027832,1.766417384147644,2.8541555404663086,,
feedback,47.689878,1786508493126,7,57,10.0,0.0,10.0,,8.958983421325684,1.787843108177185,3.0477135181427,,
feedback,47.698182,1786508493134,7,57,10.0,0.0,10.0,,9.393921852111816,1.8283469676971436,3.2614219188690186,,
feedback,47.706141,1786508493143,7,57,10.0,0.0,10.0,,9.736230850219727,1.8940598964691162,2.9396872520446777,,
feedback,47.715305,1786508493151,7,57,10.0,0.0,10.0,,9.435941696166992,1.8079913854599,2.6143198013305664,,
feedback,47.723101,1786508493160,7,57,10.0,0.0,10.0,,9.65252685546875,1.914471983909607,2.8126332759857178,,
feedback,47.731386,1786508493168,7,57,10.0,0.0,10.0,,9.800520896911621,1.8860372304916382,2.9095804691314697,,
feedback,47.739315,1786508493177,7,57,10.0,0.0,10.0,,9.610383987426758,1.8797070980072021,2.8517582416534424,,
feedback,47.747697,1786508493185,7,57,10.0,0.0,10.0,,9.466781616210938,1.834850788116455,2.5798611640930176,,
feedback,47.755862,1786508493189,7,57,10.0,0.0,10.0,,9.412642478942871,1.8647289276123047,2.428861141204834,,
feedback,47.763970,1786508493198,7,57,10.0,0.0,10.0,,9.204861640930176,1.8337210416793823,2.711606502532959,,
feedback,47.772012,1786508493206,7,57,10.0,0.0,10.0,,9.25806999206543,1.8838574886322021,3.664208173751831,,
feedback,47.780838,1786508493214,7,57,10.0,0.0,10.0,,9.170527458190918,1.7783915996551514,3.6750059127807617,,
feedback,47.789005,1786508493223,7,57,10.0,0.0,10.0,,9.081085205078125,1.7707972526550293,3.18198561668396,,
feedback,47.796390,1786508493231,7,57,10.0,0.0,10.0,,8.971424102783203,1.7489852905273438,3.2789340019226074,,
feedback,47.804370,1786508493240,7,57,10.0,0.0,10.0,,8.965886116027832,1.7902172803878784,3.1186509132385254,,
feedback,47.814148,1786508493248,7,57,10.0,0.0,10.0,,8.997906684875488,1.7094014883041382,3.114755868911743,,
feedback,47.821195,1786508493257,7,57,10.0,0.0,10.0,,8.864785194396973,1.6482690572738647,2.900463819503784,,
feedback,47.830107,1786508493265,7,57,10.0,0.0,10.0,,9.078193664550781,1.679336667060852,2.6143105030059814,,
feedback,47.837567,1786508493273,7,57,10.0,0.0,10.0,,9.509272575378418,1.8117769956588745,2.654839515686035,,
feedback,47.846240,1786508493282,7,57,10.0,0.0,10.0,,9.81764030456543,1.842812418937683,2.916642904281616,,
feedback,47.853883,1786508493290,7,57,10.0,0.0,10.0,,9.66781997680664,1.8720189332962036,3.0721781253814697,,
feedback,47.862846,1786508493298,7,57,10.0,0.0,10.0,,9.788808822631836,1.9118202924728394,2.779740333557129,,
feedback,47.870655,1786508493307,7,57,10.0,0.0,10.0,,9.6114501953125,1.871915578842163,2.4539570808410645,,
feedback,47.878358,1786508493315,7,57,10.0,0.0,10.0,,9.747698783874512,1.9550634622573853,2.809406280517578,,
feedback,47.886970,1786508493324,7,57,10.0,0.0,10.0,,9.3831787109375,1.8095673322677612,2.7046563625335693,,
feedback,47.895138,1786508493332,7,57,10.0,0.0,10.0,,9.10875129699707,1.7331491708755493,2.6725733280181885,,
feedback,47.902511,1786508493341,7,57,10.0,0.0,10.0,,8.836554527282715,1.742857813835144,2.8827319145202637,,
feedback,47.910822,1786508493345,7,57,10.0,0.0,10.0,,9.056910514831543,1.7559969425201416,3.0855796337127686,,
feedback,47.918860,1786508493353,7,57,10.0,0.0,10.0,,9.171182632446289,1.8041967153549194,3.209346055984497,,
feedback,47.928275,1786508493362,7,57,10.0,0.0,10.0,,9.117480278015137,1.7665685415267944,3.3646702766418457,,
feedback,47.935948,1786508493370,7,57,10.0,0.0,10.0,,9.0443754196167,1.851723313331604,3.447584629058838,,
feedback,47.944763,1786508493378,7,57,10.0,0.0,10.0,,8.95296573638916,1.7684953212738037,2.9569003582000732,,
feedback,47.952505,1786508493387,7,57,10.0,0.0,10.0,,9.027453422546387,1.7786580324172974,3.0938916206359863,,
feedback,47.960820,1786508493395,7,57,10.0,0.0,10.0,,8.967818260192871,1.7535841464996338,2.998621940612793,,
feedback,47.969322,1786508493404,7,57,10.0,0.0,10.0,,9.115402221679688,1.7742353677749634,2.617952585220337,,
feedback,47.976858,1786508493412,7,57,10.0,0.0,10.0,,9.355118751525879,1.8827379941940308,2.3760621547698975,,
feedback,47.985015,1786508493421,7,57,10.0,0.0,10.0,,9.449929237365723,1.886565923690796,2.256272077560425,,
feedback,47.993037,1786508493429,7,57,10.0,0.0,10.0,,9.820917129516602,1.986527681350708,3.210785388946533,,
feedback,48.001035,1786508493437,7,57,10.0,0.0,10.0,,9.93079948425293,1.9668024778366089,3.1400859355926514,,
feedback,48.008802,1786508493446,7,57,10.0,0.0,10.0,,9.647154808044434,1.9678943157196045,2.9150843620300293,,
feedback,48.018002,1786508493454,7,57,10.0,0.0,10.0,,9.382119178771973,1.9323197603225708,2.7455456256866455,,
feedback,48.025549,1786508493463,7,57,10.0,0.0,10.0,,9.503297805786133,1.9763879776000977,2.8113317489624023,,
feedback,48.033922,1786508493471,7,57,10.0,0.0,10.0,,9.09886360168457,1.9375011920928955,3.0117504596710205,,
feedback,48.041507,1786508493476,7,57,10.0,0.0,10.0,,8.943803787231445,1.8922936916351318,2.8630595207214355,,
feedback,48.050086,1786508493484,7,57,10.0,0.0,10.0,,8.702033042907715,1.8057464361190796,2.7436788082122803,,
feedback,48.058132,1786508493493,7,57,10.0,0.0,10.0,,8.708150863647461,1.8325892686843872,3.0075201988220215,,
feedback,48.067547,1786508493501,7,57,10.0,0.0,10.0,,9.024625778198242,1.7923434972763062,3.4726579189300537,,
feedback,48.074929,1786508493510,7,57,10.0,0.0,10.0,,9.150907516479492,1.7930294275283813,3.5351405143737793,,
feedback,48.082960,1786508493518,7,57,10.0,0.0,10.0,,9.107291221618652,1.7559077739715576,3.316969394683838,,
feedback,48.091268,1786508493526,7,57,10.0,0.0,10.0,,8.935498237609863,1.7069189548492432,3.0984981060028076,,
feedback,48.099612,1786508493535,7,57,10.0,0.0,10.0,,9.191801071166992,1.8050576448440552,3.120056629180908,,
feedback,48.107783,1786508493543,7,57,10.0,0.0,10.0,,9.446396827697754,1.9535939693450928,2.7839438915252686,,
feedback,48.115632,1786508493552,7,57,10.0,0.0,10.0,,9.496439933776855,1.9837270975112915,2.463440179824829,,
feedback,48.124054,1786508493560,7,57,10.0,0.0,10.0,,9.170269012451172,1.9305588006973267,2.5195882320404053,,
feedback,48.132890,1786508493568,7,57,10.0,0.0,10.0,,9.379508018493652,2.0035834312438965,2.574321985244751,,
feedback,48.140570,1786508493577,7,57,10.0,0.0,10.0,,9.896552085876465,2.0450408458709717,3.2146127223968506,,
feedback,48.148670,1786508493585,7,57,10.0,0.0,10.0,,9.818795204162598,2.043321132659912,3.1745433807373047,,
feedback,48.156552,1786508493594,7,57,10.0,0.0,10.0,,9.713350296020508,2.026852607727051,2.786015272140503,,
feedback,48.165331,1786508493602,7,57,10.0,0.0,10.0,,9.289957046508789,1.9186100959777832,2.7923848628997803,,
feedback,48.173501,1786508493610,7,57,10.0,0.0,10.0,,9.169432640075684,1.896733045578003,3.228545904159546,,
feedback,48.181736,1786508493619,7,57,10.0,0.0,10.0,,8.975736618041992,1.7988604307174683,2.986022472381592,,
feedback,48.189360,1786508493623,7,57,10.0,0.0,10.0,,8.81119441986084,1.8100062608718872,2.971389055252075,,
feedback,48.197344,1786508493631,7,57,10.0,0.0,10.0,,8.840752601623535,1.7767832279205322,2.993727684020996,,
feedback,48.205578,1786508493640,7,57,10.0,0.0,10.0,,8.873627662658691,1.8041671514511108,2.732517719268799,,
feedback,48.214307,1786508493648,7,57,10.0,0.0,10.0,,9.07884693145752,1.8813995122909546,3.1756350994110107,,
feedback,48.222514,1786508493657,7,57,10.0,0.0,10.0,,9.127714157104492,1.889532446861267,3.346109628677368,,
feedback,48.230391,1786508493665,7,57,10.0,0.0,10.0,,9.082160949707031,1.9105749130249023,3.1564700603485107,,
feedback,48.238292,1786508493674,7,57,10.0,0.0,10.0,,9.145490646362305,1.9118739366531372,2.9143927097320557,,
feedback,48.247002,1786508493682,7,57,10.0,0.0,10.0,,9.484994888305664,2.025228261947632,2.62127423286438,,
feedback,48.254636,1786508493690,7,57,10.0,0.0,10.0,,9.616186141967773,2.008331775665283,2.726422071456909,,
feedback,48.263591,1786508493699,7,57,10.0,0.0,10.0,,9.523871421813965,1.9581059217453003,2.8266284465789795,,
feedback,48.271137,1786508493707,7,57,10.0,0.0,10.0,,9.469661712646484,1.91073477268219,2.4973912239074707,,
feedback,48.279208,1786508493716,7,57,10.0,0.0,10.0,,9.506054878234863,1.9381053447723389,2.5591914653778076,,
feedback,48.287774,1786508493724,7,57,10.0,0.0,10.0,,9.834012031555176,2.0280251502990723,2.885329246520996,,
feedback,48.295586,1786508493732,7,57,10.0,0.0,10.0,,9.574495315551758,1.9561142921447754,3.348754644393921,,
feedback,48.303563,1786508493741,7,57,10.0,0.0,10.0,,9.345293045043945,1.9524991512298584,3.3420004844665527,,
feedback,48.311887,1786508493749,7,57,10.0,0.0,10.0,,8.905558586120605,1.8724839687347412,2.9331791400909424,,
feedback,48.319899,1786508493758,7,57,10.0,0.0,10.0,,8.978557586669922,1.8292115926742554,3.2189950942993164,,
feedback,48.329003,1786508493766,7,57,10.0,0.0,10.0,,9.048379898071289,1.8939927816390991,3.256836414337158,,
feedback,48.336673,1786508493770,7,57,10.0,0.0,10.0,,8.998045921325684,1.8195720911026,3.106598138809204,,
feedback,48.345557,1786508493779,7,57,10.0,0.0,10.0,,8.839226722717285,1.8337652683258057,2.7774546146392822,,
feedback,48.353164,1786508493787,7,57,10.0,0.0,10.0,,8.830201148986816,1.9138787984848022,2.7721922397613525,,
feedback,48.362309,1786508493796,7,57,10.0,0.0,10.0,,8.845376014709473,1.8314791917800903,3.0886917114257812,,
feedback,48.369214,1786508493804,7,57,10.0,0.0,10.0,,9.274872779846191,1.9725950956344604,3.4293665885925293,,
feedback,48.377875,1786508493813,7,57,10.0,0.0,10.0,,9.593023300170898,2.0738043785095215,3.136920928955078,,
feedback,48.386180,1786508493821,7,57,10.0,0.0,10.0,,9.550309181213379,2.0639922618865967,2.8765194416046143,,
feedback,48.394550,1786508493829,7,57,10.0,0.0,10.0,,9.318218231201172,2.019202709197998,2.81131911277771,,
feedback,48.402718,1786508493838,7,57,10.0,0.0,10.0,,9.663806915283203,2.055731773376465,2.993464946746826,,
feedback,48.410045,1786508493846,7,57,10.0,0.0,10.0,,9.58583927154541,2.0220234394073486,2.6773874759674072,,
feedback,48.418986,1786508493855,7,57,10.0,0.0,10.0,,9.446260452270508,2.003760814666748,2.44984769821167,,
feedback,48.427225,1786508493863,7,57,10.0,0.0,10.0,,9.482231140136719,1.9159656763076782,2.4973700046539307,,
feedback,48.435209,1786508493871,7,57,10.0,0.0,10.0,,9.285074234008789,1.8618457317352295,2.944868564605713,,
feedback,48.443631,1786508493880,7,57,10.0,0.0,10.0,,9.211334228515625,1.8073891401290894,3.339533805847168,,
feedback,48.452466,1786508493888,7,57,10.0,0.0,10.0,,9.164657592773438,1.7601417303085327,3.208604574203491,,
feedback,48.459431,1786508493897,7,57,10.0,0.0,10.0,,8.99923038482666,1.7398350238800049,3.204822301864624,,
feedback,48.467461,1786508493905,7,57,10.0,0.0,10.0,,8.981245040893555,1.7513782978057861,3.223724365234375,,
feedback,48.476246,1786508493913,7,57,10.0,0.0,10.0,,9.102481842041016,1.71004056930542,3.229473114013672,,
feedback,48.484324,1786508493918,7,57,10.0,0.0,10.0,,8.9595947265625,1.6713414192199707,2.8893423080444336,,
feedback,48.492480,1786508493926,7,57,10.0,0.0,10.0,,8.947468757629395,1.6767191886901855,2.8815159797668457,,
feedback,48.500420,1786508493934,7,57,10.0,0.0,10.0,,8.888328552246094,1.701941728591919,2.753258466720581,,
feedback,48.508143,1786508493943,7,57,10.0,0.0,10.0,,9.14944839477539,1.8068058490753174,2.511455535888672,,
feedback,48.516456,1786508493951,7,57,10.0,0.0,10.0,,9.871459007263184,2.020303964614868,3.114546537399292,,
feedback,48.524998,1786508493960,7,57,10.0,0.0,10.0,,9.718767166137695,2.0133349895477295,3.262124538421631,,
feedback,48.533438,1786508493968,7,57,10.0,0.0,10.0,,9.725296020507812,2.013744592666626,3.0276894569396973,,
feedback,48.541451,1786508493976,7,57,10.0,0.0,10.0,,9.625877380371094,2.0611159801483154,2.645550489425659,,
feedback,48.549338,1786508493985,7,57,10.0,0.0,10.0,,9.641439437866211,2.01792311668396,2.8238894939422607,,
feedback,48.557949,1786508493993,7,57,10.0,0.0,10.0,,9.558266639709473,2.0748045444488525,2.757817268371582,,
feedback,48.566223,1786508494002,7,57,10.0,0.0,10.0,,9.26833438873291,1.9347610473632812,2.8644795417785645,,
feedback,48.574169,1786508494010,7,57,10.0,0.0,10.0,,8.944038391113281,1.9044002294540405,2.717538356781006,,
feedback,48.582556,1786508494018,7,57,10.0,0.0,10.0,,8.825645446777344,1.7819716930389404,2.703878164291382,,
feedback,48.590238,1786508494027,7,57,10.0,0.0,10.0,,9.118661880493164,1.8416016101837158,3.4239137172698975,,
feedback,48.598735,1786508494035,7,57,10.0,0.0,10.0,,9.09376335144043,1.7151954174041748,3.404642105102539,,
feedback,48.607146,1786508494044,7,57,10.0,0.0,10.0,,9.127123832702637,1.7490664720535278,3.2922229766845703,,
feedback,48.614887,1786508494052,7,57,10.0,0.0,10.0,,8.934809684753418,1.6933577060699463,2.9168167114257812,,
feedback,48.623445,1786508494060,7,57,10.0,0.0,10.0,,8.952981948852539,1.6808892488479614,3.132957696914673,,
feedback,48.631737,1786508494069,7,57,10.0,0.0,10.0,,9.075310707092285,1.68580162525177,3.099271774291992,,
feedback,48.640377,1786508494073,7,57,10.0,0.0,10.0,,9.179585456848145,1.732879638671875,2.9529244899749756,,
feedback,48.647699,1786508494082,7,57,10.0,0.0,10.0,,9.291227340698242,1.813035011291504,2.502124786376953,,
feedback,48.655959,1786508494090,7,57,10.0,0.0,10.0,,9.452604293823242,1.889186143875122,2.3904900550842285,,
feedback,48.664013,1786508494099,7,57,10.0,0.0,10.0,,9.473227500915527,1.8025544881820679,2.9334120750427246,,
feedback,48.672818,1786508494107,7,57,10.0,0.0,10.0,,9.872776985168457,1.9704102277755737,2.9790236949920654,,
feedback,48.680440,1786508494116,7,57,10.0,0.0,10.0,,9.620783805847168,1.8742367029190063,3.1354334354400635,,
feedback,48.688461,1786508494124,7,57,10.0,0.0,10.0,,9.444942474365234,1.860513687133789,2.612360715866089,,
feedback,48.697137,1786508494132,7,57,10.0,0.0,10.0,,9.431602478027344,1.869006872177124,3.018256425857544,,
feedback,48.704920,1786508494141,7,57,10.0,0.0,10.0,,9.2289457321167,1.807218313217163,3.314638376235962,,
feedback,48.713348,1786508494150,7,57,10.0,0.0,10.0,,8.908519744873047,1.6409467458724976,2.842088460922241,,
feedback,48.722546,1786508494158,7,57,10.0,0.0,10.0,,8.861352920532227,1.6689949035644531,2.84490966796875,,
feedback,48.729978,1786508494166,7,57,10.0,0.0,10.0,,8.83222484588623,1.7169517278671265,2.8726298809051514,,
feedback,48.738388,1786508494175,7,57,10.0,0.0,10.0,,8.871240615844727,1.7022291421890259,3.235252618789673,,
feedback,48.745658,1786508494183,7,57,10.0,0.0,10.0,,9.19201946258545,1.701529622077942,3.2949764728546143,,
feedback,48.753925,1786508494191,7,57,10.0,0.0,10.0,,9.131669998168945,1.744577407836914,3.268144369125366,,
feedback,48.762116,1786508494200,7,57,10.0,0.0,10.0,,9.024584770202637,1.7601814270019531,2.7755510807037354,,
feedback,48.771001,1786508494204,7,57,10.0,0.0,10.0,,9.065805435180664,1.7484301328659058,2.760518789291382,,
feedback,48.778897,1786508494213,7,57,10.0,0.0,10.0,,9.612300872802734,1.948327898979187,2.8497982025146484,,
feedback,48.786731,1786508494221,7,57,10.0,0.0,10.0,,9.597807884216309,1.909124732017517,2.5017154216766357,,
feedback,48.795450,1786508494229,7,57,10.0,0.0,10.0,,9.413028717041016,1.850699782371521,2.710413694381714,,
feedback,48.803164,1786508494238,7,57,10.0,0.0,10.0,,9.530659675598145,1.912919044494629,2.5878219604492188,,
feedback,48.811414,1786508494246,7,57,10.0,0.0,10.0,,9.518028259277344,1.9315379858016968,2.4741852283477783,,
feedback,48.819530,1786508494255,7,57,10.0,0.0,10.0,,9.727834701538086,1.9264522790908813,3.01857590675354,,
feedback,48.827450,1786508494263,7,57,10.0,0.0,10.0,,9.860553741455078,1.973151445388794,3.2587385177612305,,
feedback,48.835750,1786508494271,7,57,10.0,0.0,10.0,,9.052369117736816,1.7924691438674927,3.1983439922332764,,
feedback,48.844249,1786508494280,7,57,10.0,0.0,10.0,,8.800278663635254,1.755940556526184,3.0727131366729736,,
feedback,48.852232,1786508494288,7,57,10.0,0.0,10.0,,8.961617469787598,1.7569013833999634,3.2238118648529053,,
feedback,48.860359,1786508494296,7,57,10.0,0.0,10.0,,8.995996475219727,1.7564103603363037,3.182755947113037,,
feedback,48.869258,1786508494305,7,57,10.0,0.0,10.0,,8.949827194213867,1.7790509462356567,2.929342746734619,,
feedback,48.877795,1786508494313,7,57,10.0,0.0,10.0,,8.891132354736328,1.7209986448287964,2.920288324356079,,
feedback,48.885736,1786508494322,7,57,10.0,0.0,10.0,,8.937259674072266,1.7014350891113281,2.9278371334075928,,
feedback,48.893970,1786508494330,7,57,10.0,0.0,10.0,,9.309660911560059,1.795557975769043,3.337127208709717,,
feedback,48.902346,1786508494338,7,57,10.0,0.0,10.0,,9.622960090637207,1.9004738330841064,3.2040717601776123,,
feedback,48.910939,1786508494347,7,57,10.0,0.0,10.0,,9.608522415161133,1.9615488052368164,2.894648551940918,,
feedback,48.918761,1786508494355,7,57,10.0,0.0,10.0,,9.503214836120605,1.9125860929489136,2.699551820755005,,
feedback,48.925823,1786508494364,7,57,10.0,0.0,10.0,,9.611065864562988,1.882565975189209,2.9340004920959473,,
feedback,48.933908,1786508494372,7,57,10.0,0.0,10.0,,9.49686336517334,1.7976596355438232,2.798368215560913,,
feedback,48.942822,1786508494380,7,57,10.0,0.0,10.0,,9.46225357055664,1.856991171836853,2.5249686241149902,,
feedback,48.951224,1786508494385,7,57,10.0,0.0,10.0,,9.442078590393066,1.8625091314315796,2.5150139331817627,,
feedback,48.959333,1786508494393,7,57,10.0,0.0,10.0,,9.182210922241211,1.835307240486145,2.48161244392395,,
feedback,48.967811,1786508494402,7,57,10.0,0.0,10.0,,9.163338661193848,1.8085075616836548,2.9017772674560547,,
feedback,48.975600,1786508494410,7,57,10.0,0.0,10.0,,9.153225898742676,1.763727068901062,3.5922904014587402,,
feedback,48.984332,1786508494418,7,57,10.0,0.0,10.0,,9.028034210205078,1.7264944314956665,3.2207276821136475,,
feedback,48.991807,1786508494427,7,57,10.0,0.0,10.0,,9.030963897705078,1.7517526149749756,3.1717605590820312,,
feedback,49.000582,1786508494435,7,57,10.0,0.0,10.0,,9.084084510803223,1.787767767906189,3.1380553245544434,,
feedback,49.008408,1786508494444,7,57,10.0,0.0,10.0,,9.029154777526855,1.8123611211776733,3.0786633491516113,,
feedback,49.016447,1786508494452,7,57,10.0,0.0,10.0,,9.02756404876709,1.7583751678466797,2.942279815673828,,
feedback,49.024060,1786508494460,7,57,10.0,0.0,10.0,,8.868385314941406,1.8290927410125732,2.779414415359497,,
feedback,49.032669,1786508494469,7,57,10.0,0.0,10.0,,9.271594047546387,1.9965033531188965,2.6475229263305664,,
feedback,49.040868,1786508494477,7,57,10.0,0.0,10.0,,9.548439979553223,2.1007485389709473,2.7646350860595703,,
feedback,49.049353,1786508494486,7,57,10.0,0.0,10.0,,9.706123352050781,2.0613434314727783,3.2870614528656006,,
feedback,49.057970,1786508494494,7,57,10.0,0.0,10.0,,9.700302124023438,2.0564565658569336,2.9819352626800537,,
feedback,49.066041,1786508494503,7,57,10.0,0.0,10.0,,9.694849014282227,2.035123348236084,2.6912283897399902,,
feedback,49.074953,1786508494511,7,57,10.0,0.0,10.0,,9.624055862426758,1.9609565734863281,2.941368579864502,,
feedback,49.082316,1786508494519,7,57,10.0,0.0,10.0,,9.567300796508789,1.9042538404464722,3.097093105316162,,
feedback,49.090634,1786508494528,7,57,10.0,0.0,10.0,,9.176966667175293,1.795891523361206,2.831677198410034,,
feedback,49.098496,1786508494536,7,57,10.0,0.0,10.0,,8.88074779510498,1.6739104986190796,2.8987858295440674,,
feedback,49.107244,1786508494540,7,57,10.0,0.0,10.0,,8.808379173278809,1.7006679773330688,2.7290589809417725,,
feedback,49.115767,1786508494549,7,57,10.0,0.0,10.0,,8.952615737915039,1.796126127243042,3.115039348602295,,
feedback,49.123361,1786508494557,7,57,10.0,0.0,10.0,,9.062076568603516,1.8473749160766602,3.239625930786133,,
feedback,49.132012,1786508494566,7,57,10.0,0.0,10.0,,9.105950355529785,1.8560208082199097,3.380613088607788,,
feedback,49.140460,1786508494574,7,57,10.0,0.0,10.0,,9.06853199005127,1.9182114601135254,3.251758575439453,,
feedback,49.148391,1786508494582,7,57,10.0,0.0,10.0,,8.826104164123535,1.8452987670898438,2.874469757080078,,
feedback,49.155812,1786508494591,7,57,10.0,0.0,10.0,,8.977652549743652,1.8696601390838623,2.9243357181549072,,
feedback,49.165380,1786508494599,7,57,10.0,0.0,10.0,,9.524250030517578,2.022916316986084,2.767106056213379,,
feedback,49.172928,1786508494608,7,57,10.0,0.0,10.0,,9.431072235107422,1.9265652894973755,2.5039241313934326,,
feedback,49.180879,1786508494616,7,57,10.0,0.0,10.0,,9.44316291809082,2.0421853065490723,2.4702587127685547,,
feedback,49.188764,1786508494625,7,57,10.0,0.0,10.0,,9.536520957946777,2.0870776176452637,2.4670653343200684,,
feedback,49.197312,1786508494633,7,57,10.0,0.0,10.0,,9.608588218688965,2.064815044403076,2.924473285675049,,
feedback,49.205099,1786508494641,7,57,10.0,0.0,10.0,,9.755977630615234,2.1139888763427734,3.131254196166992,,
feedback,49.213415,1786508494650,7,57,10.0,0.0,10.0,,9.445472717285156,2.0398430824279785,3.201533555984497,,
feedback,49.221966,1786508494658,7,57,10.0,0.0,10.0,,9.060196876525879,1.9065704345703125,3.0022270679473877,,
feedback,49.229692,1786508494667,7,57,10.0,0.0,10.0,,8.890758514404297,1.8249491453170776,3.19291615486145,,
feedback,49.239016,1786508494675,7,57,10.0,0.0,10.0,,8.977206230163574,1.8236076831817627,3.0287272930145264,,
feedback,49.246328,1786508494683,7,57,10.0,0.0,10.0,,8.789292335510254,1.7691583633422852,2.917914390563965,,
feedback,49.254494,1786508494692,7,57,10.0,0.0,10.0,,8.849435806274414,1.8397197723388672,2.956481456756592,,
feedback,49.263031,1786508494700,7,57,10.0,0.0,10.0,,8.85634994506836,1.8440884351730347,2.748015880584717,,
feedback,49.270692,1786508494704,7,57,10.0,0.0,10.0,,8.898303985595703,1.826271891593933,2.9642410278320312,,
feedback,49.279363,1786508494713,7,57,10.0,0.0,10.0,,9.248634338378906,1.8699157238006592,3.602147102355957,,
feedback,49.287558,1786508494721,7,57,10.0,0.0,10.0,,9.352555274963379,1.9685114622116089,3.3205738067626953,,
feedback,49.295173,1786508494730,7,57,10.0,0.0,10.0,,9.564234733581543,2.046276330947876,2.888817310333252,,
feedback,49.302823,1786508494738,7,57,10.0,0.0,10.0,,9.373063087463379,2.0288352966308594,2.4676215648651123,,
feedback,49.311081,1786508494747,7,57,10.0,0.0,10.0,,9.508935928344727,2.076127052307129,2.584885597229004,,
feedback,49.319890,1786508494755,7,57,10.0,0.0,10.0,,9.639175415039062,2.0947625637054443,2.539278507232666,,
feedback,49.327938,1786508494764,7,57,10.0,0.0,10.0,,9.300151824951172,1.9948861598968506,2.2496864795684814,,
feedback,49.335849,1786508494772,7,57,10.0,0.0,10.0,,9.282393455505371,1.9743907451629639,2.3205230236053467,,
feedback,49.344783,1786508494781,7,57,10.0,0.0,10.0,,9.14842700958252,1.8663359880447388,2.8622653484344482,,
feedback,49.352269,1786508494789,7,57,10.0,0.0,10.0,,9.273431777954102,1.8250313997268677,3.561234951019287,,
feedback,49.360716,1786508494798,7,57,10.0,0.0,10.0,,9.091215133666992,1.7202695608139038,3.401832103729248,,
feedback,49.369576,1786508494806,7,57,10.0,0.0,10.0,,9.018197059631348,1.7065175771713257,3.3007471561431885,,
feedback,49.376746,1786508494815,7,57,10.0,0.0,10.0,,8.866769790649414,1.6092222929000854,2.9767005443573,,
feedback,49.384789,1786508494819,7,57,10.0,0.0,10.0,,8.995709419250488,1.7440881729125977,3.0700314044952393,,
feedback,49.393958,1786508494827,7,57,10.0,0.0,10.0,,8.958240509033203,1.6594656705856323,3.2169718742370605,,
feedback,49.401874,1786508494836,7,57,10.0,0.0,10.0,,8.872370719909668,1.619054913520813,2.940376043319702,,
feedback,49.409743,1786508494844,7,57,10.0,0.0,10.0,,9.005212783813477,1.7070815563201904,2.6737170219421387,,
feedback,49.418614,1786508494853,7,57,10.0,0.0,10.0,,9.367464065551758,1.9146268367767334,2.583087205886841,,
feedback,49.425882,1786508494861,7,57,10.0,0.0,10.0,,9.709141731262207,1.9853711128234863,2.9242050647735596,,
feedback,49.434151,1786508494869,7,57,10.0,0.0,10.0,,9.71719741821289,2.010050058364868,3.149557113647461,,
feedback,49.442349,1786508494878,7,57,10.0,0.0,10.0,,9.801314353942871,2.0649759769439697,3.0054495334625244,,
feedback,49.450458,1786508494886,7,57,10.0,0.0,10.0,,9.561473846435547,1.9921022653579712,2.767773389816284,,
feedback,49.459034,1786508494894,7,57,10.0,0.0,10.0,,9.63287353515625,2.049974203109741,2.734982967376709,,
feedback,49.466832,1786508494903,7,57,10.0,0.0,10.0,,9.525257110595703,1.9805220365524292,2.9015371799468994,,
feedback,49.475486,1786508494911,7,57,10.0,0.0,10.0,,9.002440452575684,1.739533543586731,2.715139150619507,,
feedback,49.483629,1786508494920,7,57,10.0,0.0,10.0,,8.780204772949219,1.7125579118728638,2.73122501373291,,
feedback,49.491279,1786508494928,7,57,10.0,0.0,10.0,,8.806437492370605,1.7464133501052856,2.968315601348877,,
feedback,49.499915,1786508494936,7,57,10.0,0.0,10.0,,8.89108943939209,1.717241644859314,3.157864809036255,,
feedback,49.508032,1786508494945,7,57,10.0,0.0,10.0,,9.180721282958984,1.7717465162277222,3.590524196624756,,
feedback,49.515777,1786508494953,7,57,10.0,0.0,10.0,,9.168214797973633,1.6683701276779175,3.4976260662078857,,
feedback,49.524027,1786508494962,7,57,10.0,0.0,10.0,,8.934686660766602,1.6665130853652954,2.969421625137329,,
feedback,49.532113,1786508494966,7,57,10.0,0.0,10.0,,8.956936836242676,1.6513926982879639,2.8539974689483643,,
feedback,49.539932,1786508494974,7,57,10.0,0.0,10.0,,9.34840202331543,1.8035167455673218,3.0027105808258057,,
feedback,49.548747,1786508494983,7,57,10.0,0.0,10.0,,9.643590927124023,2.000324010848999,2.802832841873169,,
feedback,49.557124,1786508494991,7,57,10.0,0.0,10.0,,9.382320404052734,1.921744465827942,2.5662283897399902,,
feedback,49.564736,1786508495000,7,57,10.0,0.0,10.0,,9.500162124633789,2.0027406215667725,2.6173276901245117,,
feedback,49.573410,1786508495008,7,57,10.0,0.0,10.0,,9.520858764648438,1.944593071937561,2.558683156967163,,
feedback,49.581795,1786508495017,7,57,10.0,0.0,10.0,,9.739421844482422,2.0428123474121094,3.0075643062591553,,
feedback,49.589456,1786508495025,7,57,10.0,0.0,10.0,,9.672463417053223,2.0158090591430664,3.034306287765503,,
feedback,49.597900,1786508495033,7,57,10.0,0.0,10.0,,9.411535263061523,1.8307857513427734,2.9815051555633545,,
feedback,49.605804,1786508495042,7,57,10.0,0.0,10.0,,8.941290855407715,1.6653085947036743,3.1355180740356445,,
feedback,49.614581,1786508495050,7,57,10.0,0.0,10.0,,8.965063095092773,1.702535629272461,3.086857795715332,,
feedback,49.622647,1786508495059,7,57,10.0,0.0,10.0,,9.006951332092285,1.705235481262207,3.1143128871917725,,
feedback,49.630471,1786508495067,7,57,10.0,0.0,10.0,,9.003798484802246,1.7601863145828247,2.9767050743103027,,
feedback,49.638624,1786508495076,7,57,10.0,0.0,10.0,,8.892740249633789,1.6681772470474243,2.9744484424591064,,
feedback,49.646956,1786508495084,7,57,10.0,0.0,10.0,,8.774787902832031,1.715972900390625,2.8693504333496094,,
feedback,49.655177,1786508495092,7,57,10.0,0.0,10.0,,9.247943878173828,1.8567274808883667,3.284525156021118,,
feedback,49.663819,1786508495101,7,57,10.0,0.0,10.0,,9.703529357910156,2.060882091522217,3.094346523284912,,
feedback,49.671636,1786508495105,7,57,10.0,0.0,10.0,,9.690872192382812,2.099201202392578,2.956242322921753,,
feedback,49.680484,1786508495114,7,57,10.0,0.0,10.0,,9.479812622070312,2.0619630813598633,3.0687546730041504,,
feedback,49.688210,1786508495123,7,57,10.0,0.0,10.0,,9.542657852172852,2.089240789413452,2.9274227619171143,,
feedback,49.696844,1786508495131,7,57,10.0,0.0,10.0,,9.612598419189453,2.029235363006592,2.7686851024627686,,
feedback,49.704334,1786508495140,7,57,10.0,0.0,10.0,,9.599220275878906,2.0260236263275146,2.8000128269195557,,
feedback,49.712620,1786508495148,7,57,10.0,0.0,10.0,,9.222166061401367,1.9629459381103516,2.515047788619995,,
feedback,49.721665,1786508495157,7,57,10.0,0.0,10.0,,9.010247230529785,1.9012928009033203,2.540971279144287,,
feedback,49.729537,1786508495165,7,57,10.0,0.0,10.0,,8.803488731384277,1.8127517700195312,2.8662776947021484,,
feedback,49.737505,1786508495173,7,57,10.0,0.0,10.0,,9.103793144226074,1.8153647184371948,3.4953055381774902,,
feedback,49.745221,1786508495182,7,57,10.0,0.0,10.0,,9.10744571685791,1.7885242700576782,3.487210988998413,,
feedback,49.753880,1786508495190,7,57,10.0,0.0,10.0,,9.12220573425293,1.7382631301879883,3.4486820697784424,,
feedback,49.762338,1786508495199,7,57,10.0,0.0,10.0,,8.933796882629395,1.7162524461746216,2.9821066856384277,,
feedback,49.770298,1786508495207,7,57,10.0,0.0,10.0,,9.060151100158691,1.770054578781128,2.9571237564086914,,
feedback,49.778673,1786508495215,7,57,10.0,0.0,10.0,,9.466176986694336,1.9127967357635498,2.895770311355591,,
feedback,49.787157,1786508495224,7,57,10.0,0.0,10.0,,9.440635681152344,1.994718074798584,2.6049211025238037,,
feedback,49.794873,1786508495232,7,57,10.0,0.0,10.0,,9.38082504272461,1.932620882987976,2.6570088863372803,,
feedback,49.803947,1786508495241,7,57,10.0,0.0,10.0,,9.529711723327637,1.9731112718582153,2.595872640609741,,
feedback,49.811711,1786508495245,7,57,10.0,0.0,10.0,,9.634461402893066,1.9344180822372437,2.694995641708374,,
feedback,49.819740,1786508495253,7,57,10.0,0.0,10.0,,9.889508247375488,1.9565279483795166,3.136181354522705,,
feedback,49.828015,1786508495262,7,57,10.0,0.0,10.0,,9.838916778564453,1.9186985492706299,3.164907693862915,,
feedback,49.836228,1786508495270,7,57,10.0,0.0,10.0,,9.483414649963379,1.7764276266098022,2.9950931072235107,,
feedback,49.843842,1786508495279,7,57,10.0,0.0,10.0,,9.126321792602539,1.6847503185272217,2.551610231399536,,
feedback,49.851592,1786508495287,7,57,10.0,0.0,10.0,,9.000640869140625,1.5792344808578491,3.1637330055236816,,
feedback,49.860907,1786508495295,7,57,10.0,0.0,10.0,,8.954092979431152,1.6632767915725708,3.1252942085266113,,
feedback,49.867806,1786508495304,7,57,10.0,0.0,10.0,,8.821417808532715,1.5824066400527954,2.9953677654266357,,
feedback,49.876238,1786508495312,7,57,10.0,0.0,10.0,,8.914981842041016,1.617574691772461,2.8331284523010254,,
feedback,49.884918,1786508495321,7,57,10.0,0.0,10.0,,8.912324905395508,1.6129448413848877,2.7741594314575195,,
feedback,49.893584,1786508495329,7,57,10.0,0.0,10.0,,9.354878425598145,1.7601919174194336,3.2460978031158447,,
feedback,49.901102,1786508495337,7,57,10.0,0.0,10.0,,9.591741561889648,1.9455240964889526,2.9584670066833496,,
feedback,49.909219,1786508495346,7,57,10.0,0.0,10.0,,9.659673690795898,2.035184144973755,2.814845561981201,,
feedback,49.917377,1786508495354,7,57,10.0,0.0,10.0,,9.434431076049805,1.972193956375122,2.624370813369751,,
feedback,49.925349,1786508495363,7,57,10.0,0.0,10.0,,9.479318618774414,2.0216424465179443,2.959815263748169,,
feedback,49.933939,1786508495371,7,57,10.0,0.0,10.0,,9.552191734313965,1.9996824264526367,2.8635663986206055,,
feedback,49.941788,1786508495379,7,57,10.0,0.0,10.0,,9.369908332824707,1.9153765439987183,2.6493282318115234,,
feedback,49.949505,1786508495384,7,57,10.0,0.0,10.0,,9.283451080322266,1.8957513570785522,2.65482759475708,,
feedback,49.957717,1786508495393,7,57,10.0,0.0,10.0,,9.065409660339355,1.8002369403839111,2.664102077484131,,
feedback,49.966867,1786508495401,7,57,10.0,0.0,10.0,,8.83313274383545,1.667437195777893,2.7107410430908203,,
feedback,49.975258,1786508495409,7,57,10.0,0.0,10.0,,9.139113426208496,1.7014729976654053,3.5576577186584473,,
feedback,49.982949,1786508495418,7,57,10.0,0.0,10.0,,9.128055572509766,1.7630165815353394,3.4831690788269043,,
feedback,49.990860,1786508495426,7,57,10.0,0.0,10.0,,9.097975730895996,1.7491459846496582,3.175316333770752,,
feedback,49.999215,1786508495435,7,57,10.0,0.0,10.0,,8.893708229064941,1.665006160736084,3.111846446990967,,
feedback,50.007624,1786508495443,7,57,10.0,0.0,10.0,,9.01551342010498,1.6961058378219604,3.384657859802246,,
feedback,50.015525,1786508495451,7,57,10.0,0.0,10.0,,9.18298053741455,1.8376619815826416,2.996436595916748,,
feedback,50.024261,1786508495460,7,57,10.0,0.0,10.0,,9.60047721862793,2.13503360748291,2.5449161529541016,,
feedback,50.031766,1786508495468,7,57,10.0,0.0,10.0,,9.461323738098145,2.1176257133483887,2.450822353363037,,
feedback,50.039496,1786508495477,7,57,10.0,0.0,10.0,,9.4130220413208,2.0066208839416504,2.6114094257354736,,
feedback,50.047753,1786508495485,7,57,10.0,0.0,10.0,,9.617542266845703,2.111346483230591,3.0196967124938965,,
feedback,50.055959,1786508495494,7,57,10.0,0.0,10.0,,9.759573936462402,2.1154696941375732,3.2534914016723633,,
feedback,50.065191,1786508495502,7,57,10.0,0.0,10.0,,9.710979461669922,2.019988775253296,2.989731788635254,,
feedback,50.072735,1786508495511,7,57,10.0,0.0,10.0,,9.215978622436523,1.9048141241073608,2.913221836090088,,
feedback,50.080681,1786508495515,7,57,10.0,0.0,10.0,,9.207917213439941,1.846787929534912,2.842134952545166,,
feedback,50.089838,1786508495523,7,57,10.0,0.0,10.0,,8.992715835571289,1.8206065893173218,3.040635585784912,,
feedback,50.097750,1786508495532,7,57,10.0,0.0,10.0,,8.912793159484863,1.869659185409546,3.09597110748291,,
feedback,50.105680,1786508495540,7,57,10.0,0.0,10.0,,8.72027587890625,1.7683472633361816,3.0190773010253906,,
feedback,50.114430,1786508495549,7,57,10.0,0.0,10.0,,8.671582221984863,1.8134069442749023,2.6463754177093506,,
feedback,50.122765,1786508495557,7,57,10.0,0.0,10.0,,8.860664367675781,1.764807105064392,2.9147706031799316,,
feedback,50.130137,1786508495565,7,57,10.0,0.0,10.0,,9.171684265136719,1.7888681888580322,3.4489498138427734,,
feedback,50.139230,1786508495574,7,57,10.0,0.0,10.0,,9.509744644165039,2.010162115097046,2.980450391769409,,
feedback,50.146606,1786508495582,7,57,10.0,0.0,10.0,,9.571147918701172,2.0349252223968506,2.758476734161377,,
feedback,50.154470,1786508495591,7,57,10.0,0.0,10.0,,9.522957801818848,2.0678813457489014,2.7005512714385986,,
feedback,50.163744,1786508495599,7,57,10.0,0.0,10.0,,9.575431823730469,2.1597671508789062,2.7236697673797607,,
feedback,50.170930,1786508495608,7,57,10.0,0.0,10.0,,9.558073997497559,2.0463807582855225,2.8882198333740234,,
feedback,50.179567,1786508495616,7,57,10.0,0.0,10.0,,9.42553997039795,1.9499359130859375,2.5580337047576904,,
feedback,50.188222,1786508495625,7,57,10.0,0.0,10.0,,9.045008659362793,1.7878550291061401,2.598043441772461,,
feedback,50.195765,1786508495633,7,57,10.0,0.0,10.0,,8.932164192199707,1.6693512201309204,2.7701940536499023,,
feedback,50.204113,1786508495642,7,57,10.0,0.0,10.0,,8.980278968811035,1.616622805595398,2.974196195602417,,
feedback,50.212094,1786508495650,7,57,10.0,0.0,10.0,,9.074482917785645,1.6502959728240967,3.1310720443725586,,
feedback,50.221075,1786508495654,7,57,10.0,0.0,10.0,,9.170733451843262,1.6938984394073486,3.3237693309783936,,
feedback,50.228332,1786508495663,7,57,10.0,0.0,10.0,,9.16081714630127,1.7150611877441406,3.2575743198394775,,
feedback,50.237488,1786508495671,7,57,10.0,0.0,10.0,,8.919538497924805,1.614096760749817,3.3002095222473145,,
feedback,50.245450,1786508495679,7,57,10.0,0.0,10.0,,8.998888969421387,1.5968239307403564,3.2797627449035645,,
feedback,50.253161,1786508495688,7,57,10.0,0.0,10.0,,9.53415584564209,1.8348963260650635,2.8836371898651123,,
feedback,50.261259,1786508495696,7,57,10.0,0.0,10.0,,9.507360458374023,1.8918616771697998,2.507415533065796,,
feedback,50.269227,1786508495705,7,57,10.0,0.0,10.0,,9.320108413696289,1.852170467376709,2.5097548961639404,,
feedback,50.277423,1786508495713,7,57,10.0,0.0,10.0,,9.583252906799316,2.0000827312469482,2.4152512550354004,,
feedback,50.286553,1786508495722,7,57,10.0,0.0,10.0,,9.708024978637695,2.043957471847534,2.8342983722686768,,
feedback,50.294518,1786508495730,7,57,10.0,0.0,10.0,,9.842963218688965,2.122654438018799,3.0081875324249268,,
feedback,50.302361,1786508495738,7,57,10.0,0.0,10.0,,9.588021278381348,1.9570209980010986,3.313046455383301,,
feedback,50.311143,1786508495747,7,57,10.0,0.0,10.0,,9.104913711547852,1.6782115697860718,3.1589365005493164,,
feedback,50.318867,1786508495755,7,57,10.0,0.0,10.0,,9.054267883300781,1.7094107866287231,3.2092864513397217,,
feedback,50.327432,1786508495764,7,57,10.0,0.0,10.0,,8.955116271972656,1.6763269901275635,3.0222151279449463,,
feedback,50.335773,1786508495772,7,57,10.0,0.0,10.0,,8.829780578613281,1.6311131715774536,2.7963497638702393,,
feedback,50.343917,1786508495781,7,57,10.0,0.0,10.0,,8.799721717834473,1.7006957530975342,2.631460666656494,,
feedback,50.351865,1786508495789,7,57,10.0,0.0,10.0,,8.866466522216797,1.8143384456634521,2.6771554946899414,,
feedback,50.359661,1786508495797,7,57,10.0,0.0,10.0,,9.003947257995605,1.8386460542678833,2.8425915241241455,,
feedback,50.367445,1786508495806,7,57,10.0,0.0,10.0,,9.724370002746582,2.1851024627685547,3.2978594303131104,,
feedback,50.375832,1786508495810,7,57,10.0,0.0,10.0,,9.765536308288574,2.2271616458892822,3.305288553237915,,
feedback,50.384535,1786508495818,7,57,10.0,0.0,10.0,,9.6265230178833,2.1386778354644775,3.192150354385376,,
feedback,50.392397,1786508495827,7,57,10.0,0.0,10.0,,9.739562034606934,2.2251787185668945,2.9926910400390625,,
feedback,50.401033,1786508495835,7,57,10.0,0.0,10.0,,9.813933372497559,2.2161619663238525,2.705164670944214,,
feedback,50.409214,1786508495844,7,57,10.0,0.0,10.0,,9.569920539855957,2.1406795978546143,2.7501652240753174,,
feedback,50.417627,1786508495852,7,57,10.0,0.0,10.0,,9.187551498413086,1.926679253578186,2.863830804824829,,
feedback,50.425554,1786508495861,7,57,10.0,0.0,10.0,,8.885200500488281,1.7749731540679932,2.7597768306732178,,
feedback,50.433850,1786508495869,7,57,10.0,0.0,10.0,,8.746781349182129,1.6863560676574707,2.914625883102417,,
feedback,50.441795,1786508495877,7,57,10.0,0.0,10.0,,8.854177474975586,1.7207001447677612,3.2108030319213867,,
feedback,50.450491,1786508495886,7,57,10.0,0.0,10.0,,9.106607437133789,1.74195396900177,3.417032480239868,,
feedback,50.458387,1786508495894,7,57,10.0,0.0,10.0,,9.171191215515137,1.7278908491134644,3.33905029296875,,
feedback,50.466201,1786508495903,7,57,10.0,0.0,10.0,,9.05496597290039,1.7068766355514526,3.413543701171875,,
feedback,50.474859,1786508495911,7,57,10.0,0.0,10.0,,9.041744232177734,1.7713265419006348,2.875631093978882,,
feedback,50.482538,1786508495919,7,57,10.0,0.0,10.0,,9.686671257019043,2.1672472953796387,2.7028586864471436,,
feedback,50.491218,1786508495928,7,57,10.0,0.0,10.0,,9.649598121643066,2.050293207168579,2.782820224761963,,
feedback,50.499722,1786508495936,7,57,10.0,0.0,10.0,,9.566604614257812,2.0319178104400635,2.5601212978363037,,
feedback,50.507082,1786508495945,7,57,10.0,0.0,10.0,,9.606866836547852,1.988410472869873,2.517991304397583,,
feedback,50.516176,1786508495953,7,57,10.0,0.0,10.0,,9.369336128234863,1.835193157196045,2.5365800857543945,,
feedback,50.523707,1786508495961,7,57,10.0,0.0,10.0,,9.509720802307129,1.9197020530700684,2.7970564365386963,,
feedback,50.532531,1786508495970,7,57,10.0,0.0,10.0,,9.252359390258789,1.7249534130096436,3.120715379714966,,
feedback,50.540139,1786508495974,7,57,10.0,0.0,10.0,,9.193254470825195,1.6669174432754517,3.213280200958252,,
feedback,50.548520,1786508495983,7,57,10.0,0.0,10.0,,9.02010440826416,1.6033060550689697,3.2316226959228516,,
feedback,50.556395,1786508495991,7,57,10.0,0.0,10.0,,8.861932754516602,1.5937769412994385,3.2511885166168213,,
feedback,50.565109,1786508495999,7,57,10.0,0.0,10.0,,9.017975807189941,1.5295617580413818,3.3370792865753174,,
feedback,50.572597,1786508496008,7,57,10.0,0.0,10.0,,8.959033012390137,1.5041602849960327,3.2993483543395996,,
feedback,50.581072,1786508496016,7,57,10.0,0.0,10.0,,8.959672927856445,1.557426929473877,2.924487829208374,,
feedback,50.588914,1786508496025,7,57,10.0,0.0,10.0,,9.289094924926758,1.9148321151733398,2.5460076332092285,,
feedback,50.597326,1786508496033,7,57,10.0,0.0,10.0,,9.476200103759766,2.0472161769866943,2.471003532409668,,
feedback,50.605656,1786508496042,7,57,10.0,0.0,10.0,,9.530950546264648,2.026737689971924,2.6839759349823,,
feedback,50.614009,1786508496050,7,57,10.0,0.0,10.0,,9.92279052734375,2.283360481262207,3.116961717605591,,
feedback,50.622197,1786508496058,7,57,10.0,0.0,10.0,,9.744961738586426,2.2043306827545166,3.0513899326324463,,
feedback,50.630492,1786508496067,7,57,10.0,0.0,10.0,,9.784647941589355,2.1954751014709473,2.991147041320801,,
feedback,50.638284,1786508496075,7,57,10.0,0.0,10.0,,9.299239158630371,1.9238492250442505,3.080548048019409,,
feedback,50.646702,1786508496084,7,57,10.0,0.0,10.0,,8.993273735046387,1.7662591934204102,3.0992798805236816,,
feedback,50.654752,1786508496088,7,57,10.0,0.0,10.0,,8.894883155822754,1.7590252161026,3.0575315952301025,,
feedback,50.662949,1786508496097,7,57,10.0,0.0,10.0,,8.80970573425293,1.7192739248275757,2.8721208572387695,,
feedback,50.670942,1786508496105,7,57,10.0,0.0,10.0,,8.87508487701416,1.8799219131469727,2.7508656978607178,,
feedback,50.679595,1786508496113,7,57,10.0,0.0,10.0,,8.826140403747559,1.7920316457748413,2.725475788116455,,
feedback,50.687766,1786508496122,7,57,10.0,0.0,10.0,,8.878357887268066,1.7609293460845947,3.078803062438965,,
feedback,50.695995,1786508496130,7,57,10.0,0.0,10.0,,9.344121932983398,1.8404794931411743,3.4837534427642822,,
feedback,50.704640,1786508496139,7,57,10.0,0.0,10.0,,9.684263229370117,2.0667474269866943,3.1830227375030518,,
feedback,50.712335,1786508496147,7,57,10.0,0.0,10.0,,9.459360122680664,2.045616865158081,2.7975945472717285,,
feedback,50.721092,1786508496156,7,57,10.0,0.0,10.0,,9.560976028442383,2.139662981033325,2.7463083267211914,,
feedback,50.728195,1786508496165,7,57,10.0,0.0,10.0,,9.59821605682373,2.0876803398132324,2.7841572761535645,,
feedback,50.737439,1786508496173,7,57,10.0,0.0,10.0,,9.555403709411621,2.180056095123291,2.5585122108459473,,
feedback,50.744867,1786508496181,7,57,10.0,0.0,10.0,,9.066448211669922,1.87806236743927,2.507079839706421,,
feedback,50.753529,1786508496190,7,57,10.0,0.0,10.0,,8.954730987548828,1.6956435441970825,2.7289223670959473,,
feedback,50.761651,1786508496198,7,57,10.0,0.0,10.0,,8.780293464660645,1.5515364408493042,2.9770965576171875,,
feedback,50.769069,1786508496206,7,57,10.0,0.0,10.0,,8.979488372802734,1.560802936553955,3.402459144592285,,
feedback,50.778084,1786508496215,7,57,10.0,0.0,10.0,,9.193507194519043,1.5809825658798218,3.389519214630127,,
feedback,50.786656,1786508496223,7,57,10.0,0.0,10.0,,8.969566345214844,1.5131831169128418,3.4129223823547363,,
feedback,50.794313,1786508496232,7,57,10.0,0.0,10.0,,9.025775909423828,1.6892329454421997,2.96820330619812,,
feedback,50.802638,1786508496240,7,57,10.0,0.0,10.0,,9.57616138458252,1.9848495721817017,2.873234272003174,,
feedback,50.811316,1786508496248,7,57,10.0,0.0,10.0,,9.62930965423584,2.0410315990448,2.730881929397583,,
feedback,50.819563,1786508496253,7,57,10.0,0.0,10.0,,9.518383026123047,2.021867036819458,2.720757246017456,,
feedback,50.827317,1786508496261,7,57,10.0,0.0,10.0,,9.55225944519043,2.0638225078582764,2.616903781890869,,
feedback,50.835824,1786508496270,7,57,10.0,0.0,10.0,,9.522102355957031,2.0722522735595703,2.571989059448242,,
feedback,50.843920,1786508496278,7,57,10.0,0.0,10.0,,9.449173927307129,2.028209686279297,2.386687755584717,,
feedback,50.851990,1786508496287,7,57,10.0,0.0,10.0,,9.455620765686035,1.8912814855575562,2.7114195823669434,,
feedback,50.860177,1786508496295,7,57,10.0,0.0,10.0,,9.188994407653809,1.6419994831085205,3.307483673095703,,
feedback,50.867515,1786508496303,7,57,10.0,0.0,10.0,,9.088603019714355,1.615097999572754,3.1920976638793945,,
feedback,50.875649,1786508496312,7,57,10.0,0.0,10.0,,9.092370986938477,1.695298194885254,3.192779779434204,,
feedback,50.883836,1786508496320,7,57,10.0,0.0,10.0,,8.964509010314941,1.6907269954681396,3.066929817199707,,
feedback,50.892335,1786508496329,7,57,10.0,0.0,10.0,,8.922199249267578,1.6497414112091064,3.282749891281128,,
feedback,50.900671,1786508496337,7,57,10.0,0.0,10.0,,9.111478805541992,1.7367955446243286,3.3433964252471924,,
feedback,50.908910,1786508496345,7,57,10.0,0.0,10.0,,9.345577239990234,2.0515060424804688,2.664703845977783,,
feedback,50.917286,1786508496354,7,57,10.0,0.0,10.0,,9.405892372131348,2.2149429321289062,2.517387628555298,,
feedback,50.926132,1786508496362,7,57,10.0,0.0,10.0,,9.310652732849121,2.1557888984680176,2.5729832649230957,,
feedback,50.933906,1786508496371,7,57,10.0,0.0,10.0,,9.7135009765625,2.321347236633301,2.789344310760498,,
feedback,50.942060,1786508496379,7,57,10.0,0.0,10.0,,9.77784538269043,2.1875252723693848,2.8862595558166504,,
feedback,50.950900,1786508496387,7,57,10.0,0.0,10.0,,9.660243034362793,2.0916225910186768,3.111635208129883,,
feedback,50.958297,1786508496396,7,57,10.0,0.0,10.0,,9.09416675567627,1.7200231552124023,3.0969698429107666,,
feedback,50.966712,1786508496400,7,57,10.0,0.0,10.0,,8.907915115356445,1.7159267663955688,3.0137195587158203,,
feedback,50.973931,1786508496408,7,57,10.0,0.0,10.0,,8.995344161987305,1.646287441253662,3.234311819076538,,
feedback,50.982145,1786508496417,7,57,10.0,0.0,10.0,,8.936789512634277,1.6039103269577026,3.32896089553833,,
feedback,50.990456,1786508496425,7,57,10.0,0.0,10.0,,8.982147216796875,1.6412761211395264,2.9089138507843018,,
feedback,50.999565,1786508496434,7,57,10.0,0.0,10.0,,8.765007019042969,1.6792064905166626,2.6607906818389893,,
feedback,51.007182,1786508496442,7,57,10.0,0.0,10.0,,8.920207977294922,1.6923190355300903,2.5889270305633545,,
feedback,51.015588,1786508496450,7,57,10.0,0.0,10.0,,9.315935134887695,1.914321780204773,2.634025812149048,,
feedback,51.023162,1786508496459,7,57,10.0,0.0,10.0,,9.756623268127441,2.0321149826049805,3.088494062423706,,
feedback,51.031276,1786508496467,7,57,10.0,0.0,10.0,,9.782621383666992,2.154627561569214,3.0431289672851562,,
feedback,51.039272,1786508496476,7,57,10.0,0.0,10.0,,9.646429061889648,2.0754356384277344,2.954751491546631,,
feedback,51.047742,1786508496484,7,57,10.0,0.0,10.0,,9.445950508117676,1.9681864976882935,2.9166293144226074,,
feedback,51.056055,1786508496493,7,57,10.0,0.0,10.0,,9.4849214553833,1.9529821872711182,2.9893951416015625,,
feedback,51.064991,1786508496501,7,57,10.0,0.0,10.0,,9.083529472351074,1.6305946111679077,3.2481677532196045,,
feedback,51.072119,1786508496509,7,57,10.0,0.0,10.0,,8.765584945678711,1.5442843437194824,2.8769798278808594,,
feedback,51.080422,1786508496518,7,57,10.0,0.0,10.0,,8.80412483215332,1.616615653038025,2.7472035884857178,,
feedback,51.089164,1786508496526,7,57,10.0,0.0,10.0,,8.813776969909668,1.5918984413146973,2.621513843536377,,
feedback,51.097613,1786508496534,7,57,10.0,0.0,10.0,,8.765547752380371,1.5780524015426636,2.9171249866485596,,
feedback,51.105502,1786508496543,7,57,10.0,0.0,10.0,,9.239829063415527,1.744795322418213,3.5766937732696533,,
feedback,51.113665,1786508496551,7,57,10.0,0.0,10.0,,9.602232933044434,2.0576488971710205,3.1492557525634766,,
feedback,51.122145,1786508496555,7,57,10.0,0.0,10.0,,9.673056602478027,2.1521613597869873,3.0043506622314453,,
feedback,51.130709,1786508496564,7,57,10.0,0.0,10.0,,9.416580200195312,2.1126749515533447,2.8248562812805176,,
feedback,51.140435,1786508496572,7,57,10.0,0.0,10.0,,9.596470832824707,2.2504594326019287,2.7233474254608154,,
feedback,51.147105,1786508496581,7,57,10.0,0.0,10.0,,9.496260643005371,2.2648446559906006,2.741567373275757,,
feedback,51.155450,1786508496589,7,57,10.0,0.0,10.0,,9.549466133117676,2.3131752014160156,2.495818853378296,,
feedback,51.162964,1786508496598,7,57,10.0,0.0,10.0,,9.264823913574219,2.16206955909729,2.3338377475738525,,
feedback,51.171541,1786508496606,7,57,10.0,0.0,10.0,,8.891365051269531,1.8077455759048462,2.6948137283325195,,
feedback,51.178813,1786508496615,7,57,10.0,0.0,10.0,,8.823884963989258,1.7201361656188965,2.8399288654327393,,
feedback,51.187701,1786508496623,7,57,10.0,0.0,10.0,,8.979242324829102,1.7613871097564697,3.222318649291992,,
feedback,51.195439,1786508496631,7,57,10.0,0.0,10.0,,9.122184753417969,1.6279445886611938,3.5159192085266113,,
feedback,51.203867,1786508496640,7,57,10.0,0.0,10.0,,9.05069637298584,1.6496646404266357,3.1947829723358154,,
feedback,51.211682,1786508496648,7,57,10.0,0.0,10.0,,9.17766284942627,1.8062996864318848,2.8407413959503174,,
feedback,51.220477,1786508496657,7,57,10.0,0.0,10.0,,9.582342147827148,2.0376384258270264,2.792300224304199,,
feedback,51.227739,1786508496665,7,57,10.0,0.0,10.0,,9.50737476348877,1.9601123332977295,2.8718950748443604,,
feedback,51.235984,1786508496673,7,57,10.0,0.0,10.0,,9.617000579833984,2.060347318649292,2.6599316596984863,,
feedback,51.244804,1786508496682,7,57,10.0,0.0,10.0,,9.534991264343262,2.0480382442474365,2.6048924922943115,,
feedback,51.252813,1786508496690,7,57,10.0,0.0,10.0,,9.498407363891602,2.0796844959259033,2.4917171001434326,,
feedback,51.260937,1786508496699,7,57,10.0,0.0,10.0,,9.164263725280762,1.776612639427185,2.7781450748443604,,
feedback,51.269913,1786508496703,7,57,10.0,0.0,10.0,,9.060728073120117,1.6151788234710693,3.068066358566284,,
feedback,51.276962,1786508496711,7,57,10.0,0.0,10.0,,9.191425323486328,1.554307460784912,3.556316375732422,,
feedback,51.285135,1786508496720,7,57,10.0,0.0,10.0,,9.06162166595459,1.5200802087783813,3.2755978107452393,,
feedback,51.293783,1786508496728,7,57,10.0,0.0,10.0,,8.953039169311523,1.5037368535995483,3.0037121772766113,,
feedback,51.302953,1786508496737,7,57,10.0,0.0,10.0,,8.899847984313965,1.5921082496643066,3.0294132232666016,,
feedback,51.309666,1786508496745,7,57,10.0,0.0,10.0,,9.092056274414062,1.7008535861968994,3.1193690299987793,,
feedback,51.318931,1786508496753,7,57,10.0,0.0,10.0,,9.511832237243652,2.033423900604248,2.745821952819824,,
feedback,51.326056,1786508496762,7,57,10.0,0.0,10.0,,9.424866676330566,2.0934436321258545,2.6635310649871826,,
feedback,51.335675,1786508496770,7,57,10.0,0.0,10.0,,9.289170265197754,2.019707441329956,2.4443564414978027,,
feedback,51.343004,1786508496779,7,57,10.0,0.0,10.0,,9.404439926147461,2.1756796836853027,2.4625766277313232,,
feedback,51.350764,1786508496787,7,57,10.0,0.0,10.0,,9.80506420135498,2.317946672439575,3.003059148788452,,
feedback,51.359173,1786508496795,7,57,10.0,0.0,10.0,,9.360323905944824,1.924717903137207,3.274014472961426,,
feedback,51.367674,1786508496804,7,57,10.0,0.0,10.0,,9.046835899353027,1.6416486501693726,3.323281764984131,,
feedback,51.375036,1786508496812,7,57,10.0,0.0,10.0,,9.004472732543945,1.6790474653244019,3.182342052459717,,
feedback,51.383279,1786508496821,7,57,10.0,0.0,10.0,,8.969964981079102,1.7204698324203491,2.883500099182129,,
feedback,51.391901,1786508496829,7,57,10.0,0.0,10.0,,9.013888359069824,1.7029049396514893,3.0597259998321533,,
feedback,51.400142,1786508496837,7,57,10.0,0.0,10.0,,8.913644790649414,1.5783007144927979,3.2022297382354736,,
feedback,51.408359,1786508496846,7,57,10.0,0.0,10.0,,8.954727172851562,1.8262629508972168,2.8802649974823,,
feedback,51.416336,1786508496850,7,57,10.0,0.0,10.0,,8.91043472290039,1.9292094707489014,2.475407600402832,,
feedback,51.424329,1786508496858,7,57,10.0,0.0,10.0,,8.752991676330566,1.8848851919174194,2.4801127910614014,,
feedback,51.432826,1786508496867,7,57,10.0,0.0,10.0,,8.612015724182129,1.8515756130218506,2.3245465755462646,,
feedback,51.441788,1786508496875,7,57,10.0,0.0,10.0,,8.547093391418457,1.8153619766235352,2.5468764305114746,,
feedback,51.448912,1786508496884,7,57,10.0,0.0,10.0,,8.395158767700195,1.7386157512664795,2.6481378078460693,,
feedback,51.457916,1786508496892,7,57,10.0,0.0,10.0,,7.933242321014404,1.5368537902832031,2.7032558917999268,,
feedback,51.465840,1786508496901,7,57,10.0,0.0,10.0,,7.37404203414917,1.24289071559906,2.644619941711426,,
feedback,51.473319,1786508496909,7,57,10.0,0.0,10.0,,6.78603982925415,1.1115885972976685,2.11161208152771,,
feedback,51.481929,1786508496917,7,57,10.0,0.0,10.0,,6.158605098724365,1.025813102722168,1.96537446975708,,
feedback,51.490524,1786508496926,7,57,10.0,0.0,10.0,,5.686545372009277,0.8470187187194824,2.248137950897217,,
feedback,51.498505,1786508496934,7,57,10.0,0.0,10.0,,5.19366455078125,0.8156822919845581,1.929623007774353,,
feedback,51.506989,1786508496943,7,57,10.0,0.0,10.0,,4.876768589019775,0.7676365971565247,1.766473412513733,,
feedback,51.515578,1786508496951,7,57,10.0,0.0,10.0,,4.192211627960205,0.677484929561615,1.3707857131958008,,
feedback,51.522744,1786508496959,7,57,10.0,0.0,10.0,,3.7661306858062744,0.632115364074707,1.1949338912963867,,
feedback,51.530761,1786508496968,7,57,10.0,0.0,10.0,,3.360989570617676,0.5927255153656006,0.9664925932884216,,
feedback,51.538931,1786508496976,7,57,10.0,0.0,10.0,,2.827861785888672,0.5263527631759644,0.7769460082054138,,
feedback,51.547082,1786508496985,7,57,10.0,0.0,10.0,,2.3271663188934326,0.560775876045227,0.5561042428016663,,
feedback,51.555168,1786508496993,7,57,10.0,0.0,10.0,,1.9092096090316772,0.5400242209434509,0.39111456274986267,,
feedback,51.563358,1786508496998,7,57,10.0,0.0,10.0,,1.6876825094223022,0.5156968235969543,0.3002665638923645,,
feedback,51.572134,1786508497006,7,57,10.0,0.0,10.0,,1.3597928285598755,0.4148837924003601,0.30647754669189453,,
feedback,51.580141,1786508497014,7,57,10.0,0.0,10.0,,1.1023179292678833,0.26110410690307617,0.2258032262325287,,
feedback,51.588215,1786508497023,7,57,10.0,0.0,10.0,,0.8462561368942261,0.21808569133281708,0.22438505291938782,,
feedback,51.596116,1786508497032,7,57,10.0,0.0,10.0,,0.7359148263931274,0.2320556789636612,0.15092545747756958,,
feedback,51.604741,1786508497040,7,57,10.0,0.0,10.0,,0.49937552213668823,0.22626905143260956,0.06788335740566254,,
feedback,51.613791,1786508497048,7,57,10.0,0.0,10.0,,0.23814186453819275,0.09972486644983292,-0.015358603559434414,,
feedback,51.621891,1786508497057,7,57,10.0,0.0,10.0,,0.10940217971801758,0.05540638044476509,0.03246067091822624,,
feedback,51.629308,1786508497065,7,57,10.0,0.0,10.0,,0.009168463759124279,0.06007565185427666,-0.007362906821072102,,
feedback,51.637618,1786508497073,7,57,10.0,0.0,10.0,,0.022113442420959473,0.04776563495397568,0.024480514228343964,,
feedback,51.645328,1786508497082,7,57,10.0,0.0,10.0,,0.006552457809448242,0.04224833473563194,0.01811053976416588,,
feedback,51.654126,1786508497090,7,57,10.0,0.0,10.0,,-0.0060331085696816444,0.026946809142827988,0.007488667964935303,,
feedback,51.661843,1786508497099,7,57,10.0,0.0,10.0,,0.008636466227471828,0.046028345823287964,0.009411871433258057,,
feedback,51.670281,1786508497107,7,57,10.0,0.0,10.0,,0.010594211518764496,0.004777172114700079,0.01690051518380642,,
feedback,51.678816,1786508497116,5,57,10.0,0.0,10.0,,0.0061132344417274,0.021456580609083176,0.01186616811901331,,
feedback,51.686513,1786508497124,5,57,10.0,0.0,10.0,,0.002836833009496331,0.00033239577896893024,-0.007488705217838287,,
feedback,51.694854,1786508497132,5,57,10.0,0.0,10.0,,0.0017242120811715722,0.03139159828424454,0.011278481222689152,,
feedback,51.704003,1786508497141,5,57,10.0,0.0,10.0,,0.001552251516841352,-0.010267408564686775,0.008076361380517483,,
feedback,51.710846,1786508497145,5,57,10.0,0.0,10.0,,0.020515626296401024,0.06140546500682831,0.017613353207707405,,
feedback,51.720285,1786508497153,5,57,10.0,0.0,10.0,,0.009795255959033966,0.011597031727433205,0.01690034382045269,,
