event,pc_time_s,controller_timestamp,robot_mode,axis,target_speed_deg_s,target_delta_deg,selected_actual_deg_s,speed_error_deg_s,command_interval_ms,command_latency_ms,target_x,target_y,target_z,target_rx,target_ry,target_rz,actual_x,actual_y,actual_z,actual_rx,actual_ry,actual_rz,tcp_vx,tcp_vy,tcp_vz,tcp_wx,tcp_wy,tcp_wz,response
feedback,0.005131,1786353219875,5,Ry,0.000000,0.000000,-0.020600,-0.020600,,,359.999908,-134.999466,479.998962,0.000429,20.000172,0.000163,359.999786,-134.999847,479.998932,0.000477,20.000225,0.000167,-0.073577,-0.279951,0.109157,0.015253,-0.020599,-0.039443,
feedback,0.014566,1786353219883,5,Ry,0.000000,0.000000,0.006866,0.006866,,,359.999908,-134.999466,479.998962,0.000429,20.000172,0.000163,359.999908,-134.999603,479.999023,0.000422,20.000143,0.000194,-0.003595,-0.086286,-0.043143,-0.000000,0.006866,-0.013733,
feedback,0.015870,1786353219892,5,Ry,0.000000,0.000000,-0.034332,-0.034332,,,359.999908,-134.999466,479.998962,0.000429,20.000172,0.000163,359.999725,-134.999725,479.999237,0.000395,20.000061,0.000167,-0.008408,-0.032597,0.036293,-0.006452,-0.034332,-0.004518,
command,0.000008,,,Ry,-5.000000,-75.000000,,,,11.274,359.999908,-134.999466,479.998962,0.000429,20.000172,0.000163,,,,,,,,,,,,,"0,{1299},RelMovLTool(0.000000,0.000000,0.000000,0.000000,-75.000000,0.000000,a=30,v=23,cp=0);"
feedback,0.023799,1786353219900,7,Ry,-5.000000,-75.000000,-0.006867,4.993133,,,359.999908,-134.999466,479.998962,0.000429,20.000172,0.000163,359.999512,-134.999893,479.999268,0.000365,20.000172,0.000051,-0.075053,-0.044102,0.096193,-0.035203,-0.006866,-0.030148,
feedback,0.032306,1786353219909,7,Ry,-5.000000,-75.000000,0.006866,5.006866,,,359.999908,-134.999466,479.998962,0.000429,20.000172,0.000163,359.999847,-134.999725,479.998962,0.000504,20.000172,0.000194,0.056067,0.010546,-0.014534,-0.004104,0.006866,0.008801,
feedback,0.041084,1786353219917,7,Ry,-5.000000,-75.000000,-0.006866,4.993134,,,359.999908,-134.999466,479.998962,0.000429,20.000172,0.000163,360.000092,-134.999344,479.999146,0.000357,20.000143,0.000192,0.023602,-0.011505,0.047312,-0.021706,-0.006866,-0.006273,
feedback,0.049489,1786353219925,7,Ry,-5.000000,-75.000000,0.020599,5.020599,,,359.999908,-134.999466,479.998962,0.000429,20.000172,0.000163,359.999878,-134.999298,479.998810,0.000429,20.000225,0.000190,-0.021250,0.043143,-0.056107,-0.002349,0.020599,0.000414,
feedback,0.056628,1786353219934,7,Ry,-5.000000,-75.000000,0.027466,5.027466,,,359.999908,-134.999466,479.998962,0.000429,20.000172,0.000163,359.999695,-134.999512,479.998718,0.000367,20.000254,0.000194,-0.066084,-0.043143,-0.074809,0.004697,0.027466,0.006038,
feedback,0.065555,1786353219942,7,Ry,-5.000000,-75.000000,0.006866,5.006866,,,359.999908,-134.999466,479.998962,0.000429,20.000172,0.000163,359.999969,-134.999298,479.998749,0.000340,20.000172,0.000221,0.028762,-0.021092,-0.043143,0.017602,0.006866,0.008208,
feedback,0.074114,1786353219950,7,Ry,-5.000000,-75.000000,-0.020599,4.979401,,,359.999908,-134.999466,479.998962,0.000429,20.000172,0.000163,359.999695,-134.999557,479.999084,0.000385,20.000116,0.000165,-0.088531,-0.064236,0.076379,0.012905,-0.020599,-0.011563,
feedback,0.081924,1786353219959,7,Ry,-5.000000,-75.000000,-0.048065,4.951935,,,359.999908,-134.999466,479.998962,0.000429,20.000172,0.000163,359.999756,-134.999390,479.999298,0.000385,19.999868,0.000192,-0.060879,0.043143,0.093970,-0.002348,-0.048065,0.000414,
feedback,0.089442,1786353219967,7,Ry,-5.000000,-75.000000,-0.185394,4.814606,,,359.999908,-134.999466,479.998962,0.000429,20.000172,0.000163,359.999084,-134.999603,479.998718,0.000422,19.998798,0.000194,-0.179125,0.022050,-0.120277,0.015254,-0.185394,0.008622,
feedback,0.098617,1786353219976,7,Ry,-5.000000,-75.000000,-0.418854,4.581146,,,359.999908,-134.999466,479.998962,0.000429,20.000172,0.000163,359.996643,-134.998993,479.998077,0.000367,19.995886,0.000276,-0.374038,-0.053690,-0.166897,0.013498,-0.418854,0.010143,
feedback,0.105833,1786353219984,7,Ry,-5.000000,-75.000000,-1.009369,3.990631,,,359.999908,-134.999466,479.998962,0.000429,20.000172,0.000163,359.990479,-134.999161,479.998688,0.000347,19.986355,0.000191,-0.521764,0.086282,0.043484,0.000004,-1.009369,0.013733,
feedback,0.114304,1786353219992,7,Ry,-5.000000,-75.000000,-1.263428,3.736572,,,359.999908,-134.999466,479.998962,0.000429,20.000172,0.000163,359.985413,-134.999420,480.000580,0.000412,19.976688,0.000192,-0.595480,0.032593,0.326203,0.008803,-1.263428,0.010974,
feedback,0.122025,1786353220001,7,Ry,-5.000000,-75.000000,-1.359558,3.640442,,,359.999908,-134.999466,479.998962,0.000429,20.000172,0.000163,359.980469,-134.999725,480.001892,0.000375,19.965921,0.000108,-0.528673,0.022047,0.203721,0.010566,-1.359558,-0.004277,
feedback,0.129953,1786353220009,7,Ry,-5.000000,-75.000000,-1.345825,3.654175,,,359.999908,-134.999466,479.998962,0.000429,20.000172,0.000163,359.976532,-134.999634,480.004578,0.000429,19.955181,0.000136,-0.490551,-0.085326,0.333474,0.021134,-1.345825,-0.029149,
feedback,0.138215,1786353220018,7,Ry,-5.000000,-75.000000,-1.366425,3.633575,,,359.999908,-134.999466,479.998962,0.000429,20.000172,0.000163,359.972229,-134.999771,480.006470,0.000432,19.944168,0.000196,-0.605588,-0.096827,0.246090,0.008800,-1.366425,-0.009620,
feedback,0.147044,1786353220022,7,Ry,-5.000000,-75.000000,-1.558685,3.441315,,,359.999908,-134.999466,479.998962,0.000429,20.000172,0.000163,359.968201,-134.998901,480.009155,0.000422,19.932302,0.000304,-0.502099,0.118869,0.290991,0.008803,-1.558685,0.024714,
feedback,0.154715,1786353220030,7,Ry,-5.000000,-75.000000,-1.723480,3.276520,,,359.999908,-134.999466,479.998962,0.000429,20.000172,0.000163,359.966003,-134.998993,480.009583,0.000357,19.925409,0.000247,-0.552323,-0.022049,0.102012,-0.015243,-1.723480,-0.008642,
feedback,0.163930,1786353220039,7,Ry,-5.000000,-75.000000,-2.210999,2.789001,,,359.999908,-134.999466,479.998962,0.000429,20.000172,0.000163,359.960754,-134.999390,480.010559,0.000375,19.908682,0.000163,-0.589968,-0.000002,0.104132,0.000007,-2.210999,-0.000000,
feedback,0.171517,1786353220047,7,Ry,-5.000000,-75.000000,-2.664184,2.335816,,,359.999908,-134.999466,479.998962,0.000429,20.000172,0.000163,359.954834,-134.999176,480.011200,0.000257,19.888357,0.000221,-0.690256,0.074774,0.146856,-0.017026,-2.664185,0.020331,
feedback,0.179863,1786353220055,7,Ry,-5.000000,-75.000000,-3.069305,1.930695,,,359.999908,-134.999466,479.998962,0.000429,20.000172,0.000163,359.950989,-134.999161,480.011017,0.000357,19.864628,0.000220,-0.436256,0.129410,0.030022,0.000012,-3.069305,0.020599,
feedback,0.187383,1786353220064,7,Ry,-5.000000,-75.000000,-3.563690,1.436310,,,359.999908,-134.999466,479.998962,0.000429,20.000172,0.000163,359.948639,-134.999420,480.010223,0.000412,19.837078,0.000192,-0.138336,-0.009594,-0.036790,0.032307,-3.563690,-0.004784,
feedback,0.196113,1786353220072,7,Ry,-5.000000,-75.000000,-4.016876,0.983124,,,359.999908,-134.999466,479.998962,0.000429,20.000172,0.000163,359.946625,-134.999207,480.013000,0.000385,19.790003,0.000220,-0.175247,-0.000001,0.438978,0.000015,-4.016876,0.000000,
feedback,0.203927,1786353220081,7,Ry,-5.000000,-75.000000,-3.996277,1.003723,,,359.999908,-134.999466,479.998962,0.000429,20.000172,0.000163,359.945984,-134.999252,480.017059,0.000412,19.757839,0.000220,-0.067602,0.097771,0.547410,0.021723,-3.996277,0.020098,
feedback,0.212533,1786353220089,7,Ry,-5.000000,-75.000000,-4.106140,0.893860,,,359.999908,-134.999466,479.998962,0.000429,20.000172,0.000163,359.944214,-134.999084,480.020874,0.000412,19.725348,0.000247,-0.276091,0.108316,0.548076,0.010627,-4.106140,0.009501,
feedback,0.220123,1786353220097,7,Ry,-5.000000,-75.000000,-4.133606,0.866394,,,359.999908,-134.999466,479.998962,0.000429,20.000172,0.000163,359.941711,-134.999649,480.022949,0.000330,19.692444,0.000137,-0.294430,-0.151453,0.190181,-0.015234,-4.133606,-0.029303,
feedback,0.228153,1786353220106,7,Ry,-5.000000,-75.000000,-4.312134,0.687866,,,359.999908,-134.999466,479.998962,0.000429,20.000172,0.000163,359.938049,-134.999466,480.025452,0.000449,19.657948,0.000221,-0.357987,-0.107365,0.160260,0.017567,-4.312134,-0.005420,
feedback,0.236402,1786353220114,7,Ry,-5.000000,-75.000000,-4.470062,0.529938,,,359.999908,-134.999466,479.998962,0.000429,20.000172,0.000163,359.933960,-134.999298,480.027130,0.000349,19.622351,0.000251,-0.473451,0.021091,0.261913,-0.008309,-4.470062,0.017547,
feedback,0.245163,1786353220122,7,Ry,-5.000000,-75.000000,-4.820251,0.179749,,,359.999908,-134.999466,479.998962,0.000429,20.000172,0.000163,359.931183,-134.999207,480.028534,0.000394,19.584970,0.000249,-0.331403,0.075722,0.178170,0.008789,-4.820251,0.017900,
feedback,0.252847,1786353220131,7,Ry,-5.000000,-75.000000,-5.039978,-0.039978,,,359.999908,-134.999466,479.998962,0.000429,20.000172,0.000163,359.929657,-134.999466,480.031403,0.000439,19.545090,0.000192,-0.043478,-0.000000,0.549705,0.000017,-5.039978,-0.000000,
feedback,0.261571,1786353220139,7,Ry,-5.000000,-75.000000,-5.197907,-0.197907,,,359.999908,-134.999466,479.998962,0.000429,20.000172,0.000163,359.931244,-134.999680,480.036102,0.000467,19.504276,0.000165,0.244927,-0.074773,0.650813,0.014847,-5.197906,-0.026689,
feedback,0.269223,1786353220148,7,Ry,-5.000000,-75.000000,-5.019379,-0.019379,,,359.999908,-134.999466,479.998962,0.000429,20.000172,0.000163,359.934082,-134.999207,480.040283,0.000385,19.463764,0.000220,0.490277,0.096818,0.435646,-0.008743,-5.019379,0.009547,
feedback,0.277846,1786353220156,7,Ry,-5.000000,-75.000000,-4.957580,0.042420,,,359.999908,-134.999466,479.998962,0.000429,20.000172,0.000163,359.935730,-134.999420,480.044342,0.000422,19.403942,0.000221,0.078643,0.053682,0.161179,-0.004179,-4.957581,0.015624,
feedback,0.285657,1786353220164,7,Ry,-5.000000,-75.000000,-4.930115,0.069885,,,359.999908,-134.999466,479.998962,0.000429,20.000172,0.000163,359.935364,-134.999207,480.044739,0.000385,19.364475,0.000220,0.001910,0.000000,-0.000462,-0.004535,-4.930115,-0.012956,
feedback,0.294555,1786353220173,7,Ry,-5.000000,-75.000000,-5.074310,-0.074310,,,359.999908,-134.999466,479.998962,0.000429,20.000172,0.000163,359.936829,-134.999084,480.045471,0.000402,19.324238,0.000218,0.228618,0.022044,0.193682,0.012981,-5.074310,0.002322,
feedback,0.301784,1786353220181,7,Ry,-5.000000,-75.000000,-5.142975,-0.142975,,,359.999908,-134.999466,479.998962,0.000429,20.000172,0.000163,359.940704,-134.999252,480.047607,0.000422,19.283422,0.000249,0.498999,-0.096816,0.305927,0.008769,-5.142975,-0.009519,
feedback,0.310759,1786353220185,7,Ry,-5.000000,-75.000000,-5.136109,-0.136109,,,359.999908,-134.999466,479.998962,0.000429,20.000172,0.000163,359.942444,-134.999863,480.048950,0.000357,19.262878,0.000110,0.441305,-0.151452,0.337872,-0.015219,-5.136108,-0.029417,
feedback,0.318192,1786353220194,7,Ry,-5.000000,-75.000000,-5.033112,-0.033112,,,359.999908,-134.999466,479.998962,0.000429,20.000172,0.000163,359.946045,-134.999390,480.048645,0.000275,19.222340,0.000165,0.385857,-0.044088,-0.049456,-0.025920,-5.033112,-0.004690,
feedback,0.326928,1786353220202,7,Ry,-5.000000,-75.000000,-5.136109,-0.136109,,,359.999908,-134.999466,479.998962,0.000429,20.000172,0.000163,359.948120,-134.999466,480.046783,0.000330,19.181854,0.000165,0.181109,-0.086273,-0.124477,-0.002241,-5.136108,-0.020218,
feedback,0.334619,1786353220211,7,Ry,-5.000000,-75.000000,-5.129242,-0.129242,,,359.999908,-134.999466,479.998962,0.000429,20.000172,0.000163,359.948792,-134.999252,480.045227,0.000321,19.140985,0.000250,0.189559,-0.010545,-0.095339,0.008756,-5.129242,0.004235,
feedback,0.343366,1786353220219,7,Ry,-5.000000,-75.000000,-5.232239,-0.232239,,,359.999908,-134.999466,479.998962,0.000429,20.000172,0.000163,359.951508,-134.999298,480.045410,0.000339,19.099319,0.000221,0.576017,0.086277,0.080981,-0.002229,-5.232239,0.007244,
feedback,0.350968,1786353220228,7,Ry,-5.000000,-75.000000,-5.376434,-0.376434,,,359.999908,-134.999466,479.998962,0.000429,20.000172,0.000163,359.955811,-134.999649,480.046844,0.000339,19.056858,0.000166,0.544201,-0.065182,0.289913,-0.010725,-5.376434,-0.002759,
feedback,0.359714,1786353220236,7,Ry,-5.000000,-75.000000,-5.211639,-0.211639,,,359.999908,-134.999466,479.998962,0.000429,20.000172,0.000163,359.960083,-134.999039,480.045441,0.000294,19.015055,0.000278,0.463704,0.065186,-0.207957,0.013004,-5.211639,0.009259,
feedback,0.367454,1786353220244,7,Ry,-5.000000,-75.000000,-5.184174,-0.184174,,,359.999908,-134.999466,479.998962,0.000429,20.000172,0.000163,359.962646,-134.999130,480.041748,0.000339,18.953175,0.000249,0.249052,0.031639,-0.299576,-0.021693,-5.184174,0.000196,
feedback,0.376108,1786353220253,7,Ry,-5.000000,-75.000000,-5.294037,-0.294037,,,359.999908,-134.999466,479.998962,0.000429,20.000172,0.000163,359.963684,-134.999435,480.040710,0.000321,18.911234,0.000223,0.094402,-0.022046,-0.164109,-0.012976,-5.294037,-0.002416,
feedback,0.384226,1786353220261,7,Ry,-5.000000,-75.000000,-5.369568,-0.369568,,,359.999908,-134.999466,479.998962,0.000429,20.000172,0.000163,359.965851,-134.999207,480.041931,0.000394,18.868551,0.000249,0.193611,-0.010545,0.248476,0.004297,-5.369568,-0.008718,
feedback,0.392529,1786353220269,7,Ry,-5.000000,-75.000000,-5.321503,-0.321503,,,359.999908,-134.999466,479.998962,0.000429,20.000172,0.000163,359.968903,-134.999207,480.044556,0.000293,18.825512,0.000250,0.408143,-0.010545,0.294020,0.008733,-5.321503,0.004283,
feedback,0.400939,1786353220278,7,Ry,-5.000000,-75.000000,-5.342102,-0.342102,,,359.999908,-134.999466,479.998962,0.000429,20.000172,0.000163,359.970581,-134.999039,480.044769,0.000403,18.782583,0.000305,0.047779,0.054641,-0.117467,0.019525,-5.342102,0.007100,
feedback,0.408907,1786353220286,7,Ry,-5.000000,-75.000000,-5.191040,-0.191040,,,359.999908,-134.999466,479.998962,0.000429,20.000172,0.000163,359.969238,-134.999344,480.043610,0.000357,18.741055,0.000192,-0.300971,-0.043140,-0.290759,-0.002189,-5.191040,-0.013369,
feedback,0.417177,1786353220295,7,Ry,-5.000000,-75.000000,-5.129242,-0.129242,,,359.999908,-134.999466,479.998962,0.000429,20.000172,0.000163,359.967438,-134.999435,480.041046,0.000311,18.699829,0.000194,-0.219449,-0.011502,-0.397601,-0.019497,-5.129242,-0.000262,
feedback,0.425624,1786353220303,7,Ry,-5.000000,-75.000000,-5.081177,-0.081177,,,359.999908,-134.999466,479.998962,0.000429,20.000172,0.000163,359.967560,-134.999039,480.039368,0.000275,18.658712,0.000220,-0.096994,0.010546,-0.467036,-0.008683,-5.081177,-0.004309,
feedback,0.433964,1786353220311,7,Ry,-5.000000,-75.000000,-5.184173,-0.184173,,,359.999908,-134.999466,479.998962,0.000429,20.000172,0.000163,359.967651,-134.999252,480.038788,0.000302,18.617321,0.000192,-0.002391,0.074778,-0.037340,-0.015120,-5.184174,0.026457,
feedback,0.441043,1786353220320,7,Ry,-5.000000,-75.000000,-5.170441,-0.170441,,,359.999908,-134.999466,479.998962,0.000429,20.000172,0.000163,359.970520,-134.999557,480.037262,0.000284,18.576096,0.000166,0.235545,-0.162012,-0.058182,-0.006496,-5.170441,-0.025278,
feedback,0.450572,1786353220328,7,Ry,-5.000000,-75.000000,-5.005646,-0.005646,,,359.999908,-134.999466,479.998962,0.000429,20.000172,0.000163,359.972839,-134.999084,480.033539,0.000311,18.515451,0.000249,0.112627,0.000000,-0.261689,0.000019,-5.005646,0.000000,
feedback,0.457663,1786353220337,7,Ry,-5.000000,-75.000000,-4.916382,0.083618,,,359.999908,-134.999466,479.998962,0.000429,20.000172,0.000163,359.972626,-134.999390,480.029480,0.000403,18.475708,0.000250,-0.051597,-0.107372,-0.479993,0.017394,-4.916382,-0.005060,
feedback,0.466459,1786353220345,7,Ry,-5.000000,-75.000000,-4.785919,0.214081,,,359.999908,-134.999466,479.998962,0.000429,20.000172,0.000163,359.972168,-134.999344,480.024078,0.000366,18.437256,0.000221,-0.105533,-0.032594,-0.800975,-0.004326,-4.785919,0.001819,
feedback,0.474740,1786353220353,7,Ry,-5.000000,-75.000000,-4.861450,0.138550,,,359.999908,-134.999466,479.998962,0.000429,20.000172,0.000163,359.971954,-134.999435,480.019745,0.000311,18.398474,0.000194,0.019475,-0.032594,-0.547794,-0.006501,-4.861450,-0.004699,
feedback,0.482651,1786353220358,7,Ry,-5.000000,-75.000000,-4.943848,0.056152,,,359.999908,-134.999466,479.998962,0.000429,20.000172,0.000163,359.973419,-134.999298,480.016693,0.000330,18.359335,0.000192,0.160289,0.000001,-0.358438,0.000017,-4.943848,0.000000,
feedback,0.491612,1786353220366,7,Ry,-5.000000,-75.000000,-4.882050,0.117950,,,359.999908,-134.999466,479.998962,0.000429,20.000172,0.000163,359.975067,-134.999252,480.016418,0.000302,18.339808,0.000192,0.412885,0.010548,-0.069753,-0.006501,-4.882050,0.002161,
feedback,0.498829,1786353220374,7,Ry,-5.000000,-75.000000,-4.909515,0.090485,,,359.999908,-134.999466,479.998962,0.000429,20.000172,0.000163,359.978180,-134.999512,480.013489,0.000348,18.300449,0.000136,0.372957,0.010547,-0.305425,-0.012973,-4.909515,-0.017401,
feedback,0.506791,1786353220383,7,Ry,-5.000000,-75.000000,-4.833984,0.166016,,,359.999908,-134.999466,479.998962,0.000429,20.000172,0.000163,359.981567,-134.999557,480.011871,0.000403,18.261694,0.000223,0.396936,-0.074778,-0.258749,0.023879,-4.833984,-0.000280,
feedback,0.515358,1786353220391,7,Ry,-5.000000,-75.000000,-4.682922,0.317078,,,359.999908,-134.999466,479.998962,0.000429,20.000172,0.000163,359.984741,-134.999084,480.009277,0.000403,18.223545,0.000218,0.433238,0.129426,-0.412034,-0.002127,-4.682922,0.014077,
feedback,0.523710,1786353220400,7,Ry,-5.000000,-75.000000,-4.703522,0.296478,,,359.999908,-134.999466,479.998962,0.000429,20.000172,0.000163,359.984283,-134.999817,480.004211,0.000448,18.185917,0.000166,-0.239029,-0.193658,-0.454225,0.015201,-4.703522,-0.025228,
feedback,0.531530,1786353220408,7,Ry,-5.000000,-75.000000,-4.785919,0.214081,,,359.999908,-134.999466,479.998962,0.000429,20.000172,0.000163,359.985291,-134.999634,480.000214,0.000439,18.148014,0.000165,0.087976,-0.042184,-0.391904,0.026113,-4.785919,-0.008555,
feedback,0.539258,1786353220416,7,Ry,-5.000000,-75.000000,-4.909515,0.090485,,,359.999908,-134.999466,479.998962,0.000429,20.000172,0.000163,359.989380,-134.999557,479.998138,0.000385,18.089209,0.000165,0.447411,-0.096829,-0.162667,0.006541,-4.909515,-0.015865,
feedback,0.548524,1786353220425,7,Ry,-5.000000,-75.000000,-4.936981,0.063019,,,359.999908,-134.999466,479.998962,0.000429,20.000172,0.000163,359.992126,-134.999512,479.996368,0.000366,18.049658,0.000194,0.366946,-0.043141,-0.184656,0.002142,-4.936981,-0.000338,
feedback,0.556460,1786353220433,7,Ry,-5.000000,-75.000000,-4.964447,0.035553,,,359.999908,-134.999466,479.998962,0.000429,20.000172,0.000163,359.993378,-134.999512,479.994904,0.000357,18.010107,0.000165,0.107389,-0.043142,-0.244624,-0.002109,-4.964447,-0.013396,
feedback,0.564709,1786353220442,7,Ry,-5.000000,-75.000000,-4.902649,0.097351,,,359.999908,-134.999466,479.998962,0.000429,20.000172,0.000163,359.993378,-134.999130,479.991974,0.000321,17.971106,0.000191,-0.065967,0.043142,-0.314205,0.000019,-4.902649,0.006866,
feedback,0.572437,1786353220450,7,Ry,-5.000000,-75.000000,-4.998779,0.001221,,,359.999908,-134.999466,479.998962,0.000429,20.000172,0.000163,359.993134,-134.999344,479.990356,0.000339,17.931335,0.000135,-0.000723,-0.021092,-0.092527,0.006741,-4.998779,-0.023827,
feedback,0.581193,1786353220458,7,Ry,-5.000000,-75.000000,-5.053711,-0.053711,,,359.999908,-134.999466,479.998962,0.000429,20.000172,0.000163,359.993652,-134.999435,479.989716,0.000311,17.890934,0.000194,0.109973,-0.086284,0.026462,0.004233,-5.053711,-0.000664,
feedback,0.588751,1786353220467,7,Ry,-5.000000,-75.000000,-5.142975,-0.142975,,,359.999908,-134.999466,479.998962,0.000429,20.000172,0.000163,359.994965,-134.999466,479.989807,0.000330,17.849405,0.000165,0.134402,0.031639,-0.130323,-0.013279,-5.142975,0.025922,
feedback,0.597493,1786353220475,7,Ry,-5.000000,-75.000000,-5.122376,-0.122376,,,359.999908,-134.999466,479.998962,0.000429,20.000172,0.000163,359.996216,-134.999466,479.988739,0.000439,17.808014,0.000192,-0.034241,-0.021092,-0.336644,0.013092,-5.122375,-0.004200,
feedback,0.604979,1786353220484,7,Ry,-5.000000,-75.000000,-5.019379,-0.019379,,,359.999908,-134.999466,479.998962,0.000429,20.000172,0.000163,359.995453,-134.999512,479.986023,0.000366,17.767529,0.000194,-0.197954,-0.107378,-0.426212,0.013092,-5.019379,-0.017924,
feedback,0.613598,1786353220492,7,Ry,-5.000000,-75.000000,-5.170441,-0.170441,,,359.999908,-134.999466,479.998962,0.000429,20.000172,0.000163,359.994995,-134.999252,479.983276,0.000320,17.705814,0.000250,-0.008296,0.010546,-0.224576,-0.004436,-5.170441,0.008629,
feedback,0.621622,1786353220501,7,Ry,-5.000000,-75.000000,-5.328369,-0.328369,,,359.999908,-134.999466,479.998962,0.000429,20.000172,0.000163,359.996338,-134.999680,479.985382,0.000357,17.663599,0.000137,0.152508,-0.064235,0.353519,0.013098,-5.328369,-0.011033,
feedback,0.629508,1786353220509,7,Ry,-5.000000,-75.000000,-5.348969,-0.348969,,,359.999908,-134.999466,479.998962,0.000429,20.000172,0.000163,359.999542,-134.999344,479.986969,0.000348,17.621027,0.000163,0.471790,0.032599,0.256269,0.002405,-5.348969,-0.008301,
feedback,0.637774,1786353220517,7,Ry,-5.000000,-75.000000,-5.232239,-0.232239,,,359.999908,-134.999466,479.998962,0.000429,20.000172,0.000163,360.000610,-134.999039,479.987213,0.000376,17.578894,0.000218,0.086825,0.043144,-0.049288,-0.002051,-5.232239,0.000321,
feedback,0.646737,1786353220522,7,Ry,-5.000000,-75.000000,-5.204773,-0.204773,,,359.999908,-134.999466,479.998962,0.000429,20.000172,0.000163,360.000397,-134.999344,479.986816,0.000366,17.558075,0.000221,-0.051008,-0.075740,-0.101692,-0.002386,-5.204773,0.001432,
feedback,0.654587,1786353220530,7,Ry,-5.000000,-75.000000,-5.177307,-0.177307,,,359.999908,-134.999466,479.998962,0.000429,20.000172,0.000163,359.998871,-134.999252,479.986511,0.000293,17.516327,0.000163,-0.217365,-0.043144,-0.190432,-0.002049,-5.177307,-0.013415,
feedback,0.663333,1786353220538,7,Ry,-5.000000,-75.000000,-5.300903,-0.300903,,,359.999908,-134.999466,479.998962,0.000429,20.000172,0.000163,359.997742,-134.999084,479.988678,0.000285,17.473810,0.000162,-0.205932,0.053688,0.285652,-0.008591,-5.300903,0.002379,
feedback,0.671429,1786353220547,7,Ry,-5.000000,-75.000000,-5.300903,-0.300903,,,359.999908,-134.999466,479.998962,0.000429,20.000172,0.000163,359.998444,-134.998917,479.991516,0.000311,17.431540,0.000276,0.186197,0.010547,0.443940,-0.004471,-5.300903,0.008608,
feedback,0.679513,1786353220555,7,Ry,-5.000000,-75.000000,-5.307770,-0.307770,,,359.999908,-134.999466,479.998962,0.000429,20.000172,0.000163,360.000580,-134.998947,479.995819,0.000330,17.389023,0.000247,0.310091,0.053691,0.627380,-0.006530,-5.307770,0.008919,
feedback,0.687925,1786353220564,7,Ry,-5.000000,-75.000000,-5.266571,-0.266571,,,359.999908,-134.999466,479.998962,0.000429,20.000172,0.000163,360.001099,-134.999298,479.998199,0.000330,17.346807,0.000192,0.004539,-0.032597,0.360510,-0.008584,-5.266571,-0.011373,
feedback,0.695760,1786353220572,7,Ry,-5.000000,-75.000000,-5.136108,-0.136108,,,359.999908,-134.999466,479.998962,0.000429,20.000172,0.000163,359.998840,-134.999344,480.000732,0.000366,17.284901,0.000221,-0.296584,-0.032598,0.132217,-0.004499,-5.136108,0.001730,
feedback,0.704622,1786353220580,7,Ry,-5.000000,-75.000000,-5.129242,-0.129242,,,359.999908,-134.999466,479.998962,0.000429,20.000172,0.000163,359.997559,-134.999344,480.001587,0.000349,17.243948,0.000164,-0.141961,0.021092,0.200514,-0.015134,-5.129242,-0.002487,
feedback,0.711896,1786353220589,7,Ry,-5.000000,-75.000000,-5.033112,-0.033112,,,359.999908,-134.999466,479.998962,0.000429,20.000172,0.000163,359.997437,-134.999512,480.001984,0.000366,17.203821,0.000194,0.201363,0.000001,0.079888,-0.004047,-5.033112,-0.013118,
feedback,0.719913,1786353220597,7,Ry,-5.000000,-75.000000,-5.067444,-0.067444,,,359.999908,-134.999466,479.998962,0.000429,20.000172,0.000163,359.998688,-134.999603,480.004700,0.000412,17.163254,0.000165,0.278119,-0.031638,0.250627,0.019697,-5.067444,-0.006079,
feedback,0.729080,1786353220606,7,Ry,-5.000000,-75.000000,-5.026245,-0.026245,,,359.999908,-134.999466,479.998962,0.000429,20.000172,0.000163,360.000824,-134.999390,480.006866,0.000385,17.122934,0.000192,0.327610,-0.042183,0.197424,0.026265,-5.026245,-0.008087,
feedback,0.736384,1786353220614,7,Ry,-5.000000,-75.000000,-4.930115,0.069885,,,359.999908,-134.999466,479.998962,0.000429,20.000172,0.000163,360.002106,-134.999252,480.007172,0.000412,17.083080,0.000220,0.209356,0.140936,-0.149975,0.019709,-4.930115,0.021415,
feedback,0.744406,1786353220623,7,Ry,-5.000000,-75.000000,-4.971314,0.028686,,,359.999908,-134.999466,479.998962,0.000429,20.000172,0.000163,360.002502,-134.999557,480.007874,0.000376,17.043476,0.000136,0.149167,-0.042184,0.225460,0.024261,-4.971313,-0.014615,
feedback,0.752429,1786353220631,7,Ry,-5.000000,-75.000000,-4.785919,0.214081,,,359.999908,-134.999466,479.998962,0.000429,20.000172,0.000163,360.002289,-134.999161,480.005524,0.000357,17.005188,0.000220,-0.043429,0.096833,-0.162895,-0.006548,-4.785919,0.015741,
feedback,0.761197,1786353220639,7,Ry,-5.000000,-75.000000,-4.806519,0.193481,,,359.999908,-134.999466,479.998962,0.000429,20.000172,0.000163,360.002167,-134.999512,480.003204,0.000349,16.966873,0.000136,0.076808,0.043144,-0.214931,0.000014,-4.806519,0.006866,
feedback,0.768879,1786353220648,7,Ry,-5.000000,-75.000000,-4.882050,0.117950,,,359.999908,-134.999466,479.998962,0.000429,20.000172,0.000163,360.003082,-134.999130,480.002502,0.000330,16.928202,0.000220,0.159819,0.032598,0.062752,0.006588,-4.882050,0.004867,
feedback,0.777097,1786353220656,7,Ry,-5.000000,-75.000000,-4.799652,0.200348,,,359.999908,-134.999466,479.998962,0.000429,20.000172,0.000163,360.006226,-134.999435,480.000885,0.000302,16.870138,0.000165,0.319910,-0.096833,-0.197294,0.004592,-4.799652,-0.022297,
feedback,0.785082,1786353220664,7,Ry,-5.000000,-75.000000,-4.833984,0.166016,,,359.999908,-134.999466,479.998962,0.000429,20.000172,0.000163,360.009003,-134.999298,480.000763,0.000321,16.831081,0.000164,0.322191,-0.031637,-0.143106,0.015757,-4.833984,-0.019109,
feedback,0.793389,1786353220673,7,Ry,-5.000000,-75.000000,-4.868317,0.131683,,,359.999908,-134.999466,479.998962,0.000429,20.000172,0.000163,360.008575,-134.999466,480.000305,0.000330,16.791971,0.000165,-0.089362,-0.032598,-0.141385,-0.006560,-4.868317,-0.004883,
feedback,0.801466,1786353220677,7,Ry,-5.000000,-75.000000,-4.854584,0.145416,,,359.999908,-134.999466,479.998962,0.000429,20.000172,0.000163,360.007629,-134.999344,479.998871,0.000357,16.772552,0.000192,-0.240112,0.032597,-0.356307,0.006591,-4.854584,0.004885,
feedback,0.809617,1786353220685,7,Ry,-5.000000,-75.000000,-4.806519,0.193481,,,359.999908,-134.999466,479.998962,0.000429,20.000172,0.000163,360.004700,-134.999039,479.994659,0.000360,16.734045,0.000161,-0.323951,0.043142,-0.490743,-0.005910,-4.806519,-0.012861,
feedback,0.817889,1786353220694,7,Ry,-5.000000,-75.000000,-4.923248,0.076752,,,359.999908,-134.999466,479.998962,0.000429,20.000172,0.000163,360.002625,-134.999390,479.992462,0.000368,16.694714,0.000135,-0.236828,-0.096834,-0.405553,0.006594,-4.923248,-0.015705,
feedback,0.826697,1786353220702,7,Ry,-5.000000,-75.000000,-5.081177,-0.081177,,,359.999908,-134.999466,479.998962,0.000429,20.000172,0.000163,360.002106,-134.999512,479.993378,0.000365,16.654037,0.000193,-0.081757,0.021092,0.113889,-0.011174,-5.081177,0.010514,
feedback,0.834666,1786353220711,7,Ry,-5.000000,-75.000000,-5.012512,-0.012512,,,359.999908,-134.999466,479.998962,0.000429,20.000172,0.000163,360.002411,-134.998947,479.992279,0.000330,16.613800,0.000247,-0.058447,-0.012464,-0.091581,-0.044074,-5.012512,0.006590,
feedback,0.842925,1786353220719,7,Ry,-5.000000,-75.000000,-5.074310,-0.074310,,,359.999908,-134.999466,479.998962,0.000429,20.000172,0.000163,360.001526,-134.999557,479.990265,0.000368,16.573536,0.000107,-0.302755,-0.011506,-0.202869,-0.023646,-5.074310,-0.014153,
feedback,0.851220,1786353220727,7,Ry,-5.000000,-75.000000,-5.039978,-0.039978,,,359.999908,-134.999466,479.998962,0.000429,20.000172,0.000163,359.998840,-134.999466,479.987488,0.000431,16.533407,0.000164,-0.398590,-0.010547,-0.359127,0.006599,-5.039978,-0.001954,
feedback,0.859557,1786353220736,7,Ry,-5.000000,-75.000000,-5.142975,-0.142975,,,359.999908,-134.999466,479.998962,0.000429,20.000172,0.000163,359.995392,-134.999344,479.985382,0.000357,16.492731,0.000192,-0.422610,0.010545,-0.321097,-0.004617,-5.142975,0.008533,
feedback,0.868150,1786353220744,7,Ry,-5.000000,-75.000000,-5.197906,-0.197906,,,359.999908,-134.999466,479.998962,0.000429,20.000172,0.000163,359.994598,-134.998993,479.984619,0.000349,16.430630,0.000219,0.088419,0.053689,-0.098954,-0.008506,-5.197906,0.002223,
feedback,0.875912,1786353220753,7,Ry,-5.000000,-75.000000,-5.163574,-0.163574,,,359.999908,-134.999466,479.998962,0.000429,20.000172,0.000163,359.995728,-134.999466,479.983429,0.000322,16.389130,0.000136,0.172045,-0.107377,-0.265967,0.011252,-5.163574,-0.024195,
feedback,0.884608,1786353220761,7,Ry,-5.000000,-75.000000,-5.094910,-0.094910,,,359.999908,-134.999466,479.998962,0.000429,20.000172,0.000163,359.996643,-134.999512,479.980133,0.000365,16.348288,0.000193,0.014532,-0.064235,-0.514870,0.017058,-5.094910,0.002446,
feedback,0.892203,1786353220769,7,Ry,-5.000000,-75.000000,-5.149841,-0.149841,,,359.999908,-134.999466,479.998962,0.000429,20.000172,0.000163,359.996185,-134.999466,479.976318,0.000322,16.307556,0.000136,-0.017288,-0.010546,-0.327514,0.008533,-5.149841,0.004662,
feedback,0.901646,1786353220778,7,Ry,-5.000000,-75.000000,-5.239105,-0.239105,,,359.999908,-134.999466,479.998962,0.000429,20.000172,0.000163,359.995392,-134.999466,479.972839,0.000322,16.266109,0.000136,-0.159787,0.010546,-0.361220,-0.010423,-5.239105,-0.011260,
feedback,0.908143,1786353220786,7,Ry,-5.000000,-75.000000,-5.259705,-0.259705,,,359.999908,-134.999466,479.998962,0.000429,20.000172,0.000163,359.995819,-134.999649,479.971130,0.000338,16.224033,0.000166,0.102735,-0.053689,-0.046983,0.008524,-5.259705,-0.002192,
feedback,0.917314,1786353220795,7,Ry,-5.000000,-75.000000,-5.348968,-0.348968,,,359.999908,-134.999466,479.998962,0.000429,20.000172,0.000163,359.999023,-134.998947,479.971558,0.000330,16.181515,0.000247,0.450077,0.096834,0.197492,-0.004658,-5.348969,0.022241,
feedback,0.924907,1786353220803,7,Ry,-5.000000,-75.000000,-5.266571,-0.266571,,,359.999908,-134.999466,479.998962,0.000429,20.000172,0.000163,360.002380,-134.999130,479.971497,0.000322,16.139576,0.000191,0.462096,0.053691,0.092520,-0.006576,-5.266571,0.008775,
feedback,0.934430,1786353220812,7,Ry,-5.000000,-75.000000,-5.191040,-0.191040,,,359.999908,-134.999466,479.998962,0.000429,20.000172,0.000163,360.005310,-134.999420,479.969604,0.000396,16.078024,0.000135,0.085175,-0.031638,-0.162163,0.016008,-5.191040,-0.018901,
feedback,0.941325,1786353220820,7,Ry,-5.000000,-75.000000,-5.142975,-0.142975,,,359.999908,-134.999466,479.998962,0.000429,20.000172,0.000163,360.005005,-134.999420,479.969879,0.000412,16.036661,0.000192,-0.161201,-0.118886,-0.001828,-0.002788,-5.142975,-0.005504,
feedback,0.949678,1786353220829,7,Ry,-5.000000,-75.000000,-5.184174,-0.184174,,,359.999908,-134.999466,479.998962,0.000429,20.000172,0.000163,360.006134,-134.999344,479.971283,0.000349,15.995050,0.000164,0.205248,0.031639,0.231064,-0.021677,-5.184174,-0.000924,
feedback,0.957862,1786353220833,7,Ry,-5.000000,-75.000000,-5.142975,-0.142975,,,359.999908,-134.999466,479.998962,0.000429,20.000172,0.000163,360.007050,-134.999725,479.973450,0.000377,15.974478,0.000109,0.226630,-0.096834,0.539820,0.006614,-5.142975,-0.015623,
feedback,0.966569,1786353220842,7,Ry,-5.000000,-75.000000,-5.163574,-0.163574,,,359.999908,-134.999466,479.998962,0.000429,20.000172,0.000163,360.010315,-134.999680,479.977173,0.000443,15.932730,0.000079,0.448455,-0.021091,0.545808,0.005681,-5.163574,-0.030181,
feedback,0.974084,1786353220850,7,Ry,-5.000000,-75.000000,-5.115509,-0.115509,,,359.999908,-134.999466,479.998962,0.000429,20.000172,0.000163,360.012726,-134.999725,479.981384,0.000385,15.891449,0.000137,0.369058,-0.043144,0.716257,0.003773,-5.115509,0.006342,
feedback,0.983645,1786353220858,7,Ry,-5.000000,-75.000000,-5.046845,-0.046845,,,359.999908,-134.999466,479.998962,0.000429,20.000172,0.000163,360.013916,-134.999420,479.985443,0.000404,15.850855,0.000164,0.151303,-0.064237,0.630236,0.011352,-5.046844,-0.017223,
feedback,0.990326,1786353220867,7,Ry,-5.000000,-75.000000,-5.019379,-0.019379,,,359.999908,-134.999466,479.998962,0.000429,20.000172,0.000163,360.013885,-134.999725,479.989166,0.000369,15.810781,0.000080,0.019338,-0.097796,0.492853,-0.023550,-5.019379,-0.028200,
feedback,0.998907,1786353220875,7,Ry,-5.000000,-75.000000,-4.971314,0.028686,,,359.999908,-134.999466,479.998962,0.000429,20.000172,0.000163,360.013855,-134.999207,479.992920,0.000385,15.770846,0.000220,-0.128996,-0.043145,0.462399,0.000019,-4.971313,-0.006866,
feedback,1.006679,1786353220884,7,Ry,-5.000000,-75.000000,-4.985046,0.014954,,,359.999908,-134.999466,479.998962,0.000429,20.000172,0.000163,360.014740,-134.999420,479.996735,0.000397,15.730939,0.000135,0.177223,0.032599,0.346770,0.002903,-4.985046,-0.008214,
feedback,1.015239,1786353220892,7,Ry,-5.000000,-75.000000,-4.998779,0.001221,,,359.999908,-134.999466,479.998962,0.000429,20.000172,0.000163,360.016785,-134.999390,480.002747,0.000385,15.670596,0.000192,0.148497,0.000000,0.401513,0.001871,-4.998779,0.006611,
feedback,1.022984,1786353220900,7,Ry,-5.000000,-75.000000,-4.943848,0.056152,,,359.999908,-134.999466,479.998962,0.000429,20.000172,0.000163,360.017609,-134.999725,480.005127,0.000385,15.630963,0.000137,0.055160,-0.183127,0.254006,0.008474,-4.943848,-0.022703,
feedback,1.031482,1786353220909,7,Ry,-5.000000,-75.000000,-4.868317,0.131683,,,359.999908,-134.999466,479.998962,0.000429,20.000172,0.000163,360.016846,-134.999390,480.006561,0.000392,15.591715,0.000221,-0.120284,0.032599,0.120372,0.006630,-4.868317,0.005021,
feedback,1.039322,1786353220917,7,Ry,-5.000000,-75.000000,-4.758453,0.241547,,,359.999908,-134.999466,479.998962,0.000429,20.000172,0.000163,360.015503,-134.999390,480.005981,0.000275,15.553400,0.000165,-0.165756,-0.129436,-0.081418,-0.001827,-4.758453,-0.027214,
feedback,1.047427,1786353220926,7,Ry,-5.000000,-75.000000,-4.875183,0.124817,,,359.999908,-134.999466,479.998962,0.000429,20.000172,0.000163,360.013458,-134.999298,480.005402,0.000322,15.514536,0.000164,-0.127230,0.010546,-0.091665,-0.010273,-4.875183,-0.011396,
feedback,1.055653,1786353220934,7,Ry,-5.000000,-75.000000,-4.985046,0.014954,,,359.999908,-134.999466,479.998962,0.000429,20.000172,0.000163,360.012756,-134.999039,480.005096,0.000392,15.474710,0.000276,0.017815,0.065197,-0.111038,0.013257,-4.985046,0.010069,
feedback,1.063667,1786353220942,7,Ry,-5.000000,-75.000000,-4.930115,0.069885,,,359.999908,-134.999466,479.998962,0.000429,20.000172,0.000163,360.012512,-134.999603,480.004456,0.000412,15.434995,0.000165,0.005064,-0.064237,-0.115870,0.013252,-4.930115,-0.010521,
feedback,1.071870,1786353220951,7,Ry,-5.000000,-75.000000,-4.950714,0.049286,,,359.999908,-134.999466,479.998962,0.000429,20.000172,0.000163,360.012604,-134.999344,480.002838,0.000365,15.395032,0.000221,0.080460,0.053691,-0.203165,-0.004781,-4.950714,0.015309,
feedback,1.080087,1786353220959,7,Ry,-5.000000,-75.000000,-4.971313,0.028687,,,359.999908,-134.999466,479.998962,0.000429,20.000172,0.000163,360.011139,-134.999512,479.999512,0.000365,15.355124,0.000193,-0.110942,-0.053691,-0.305096,0.010272,-4.971313,0.004558,
feedback,1.088261,1786353220968,7,Ry,-5.000000,-75.000000,-4.813385,0.186615,,,359.999908,-134.999466,479.998962,0.000429,20.000172,0.000163,360.008636,-134.999847,479.994873,0.000467,15.316150,0.000137,-0.248550,-0.043145,-0.502842,-0.001802,-4.813385,-0.013489,
feedback,1.096512,1786353220976,7,Ry,-5.000000,-75.000000,-5.005646,-0.005646,,,359.999908,-134.999466,479.998962,0.000429,20.000172,0.000163,360.004791,-134.999298,479.987579,0.000439,15.256851,0.000220,-0.311551,-0.042186,-0.687971,0.024710,-5.005646,-0.013852,
feedback,1.104719,1786353220980,7,Ry,-5.000000,-75.000000,-5.060578,-0.060578,,,359.999908,-134.999466,479.998962,0.000429,20.000172,0.000163,360.004456,-134.999847,479.987335,0.000467,15.236609,0.000137,-0.082659,-0.139977,-0.059893,0.006637,-5.060577,-0.022404,
feedback,1.112799,1786353220989,7,Ry,-5.000000,-75.000000,-5.101776,-0.101776,,,359.999908,-134.999466,479.998962,0.000429,20.000172,0.000163,360.004303,-134.999420,479.984192,0.000412,15.195383,0.000192,0.056279,-0.031638,-0.506529,0.018097,-5.101776,-0.012026,
feedback,1.121011,1786353220997,7,Ry,-5.000000,-75.000000,-5.101776,-0.101776,,,359.999908,-134.999466,479.998962,0.000429,20.000172,0.000163,360.003662,-134.999161,479.981140,0.000364,15.154486,0.000248,-0.169580,0.065194,-0.309159,0.013275,-5.101776,0.010143,
feedback,1.129359,1786353221006,7,Ry,-5.000000,-75.000000,-5.060577,-0.060577,,,359.999908,-134.999466,479.998962,0.000429,20.000172,0.000163,360.001740,-134.999084,479.977234,0.000302,15.113947,0.000220,-0.294256,0.085327,-0.538296,-0.028287,-5.060577,0.007399,
feedback,1.137359,1786353221014,7,Ry,-5.000000,-75.000000,-4.985046,0.014954,,,359.999908,-134.999466,479.998962,0.000429,20.000172,0.000163,359.999084,-134.998947,479.971802,0.000337,15.073847,0.000276,-0.359308,0.053688,-0.741308,-0.006609,-4.985046,0.008652,
feedback,1.145512,1786353221023,7,Ry,-5.000000,-75.000000,-5.081177,-0.081177,,,359.999908,-134.999466,479.998962,0.000429,20.000172,0.000163,359.995575,-134.999512,479.968872,0.000364,15.033170,0.000193,-0.331837,-0.183118,-0.493101,0.006646,-5.081177,-0.029247,
feedback,1.153649,1786353221031,7,Ry,-5.000000,-75.000000,-5.294037,-0.294037,,,359.999908,-134.999466,479.998962,0.000429,20.000172,0.000163,359.994110,-134.999466,479.966858,0.000337,14.991559,0.000193,-0.114921,-0.022051,0.112890,-0.009698,-5.294037,0.009951,
feedback,1.161996,1786353221040,7,Ry,-5.000000,-75.000000,-5.197907,-0.197907,,,359.999908,-134.999466,479.998962,0.000429,20.000172,0.000163,359.994690,-134.999390,479.966553,0.000377,14.949701,0.000164,0.176775,-0.042184,-0.145675,0.026554,-5.197906,-0.007085,
feedback,1.170465,1786353221048,7,Ry,-5.000000,-75.000000,-5.156708,-0.156708,,,359.999908,-134.999466,479.998962,0.000429,20.000172,0.000163,359.994812,-134.999466,479.967346,0.000330,14.887436,0.000165,-0.086600,-0.021092,-0.056322,0.013287,-5.156708,-0.003528,
feedback,1.178382,1786353221057,7,Ry,-5.000000,-75.000000,-5.067444,-0.067444,,,359.999908,-134.999466,479.998962,0.000429,20.000172,0.000163,359.994080,-134.998825,479.966003,0.000233,14.846649,0.000190,-0.055426,0.074781,-0.177447,-0.023409,-5.067444,-0.001130,
feedback,1.186553,1786353221065,7,Ry,-5.000000,-75.000000,-5.122376,-0.122376,,,359.999908,-134.999466,479.998962,0.000429,20.000172,0.000163,359.992584,-134.999298,479.967316,0.000337,14.805697,0.000221,-0.129249,-0.075739,0.177590,-0.004867,-5.122375,-0.005340,
feedback,1.194672,1786353221073,7,Ry,-5.000000,-75.000000,-5.225372,-0.225372,,,359.999908,-134.999466,479.998962,0.000429,20.000172,0.000163,359.992401,-134.999466,479.970123,0.000330,14.764142,0.000165,-0.026286,-0.151477,0.389820,-0.013264,-5.225372,-0.023966,
feedback,1.202947,1786353221082,7,Ry,-5.000000,-75.000000,-5.245972,-0.245972,,,359.999908,-134.999466,479.998962,0.000429,20.000172,0.000163,359.994995,-134.998779,479.975372,0.000322,14.722119,0.000246,0.449519,0.043145,0.771341,-0.001720,-5.245972,0.000225,
feedback,1.210952,1786353221090,7,Ry,-5.000000,-75.000000,-5.191040,-0.191040,,,359.999908,-134.999466,479.998962,0.000429,20.000172,0.000163,359.996704,-134.999817,479.979614,0.000432,14.680124,0.000109,0.159583,-0.107377,0.525244,0.011557,-5.191040,-0.023855,
feedback,1.219233,1786353221098,7,Ry,-5.000000,-75.000000,-5.039978,-0.039978,,,359.999908,-134.999466,479.998962,0.000429,20.000172,0.000163,359.997375,-134.999390,479.983063,0.000385,14.639282,0.000192,-0.043645,-0.032597,0.313070,-0.006627,-5.039978,-0.005131,
feedback,1.227460,1786353221107,7,Ry,-5.000000,-75.000000,-5.129242,-0.129242,,,359.999908,-134.999466,479.998962,0.000429,20.000172,0.000163,359.998718,-134.999771,479.988556,0.000398,14.598139,0.000081,0.213726,-0.031638,0.636958,0.018216,-5.129242,-0.011837,
feedback,1.235463,1786353221111,7,Ry,-5.000000,-75.000000,-5.060577,-0.060577,,,359.999908,-134.999466,479.998962,0.000429,20.000172,0.000163,359.999603,-134.999344,479.990509,0.000364,14.577896,0.000221,0.217697,0.107379,0.485134,-0.008089,-5.060577,0.037126,
feedback,1.243690,1786353221120,7,Ry,-5.000000,-75.000000,-5.129242,-0.129242,,,359.999908,-134.999466,479.998962,0.000429,20.000172,0.000163,360.001617,-134.999390,479.995728,0.000377,14.537109,0.000164,0.186650,-0.053689,0.684552,0.006664,-5.129242,-0.008590,
feedback,1.252015,1786353221128,7,Ry,-5.000000,-75.000000,-5.060577,-0.060577,,,359.999908,-134.999466,479.998962,0.000429,20.000172,0.000163,360.007294,-134.999390,480.004364,0.000377,14.475696,0.000164,0.527896,0.000002,0.498746,0.000017,-5.060577,0.000000,
feedback,1.260183,1786353221137,7,Ry,-5.000000,-75.000000,-5.019378,-0.019378,,,359.999908,-134.999466,479.998962,0.000429,20.000172,0.000163,360.010895,-134.998993,480.009399,0.000247,14.434992,0.000220,0.449204,0.171620,0.462981,-0.024868,-5.019379,0.034096,
feedback,1.268336,1786353221145,7,Ry,-5.000000,-75.000000,-4.909515,0.090485,,,359.999908,-134.999466,479.998962,0.000429,20.000172,0.000163,360.012146,-134.999512,480.011780,0.000357,14.395330,0.000165,0.123173,-0.022052,0.158988,-0.009873,-4.909515,0.009849,
feedback,1.276641,1786353221153,7,Ry,-5.000000,-75.000000,-4.978180,0.021820,,,359.999908,-134.999466,479.998962,0.000429,20.000172,0.000163,360.014069,-134.999039,480.014130,0.000392,14.355423,0.000276,0.186798,0.010547,0.249509,-0.004928,-4.978180,0.008355,
feedback,1.284873,1786353221162,7,Ry,-5.000000,-75.000000,-4.957581,0.042419,,,359.999908,-134.999466,479.998962,0.000429,20.000172,0.000163,360.015839,-134.999603,480.016663,0.000412,14.315570,0.000165,0.238341,-0.129434,0.199854,0.001712,-4.957581,-0.013946,
feedback,1.292966,1786353221170,7,Ry,-5.000000,-75.000000,-5.019379,-0.019379,,,359.999908,-134.999466,479.998962,0.000429,20.000172,0.000163,360.018402,-134.998993,480.018768,0.000350,14.275662,0.000219,0.395473,0.107385,0.247136,-0.014980,-5.019379,0.010465,
feedback,1.301535,1786353221179,7,Ry,-5.000000,-75.000000,-5.060578,-0.060578,,,359.999908,-134.999466,479.998962,0.000429,20.000172,0.000163,360.021210,-134.999680,480.020020,0.000343,14.235535,0.000081,0.312142,-0.032599,0.011087,-0.010021,-5.060577,-0.018489,
feedback,1.309327,1786353221187,7,Ry,-5.000000,-75.000000,-4.957580,0.042420,,,359.999908,-134.999466,479.998962,0.000429,20.000172,0.000163,360.022491,-134.999130,480.019379,0.000330,14.195627,0.000220,0.123067,0.128477,-0.190364,-0.028292,-4.957581,0.013812,
feedback,1.318401,1786353221196,7,Ry,-5.000000,-75.000000,-4.971313,0.028687,,,359.999908,-134.999466,479.998962,0.000429,20.000172,0.000163,360.021698,-134.999084,480.018127,0.000405,14.155856,0.000219,-0.148996,0.053691,-0.123747,-0.008316,-4.971313,0.001888,
feedback,1.326101,1786353221204,7,Ry,-5.000000,-75.000000,-4.950714,0.049286,,,359.999908,-134.999466,479.998962,0.000429,20.000172,0.000163,360.018463,-134.999603,480.014435,0.000412,14.116251,0.000165,-0.459294,0.021091,-0.481376,-0.014979,-4.950714,-0.003310,
feedback,1.334543,1786353221212,7,Ry,-5.000000,-75.000000,-5.012512,-0.012512,,,359.999908,-134.999466,479.998962,0.000429,20.000172,0.000163,360.014252,-134.999603,480.009247,0.000405,14.056760,0.000136,-0.261868,-0.000001,-0.372391,-0.003321,-5.012512,-0.013322,
feedback,1.342517,1786353221221,7,Ry,-5.000000,-75.000000,-5.136108,-0.136108,,,359.999908,-134.999466,479.998962,0.000429,20.000172,0.000163,360.012543,-134.999420,480.007507,0.000419,14.016138,0.000221,-0.125334,0.053690,-0.165257,-0.008308,-5.136108,0.001867,
feedback,1.350913,1786353221229,7,Ry,-5.000000,-75.000000,-5.019378,-0.019378,,,359.999908,-134.999466,479.998962,0.000429,20.000172,0.000163,360.012054,-134.999207,480.006195,0.000391,13.975626,0.000248,0.027116,0.107382,-0.234271,-0.011649,-5.019379,0.023713,
feedback,1.358135,1786353221238,7,Ry,-5.000000,-75.000000,-5.039978,-0.039978,,,359.999908,-134.999466,479.998962,0.000429,20.000172,0.000163,360.009705,-134.999603,480.003662,0.000412,13.935168,0.000165,-0.343753,-0.086290,-0.293524,0.000014,-5.039978,-0.013733,
feedback,1.367441,1786353221246,7,Ry,-5.000000,-75.000000,-5.067444,-0.067444,,,359.999908,-134.999466,479.998962,0.000429,20.000172,0.000163,360.006439,-134.999771,480.000854,0.000405,13.894739,0.000109,-0.567382,-0.129433,-0.522969,-0.001637,-5.067444,-0.027265,
feedback,1.374613,1786353221254,7,Ry,-5.000000,-75.000000,-4.943848,0.056152,,,359.999908,-134.999466,479.998962,0.000429,20.000172,0.000163,360.002472,-134.999649,479.996796,0.000323,13.854721,0.000109,-0.618561,-0.150524,-0.595490,0.006768,-4.943848,-0.050555,
feedback,1.383064,1786353221259,7,Ry,-5.000000,-75.000000,-5.019379,-0.019379,,,359.999908,-134.999466,479.998962,0.000429,20.000172,0.000163,359.999084,-134.999512,479.993530,0.000357,13.834643,0.000165,-0.847561,0.032594,-0.818357,0.008324,-5.019379,0.011892,
feedback,1.391212,1786353221267,7,Ry,-5.000000,-75.000000,-5.060577,-0.060577,,,359.999908,-134.999466,479.998962,0.000429,20.000172,0.000163,359.994720,-134.998657,479.989655,0.000357,13.794241,0.000302,-0.394221,0.215710,-0.354989,0.000027,-5.060577,0.034332,
feedback,1.399154,1786353221275,7,Ry,-5.000000,-75.000000,-5.142975,-0.142975,,,359.999908,-134.999466,479.998962,0.000429,20.000172,0.000163,359.991852,-134.999084,479.987518,0.000412,13.753153,0.000247,-0.220792,0.065191,-0.273280,0.014994,-5.142975,0.017138,
feedback,1.407372,1786353221284,7,Ry,-5.000000,-75.000000,-5.115509,-0.115509,,,359.999908,-134.999466,479.998962,0.000429,20.000172,0.000163,359.989349,-134.999557,479.985931,0.000385,13.711843,0.000165,-0.321603,-0.139973,-0.321912,0.005058,-5.115509,-0.028898,
feedback,1.415635,1786353221292,7,Ry,-5.000000,-75.000000,-5.074310,-0.074310,,,359.999908,-134.999466,479.998962,0.000429,20.000172,0.000163,359.986145,-134.999939,479.984253,0.000419,13.650457,0.000138,-0.424999,-0.139971,-0.191125,0.009923,-5.074310,-0.008875,
feedback,1.423701,1786353221301,7,Ry,-5.000000,-75.000000,-5.046845,-0.046845,,,359.999908,-134.999466,479.998962,0.000429,20.000172,0.000163,359.982666,-134.999298,479.981384,0.000433,13.610138,0.000191,-0.582212,-0.010548,-0.309516,0.005077,-5.046844,-0.008289,
feedback,1.432059,1786353221309,7,Ry,-5.000000,-75.000000,-5.060577,-0.060577,,,359.999908,-134.999466,479.998962,0.000429,20.000172,0.000163,359.978516,-134.999512,479.979858,0.000357,13.569845,0.000165,-0.492858,0.009589,-0.187914,-0.033359,-5.060577,0.001189,
feedback,1.440050,1786353221317,7,Ry,-5.000000,-75.000000,-5.108643,-0.108643,,,359.999908,-134.999466,479.998962,0.000429,20.000172,0.000163,359.977356,-134.999557,479.980011,0.000398,13.529223,0.000221,-0.089577,-0.075735,0.100746,-0.003449,-5.108643,0.001225,
feedback,1.448401,1786353221326,7,Ry,-5.000000,-75.000000,-5.197906,-0.197906,,,359.999908,-134.999466,479.998962,0.000429,20.000172,0.000163,359.978119,-134.999390,479.982117,0.000385,13.487915,0.000192,0.135784,0.000000,0.225539,0.000017,-5.197906,-0.000000,
feedback,1.456562,1786353221334,7,Ry,-5.000000,-75.000000,-5.149841,-0.149841,,,359.999908,-134.999466,479.998962,0.000429,20.000172,0.000163,359.979797,-134.999390,479.984192,0.000385,13.446936,0.000192,0.094895,0.032595,0.122182,0.006695,-5.149841,0.005270,
feedback,1.464652,1786353221343,7,Ry,-5.000000,-75.000000,-5.094910,-0.094910,,,359.999908,-134.999466,479.998962,0.000429,20.000172,0.000163,359.980865,-134.999344,479.985229,0.000351,13.406424,0.000164,0.005920,0.043141,0.194486,0.001609,-5.094910,0.013546,
feedback,1.472869,1786353221351,7,Ry,-5.000000,-75.000000,-5.012512,-0.012512,,,359.999908,-134.999466,479.998962,0.000429,20.000172,0.000163,359.981506,-134.999130,479.986298,0.000336,13.366269,0.000248,0.042591,0.053687,0.178996,-0.005074,-5.012512,0.015134,
feedback,1.481665,1786353221360,7,Ry,-5.000000,-75.000000,-5.046844,-0.046844,,,359.999908,-134.999466,479.998962,0.000429,20.000172,0.000163,359.982483,-134.998779,479.988708,0.000330,13.326141,0.000275,0.217764,0.204204,0.410884,-0.023186,-5.046844,0.018851,
feedback,1.489364,1786353221368,7,Ry,-5.000000,-75.000000,-5.101776,-0.101776,,,359.999908,-134.999466,479.998962,0.000429,20.000172,0.000163,359.987762,-134.999252,479.994598,0.000412,13.265030,0.000220,0.750386,0.022052,0.671982,0.013386,-5.101776,0.003715,
feedback,1.498702,1786353221377,7,Ry,-5.000000,-75.000000,-5.074310,-0.074310,,,359.999908,-134.999466,479.998962,0.000429,20.000172,0.000163,359.992218,-134.999390,479.998993,0.000385,13.224161,0.000192,0.604754,-0.043140,0.589049,0.000017,-5.074310,-0.006866,
feedback,1.505989,1786353221385,7,Ry,-5.000000,-75.000000,-4.971313,0.028687,,,359.999908,-134.999466,479.998962,0.000429,20.000172,0.000163,359.996368,-134.999298,480.001923,0.000330,13.184362,0.000192,0.481530,0.064237,0.339363,-0.013354,-4.971313,0.009999,
feedback,1.514731,1786353221393,7,Ry,-5.000000,-75.000000,-5.046844,-0.046844,,,359.999908,-134.999466,479.998962,0.000429,20.000172,0.000163,359.999817,-134.999390,480.004944,0.000385,13.144455,0.000192,0.594345,0.086288,0.561863,-0.001545,-5.046844,0.007046,
feedback,1.522028,1786353221398,7,Ry,-5.000000,-75.000000,-5.026245,-0.026245,,,359.999908,-134.999466,479.998962,0.000429,20.000172,0.000163,360.003143,-134.999603,480.007446,0.000406,13.104300,0.000137,0.392345,-0.075740,0.382620,-0.006673,-5.026245,-0.012176,
feedback,1.531045,1786353221406,7,Ry,-5.000000,-75.000000,-5.088043,-0.088043,,,359.999908,-134.999466,479.998962,0.000429,20.000172,0.000163,360.005188,-134.999130,480.009064,0.000330,13.083948,0.000220,0.506708,0.117928,0.400964,-0.018491,-5.088043,0.025084,
feedback,1.538339,1786353221414,7,Ry,-5.000000,-75.000000,-5.115509,-0.115509,,,359.999908,-134.999466,479.998962,0.000429,20.000172,0.000163,360.009613,-134.999557,480.013489,0.000372,13.043078,0.000108,0.653253,-0.096833,0.510399,0.002055,-5.115509,-0.035350,
feedback,1.546660,1786353221423,7,Ry,-5.000000,-75.000000,-5.053711,-0.053711,,,359.999908,-134.999466,479.998962,0.000429,20.000172,0.000163,360.014221,-134.999252,480.015961,0.000399,13.002401,0.000163,0.480557,0.000962,0.136082,0.023691,-5.053711,-0.012694,
feedback,1.554666,1786353221431,7,Ry,-5.000000,-75.000000,-4.985046,0.014954,,,359.999908,-134.999466,479.998962,0.000429,20.000172,0.000163,360.016846,-134.999115,480.017609,0.000439,12.962110,0.000247,0.237716,0.043146,0.022522,0.000022,-4.985046,0.006866,
feedback,1.562884,1786353221440,7,Ry,-5.000000,-75.000000,-5.012512,-0.012512,,,359.999908,-134.999466,479.998962,0.000429,20.000172,0.000163,360.017639,-134.999344,480.017426,0.000351,12.921679,0.000164,0.041749,0.031638,-0.178623,-0.024667,-5.012512,-0.015471,
feedback,1.571024,1786353221448,7,Ry,-5.000000,-75.000000,-5.101776,-0.101776,,,359.999908,-134.999466,479.998962,0.000429,20.000172,0.000163,360.017975,-134.999512,480.018372,0.000351,12.881030,0.000137,0.177561,-0.032599,-0.029446,-0.006679,-5.101776,-0.005336,
feedback,1.579965,1786353221456,7,Ry,-5.000000,-75.000000,-5.101776,-0.101776,,,359.999908,-134.999466,479.998962,0.000429,20.000172,0.000163,360.017639,-134.999466,480.019043,0.000323,12.819616,0.000137,0.101074,0.000000,0.068045,0.000015,-5.101776,0.000000,
feedback,1.587789,1786353221465,7,Ry,-5.000000,-75.000000,-5.204773,-0.204773,,,359.999908,-134.999466,479.998962,0.000429,20.000172,0.000163,360.018921,-134.999344,480.019531,0.000351,12.778116,0.000164,0.138613,0.000000,0.018637,-0.001501,-5.204773,-0.006696,
feedback,1.596766,1786353221473,7,Ry,-5.000000,-75.000000,-5.108642,-0.108642,,,359.999908,-134.999466,479.998962,0.000429,20.000172,0.000163,360.018219,-134.999298,480.018036,0.000330,12.737109,0.000192,-0.110056,0.128475,-0.083641,-0.025259,-5.108643,0.026486,
feedback,1.603923,1786353221481,7,Ry,-5.000000,-75.000000,-5.026245,-0.026245,,,359.999908,-134.999466,479.998962,0.000429,20.000172,0.000163,360.016357,-134.999130,480.015289,0.000330,12.696680,0.000220,-0.219521,0.021091,-0.303182,-0.011869,-5.026245,0.009717,
feedback,1.612591,1786353221490,7,Ry,-5.000000,-75.000000,-5.088043,-0.088043,,,359.999908,-134.999466,479.998962,0.000429,20.000172,0.000163,360.013062,-134.999512,480.012238,0.000351,12.656662,0.000137,-0.554429,-0.054653,-0.483931,-0.018580,-5.088043,-0.002520,
feedback,1.620055,1786353221498,7,Ry,-5.000000,-75.000000,-4.991913,0.008087,,,359.999908,-134.999466,479.998962,0.000429,20.000172,0.000163,360.008636,-134.999512,480.008118,0.000351,12.616837,0.000137,-0.551464,0.031637,-0.510128,-0.020088,-4.991913,0.004500,
feedback,1.629183,1786353221507,7,Ry,-5.000000,-75.000000,-5.094910,-0.094910,,,359.999908,-134.999466,479.998962,0.000429,20.000172,0.000163,360.004730,-134.999725,480.005341,0.000391,12.576269,0.000165,-0.556537,-0.129433,-0.335293,0.003002,-5.094910,-0.007196,
feedback,1.636413,1786353221515,7,Ry,-5.000000,-75.000000,-5.122375,-0.122375,,,359.999908,-134.999466,479.998962,0.000429,20.000172,0.000163,360.002014,-134.999298,480.002808,0.000336,12.535070,0.000220,-0.358174,0.042183,-0.371288,-0.028284,-5.122375,-0.000742,
feedback,1.645282,1786353221523,7,Ry,-5.000000,-75.000000,-5.225372,-0.225372,,,359.999908,-134.999466,479.998962,0.000429,20.000172,0.000163,359.999756,-134.999344,480.000397,0.000351,12.493845,0.000164,-0.225869,0.128470,-0.276402,-0.028283,-5.225372,0.012971,
feedback,1.652819,1786353221532,7,Ry,-5.000000,-75.000000,-5.136108,-0.136108,,,359.999908,-134.999466,479.998962,0.000429,20.000172,0.000163,359.997498,-134.999390,479.998016,0.000385,12.452893,0.000192,-0.378146,-0.000001,-0.404454,0.000017,-5.136108,0.000000,
feedback,1.661681,1786353221540,7,Ry,-5.000000,-75.000000,-4.978180,0.021820,,,359.999908,-134.999466,479.998962,0.000429,20.000172,0.000163,359.991547,-134.999130,479.993225,0.000336,12.392496,0.000248,-0.622440,0.117920,-0.468184,-0.018627,-4.978180,0.024860,
feedback,1.669352,1786353221549,7,Ry,-5.000000,-75.000000,-4.888916,0.111084,,,359.999908,-134.999466,479.998962,0.000429,20.000172,0.000163,359.986389,-134.998993,479.987640,0.000357,12.353357,0.000247,-0.486167,0.086281,-0.659682,-0.001448,-4.888916,0.007025,
feedback,1.678483,1786353221557,7,Ry,-5.000000,-75.000000,-5.019379,-0.019379,,,359.999908,-134.999466,479.998962,0.000429,20.000172,0.000163,359.982574,-134.999390,479.983063,0.000385,12.313395,0.000192,-0.307149,0.022048,-0.656385,0.013434,-5.019379,0.003938,
feedback,1.686044,1786353221565,7,Ry,-5.000000,-75.000000,-5.108642,-0.108642,,,359.999908,-134.999466,479.998962,0.000429,20.000172,0.000163,359.982025,-134.999420,479.981110,0.000412,12.272662,0.000192,0.009153,0.043141,-0.242086,0.001477,-5.108643,0.013576,
feedback,1.694555,1786353221570,7,Ry,-5.000000,-75.000000,-5.081177,-0.081177,,,359.999908,-134.999466,479.998962,0.000429,20.000172,0.000163,359.983124,-134.999207,479.979401,0.000390,12.232040,0.000248,0.189614,0.096829,-0.218925,-0.005236,-5.081177,0.021898,
feedback,1.702390,1786353221578,7,Ry,-5.000000,-75.000000,-5.053711,-0.053711,,,359.999908,-134.999466,479.998962,0.000429,20.000172,0.000163,359.983398,-134.999466,479.978790,0.000330,12.211825,0.000165,0.072265,-0.065190,-0.154398,-0.014860,-5.053711,-0.017539,
feedback,1.710959,1786353221586,7,Ry,-5.000000,-75.000000,-4.936981,0.063019,,,359.999908,-134.999466,479.998962,0.000429,20.000172,0.000163,359.984161,-134.999344,479.977203,0.000351,12.172137,0.000164,0.006780,0.021092,-0.124397,-0.013408,-4.936981,0.002896,
feedback,1.718947,1786353221595,7,Ry,-5.000000,-75.000000,-4.902649,0.097351,,,359.999908,-134.999466,479.998962,0.000429,20.000172,0.000163,359.983429,-134.999680,479.974945,0.000345,12.132944,0.000081,-0.058189,-0.086283,-0.190123,-0.002875,-4.902649,-0.027159,
feedback,1.727294,1786353221603,7,Ry,-5.000000,-75.000000,-4.971314,0.028686,,,359.999908,-134.999466,479.998962,0.000429,20.000172,0.000163,359.982330,-134.999390,479.973663,0.000379,12.093668,0.000164,-0.032724,0.022049,0.033060,0.012006,-4.971313,-0.002725,
feedback,1.735741,1786353221612,7,Ry,-5.000000,-75.000000,-5.039978,-0.039978,,,359.999908,-134.999466,479.998962,0.000429,20.000172,0.000163,359.985504,-134.999207,479.976196,0.000263,12.033270,0.000136,0.436447,0.021094,0.266675,-0.014846,-5.039978,-0.003853,
feedback,1.743691,1786353221620,7,Ry,-5.000000,-75.000000,-5.053711,-0.053711,,,359.999908,-134.999466,479.998962,0.000429,20.000172,0.000163,359.989044,-134.999603,479.978149,0.000412,11.992978,0.000165,0.417377,-0.064233,0.043440,0.014874,-5.053711,-0.003003,
feedback,1.752215,1786353221629,7,Ry,-5.000000,-75.000000,-4.888916,0.111084,,,359.999908,-134.999466,479.998962,0.000429,20.000172,0.000163,359.992096,-134.999466,479.978577,0.000330,11.953565,0.000165,0.331488,0.021093,-0.103657,-0.013421,-4.888916,0.002844,
feedback,1.760151,1786353221638,7,Ry,-5.000000,-75.000000,-4.916382,0.083618,,,359.999908,-134.999466,479.998962,0.000429,20.000172,0.000163,359.994385,-134.999680,479.979584,0.000357,11.914206,0.000137,0.079433,-0.086285,0.084255,0.004264,-4.916382,0.006423,
feedback,1.768936,1786353221646,7,Ry,-5.000000,-75.000000,-4.998779,0.001221,,,359.999908,-134.999466,479.998962,0.000429,20.000172,0.000163,359.996124,-134.999420,479.983429,0.000406,11.874298,0.000164,0.231307,0.032597,0.464963,0.006736,-4.998779,0.005454,
feedback,1.776076,1786353221654,7,Ry,-5.000000,-75.000000,-5.122375,-0.122375,,,359.999908,-134.999466,479.998962,0.000429,20.000172,0.000163,359.998413,-134.999557,479.988281,0.000379,11.833511,0.000137,0.351767,0.010547,0.614385,-0.006706,-5.122375,0.001408,
feedback,1.785634,1786353221663,7,Ry,-5.000000,-75.000000,-5.204773,-0.204773,,,359.999908,-134.999466,479.998962,0.000429,20.000172,0.000163,360.002899,-134.999344,479.994293,0.000467,11.792231,0.000220,0.580352,0.054651,0.664631,0.021588,-5.204773,0.016245,
feedback,1.792403,1786353221671,7,Ry,-5.000000,-75.000000,-5.088043,-0.088043,,,359.999908,-134.999466,479.998962,0.000429,20.000172,0.000163,360.006683,-134.999084,479.998657,0.000418,11.751389,0.000275,0.395182,0.086290,0.519816,0.002819,-5.088043,0.027178,
feedback,1.802388,1786353221679,7,Ry,-5.000000,-75.000000,-5.081177,-0.081177,,,359.999908,-134.999466,479.998962,0.000429,20.000172,0.000163,360.007782,-134.999207,480.001526,0.000373,11.710821,0.000164,0.069015,0.075742,0.415169,0.006743,-5.081177,0.012339,
feedback,1.808876,1786353221688,7,Ry,-5.000000,-75.000000,-5.136108,-0.136108,,,359.999908,-134.999466,479.998962,0.000429,20.000172,0.000163,360.007507,-134.999649,480.006073,0.000324,11.669760,0.000109,-0.027722,-0.054650,0.546460,-0.021550,-5.136108,-0.016291,
feedback,1.818423,1786353221696,7,Ry,-5.000000,-75.000000,-5.218506,-0.218506,,,359.999908,-134.999466,479.998962,0.000429,20.000172,0.000163,360.009552,-134.999344,480.014008,0.000357,11.607303,0.000192,0.311357,0.086290,0.685005,0.001399,-5.218506,0.020459,
feedback,1.825263,1786353221705,7,Ry,-5.000000,-75.000000,-5.362702,-0.362702,,,359.999908,-134.999466,479.998962,0.000429,20.000172,0.000163,360.012329,-134.999512,480.020325,0.000351,11.564840,0.000137,0.356534,-0.031637,0.627056,0.018820,-5.362701,-0.010857,
feedback,1.833837,1786353221709,7,Ry,-5.000000,-75.000000,-5.280304,-0.280304,,,359.999908,-134.999466,479.998962,0.000429,20.000172,0.000163,360.013092,-134.999298,480.022949,0.000324,11.543719,0.000164,0.190760,0.053691,0.655969,-0.006710,-5.280304,0.008241,
feedback,1.841669,1786353221717,7,Ry,-5.000000,-75.000000,-5.197907,-0.197907,,,359.999908,-134.999466,479.998962,0.000429,20.000172,0.000163,360.013245,-134.999420,480.025848,0.000401,11.501917,0.000136,0.069085,0.065197,0.291327,0.010736,-5.197906,-0.002463,
feedback,1.849755,1786353221726,7,Ry,-5.000000,-75.000000,-5.170441,-0.170441,,,359.999908,-134.999466,479.998962,0.000429,20.000172,0.000163,360.010315,-134.999557,480.026337,0.000379,11.460498,0.000137,-0.433983,-0.107382,0.040310,0.010745,-5.170441,-0.029921,
feedback,1.858015,1786353221734,7,Ry,-5.000000,-75.000000,-5.184173,-0.184173,,,359.999908,-134.999466,479.998962,0.000429,20.000172,0.000163,360.007782,-134.999298,480.026703,0.000330,11.419271,0.000192,-0.265763,0.074782,0.108043,-0.018815,-5.184174,0.017675,
feedback,1.866788,1786353221743,7,Ry,-5.000000,-75.000000,-5.122376,-0.122376,,,359.999908,-134.999466,479.998962,0.000429,20.000172,0.000163,360.006622,-134.999252,480.027161,0.000418,11.378073,0.000248,-0.056643,-0.031639,-0.033869,0.021569,-5.122375,0.002668,
feedback,1.874486,1786353221751,7,Ry,-5.000000,-75.000000,-5.232239,-0.232239,,,359.999908,-134.999466,479.998962,0.000429,20.000172,0.000163,360.005096,-134.999435,480.027283,0.000302,11.336352,0.000165,-0.083356,-0.054649,0.097141,-0.020182,-5.232239,-0.009684,
feedback,1.883048,1786353221759,7,Ry,-5.000000,-75.000000,-5.232239,-0.232239,,,359.999908,-134.999466,479.998962,0.000429,20.000172,0.000163,360.005157,-134.999435,480.027893,0.000297,11.294714,0.000137,0.018758,0.010546,0.097992,-0.005374,-5.232239,0.008078,
feedback,1.891166,1786353221768,7,Ry,-5.000000,-75.000000,-5.170441,-0.170441,,,359.999908,-134.999466,479.998962,0.000429,20.000172,0.000163,360.003357,-134.999725,480.027039,0.000374,11.253296,0.000081,-0.319283,-0.107380,-0.087680,0.009461,-5.170441,-0.036616,
feedback,1.899879,1786353221776,7,Ry,-5.000000,-75.000000,-5.094910,-0.094910,,,359.999908,-134.999466,479.998962,0.000429,20.000172,0.000163,359.999390,-134.999161,480.024323,0.000357,11.192047,0.000220,-0.426472,-0.032599,-0.436489,-0.006716,-5.094910,-0.005534,
feedback,1.907482,1786353221784,7,Ry,-5.000000,-75.000000,-4.971313,0.028687,,,359.999908,-134.999466,479.998962,0.000429,20.000172,0.000163,359.994537,-134.999435,480.019592,0.000297,11.152002,0.000137,-0.585245,0.043141,-0.739853,0.000014,-4.971313,0.006866,
feedback,1.916173,1786353221793,7,Ry,-5.000000,-75.000000,-5.012512,-0.012512,,,359.999908,-134.999466,479.998962,0.000429,20.000172,0.000163,359.990662,-134.999466,480.015961,0.000330,11.112149,0.000165,-0.404373,-0.032597,-0.397286,-0.006723,-5.012512,-0.005543,
feedback,1.924145,1786353221801,7,Ry,-5.000000,-75.000000,-5.039978,-0.039978,,,359.999908,-134.999466,479.998962,0.000429,20.000172,0.000163,359.988342,-134.999435,480.013214,0.000297,11.071856,0.000137,-0.276071,-0.022050,-0.237538,-0.013463,-5.039978,-0.004229,
feedback,1.932035,1786353221810,7,Ry,-5.000000,-75.000000,-5.067444,-0.067444,,,359.999908,-134.999466,479.998962,0.000429,20.000172,0.000163,359.987823,-134.999298,480.011139,0.000319,11.031290,0.000136,-0.036669,0.096829,-0.298707,-0.006723,-5.067444,0.015047,
feedback,1.940374,1786353221820,7,Ry,-5.000000,-75.000000,-4.985046,0.014954,,,359.999908,-134.999466,479.998962,0.000429,20.000172,0.000163,359.987640,-134.999207,480.008850,0.000385,10.991107,0.000220,0.047346,0.011503,-0.304258,0.018931,-4.985046,-0.003801,
feedback,1.948911,1786353221824,7,Ry,-5.000000,-75.000000,-5.012512,-0.012512,,,359.999908,-134.999466,479.998962,0.000429,20.000172,0.000163,359.986176,-134.999161,480.006317,0.000357,10.950897,0.000220,-0.217745,-0.086284,-0.484181,0.001324,-5.012512,-0.006991,
feedback,1.956478,1786353221832,7,Ry,-5.000000,-75.000000,-4.868317,0.131683,,,359.999908,-134.999466,479.998962,0.000429,20.000172,0.000163,359.983643,-134.999512,480.001465,0.000357,10.911593,0.000165,-0.425472,-0.021093,-0.560070,0.014798,-4.868317,0.004143,
feedback,1.965294,1786353221840,7,Ry,-5.000000,-75.000000,-4.758453,0.241547,,,359.999908,-134.999466,479.998962,0.000429,20.000172,0.000163,359.980927,-134.999298,479.996155,0.000324,10.873306,0.000164,-0.298555,-0.010547,-0.547039,0.006759,-4.758453,-0.001295,
feedback,1.972838,1786353221849,7,Ry,-5.000000,-75.000000,-4.902649,0.097351,,,359.999908,-134.999466,479.998962,0.000429,20.000172,0.000163,359.980530,-134.998993,479.992371,0.000347,10.834332,0.000191,0.040676,0.075736,-0.333333,0.005475,-4.902649,0.005698,
feedback,1.981684,1786353221857,7,Ry,-5.000000,-75.000000,-4.923248,0.076752,,,359.999908,-134.999466,479.998962,0.000429,20.000172,0.000163,359.982666,-134.999344,479.990356,0.000341,10.794973,0.000108,0.363180,-0.043140,-0.254939,-0.003842,-4.923248,-0.027101,
feedback,1.989388,1786353221866,7,Ry,-5.000000,-75.000000,-4.895782,0.104218,,,359.999908,-134.999466,479.998962,0.000429,20.000172,0.000163,359.984924,-134.999130,479.990356,0.000335,10.755368,0.000248,0.330746,0.010547,0.035683,-0.004164,-4.895782,0.014773,
feedback,1.997564,1786353221874,7,Ry,-5.000000,-75.000000,-4.882050,0.117950,,,359.999908,-134.999466,479.998962,0.000429,20.000172,0.000163,359.985962,-134.999161,479.988098,0.000451,10.715982,0.000163,0.196850,0.066149,-0.273275,0.039225,-4.882050,0.006192,
feedback,2.005678,1786353221882,7,Ry,-5.000000,-75.000000,-4.813385,0.186615,,,359.999908,-134.999466,479.998962,0.000429,20.000172,0.000163,359.986420,-134.999390,479.986755,0.000379,10.677282,0.000164,-0.129456,-0.139971,-0.072716,0.008036,-4.813385,-0.015124,
feedback,2.014514,1786353221891,7,Ry,-5.000000,-75.000000,-4.799652,0.200348,,,359.999908,-134.999466,479.998962,0.000429,20.000172,0.000163,359.986450,-134.999512,479.986206,0.000357,10.638693,0.000165,-0.027092,-0.032596,-0.077148,-0.006735,-4.799652,-0.005599,
feedback,2.022058,1786353221899,7,Ry,-5.000000,-75.000000,-4.916382,0.083618,,,359.999908,-134.999466,479.998962,0.000429,20.000172,0.000163,359.987640,-134.999390,479.988281,0.000390,10.599032,0.000220,0.101585,-0.032595,0.279122,-0.005470,-4.916382,0.001146,
feedback,2.030795,1786353221908,7,Ry,-5.000000,-75.000000,-5.039978,-0.039978,,,359.999908,-134.999466,479.998962,0.000429,20.000172,0.000163,359.989990,-134.999390,479.993347,0.000385,10.558520,0.000192,0.248714,-0.074779,0.512461,0.022784,-5.039978,0.002859,
feedback,2.038609,1786353221916,7,Ry,-5.000000,-75.000000,-4.964447,0.035553,,,359.999908,-134.999466,479.998962,0.000429,20.000172,0.000163,359.992950,-134.999893,479.997040,0.000374,10.498975,0.000054,0.300073,-0.162023,0.200509,-0.009244,-4.964447,-0.039718,
feedback,2.047134,1786353221924,7,Ry,-5.000000,-75.000000,-4.936981,0.063019,,,359.999908,-134.999466,479.998962,0.000429,20.000172,0.000163,359.995605,-134.999390,479.997803,0.000374,10.459589,0.000136,0.015423,-0.129428,0.198136,0.000017,-4.936981,-0.020599,
feedback,2.054752,1786353221933,7,Ry,-5.000000,-75.000000,-5.074310,-0.074310,,,359.999908,-134.999466,479.998962,0.000429,20.000172,0.000163,359.995575,-134.998901,479.997986,0.000407,10.419269,0.000247,-0.018305,0.075739,0.046384,0.005536,-5.074310,0.005738,
feedback,2.063449,1786353221941,7,Ry,-5.000000,-75.000000,-5.122375,-0.122375,,,359.999908,-134.999466,479.998962,0.000429,20.000172,0.000163,359.996338,-134.999512,480.000793,0.000352,10.378372,0.000137,0.122925,-0.010546,0.347331,0.008006,-5.122375,0.005517,
feedback,2.070871,1786353221950,7,Ry,-5.000000,-75.000000,-5.252838,-0.252838,,,359.999908,-134.999466,479.998962,0.000429,20.000172,0.000163,359.999603,-134.999252,480.005310,0.000412,10.336679,0.000220,0.421997,0.075742,0.579157,0.008007,-5.252838,0.019256,
feedback,2.079298,1786353221958,7,Ry,-5.000000,-75.000000,-5.170441,-0.170441,,,359.999908,-134.999466,479.998962,0.000429,20.000172,0.000163,360.002869,-134.999420,480.009186,0.000412,10.294821,0.000192,0.403753,0.010547,0.397597,-0.005511,-5.170441,0.007983,
feedback,2.087261,1786353221966,7,Ry,-5.000000,-75.000000,-5.136108,-0.136108,,,359.999908,-134.999466,479.998962,0.000429,20.000172,0.000163,360.005127,-134.999161,480.011200,0.000467,10.253650,0.000247,0.229877,0.022053,0.290822,0.013536,-5.136108,0.004422,
feedback,2.096212,1786353221975,7,Ry,-5.000000,-75.000000,-5.177307,-0.177307,,,359.999908,-134.999466,479.998962,0.000429,20.000172,0.000163,360.004517,-134.999207,480.010590,0.000380,10.212286,0.000192,-0.070881,-0.010546,-0.117474,0.005560,-5.177307,-0.007975,
feedback,2.103704,1786353221983,7,Ry,-5.000000,-75.000000,-5.197907,-0.197907,,,359.999908,-134.999466,479.998962,0.000429,20.000172,0.000163,360.004883,-134.999390,480.011261,0.000375,10.170566,0.000136,0.144740,-0.032597,0.091157,-0.006741,-5.197906,-0.005654,
feedback,2.112418,1786353221987,7,Ry,-5.000000,-75.000000,-5.225372,-0.225372,,,359.999908,-134.999466,479.998962,0.000429,20.000172,0.000163,360.005188,-134.999466,480.011871,0.000435,10.149664,0.000164,0.079268,-0.021092,0.150634,0.014746,-5.225372,0.004339,
feedback,2.119976,1786353221996,7,Ry,-5.000000,-75.000000,-5.287170,-0.287170,,,359.999908,-134.999466,479.998962,0.000429,20.000172,0.000163,360.008148,-134.998993,480.015167,0.000347,10.086054,0.000191,0.351474,0.021094,0.350043,-0.014700,-5.287170,-0.004355,
feedback,2.128644,1786353222005,7,Ry,-5.000000,-75.000000,-5.266571,-0.266571,,,359.999908,-134.999466,479.998962,0.000429,20.000172,0.000163,360.008942,-134.999634,480.015778,0.000439,10.043564,0.000165,0.126517,-0.053690,0.076813,0.006776,-5.266571,-0.008064,
feedback,2.136377,1786353222013,7,Ry,-5.000000,-75.000000,-5.149841,-0.149841,,,359.999908,-134.999466,479.998962,0.000429,20.000172,0.000163,360.009277,-134.999390,480.014923,0.000385,10.002255,0.000192,0.005149,0.064237,-0.176683,-0.013507,-5.149841,0.009252,
feedback,2.145127,1786353222022,7,Ry,-5.000000,-75.000000,-5.115509,-0.115509,,,359.999908,-134.999466,479.998962,0.000429,20.000172,0.000163,360.007812,-134.999603,480.013580,0.000417,9.961248,0.000193,-0.257724,-0.043145,-0.258800,0.003578,-5.115509,0.013422,
feedback,2.152688,1786353222030,7,Ry,-5.000000,-75.000000,-5.197906,-0.197906,,,359.999908,-134.999466,479.998962,0.000429,20.000172,0.000163,360.007477,-134.999344,480.011993,0.000362,9.919995,0.000220,0.013493,0.065196,-0.180235,0.017094,-5.197906,0.031658,
feedback,2.161483,1786353222039,7,Ry,-5.000000,-75.000000,-5.149842,-0.149842,,,359.999908,-134.999466,479.998962,0.000429,20.000172,0.000163,360.005096,-134.999893,480.007874,0.000385,9.878714,0.000110,-0.299727,-0.183122,-0.551584,0.006775,-5.149841,-0.028644,
feedback,2.169390,1786353222047,7,Ry,-5.000000,-75.000000,-5.163574,-0.163574,,,359.999908,-134.999466,479.998962,0.000429,20.000172,0.000163,360.005219,-134.999252,480.005310,0.000412,9.837378,0.000220,-0.047555,0.021092,-0.249904,-0.013511,-5.163574,0.002346,
feedback,2.177153,1786353222056,7,Ry,-5.000000,-75.000000,-5.142975,-0.142975,,,359.999908,-134.999466,479.998962,0.000429,20.000172,0.000163,360.005341,-134.999817,480.002289,0.000435,9.796124,0.000109,-0.047178,-0.129432,-0.358918,-0.002324,-5.142975,-0.034132,
feedback,2.185552,1786353222064,7,Ry,-5.000000,-75.000000,-5.026245,-0.026245,,,359.999908,-134.999466,479.998962,0.000429,20.000172,0.000163,360.005981,-134.999039,479.996643,0.000380,9.735535,0.000219,-0.025270,0.032598,-0.405616,0.005628,-5.026245,-0.001062,
feedback,2.193937,1786353222073,7,Ry,-5.000000,-75.000000,-4.950714,0.049286,,,359.999908,-134.999466,479.998962,0.000429,20.000172,0.000163,360.005066,-134.999344,479.993500,0.000352,9.695765,0.000164,-0.195459,-0.117927,-0.524259,0.019165,-4.950714,-0.023971,
feedback,2.201799,1786353222081,7,Ry,-5.000000,-75.000000,-4.923248,0.076752,,,359.999908,-134.999466,479.998962,0.000429,20.000172,0.000163,360.002411,-134.998734,479.988037,0.000293,9.656652,0.000219,-0.184673,0.183119,-0.576488,-0.010201,-4.923248,0.008310,
feedback,2.211018,1786353222090,7,Ry,-5.000000,-75.000000,-4.936981,0.063019,,,359.999908,-134.999466,479.998962,0.000429,20.000172,0.000163,360.000153,-134.999634,479.983734,0.000439,9.617129,0.000165,-0.253907,-0.107379,-0.544236,0.013554,-4.936981,-0.016027,
feedback,2.218374,1786353222094,7,Ry,-5.000000,-75.000000,-5.012512,-0.012512,,,359.999908,-134.999466,479.998962,0.000429,20.000172,0.000163,360.000427,-134.999466,479.981354,0.000439,9.577222,0.000192,0.081875,-0.021092,-0.219539,0.013558,-5.012512,-0.002285,
feedback,2.227068,1786353222102,7,Ry,-5.000000,-75.000000,-4.916382,0.083618,,,359.999908,-134.999466,479.998962,0.000429,20.000172,0.000163,360.000610,-134.999680,479.979980,0.000357,9.557556,0.000137,0.046317,-0.054648,-0.348412,-0.020302,-4.916382,-0.010313,
feedback,2.236158,1786353222111,7,Ry,-5.000000,-75.000000,-4.943848,0.056152,,,359.999908,-134.999466,479.998962,0.000429,20.000172,0.000163,360.002686,-134.999557,479.979004,0.000375,9.517950,0.000109,0.305480,0.021093,-0.064861,-0.018071,-4.943848,-0.024817,
feedback,2.242754,1786353222119,7,Ry,-5.000000,-75.000000,-4.854584,0.145416,,,359.999908,-134.999466,479.998962,0.000429,20.000172,0.000163,360.003448,-134.999512,479.977570,0.000362,9.479114,0.000193,0.045016,-0.032597,-0.114025,-0.006759,-4.854584,-0.005736,
feedback,2.250898,1786353222127,7,Ry,-5.000000,-75.000000,-4.799652,0.200348,,,359.999908,-134.999466,479.998962,0.000429,20.000172,0.000163,360.003448,-134.999207,479.975952,0.000385,9.440661,0.000220,-0.106357,-0.064236,-0.183149,0.012439,-4.799652,-0.015892,
feedback,2.259103,1786353222136,7,Ry,-5.000000,-75.000000,-4.710388,0.289612,,,359.999908,-134.999466,479.998962,0.000429,20.000172,0.000163,360.001801,-134.999557,479.972870,0.000385,9.402924,0.000165,-0.260207,-0.108339,-0.306862,-0.013535,-4.710388,-0.018356,
feedback,2.267315,1786353222144,7,Ry,-5.000000,-75.000000,-4.943848,0.056152,,,359.999908,-134.999466,479.998962,0.000429,20.000172,0.000163,360.001068,-134.999557,479.973083,0.000389,9.344614,0.000193,-0.024040,-0.010546,0.172640,0.006790,-4.943848,-0.001115,
feedback,2.275433,1786353222153,7,Ry,-5.000000,-75.000000,-4.916382,0.083618,,,359.999908,-134.999466,479.998962,0.000429,20.000172,0.000163,360.002319,-134.999344,479.974365,0.000353,9.305008,0.000164,0.259843,0.032598,0.180418,0.006793,-4.916382,0.005756,
feedback,2.283678,1786353222161,7,Ry,-5.000000,-75.000000,-4.936981,0.063019,,,359.999908,-134.999466,479.998962,0.000429,20.000172,0.000163,360.003845,-134.999603,479.975006,0.000408,9.265759,0.000137,0.217146,-0.107379,0.114189,0.011357,-4.936981,-0.029498,
feedback,2.291831,1786353222169,7,Ry,-5.000000,-75.000000,-4.882050,0.117950,,,359.999908,-134.999466,479.998962,0.000429,20.000172,0.000163,360.004578,-134.999466,479.976440,0.000435,9.226730,0.000164,0.033903,-0.010546,0.267796,0.005693,-4.882050,-0.007879,
feedback,2.300144,1786353222178,7,Ry,-5.000000,-75.000000,-4.868316,0.131684,,,359.999908,-134.999466,479.998962,0.000429,20.000172,0.000163,360.003479,-134.999252,479.977020,0.000416,9.187784,0.000248,-0.127786,0.064235,0.185241,-0.012442,-4.868317,0.015838,
feedback,2.308028,1786353222186,7,Ry,-5.000000,-75.000000,-5.046844,-0.046844,,,359.999908,-134.999466,479.998962,0.000429,20.000172,0.000163,360.001678,-134.999420,479.978699,0.000412,9.148096,0.000192,-0.195646,0.010545,0.422411,-0.005671,-5.046844,0.007871,
feedback,2.316487,1786353222194,7,Ry,-5.000000,-75.000000,-5.094910,-0.094910,,,359.999908,-134.999466,479.998962,0.000429,20.000172,0.000163,360.001801,-134.999466,479.981659,0.000330,9.107391,0.000165,0.056687,-0.010546,0.446200,0.008968,-5.094910,0.012473,
feedback,2.325175,1786353222203,7,Ry,-5.000000,-75.000000,-5.177307,-0.177307,,,359.999908,-134.999466,479.998962,0.000429,20.000172,0.000163,360.002472,-134.999207,479.985352,0.000270,9.066083,0.000164,0.122594,-0.065194,0.370655,-0.015708,-5.177307,-0.025130,
feedback,2.332925,1786353222211,7,Ry,-5.000000,-75.000000,-5.136108,-0.136108,,,359.999908,-134.999466,479.998962,0.000429,20.000172,0.000163,360.002747,-134.999084,479.987457,0.000306,9.024912,0.000248,-0.072407,0.150522,0.153286,-0.012466,-5.136108,0.029535,
feedback,2.341196,1786353222220,7,Ry,-5.000000,-75.000000,-5.136108,-0.136108,,,359.999908,-134.999466,479.998962,0.000429,20.000172,0.000163,360.001282,-134.999390,479.988007,0.000385,8.984125,0.000192,-0.291234,0.065193,0.045115,0.014654,-5.136108,0.018371,
feedback,2.349375,1786353222228,7,Ry,-5.000000,-75.000000,-5.211640,-0.211640,,,359.999908,-134.999466,479.998962,0.000429,20.000172,0.000163,359.999603,-134.999466,479.989441,0.000330,8.943173,0.000165,-0.268106,-0.086287,0.179658,-0.001052,-5.211639,-0.020516,
feedback,2.357752,1786353222237,7,Ry,-5.000000,-75.000000,-5.239105,-0.239105,,,359.999908,-134.999466,479.998962,0.000429,20.000172,0.000163,359.998718,-134.999207,479.993256,0.000270,8.880716,0.000164,0.057734,-0.022051,0.411737,-0.014611,-5.239105,-0.011531,
feedback,2.365797,1786353222245,7,Ry,-5.000000,-75.000000,-5.369568,-0.369568,,,359.999908,-134.999466,479.998962,0.000429,20.000172,0.000163,359.999695,-134.999298,479.998291,0.000325,8.837924,0.000164,0.168659,0.032598,0.710906,0.005748,-5.369568,-0.000973,
feedback,2.373931,1786353222253,7,Ry,-5.000000,-75.000000,-5.314636,-0.314636,,,359.999908,-134.999466,479.998962,0.000429,20.000172,0.000163,360.000610,-134.999435,480.001953,0.000302,8.795298,0.000165,0.099506,0.021093,0.536001,-0.012506,-5.314636,0.008886,
feedback,2.381992,1786353222262,7,Ry,-5.000000,-75.000000,-5.245972,-0.245972,,,359.999908,-134.999466,479.998962,0.000429,20.000172,0.000163,359.999847,-134.999435,480.002930,0.000302,8.753138,0.000165,-0.076922,-0.043143,0.145655,0.000015,-5.245972,-0.006866,
feedback,2.390575,1786353222266,7,Ry,-5.000000,-75.000000,-5.252838,-0.252838,,,359.999908,-134.999466,479.998962,0.000429,20.000172,0.000163,359.998566,-134.999344,480.003906,0.000361,8.711060,0.000220,-0.160190,-0.042185,0.091966,0.028207,-5.252838,0.002628,
feedback,2.398513,1786353222274,7,Ry,-5.000000,-75.000000,-5.252838,-0.252838,,,359.999908,-134.999466,479.998962,0.000429,20.000172,0.000163,359.997925,-134.999252,480.004517,0.000412,8.690048,0.000220,-0.158337,0.022050,0.145544,0.012558,-5.252838,-0.001996,
feedback,2.406797,1786353222283,7,Ry,-5.000000,-75.000000,-5.266571,-0.266571,,,359.999908,-134.999466,479.998962,0.000429,20.000172,0.000163,359.997162,-134.998993,480.005402,0.000353,8.648053,0.000219,-0.065615,0.108336,0.066040,0.011535,-5.266571,0.004958,
feedback,2.414862,1786353222291,7,Ry,-5.000000,-75.000000,-5.369568,-0.369568,,,359.999908,-134.999466,479.998962,0.000429,20.000172,0.000163,359.997223,-134.999207,480.007202,0.000283,8.605398,0.000248,0.015061,-0.044101,0.303811,-0.026111,-5.369568,-0.002834,
feedback,2.423239,1786353222300,7,Ry,-5.000000,-75.000000,-5.348969,-0.348969,,,359.999908,-134.999466,479.998962,0.000429,20.000172,0.000163,359.998688,-134.999390,480.008972,0.000385,8.562826,0.000192,0.137396,-0.053689,0.114180,0.006808,-5.348969,-0.007889,
feedback,2.431815,1786353222308,7,Ry,-5.000000,-75.000000,-5.211639,-0.211639,,,359.999908,-134.999466,479.998962,0.000429,20.000172,0.000163,359.999451,-134.999466,480.009216,0.000334,8.521024,0.000193,0.103128,-0.021092,-0.093979,0.015631,-5.211639,0.011546,
feedback,2.439567,1786353222316,7,Ry,-5.000000,-75.000000,-5.136108,-0.136108,,,359.999908,-134.999466,479.998962,0.000429,20.000172,0.000163,359.998871,-134.999161,480.008636,0.000357,8.459143,0.000220,-0.065473,-0.010546,-0.046431,0.006811,-5.136108,-0.001010,
feedback,2.448042,1786353222325,7,Ry,-5.000000,-75.000000,-5.115509,-0.115509,,,359.999908,-134.999466,479.998962,0.000429,20.000172,0.000163,359.998016,-134.999390,480.009125,0.000275,8.418246,0.000165,-0.162465,-0.108337,0.179879,-0.014575,-5.115509,-0.025381,
feedback,2.455898,1786353222333,7,Ry,-5.000000,-75.000000,-5.067444,-0.067444,,,359.999908,-134.999466,479.998962,0.000429,20.000172,0.000163,359.997528,-134.999466,480.007874,0.000326,8.377625,0.000137,0.017629,-0.117924,-0.101284,0.019394,-5.067444,-0.023527,
feedback,2.464564,1786353222342,7,Ry,-5.000000,-75.000000,-5.060577,-0.060577,,,359.999908,-134.999466,479.998962,0.000429,20.000172,0.000163,359.998962,-134.998947,480.008209,0.000330,8.336838,0.000247,0.295123,0.108338,-0.018971,0.013610,-5.060577,0.018608,
feedback,2.472168,1786353222350,7,Ry,-5.000000,-75.000000,-5.053711,-0.053711,,,359.999908,-134.999466,479.998962,0.000429,20.000172,0.000163,360.000000,-134.999557,480.008148,0.000275,8.296188,0.000137,0.147680,-0.075740,-0.189741,-0.005792,-5.053711,-0.005948,
feedback,2.480985,1786353222358,7,Ry,-5.000000,-75.000000,-4.971313,0.028687,,,359.999908,-134.999466,479.998962,0.000429,20.000172,0.000163,360.001221,-134.998993,480.007019,0.000251,8.256363,0.000247,0.095011,0.117925,-0.151727,-0.019381,-4.971313,0.023486,
feedback,2.488446,1786353222367,7,Ry,-5.000000,-75.000000,-4.868317,0.131683,,,359.999908,-134.999466,479.998962,0.000429,20.000172,0.000163,360.000732,-134.999344,480.005615,0.000349,8.217087,0.000137,-0.058799,-0.021092,-0.279862,0.013608,-4.868317,-0.001963,
feedback,2.497834,1786353222375,7,Ry,-5.000000,-75.000000,-4.772186,0.227814,,,359.999908,-134.999466,479.998962,0.000429,20.000172,0.000163,359.999603,-134.998734,480.003571,0.000306,8.178717,0.000302,-0.136126,0.236807,-0.222009,-0.010640,-4.772186,0.056676,
feedback,2.505035,1786353222384,7,Ry,-5.000000,-75.000000,-4.827118,0.172882,,,359.999908,-134.999466,479.998962,0.000429,20.000172,0.000163,359.999054,-134.998917,480.001373,0.000302,8.140100,0.000247,0.112097,0.161068,-0.235923,-0.020371,-4.827118,0.023516,
feedback,2.513776,1786353222392,7,Ry,-5.000000,-75.000000,-4.943848,0.056152,,,359.999908,-134.999466,479.998962,0.000429,20.000172,0.000163,359.999420,-134.999466,480.001343,0.000330,8.100879,0.000165,0.060984,-0.118883,-0.060213,-0.006784,-4.943848,-0.019632,
feedback,2.521372,1786353222400,7,Ry,-5.000000,-75.000000,-4.820252,0.179748,,,359.999908,-134.999466,479.998962,0.000429,20.000172,0.000163,360.002136,-134.999466,480.000702,0.000330,8.042432,0.000165,0.150033,-0.064235,-0.052746,0.014572,-4.820251,-0.001989,
feedback,2.530037,1786353222409,7,Ry,-5.000000,-75.000000,-4.827118,0.172882,,,359.999908,-134.999466,479.998962,0.000429,20.000172,0.000163,360.003632,-134.999130,480.000793,0.000333,8.003375,0.000247,0.132713,-0.053689,0.073617,0.006818,-4.827118,-0.007822,
feedback,2.537569,1786353222417,7,Ry,-5.000000,-75.000000,-4.854584,0.145416,,,359.999908,-134.999466,479.998962,0.000429,20.000172,0.000163,360.003082,-134.999435,479.999634,0.000298,7.964704,0.000137,-0.200289,-0.161070,-0.147986,0.019463,-4.854584,-0.030254,
feedback,2.546635,1786353222421,7,Ry,-5.000000,-75.000000,-4.703522,0.296478,,,359.999908,-134.999466,479.998962,0.000429,20.000172,0.000163,360.001251,-134.999161,479.997406,0.000353,7.926856,0.000192,-0.325967,0.043142,-0.229028,-0.000929,-4.703522,0.000066,
feedback,2.553804,1786353222430,7,Ry,-5.000000,-75.000000,-4.882050,0.117950,,,359.999908,-134.999466,479.998962,0.000429,20.000172,0.000163,360.000366,-134.999390,479.997162,0.000381,7.907327,0.000165,-0.220815,-0.053690,-0.061871,0.006818,-4.882050,-0.007811,
feedback,2.562702,1786353222438,7,Ry,-5.000000,-75.000000,-4.916382,0.083618,,,359.999908,-134.999466,479.998962,0.000429,20.000172,0.000163,359.999847,-134.999344,479.997742,0.000349,7.868243,0.000137,0.047562,0.043143,0.012382,-0.000923,-4.916382,0.000065,
feedback,2.570894,1786353222446,7,Ry,-5.000000,-75.000000,-5.122376,-0.122376,,,359.999908,-134.999466,479.998962,0.000429,20.000172,0.000163,360.001282,-134.999344,479.999298,0.000361,7.828226,0.000220,0.096729,-0.032597,0.269073,-0.006785,-5.122375,-0.005931,
feedback,2.579203,1786353222455,7,Ry,-5.000000,-75.000000,-5.033111,-0.033111,,,359.999908,-134.999466,479.998962,0.000429,20.000172,0.000163,360.002136,-134.999161,480.000031,0.000357,7.787988,0.000220,0.088991,0.043144,0.096861,0.000950,-5.033112,0.013670,
feedback,2.586727,1786353222463,7,Ry,-5.000000,-75.000000,-5.012512,-0.012512,,,359.999908,-134.999466,479.998962,0.000429,20.000172,0.000163,360.001404,-134.999344,479.999725,0.000357,7.747971,0.000192,-0.156472,-0.032598,-0.035659,-0.004936,-5.012512,0.007667,
feedback,2.595411,1786353222472,7,Ry,-5.000000,-75.000000,-4.943848,0.056152,,,359.999908,-134.999466,479.998962,0.000429,20.000172,0.000163,359.998962,-134.998871,479.997742,0.000278,7.708173,0.000275,-0.283259,0.096831,-0.370396,-0.005862,-4.943848,0.021458,
feedback,2.603466,1786353222480,7,Ry,-5.000000,-75.000000,-4.978180,0.021820,,,359.999908,-134.999466,479.998962,0.000429,20.000172,0.000163,359.994476,-134.999207,479.994446,0.000267,7.647885,0.000137,-0.175910,0.064234,-0.366496,-0.014508,-4.978180,0.001889,
feedback,2.611887,1786353222489,7,Ry,-5.000000,-75.000000,-5.218506,-0.218506,,,359.999908,-134.999466,479.998962,0.000429,20.000172,0.000163,359.994080,-134.999298,479.995850,0.000326,7.606164,0.000165,-0.049158,0.010546,0.210231,-0.006789,-5.218506,0.000909,
feedback,2.619458,1786353222497,7,Ry,-5.000000,-75.000000,-5.211639,-0.211639,,,359.999908,-134.999466,479.998962,0.000429,20.000172,0.000163,359.993469,-134.999207,479.998077,0.000377,7.564362,0.000164,-0.106915,-0.000000,0.355962,-0.000884,-5.211639,-0.006807,
feedback,2.628046,1786353222505,7,Ry,-5.000000,-75.000000,-5.149841,-0.149841,,,359.999908,-134.999466,479.998962,0.000429,20.000172,0.000163,359.994263,-134.998825,479.997589,0.000251,7.522806,0.000275,0.057149,0.171612,-0.222725,-0.026308,-5.149841,0.031003,
feedback,2.636242,1786353222514,7,Ry,-5.000000,-75.000000,-5.108643,-0.108643,,,359.999908,-134.999466,479.998962,0.000429,20.000172,0.000163,359.991211,-134.999390,479.997681,0.000275,7.481387,0.000165,-0.379374,-0.065193,-0.161117,-0.014495,-5.108643,-0.018753,
feedback,2.644002,1786353222522,7,Ry,-5.000000,-75.000000,-5.197906,-0.197906,,,359.999908,-134.999466,479.998962,0.000429,20.000172,0.000163,359.989349,-134.999512,479.997253,0.000251,7.439832,0.000165,-0.233905,-0.043142,-0.047246,0.001791,-5.197906,0.006751,
feedback,2.652514,1786353222531,7,Ry,-5.000000,-75.000000,-5.266571,-0.266571,,,359.999908,-134.999466,479.998962,0.000429,20.000172,0.000163,359.986664,-134.999512,479.997894,0.000350,7.397836,0.000109,-0.304529,-0.021093,-0.062324,0.013634,-5.266571,-0.001768,
feedback,2.661206,1786353222539,7,Ry,-5.000000,-75.000000,-5.335236,-0.335236,,,359.999908,-134.999466,479.998962,0.000429,20.000172,0.000163,359.986664,-134.999435,480.000397,0.000299,7.355044,0.000137,0.098932,-0.044098,0.201632,-0.026345,-5.335236,-0.003407,
feedback,2.669950,1786353222547,7,Ry,-5.000000,-75.000000,-5.369568,-0.369568,,,359.999908,-134.999466,479.998962,0.000429,20.000172,0.000163,359.987366,-134.999725,480.003510,0.000377,7.312198,0.000082,0.146411,-0.010546,0.456414,0.005076,-5.369568,-0.014495,
feedback,2.677132,1786353222556,7,Ry,-5.000000,-75.000000,-5.280304,-0.280304,,,359.999908,-134.999466,479.998962,0.000429,20.000172,0.000163,359.987579,-134.999130,480.005402,0.000330,7.269900,0.000220,-0.040812,0.021092,0.328211,-0.012733,-5.280304,0.008549,
feedback,2.684543,1786353222564,7,Ry,-5.000000,-75.000000,-5.232239,-0.232239,,,359.999908,-134.999466,479.998962,0.000429,20.000172,0.000163,359.986725,-134.999161,480.006927,0.000347,7.207388,0.000137,-0.079702,0.139970,0.107680,-0.009377,-5.232239,0.001024,
feedback,2.693185,1786353222568,7,Ry,-5.000000,-75.000000,-5.273437,-0.273437,,,359.999908,-134.999466,479.998962,0.000429,20.000172,0.000163,359.986328,-134.999252,480.007660,0.000302,7.186295,0.000192,-0.094032,-0.022050,0.183463,-0.011030,-5.273438,0.015289,
feedback,2.702158,1786353222577,7,Ry,-5.000000,-75.000000,-5.225372,-0.225372,,,359.999908,-134.999466,479.998962,0.000429,20.000172,0.000163,359.986450,-134.999084,480.009460,0.000302,7.144601,0.000220,0.084905,0.107376,0.245070,-0.011898,-5.225372,0.029067,
feedback,2.709989,1786353222585,7,Ry,-5.000000,-75.000000,-5.287171,-0.287171,,,359.999908,-134.999466,479.998962,0.000429,20.000172,0.000163,359.987762,-134.999649,480.012817,0.000323,7.102689,0.000082,0.222507,-0.043141,0.497892,-0.001685,-5.287170,-0.020494,
feedback,2.718150,1786353222594,7,Ry,-5.000000,-75.000000,-5.239106,-0.239106,,,359.999908,-134.999466,479.998962,0.000429,20.000172,0.000163,359.989716,-134.999649,480.015472,0.000323,7.060638,0.000082,0.166841,-0.247348,0.173407,0.017924,-5.239105,-0.057307,
feedback,2.725853,1786353222602,7,Ry,-5.000000,-75.000000,-5.074310,-0.074310,,,359.999908,-134.999466,479.998962,0.000429,20.000172,0.000163,359.990936,-134.999603,480.018005,0.000302,7.019577,0.000137,0.121484,-0.054646,0.213432,-0.021272,-5.074310,-0.018030,
feedback,2.735148,1786353222611,7,Ry,-5.000000,-75.000000,-5.026245,-0.026245,,,359.999908,-134.999466,479.998962,0.000429,20.000172,0.000163,359.991394,-134.999252,480.019440,0.000302,6.979010,0.000192,0.056084,-0.022050,0.082501,-0.014449,-5.026245,-0.012013,
feedback,2.742374,1786353222619,7,Ry,-5.000000,-75.000000,-5.033112,-0.033112,,,359.999908,-134.999466,479.998962,0.000429,20.000172,0.000163,359.991211,-134.999298,480.021301,0.000326,6.938745,0.000165,0.079461,-0.032596,0.184193,-0.008458,-5.033112,-0.019669,
feedback,2.751137,1786353222627,7,Ry,-5.000000,-75.000000,-5.039978,-0.039978,,,359.999908,-134.999466,479.998962,0.000429,20.000172,0.000163,359.991974,-134.998993,480.023529,0.000357,6.898343,0.000247,0.053952,0.086285,0.161252,0.000846,-5.039978,0.020550,
feedback,2.758510,1786353222636,7,Ry,-5.000000,-75.000000,-4.978180,0.021820,,,359.999908,-134.999466,479.998962,0.000429,20.000172,0.000163,359.993988,-134.999039,480.025513,0.000275,6.858462,0.000220,0.363139,0.064236,0.237131,-0.012796,-4.978180,0.015324,
feedback,2.767335,1786353222644,7,Ry,-5.000000,-75.000000,-4.991913,0.008087,,,359.999908,-134.999466,479.998962,0.000429,20.000172,0.000163,359.997406,-134.999557,480.027832,0.000381,6.798669,0.000137,0.188510,0.065194,0.218236,0.013651,-4.991913,0.012107,
feedback,2.774891,1786353222653,7,Ry,-5.000000,-75.000000,-4.854584,0.145416,,,359.999908,-134.999466,479.998962,0.000429,20.000172,0.000163,359.998779,-134.999161,480.027893,0.000354,6.759833,0.000192,0.103249,0.129429,-0.048659,0.000019,-4.854584,0.020599,
feedback,2.783512,1786353222661,7,Ry,-5.000000,-75.000000,-4.854584,0.145416,,,359.999908,-134.999466,479.998962,0.000429,20.000172,0.000163,359.999329,-134.999557,480.027710,0.000385,6.721189,0.000165,-0.136790,-0.086287,-0.183210,-0.000790,-4.854584,-0.020552,
feedback,2.791238,1786353222669,7,Ry,-5.000000,-75.000000,-4.799652,0.200348,,,359.999908,-134.999466,479.998962,0.000429,20.000172,0.000163,359.998535,-134.999390,480.025696,0.000378,6.682901,0.000137,-0.182044,0.032596,-0.332018,0.006037,-4.799652,-0.000752,
feedback,2.800338,1786353222678,7,Ry,-5.000000,-75.000000,-4.827118,0.172882,,,359.999908,-134.999466,479.998962,0.000429,20.000172,0.000163,359.997925,-134.999161,480.024231,0.000354,6.644284,0.000192,-0.016354,0.022051,-0.194341,0.012865,-4.827118,-0.001543,
feedback,2.807962,1786353222686,7,Ry,-5.000000,-75.000000,-4.902649,0.097351,,,359.999908,-134.999466,479.998962,0.000429,20.000172,0.000163,359.998627,-134.998947,480.023712,0.000323,6.605090,0.000192,0.112457,0.096833,-0.029490,-0.006800,-4.902649,0.014523,
feedback,2.816091,1786353222695,7,Ry,-5.000000,-75.000000,-4.950714,0.049286,,,359.999908,-134.999466,479.998962,0.000429,20.000172,0.000163,359.999969,-134.999390,480.023651,0.000381,6.565732,0.000165,0.136083,0.043144,0.031500,-0.002339,-4.950714,-0.013598,
feedback,2.823911,1786353222703,7,Ry,-5.000000,-75.000000,-4.916382,0.083618,,,359.999908,-134.999466,479.998962,0.000429,20.000172,0.000163,360.000793,-134.999603,480.022797,0.000302,6.526373,0.000137,0.079717,-0.022051,-0.175349,-0.014413,-4.916382,-0.012128,
feedback,2.832641,1786353222711,7,Ry,-5.000000,-75.000000,-4.895782,0.104218,,,359.999908,-134.999466,479.998962,0.000429,20.000172,0.000163,360.000366,-134.999512,480.021362,0.000363,6.486905,0.000220,-0.066877,-0.053690,-0.302220,0.007612,-4.895782,-0.000820,
feedback,2.840606,1786353222720,7,Ry,-5.000000,-75.000000,-4.827118,0.172882,,,359.999908,-134.999466,479.998962,0.000429,20.000172,0.000163,359.998566,-134.999420,480.018860,0.000409,6.447904,0.000165,-0.258458,0.032596,-0.468644,0.006839,-4.827118,0.006095,
feedback,2.849550,1786353222724,7,Ry,-5.000000,-75.000000,-4.930115,0.069885,,,359.999908,-134.999466,479.998962,0.000429,20.000172,0.000163,359.993774,-134.999298,480.012573,0.000327,6.388770,0.000165,-0.281384,0.064234,-0.395962,-0.015159,-4.930115,-0.005253,
feedback,2.856863,1786353222732,7,Ry,-5.000000,-75.000000,-4.978180,0.021820,,,359.999908,-134.999466,479.998962,0.000429,20.000172,0.000163,359.992981,-134.999344,480.011261,0.000360,6.368857,0.000220,-0.194071,-0.010547,-0.327124,0.008364,-4.978180,0.012886,
feedback,2.865574,1786353222741,7,Ry,-5.000000,-75.000000,-5.122376,-0.122376,,,359.999908,-134.999466,479.998962,0.000429,20.000172,0.000163,359.992676,-134.999252,480.007965,0.000412,6.328125,0.000220,0.002198,-0.117923,-0.300222,0.019737,-5.122375,-0.022828,
feedback,2.873217,1786353222749,7,Ry,-5.000000,-75.000000,-5.046845,-0.046845,,,359.999908,-134.999466,479.998962,0.000429,20.000172,0.000163,359.992279,-134.999725,480.005096,0.000385,6.287503,0.000137,0.001988,-0.183115,-0.372360,0.007589,-5.046844,-0.021393,
feedback,2.881322,1786353222758,7,Ry,-5.000000,-75.000000,-5.081177,-0.081177,,,359.999908,-134.999466,479.998962,0.000429,20.000172,0.000163,359.991943,-134.998871,480.002197,0.000379,6.246799,0.000219,0.008082,0.193661,-0.216880,-0.015121,-5.081177,0.015309,
feedback,2.889578,1786353222766,7,Ry,-5.000000,-75.000000,-5.005646,-0.005646,,,359.999908,-134.999466,479.998962,0.000429,20.000172,0.000163,359.990662,-134.999603,479.998871,0.000412,6.206726,0.000165,-0.195140,-0.064235,-0.332727,0.014409,-5.005646,-0.001525,
feedback,2.898233,1786353222774,7,Ry,-5.000000,-75.000000,-4.971313,0.028687,,,359.999908,-134.999466,479.998962,0.000429,20.000172,0.000163,359.987152,-134.999557,479.994171,0.000385,6.166571,0.000165,-0.283629,-0.053689,-0.546264,0.007579,-4.971313,-0.000777,
feedback,2.905780,1786353222783,7,Ry,-5.000000,-75.000000,-5.129242,-0.129242,,,359.999908,-134.999466,479.998962,0.000429,20.000172,0.000163,359.983978,-134.999390,479.990631,0.000387,6.125565,0.000220,-0.333052,0.065189,-0.314881,0.015137,-5.129242,0.025922,
feedback,2.914590,1786353222791,7,Ry,-5.000000,-75.000000,-5.232239,-0.232239,,,359.999908,-134.999466,479.998962,0.000429,20.000172,0.000163,359.982971,-134.999298,479.988281,0.000330,6.083926,0.000192,-0.039927,-0.000000,-0.178265,0.000018,-5.232239,-0.000000,
feedback,2.922444,1786353222800,7,Ry,-5.000000,-75.000000,-5.239105,-0.239105,,,359.999908,-134.999466,479.998962,0.000429,20.000172,0.000163,359.983459,-134.999420,479.986938,0.000409,6.041959,0.000165,0.034398,-0.043141,-0.301910,-0.000705,-5.239105,-0.013695,
feedback,2.930907,1786353222808,7,Ry,-5.000000,-75.000000,-5.163574,-0.163574,,,359.999908,-134.999466,479.998962,0.000429,20.000172,0.000163,359.984924,-134.999130,479.985962,0.000330,6.000485,0.000220,0.144896,0.043142,-0.079423,0.000020,-5.163574,0.006866,
feedback,2.938566,1786353222816,7,Ry,-5.000000,-75.000000,-5.156708,-0.156708,,,359.999908,-134.999466,479.998962,0.000429,20.000172,0.000163,359.983765,-134.999390,479.983856,0.000387,5.939017,0.000220,-0.179272,0.011502,-0.047445,0.021217,-5.156708,0.011565,
feedback,2.947381,1786353222825,7,Ry,-5.000000,-75.000000,-5.170441,-0.170441,,,359.999908,-134.999466,479.998962,0.000429,20.000172,0.000163,359.982819,-134.999344,479.983917,0.000357,5.897736,0.000192,-0.054147,0.010546,0.053928,-0.006813,-5.170441,0.000706,
feedback,2.954742,1786353222833,7,Ry,-5.000000,-75.000000,-5.232239,-0.232239,,,359.999908,-134.999466,479.998962,0.000429,20.000172,0.000163,359.983215,-134.999084,479.985382,0.000418,5.855933,0.000302,0.172382,0.129424,0.219538,0.001424,-5.232239,0.034261,
feedback,2.963834,1786353222842,7,Ry,-5.000000,-75.000000,-5.252838,-0.252838,,,359.999908,-134.999466,479.998962,0.000429,20.000172,0.000163,359.985321,-134.999344,479.987854,0.000354,5.813828,0.000165,0.310120,0.053689,0.282747,-0.006814,-5.252838,0.007562,
feedback,2.971137,1786353222850,7,Ry,-5.000000,-75.000000,-5.204773,-0.204773,,,359.999908,-134.999466,479.998962,0.000429,20.000172,0.000163,359.987549,-134.999420,479.988861,0.000415,5.772107,0.000220,0.286621,0.022050,0.070554,0.012300,-5.204773,-0.008178,
feedback,2.979444,1786353222858,7,Ry,-5.000000,-75.000000,-5.074310,-0.074310,,,359.999908,-134.999466,479.998962,0.000429,20.000172,0.000163,359.989136,-134.999161,479.990173,0.000357,5.731265,0.000220,0.243309,-0.010545,0.061163,0.006852,-5.074310,-0.000686,
feedback,2.987696,1786353222867,7,Ry,-5.000000,-75.000000,-5.149841,-0.149841,,,359.999908,-134.999466,479.998962,0.000429,20.000172,0.000163,359.990387,-134.999298,479.993073,0.000330,5.690369,0.000192,0.095810,0.064235,0.256397,-0.013648,-5.149841,0.008228,
feedback,2.995507,1786353222875,7,Ry,-5.000000,-75.000000,-5.033112,-0.033112,,,359.999908,-134.999466,479.998962,0.000429,20.000172,0.000163,359.992401,-134.999435,479.996155,0.000305,5.649747,0.000192,0.310367,-0.032595,0.453356,-0.006143,-5.033112,0.000643,
feedback,3.004151,1786353222884,7,Ry,-5.000000,-75.000000,-5.115509,-0.115509,,,359.999908,-134.999466,479.998962,0.000429,20.000172,0.000163,359.995239,-134.999466,480.000336,0.000332,5.608548,0.000192,0.436444,0.043144,0.516697,0.000686,-5.115509,0.013700,
feedback,3.011972,1786353222888,7,Ry,-5.000000,-75.000000,-5.163574,-0.163574,,,359.999908,-134.999466,479.998962,0.000429,20.000172,0.000163,359.997223,-134.999390,480.002441,0.000387,5.587893,0.000220,0.491873,0.022052,0.522547,0.013685,-5.163574,0.005529,
feedback,3.020219,1786353222896,7,Ry,-5.000000,-75.000000,-4.998779,0.001221,,,359.999908,-134.999466,479.998962,0.000429,20.000172,0.000163,360.002106,-134.999252,480.008179,0.000302,5.526947,0.000192,0.342126,0.086288,0.239308,0.001339,-4.998779,0.027402,
feedback,3.029080,1786353222905,7,Ry,-5.000000,-75.000000,-4.943848,0.056152,,,359.999908,-134.999466,479.998962,0.000429,20.000172,0.000163,360.003662,-134.999207,480.010590,0.000382,5.487176,0.000192,0.173804,0.075742,0.228750,0.005541,-4.943848,-0.000594,
feedback,3.036743,1786353222913,7,Ry,-5.000000,-75.000000,-4.923248,0.076752,,,359.999908,-134.999466,479.998962,0.000429,20.000172,0.000163,360.004395,-134.999344,480.012146,0.000360,5.447955,0.000220,0.026633,0.000000,0.220991,0.001320,-4.923248,0.013671,
feedback,3.045419,1786353222922,7,Ry,-5.000000,-75.000000,-4.957581,0.042419,,,359.999908,-134.999466,479.998962,0.000429,20.000172,0.000163,360.006165,-134.999512,480.015930,0.000357,5.407855,0.000165,0.114753,-0.172575,0.346061,0.000661,-4.957581,-0.020630,
feedback,3.053289,1786353222930,7,Ry,-5.000000,-75.000000,-4.991913,0.008087,,,359.999908,-134.999466,479.998962,0.000429,20.000172,0.000163,360.008514,-134.999512,480.017975,0.000357,5.368140,0.000165,0.309771,-0.075741,0.326754,-0.007464,-4.991913,-0.019927,
feedback,3.061775,1786353222938,7,Ry,-5.000000,-75.000000,-5.088043,-0.088043,,,359.999908,-134.999466,479.998962,0.000429,20.000172,0.000163,360.010620,-134.999634,480.020874,0.000442,5.327737,0.000192,0.223500,-0.107380,0.551248,0.014963,-5.088043,-0.001334,
feedback,3.069702,1786353222947,7,Ry,-5.000000,-75.000000,-4.950714,0.049286,,,359.999908,-134.999466,479.998962,0.000429,20.000172,0.000163,360.012634,-134.999420,480.021912,0.000407,5.288049,0.000137,0.139459,-0.031638,0.110244,0.018630,-4.950714,-0.022410,
feedback,3.078275,1786353222955,7,Ry,-5.000000,-75.000000,-4.950714,0.049286,,,359.999908,-134.999466,479.998962,0.000429,20.000172,0.000163,360.013031,-134.999390,480.022125,0.000382,5.248498,0.000165,-0.099445,-0.000000,0.024433,-0.000612,-4.950714,-0.006838,
feedback,3.086058,1786353222964,7,Ry,-5.000000,-75.000000,-4.909515,0.090485,,,359.999908,-134.999466,479.998962,0.000429,20.000172,0.000163,360.011749,-134.999084,480.021118,0.000409,5.209113,0.000220,-0.191878,0.129433,-0.182300,0.000021,-4.909515,0.020599,
feedback,3.094415,1786353222972,7,Ry,-5.000000,-75.000000,-4.827118,0.172882,,,359.999908,-134.999466,479.998962,0.000429,20.000172,0.000163,360.009064,-134.999390,480.017456,0.000387,5.150940,0.000220,-0.056490,-0.010546,-0.372687,0.006238,-4.827118,-0.007455,
feedback,3.103091,1786353222981,7,Ry,-5.000000,-75.000000,-4.971313,0.028687,,,359.999908,-134.999466,479.998962,0.000429,20.000172,0.000163,360.007629,-134.998657,480.015747,0.000355,5.111032,0.000275,-0.039777,0.161070,-0.141210,-0.020491,-4.971313,0.022434,
feedback,3.110283,1786353222989,7,Ry,-5.000000,-75.000000,-4.978180,0.021820,,,359.999908,-134.999466,479.998962,0.000429,20.000172,0.000163,360.007172,-134.999557,480.013672,0.000275,5.070822,0.000137,0.189810,0.021093,-0.333441,-0.013060,-4.978180,0.008053,
feedback,3.119154,1786353222997,7,Ry,-5.000000,-75.000000,-5.101776,-0.101776,,,359.999908,-134.999466,479.998962,0.000429,20.000172,0.000163,360.006622,-134.999298,480.011292,0.000330,5.029788,0.000192,-0.021400,-0.010546,-0.345743,0.007459,-5.101776,0.006238,
feedback,3.127171,1786353223006,7,Ry,-5.000000,-75.000000,-5.094910,-0.094910,,,359.999908,-134.999466,479.998962,0.000429,20.000172,0.000163,360.005493,-134.999512,480.008759,0.000359,4.989304,0.000192,-0.127582,-0.043144,-0.317621,0.000015,-5.094910,-0.006866,
feedback,3.134835,1786353223011,7,Ry,-5.000000,-75.000000,-5.039978,-0.039978,,,359.999908,-134.999466,479.998962,0.000429,20.000172,0.000163,360.004303,-134.999176,480.006989,0.000250,4.969144,0.000220,-0.295877,0.085327,-0.445936,-0.027346,-5.039978,0.009246,
feedback,3.143318,1786353223019,7,Ry,-5.000000,-75.000000,-4.930115,0.069885,,,359.999908,-134.999466,479.998962,0.000429,20.000172,0.000163,360.000702,-134.999390,480.003082,0.000279,4.929428,0.000220,-0.651098,-0.043145,-0.519804,0.001194,-4.930115,0.006816,
feedback,3.152119,1786353223027,7,Ry,-5.000000,-75.000000,-4.888916,0.111084,,,359.999908,-134.999466,479.998962,0.000429,20.000172,0.000163,359.996185,-134.999130,479.996338,0.000217,4.890152,0.000165,-0.570870,0.021090,-0.852027,-0.014837,-4.888916,-0.012512,
feedback,3.159326,1786353223036,7,Ry,-5.000000,-75.000000,-5.005646,-0.005646,,,359.999908,-134.999466,479.998962,0.000429,20.000172,0.000163,359.993195,-134.999084,479.991760,0.000302,4.850189,0.000220,-0.328493,0.086283,-0.547911,0.000019,-5.005646,0.013733,
feedback,3.167956,1786353223044,7,Ry,-5.000000,-75.000000,-5.191040,-0.191040,,,359.999908,-134.999466,479.998962,0.000429,20.000172,0.000163,359.991486,-134.999207,479.986816,0.000385,4.788556,0.000220,-0.018172,0.043142,-0.152870,0.000020,-5.191040,0.006866,
feedback,3.176139,1786353223053,7,Ry,-5.000000,-75.000000,-5.225372,-0.225372,,,359.999908,-134.999466,479.998962,0.000429,20.000172,0.000163,359.990662,-134.999344,479.984497,0.000359,4.747302,0.000220,-0.130617,0.032595,-0.142418,0.007429,-5.225372,0.013141,
feedback,3.184205,1786353223061,7,Ry,-5.000000,-75.000000,-5.067444,-0.067444,,,359.999908,-134.999466,479.998962,0.000429,20.000172,0.000163,359.989441,-134.999130,479.981964,0.000330,4.706433,0.000220,-0.132220,0.172567,-0.423416,0.000019,-5.067444,0.027466,
feedback,3.192046,1786353223070,7,Ry,-5.000000,-75.000000,-5.046845,-0.046845,,,359.999908,-134.999466,479.998962,0.000429,20.000172,0.000163,359.986664,-134.999298,479.979187,0.000332,4.666168,0.000220,-0.426138,-0.074781,-0.324771,0.020548,-5.046844,-0.008542,
feedback,3.200814,1786353223078,7,Ry,-5.000000,-75.000000,-5.005646,-0.005646,,,359.999908,-134.999466,479.998962,0.000429,20.000172,0.000163,359.984192,-134.999084,479.976532,0.000302,4.625986,0.000220,-0.284745,0.010545,-0.417499,-0.007379,-5.005646,-0.006290,
feedback,3.209395,1786353223087,7,Ry,-5.000000,-75.000000,-5.115509,-0.115509,,,359.999908,-134.999466,479.998962,0.000429,20.000172,0.000163,359.983582,-134.999161,479.974945,0.000357,4.585089,0.000220,-0.028930,0.021092,-0.213224,-0.014218,-5.115509,-0.005747,
feedback,3.216861,1786353223095,7,Ry,-5.000000,-75.000000,-5.232239,-0.232239,,,359.999908,-134.999466,479.998962,0.000429,20.000172,0.000163,359.984772,-134.999344,479.975342,0.000359,4.543753,0.000220,0.268419,-0.139969,0.192204,0.007406,-5.232239,-0.014298,
feedback,3.224715,1786353223104,7,Ry,-5.000000,-75.000000,-5.197906,-0.197906,,,359.999908,-134.999466,479.998962,0.000429,20.000172,0.000163,359.986572,-134.999344,479.974396,0.000357,4.502527,0.000192,0.145206,0.021093,-0.293295,-0.012595,-5.197906,0.014769,
feedback,3.233281,1786353223112,7,Ry,-5.000000,-75.000000,-5.129242,-0.129242,,,359.999908,-134.999466,479.998962,0.000429,20.000172,0.000163,359.987396,-134.999130,479.973511,0.000323,4.461713,0.000137,0.229311,0.096830,0.064732,-0.008428,-5.129242,-0.006270,
feedback,3.241242,1786353223120,7,Ry,-5.000000,-75.000000,-5.026245,-0.026245,,,359.999908,-134.999466,479.998962,0.000429,20.000172,0.000163,359.987976,-134.999344,479.973145,0.000359,4.401398,0.000220,0.050133,0.053688,-0.035589,-0.005775,-5.026245,0.021086,
feedback,3.250067,1786353223129,7,Ry,-5.000000,-75.000000,-5.122375,-0.122375,,,359.999908,-134.999466,479.998962,0.000429,20.000172,0.000163,359.989288,-134.998993,479.975159,0.000359,4.360666,0.000275,0.157883,0.086284,0.264385,0.001066,-5.122375,0.027426,
feedback,3.257879,1786353223137,7,Ry,-5.000000,-75.000000,-5.101776,-0.101776,,,359.999908,-134.999466,479.998962,0.000429,20.000172,0.000163,359.993469,-134.999420,479.980011,0.000418,4.319797,0.000275,0.610871,-0.129425,0.644476,0.001569,-5.101776,-0.000059,
feedback,3.266699,1786353223145,7,Ry,-5.000000,-75.000000,-5.163574,-0.163574,,,359.999908,-134.999466,479.998962,0.000429,20.000172,0.000163,359.997833,-134.999161,479.984314,0.000355,4.278378,0.000192,0.486424,0.032599,0.480846,0.005843,-5.163574,-0.007340,
feedback,3.274101,1786353223150,7,Ry,-5.000000,-75.000000,-4.964447,0.035553,,,359.999908,-134.999466,479.998962,0.000429,20.000172,0.000163,360.001129,-134.999390,479.986725,0.000277,4.238251,0.000192,0.414263,-0.032596,0.364141,-0.006326,-4.964447,0.000489,
feedback,3.282997,1786353223158,7,Ry,-5.000000,-75.000000,-5.019379,-0.019379,,,359.999908,-134.999466,479.998962,0.000429,20.000172,0.000163,360.002441,-134.999207,479.987488,0.000387,4.218173,0.000247,0.324533,0.044104,0.190617,0.027411,-5.019379,0.011713,
feedback,3.290535,1786353223166,7,Ry,-5.000000,-75.000000,-4.991913,0.008087,,,359.999908,-134.999466,479.998962,0.000429,20.000172,0.000163,360.004669,-134.999344,479.989563,0.000359,4.178073,0.000220,0.366652,-0.032596,0.216493,-0.006831,-4.991913,-0.006366,
feedback,3.299694,1786353223175,7,Ry,-5.000000,-75.000000,-5.046845,-0.046845,,,359.999908,-134.999466,479.998962,0.000429,20.000172,0.000163,360.007385,-134.999420,479.993134,0.000412,4.137698,0.000192,0.415401,-0.074781,0.528143,0.020563,-5.046844,-0.008353,
feedback,3.306642,1786353223183,7,Ry,-5.000000,-75.000000,-5.094910,-0.094910,,,359.999908,-134.999466,479.998962,0.000429,20.000172,0.000163,360.012024,-134.999298,479.997742,0.000332,4.097076,0.000220,0.561659,-0.022050,0.569783,-0.013681,-5.094910,-0.005885,
feedback,3.315619,1786353223192,7,Ry,-5.000000,-75.000000,-5.108643,-0.108643,,,359.999908,-134.999466,479.998962,0.000429,20.000172,0.000163,360.018158,-134.999420,480.003418,0.000414,4.055960,0.000220,0.757077,0.022056,0.704447,0.014201,-5.108643,0.012744,
feedback,3.323222,1786353223200,7,Ry,-5.000000,-75.000000,-4.978180,0.021820,,,359.999908,-134.999466,479.998962,0.000429,20.000172,0.000163,360.021698,-134.999557,480.006348,0.000388,4.015805,0.000220,0.321699,-0.022053,0.280566,-0.013204,-4.978180,0.000945,
feedback,3.331716,1786353223208,7,Ry,-5.000000,-75.000000,-5.005646,-0.005646,,,359.999908,-134.999466,479.998962,0.000429,20.000172,0.000163,360.023560,-134.999680,480.009674,0.000465,3.955792,0.000137,0.015447,-0.031638,0.162725,0.020565,-5.005646,-0.001421,
feedback,3.339413,1786353223217,7,Ry,-5.000000,-75.000000,-5.039978,-0.039978,,,359.999908,-134.999466,479.998962,0.000429,20.000172,0.000163,360.022858,-134.999298,480.010742,0.000330,3.915555,0.000192,-0.079281,0.063276,0.116199,-0.041555,-5.039978,-0.004037,
feedback,3.348219,1786353223225,7,Ry,-5.000000,-75.000000,-5.005646,-0.005646,,,359.999908,-134.999466,479.998962,0.000429,20.000172,0.000163,360.022766,-134.999252,480.011292,0.000412,3.875207,0.000220,-0.045836,-0.086292,-0.052921,0.000483,-5.005646,-0.006882,
feedback,3.355611,1786353223234,7,Ry,-5.000000,-75.000000,-5.156708,-0.156708,,,359.999908,-134.999466,479.998962,0.000429,20.000172,0.000163,360.023987,-134.999603,480.012024,0.000412,3.834558,0.000165,0.222608,-0.086291,0.019341,0.000015,-5.156708,-0.013733,
feedback,3.364584,1786353223242,7,Ry,-5.000000,-75.000000,-5.088043,-0.088043,,,359.999908,-134.999466,479.998962,0.000429,20.000172,0.000163,360.026276,-134.999252,480.012817,0.000410,3.793662,0.000192,0.327716,0.118894,0.025303,0.006417,-5.088043,0.013294,
feedback,3.372155,1786353223250,7,Ry,-5.000000,-75.000000,-5.136108,-0.136108,,,359.999908,-134.999466,479.998962,0.000429,20.000172,0.000163,360.026154,-134.999603,480.012024,0.000304,3.752930,0.000165,0.005376,-0.054654,-0.296155,-0.020093,-5.136108,-0.005533,
feedback,3.381636,1786353223259,7,Ry,-5.000000,-75.000000,-5.142975,-0.142975,,,359.999908,-134.999466,479.998962,0.000429,20.000172,0.000163,360.023987,-134.999390,480.010529,0.000383,3.712143,0.000165,-0.383530,-0.032601,-0.208403,-0.007724,-5.142975,-0.020126,
feedback,3.388478,1786353223267,7,Ry,-5.000000,-75.000000,-4.998779,0.001221,,,359.999908,-134.999466,479.998962,0.000429,20.000172,0.000163,360.020905,-134.999603,480.007477,0.000412,3.672125,0.000165,-0.435371,0.010545,-0.426497,-0.006398,-4.998779,0.007292,
feedback,3.397096,1786353223275,7,Ry,-5.000000,-75.000000,-4.978180,0.021820,,,359.999908,-134.999466,479.998962,0.000429,20.000172,0.000163,360.016663,-134.999725,480.002441,0.000383,3.632190,0.000110,-0.633897,-0.118891,-0.643331,-0.007276,-4.978180,-0.027017,
feedback,3.404691,1786353223284,7,Ry,-5.000000,-75.000000,-5.081177,-0.081177,,,359.999908,-134.999466,479.998962,0.000429,20.000172,0.000163,360.014679,-134.999207,479.997498,0.000385,3.592090,0.000220,-0.124417,0.183125,-0.412292,-0.006403,-5.081177,0.034749,
feedback,3.412774,1786353223292,7,Ry,-5.000000,-75.000000,-5.081177,-0.081177,,,359.999908,-134.999466,479.998962,0.000429,20.000172,0.000163,360.012451,-134.999344,479.993591,0.000357,3.531061,0.000192,-0.036937,0.010546,-0.461189,-0.006413,-5.081177,0.007276,
feedback,3.421044,1786353223301,7,Ry,-5.000000,-75.000000,-5.088043,-0.088043,,,359.999908,-134.999466,479.998962,0.000429,20.000172,0.000163,360.011719,-134.999512,479.990326,0.000355,3.490356,0.000137,-0.070163,0.054651,-0.396673,0.020994,-5.088043,0.019333,
feedback,3.429184,1786353223305,7,Ry,-5.000000,-75.000000,-5.094910,-0.094910,,,359.999908,-134.999466,479.998962,0.000429,20.000172,0.000163,360.011353,-134.999298,479.989044,0.000331,3.469977,0.000220,-0.089578,0.053690,-0.323558,-0.006006,-5.094910,0.020990,
feedback,3.437445,1786353223313,7,Ry,-5.000000,-75.000000,-5.101776,-0.101776,,,359.999908,-134.999466,479.998962,0.000429,20.000172,0.000163,360.008453,-134.999435,479.984985,0.000302,3.429300,0.000165,-0.530028,0.032597,-0.445154,0.007280,-5.101776,0.013310,
feedback,3.445447,1786353223322,7,Ry,-5.000000,-75.000000,-4.895782,0.104218,,,359.999908,-134.999466,479.998962,0.000429,20.000172,0.000163,360.003876,-134.998825,479.979584,0.000357,3.389200,0.000275,-0.494063,0.108336,-0.982767,0.014138,-4.895782,0.026642,
feedback,3.453648,1786353223330,7,Ry,-5.000000,-75.000000,-5.005646,-0.005646,,,359.999908,-134.999466,479.998962,0.000429,20.000172,0.000163,359.998901,-134.998993,479.974060,0.000355,3.349100,0.000220,-0.347150,0.086285,-0.583318,0.000022,-5.005646,0.013733,
feedback,3.462151,1786353223339,7,Ry,-5.000000,-75.000000,-5.060577,-0.060577,,,359.999908,-134.999466,479.998962,0.000429,20.000172,0.000163,359.995361,-134.999420,479.970551,0.000412,3.308753,0.000192,-0.360288,0.010545,-0.392181,-0.007234,-5.060577,-0.006459,
feedback,3.470337,1786353223347,7,Ry,-5.000000,-75.000000,-5.067444,-0.067444,,,359.999908,-134.999466,479.998962,0.000429,20.000172,0.000163,359.994659,-134.999466,479.968750,0.000438,3.268048,0.000165,0.040564,0.053689,-0.280131,-0.006447,-5.067444,0.014113,
feedback,3.478548,1786353223356,7,Ry,-5.000000,-75.000000,-5.101776,-0.101776,,,359.999908,-134.999466,479.998962,0.000429,20.000172,0.000163,359.994537,-134.999466,479.968109,0.000331,3.227371,0.000192,-0.165255,-0.096832,-0.011056,0.008030,-5.101776,0.006447,
feedback,3.486737,1786353223364,7,Ry,-5.000000,-75.000000,-5.046845,-0.046845,,,359.999908,-134.999466,479.998962,0.000429,20.000172,0.000163,359.993927,-134.999557,479.967224,0.000385,3.186887,0.000165,-0.088724,-0.107377,-0.170713,0.013726,-5.046844,-0.014496,
feedback,3.494754,1786353223372,7,Ry,-5.000000,-75.000000,-4.943848,0.056152,,,359.999908,-134.999466,479.998962,0.000429,20.000172,0.000163,359.990479,-134.999435,479.965424,0.000301,3.126819,0.000137,-0.244849,0.074780,-0.244530,-0.020554,-4.943848,0.007990,
feedback,3.503046,1786353223381,7,Ry,-5.000000,-75.000000,-4.991913,0.008087,,,359.999908,-134.999466,479.998962,0.000429,20.000172,0.000163,359.989075,-134.998917,479.964478,0.000302,3.086911,0.000247,-0.018768,0.139972,-0.139628,-0.006465,-4.991913,0.027826,
feedback,3.511121,1786353223389,7,Ry,-5.000000,-75.000000,-5.046844,-0.046844,,,359.999908,-134.999466,479.998962,0.000429,20.000172,0.000163,359.989532,-134.999161,479.967163,0.000357,3.046371,0.000220,0.173711,0.000001,0.192935,0.000749,-5.046844,0.013714,
feedback,3.519845,1786353223398,7,Ry,-5.000000,-75.000000,-5.067444,-0.067444,,,359.999908,-134.999466,479.998962,0.000429,20.000172,0.000163,359.992340,-134.999298,479.969818,0.000330,3.005749,0.000192,0.291072,-0.043141,0.371428,0.000017,-5.067444,-0.006866,
feedback,3.527697,1786353223406,7,Ry,-5.000000,-75.000000,-4.964447,0.035553,,,359.999908,-134.999466,479.998962,0.000429,20.000172,0.000163,359.994629,-134.999084,479.971985,0.000302,2.965814,0.000220,0.200706,-0.022049,0.135724,-0.013695,-4.964447,-0.006156,
feedback,3.535818,1786353223415,7,Ry,-5.000000,-75.000000,-4.943848,0.056152,,,359.999908,-134.999466,479.998962,0.000429,20.000172,0.000163,359.995911,-134.999130,479.972992,0.000330,2.926346,0.000220,0.141972,0.074782,0.160309,-0.020554,-4.943848,0.007918,
feedback,3.544078,1786353223423,7,Ry,-5.000000,-75.000000,-4.985047,0.014953,,,359.999908,-134.999466,479.998962,0.000429,20.000172,0.000163,359.996490,-134.999130,479.974579,0.000330,2.886878,0.000220,0.030027,0.139016,0.390916,-0.033232,-4.985047,0.036035,
feedback,3.552215,1786353223427,7,Ry,-5.000000,-75.000000,-4.998779,0.001221,,,359.999908,-134.999466,479.998962,0.000429,20.000172,0.000163,359.996857,-134.999298,479.975739,0.000438,2.866882,0.000192,0.099551,-0.042184,0.286449,0.027107,-4.998779,-0.008232,
feedback,3.560403,1786353223437,7,Ry,-5.000000,-75.000000,-5.108643,-0.108643,,,359.999908,-134.999466,479.998962,0.000429,20.000172,0.000163,360.000885,-134.999634,479.982361,0.000439,2.806046,0.000165,0.441275,-0.107378,0.648486,0.013395,-5.108643,-0.021263,
feedback,3.570007,1786353223445,7,Ry,-5.000000,-75.000000,-5.170441,-0.170441,,,359.999908,-134.999466,479.998962,0.000429,20.000172,0.000163,360.005676,-134.999298,479.988190,0.000328,2.764957,0.000165,0.551118,0.042186,0.598236,-0.027416,-5.170441,0.001325,
feedback,3.577013,1786353223454,7,Ry,-5.000000,-75.000000,-5.060577,-0.060577,,,359.999908,-134.999466,479.998962,0.000429,20.000172,0.000163,360.008667,-134.999390,479.992462,0.000383,2.724362,0.000165,0.308457,0.021093,0.476790,-0.013700,-5.060577,0.000653,
feedback,3.584813,1786353223462,7,Ry,-5.000000,-75.000000,-5.012512,-0.012512,,,359.999908,-134.999466,479.998962,0.000429,20.000172,0.000163,360.010498,-134.999420,479.995911,0.000409,2.684427,0.000137,0.145580,-0.010546,0.397216,0.005589,-5.012512,-0.027757,
feedback,3.593195,1786353223470,7,Ry,-5.000000,-75.000000,-5.088043,-0.088043,,,359.999908,-134.999466,479.998962,0.000429,20.000172,0.000163,360.012115,-134.999557,479.999512,0.000385,2.643970,0.000165,0.196195,-0.022052,0.497015,-0.013704,-5.088043,-0.006233,
feedback,3.601972,1786353223479,7,Ry,-5.000000,-75.000000,-5.142975,-0.142975,,,359.999908,-134.999466,479.998962,0.000429,20.000172,0.000163,360.013092,-134.999512,480.002899,0.000358,2.602798,0.000192,0.075251,-0.032598,0.496697,-0.005909,-5.142975,0.014023,
feedback,3.609643,1786353223487,7,Ry,-5.000000,-75.000000,-5.191040,-0.191040,,,359.999908,-134.999466,479.998962,0.000429,20.000172,0.000163,360.015808,-134.999557,480.007355,0.000383,2.561243,0.000137,0.434996,0.053692,0.704591,-0.007152,-5.191040,0.000314,
feedback,3.618255,1786353223496,7,Ry,-5.000000,-75.000000,-5.252838,-0.252838,,,359.999908,-134.999466,479.998962,0.000429,20.000172,0.000163,360.018250,-134.999512,480.010223,0.000356,2.519165,0.000137,0.319259,-0.107382,0.372975,0.013433,-5.252838,-0.021196,
feedback,3.625743,1786353223504,7,Ry,-5.000000,-75.000000,-5.088043,-0.088043,,,359.999908,-134.999466,479.998962,0.000429,20.000172,0.000163,360.020233,-134.999603,480.011841,0.000411,2.478049,0.000137,0.211788,-0.085329,0.159635,0.027455,-5.088043,-0.008054,
feedback,3.634602,1786353223512,7,Ry,-5.000000,-75.000000,-5.108643,-0.108643,,,359.999908,-134.999466,479.998962,0.000429,20.000172,0.000163,360.019714,-134.999466,480.012726,0.000441,2.416772,0.000220,-0.230726,-0.010547,0.007226,0.007457,-5.108643,0.013431,
feedback,3.642515,1786353223521,7,Ry,-5.000000,-75.000000,-5.136108,-0.136108,,,359.999908,-134.999466,479.998962,0.000429,20.000172,0.000163,360.018951,-134.999390,480.012268,0.000383,2.375903,0.000165,0.006891,0.053692,0.064864,-0.007128,-5.136108,0.000291,
feedback,3.650659,1786353223529,7,Ry,-5.000000,-75.000000,-5.094910,-0.094910,,,359.999908,-134.999466,479.998962,0.000429,20.000172,0.000163,360.017426,-134.999420,480.011108,0.000414,2.334759,0.000247,-0.286763,-0.010547,-0.335222,0.007437,-5.094910,0.013442,
feedback,3.658420,1786353223538,7,Ry,-5.000000,-75.000000,-5.149841,-0.149841,,,359.999908,-134.999466,479.998962,0.000429,20.000172,0.000163,360.016785,-134.998825,480.009796,0.000358,2.293588,0.000302,-0.098573,0.052730,-0.155210,-0.034280,-5.149841,0.001374,
feedback,3.666466,1786353223546,7,Ry,-5.000000,-75.000000,-5.191040,-0.191040,,,359.999908,-134.999466,479.998962,0.000429,20.000172,0.000163,360.015991,-134.999390,480.008850,0.000386,2.252033,0.000220,-0.027381,-0.000000,-0.139464,0.000557,-5.191040,0.013722,
feedback,3.674943,1786353223554,7,Ry,-5.000000,-75.000000,-5.142975,-0.142975,,,359.999908,-134.999466,479.998962,0.000429,20.000172,0.000163,360.014832,-134.999557,480.007111,0.000383,2.210614,0.000137,-0.218267,-0.000001,-0.340609,0.000280,-5.142975,0.006861,
feedback,3.683446,1786353223559,7,Ry,-5.000000,-75.000000,-5.081177,-0.081177,,,359.999908,-134.999466,479.998962,0.000429,20.000172,0.000163,360.013763,-134.999557,480.006439,0.000386,2.190289,0.000192,-0.262149,-0.000001,-0.173498,0.000539,-5.081177,0.013723,
feedback,3.691177,1786353223567,7,Ry,-5.000000,-75.000000,-5.094910,-0.094910,,,359.999908,-134.999466,479.998962,0.000429,20.000172,0.000163,360.011200,-134.999298,480.003693,0.000330,2.149393,0.000192,-0.367352,0.010545,-0.244001,-0.006845,-5.094910,0.000258,
feedback,3.700023,1786353223576,7,Ry,-5.000000,-75.000000,-4.985046,0.014954,,,359.999908,-134.999466,479.998962,0.000429,20.000172,0.000163,360.007385,-134.999039,479.998505,0.000381,2.109375,0.000165,-0.508370,0.162028,-0.804232,0.006378,-4.985046,0.013489,
feedback,3.707355,1786353223584,7,Ry,-5.000000,-75.000000,-5.033111,-0.033111,,,359.999908,-134.999466,479.998962,0.000429,20.000172,0.000163,360.001862,-134.999084,479.991150,0.000303,2.049197,0.000247,-0.300047,0.161067,-0.579904,-0.020076,-5.033112,0.035060,
feedback,3.715585,1786353223592,7,Ry,-5.000000,-75.000000,-5.094910,-0.094910,,,359.999908,-134.999466,479.998962,0.000429,20.000172,0.000163,359.999695,-134.999603,479.987885,0.000412,2.008630,0.000165,-0.210847,-0.064236,-0.445883,0.014220,-5.094910,0.006377,
feedback,3.723852,1786353223601,7,Ry,-5.000000,-75.000000,-5.115509,-0.115509,,,359.999908,-134.999466,479.998962,0.000429,20.000172,0.000163,359.999084,-134.999039,479.985107,0.000274,1.967926,0.000192,-0.052455,0.107378,-0.298960,-0.013234,-5.115509,0.027929,
feedback,3.732971,1786353223609,7,Ry,-5.000000,-75.000000,-4.998779,0.001221,,,359.999908,-134.999466,479.998962,0.000429,20.000172,0.000163,359.998535,-134.999390,479.982819,0.000384,1.927689,0.000165,-0.032035,0.031638,-0.256611,-0.020571,-4.998779,0.000693,
feedback,3.740131,1786353223618,7,Ry,-5.000000,-75.000000,-4.957580,0.042420,,,359.999908,-134.999466,479.998962,0.000429,20.000172,0.000163,359.998138,-134.998901,479.981201,0.000413,1.887781,0.000302,-0.080697,0.075739,-0.221896,0.007113,-4.957581,0.020369,
feedback,3.748829,1786353223626,7,Ry,-5.000000,-75.000000,-4.833984,0.166016,,,359.999908,-134.999466,479.998962,0.000429,20.000172,0.000163,359.995758,-134.999466,479.977875,0.000438,1.848505,0.000137,-0.211354,-0.021093,-0.389878,0.013520,-4.833984,-0.007306,
feedback,3.756353,1786353223634,7,Ry,-5.000000,-75.000000,-4.840851,0.159149,,,359.999908,-134.999466,479.998962,0.000429,20.000172,0.000163,359.992615,-134.999466,479.973785,0.000329,1.809723,0.000137,-0.264671,0.010545,-0.471346,-0.006849,-4.840851,0.000217,
feedback,3.765129,1786353223643,7,Ry,-5.000000,-75.000000,-4.985046,0.014954,,,359.999908,-134.999466,479.998962,0.000429,20.000172,0.000163,359.991211,-134.999344,479.971039,0.000355,1.770062,0.000137,-0.104371,0.021092,-0.312994,-0.013710,-4.985046,0.000424,
feedback,3.772733,1786353223651,7,Ry,-5.000000,-75.000000,-4.957581,0.042419,,,359.999908,-134.999466,479.998962,0.000429,20.000172,0.000163,359.992126,-134.999725,479.970459,0.000385,1.730347,0.000137,0.152662,-0.053688,-0.028125,0.007083,-4.957581,-0.000210,
feedback,3.780952,1786353223659,7,Ry,-5.000000,-75.000000,-4.943848,0.056152,,,359.999908,-134.999466,479.998962,0.000429,20.000172,0.000163,359.993866,-134.999390,479.970947,0.000385,1.690356,0.000192,0.191300,0.086285,0.111265,0.000219,-4.943848,0.020596,
feedback,3.788849,1786353223668,7,Ry,-5.000000,-75.000000,-4.902649,0.097351,,,359.999908,-134.999466,479.998962,0.000429,20.000172,0.000163,359.994843,-134.999207,479.970917,0.000384,1.651108,0.000192,0.161636,0.129428,0.031941,-0.000179,-4.902649,0.013736,
feedback,3.797941,1786353223676,7,Ry,-5.000000,-75.000000,-4.882049,0.117951,,,359.999908,-134.999466,479.998962,0.000429,20.000172,0.000163,359.995117,-134.999039,479.970520,0.000384,1.592825,0.000220,-0.123087,0.086285,-0.112305,0.000021,-4.882050,0.013733,
feedback,3.805258,1786353223685,7,Ry,-5.000000,-75.000000,-4.868317,0.131683,,,359.999908,-134.999466,479.998962,0.000429,20.000172,0.000163,359.994934,-134.999557,479.970978,0.000382,1.553796,0.000082,-0.007891,-0.053689,0.105721,0.006692,-4.868317,-0.013917,
feedback,3.813408,1786353223693,7,Ry,-5.000000,-75.000000,-4.991913,0.008087,,,359.999908,-134.999466,479.998962,0.000429,20.000172,0.000163,359.996429,-134.998871,479.973938,0.000384,1.513889,0.000247,0.230450,0.193664,0.420760,-0.013704,-4.991913,0.027829,
feedback,3.821461,1786353223701,7,Ry,-5.000000,-75.000000,-5.074310,-0.074310,,,359.999908,-134.999466,479.998962,0.000429,20.000172,0.000163,359.999237,-134.999207,479.977264,0.000385,1.473541,0.000247,0.304168,-0.010545,0.455655,0.007237,-5.074310,0.013552,
feedback,3.830372,1786353223706,7,Ry,-5.000000,-75.000000,-4.964447,0.035553,,,359.999908,-134.999466,479.998962,0.000429,20.000172,0.000163,360.000488,-134.998947,479.978027,0.000328,1.453683,0.000192,0.320253,0.064237,0.186397,-0.014230,-4.964447,-0.013378,
feedback,3.838164,1786353223714,7,Ry,-5.000000,-75.000000,-4.950714,0.049286,,,359.999908,-134.999466,479.998962,0.000429,20.000172,0.000163,360.002441,-134.999725,479.980499,0.000385,1.413638,0.000137,0.192474,-0.075740,0.229579,-0.006514,-4.950714,0.000165,
feedback,3.847091,1786353223722,7,Ry,-5.000000,-75.000000,-4.909515,0.090485,,,359.999908,-134.999466,479.998962,0.000429,20.000172,0.000163,360.003906,-134.999344,479.981995,0.000356,1.374252,0.000165,0.196762,-0.010545,0.093124,0.007046,-4.909515,0.006700,
feedback,3.854503,1786353223731,7,Ry,-5.000000,-75.000000,-5.012512,-0.012512,,,359.999908,-134.999466,479.998962,0.000429,20.000172,0.000163,360.004272,-134.999252,479.983765,0.000301,1.334152,0.000137,-0.012959,0.074782,0.196665,-0.020737,-5.012512,0.000481,
feedback,3.863458,1786353223740,7,Ry,-5.000000,-75.000000,-5.067444,-0.067444,,,359.999908,-134.999466,479.998962,0.000429,20.000172,0.000163,360.005066,-134.999390,479.986145,0.000384,1.293613,0.000165,0.112262,-0.010546,0.312941,0.006727,-5.067444,-0.007020,
feedback,3.871267,1786353223748,7,Ry,-5.000000,-75.000000,-5.259705,-0.259705,,,359.999908,-134.999466,479.998962,0.000429,20.000172,0.000163,360.008881,-134.999603,479.991333,0.000410,1.231045,0.000082,0.322393,-0.086288,0.506029,-0.000427,-5.259705,-0.034328,
feedback,3.879172,1786353223756,7,Ry,-5.000000,-75.000000,-5.163574,-0.163574,,,359.999908,-134.999466,479.998962,0.000429,20.000172,0.000163,360.011841,-134.999863,479.993713,0.000356,1.189078,0.000055,0.373152,-0.129433,0.246215,-0.000418,-5.163574,-0.041194,
feedback,3.887617,1786353223765,7,Ry,-5.000000,-75.000000,-5.115509,-0.115509,,,359.999908,-134.999466,479.998962,0.000429,20.000172,0.000163,360.012695,-134.999512,479.994629,0.000356,1.147495,0.000110,0.094488,-0.075743,0.062842,-0.007125,-5.115509,-0.027326,
feedback,3.895975,1786353223773,7,Ry,-5.000000,-75.000000,-5.225372,-0.225372,,,359.999908,-134.999466,479.998962,0.000429,20.000172,0.000163,360.012146,-134.999771,479.995728,0.000411,1.105856,0.000110,-0.100510,-0.107382,0.126476,0.013743,-5.225372,-0.013998,
feedback,3.904380,1786353223782,7,Ry,-5.000000,-75.000000,-5.060578,-0.060578,,,359.999908,-134.999466,479.998962,0.000429,20.000172,0.000163,360.012177,-134.999512,479.996643,0.000356,1.064795,0.000082,-0.046179,-0.139980,0.026427,0.006625,-5.060577,-0.034458,
feedback,3.911887,1786353223790,7,Ry,-5.000000,-75.000000,-5.163574,-0.163574,,,359.999908,-134.999466,479.998962,0.000429,20.000172,0.000163,360.011658,-134.999557,479.997253,0.000384,1.022937,0.000110,-0.027681,-0.107381,0.036008,0.013746,-5.163574,-0.013978,
feedback,3.920583,1786353223798,7,Ry,-5.000000,-75.000000,-5.335236,-0.335236,,,359.999908,-134.999466,479.998962,0.000429,20.000172,0.000163,360.013458,-134.998993,479.999268,0.000357,0.980255,0.000220,0.272666,0.194633,0.233223,0.013519,-5.335236,0.020366,
feedback,3.928896,1786353223807,7,Ry,-5.000000,-75.000000,-5.280304,-0.280304,,,359.999908,-134.999466,479.998962,0.000429,20.000172,0.000163,360.014923,-134.999298,479.999817,0.000330,0.937875,0.000192,0.158189,0.010547,0.002852,-0.006623,-5.280304,0.013843,
feedback,3.936471,1786353223815,7,Ry,-5.000000,-75.000000,-5.232239,-0.232239,,,359.999908,-134.999466,479.998962,0.000429,20.000172,0.000163,360.014954,-134.999130,479.999573,0.000330,0.896017,0.000220,-0.049535,0.010546,-0.141390,-0.006846,-5.232239,0.000107,
feedback,3.945107,1786353223823,7,Ry,-5.000000,-75.000000,-5.191040,-0.191040,,,359.999908,-134.999466,479.998962,0.000429,20.000172,0.000163,360.013580,-134.999252,479.998932,0.000411,0.854434,0.000137,-0.196405,0.053690,-0.056014,-0.007051,-5.191040,-0.006763,
feedback,3.954677,1786353223832,7,Ry,-5.000000,-75.000000,-5.197906,-0.197906,,,359.999908,-134.999466,479.998962,0.000429,20.000172,0.000163,360.012207,-134.999680,479.997864,0.000357,0.812933,0.000137,-0.153509,-0.032599,-0.123842,-0.006756,-5.197906,0.000097,
feedback,3.961576,1786353223840,7,Ry,-5.000000,-75.000000,-5.142975,-0.142975,,,359.999908,-134.999466,479.998962,0.000429,20.000172,0.000163,360.010071,-134.999863,479.995911,0.000357,0.751355,0.000110,-0.137363,-0.162032,-0.136993,-0.006856,-5.142975,-0.027376,
feedback,3.970311,1786353223845,7,Ry,-5.000000,-75.000000,-5.191040,-0.191040,,,359.999908,-134.999466,479.998962,0.000429,20.000172,0.000163,360.010223,-134.999420,479.995728,0.000411,0.730591,0.000110,0.039798,0.108341,-0.044572,0.013487,-5.191040,-0.000173,
feedback,3.978219,1786353223854,7,Ry,-5.000000,-75.000000,-5.149841,-0.149841,,,359.999908,-134.999466,479.998962,0.000429,20.000172,0.000163,360.010529,-134.999557,479.994629,0.000383,0.689392,0.000055,-0.109390,-0.096835,-0.156266,0.006716,-5.149841,-0.027547,
feedback,3.987256,1786353223862,7,Ry,-5.000000,-75.000000,-5.060577,-0.060577,,,359.999908,-134.999466,479.998962,0.000429,20.000172,0.000163,360.010162,-134.999390,479.992859,0.000384,0.648605,0.000165,-0.143502,0.010546,-0.354789,-0.006771,-5.060577,0.006944,
feedback,3.993927,1786353223871,7,Ry,-5.000000,-75.000000,-5.067444,-0.067444,,,359.999908,-134.999466,479.998962,0.000429,20.000172,0.000163,360.009460,-134.999207,479.991547,0.000384,0.608038,0.000165,-0.085441,0.096834,-0.160542,-0.006847,-5.067444,0.013806,
feedback,4.002656,1786353223879,7,Ry,-5.000000,-75.000000,-4.991913,0.008087,,,359.999908,-134.999466,479.998962,0.000429,20.000172,0.000163,360.007477,-134.998871,479.988464,0.000384,0.568378,0.000247,-0.357527,0.097792,-0.588708,0.020622,-4.991913,0.020395,
feedback,4.010258,1786353223888,7,Ry,-5.000000,-75.000000,-4.916382,0.083618,,,359.999908,-134.999466,479.998962,0.000429,20.000172,0.000163,360.004852,-134.999130,479.985687,0.000329,0.529047,0.000165,-0.270174,0.086286,-0.377406,0.000019,-4.916382,0.013733,
feedback,4.018374,1786353223896,7,Ry,-5.000000,-75.000000,-4.971314,0.028686,,,359.999908,-134.999466,479.998962,0.000429,20.000172,0.000163,360.002960,-134.999390,479.983185,0.000384,0.489523,0.000165,-0.154372,-0.043144,-0.228861,-0.000042,-4.971313,-0.013733,
feedback,4.026633,1786353223904,7,Ry,-5.000000,-75.000000,-4.930115,0.069885,,,359.999908,-134.999466,479.998962,0.000429,20.000172,0.000163,360.003876,-134.999512,479.983002,0.000467,0.429950,0.000192,0.273107,0.075742,0.125701,0.006883,-4.930115,0.013681,
feedback,4.035347,1786353223913,7,Ry,-5.000000,-75.000000,-4.888916,0.111084,,,359.999908,-134.999466,479.998962,0.000429,20.000172,0.000163,360.004700,-134.999344,479.983398,0.000357,0.390454,0.000192,0.153864,0.010547,0.071893,-0.006850,-4.888916,0.000047,
feedback,4.043699,1786353223921,7,Ry,-5.000000,-75.000000,-4.895783,0.104217,,,359.999908,-134.999466,479.998962,0.000429,20.000172,0.000163,360.004089,-134.999557,479.983124,0.000384,0.351068,0.000110,-0.059873,-0.043144,0.032793,-0.000028,-4.895782,-0.013733,
feedback,4.052215,1786353223929,7,Ry,-5.000000,-75.000000,-4.902649,0.097351,,,359.999908,-134.999466,479.998962,0.000429,20.000172,0.000163,360.003021,-134.999466,479.983276,0.000329,0.312149,0.000137,-0.093848,-0.032598,0.310162,-0.006852,-4.902649,-0.006829,
feedback,4.059542,1786353223938,7,Ry,-5.000000,-75.000000,-4.765320,0.234680,,,359.999908,-134.999466,479.998962,0.000429,20.000172,0.000163,360.000641,-134.999207,479.981934,0.000384,0.273972,0.000192,-0.238542,0.010545,-0.193819,-0.006881,-4.765320,-0.006834,
feedback,4.068388,1786353223946,7,Ry,-5.000000,-75.000000,-4.868317,0.131683,,,359.999908,-134.999466,479.998962,0.000429,20.000172,0.000163,360.000000,-134.999725,479.982147,0.000384,0.235382,0.000110,-0.181793,-0.172573,0.066810,0.000012,-4.868317,-0.027466,
feedback,4.076053,1786353223955,7,Ry,-5.000000,-75.000000,-4.985046,0.014954,,,359.999908,-134.999466,479.998962,0.000429,20.000172,0.000163,360.001434,-134.999420,479.983582,0.000412,0.195914,0.000192,0.230839,0.022052,0.295541,0.013750,-4.985046,0.006819,
feedback,4.085592,1786353223963,7,Ry,-5.000000,-75.000000,-4.957581,0.042419,,,359.999908,-134.999466,479.998962,0.000429,20.000172,0.000163,360.002777,-134.999512,479.985077,0.000357,0.156171,0.000082,0.115049,-0.075741,0.188017,-0.006908,-4.957581,-0.034313,
feedback,4.092853,1786353223971,7,Ry,-5.000000,-75.000000,-4.895783,0.104217,,,359.999908,-134.999466,479.998962,0.000429,20.000172,0.000163,360.003632,-134.999252,479.986237,0.000412,0.116675,0.000220,0.046885,-0.042184,0.112552,0.027471,-4.895782,-0.006922,
feedback,4.101628,1786353223980,7,Ry,-5.000000,-75.000000,-4.902649,0.097351,,,359.999908,-134.999466,479.998962,0.000429,20.000172,0.000163,360.003601,-134.999252,479.987213,0.000412,0.077261,0.000165,-0.103086,-0.064236,0.080635,0.013742,-4.902649,-0.013751,
feedback,4.109275,1786353223988,7,Ry,-5.000000,-75.000000,-4.943848,0.056152,,,359.999908,-134.999466,479.998962,0.000429,20.000172,0.000163,360.000458,-134.999374,479.986115,0.000494,0.018430,0.000165,-0.220815,0.012463,-0.082256,0.048086,-4.943848,0.020584,
feedback,4.118011,1786353223996,7,Ry,-5.000000,-75.000000,-5.033112,-0.033112,,,359.999908,-134.999466,479.998962,0.000429,20.000172,0.000163,359.999847,-134.999420,479.986572,0.000412,-0.021616,0.000137,-0.008359,-0.043143,0.041667,0.000017,-5.033112,-0.006866,
feedback,4.125343,1786353224005,7,Ry,-5.000000,-75.000000,-5.122375,-0.122375,,,359.999908,-134.999466,479.998962,0.000429,20.000172,0.000163,360.001099,-134.999344,479.987549,0.000467,-0.062292,0.000165,0.244181,0.011506,0.190647,0.020641,-5.122375,-0.013711,
feedback,4.134255,1786353224013,7,Ry,-5.000000,-75.000000,-5.170441,-0.170441,,,359.999908,-134.999466,479.998962,0.000429,20.000172,0.000163,360.002319,-134.999390,479.988983,0.000385,-0.103711,0.000082,0.109902,-0.108338,0.086737,-0.013666,-5.170441,-0.048090,
feedback,4.142177,1786353224022,7,Ry,-5.000000,-75.000000,-5.108643,-0.108643,,,359.999908,-134.999466,479.998962,0.000429,20.000172,0.000163,360.003418,-134.999390,479.989685,0.000385,-0.144690,0.000137,0.011891,-0.086287,0.158707,0.000017,-5.108643,-0.013733,
feedback,4.150813,1786353224026,7,Ry,-5.000000,-75.000000,-5.163574,-0.163574,,,359.999908,-134.999466,479.998962,0.000429,20.000172,0.000163,360.002228,-134.999084,479.988983,0.000302,-0.185971,0.000165,-0.216062,0.096832,-0.014376,-0.006824,-5.163574,0.006844,
feedback,4.158486,1786353224034,7,Ry,-5.000000,-75.000000,-5.108643,-0.108643,,,359.999908,-134.999466,479.998962,0.000429,20.000172,0.000163,360.001587,-134.999466,479.988800,0.000439,-0.206406,0.000192,-0.164553,-0.095874,-0.048230,0.034300,-5.108643,0.006990,
feedback,4.167252,1786353224043,7,Ry,-5.000000,-75.000000,-5.156708,-0.156708,,,359.999908,-134.999466,479.998962,0.000429,20.000172,0.000163,360.000641,-134.999420,479.989136,0.000412,-0.247659,0.000165,-0.145531,-0.021093,0.035067,0.013720,-5.156708,0.006926,
feedback,4.174681,1786353224051,7,Ry,-5.000000,-75.000000,-5.225372,-0.225372,,,359.999908,-134.999466,479.998962,0.000429,20.000172,0.000163,360.001251,-134.999161,479.989838,0.000357,-0.289215,0.000137,0.142938,0.000001,0.111990,0.000089,-5.225372,-0.013733,
feedback,4.183567,1786353224059,7,Ry,-5.000000,-75.000000,-5.328369,-0.328369,,,359.999908,-134.999466,479.998962,0.000429,20.000172,0.000163,360.002441,-134.999207,479.991913,0.000275,-0.331650,0.000165,0.177027,-0.000958,0.184555,-0.027487,-5.328369,-0.000159,
feedback,4.191041,1786353224068,7,Ry,-5.000000,-75.000000,-5.273438,-0.273438,,,359.999908,-134.999466,479.998962,0.000429,20.000172,0.000163,360.004059,-134.999390,479.993134,0.000385,-0.374277,0.000137,0.129829,-0.074782,0.101850,0.020617,-5.273438,-0.006732,
feedback,4.199681,1786353224076,7,Ry,-5.000000,-75.000000,-5.239105,-0.239105,,,359.999908,-134.999466,479.998962,0.000429,20.000172,0.000163,360.004395,-134.999390,479.992889,0.000385,-0.437421,0.000110,-0.018364,0.053690,-0.008161,-0.006796,-5.239105,-0.000052,
feedback,4.207366,1786353224085,7,Ry,-5.000000,-75.000000,-5.287170,-0.287170,,,359.999908,-134.999466,479.998962,0.000429,20.000172,0.000163,360.003479,-134.999390,479.993225,0.000385,-0.479636,0.000165,-0.068059,-0.010546,0.190160,0.006884,-5.287170,0.000057,
feedback,4.216350,1786353224093,7,Ry,-5.000000,-75.000000,-5.280304,-0.280304,,,359.999908,-134.999466,479.998962,0.000429,20.000172,0.000163,360.002991,-134.999130,479.992615,0.000330,-0.521411,0.000165,0.034167,0.086287,0.028494,0.000083,-5.280304,0.006867,
feedback,4.223445,1786353224101,7,Ry,-5.000000,-75.000000,-5.280304,-0.280304,,,359.999908,-134.999466,479.998962,0.000429,20.000172,0.000163,360.003632,-134.999557,479.993561,0.000385,-0.563379,0.000110,0.194578,-0.107379,0.260403,0.013815,-5.280304,-0.020464,
feedback,4.231643,1786353224110,7,Ry,-5.000000,-75.000000,-5.280304,-0.280304,,,359.999908,-134.999466,479.998962,0.000429,20.000172,0.000163,360.005798,-134.999161,479.995575,0.000358,-0.605731,0.000165,0.300321,0.117927,0.141943,-0.020723,-5.280304,0.027247,
feedback,4.239842,1786353224118,7,Ry,-5.000000,-75.000000,-5.218506,-0.218506,,,359.999908,-134.999466,479.998962,0.000429,20.000172,0.000163,360.006866,-134.998779,479.996246,0.000330,-0.647507,0.000247,0.079657,0.043144,0.084142,-0.000130,-5.218506,0.020598,
feedback,4.248516,1786353224127,7,Ry,-5.000000,-75.000000,-5.129242,-0.129242,,,359.999908,-134.999466,479.998962,0.000429,20.000172,0.000163,360.006561,-134.999039,479.996887,0.000275,-0.688678,0.000165,-0.083392,0.043144,0.084422,-0.000063,-5.129242,0.013732,
feedback,4.256165,1786353224135,7,Ry,-5.000000,-75.000000,-5.101776,-0.101776,,,359.999908,-134.999466,479.998962,0.000429,20.000172,0.000163,360.005737,-134.999130,479.997101,0.000330,-0.729437,0.000165,-0.123471,0.022051,0.099359,0.013751,-5.101776,0.007041,
feedback,4.265247,1786353224143,7,Ry,-5.000000,-75.000000,-5.129242,-0.129242,,,359.999908,-134.999466,479.998962,0.000429,20.000172,0.000163,360.006042,-134.999725,479.997894,0.000385,-0.770416,0.000082,0.149770,-0.053690,0.198389,0.006878,-5.129242,-0.006774,
feedback,4.272625,1786353224152,7,Ry,-5.000000,-75.000000,-5.046845,-0.046845,,,359.999908,-134.999466,479.998962,0.000429,20.000172,0.000163,360.006134,-134.999344,479.997711,0.000357,-0.810846,0.000165,-0.009514,-0.053690,0.036470,0.006786,-5.046844,0.000096,
feedback,4.281096,1786353224160,7,Ry,-5.000000,-75.000000,-4.985046,0.014954,,,359.999908,-134.999466,479.998962,0.000429,20.000172,0.000163,360.008270,-134.999603,479.999908,0.000303,-0.871298,0.000055,0.158928,-0.096834,0.202999,0.006878,-4.985046,-0.013628,
feedback,4.288849,1786353224165,7,Ry,-5.000000,-75.000000,-5.067444,-0.067444,,,359.999908,-134.999466,479.998962,0.000429,20.000172,0.000163,360.008942,-134.999161,480.000641,0.000358,-0.891568,0.000137,0.166703,0.108341,0.182501,0.013751,-5.067444,0.020813,
feedback,4.297355,1786353224174,7,Ry,-5.000000,-75.000000,-4.936981,0.063019,,,359.999908,-134.999466,479.998962,0.000429,20.000172,0.000163,360.009644,-134.998917,480.000854,0.000303,-0.931174,0.000165,0.036925,0.096835,-0.000312,-0.006509,-4.936981,-0.006975,
feedback,4.305507,1786353224182,7,Ry,-5.000000,-75.000000,-4.943847,0.056153,,,359.999908,-134.999466,479.998962,0.000429,20.000172,0.000163,360.008759,-134.998657,480.000732,0.000248,-0.970422,0.000247,-0.020414,0.171617,-0.115537,-0.027554,-4.943848,0.027000,
feedback,4.313462,1786353224190,7,Ry,-5.000000,-75.000000,-4.827118,0.172882,,,359.999908,-134.999466,479.998962,0.000429,20.000172,0.000163,360.006866,-134.999207,480.000427,0.000277,-1.009149,0.000082,-0.330271,-0.022053,0.018894,-0.013473,-4.827118,-0.020839,
feedback,4.321658,1786353224199,7,Ry,-5.000000,-75.000000,-4.813385,0.186615,,,359.999908,-134.999466,479.998962,0.000429,20.000172,0.000163,360.006012,-134.999252,479.998871,0.000303,-1.047436,0.000137,-0.022288,-0.010546,-0.072685,0.007007,-4.813385,-0.006740,
feedback,4.329856,1786353224207,7,Ry,-5.000000,-75.000000,-4.895782,0.104218,,,359.999908,-134.999466,479.998962,0.000429,20.000172,0.000163,360.005707,-134.999344,479.999115,0.000358,-1.086493,0.000165,0.057126,0.032598,0.100973,0.006751,-4.895782,0.013862,
feedback,4.337883,1786353224216,7,Ry,-5.000000,-75.000000,-4.957581,0.042419,,,359.999908,-134.999466,479.998962,0.000429,20.000172,0.000163,360.007111,-134.999344,479.999786,0.000358,-1.125604,0.000165,0.216656,-0.010545,0.268191,0.006747,-4.957581,0.007000,
feedback,4.346046,1786353224224,7,Ry,-5.000000,-75.000000,-4.902649,0.097351,,,359.999908,-134.999466,479.998962,0.000429,20.000172,0.000163,360.007843,-134.998947,480.000580,0.000330,-1.164963,0.000247,0.168559,0.129433,0.030683,-0.000398,-4.902649,0.041194,
feedback,4.354227,1786353224232,7,Ry,-5.000000,-75.000000,-4.861450,0.138550,,,359.999908,-134.999466,479.998962,0.000429,20.000172,0.000163,360.007477,-134.999466,480.001556,0.000331,-1.223740,0.000110,-0.044540,-0.032598,-0.031549,-0.006998,-4.861450,-0.000148,
feedback,4.362339,1786353224241,7,Ry,-5.000000,-75.000000,-4.827118,0.172882,,,359.999908,-134.999466,479.998962,0.000429,20.000172,0.000163,360.006256,-134.999649,480.000244,0.000331,-1.262494,0.000082,-0.282017,-0.118886,-0.172332,-0.006853,-4.827118,-0.020751,
feedback,4.370629,1786353224249,7,Ry,-5.000000,-75.000000,-4.799652,0.200348,,,359.999908,-134.999466,479.998962,0.000429,20.000172,0.000163,360.004150,-134.998993,479.997406,0.000357,-1.301028,0.000247,-0.189856,0.107379,-0.420613,-0.014020,-4.799652,0.027150,
feedback,4.378694,1786353224258,7,Ry,-5.000000,-75.000000,-4.950714,0.049286,,,359.999908,-134.999466,479.998962,0.000429,20.000172,0.000163,360.002350,-134.999390,479.995636,0.000276,-1.340140,0.000110,-0.161744,-0.022052,-0.139597,-0.013715,-4.950714,-0.007188,
feedback,4.387195,1786353224266,7,Ry,-5.000000,-75.000000,-5.081177,-0.081177,,,359.999908,-134.999466,479.998962,0.000429,20.000172,0.000163,360.002319,-134.999252,479.995422,0.000302,-1.380212,0.000192,0.050924,-0.010546,-0.194109,0.006385,-5.081177,0.020759,
feedback,4.395212,1786353224274,7,Ry,-5.000000,-75.000000,-5.129242,-0.129242,,,359.999908,-134.999466,479.998962,0.000429,20.000172,0.000163,360.002319,-134.999863,479.995209,0.000358,-1.420697,0.000055,-0.158869,-0.183120,-0.158905,0.006704,-5.129242,-0.020431,
feedback,4.403470,1786353224283,7,Ry,-5.000000,-75.000000,-5.081177,-0.081177,,,359.999908,-134.999466,479.998962,0.000429,20.000172,0.000163,360.002289,-134.999344,479.994720,0.000247,-1.461237,0.000165,-0.117753,-0.054649,-0.157497,-0.020578,-5.081177,-0.014258,
feedback,4.411536,1786353224291,7,Ry,-5.000000,-75.000000,-5.129242,-0.129242,,,359.999908,-134.999466,479.998962,0.000429,20.000172,0.000163,360.000854,-134.999176,479.992920,0.000249,-1.501804,0.000110,-0.383575,-0.000960,-0.409101,-0.027079,-5.129242,-0.021314,
feedback,4.419719,1786353224299,7,Ry,-5.000000,-75.000000,-5.026245,-0.026245,,,359.999908,-134.999466,479.998962,0.000429,20.000172,0.000163,359.998077,-134.999557,479.989594,0.000385,-1.541959,0.000137,-0.240091,-0.042185,-0.406069,0.027101,-5.026245,0.014467,
feedback,4.427852,1786353224308,7,Ry,-5.000000,-75.000000,-5.081177,-0.081177,,,359.999908,-134.999466,479.998962,0.000429,20.000172,0.000163,359.995392,-134.999512,479.986542,0.000358,-1.582196,0.000137,-0.392988,-0.193664,-0.287618,0.013174,-5.081177,-0.006495,
feedback,4.436077,1786353224312,7,Ry,-5.000000,-75.000000,-5.108642,-0.108642,,,359.999908,-134.999466,479.998962,0.000429,20.000172,0.000163,359.994781,-134.998825,479.985321,0.000359,-1.602631,0.000220,-0.153552,0.172569,-0.299906,0.000217,-5.108643,0.020602,
feedback,4.444269,1786353224320,7,Ry,-5.000000,-75.000000,-5.218506,-0.218506,,,359.999908,-134.999466,479.998962,0.000429,20.000172,0.000163,359.994720,-134.999512,479.984497,0.000361,-1.664896,0.000027,0.034588,-0.096831,0.024499,0.007477,-5.218506,-0.034124,
feedback,4.452330,1786353224329,7,Ry,-5.000000,-75.000000,-5.239105,-0.239105,,,359.999908,-134.999466,479.998962,0.000429,20.000172,0.000163,359.995300,-134.999084,479.984497,0.000305,-1.706781,0.000137,0.079418,0.064235,0.010066,-0.013911,-5.239105,0.013321,
feedback,4.460584,1786353224337,7,Ry,-5.000000,-75.000000,-5.191040,-0.191040,,,359.999908,-134.999466,479.998962,0.000429,20.000172,0.000163,359.994354,-134.999039,479.983398,0.000277,-1.748282,0.000137,-0.154908,0.117923,-0.200127,-0.020360,-5.191040,0.006241,
feedback,4.468652,1786353224346,7,Ry,-5.000000,-75.000000,-5.101776,-0.101776,,,359.999908,-134.999466,479.998962,0.000429,20.000172,0.000163,359.993347,-134.999725,479.982452,0.000387,-1.789398,0.000055,-0.024440,-0.117923,-0.095038,0.020816,-5.101776,-0.019953,
feedback,4.477190,1786353224354,7,Ry,-5.000000,-75.000000,-5.204773,-0.204773,,,359.999908,-134.999466,479.998962,0.000429,20.000172,0.000163,359.991882,-134.999161,479.981171,0.000359,-1.831036,0.000165,-0.250940,-0.000001,0.028348,0.000020,-5.204773,-0.000000,
feedback,4.485468,1786353224363,7,Ry,-5.000000,-75.000000,-5.204773,-0.204773,,,359.999908,-134.999466,479.998962,0.000429,20.000172,0.000163,359.991760,-134.999512,479.980927,0.000359,-1.872537,0.000110,-0.075401,-0.205165,0.055917,-0.007072,-5.204773,-0.027694,
feedback,4.493522,1786353224371,7,Ry,-5.000000,-75.000000,-5.273438,-0.273438,,,359.999908,-134.999466,479.998962,0.000429,20.000172,0.000163,359.993195,-134.999603,479.982391,0.000415,-1.914478,0.000082,0.150316,0.043143,0.323959,0.000474,-5.273438,-0.006859,
feedback,4.501745,1786353224379,7,Ry,-5.000000,-75.000000,-5.245972,-0.245972,,,359.999908,-134.999466,479.998962,0.000429,20.000172,0.000163,359.995056,-134.999557,479.984711,0.000387,-1.956720,0.000082,0.183768,-0.096831,0.264129,0.006878,-5.245972,-0.013498,
feedback,4.509885,1786353224388,7,Ry,-5.000000,-75.000000,-5.197906,-0.197906,,,359.999908,-134.999466,479.998962,0.000429,20.000172,0.000163,359.996399,-134.999512,479.986542,0.000359,-1.998248,0.000110,0.186891,0.010547,0.381767,-0.006847,-5.197906,-0.000239,
feedback,4.517969,1786353224396,7,Ry,-5.000000,-75.000000,-5.197906,-0.197906,,,359.999908,-134.999466,479.998962,0.000429,20.000172,0.000163,359.996704,-134.998871,479.987457,0.000386,-2.060431,0.000220,0.040380,0.162025,0.140093,0.006887,-5.197906,0.027713,
feedback,4.526208,1786353224405,7,Ry,-5.000000,-75.000000,-5.136108,-0.136108,,,359.999908,-134.999466,479.998962,0.000429,20.000172,0.000163,359.997131,-134.999344,479.988007,0.000359,-2.101739,0.000137,0.038780,0.064235,0.113631,-0.014210,-5.136108,0.020086,
feedback,4.534069,1786353224413,7,Ry,-5.000000,-75.000000,-5.191040,-0.191040,,,359.999908,-134.999466,479.998962,0.000429,20.000172,0.000163,359.999359,-134.999420,479.991577,0.000415,-2.143185,0.000110,0.300096,0.000001,0.517593,0.000017,-5.191040,-0.000000,
feedback,4.542289,1786353224421,7,Ry,-5.000000,-75.000000,-5.163574,-0.163574,,,359.999908,-134.999466,479.998962,0.000429,20.000172,0.000163,360.002777,-134.999390,479.995483,0.000388,-2.184521,0.000110,0.469246,-0.064234,0.440697,0.014264,-5.163574,-0.020066,
feedback,4.551246,1786353224430,7,Ry,-5.000000,-75.000000,-5.088043,-0.088043,,,359.999908,-134.999466,479.998962,0.000429,20.000172,0.000163,360.004974,-134.999130,479.999451,0.000333,-2.225308,0.000137,0.111521,0.010547,0.390073,-0.006842,-5.088043,-0.000267,
feedback,4.559000,1786353224438,7,Ry,-5.000000,-75.000000,-5.005646,-0.005646,,,359.999908,-134.999466,479.998962,0.000429,20.000172,0.000163,360.006927,-134.999557,480.001556,0.000387,-2.265436,0.000110,0.156637,0.043144,0.251948,0.000014,-5.005646,0.006866,
feedback,4.567696,1786353224443,7,Ry,-5.000000,-75.000000,-4.964447,0.035553,,,359.999908,-134.999466,479.998962,0.000429,20.000172,0.000163,360.007263,-134.999039,480.002197,0.000276,-2.305261,0.000192,0.119928,0.107381,-0.007749,-0.013979,-4.964447,0.020041,
feedback,4.575388,1786353224451,7,Ry,-5.000000,-75.000000,-4.957581,0.042419,,,359.999908,-134.999466,479.998962,0.000429,20.000172,0.000163,360.007782,-134.999939,480.003479,0.000414,-2.325092,0.000055,0.129365,-0.225307,0.318649,0.034592,-4.957581,-0.032934,
feedback,4.583464,1786353224460,7,Ry,-5.000000,-75.000000,-4.985046,0.014954,,,359.999908,-134.999466,479.998962,0.000429,20.000172,0.000163,360.009125,-134.999557,480.005157,0.000386,-2.365109,0.000137,0.073350,-0.010546,0.216186,0.006308,-4.985046,0.014005,
feedback,4.591615,1786353224468,7,Ry,-5.000000,-75.000000,-5.019379,-0.019379,,,359.999908,-134.999466,479.998962,0.000429,20.000172,0.000163,360.010895,-134.999557,480.006866,0.000388,-2.404935,0.000082,0.260758,0.032599,0.377219,0.006299,-5.019379,0.020875,
feedback,4.600881,1786353224476,7,Ry,-5.000000,-75.000000,-4.964447,0.035553,,,359.999908,-134.999466,479.998962,0.000429,20.000172,0.000163,360.014313,-134.999344,480.011261,0.000362,-2.464700,0.000082,0.266926,0.010547,0.484108,-0.006253,-4.964447,-0.014015,
feedback,4.608302,1786353224485,7,Ry,-5.000000,-75.000000,-4.930115,0.069885,,,359.999908,-134.999466,479.998962,0.000429,20.000172,0.000163,360.015106,-134.999557,480.012848,0.000389,-2.504086,0.000055,0.005274,-0.107382,0.219165,0.014934,-4.930115,-0.040573,
feedback,4.617492,1786353224493,7,Ry,-5.000000,-75.000000,-4.861450,0.138550,,,359.999908,-134.999466,479.998962,0.000429,20.000172,0.000163,360.015747,-134.999344,480.013275,0.000362,-2.542868,0.000082,-0.041103,0.053691,0.068996,-0.006539,-4.861450,-0.000298,
feedback,4.624116,1786353224502,7,Ry,-5.000000,-75.000000,-4.854584,0.145416,,,359.999908,-134.999466,479.998962,0.000429,20.000172,0.000163,360.014893,-134.999512,480.011566,0.000358,-2.581650,0.000137,-0.165226,0.074783,-0.297869,-0.021183,-4.854584,0.019658,
feedback,4.632174,1786353224510,7,Ry,-5.000000,-75.000000,-4.882049,0.117951,,,359.999908,-134.999466,479.998962,0.000429,20.000172,0.000163,360.013245,-134.999603,480.008484,0.000415,-2.620514,0.000110,-0.175966,-0.000001,-0.385090,-0.000614,-4.882050,0.013719,
feedback,4.640656,1786353224519,7,Ry,-5.000000,-75.000000,-4.895783,0.104217,,,359.999908,-134.999466,479.998962,0.000429,20.000172,0.000163,360.011871,-134.999390,480.006348,0.000390,-2.659817,0.000082,-0.182382,0.010546,-0.144863,-0.006524,-4.895782,-0.007178,
feedback,4.648694,1786353224527,7,Ry,-5.000000,-75.000000,-5.060577,-0.060577,,,359.999908,-134.999466,479.998962,0.000429,20.000172,0.000163,360.011749,-134.999634,480.004852,0.000441,-2.699780,0.000137,0.102565,0.000000,0.012735,0.000015,-5.060577,-0.000000,
feedback,4.657046,1786353224535,7,Ry,-5.000000,-75.000000,-5.053711,-0.053711,,,359.999908,-134.999466,479.998962,0.000429,20.000172,0.000163,360.011627,-134.999603,480.004181,0.000416,-2.740292,0.000082,0.012797,-0.064237,-0.106867,0.014060,-5.053711,-0.013069,
feedback,4.665429,1786353224544,7,Ry,-5.000000,-75.000000,-5.033112,-0.033112,,,359.999908,-134.999466,479.998962,0.000429,20.000172,0.000163,360.011902,-134.999344,480.003632,0.000362,-2.780557,0.000082,0.037842,0.021092,-0.188907,-0.013034,-5.033112,-0.014383,
feedback,4.673452,1786353224552,7,Ry,-5.000000,-75.000000,-5.094910,-0.094910,,,359.999908,-134.999466,479.998962,0.000429,20.000172,0.000163,360.010101,-134.999512,480.001099,0.000360,-2.820904,0.000110,-0.218283,0.022052,-0.349203,0.013393,-5.094910,0.014400,
feedback,4.681622,1786353224560,7,Ry,-5.000000,-75.000000,-4.888916,0.111084,,,359.999908,-134.999466,479.998962,0.000429,20.000172,0.000163,360.005676,-134.999557,479.993011,0.000390,-2.880176,0.000055,-0.483591,0.021091,-0.821254,-0.013011,-4.888916,-0.014406,
feedback,4.689912,1786353224569,7,Ry,-5.000000,-75.000000,-4.943848,0.056152,,,359.999908,-134.999466,479.998962,0.000429,20.000172,0.000163,360.001770,-134.999390,479.987305,0.000389,-2.919507,0.000110,-0.417631,-0.043145,-0.621774,-0.000333,-4.943848,-0.000009,
feedback,4.698137,1786353224578,7,Ry,-5.000000,-75.000000,-5.067444,-0.067444,,,359.999908,-134.999466,479.998962,0.000429,20.000172,0.000163,359.999878,-134.999649,479.982727,0.000337,-2.960101,-0.000000,-0.198547,-0.043144,-0.390938,0.000721,-5.067444,-0.020581,
feedback,4.706256,1786353224586,7,Ry,-5.000000,-75.000000,-5.156708,-0.156708,,,359.999908,-134.999466,479.998962,0.000429,20.000172,0.000163,359.999420,-134.999680,479.980591,0.000471,-3.001163,0.000082,-0.118728,-0.107379,-0.258183,0.013729,-5.156708,-0.013014,
feedback,4.714335,1786353224594,7,Ry,-5.000000,-75.000000,-5.108643,-0.108643,,,359.999908,-134.999466,479.998962,0.000429,20.000172,0.000163,359.999207,-134.999512,479.979553,0.000361,-3.042224,0.000082,-0.057168,-0.000000,-0.222605,-0.000350,-5.108643,0.006857,
feedback,4.722684,1786353224599,7,Ry,-5.000000,-75.000000,-5.149841,-0.149841,,,359.999908,-134.999466,479.998962,0.000429,20.000172,0.000163,359.998932,-134.999725,479.978699,0.000389,-3.062824,0.000055,-0.064136,-0.053689,-0.214707,0.006869,-5.149841,-0.006500,
feedback,4.730667,1786353224607,7,Ry,-5.000000,-75.000000,-5.129242,-0.129242,,,359.999908,-134.999466,479.998962,0.000429,20.000172,0.000163,359.997620,-134.999344,479.975342,0.000363,-3.103858,0.000082,-0.226792,-0.053690,-0.469658,0.007245,-5.129242,-0.013351,
feedback,4.738852,1786353224615,7,Ry,-5.000000,-75.000000,-5.081177,-0.081177,,,359.999908,-134.999466,479.998962,0.000429,20.000172,0.000163,359.994751,-134.999207,479.970001,0.000391,-3.144507,0.000110,-0.217298,0.075738,-0.624093,0.006876,-5.081177,0.014110,
feedback,4.746975,1786353224624,7,Ry,-5.000000,-75.000000,-5.074310,-0.074310,,,359.999908,-134.999466,479.998962,0.000429,20.000172,0.000163,359.992676,-134.998947,479.965454,0.000336,-3.184854,0.000137,-0.102297,0.118880,-0.571253,0.006878,-5.074310,0.020981,
feedback,4.755303,1786353224632,7,Ry,-5.000000,-75.000000,-5.177307,-0.177307,,,359.999908,-134.999466,479.998962,0.000429,20.000172,0.000163,359.991577,-134.999390,479.963257,0.000391,-3.226025,0.000082,-0.100918,-0.053689,-0.137182,0.007259,-5.177307,-0.013336,
feedback,4.764064,1786353224641,7,Ry,-5.000000,-75.000000,-5.163574,-0.163574,,,359.999908,-134.999466,479.998962,0.000429,20.000172,0.000163,359.993591,-134.999298,479.963379,0.000336,-3.288181,0.000082,0.113002,0.000000,0.061342,0.000411,-5.163574,-0.006855,
feedback,4.771661,1786353224649,7,Ry,-5.000000,-75.000000,-5.191040,-0.191040,,,359.999908,-134.999466,479.998962,0.000429,20.000172,0.000163,359.994904,-134.999344,479.964081,0.000360,-3.329462,0.000137,0.078626,0.000000,-0.001340,-0.000780,-5.191040,0.013710,
feedback,4.780422,1786353224657,7,Ry,-5.000000,-75.000000,-5.081177,-0.081177,,,359.999908,-134.999466,479.998962,0.000429,20.000172,0.000163,359.995209,-134.999557,479.962982,0.000393,-3.370001,0.000027,-0.044771,-0.064235,-0.343057,0.014127,-5.081177,-0.012914,
feedback,4.788652,1786353224666,7,Ry,-5.000000,-75.000000,-5.081177,-0.081177,,,359.999908,-134.999466,479.998962,0.000429,20.000172,0.000163,359.995575,-134.999603,479.962952,0.000310,-3.410651,-0.000000,0.133443,0.031639,0.067628,-0.020142,-5.081177,-0.008080,
feedback,4.797296,1786353224674,7,Ry,-5.000000,-75.000000,-5.101776,-0.101776,,,359.999908,-134.999466,479.998962,0.000429,20.000172,0.000163,359.997162,-134.999344,479.962677,0.000360,-3.451190,0.000137,0.198633,-0.053688,0.093950,0.006871,-5.101776,-0.006453,
feedback,4.805229,1786353224682,7,Ry,-5.000000,-75.000000,-5.177307,-0.177307,,,359.999908,-134.999466,479.998962,0.000429,20.000172,0.000163,359.999695,-134.999649,479.965485,0.000333,-3.492362,0.000082,0.308675,-0.097790,0.472121,-0.021385,-5.177307,-0.008147,
feedback,4.813422,1786353224691,7,Ry,-5.000000,-75.000000,-5.081177,-0.081177,,,359.999908,-134.999466,479.998962,0.000429,20.000172,0.000163,360.004730,-134.999207,479.969482,0.000390,-3.533176,0.000137,0.634946,0.011508,0.604312,0.019733,-5.081177,0.021843,
feedback,4.821661,1786353224699,7,Ry,-5.000000,-75.000000,-5.094910,-0.094910,,,359.999908,-134.999466,479.998962,0.000429,20.000172,0.000163,360.007507,-134.999161,479.972717,0.000366,-3.574127,0.000082,0.320900,0.053691,0.291422,-0.005121,-5.094910,-0.020974,
feedback,4.830254,1786353224708,7,Ry,-5.000000,-75.000000,-4.978180,0.021820,,,359.999908,-134.999466,479.998962,0.000429,20.000172,0.000163,360.009857,-134.999771,479.974579,0.000307,-3.614090,0.000027,0.285497,-0.065196,0.221496,-0.014129,-4.978180,-0.007746,
feedback,4.837700,1786353224716,7,Ry,-5.000000,-75.000000,-5.067444,-0.067444,,,359.999908,-134.999466,479.998962,0.000429,20.000172,0.000163,360.012268,-134.999466,479.977325,0.000335,-3.654135,0.000082,0.226243,0.021093,0.330473,-0.013690,-5.067444,-0.000875,
feedback,4.846316,1786353224724,7,Ry,-5.000000,-75.000000,-5.094910,-0.094910,,,359.999908,-134.999466,479.998962,0.000429,20.000172,0.000163,360.017487,-134.999680,479.981262,0.000364,-3.714862,0.000027,0.552902,-0.043144,0.314409,0.000012,-5.094910,-0.006866,
feedback,4.855072,1786353224733,7,Ry,-5.000000,-75.000000,-5.149841,-0.149841,,,359.999908,-134.999466,479.998962,0.000429,20.000172,0.000163,360.022217,-134.999252,479.985931,0.000309,-3.755814,0.000082,0.590554,0.010548,0.597756,-0.006834,-5.149841,-0.000450,
feedback,4.862405,1786353224741,7,Ry,-5.000000,-75.000000,-5.060577,-0.060577,,,359.999908,-134.999466,479.998962,0.000429,20.000172,0.000163,360.026611,-134.998779,479.989899,0.000337,-3.796655,0.000165,0.466882,0.150533,0.418847,-0.012769,-5.060577,0.005987,
feedback,4.871947,1786353224749,7,Ry,-5.000000,-75.000000,-4.985046,0.014954,,,359.999908,-134.999466,479.998962,0.000429,20.000172,0.000163,360.029510,-134.999557,479.993286,0.000392,-3.836920,0.000055,0.278165,-0.032600,0.400460,-0.006837,-4.985046,-0.007326,
feedback,4.878565,1786353224758,7,Ry,-5.000000,-75.000000,-4.861450,0.138550,,,359.999908,-134.999466,479.998962,0.000429,20.000172,0.000163,360.031921,-134.999084,479.993561,0.000310,-3.876141,0.000110,0.241202,0.064240,0.030963,-0.012755,-4.861450,-0.007763,
feedback,4.887771,1786353224766,7,Ry,-5.000000,-75.000000,-4.957581,0.042419,,,359.999908,-134.999466,479.998962,0.000429,20.000172,0.000163,360.033142,-134.999207,479.993683,0.000280,-3.915720,0.000110,0.122540,-0.032601,-0.116228,-0.006834,-4.957581,-0.007335,
feedback,4.895448,1786353224775,7,Ry,-5.000000,-75.000000,-4.991913,0.008087,,,359.999908,-134.999466,479.998962,0.000429,20.000172,0.000163,360.033997,-134.999390,479.994019,0.000388,-3.955875,0.000137,0.032147,0.022055,-0.052646,0.013243,-4.991913,0.014664,
feedback,4.904587,1786353224783,7,Ry,-5.000000,-75.000000,-5.026245,-0.026245,,,359.999908,-134.999466,479.998962,0.000429,20.000172,0.000163,360.036072,-134.999084,479.992950,0.000306,-3.995947,0.000165,0.164649,0.010547,0.076146,-0.007787,-5.026245,0.013221,
feedback,4.911966,1786353224791,7,Ry,-5.000000,-75.000000,-5.129242,-0.129242,,,359.999908,-134.999466,479.998962,0.000429,20.000172,0.000163,360.037598,-134.999390,479.992493,0.000390,-4.036817,0.000110,0.232133,0.032602,-0.037324,0.006867,-5.129242,0.007350,
feedback,4.920377,1786353224800,7,Ry,-5.000000,-75.000000,-5.005646,-0.005646,,,359.999908,-134.999466,479.998962,0.000429,20.000172,0.000163,360.038483,-134.999435,479.990967,0.000312,-4.077191,0.000027,0.133150,-0.043147,-0.315664,0.000503,-5.005646,-0.013716,
feedback,4.929176,1786353224804,7,Ry,-5.000000,-75.000000,-5.060577,-0.060577,,,359.999908,-134.999466,479.998962,0.000429,20.000172,0.000163,360.038696,-134.999466,479.988556,0.000334,-4.137671,0.000110,0.008313,-0.032602,-0.174353,-0.007329,-5.060577,-0.000513,
feedback,4.937485,1786353224813,7,Ry,-5.000000,-75.000000,-4.985046,0.014954,,,359.999908,-134.999466,479.998962,0.000429,20.000172,0.000163,360.038025,-134.999512,479.986664,0.000365,-4.157611,0.000055,-0.170836,-0.010547,-0.473721,0.007858,-4.985046,-0.013199,
feedback,4.944705,1786353224821,7,Ry,-5.000000,-75.000000,-4.916382,0.083618,,,359.999908,-134.999466,479.998962,0.000429,20.000172,0.000163,360.036316,-134.999603,479.981018,0.000308,-4.197244,0.000055,-0.324000,-0.096842,-0.839812,0.006357,-4.916382,-0.006382,
feedback,4.953650,1786353224829,7,Ry,-5.000000,-75.000000,-4.985046,0.014954,,,359.999908,-134.999466,479.998962,0.000429,20.000172,0.000163,360.033783,-134.999512,479.974548,0.000361,-4.236905,0.000110,-0.309407,-0.032602,-0.769705,-0.007848,-4.985046,0.006322,
feedback,4.961348,1786353224838,7,Ry,-5.000000,-75.000000,-5.108642,-0.108642,,,359.999908,-134.999466,479.998962,0.000429,20.000172,0.000163,360.032410,-134.998947,479.968109,0.000336,-4.277087,0.000165,-0.134589,0.129440,-0.796464,-0.000490,-5.108643,0.027447,
feedback,4.970368,1786353224846,7,Ry,-5.000000,-75.000000,-5.094910,-0.094910,,,359.999908,-134.999466,479.998962,0.000429,20.000172,0.000163,360.031403,-134.999512,479.964142,0.000363,-4.317655,0.000082,-0.126082,-0.032601,-0.428319,-0.006832,-5.094910,-0.007383,
feedback,4.978007,1786353224855,7,Ry,-5.000000,-75.000000,-5.094910,-0.094910,,,359.999908,-134.999466,479.998962,0.000429,20.000172,0.000163,360.031158,-134.999252,479.960114,0.000308,-4.358551,0.000110,-0.023549,0.021092,-0.481342,-0.013676,-5.094910,-0.001044,
feedback,4.986402,1786353224863,7,Ry,-5.000000,-75.000000,-5.033112,-0.033112,,,359.999908,-134.999466,479.998962,0.000429,20.000172,0.000163,360.030548,-134.999680,479.956482,0.000363,-4.399173,0.000055,-0.082527,-0.010546,-0.488690,0.006858,-5.033112,0.000527,
feedback,4.994417,1786353224871,7,Ry,-5.000000,-75.000000,-5.046845,-0.046845,,,359.999908,-134.999466,479.998962,0.000429,20.000172,0.000163,360.029083,-134.999039,479.951691,0.000281,-4.439630,0.000137,-0.261151,-0.043148,-0.662699,0.000019,-5.046844,-0.006866,
feedback,5.003237,1786353224880,7,Ry,-5.000000,-75.000000,-4.868317,0.131683,,,359.999908,-134.999466,479.998962,0.000429,20.000172,0.000163,360.027069,-134.999466,479.945496,0.000336,-4.479126,0.000082,-0.290473,-0.086294,-0.852844,0.001086,-4.868317,-0.027424,
feedback,5.010688,1786353224888,7,Ry,-5.000000,-75.000000,-4.978180,0.021820,,,359.999908,-134.999466,479.998962,0.000429,20.000172,0.000163,360.022705,-134.999466,479.934570,0.000336,-4.538205,0.000082,-0.329535,-0.043147,-0.875275,-0.001072,-4.978180,0.006823,
feedback,5.019422,1786353224897,7,Ry,-5.000000,-75.000000,-5.108643,-0.108643,,,359.999908,-134.999466,479.998962,0.000429,20.000172,0.000163,360.021576,-134.999725,479.929688,0.000393,-4.578387,0.000027,-0.223003,-0.010547,-0.493101,0.006309,-5.108643,0.007393,
feedback,5.027181,1786353224905,7,Ry,-5.000000,-75.000000,-5.060577,-0.060577,,,359.999908,-134.999466,479.998962,0.000429,20.000172,0.000163,360.022583,-134.999466,479.927185,0.000334,-4.618845,0.000110,0.114446,0.043146,-0.265477,-0.000538,-5.060577,0.013711,
feedback,5.035726,1786353224913,7,Ry,-5.000000,-75.000000,-5.012512,-0.012512,,,359.999908,-134.999466,479.998962,0.000429,20.000172,0.000163,360.023529,-134.999680,479.925720,0.000362,-4.659247,0.000082,0.166097,-0.010546,-0.253357,0.005740,-5.012512,0.014245,
feedback,5.043360,1786353224922,7,Ry,-5.000000,-75.000000,-4.985046,0.014954,,,359.999908,-134.999466,479.998962,0.000429,20.000172,0.000163,360.023926,-134.999390,479.923767,0.000394,-4.699292,0.000082,0.072804,0.075746,-0.277945,0.006298,-4.985046,0.021139,
feedback,5.052048,1786353224930,7,Ry,-5.000000,-75.000000,-4.985046,0.014954,,,359.999908,-134.999466,479.998962,0.000429,20.000172,0.000163,360.023590,-134.999130,479.920410,0.000334,-4.738843,0.000165,-0.067455,0.043146,-0.480042,-0.001683,-4.985046,0.027395,
feedback,5.059655,1786353224939,7,Ry,-5.000000,-75.000000,-4.978180,0.021820,,,359.999908,-134.999466,479.998962,0.000429,20.000172,0.000163,360.023499,-134.999344,479.917267,0.000357,-4.778174,0.000192,0.111592,0.043146,-0.476217,-0.001699,-4.978180,0.027394,
feedback,5.068476,1786353224947,7,Ry,-5.000000,-75.000000,-4.964447,0.035553,,,359.999908,-134.999466,479.998962,0.000429,20.000172,0.000163,360.024567,-134.999512,479.916504,0.000364,-4.817780,0.000082,0.129374,-0.043146,-0.140186,0.000014,-4.964447,-0.006866,
feedback,5.076945,1786353224955,7,Ry,-5.000000,-75.000000,-5.081177,-0.081177,,,359.999908,-134.999466,479.998962,0.000429,20.000172,0.000163,360.027954,-134.999344,479.917877,0.000364,-4.858319,0.000110,0.419448,0.000001,0.263973,0.000017,-5.081177,0.000000,
feedback,5.085035,1786353224964,7,Ry,-5.000000,-75.000000,-5.019379,-0.019379,,,359.999908,-134.999466,479.998962,0.000429,20.000172,0.000163,360.031158,-134.999252,479.919067,0.000309,-4.898392,0.000110,0.373728,0.053694,0.165670,-0.006825,-5.019379,0.006280,
feedback,5.092380,1786353224968,7,Ry,-5.000000,-75.000000,-4.888916,0.111084,,,359.999908,-134.999466,479.998962,0.000429,20.000172,0.000163,360.033356,-134.999466,479.919922,0.000337,-4.937723,0.000082,0.224440,-0.043147,0.078449,0.000014,-4.888916,-0.006866,
feedback,5.101217,1786353224976,7,Ry,-5.000000,-75.000000,-4.875183,0.124817,,,359.999908,-134.999466,479.998962,0.000429,20.000172,0.000163,360.035278,-134.999420,479.920013,0.000419,-4.976834,0.000110,0.238110,-0.031638,-0.110057,0.021134,-4.875183,-0.005054,
feedback,5.108877,1786353224985,7,Ry,-5.000000,-75.000000,-4.909515,0.090485,,,359.999908,-134.999466,479.998962,0.000429,20.000172,0.000163,360.036987,-134.999634,479.921326,0.000447,-5.016248,0.000082,0.222769,-0.021092,0.119730,0.013094,-4.909515,0.008041,
feedback,5.117416,1786353224993,7,Ry,-5.000000,-75.000000,-5.019379,-0.019379,,,359.999908,-134.999466,479.998962,0.000429,20.000172,0.000163,360.040070,-134.999512,479.922821,0.000364,-5.055991,0.000082,0.393767,0.043149,0.339592,-0.001196,-5.019379,0.020546,
feedback,5.124990,1786353225002,7,Ry,-5.000000,-75.000000,-5.115509,-0.115509,,,359.999908,-134.999466,479.998962,0.000429,20.000172,0.000163,360.044159,-134.999390,479.926025,0.000280,-5.096695,0.000110,0.492126,-0.032601,0.523329,-0.007435,-5.115509,-0.000637,
feedback,5.133930,1786353225010,7,Ry,-5.000000,-75.000000,-5.101776,-0.101776,,,359.999908,-134.999466,479.998962,0.000429,20.000172,0.000163,360.049133,-134.999649,479.930298,0.000337,-5.137509,0.000055,0.581916,-0.096843,0.593079,0.006851,-5.101776,-0.013118,
feedback,5.141317,1786353225019,7,Ry,-5.000000,-75.000000,-5.019379,-0.019379,,,359.999908,-134.999466,479.998962,0.000429,20.000172,0.000163,360.053009,-134.999344,479.933228,0.000365,-5.177939,0.000110,0.409411,-0.010545,0.274159,0.006855,-5.019379,0.000620,
feedback,5.150275,1786353225027,7,Ry,-5.000000,-75.000000,-5.046844,-0.046844,,,359.999908,-134.999466,479.998962,0.000429,20.000172,0.000163,360.055084,-134.999390,479.934235,0.000390,-5.218176,0.000137,0.164049,0.032604,0.119281,0.005606,-5.046844,0.021167,
feedback,5.157735,1786353225035,7,Ry,-5.000000,-75.000000,-5.053711,-0.053711,,,359.999908,-134.999466,479.998962,0.000429,20.000172,0.000163,360.056458,-134.999298,479.935059,0.000335,-5.258496,0.000137,0.188924,-0.043149,0.109783,-0.000612,-5.053711,-0.000029,
feedback,5.166244,1786353225044,7,Ry,-5.000000,-75.000000,-5.136108,-0.136108,,,359.999908,-134.999466,479.998962,0.000429,20.000172,0.000163,360.059418,-134.999252,479.935913,0.000310,-5.320102,0.000110,0.325396,0.064244,-0.019407,-0.013657,-5.136108,0.005593,
feedback,5.174014,1786353225053,7,Ry,-5.000000,-75.000000,-5.232239,-0.232239,,,359.999908,-134.999466,479.998962,0.000429,20.000172,0.000163,360.062286,-134.998779,479.937347,0.000337,-5.361905,0.000192,0.358791,0.010548,0.214269,-0.006170,-5.232239,-0.007478,
feedback,5.182767,1786353225061,7,Ry,-5.000000,-75.000000,-5.225372,-0.225372,,,359.999908,-134.999466,479.998962,0.000429,20.000172,0.000163,360.065338,-134.999039,479.938995,0.000395,-5.403983,0.000137,0.445693,0.065212,0.201913,0.014341,-5.225372,0.008190,
feedback,5.190480,1786353225069,7,Ry,-5.000000,-75.000000,-5.197906,-0.197906,,,359.999908,-134.999466,479.998962,0.000429,20.000172,0.000163,360.066833,-134.999207,479.938965,0.000392,-5.445401,0.000137,0.121283,-0.031638,0.094023,0.019875,-5.197906,0.008790,
feedback,5.199176,1786353225078,7,Ry,-5.000000,-75.000000,-5.101776,-0.101776,,,359.999908,-134.999466,479.998962,0.000429,20.000172,0.000163,360.066620,-134.999207,479.938599,0.000395,-5.486490,0.000109,0.051067,0.096849,-0.153066,-0.006159,-5.101776,0.006241,
feedback,5.206737,1786353225086,7,Ry,-5.000000,-75.000000,-5.094910,-0.094910,,,359.999908,-134.999466,479.998962,0.000429,20.000172,0.000163,360.065063,-134.999680,479.937469,0.000368,-5.527222,0.000027,-0.238067,-0.162058,-0.106722,-0.006161,-5.094910,-0.034962,
feedback,5.215587,1786353225095,7,Ry,-5.000000,-75.000000,-5.225372,-0.225372,,,359.999908,-134.999466,479.998962,0.000429,20.000172,0.000163,360.064270,-134.999207,479.936371,0.000395,-5.568832,0.000109,-0.079599,0.118906,0.025033,0.006854,-5.225372,0.021266,
feedback,5.222942,1786353225099,7,Ry,-5.000000,-75.000000,-5.142975,-0.142975,,,359.999908,-134.999466,479.998962,0.000429,20.000172,0.000163,360.063293,-134.999512,479.935272,0.000370,-5.589404,0.000027,-0.242670,-0.075756,-0.276566,-0.006150,-5.142975,-0.021236,
feedback,5.231659,1786353225107,7,Ry,-5.000000,-75.000000,-5.218506,-0.218506,,,359.999908,-134.999466,479.998962,0.000429,20.000172,0.000163,360.061493,-134.999512,479.934540,0.000368,-5.630933,0.000054,-0.193570,-0.000001,0.086539,0.000689,-5.218506,-0.006833,
feedback,5.239357,1786353225116,7,Ry,-5.000000,-75.000000,-5.287171,-0.287171,,,359.999908,-134.999466,479.998962,0.000429,20.000172,0.000163,360.059753,-134.999634,479.934570,0.000450,-5.672818,0.000054,-0.316851,-0.064243,-0.103085,0.015038,-5.287170,-0.019175,
feedback,5.247690,1786353225124,7,Ry,-5.000000,-75.000000,-5.136108,-0.136108,,,359.999908,-134.999466,479.998962,0.000429,20.000172,0.000163,360.055725,-134.999420,479.935822,0.000420,-5.735303,0.000109,-0.447808,0.010545,0.030396,-0.007501,-5.136108,0.006146,
feedback,5.255919,1786353225132,7,Ry,-5.000000,-75.000000,-5.046844,-0.046844,,,359.999908,-134.999466,479.998962,0.000429,20.000172,0.000163,360.052704,-134.999420,479.935486,0.000418,-5.776227,0.000137,-0.381993,0.075752,-0.181967,0.006157,-5.046844,0.021256,
feedback,5.264563,1786353225141,7,Ry,-5.000000,-75.000000,-5.053711,-0.053711,,,359.999908,-134.999466,479.998962,0.000429,20.000172,0.000163,360.048920,-134.999725,479.934143,0.000396,-5.816629,0.000027,-0.565151,-0.172597,-0.149752,0.001404,-5.053711,-0.041128,
feedback,5.272731,1786353225149,7,Ry,-5.000000,-75.000000,-4.971314,0.028686,,,359.999908,-134.999466,479.998962,0.000429,20.000172,0.000163,360.044739,-134.999771,479.929932,0.000420,-5.856317,0.000054,-0.584440,-0.183142,-0.536286,0.006843,-4.971313,-0.026765,
feedback,5.280863,1786353225158,7,Ry,-5.000000,-75.000000,-5.012512,-0.012512,,,359.999908,-134.999466,479.998962,0.000429,20.000172,0.000163,360.041656,-134.999435,479.926422,0.000308,-5.896417,0.000110,-0.313653,-0.043149,-0.380404,-0.000691,-5.012512,-0.000036,
feedback,5.289222,1786353225166,7,Ry,-5.000000,-75.000000,-5.067444,-0.067444,,,359.999908,-134.999466,479.998962,0.000429,20.000172,0.000163,360.040344,-134.999130,479.924438,0.000338,-5.936655,0.000137,-0.070894,0.021092,-0.129782,-0.013640,-5.067444,-0.001420,
feedback,5.297474,1786353225175,7,Ry,-5.000000,-75.000000,-5.074310,-0.074310,,,359.999908,-134.999466,479.998962,0.000429,20.000172,0.000163,360.039581,-134.999649,479.922272,0.000341,-5.977139,0.000027,-0.056854,-0.000000,-0.298268,0.000727,-5.074310,-0.006829,
feedback,5.306246,1786353225183,7,Ry,-5.000000,-75.000000,-5.019379,-0.019379,,,359.999908,-134.999466,479.998962,0.000429,20.000172,0.000163,360.039886,-134.999390,479.920929,0.000396,-6.017267,0.000082,0.143393,0.000000,-0.160764,0.000017,-5.019379,-0.000000,
feedback,5.313218,1786353225191,7,Ry,-5.000000,-75.000000,-4.936981,0.063019,,,359.999908,-134.999466,479.998962,0.000429,20.000172,0.000163,360.039551,-134.999207,479.918640,0.000393,-6.056900,0.000137,-0.090284,-0.086296,-0.296238,-0.000706,-4.936981,-0.006905,
feedback,5.322579,1786353225200,7,Ry,-5.000000,-75.000000,-4.875183,0.124817,,,359.999908,-134.999466,479.998962,0.000429,20.000172,0.000163,360.038483,-134.998947,479.917023,0.000338,-6.096286,0.000164,-0.086660,0.086295,-0.302166,0.000021,-4.875183,0.013733,
feedback,5.329549,1786353225208,7,Ry,-5.000000,-75.000000,-4.840851,0.159149,,,359.999908,-134.999466,479.998962,0.000429,20.000172,0.000163,360.036194,-134.999161,479.914825,0.000363,-6.134683,0.000164,-0.363273,0.011508,-0.269353,0.019766,-4.840851,0.015895,
feedback,5.339498,1786353225217,7,Ry,-5.000000,-75.000000,-4.895782,0.104218,,,359.999908,-134.999466,479.998962,0.000429,20.000172,0.000163,360.035126,-134.999130,479.912689,0.000339,-6.193048,0.000137,0.013307,0.010546,-0.027783,-0.007548,-4.895782,0.006086,
feedback,5.345878,1786353225225,7,Ry,-5.000000,-75.000000,-4.943847,0.056153,,,359.999908,-134.999466,479.998962,0.000429,20.000172,0.000163,360.036224,-134.998993,479.914185,0.000366,-6.232626,0.000164,0.271977,0.162045,0.263872,0.006102,-4.943848,0.035037,
feedback,5.354071,1786353225233,7,Ry,-5.000000,-75.000000,-4.971314,0.028686,,,359.999908,-134.999466,479.998962,0.000429,20.000172,0.000163,360.037842,-134.999161,479.915924,0.000366,-6.272232,0.000137,0.280782,-0.010545,0.367408,0.007595,-4.971313,-0.006075,
feedback,5.362736,1786353225242,7,Ry,-5.000000,-75.000000,-4.882049,0.117951,,,359.999908,-134.999466,479.998962,0.000429,20.000172,0.000163,360.038666,-134.998611,479.917419,0.000336,-6.311399,0.000247,0.130503,0.172592,0.122008,-0.000729,-4.882050,0.034291,
feedback,5.371838,1786353225250,7,Ry,-5.000000,-75.000000,-4.847717,0.152283,,,359.999908,-134.999466,479.998962,0.000429,20.000172,0.000163,360.038055,-134.999344,479.918793,0.000369,-6.350263,0.000082,-0.066356,-0.032602,0.205329,-0.006808,-4.847717,-0.007626,
feedback,5.378527,1786353225258,7,Ry,-5.000000,-75.000000,-4.895783,0.104217,,,359.999908,-134.999466,479.998962,0.000429,20.000172,0.000163,360.036102,-134.999771,479.919556,0.000430,-6.389374,-0.000028,-0.222258,-0.117934,0.145027,0.022776,-4.895782,-0.031912,
feedback,5.387483,1786353225263,7,Ry,-5.000000,-75.000000,-4.950714,0.049286,,,359.999908,-134.999466,479.998962,0.000429,20.000172,0.000163,360.035583,-134.998947,479.920776,0.000339,-6.409177,0.000164,-0.128979,0.204227,0.305033,-0.022749,-4.950714,0.045637,
feedback,5.395208,1786353225271,7,Ry,-5.000000,-75.000000,-5.060577,-0.060577,,,359.999908,-134.999466,479.998962,0.000429,20.000172,0.000163,360.035614,-134.998871,479.924164,0.000287,-6.449194,0.000137,0.128443,0.204229,0.415914,-0.021218,-5.060577,0.031975,
feedback,5.403586,1786353225279,7,Ry,-5.000000,-75.000000,-5.060577,-0.060577,,,359.999908,-134.999466,479.998962,0.000429,20.000172,0.000163,360.036285,-134.999344,479.927887,0.000366,-6.489789,0.000109,0.088967,-0.010546,0.447191,0.006063,-5.060577,0.007599,
feedback,5.411065,1786353225288,7,Ry,-5.000000,-75.000000,-5.149841,-0.149841,,,359.999908,-134.999466,479.998962,0.000429,20.000172,0.000163,360.037567,-134.999298,479.931183,0.000342,-6.530795,0.000082,0.094460,0.086296,0.377779,0.000798,-5.149841,0.006911,
feedback,5.420031,1786353225296,7,Ry,-5.000000,-75.000000,-5.026245,-0.026245,,,359.999908,-134.999466,479.998962,0.000429,20.000172,0.000163,360.037292,-134.999466,479.932831,0.000339,-6.571198,0.000082,-0.048558,0.010546,0.033676,-0.008378,-5.026245,0.012857,
feedback,5.427728,1786353225305,7,Ry,-5.000000,-75.000000,-5.122375,-0.122375,,,359.999908,-134.999466,479.998962,0.000429,20.000172,0.000163,360.035400,-134.999466,479.935272,0.000336,-6.632199,0.000109,-0.239298,-0.011510,0.173471,-0.022033,-5.122375,0.004395,
feedback,5.436412,1786353225313,7,Ry,-5.000000,-75.000000,-5.204773,-0.204773,,,359.999908,-134.999466,479.998962,0.000429,20.000172,0.000163,360.034302,-134.999680,479.937378,0.000367,-6.673343,0.000054,-0.044919,-0.096841,0.304088,0.006034,-5.204773,-0.006115,
feedback,5.444053,1786353225321,7,Ry,-5.000000,-75.000000,-5.197907,-0.197907,,,359.999908,-134.999466,479.998962,0.000429,20.000172,0.000163,360.033844,-134.999344,479.940125,0.000367,-6.715036,0.000109,-0.019086,-0.010546,0.375834,0.008443,-5.197906,-0.012836,
feedback,5.452812,1786353225330,7,Ry,-5.000000,-75.000000,-5.294037,-0.294037,,,359.999908,-134.999466,479.998962,0.000429,20.000172,0.000163,360.034973,-134.999680,479.943268,0.000364,-6.757690,0.000082,0.224277,-0.075748,0.517489,-0.008422,-5.294037,-0.000903,
feedback,5.460206,1786353225338,7,Ry,-5.000000,-75.000000,-5.280304,-0.280304,,,359.999908,-134.999466,479.998962,0.000429,20.000172,0.000163,360.036499,-134.999298,479.947052,0.000343,-6.800235,0.000082,0.173635,0.010547,0.285884,-0.005987,-5.280304,-0.007631,
feedback,5.469243,1786353225347,7,Ry,-5.000000,-75.000000,-5.314636,-0.314636,,,359.999908,-134.999466,479.998962,0.000429,20.000172,0.000163,360.037231,-134.999435,479.950470,0.000312,-6.842532,0.000082,0.080107,-0.053694,0.507701,0.006015,-5.314636,0.000769,
feedback,5.476544,1786353225356,7,Ry,-5.000000,-75.000000,-5.294037,-0.294037,,,359.999908,-134.999466,479.998962,0.000429,20.000172,0.000163,360.035950,-134.999207,479.951538,0.000401,-6.884336,0.000081,-0.199860,-0.064240,0.232304,0.016123,-5.294037,-0.025671,
feedback,5.485448,1786353225364,7,Ry,-5.000000,-75.000000,-5.287170,-0.287170,,,359.999908,-134.999466,479.998962,0.000429,20.000172,0.000163,360.033997,-134.998917,479.953461,0.000319,-6.947562,0.000109,-0.180752,0.108349,0.235500,0.014485,-5.287170,0.015444,
feedback,5.493030,1786353225373,7,Ry,-5.000000,-75.000000,-5.273438,-0.273438,,,359.999908,-134.999466,479.998962,0.000429,20.000172,0.000163,360.032196,-134.999344,479.953430,0.000367,-6.989722,0.000109,-0.184559,-0.064240,-0.038021,0.012813,-5.273438,0.001620,
feedback,5.502057,1786353225377,7,Ry,-5.000000,-75.000000,-5.307770,-0.307770,,,359.999908,-134.999466,479.998962,0.000429,20.000172,0.000163,360.032501,-134.999084,479.954346,0.000319,-7.010953,0.000081,0.076465,0.064240,0.227759,-0.011934,-5.307770,-0.008440,
feedback,5.509685,1786353225386,7,Ry,-5.000000,-75.000000,-5.362701,-0.362701,,,359.999908,-134.999466,479.998962,0.000429,20.000172,0.000163,360.033264,-134.999298,479.956299,0.000340,-7.053607,0.000109,0.103434,-0.043147,0.210194,-0.000825,-5.362701,-0.000052,
feedback,5.518144,1786353225394,7,Ry,-5.000000,-75.000000,-5.273438,-0.273438,,,359.999908,-134.999466,479.998962,0.000429,20.000172,0.000163,360.033997,-134.999512,479.958160,0.000367,-7.095932,0.000082,0.076498,-0.074785,0.267005,0.021305,-5.273438,-0.011136,
feedback,5.525838,1786353225403,7,Ry,-5.000000,-75.000000,-5.211639,-0.211639,,,359.999908,-134.999466,479.998962,0.000429,20.000172,0.000163,360.033508,-134.999390,479.959808,0.000285,-7.137625,0.000082,-0.134005,0.042184,0.177158,-0.026385,-5.211639,-0.010226,
feedback,5.534508,1786353225411,7,Ry,-5.000000,-75.000000,-5.108643,-0.108643,,,359.999908,-134.999466,479.998962,0.000429,20.000172,0.000163,360.032104,-134.999084,479.960571,0.000313,-7.178769,0.000137,-0.170641,0.011508,0.013207,0.019599,-5.108643,0.016253,
feedback,5.542167,1786353225419,7,Ry,-5.000000,-75.000000,-5.204773,-0.204773,,,359.999908,-134.999466,479.998962,0.000429,20.000172,0.000163,360.030060,-134.999390,479.962036,0.000289,-7.220187,0.000054,-0.280565,0.021091,0.103376,-0.012746,-5.204773,-0.008538,
feedback,5.550849,1786353225428,7,Ry,-5.000000,-75.000000,-5.197906,-0.197906,,,359.999908,-134.999466,479.998962,0.000429,20.000172,0.000163,360.028229,-134.999130,479.963013,0.000337,-7.261359,0.000164,-0.301569,0.129438,-0.018157,-0.000848,-5.197906,0.027411,
feedback,5.558436,1786353225437,7,Ry,-5.000000,-75.000000,-5.136108,-0.136108,,,359.999908,-134.999466,479.998962,0.000429,20.000172,0.000163,360.026581,-134.999390,479.965302,0.000402,-7.322937,0.000054,-0.058627,-0.021092,0.363048,0.014513,-5.136108,-0.005060,
feedback,5.567267,1786353225445,7,Ry,-5.000000,-75.000000,-5.067444,-0.067444,,,359.999908,-134.999466,479.998962,0.000429,20.000172,0.000163,360.026031,-134.999557,479.967255,0.000282,-7.363532,0.000082,-0.141352,-0.087255,0.222335,-0.028987,-5.067444,-0.010500,
feedback,5.575028,1786353225454,7,Ry,-5.000000,-75.000000,-5.005646,-0.005646,,,359.999908,-134.999466,479.998962,0.000429,20.000172,0.000163,360.025543,-134.999161,479.968872,0.000371,-7.403687,0.000109,-0.093727,-0.000000,0.225890,0.000019,-5.005646,-0.000000,
feedback,5.583922,1786353225462,7,Ry,-5.000000,-75.000000,-4.930115,0.069885,,,359.999908,-134.999466,479.998962,0.000429,20.000172,0.000163,360.024963,-134.999207,479.970276,0.000392,-7.443155,0.000164,0.010705,0.097800,0.050774,0.020445,-4.930115,0.023268,
feedback,5.591402,1786353225471,7,Ry,-5.000000,-75.000000,-4.902649,0.097351,,,359.999908,-134.999466,479.998962,0.000429,20.000172,0.000163,360.023041,-134.998611,479.970306,0.000344,-7.482294,0.000191,-0.155937,0.150529,0.051499,-0.014484,-4.902649,0.025619,
feedback,5.599754,1786353225479,7,Ry,-5.000000,-75.000000,-4.888916,0.111084,,,359.999908,-134.999466,479.998962,0.000429,20.000172,0.000163,360.019684,-134.999207,479.969391,0.000395,-7.521103,0.000137,-0.269198,0.000960,0.097007,0.026350,-4.888916,0.017269,
feedback,5.607728,1786353225487,7,Ry,-5.000000,-75.000000,-4.923248,0.076752,,,359.999908,-134.999466,479.998962,0.000429,20.000172,0.000163,360.018097,-134.999390,479.969666,0.000286,-7.560269,0.000082,-0.171198,-0.065199,0.135091,-0.013599,-4.923248,-0.015540,
feedback,5.616928,1786353225496,7,Ry,-5.000000,-75.000000,-4.950714,0.049286,,,359.999908,-134.999466,479.998962,0.000429,20.000172,0.000163,360.017914,-134.999344,479.971741,0.000364,-7.599655,0.000137,-0.158938,-0.096837,0.322866,0.005915,-4.950714,-0.006019,
feedback,5.624846,1786353225504,7,Ry,-5.000000,-75.000000,-4.936981,0.063019,,,359.999908,-134.999466,479.998962,0.000429,20.000172,0.000163,360.018799,-134.999344,479.973389,0.000372,-7.639178,0.000081,0.111198,0.086291,0.285536,0.000929,-4.936981,0.006927,
feedback,5.633371,1786353225513,7,Ry,-5.000000,-75.000000,-4.895783,0.104217,,,359.999908,-134.999466,479.998962,0.000429,20.000172,0.000163,360.018494,-134.999649,479.975769,0.000337,-7.697900,0.000082,-0.158968,-0.108344,0.156601,-0.014517,-4.895782,-0.015634,
feedback,5.640872,1786353225517,7,Ry,-5.000000,-75.000000,-4.875183,0.124817,,,359.999908,-134.999466,479.998962,0.000429,20.000172,0.000163,360.016876,-134.999252,479.975952,0.000317,-7.736984,0.000081,-0.245159,0.010545,0.024056,-0.006788,-4.875183,-0.000924,
feedback,5.649568,1786353225525,7,Ry,-5.000000,-75.000000,-4.840851,0.159149,,,359.999908,-134.999466,479.998962,0.000429,20.000172,0.000163,360.015839,-134.999466,479.975708,0.000345,-7.756348,0.000054,-0.258225,-0.053692,-0.058723,0.006818,-4.840851,-0.005940,
feedback,5.657313,1786353225534,7,Ry,-5.000000,-75.000000,-4.861450,0.138550,,,359.999908,-134.999466,479.998962,0.000429,20.000172,0.000163,360.013214,-134.999466,479.975922,0.000345,-7.794992,0.000054,-0.323709,-0.010547,0.161172,0.007748,-4.861450,-0.005872,
feedback,5.665921,1786353225542,7,Ry,-5.000000,-75.000000,-4.950714,0.049286,,,359.999908,-134.999466,479.998962,0.000429,20.000172,0.000163,360.012238,-134.999298,479.975952,0.000345,-7.834351,0.000081,-0.106287,0.064236,-0.001349,-0.012652,-4.950714,-0.001808,
feedback,5.673535,1786353225551,7,Ry,-5.000000,-75.000000,-5.115509,-0.115509,,,359.999908,-134.999466,479.998962,0.000429,20.000172,0.000163,360.012054,-134.999084,479.976959,0.000321,-7.874451,0.000081,0.003425,0.022052,0.126475,0.014564,-5.115509,0.001946,
feedback,5.682381,1786353225559,7,Ry,-5.000000,-75.000000,-5.046845,-0.046845,,,359.999908,-134.999466,479.998962,0.000429,20.000172,0.000163,360.012360,-134.999649,479.978271,0.000345,-7.914908,0.000026,-0.045559,-0.194631,0.213657,-0.011699,-5.046844,-0.049825,
feedback,5.689890,1786353225567,7,Ry,-5.000000,-75.000000,-5.033112,-0.033112,,,359.999908,-134.999466,479.998962,0.000429,20.000172,0.000163,360.012939,-134.999466,479.978516,0.000341,-7.955228,0.000082,0.064492,-0.065197,-0.060081,-0.013586,-5.033112,-0.015634,
feedback,5.698892,1786353225576,7,Ry,-5.000000,-75.000000,-4.978180,0.021820,,,359.999908,-134.999466,479.998962,0.000429,20.000172,0.000163,360.010803,-134.999466,479.977356,0.000333,-7.995273,0.000137,-0.293703,-0.096836,-0.183054,0.005859,-4.978180,-0.005978,
feedback,5.706827,1786353225584,7,Ry,-5.000000,-75.000000,-5.053711,-0.053711,,,359.999908,-134.999466,479.998962,0.000429,20.000172,0.000163,360.006256,-134.999298,479.973938,0.000337,-8.055643,0.000137,-0.453604,0.053689,-0.376880,-0.007744,-5.053711,0.012703,
feedback,5.715228,1786353225593,7,Ry,-5.000000,-75.000000,-5.074310,-0.074310,,,359.999908,-134.999466,479.998962,0.000429,20.000172,0.000163,360.004456,-134.999161,479.972076,0.000373,-8.096292,0.000109,-0.142011,-0.010547,-0.222410,0.006817,-5.074310,0.000967,
feedback,5.723098,1786353225601,7,Ry,-5.000000,-75.000000,-5.191040,-0.191040,,,359.999908,-134.999466,479.998962,0.000429,20.000172,0.000163,360.003723,-134.999512,479.971619,0.000373,-8.137876,0.000054,-0.025393,-0.096833,-0.111453,0.007784,-5.191040,-0.019558,
feedback,5.731546,1786353225609,7,Ry,-5.000000,-75.000000,-5.197906,-0.197906,,,359.999908,-134.999466,479.998962,0.000429,20.000172,0.000163,360.004669,-134.999039,479.971497,0.000290,-8.179541,0.000109,0.101506,0.064236,-0.086955,-0.012596,-5.197906,-0.001884,
feedback,5.739406,1786353225618,7,Ry,-5.000000,-75.000000,-5.184173,-0.184173,,,359.999908,-134.999466,479.998962,0.000429,20.000172,0.000163,360.005737,-134.998947,479.971985,0.000341,-8.221344,0.000164,0.130817,0.193668,-0.032745,-0.014551,-5.184174,0.032298,
feedback,5.747401,1786353225626,7,Ry,-5.000000,-75.000000,-5.177307,-0.177307,,,359.999908,-134.999466,479.998962,0.000429,20.000172,0.000163,360.005615,-134.999161,479.971497,0.000365,-8.262708,0.000164,0.045953,0.097793,-0.154653,0.019419,-5.177307,0.030355,
feedback,5.755918,1786353225634,7,Ry,-5.000000,-75.000000,-5.170441,-0.170441,,,359.999908,-134.999466,479.998962,0.000429,20.000172,0.000163,360.004700,-134.999084,479.970245,0.000314,-8.304071,0.000136,-0.075319,0.095874,-0.124984,-0.033952,-5.170441,0.001908,
feedback,5.764079,1786353225643,7,Ry,-5.000000,-75.000000,-5.211639,-0.211639,,,359.999908,-134.999466,479.998962,0.000429,20.000172,0.000163,360.003265,-134.999298,479.969635,0.000338,-8.345434,0.000137,-0.157074,-0.000001,-0.162988,-0.001976,-5.211639,0.013587,
feedback,5.773262,1786353225651,7,Ry,-5.000000,-75.000000,-5.211639,-0.211639,,,359.999908,-134.999466,479.998962,0.000429,20.000172,0.000163,360.003601,-134.999390,479.969208,0.000283,-8.386935,0.000109,0.154467,0.042185,-0.028597,-0.028159,-5.211639,0.002787,
feedback,5.780113,1786353225660,7,Ry,-5.000000,-75.000000,-5.335236,-0.335236,,,359.999908,-134.999466,479.998962,0.000429,20.000172,0.000163,360.005096,-134.999344,479.970978,0.000369,-8.429095,0.000109,0.168720,0.043144,0.107796,-0.000989,-5.335236,0.013659,
feedback,5.789074,1786353225668,7,Ry,-5.000000,-75.000000,-5.307770,-0.307770,,,359.999908,-134.999466,479.998962,0.000429,20.000172,0.000163,360.007843,-134.999512,479.973785,0.000361,-8.471420,0.000137,0.349821,0.032599,0.498473,0.004784,-5.307770,0.021461,
feedback,5.796891,1786353225672,7,Ry,-5.000000,-75.000000,-5.211639,-0.211639,,,359.999908,-134.999466,479.998962,0.000429,20.000172,0.000163,360.009308,-134.999390,479.974396,0.000401,-8.513113,0.000081,0.087218,0.000000,0.200290,0.000017,-5.211639,0.000000,
feedback,5.805587,1786353225681,7,Ry,-5.000000,-75.000000,-5.129242,-0.129242,,,359.999908,-134.999466,479.998962,0.000429,20.000172,0.000163,360.009674,-134.999344,479.974762,0.000361,-8.554422,0.000164,0.048838,0.000000,-0.035269,-0.001004,-5.129242,0.006790,
feedback,5.812883,1786353225689,7,Ry,-5.000000,-75.000000,-5.177307,-0.177307,,,359.999908,-134.999466,479.998962,0.000429,20.000172,0.000163,360.009460,-134.999603,479.974976,0.000416,-8.595648,0.000137,-0.102327,-0.053691,-0.005148,0.004752,-5.177307,0.007738,
feedback,5.821800,1786353225698,7,Ry,-5.000000,-75.000000,-5.142975,-0.142975,,,359.999908,-134.999466,479.998962,0.000429,20.000172,0.000163,360.010071,-134.999771,479.975311,0.000425,-8.637094,0.000054,0.090937,-0.128473,0.157064,0.027167,-5.142975,-0.009608,
feedback,5.829735,1786353225706,7,Ry,-5.000000,-75.000000,-5.074310,-0.074310,,,359.999908,-134.999466,479.998962,0.000429,20.000172,0.000163,360.011780,-134.998993,479.978790,0.000361,-8.678210,0.000219,0.406164,0.117929,0.305665,-0.022414,-5.074310,0.024200,
feedback,5.837934,1786353225714,7,Ry,-5.000000,-75.000000,-5.177307,-0.177307,,,359.999908,-134.999466,479.998962,0.000429,20.000172,0.000163,360.014069,-134.999207,479.981689,0.000397,-8.719821,0.000136,0.331283,0.011508,0.539579,0.022463,-5.177307,-0.003585,
feedback,5.845662,1786353225723,7,Ry,-5.000000,-75.000000,-5.129242,-0.129242,,,359.999908,-134.999466,479.998962,0.000429,20.000172,0.000163,360.016388,-134.999252,479.986237,0.000319,-8.760773,0.000081,0.254949,0.031639,0.537691,-0.019296,-5.129242,-0.009924,
feedback,5.854268,1786353225731,7,Ry,-5.000000,-75.000000,-5.060577,-0.060577,,,359.999908,-134.999466,479.998962,0.000429,20.000172,0.000163,360.017944,-134.999298,479.988647,0.000444,-8.801257,0.000192,0.190991,0.044107,0.388630,0.024010,-5.060577,0.038292,
feedback,5.861849,1786353225740,7,Ry,-5.000000,-75.000000,-5.046845,-0.046845,,,359.999908,-134.999466,479.998962,0.000429,20.000172,0.000163,360.017487,-134.999863,479.990906,0.000378,-8.841275,-0.000029,-0.003408,0.021092,0.112923,-0.010394,-5.046844,-0.022465,
feedback,5.870758,1786353225748,7,Ry,-5.000000,-75.000000,-4.998779,0.001221,,,359.999908,-134.999466,479.998962,0.000429,20.000172,0.000163,360.017365,-134.999466,479.993774,0.000342,-8.881238,0.000081,-0.044086,0.031638,0.423724,-0.018218,-4.998779,-0.016749,
feedback,5.879745,1786353225756,7,Ry,-5.000000,-75.000000,-4.957581,0.042419,,,359.999908,-134.999466,479.998962,0.000429,20.000172,0.000163,360.018524,-134.999557,479.997559,0.000288,-8.941360,0.000054,0.066227,-0.108344,0.127926,-0.013554,-4.957581,-0.022734,
feedback,5.887485,1786353225765,7,Ry,-5.000000,-75.000000,-5.005646,-0.005646,,,359.999908,-134.999466,479.998962,0.000429,20.000172,0.000163,360.019714,-134.999130,480.001526,0.000343,-8.981433,0.000136,0.235939,0.096838,0.345607,-0.005691,-5.005646,0.005879,
feedback,5.894705,1786353225773,7,Ry,-5.000000,-75.000000,-4.964447,0.035553,,,359.999908,-134.999466,479.998962,0.000429,20.000172,0.000163,360.021606,-134.998993,480.003906,0.000374,-9.021204,0.000136,0.237265,-0.031637,0.218929,0.020366,-4.964447,0.003230,
feedback,5.902885,1786353225782,7,Ry,-5.000000,-75.000000,-4.950714,0.049286,,,359.999908,-134.999466,479.998962,0.000429,20.000172,0.000163,360.022156,-134.999252,480.005585,0.000311,-9.060644,0.000137,0.135618,0.000000,0.230873,0.000017,-4.950714,-0.000000,
feedback,5.911053,1786353225790,7,Ry,-5.000000,-75.000000,-4.868317,0.131683,,,359.999908,-134.999466,479.998962,0.000429,20.000172,0.000163,360.022217,-134.999390,480.006317,0.000288,-9.099591,0.000081,0.010763,0.043146,0.011712,-0.001072,-4.868317,0.013646,
feedback,5.919557,1786353225799,7,Ry,-5.000000,-75.000000,-4.868317,0.131683,,,359.999908,-134.999466,479.998962,0.000429,20.000172,0.000163,360.021057,-134.999298,480.005493,0.000343,-9.138647,0.000109,-0.220009,-0.053693,-0.237042,0.006796,-4.868317,-0.005776,
feedback,5.927568,1786353225807,7,Ry,-5.000000,-75.000000,-4.916382,0.083618,,,359.999908,-134.999466,479.998962,0.000429,20.000172,0.000163,360.017822,-134.999207,480.003876,0.000284,-9.177649,0.000137,-0.440698,0.021091,-0.098063,-0.015731,-4.916382,0.011367,
feedback,5.935660,1786353225815,7,Ry,-5.000000,-75.000000,-4.943848,0.056152,,,359.999908,-134.999466,479.998962,0.000429,20.000172,0.000163,360.016205,-134.999207,480.002441,0.000398,-9.216815,0.000136,-0.106909,-0.009586,0.042047,0.033908,-4.943848,0.012365,
feedback,5.944147,1786353225824,7,Ry,-5.000000,-75.000000,-5.019379,-0.019379,,,359.999908,-134.999466,479.998962,0.000429,20.000172,0.000163,360.015167,-134.999435,480.001495,0.000320,-9.257080,0.000053,-0.109656,-0.193672,-0.048926,0.012464,-5.019379,-0.018480,
feedback,5.952465,1786353225832,7,Ry,-5.000000,-75.000000,-5.046844,-0.046844,,,359.999908,-134.999466,479.998962,0.000429,20.000172,0.000163,360.015076,-134.999466,480.001801,0.000343,-9.297510,0.000081,0.028373,0.000000,0.055407,-0.001095,-5.046844,0.006776,
feedback,5.960878,1786353225841,7,Ry,-5.000000,-75.000000,-5.039978,-0.039978,,,359.999908,-134.999466,479.998962,0.000429,20.000172,0.000163,360.012848,-134.999435,479.999115,0.000320,-9.358292,0.000053,-0.280391,0.021091,-0.289922,-0.013536,-5.039978,-0.002233,
feedback,5.969164,1786353225845,7,Ry,-5.000000,-75.000000,-5.033111,-0.033111,,,359.999908,-134.999466,479.998962,0.000429,20.000172,0.000163,360.011841,-134.999252,479.998016,0.000316,-9.378424,0.000109,-0.253723,0.043144,-0.275111,-0.001102,-5.033112,0.013641,
feedback,5.977231,1786353225853,7,Ry,-5.000000,-75.000000,-5.026245,-0.026245,,,359.999908,-134.999466,479.998962,0.000429,20.000172,0.000163,360.009216,-134.999344,479.995148,0.000265,-9.418497,0.000053,-0.309526,-0.065197,-0.295408,-0.012410,-5.026245,-0.022754,
feedback,5.985239,1786353225862,7,Ry,-5.000000,-75.000000,-5.026245,-0.026245,,,359.999908,-134.999466,479.998962,0.000429,20.000172,0.000163,360.006104,-134.999161,479.991150,0.000371,-9.458349,0.000136,-0.356344,0.011504,-0.560823,0.020339,-5.026245,0.010252,
feedback,5.993515,1786353225871,7,Ry,-5.000000,-75.000000,-4.978180,0.021820,,,359.999908,-134.999466,479.998962,0.000429,20.000172,0.000163,360.001892,-134.999207,479.987061,0.000288,-9.498120,0.000109,-0.477691,0.053688,-0.571681,-0.007889,-4.978180,0.012506,
feedback,6.001750,1786353225879,7,Ry,-5.000000,-75.000000,-5.094910,-0.094910,,,359.999908,-134.999466,479.998962,0.000429,20.000172,0.000163,359.999573,-134.999435,479.985046,0.000307,-9.538714,0.000137,-0.339960,-0.032598,-0.241040,-0.010170,-5.094910,0.012310,
feedback,6.009980,1786353225887,7,Ry,-5.000000,-75.000000,-5.245972,-0.245972,,,359.999908,-134.999466,479.998962,0.000429,20.000172,0.000163,359.998596,-134.999207,479.983368,0.000289,-9.579748,0.000109,-0.070404,0.010546,-0.158283,-0.004468,-5.245972,-0.014684,
feedback,6.018194,1786353225896,7,Ry,-5.000000,-75.000000,-5.149841,-0.149841,,,359.999908,-134.999466,479.998962,0.000429,20.000172,0.000163,359.998169,-134.998871,479.982635,0.000298,-9.621112,0.000108,0.050954,0.193664,-0.039488,-0.013518,-5.149841,0.025171,
feedback,6.026243,1786353225904,7,Ry,-5.000000,-75.000000,-5.177307,-0.177307,,,359.999908,-134.999466,479.998962,0.000429,20.000172,0.000163,359.996704,-134.999344,479.980164,0.000371,-9.662476,0.000109,-0.238472,-0.064236,-0.318845,0.012403,-5.177307,0.002208,
feedback,6.034416,1786353225913,7,Ry,-5.000000,-75.000000,-5.067444,-0.067444,,,359.999908,-134.999466,479.998962,0.000429,20.000172,0.000163,359.991852,-134.999390,479.975372,0.000399,-9.724027,0.000109,-0.475535,0.022048,-0.375644,0.012393,-5.067444,0.015954,
feedback,6.042519,1786353225921,7,Ry,-5.000000,-75.000000,-5.026245,-0.026245,,,359.999908,-134.999466,479.998962,0.000429,20.000172,0.000163,359.988770,-134.999344,479.972015,0.000261,-9.764429,0.000081,-0.428995,-0.054647,-0.493488,-0.020286,-5.026245,-0.017227,
feedback,6.050847,1786353225929,7,Ry,-5.000000,-75.000000,-5.094909,-0.094909,,,359.999908,-134.999466,479.998962,0.000429,20.000172,0.000163,359.987427,-134.999390,479.970581,0.000289,-9.805216,0.000081,-0.100744,0.161063,-0.203277,-0.022623,-5.094910,0.030624,
feedback,6.058778,1786353225938,7,Ry,-5.000000,-75.000000,-5.115509,-0.115509,,,359.999908,-134.999466,479.998962,0.000429,20.000172,0.000163,359.988251,-134.999252,479.970551,0.000426,-9.846112,0.000136,0.190471,0.032596,0.139740,0.006785,-5.115509,0.008041,
feedback,6.066997,1786353225946,7,Ry,-5.000000,-75.000000,-5.163574,-0.163574,,,359.999908,-134.999466,479.998962,0.000429,20.000172,0.000163,359.990082,-134.999603,479.971832,0.000316,-9.887339,0.000054,0.277090,-0.129425,0.180370,0.000012,-5.163574,-0.020599,
feedback,6.075152,1786353225955,7,Ry,-5.000000,-75.000000,-5.163574,-0.163574,,,359.999908,-134.999466,479.998962,0.000429,20.000172,0.000163,359.991364,-134.999176,479.972687,0.000257,-9.928592,0.000136,0.110624,0.009589,0.210261,-0.037353,-5.163574,0.007505,
feedback,6.083388,1786353225963,7,Ry,-5.000000,-75.000000,-5.005646,-0.005646,,,359.999908,-134.999466,479.998962,0.000429,20.000172,0.000163,359.991180,-134.999390,479.973297,0.000394,-9.969213,0.000136,-0.064233,-0.074781,0.055353,0.016739,-5.005646,0.016988,
feedback,6.091567,1786353225971,7,Ry,-5.000000,-75.000000,-5.046844,-0.046844,,,359.999908,-134.999466,479.998962,0.000429,20.000172,0.000163,359.990997,-134.999252,479.974518,0.000322,-10.010000,0.000081,-0.113286,0.010546,0.203020,-0.006745,-5.046844,-0.001194,
feedback,6.100531,1786353225980,7,Ry,-5.000000,-75.000000,-5.053711,-0.053711,,,359.999908,-134.999466,479.998962,0.000429,20.000172,0.000163,359.990540,-134.999466,479.976227,0.000349,-10.050430,0.000053,-0.073577,-0.064234,0.380659,0.012338,-5.053711,0.002291,
feedback,6.108452,1786353225984,7,Ry,-5.000000,-75.000000,-5.115509,-0.115509,,,359.999908,-134.999466,479.998962,0.000429,20.000172,0.000163,359.990936,-134.999466,479.977905,0.000344,-10.070892,0.000081,0.095816,0.000000,0.424457,-0.001186,-5.115509,0.006761,
feedback,6.116814,1786353225992,7,Ry,-5.000000,-75.000000,-5.060577,-0.060577,,,359.999908,-134.999466,479.998962,0.000429,20.000172,0.000163,359.992950,-134.999512,479.982635,0.000367,-10.131674,0.000109,0.293961,-0.043141,0.365448,-0.001193,-5.060577,-0.000107,
feedback,6.124298,1786353226001,7,Ry,-5.000000,-75.000000,-5.108643,-0.108643,,,359.999908,-134.999466,479.998962,0.000429,20.000172,0.000163,359.997742,-134.999603,479.987976,0.000327,-10.172735,-0.000002,0.292749,-0.162025,0.565540,-0.005534,-5.108643,-0.035437,
feedback,6.133400,1786353226009,7,Ry,-5.000000,-75.000000,-5.094910,-0.094910,,,359.999908,-134.999466,479.998962,0.000429,20.000172,0.000163,360.001007,-134.999512,479.991364,0.000377,-10.213056,0.000053,0.323411,-0.043142,0.340873,0.000015,-5.094910,-0.006866,
feedback,6.140728,1786353226018,7,Ry,-5.000000,-75.000000,-5.039978,-0.039978,,,359.999908,-134.999466,479.998962,0.000429,20.000172,0.000163,360.002411,-134.999161,479.995178,0.000372,-10.253321,0.000136,0.153760,0.107380,0.549090,-0.015939,-5.039978,0.024802,
feedback,6.149823,1786353226026,7,Ry,-5.000000,-75.000000,-5.053711,-0.053711,,,359.999908,-134.999466,479.998962,0.000429,20.000172,0.000163,360.004242,-134.999466,479.998627,0.000350,-10.293558,0.000053,0.195738,-0.032597,0.499330,-0.007968,-5.053711,-0.001337,
feedback,6.157164,1786353226035,7,Ry,-5.000000,-75.000000,-5.081177,-0.081177,,,359.999908,-134.999466,479.998962,0.000429,20.000172,0.000163,360.005859,-134.999344,480.001984,0.000267,-10.334097,0.000053,0.116753,-0.097793,0.399181,-0.021482,-5.081177,-0.017540,
feedback,6.166084,1786353226043,7,Ry,-5.000000,-75.000000,-5.122375,-0.122375,,,359.999908,-134.999466,479.998962,0.000429,20.000172,0.000163,360.008850,-134.999771,480.006256,0.000432,-10.374720,0.000026,0.428677,-0.053689,0.567732,0.005530,-5.122375,0.001124,
feedback,6.173605,1786353226051,7,Ry,-5.000000,-75.000000,-5.136108,-0.136108,,,359.999908,-134.999466,479.998962,0.000429,20.000172,0.000163,360.012787,-134.999512,480.010986,0.000372,-10.415451,0.000081,0.461082,-0.117926,0.636394,0.017792,-5.136108,0.003498,
feedback,6.182420,1786353226060,7,Ry,-5.000000,-75.000000,-5.081177,-0.081177,,,359.999908,-134.999466,479.998962,0.000429,20.000172,0.000163,360.015564,-134.999390,480.013428,0.000305,-10.456182,-0.000003,0.342389,0.042185,0.293634,-0.025749,-5.081177,-0.011737,
feedback,6.189730,1786353226068,7,Ry,-5.000000,-75.000000,-5.088043,-0.088043,,,359.999908,-134.999466,479.998962,0.000429,20.000172,0.000163,360.017090,-134.999084,480.013794,0.000427,-10.496668,0.000163,0.232491,0.054653,0.036359,0.017775,-5.088043,0.030989,
feedback,6.198002,1786353226077,7,Ry,-5.000000,-75.000000,-4.998779,0.001221,,,359.999908,-134.999466,479.998962,0.000429,20.000172,0.000163,360.016205,-134.999252,480.014618,0.000438,-10.556900,0.000080,-0.039439,0.000960,0.093853,0.028278,-4.998779,0.005148,
feedback,6.206275,1786353226085,7,Ry,-5.000000,-75.000000,-5.060577,-0.060577,,,359.999908,-134.999466,479.998962,0.000429,20.000172,0.000163,360.016296,-134.999207,480.015656,0.000300,-10.597714,0.000053,0.059435,0.021092,0.161673,-0.013482,-5.060577,-0.002526,
feedback,6.214480,1786353226093,7,Ry,-5.000000,-75.000000,-5.081177,-0.081177,,,359.999908,-134.999466,479.998962,0.000429,20.000172,0.000163,360.015717,-134.999466,480.015015,0.000366,-10.638611,-0.000031,-0.065729,-0.129435,-0.084608,0.002550,-5.081177,-0.034096,
feedback,6.223305,1786353226102,7,Ry,-5.000000,-75.000000,-5.163574,-0.163574,,,359.999908,-134.999466,479.998962,0.000429,20.000172,0.000163,360.017151,-134.998917,480.014648,0.000333,-10.679563,0.000079,0.244961,0.150529,-0.046704,-0.010928,-5.163574,0.004559,
feedback,6.230761,1786353226110,7,Ry,-5.000000,-75.000000,-5.108643,-0.108643,,,359.999908,-134.999466,479.998962,0.000429,20.000172,0.000163,360.017975,-134.999298,480.013550,0.000476,-10.720569,0.000024,0.140321,0.032600,-0.159546,0.008043,-5.108643,0.001397,
feedback,6.239280,1786353226119,7,Ry,-5.000000,-75.000000,-5.081177,-0.081177,,,359.999908,-134.999466,479.998962,0.000429,20.000172,0.000163,360.017120,-134.999039,480.011047,0.000301,-10.761246,0.000080,-0.069165,0.117928,-0.261765,-0.020218,-5.081177,0.009887,
feedback,6.247292,1786353226127,7,Ry,-5.000000,-75.000000,-5.019379,-0.019379,,,359.999908,-134.999466,479.998962,0.000429,20.000172,0.000163,360.015411,-134.998947,480.007324,0.000361,-10.801702,0.000079,-0.257442,0.118888,-0.504737,0.009340,-5.019379,0.008397,
feedback,6.255740,1786353226131,7,Ry,-5.000000,-75.000000,-5.081177,-0.081177,,,359.999908,-134.999466,479.998962,0.000429,20.000172,0.000163,360.013885,-134.999435,480.005768,0.000334,-10.822027,-0.000003,-0.383954,-0.118889,-0.395276,-0.006730,-5.081177,-0.021889,
feedback,6.264227,1786353226140,7,Ry,-5.000000,-75.000000,-4.971313,0.028687,,,359.999908,-134.999466,479.998962,0.000429,20.000172,0.000163,360.010834,-134.999390,480.001404,0.000301,-10.862045,0.000025,-0.424251,0.010545,-0.609808,-0.006729,-4.971313,-0.001294,
feedback,6.271768,1786353226148,7,Ry,-5.000000,-75.000000,-4.985046,0.014954,,,359.999908,-134.999466,479.998962,0.000429,20.000172,0.000163,360.007538,-134.999466,479.996246,0.000361,-10.902008,-0.000003,-0.378763,0.043143,-0.575635,0.003910,-4.985046,-0.013361,
feedback,6.279964,1786353226156,7,Ry,-5.000000,-75.000000,-5.060577,-0.060577,,,359.999908,-134.999466,479.998962,0.000429,20.000172,0.000163,360.005249,-134.999466,479.990662,0.000351,-10.962982,0.000053,-0.057006,-0.118885,-0.529306,-0.008032,-5.060577,-0.015164,
feedback,6.288860,1786353226165,7,Ry,-5.000000,-75.000000,-5.108642,-0.108642,,,359.999908,-134.999466,479.998962,0.000429,20.000172,0.000163,360.004181,-134.999344,479.987427,0.000384,-11.003906,0.000052,-0.090551,0.075741,-0.279381,0.006757,-5.108643,0.015044,
feedback,6.296521,1786353226173,7,Ry,-5.000000,-75.000000,-5.122375,-0.122375,,,359.999908,-134.999466,479.998962,0.000429,20.000172,0.000163,360.004028,-134.999084,479.985504,0.000329,-11.045187,0.000080,-0.027401,0.183121,-0.338705,-0.008035,-5.122375,0.032890,
feedback,6.305055,1786353226182,7,Ry,-5.000000,-75.000000,-5.088043,-0.088043,,,359.999908,-134.999466,479.998962,0.000429,20.000172,0.000163,360.002930,-134.998871,479.983704,0.000302,-11.085892,0.000107,-0.175381,0.053689,-0.219301,-0.005396,-5.088043,-0.001192,
feedback,6.312917,1786353226190,7,Ry,-5.000000,-75.000000,-5.026245,-0.026245,,,359.999908,-134.999466,479.998962,0.000429,20.000172,0.000163,360.000305,-134.999298,479.981018,0.000351,-11.126486,0.000080,-0.243702,0.044101,-0.350306,0.024316,-5.026245,0.032508,
feedback,6.321396,1786353226198,7,Ry,-5.000000,-75.000000,-4.882050,0.117950,,,359.999908,-134.999466,479.998962,0.000429,20.000172,0.000163,359.996674,-134.999557,479.978241,0.000307,-11.165845,-0.000031,-0.644757,-0.075741,-0.402468,-0.006725,-4.882050,-0.015063,
feedback,6.329444,1786353226207,7,Ry,-5.000000,-75.000000,-4.957581,0.042419,,,359.999908,-134.999466,479.998962,0.000429,20.000172,0.000163,359.992981,-134.999207,479.975159,0.000307,-11.205258,0.000024,-0.456315,0.053687,-0.298494,-0.005385,-4.957581,-0.001203,
feedback,6.337544,1786353226215,7,Ry,-5.000000,-75.000000,-4.985046,0.014954,,,359.999908,-134.999466,479.998962,0.000429,20.000172,0.000163,359.990387,-134.999130,479.972382,0.000362,-11.244946,0.000052,-0.288713,0.108333,-0.277900,0.013488,-4.985046,0.023277,
feedback,6.345563,1786353226223,7,Ry,-5.000000,-75.000000,-5.094909,-0.094909,,,359.999908,-134.999466,479.998962,0.000429,20.000172,0.000163,359.989563,-134.999039,479.971283,0.000302,-11.285184,0.000080,-0.064832,0.128468,-0.014568,-0.029603,-5.094910,0.021825,
feedback,6.354342,1786353226232,7,Ry,-5.000000,-75.000000,-5.081177,-0.081177,,,359.999908,-134.999466,479.998962,0.000429,20.000172,0.000163,359.990723,-134.999649,479.971497,0.000352,-11.325641,0.000025,0.189967,-0.086284,0.249731,-0.001336,-5.081177,-0.007000,
feedback,6.362307,1786353226240,7,Ry,-5.000000,-75.000000,-4.971314,0.028686,,,359.999908,-134.999466,479.998962,0.000429,20.000172,0.000163,359.991333,-134.999252,479.973297,0.000335,-11.385681,0.000024,0.007044,0.064234,0.169033,-0.010735,-4.971313,-0.009307,
feedback,6.370293,1786353226249,7,Ry,-5.000000,-75.000000,-4.916382,0.083618,,,359.999908,-134.999466,479.998962,0.000429,20.000172,0.000163,359.990906,-134.999207,479.974121,0.000297,-11.425204,0.000080,-0.103360,0.021092,0.115761,-0.016165,-4.916382,0.010740,
feedback,6.377840,1786353226257,7,Ry,-5.000000,-75.000000,-4.875183,0.124817,,,359.999908,-134.999466,479.998962,0.000429,20.000172,0.000163,359.989471,-134.999130,479.975494,0.000357,-11.464289,0.000080,-0.142695,0.096829,0.192477,-0.003981,-4.875183,-0.001091,
feedback,6.387249,1786353226265,7,Ry,-5.000000,-75.000000,-4.861450,0.138550,,,359.999908,-134.999466,479.998962,0.000429,20.000172,0.000163,359.988708,-134.999084,479.977264,0.000324,-11.503454,0.000108,-0.093483,0.021092,0.138824,-0.013438,-4.861450,-0.002739,
feedback,6.394328,1786353226274,7,Ry,-5.000000,-75.000000,-4.964447,0.035553,,,359.999908,-134.999466,479.998962,0.000429,20.000172,0.000163,359.989136,-134.998947,479.980255,0.000363,-11.543280,0.000079,0.107631,0.043142,0.503041,0.002769,-4.964447,-0.006589,
feedback,6.403013,1786353226282,7,Ry,-5.000000,-75.000000,-5.046845,-0.046845,,,359.999908,-134.999466,479.998962,0.000429,20.000172,0.000163,359.991089,-134.999298,479.983215,0.000369,-11.583628,-0.000004,0.234085,-0.086283,0.472412,0.002774,-5.046844,-0.027186,
feedback,6.410750,1786353226291,7,Ry,-5.000000,-75.000000,-5.019379,-0.019379,,,359.999908,-134.999466,479.998962,0.000429,20.000172,0.000163,359.993683,-134.999344,479.987793,0.000385,-11.623892,0.000052,0.281053,-0.021091,0.501252,0.014852,-5.019379,-0.003959,
feedback,6.419158,1786353226295,7,Ry,-5.000000,-75.000000,-5.019379,-0.019379,,,359.999908,-134.999466,479.998962,0.000429,20.000172,0.000163,359.994293,-134.999390,479.990082,0.000424,-11.643970,-0.000004,0.160550,-0.010546,0.575407,0.009514,-5.019379,-0.012064,
feedback,6.427178,1786353226303,7,Ry,-5.000000,-75.000000,-4.957580,0.042420,,,359.999908,-134.999466,479.998962,0.000429,20.000172,0.000163,359.995422,-134.999161,479.993195,0.000385,-11.683932,0.000079,0.150309,0.075740,0.326029,0.006743,-4.957581,0.015123,
feedback,6.435961,1786353226312,7,Ry,-5.000000,-75.000000,-4.998779,0.001221,,,359.999908,-134.999466,479.998962,0.000429,20.000172,0.000163,359.995361,-134.999252,479.997345,0.000446,-11.723841,0.000051,-0.053533,0.064235,0.548846,-0.013427,-4.998779,0.004076,
feedback,6.444278,1786353226320,7,Ry,-5.000000,-75.000000,-5.046844,-0.046844,,,359.999908,-134.999466,479.998962,0.000429,20.000172,0.000163,359.995148,-134.999390,480.000366,0.000413,-11.764078,0.000052,-0.001211,0.043143,0.511711,0.000017,-5.046844,0.006866,
feedback,6.452773,1786353226328,7,Ry,-5.000000,-75.000000,-5.170441,-0.170441,,,359.999908,-134.999466,479.998962,0.000429,20.000172,0.000163,359.996460,-134.998993,480.003723,0.000391,-11.805166,0.000079,0.261867,0.108337,0.461725,0.012060,-5.170441,0.030130,
feedback,6.460456,1786353226337,7,Ry,-5.000000,-75.000000,-5.239105,-0.239105,,,359.999908,-134.999466,479.998962,0.000429,20.000172,0.000163,360.000519,-134.999512,480.008789,0.000386,-11.867706,0.000024,0.391918,-0.032596,0.368739,-0.006705,-5.239105,-0.008279,
feedback,6.469096,1786353226345,7,Ry,-5.000000,-75.000000,-5.273437,-0.273437,,,359.999908,-134.999466,479.998962,0.000429,20.000172,0.000163,360.001923,-134.999390,480.011108,0.000408,-11.909482,0.000080,0.095638,-0.010546,0.179198,0.003902,-5.273438,0.014854,
feedback,6.477027,1786353226354,7,Ry,-5.000000,-75.000000,-5.136108,-0.136108,,,359.999908,-134.999466,479.998962,0.000429,20.000172,0.000163,360.002350,-134.998779,480.012726,0.000370,-11.950735,0.000078,-0.075385,0.064235,0.292612,-0.010567,-5.136108,-0.009412,
feedback,6.485616,1786353226362,7,Ry,-5.000000,-75.000000,-5.218506,-0.218506,,,359.999908,-134.999466,479.998962,0.000429,20.000172,0.000163,360.001617,-134.999603,480.013458,0.000331,-11.992291,-0.000003,-0.001900,0.075741,0.148952,0.006729,-5.218506,0.015160,
feedback,6.493129,1786353226370,7,Ry,-5.000000,-75.000000,-5.191040,-0.191040,,,359.999908,-134.999466,479.998962,0.000429,20.000172,0.000163,360.001740,-134.999771,480.014343,0.000331,-12.033875,-0.000031,-0.065927,-0.097792,0.083867,-0.018705,-5.191040,-0.031610,
feedback,6.502011,1786353226379,7,Ry,-5.000000,-75.000000,-5.245972,-0.245972,,,359.999908,-134.999466,479.998962,0.000429,20.000172,0.000163,360.003204,-134.999298,480.016052,0.000359,-12.075870,0.000052,0.175271,-0.086286,0.152368,-0.001419,-5.245972,-0.007018,
feedback,6.509220,1786353226387,7,Ry,-5.000000,-75.000000,-5.335235,-0.335235,,,359.999908,-134.999466,479.998962,0.000429,20.000172,0.000163,360.006042,-134.998825,480.017090,0.000392,-12.118442,0.000106,0.498633,0.215722,0.080087,-0.001416,-5.335236,0.041046,
feedback,6.518028,1786353226395,7,Ry,-5.000000,-75.000000,-5.300903,-0.300903,,,359.999908,-134.999466,479.998962,0.000429,20.000172,0.000163,360.008270,-134.999512,480.018219,0.000387,-12.161014,0.000024,0.253344,-0.161070,-0.022090,0.020152,-5.300903,-0.016260,
feedback,6.525614,1786353226404,7,Ry,-5.000000,-75.000000,-5.225372,-0.225372,,,359.999908,-134.999466,479.998962,0.000429,20.000172,0.000163,360.009064,-134.999680,480.017029,0.000399,-12.202845,-0.000059,-0.017226,-0.129433,-0.183357,0.000013,-5.225372,-0.020599,
feedback,6.534882,1786353226412,7,Ry,-5.000000,-75.000000,-5.170441,-0.170441,,,359.999908,-134.999466,479.998962,0.000429,20.000172,0.000163,360.008179,-134.999252,480.015076,0.000326,-12.244207,0.000080,-0.237259,-0.065197,-0.196277,-0.017772,-5.170441,0.003485,
feedback,6.541845,1786353226421,7,Ry,-5.000000,-75.000000,-5.094910,-0.094910,,,359.999908,-134.999466,479.998962,0.000429,20.000172,0.000163,360.006561,-134.999344,480.011017,0.000387,-12.305484,0.000052,-0.051846,0.011505,-0.420506,0.020143,-5.094910,0.011257,
feedback,6.550856,1786353226429,7,Ry,-5.000000,-75.000000,-5.156708,-0.156708,,,359.999908,-134.999466,479.998962,0.000429,20.000172,0.000163,360.006958,-134.999252,480.009338,0.000332,-12.346848,0.000052,0.046538,0.021092,-0.258881,-0.013398,-5.156708,-0.002936,
feedback,6.558337,1786353226437,7,Ry,-5.000000,-75.000000,-5.149841,-0.149841,,,359.999908,-134.999466,479.998962,0.000429,20.000172,0.000163,360.007751,-134.999771,480.005798,0.000442,-12.387442,-0.000003,0.125710,-0.021092,-0.516739,0.013426,-5.149841,0.002946,
feedback,6.567125,1786353226446,7,Ry,-5.000000,-75.000000,-5.136108,-0.136108,,,359.999908,-134.999466,479.998962,0.000429,20.000172,0.000163,360.008972,-134.999649,480.003662,0.000354,-12.428476,0.000025,0.108552,-0.075742,-0.298113,-0.006693,-5.136108,-0.015211,
feedback,6.574924,1786353226454,7,Ry,-5.000000,-75.000000,-5.088043,-0.088043,,,359.999908,-134.999466,479.998962,0.000429,20.000172,0.000163,360.010315,-134.998825,480.002441,0.000278,-12.469373,0.000107,0.225524,0.150526,-0.220203,-0.011904,-5.088043,0.010930,
feedback,6.584251,1786353226463,7,Ry,-5.000000,-75.000000,-5.026245,-0.026245,,,359.999908,-134.999466,479.998962,0.000429,20.000172,0.000163,360.010895,-134.999207,479.999847,0.000403,-12.509720,0.000135,0.104927,0.033559,-0.385566,0.030562,-5.026245,0.034576,
feedback,6.591381,1786353226471,7,Ry,-5.000000,-75.000000,-5.053711,-0.053711,,,359.999908,-134.999466,479.998962,0.000429,20.000172,0.000163,360.009918,-134.999344,479.997528,0.000388,-12.549985,0.000052,-0.078399,-0.031639,-0.189832,0.018632,-5.053711,0.011178,
feedback,6.599880,1786353226475,7,Ry,-5.000000,-75.000000,-4.895782,0.104218,,,359.999908,-134.999466,479.998962,0.000429,20.000172,0.000163,360.009888,-134.999390,479.996429,0.000409,-12.569568,0.000080,-0.000995,-0.010546,-0.269561,0.005224,-4.895782,0.008196,
feedback,6.607734,1786353226484,7,Ry,-5.000000,-75.000000,-4.840851,0.159149,,,359.999908,-134.999466,479.998962,0.000429,20.000172,0.000163,360.008484,-134.999161,479.991760,0.000388,-12.608459,0.000079,-0.160003,0.065195,-0.495271,0.017917,-4.840851,-0.003372,
feedback,6.615636,1786353226492,7,Ry,-5.000000,-75.000000,-4.847717,0.152283,,,359.999908,-134.999466,479.998962,0.000429,20.000172,0.000163,360.006348,-134.999084,479.988586,0.000333,-12.647351,0.000079,-0.226435,0.053689,-0.206379,-0.005178,-4.847717,-0.001337,
feedback,6.623884,1786353226500,7,Ry,-5.000000,-75.000000,-4.930115,0.069885,,,359.999908,-134.999466,479.998962,0.000429,20.000172,0.000163,360.006470,-134.999084,479.986023,0.000327,-12.706045,0.000107,0.081628,0.118886,-0.065659,0.003697,-4.930115,0.035506,
feedback,6.631968,1786353226509,7,Ry,-5.000000,-75.000000,-4.950714,0.049286,,,359.999908,-134.999466,479.998962,0.000429,20.000172,0.000163,360.007812,-134.999512,479.985199,0.000388,-12.745651,0.000024,0.227973,-0.139978,-0.043566,0.008226,-4.950714,-0.025782,
feedback,6.640468,1786353226517,7,Ry,-5.000000,-75.000000,-4.861450,0.138550,,,359.999908,-134.999466,479.998962,0.000429,20.000172,0.000163,360.009705,-134.999466,479.985687,0.000355,-12.784735,0.000052,0.201401,-0.065196,0.113828,-0.014898,-4.861450,-0.010076,
feedback,6.648576,1786353226526,7,Ry,-5.000000,-75.000000,-4.882050,0.117950,,,359.999908,-134.999466,479.998962,0.000429,20.000172,0.000163,360.010437,-134.998947,479.986298,0.000361,-12.824066,0.000106,0.210831,0.086290,-0.005905,0.001545,-4.882050,0.007038,
feedback,6.657080,1786353226534,7,Ry,-5.000000,-75.000000,-4.792785,0.207215,,,359.999908,-134.999466,479.998962,0.000429,20.000172,0.000163,360.010498,-134.999130,479.986115,0.000361,-12.862628,0.000079,-0.007220,0.074783,0.063316,-0.023121,-4.792786,0.015669,
feedback,6.664822,1786353226542,7,Ry,-5.000000,-75.000000,-4.710388,0.289612,,,359.999908,-134.999466,479.998962,0.000429,20.000172,0.000163,360.009460,-134.998917,479.984192,0.000340,-12.900861,0.000078,-0.231194,0.096834,-0.235152,-0.006673,-4.710388,0.012200,
feedback,6.673283,1786353226551,7,Ry,-5.000000,-75.000000,-4.785919,0.214081,,,359.999908,-134.999466,479.998962,0.000429,20.000172,0.000163,360.007629,-134.999435,479.981415,0.000334,-12.938873,0.000024,-0.272945,-0.075743,-0.244098,-0.006678,-4.785919,-0.015270,
feedback,6.681242,1786353226559,7,Ry,-5.000000,-75.000000,-4.779053,0.220947,,,359.999908,-134.999466,479.998962,0.000429,20.000172,0.000163,360.007385,-134.999557,479.979645,0.000422,-12.977188,-0.000004,0.033812,-0.053690,-0.121756,0.009789,-4.779053,-0.018707,
feedback,6.689886,1786353226568,7,Ry,-5.000000,-75.000000,-4.916382,0.083618,,,359.999908,-134.999466,479.998962,0.000429,20.000172,0.000163,360.008087,-134.999512,479.978607,0.000389,-13.016492,0.000024,0.185191,0.021093,-0.061156,-0.011819,-4.916382,-0.009783,
feedback,6.698248,1786353226576,7,Ry,-5.000000,-75.000000,-4.936981,0.063019,,,359.999908,-134.999466,479.998962,0.000429,20.000172,0.000163,360.009644,-134.999252,479.979065,0.000334,-13.056180,0.000051,0.163673,0.010547,0.076318,-0.008224,-4.936981,0.005138,
feedback,6.705507,1786353226584,7,Ry,-5.000000,-75.000000,-4.964447,0.035553,,,359.999908,-134.999466,479.998962,0.000429,20.000172,0.000163,360.010620,-134.999344,479.978851,0.000395,-13.116247,0.000023,-0.002678,0.075743,-0.114705,0.006704,-4.964447,0.015291,
feedback,6.714211,1786353226593,7,Ry,-5.000000,-75.000000,-4.978180,0.021820,,,359.999908,-134.999466,479.998962,0.000429,20.000172,0.000163,360.010040,-134.999252,479.977264,0.000334,-13.156128,0.000051,-0.079911,0.021092,-0.312518,-0.013356,-4.978180,-0.003126,
feedback,6.722287,1786353226601,7,Ry,-5.000000,-75.000000,-5.019379,-0.019379,,,359.999908,-134.999466,479.998962,0.000429,20.000172,0.000163,360.008057,-134.999344,479.974945,0.000389,-13.196173,0.000051,-0.271983,-0.096835,-0.337848,0.001999,-5.019379,0.007890,
feedback,6.730657,1786353226610,7,Ry,-5.000000,-75.000000,-5.060578,-0.060578,,,359.999908,-134.999466,479.998962,0.000429,20.000172,0.000163,360.006348,-134.999771,479.973633,0.000334,-13.236521,-0.000031,-0.177398,-0.065196,-0.101689,-0.010214,-5.060577,-0.030245,
feedback,6.738112,1786353226618,7,Ry,-5.000000,-75.000000,-5.122376,-0.122376,,,359.999908,-134.999466,479.998962,0.000429,20.000172,0.000163,360.005920,-134.999252,479.972931,0.000341,-13.277664,0.000023,-0.002980,-0.022052,-0.058827,-0.010195,-5.122375,-0.023386,
feedback,6.746553,1786353226626,7,Ry,-5.000000,-75.000000,-5.225372,-0.225372,,,359.999908,-134.999466,479.998962,0.000429,20.000172,0.000163,360.006378,-134.999435,479.973511,0.000335,-13.319440,0.000024,0.171013,-0.032597,-0.010643,-0.006667,-5.225372,-0.008448,
feedback,6.755247,1786353226635,7,Ry,-5.000000,-75.000000,-5.204773,-0.204773,,,359.999908,-134.999466,479.998962,0.000429,20.000172,0.000163,360.006958,-134.999344,479.974060,0.000377,-13.361105,0.000108,0.036006,-0.053690,0.042509,0.003525,-5.204773,0.008081,
feedback,6.763086,1786353226639,7,Ry,-5.000000,-75.000000,-5.184174,-0.184174,,,359.999908,-134.999466,479.998962,0.000429,20.000172,0.000163,360.006073,-134.999252,479.974426,0.000335,-13.402634,0.000051,-0.145793,0.043143,0.051336,0.001609,-5.184174,0.000187,
feedback,6.771688,1786353226647,7,Ry,-5.000000,-75.000000,-5.163574,-0.163574,,,359.999908,-134.999466,479.998962,0.000429,20.000172,0.000163,360.005280,-134.999207,479.973663,0.000307,-13.423288,0.000051,-0.190380,0.010545,-0.192572,-0.006662,-5.163574,-0.001594,
feedback,6.779394,1786353226656,7,Ry,-5.000000,-75.000000,-5.122376,-0.122376,,,359.999908,-134.999466,479.998962,0.000429,20.000172,0.000163,360.002960,-134.999603,479.972870,0.000445,-13.464322,0.000024,-0.377946,-0.139019,-0.065211,0.033403,-5.122375,-0.005739,
feedback,6.787577,1786353226664,7,Ry,-5.000000,-75.000000,-5.225372,-0.225372,,,359.999908,-134.999466,479.998962,0.000429,20.000172,0.000163,360.001709,-134.999039,479.971985,0.000301,-13.506124,0.000107,-0.228363,0.031637,-0.121077,-0.024821,-5.225372,0.015219,
feedback,6.795844,1786353226672,7,Ry,-5.000000,-75.000000,-5.266571,-0.266571,,,359.999908,-134.999466,479.998962,0.000429,20.000172,0.000163,360.002319,-134.999725,479.971466,0.000424,-13.569214,-0.000032,0.161358,-0.161068,0.137949,0.021648,-5.266571,-0.022441,
feedback,6.804477,1786353226681,7,Ry,-5.000000,-75.000000,-5.280304,-0.280304,,,359.999908,-134.999466,479.998962,0.000429,20.000172,0.000163,360.004639,-134.998779,479.973389,0.000369,-13.611567,0.000105,0.339437,0.162030,0.336251,0.008315,-5.280304,0.022408,
feedback,6.812799,1786353226689,7,Ry,-5.000000,-75.000000,-5.307770,-0.307770,,,359.999908,-134.999466,479.998962,0.000429,20.000172,0.000163,360.005798,-134.999390,479.975922,0.000308,-13.654276,0.000023,0.097365,-0.065195,0.343550,-0.013330,-5.307770,-0.016975,
feedback,6.820668,1786353226698,7,Ry,-5.000000,-75.000000,-5.211640,-0.211640,,,359.999908,-134.999466,479.998962,0.000429,20.000172,0.000163,360.006378,-134.999939,479.976196,0.000452,-13.695776,-0.000060,-0.029895,-0.149565,0.156353,0.041663,-5.211639,-0.010650,
feedback,6.828551,1786353226706,7,Ry,-5.000000,-75.000000,-5.170441,-0.170441,,,359.999908,-134.999466,479.998962,0.000429,20.000172,0.000163,360.005646,-134.998947,479.977173,0.000363,-13.737167,0.000106,-0.172173,-0.042185,0.249222,0.025072,-5.170441,0.013192,
feedback,6.837154,1786353226714,7,Ry,-5.000000,-75.000000,-5.149841,-0.149841,,,359.999908,-134.999466,479.998962,0.000429,20.000172,0.000163,360.004822,-134.998947,479.979279,0.000363,-13.778696,0.000106,0.039220,0.053690,0.008630,-0.008282,-5.149841,0.011900,
feedback,6.844966,1786353226723,7,Ry,-5.000000,-75.000000,-5.191040,-0.191040,,,359.999908,-134.999466,479.998962,0.000429,20.000172,0.000163,360.004669,-134.999298,479.981079,0.000357,-13.820279,0.000079,0.057511,0.064236,0.106465,-0.014958,-5.191040,0.010254,
feedback,6.853880,1786353226731,7,Ry,-5.000000,-75.000000,-5.239105,-0.239105,,,359.999908,-134.999466,479.998962,0.000429,20.000172,0.000163,360.006592,-134.999298,479.983185,0.000363,-13.861807,0.000051,0.319842,-0.118885,0.365700,-0.008294,-5.239105,-0.015578,
feedback,6.861407,1786353226740,7,Ry,-5.000000,-75.000000,-5.170441,-0.170441,,,359.999908,-134.999466,479.998962,0.000429,20.000172,0.000163,360.009399,-134.999344,479.986572,0.000384,-13.903171,0.000079,0.272807,-0.118886,0.509568,-0.006648,-5.170441,-0.022249,
feedback,6.870137,1786353226748,7,Ry,-5.000000,-75.000000,-5.136108,-0.136108,,,359.999908,-134.999466,479.998962,0.000429,20.000172,0.000163,360.011993,-134.999466,479.989746,0.000371,-13.944260,-0.000005,0.293076,-0.053690,0.297737,0.008334,-5.136108,-0.011876,
feedback,6.877696,1786353226757,7,Ry,-5.000000,-75.000000,-4.943847,0.056153,,,359.999908,-134.999466,479.998962,0.000429,20.000172,0.000163,360.015045,-134.999344,479.990845,0.000501,-14.004053,0.000078,0.203201,0.033560,-0.056047,0.030008,-4.943848,0.035366,
feedback,6.886000,1786353226765,7,Ry,-5.000000,-75.000000,-4.902649,0.097351,,,359.999908,-134.999466,479.998962,0.000429,20.000172,0.000163,360.015869,-134.999466,479.990814,0.000371,-14.043604,-0.000005,-0.001437,0.021092,-0.057322,-0.011642,-4.902649,-0.009994,
feedback,6.894375,1786353226774,7,Ry,-5.000000,-75.000000,-4.991913,0.008087,,,359.999908,-134.999466,479.998962,0.000429,20.000172,0.000163,360.017517,-134.999603,479.992188,0.000350,-14.083593,-0.000061,0.240446,0.010547,0.222547,-0.004977,-4.991913,-0.008331,
feedback,6.902401,1786353226782,7,Ry,-5.000000,-75.000000,-4.902649,0.097351,,,359.999908,-134.999466,479.998962,0.000429,20.000172,0.000163,360.019440,-134.999130,479.992706,0.000371,-14.123007,0.000050,0.276566,0.086292,0.073366,0.001694,-4.902649,0.007074,
feedback,6.910526,1786353226786,7,Ry,-5.000000,-75.000000,-4.875183,0.124817,,,359.999908,-134.999466,479.998962,0.000429,20.000172,0.000163,360.020111,-134.999435,479.992340,0.000344,-14.142508,-0.000005,0.168564,-0.075745,-0.094634,-0.006644,-4.875183,-0.015411,
feedback,6.919331,1786353226795,7,Ry,-5.000000,-75.000000,-4.930115,0.069885,,,359.999908,-134.999466,479.998962,0.000429,20.000172,0.000163,360.022858,-134.999161,479.993134,0.000406,-14.181894,0.000021,0.416800,0.022055,0.129014,0.016698,-4.930115,-0.003083,
feedback,6.926757,1786353226804,7,Ry,-5.000000,-75.000000,-4.991913,0.008087,,,359.999908,-134.999466,479.998962,0.000429,20.000172,0.000163,360.024658,-134.999084,479.994690,0.000337,-14.221445,0.000078,0.218966,0.000001,0.148040,0.003393,-4.991913,-0.013312,
feedback,6.935649,1786353226812,7,Ry,-5.000000,-75.000000,-4.923248,0.076752,,,359.999908,-134.999466,479.998962,0.000429,20.000172,0.000163,360.025818,-134.999603,479.995667,0.000344,-14.261160,-0.000033,0.199360,0.010547,0.043718,-0.004952,-4.923248,-0.008346,
feedback,6.943284,1786353226820,7,Ry,-5.000000,-75.000000,-4.820251,0.179749,,,359.999908,-134.999466,479.998962,0.000429,20.000172,0.000163,360.026642,-134.999161,479.995911,0.000399,-14.319773,0.000050,0.064967,0.065201,0.086334,0.015023,-4.820251,0.010476,
feedback,6.952019,1786353226829,7,Ry,-5.000000,-75.000000,-4.792786,0.207214,,,359.999908,-134.999466,479.998962,0.000429,20.000172,0.000163,360.025421,-134.999130,479.994476,0.000365,-14.358664,0.000078,-0.171448,0.043146,-0.112037,0.000018,-4.792786,0.006866,
feedback,6.959440,1786353226837,7,Ry,-5.000000,-75.000000,-4.854584,0.145416,,,359.999908,-134.999466,479.998962,0.000429,20.000172,0.000163,360.022858,-134.999130,479.991669,0.000358,-14.397501,0.000106,-0.229137,0.075745,-0.297290,0.004962,-4.854584,0.022091,
feedback,6.968318,1786353226846,7,Ry,-5.000000,-75.000000,-4.971313,0.028687,,,359.999908,-134.999466,479.998962,0.000429,20.000172,0.000163,360.021332,-134.999298,479.989380,0.000351,-14.436666,0.000107,-0.243557,0.043145,-0.277102,-0.001695,-4.971313,0.013516,
feedback,6.975977,1786353226854,7,Ry,-5.000000,-75.000000,-5.019379,-0.019379,,,359.999908,-134.999466,479.998962,0.000429,20.000172,0.000163,360.019592,-134.999725,479.988892,0.000310,-14.476492,-0.000032,-0.300568,-0.119852,0.028042,-0.031516,-5.019379,-0.042697,
feedback,6.984153,1786353226862,7,Ry,-5.000000,-75.000000,-5.074310,-0.074310,,,359.999908,-134.999466,479.998962,0.000429,20.000172,0.000163,360.019379,-134.999435,479.987732,0.000331,-14.516922,0.000051,-0.092458,-0.096837,-0.195832,0.003219,-5.074310,0.001283,
feedback,6.992271,1786353226871,7,Ry,-5.000000,-75.000000,-5.074310,-0.074310,,,359.999908,-134.999466,479.998962,0.000429,20.000172,0.000163,360.018311,-134.999817,479.986542,0.000365,-14.557434,-0.000032,-0.206802,-0.065199,-0.217205,-0.011556,-5.074310,-0.023831,
feedback,7.001280,1786353226879,7,Ry,-5.000000,-75.000000,-5.129242,-0.129242,,,359.999908,-134.999466,479.998962,0.000429,20.000172,0.000163,360.016113,-134.999680,479.984924,0.000400,-14.598413,-0.000033,-0.364289,-0.053692,-0.182187,0.010118,-5.129242,-0.018425,
feedback,7.009155,1786353226888,7,Ry,-5.000000,-75.000000,-5.060577,-0.060577,,,359.999908,-134.999466,479.998962,0.000429,20.000172,0.000163,360.013000,-134.999634,479.983795,0.000475,-14.638980,0.000023,-0.424681,-0.085330,-0.261745,0.023118,-5.060577,0.013362,
feedback,7.017765,1786353226896,7,Ry,-5.000000,-75.000000,-5.039978,-0.039978,,,359.999908,-134.999466,479.998962,0.000429,20.000172,0.000163,360.008911,-134.999466,479.981110,0.000344,-14.679217,0.000108,-0.518310,0.021091,-0.362848,-0.016750,-5.039978,0.009805,
feedback,7.025217,1786353226905,7,Ry,-5.000000,-75.000000,-5.074310,-0.074310,,,359.999908,-134.999466,479.998962,0.000429,20.000172,0.000163,360.002258,-134.999298,479.977844,0.000373,-14.739505,0.000022,-0.548456,-0.086289,-0.094985,0.001764,-5.074310,-0.020373,
feedback,7.034117,1786353226913,7,Ry,-5.000000,-75.000000,-5.163574,-0.163574,,,359.999908,-134.999466,479.998962,0.000429,20.000172,0.000163,359.998779,-134.999390,479.977509,0.000428,-14.780622,0.000022,-0.427145,-0.021094,0.001110,0.011544,-5.163574,0.010143,
feedback,7.041953,1786353226922,7,Ry,-5.000000,-75.000000,-5.266571,-0.266571,,,359.999908,-134.999466,479.998962,0.000429,20.000172,0.000163,359.996948,-134.999298,479.977234,0.000483,-14.822342,0.000049,-0.178092,0.011504,0.153537,0.025204,-5.266571,-0.007778,
feedback,7.050539,1786353226926,7,Ry,-5.000000,-75.000000,-5.204773,-0.204773,,,359.999908,-134.999466,479.998962,0.000429,20.000172,0.000163,359.995636,-134.999771,479.977448,0.000346,-14.843161,-0.000061,-0.328676,-0.119841,0.058254,-0.033177,-5.204773,-0.036261,
feedback,7.058040,1786353226934,7,Ry,-5.000000,-75.000000,-5.191040,-0.191040,,,359.999908,-134.999466,479.998962,0.000429,20.000172,0.000163,359.993835,-134.998779,479.977875,0.000381,-14.884580,0.000076,-0.336156,0.086283,0.164552,0.003552,-5.191040,0.000461,
feedback,7.066963,1786353226943,7,Ry,-5.000000,-75.000000,-5.129242,-0.129242,,,359.999908,-134.999466,479.998962,0.000429,20.000172,0.000163,359.990784,-134.999557,479.978180,0.000311,-14.925669,-0.000005,-0.443250,-0.129427,0.043577,-0.001756,-5.129242,-0.013965,
feedback,7.074422,1786353226951,7,Ry,-5.000000,-75.000000,-5.053711,-0.053711,,,359.999908,-134.999466,479.998962,0.000429,20.000172,0.000163,359.986938,-134.998825,479.977509,0.000291,-14.966181,0.000077,-0.454009,0.117920,-0.088984,-0.019879,-5.053711,0.008413,
feedback,7.083027,1786353226960,7,Ry,-5.000000,-75.000000,-5.163574,-0.163574,,,359.999908,-134.999466,479.998962,0.000429,20.000172,0.000163,359.983124,-134.999084,479.977936,0.000339,-15.007077,0.000078,-0.432415,0.086281,0.171407,0.001798,-5.163574,0.007101,
feedback,7.091238,1786353226968,7,Ry,-5.000000,-75.000000,-5.184173,-0.184173,,,359.999908,-134.999466,479.998962,0.000429,20.000172,0.000163,359.980621,-134.999039,479.978790,0.000297,-15.048193,0.000134,-0.318662,0.021091,0.114995,-0.018590,-5.184174,0.016327,
feedback,7.098951,1786353226976,7,Ry,-5.000000,-75.000000,-5.211639,-0.211639,,,359.999908,-134.999466,479.998962,0.000429,20.000172,0.000163,359.979218,-134.999298,479.980957,0.000367,-15.110568,0.000050,-0.143923,0.086281,0.041192,0.001807,-5.211639,0.007104,
feedback,7.107451,1786353226985,7,Ry,-5.000000,-75.000000,-5.204773,-0.204773,,,359.999908,-134.999466,479.998962,0.000429,20.000172,0.000163,359.980164,-134.999161,479.983063,0.000387,-15.152316,0.000106,0.134814,0.162017,0.190935,0.006648,-5.204773,0.029261,
feedback,7.115822,1786353226993,7,Ry,-5.000000,-75.000000,-5.081177,-0.081177,,,359.999908,-134.999466,479.998962,0.000429,20.000172,0.000163,359.979919,-134.999298,479.984985,0.000367,-15.193048,0.000050,0.023016,0.010546,0.175002,-0.004810,-5.081177,-0.008426,
feedback,7.124097,1786353227002,7,Ry,-5.000000,-75.000000,-5.005646,-0.005646,,,359.999908,-134.999466,479.998962,0.000429,20.000172,0.000163,359.978668,-134.999252,479.987610,0.000340,-15.233203,0.000050,-0.148604,0.086281,0.341556,0.003625,-5.005646,0.000483,
feedback,7.131506,1786353227010,7,Ry,-5.000000,-75.000000,-4.978180,0.021820,,,359.999908,-134.999466,479.998962,0.000429,20.000172,0.000163,359.978271,-134.999771,479.989990,0.000332,-15.273056,-0.000004,-0.019106,-0.086281,0.307238,0.000010,-4.978180,-0.013733,
feedback,7.139975,1786353227018,7,Ry,-5.000000,-75.000000,-5.019379,-0.019379,,,359.999908,-134.999466,479.998962,0.000429,20.000172,0.000163,359.978577,-134.999084,479.992493,0.000347,-15.313128,0.000049,0.070289,0.053687,0.345598,-0.006603,-5.019379,0.005053,
feedback,7.147820,1786353227026,7,Ry,-5.000000,-75.000000,-5.094910,-0.094910,,,359.999908,-134.999466,479.998962,0.000429,20.000172,0.000163,359.980408,-134.999130,479.995453,0.000360,-15.353806,0.000106,0.213345,-0.065189,0.236040,-0.013223,-5.094910,-0.017369,
feedback,7.156292,1786353227035,7,Ry,-5.000000,-75.000000,-5.184174,-0.184174,,,359.999908,-134.999466,479.998962,0.000429,20.000172,0.000163,359.984436,-134.999298,479.999542,0.000367,-15.394757,0.000050,0.546927,0.031640,0.527076,-0.019843,-5.184174,-0.005468,
feedback,7.164074,1786353227043,7,Ry,-5.000000,-75.000000,-5.067444,-0.067444,,,359.999908,-134.999466,479.998962,0.000429,20.000172,0.000163,359.988068,-134.999435,480.003723,0.000348,-15.435572,-0.000006,0.457833,-0.032594,0.459910,-0.002949,-5.067444,-0.021932,
feedback,7.172307,1786353227052,7,Ry,-5.000000,-75.000000,-4.991913,0.008087,,,359.999908,-134.999466,479.998962,0.000429,20.000172,0.000163,359.991699,-134.999344,480.007355,0.000387,-15.476056,0.000078,0.400024,-0.021091,0.362605,0.009587,-4.991913,0.016899,
feedback,7.180455,1786353227060,7,Ry,-5.000000,-75.000000,-4.950714,0.049286,,,359.999908,-134.999466,479.998962,0.000429,20.000172,0.000163,359.994354,-134.999344,480.010742,0.000380,-15.516129,0.000107,0.331414,-0.021091,0.251795,0.009575,-4.950714,0.016906,
feedback,7.188837,1786353227068,7,Ry,-5.000000,-75.000000,-4.991913,0.008087,,,359.999908,-134.999466,479.998962,0.000429,20.000172,0.000163,359.995392,-134.999603,480.014130,0.000466,-15.555954,-0.000035,0.167430,-0.010546,0.414627,0.008471,-4.991913,-0.004773,
feedback,7.196983,1786353227077,7,Ry,-5.000000,-75.000000,-4.991913,0.008087,,,359.999908,-134.999466,479.998962,0.000429,20.000172,0.000163,359.998810,-134.999298,480.017853,0.000360,-15.615885,0.000078,0.313591,0.022052,0.338106,0.011394,-4.991913,0.017176,
feedback,7.205207,1786353227085,7,Ry,-5.000000,-75.000000,-5.067444,-0.067444,,,359.999908,-134.999466,479.998962,0.000429,20.000172,0.000163,360.001801,-134.999252,480.018707,0.000348,-15.656507,0.000021,0.370640,0.021093,0.208323,-0.009500,-5.067444,-0.016929,
feedback,7.213448,1786353227089,7,Ry,-5.000000,-75.000000,-5.046844,-0.046844,,,359.999908,-134.999466,479.998962,0.000429,20.000172,0.000163,360.003540,-134.999298,480.018890,0.000360,-15.676694,0.000078,0.440903,-0.010545,0.043275,0.002917,-5.046844,0.015077,
feedback,7.221434,1786353227098,7,Ry,-5.000000,-75.000000,-5.088043,-0.088043,,,359.999908,-134.999466,479.998962,0.000429,20.000172,0.000163,360.007355,-134.999252,480.020386,0.000341,-15.717865,0.000050,0.416440,0.053692,0.131389,-0.006593,-5.088043,0.005006,
feedback,7.229803,1786353227107,7,Ry,-5.000000,-75.000000,-5.074310,-0.074310,,,359.999908,-134.999466,479.998962,0.000429,20.000172,0.000163,360.010406,-134.999390,480.021179,0.000298,-15.758679,0.000079,0.245767,-0.011505,0.073318,-0.023540,-5.074310,0.000756,
feedback,7.238112,1786353227115,7,Ry,-5.000000,-75.000000,-5.074310,-0.074310,,,359.999908,-134.999466,479.998962,0.000429,20.000172,0.000163,360.011475,-134.999207,480.022339,0.000314,-15.799494,0.000050,0.075991,0.065197,0.161339,0.013231,-5.074310,0.017472,
feedback,7.246399,1786353227123,7,Ry,-5.000000,-75.000000,-5.088043,-0.088043,,,359.999908,-134.999466,479.998962,0.000429,20.000172,0.000163,360.011566,-134.999435,480.021942,0.000341,-15.840198,0.000022,-0.024728,-0.107381,-0.133148,0.015100,-5.088043,-0.016590,
feedback,7.255015,1786353227132,7,Ry,-5.000000,-75.000000,-5.163574,-0.163574,,,359.999908,-134.999466,479.998962,0.000429,20.000172,0.000163,360.010956,-134.999130,480.022278,0.000353,-15.881342,0.000134,-0.062154,0.086289,0.120796,-0.003738,-5.163574,0.026942,
feedback,7.262989,1786353227140,7,Ry,-5.000000,-75.000000,-5.122375,-0.122375,,,359.999908,-134.999466,479.998962,0.000429,20.000172,0.000163,360.010895,-134.999161,480.020660,0.000388,-15.922266,0.000105,-0.056081,0.032598,-0.229789,0.004739,-5.122375,0.015353,
feedback,7.271289,1786353227149,7,Ry,-5.000000,-75.000000,-5.156708,-0.156708,,,359.999908,-134.999466,479.998962,0.000429,20.000172,0.000163,360.010040,-134.999649,480.018036,0.000361,-15.983953,0.000023,-0.051903,-0.000960,-0.305523,-0.026392,-5.156708,-0.014430,
feedback,7.278859,1786353227157,7,Ry,-5.000000,-75.000000,-5.232239,-0.232239,,,359.999908,-134.999466,479.998962,0.000429,20.000172,0.000163,360.009979,-134.999390,480.016907,0.000314,-16.025482,0.000022,-0.075972,-0.032598,-0.006482,-0.008480,-5.232239,-0.002162,
feedback,7.287102,1786353227166,7,Ry,-5.000000,-75.000000,-5.094910,-0.094910,,,359.999908,-134.999466,479.998962,0.000429,20.000172,0.000163,360.009766,-134.998917,480.014404,0.000350,-16.066296,0.000076,-0.035441,0.129433,-0.273087,0.001922,-5.094910,0.014001,
feedback,7.295200,1786353227174,7,Ry,-5.000000,-75.000000,-5.108643,-0.108643,,,359.999908,-134.999466,479.998962,0.000429,20.000172,0.000163,360.008362,-134.999680,480.012695,0.000397,-16.107304,-0.000006,-0.170697,-0.032598,-0.223299,-0.004680,-5.108643,-0.015368,
feedback,7.303979,1786353227183,7,Ry,-5.000000,-75.000000,-5.039978,-0.039978,,,359.999908,-134.999466,479.998962,0.000429,20.000172,0.000163,360.006073,-134.999557,480.009491,0.000424,-16.147760,0.000022,-0.283299,-0.085329,-0.502556,0.026397,-5.039978,0.000772,
feedback,7.311673,1786353227191,7,Ry,-5.000000,-75.000000,-5.129242,-0.129242,,,359.999908,-134.999466,479.998962,0.000429,20.000172,0.000163,360.002350,-134.999512,480.003906,0.000405,-16.188244,-0.000007,-0.514864,-0.117927,-0.682340,0.019797,-5.129242,-0.007990,
feedback,7.320452,1786353227200,7,Ry,-5.000000,-75.000000,-5.046844,-0.046844,,,359.999908,-134.999466,479.998962,0.000429,20.000172,0.000163,359.998871,-134.999252,479.998413,0.000326,-16.228428,0.000106,-0.409024,-0.107380,-0.637719,0.009365,-5.046844,0.003291,
feedback,7.328009,1786353227204,7,Ry,-5.000000,-75.000000,-5.067444,-0.067444,,,359.999908,-134.999466,479.998962,0.000429,20.000172,0.000163,359.997894,-134.999390,479.996765,0.000417,-16.248697,0.000078,-0.245626,-0.031639,-0.408401,0.021715,-5.067444,-0.000828,
feedback,7.336776,1786353227212,7,Ry,-5.000000,-75.000000,-5.053711,-0.053711,,,359.999908,-134.999466,479.998962,0.000429,20.000172,0.000163,359.997070,-134.998688,479.993073,0.000433,-16.289265,0.000130,-0.044730,0.162025,-0.355976,0.010469,-5.053711,0.016210,
feedback,7.344216,1786353227221,7,Ry,-5.000000,-75.000000,-5.039978,-0.039978,,,359.999908,-134.999466,479.998962,0.000429,20.000172,0.000163,359.997070,-134.999603,479.990479,0.000326,-16.350183,0.000051,0.043108,-0.021092,-0.174130,0.009324,-5.039978,0.017043,
feedback,7.352494,1786353227229,7,Ry,-5.000000,-75.000000,-5.026245,-0.026245,,,359.999908,-134.999466,479.998962,0.000429,20.000172,0.000163,359.997284,-134.999176,479.987885,0.000288,-16.390284,0.000049,-0.019297,0.053689,-0.222297,-0.006571,-5.026245,0.004929,
feedback,7.360668,1786353227238,7,Ry,-5.000000,-75.000000,-5.012512,-0.012512,,,359.999908,-134.999466,479.998962,0.000429,20.000172,0.000163,359.995941,-134.999557,479.985565,0.000323,-16.430492,-0.000034,-0.160221,-0.107378,-0.400554,0.015126,-5.012512,-0.016435,
feedback,7.368739,1786353227246,7,Ry,-5.000000,-75.000000,-4.936981,0.063019,,,359.999908,-134.999466,479.998962,0.000429,20.000172,0.000163,359.994629,-134.999298,479.982513,0.000378,-16.470318,0.000020,-0.208956,0.000957,-0.438051,0.024409,-4.936981,0.021238,
feedback,7.376879,1786353227254,7,Ry,-5.000000,-75.000000,-4.875183,0.124817,,,359.999908,-134.999466,479.998962,0.000429,20.000172,0.000163,359.993042,-134.998871,479.979248,0.000425,-16.509485,0.000131,-0.204424,0.022049,-0.393612,0.013190,-4.875183,0.010769,
feedback,7.385708,1786353227263,7,Ry,-5.000000,-75.000000,-4.902649,0.097351,,,359.999908,-134.999466,479.998962,0.000429,20.000172,0.000163,359.991821,-134.999390,479.976593,0.000425,-16.548542,0.000049,-0.128112,-0.106419,-0.216509,0.041464,-4.902649,-0.001714,
feedback,7.393220,1786353227271,7,Ry,-5.000000,-75.000000,-4.923248,0.076752,,,359.999908,-134.999466,479.998962,0.000429,20.000172,0.000163,359.992157,-134.999298,479.975525,0.000379,-16.587790,0.000020,0.045699,-0.053688,-0.012288,0.010518,-4.923248,-0.018068,
feedback,7.401549,1786353227279,7,Ry,-5.000000,-75.000000,-4.971313,0.028687,,,359.999908,-134.999466,479.998962,0.000429,20.000172,0.000163,359.994293,-134.999298,479.975525,0.000379,-16.627369,0.000020,0.330059,-0.021091,0.145347,0.013175,-4.971313,0.003930,
feedback,7.409487,1786353227288,7,Ry,-5.000000,-75.000000,-4.943848,0.056152,,,359.999908,-134.999466,479.998962,0.000429,20.000172,0.000163,359.996765,-134.999680,479.976593,0.000398,-16.667057,-0.000006,0.354688,0.054648,0.141181,0.021715,-4.943848,0.013063,
feedback,7.417911,1786353227297,7,Ry,-5.000000,-75.000000,-4.930115,0.069885,,,359.999908,-134.999466,479.998962,0.000429,20.000172,0.000163,359.998718,-134.999817,479.976654,0.000379,-16.725887,-0.000062,-0.005523,-0.214757,-0.163501,0.028289,-4.930115,-0.026137,
feedback,7.425842,1786353227305,7,Ry,-5.000000,-75.000000,-4.895782,0.104218,,,359.999908,-134.999466,479.998962,0.000429,20.000172,0.000163,359.999268,-134.999207,479.975311,0.000324,-16.764505,0.000020,0.096389,0.043143,-0.210864,0.001997,-4.895782,0.000292,
feedback,7.434425,1786353227313,7,Ry,-5.000000,-75.000000,-4.820251,0.179749,,,359.999908,-134.999466,479.998962,0.000429,20.000172,0.000163,359.998505,-134.999039,479.974091,0.000308,-16.803122,0.000105,-0.090362,0.117924,-0.138507,-0.021686,-4.820251,0.014351,
feedback,7.442398,1786353227322,7,Ry,-5.000000,-75.000000,-4.868317,0.131683,,,359.999908,-134.999466,479.998962,0.000429,20.000172,0.000163,359.999298,-134.999252,479.973694,0.000352,-16.842068,0.000020,0.117557,-0.096832,-0.075780,0.008578,-4.868317,-0.018315,
feedback,7.451237,1786353227330,7,Ry,-5.000000,-75.000000,-4.950714,0.049286,,,359.999908,-134.999466,479.998962,0.000429,20.000172,0.000163,360.001678,-134.999039,479.974762,0.000333,-16.881592,0.000019,0.308262,-0.022050,0.082797,-0.011128,-4.950714,-0.017425,
feedback,7.458756,1786353227339,7,Ry,-5.000000,-75.000000,-5.012512,-0.012512,,,359.999908,-134.999466,479.998962,0.000429,20.000172,0.000163,360.004974,-134.999344,479.976654,0.000399,-16.921499,0.000049,0.457572,-0.031637,0.281599,0.013729,-5.012512,0.025703,
feedback,7.467635,1786353227343,7,Ry,-5.000000,-75.000000,-5.046845,-0.046845,,,359.999908,-134.999466,479.998962,0.000429,20.000172,0.000163,360.006561,-134.999557,479.977448,0.000325,-16.941687,-0.000035,0.398152,-0.054649,0.196887,-0.017692,-5.046844,-0.026304,
feedback,7.475029,1786353227351,7,Ry,-5.000000,-75.000000,-5.094910,-0.094910,,,359.999908,-134.999466,479.998962,0.000429,20.000172,0.000163,360.009399,-134.999130,479.979248,0.000380,-16.982336,0.000047,0.251162,0.097795,0.332321,0.019721,-5.094910,0.026616,
feedback,7.483878,1786353227360,7,Ry,-5.000000,-75.000000,-5.101776,-0.101776,,,359.999908,-134.999466,479.998962,0.000429,20.000172,0.000163,360.009949,-134.999481,479.980286,0.000262,-17.022959,-0.000006,-0.019338,-0.108341,0.188172,-0.017139,-5.101776,-0.011489,
feedback,7.491551,1786353227369,7,Ry,-5.000000,-75.000000,-5.122375,-0.122375,,,359.999908,-134.999466,479.998962,0.000429,20.000172,0.000163,360.008759,-134.999512,479.981140,0.000408,-17.083988,-0.000008,-0.139843,-0.031639,0.139899,0.019705,-5.122375,0.006052,
feedback,7.499758,1786353227377,7,Ry,-5.000000,-75.000000,-5.129242,-0.129242,,,359.999908,-134.999466,479.998962,0.000429,20.000172,0.000163,360.008270,-134.999435,479.981476,0.000353,-17.124802,-0.000008,-0.145059,-0.086289,-0.033393,0.002037,-5.129242,-0.020295,
feedback,7.508123,1786353227385,7,Ry,-5.000000,-75.000000,-5.211640,-0.211640,,,359.999908,-134.999466,479.998962,0.000429,20.000172,0.000163,360.008636,-134.999695,479.982788,0.000290,-17.166193,-0.000034,0.188315,-0.151484,0.286544,-0.011085,-5.211639,-0.038080,
feedback,7.516180,1786353227394,7,Ry,-5.000000,-75.000000,-5.218506,-0.218506,,,359.999908,-134.999466,479.998962,0.000429,20.000172,0.000163,360.010010,-134.999130,479.985626,0.000262,-17.208187,0.000048,0.117079,-0.097794,0.413288,-0.023723,-5.218506,-0.013575,
feedback,7.525228,1786353227402,7,Ry,-5.000000,-75.000000,-5.335236,-0.335236,,,359.999908,-134.999466,479.998962,0.000429,20.000172,0.000163,360.011475,-134.999557,479.989075,0.000317,-17.250896,-0.000006,0.179446,-0.075743,0.502089,-0.010617,-5.335236,-0.002654,
feedback,7.532493,1786353227410,7,Ry,-5.000000,-75.000000,-5.300903,-0.300903,,,359.999908,-134.999466,479.998962,0.000429,20.000172,0.000163,360.012207,-134.999039,479.991272,0.000326,-17.293497,0.000047,-0.000027,0.043145,0.282883,0.000020,-5.300903,0.006866,
feedback,7.541380,1786353227419,7,Ry,-5.000000,-75.000000,-5.245972,-0.245972,,,359.999908,-134.999466,479.998962,0.000429,20.000172,0.000163,360.011139,-134.999176,479.992859,0.000281,-17.335629,0.000077,-0.156500,0.064236,0.219785,-0.017183,-5.245972,0.015884,
feedback,7.549348,1786353227427,7,Ry,-5.000000,-75.000000,-5.314636,-0.314636,,,359.999908,-134.999466,479.998962,0.000429,20.000172,0.000163,360.009613,-134.999084,479.994568,0.000252,-17.377762,-0.000009,-0.075714,0.042184,0.236118,-0.024144,-5.314636,-0.014756,
feedback,7.558312,1786353227436,7,Ry,-5.000000,-75.000000,-5.259704,-0.259704,,,359.999908,-134.999466,479.998962,0.000429,20.000172,0.000163,360.008453,-134.999207,479.995270,0.000309,-17.419811,0.000077,-0.110954,0.011505,0.063330,0.013505,-5.259705,0.032688,
feedback,7.565481,1786353227444,7,Ry,-5.000000,-75.000000,-5.239105,-0.239105,,,359.999908,-134.999466,479.998962,0.000429,20.000172,0.000163,360.007263,-134.999435,479.996124,0.000244,-17.461834,-0.000035,-0.146021,-0.172577,0.052619,0.002073,-5.239105,-0.034016,
feedback,7.574571,1786353227453,7,Ry,-5.000000,-75.000000,-5.314636,-0.314636,,,359.999908,-134.999466,479.998962,0.000429,20.000172,0.000163,360.007660,-134.998993,479.998688,0.000418,-17.525391,0.000046,0.102851,-0.021092,0.227534,0.015186,-5.314636,-0.002412,
feedback,7.581752,1786353227461,7,Ry,-5.000000,-75.000000,-5.328369,-0.328369,,,359.999908,-134.999466,479.998962,0.000429,20.000172,0.000163,360.007721,-134.999435,480.001099,0.000363,-17.567770,-0.000037,-0.087516,-0.129433,0.136411,0.002088,-5.328369,-0.027146,
feedback,7.590435,1786353227469,7,Ry,-5.000000,-75.000000,-5.280304,-0.280304,,,359.999908,-134.999466,479.998962,0.000429,20.000172,0.000163,360.007629,-134.999344,480.002655,0.000418,-17.609711,-0.000009,-0.199461,-0.064237,0.091603,0.015184,-5.280304,-0.009257,
feedback,7.597834,1786353227478,7,Ry,-5.000000,-75.000000,-5.191040,-0.191040,,,359.999908,-134.999466,479.998962,0.000429,20.000172,0.000163,360.006256,-134.999344,480.004028,0.000300,-17.650965,-0.000008,-0.270480,0.021091,0.088149,-0.015153,-5.191040,0.002379,
feedback,7.606015,1786353227482,7,Ry,-5.000000,-75.000000,-5.122375,-0.122375,,,359.999908,-134.999466,479.998962,0.000429,20.000172,0.000163,360.005005,-134.999252,480.004913,0.000355,-17.691696,0.000019,-0.163935,0.043143,0.100595,-0.008330,-5.122375,0.033033,
feedback,7.614285,1786353227490,7,Ry,-5.000000,-75.000000,-5.088043,-0.088043,,,359.999908,-134.999466,479.998962,0.000429,20.000172,0.000163,360.004089,-134.999603,480.004852,0.000364,-17.712048,-0.000064,-0.230090,-0.086288,-0.016542,0.002101,-5.088043,-0.020274,
feedback,7.622467,1786353227499,7,Ry,-5.000000,-75.000000,-5.074310,-0.074310,,,359.999908,-134.999466,479.998962,0.000429,20.000172,0.000163,360.004547,-134.999252,480.006134,0.000372,-17.753000,-0.000038,0.106637,0.032598,0.128395,0.010744,-5.074310,-0.004119,
feedback,7.630584,1786353227507,7,Ry,-5.000000,-75.000000,-5.074310,-0.074310,,,359.999908,-134.999466,479.998962,0.000429,20.000172,0.000163,360.004211,-134.999084,480.006195,0.000245,-17.793705,0.000019,-0.052817,0.021092,-0.059555,-0.017256,-5.074310,0.008879,
feedback,7.638685,1786353227515,7,Ry,-5.000000,-75.000000,-5.053711,-0.053711,,,359.999908,-134.999466,479.998962,0.000429,20.000172,0.000163,360.005371,-134.999390,480.006500,0.000446,-17.833969,-0.000010,0.174878,0.032598,0.152032,0.006553,-5.053711,0.008969,
feedback,7.646830,1786353227524,7,Ry,-5.000000,-75.000000,-4.985046,0.014954,,,359.999908,-134.999466,479.998962,0.000429,20.000172,0.000163,360.006287,-134.999298,480.007446,0.000374,-17.873877,0.000048,0.137480,-0.053690,0.083733,0.006552,-4.985046,-0.004759,
feedback,7.655321,1786353227532,7,Ry,-5.000000,-75.000000,-4.930115,0.069885,,,359.999908,-134.999466,479.998962,0.000429,20.000172,0.000163,360.006805,-134.999252,480.008118,0.000373,-17.913538,-0.000039,0.128609,0.086288,0.006390,0.002129,-4.930115,0.007199,
feedback,7.663223,1786353227541,7,Ry,-5.000000,-75.000000,-4.820251,0.179749,,,359.999908,-134.999466,479.998962,0.000429,20.000172,0.000163,360.007080,-134.999039,480.008514,0.000337,-17.972040,0.000018,0.053806,0.032598,-0.137241,0.008669,-4.820251,0.002454,
feedback,7.671699,1786353227549,7,Ry,-5.000000,-75.000000,-4.744721,0.255279,,,359.999908,-134.999466,479.998962,0.000429,20.000172,0.000163,360.005981,-134.999481,480.007629,0.000291,-18.010464,-0.000094,-0.108704,-0.032598,-0.340221,-0.000149,-4.744720,-0.028579,
feedback,7.680011,1786353227557,7,Ry,-5.000000,-75.000000,-4.799652,0.200348,,,359.999908,-134.999466,479.998962,0.000429,20.000172,0.000163,360.004303,-134.999207,480.006653,0.000337,-18.048807,-0.000010,-0.228785,-0.064237,-0.105844,0.015201,-4.799652,-0.009140,
feedback,7.688014,1786353227566,7,Ry,-5.000000,-75.000000,-4.827118,0.172882,,,359.999908,-134.999466,479.998962,0.000429,20.000172,0.000163,360.004456,-134.999130,480.005920,0.000291,-18.087341,-0.000039,0.042672,-0.022051,-0.026747,-0.006643,-4.827118,-0.030711,
feedback,7.695882,1786353227574,7,Ry,-5.000000,-75.000000,-4.916382,0.083618,,,359.999908,-134.999466,479.998962,0.000429,20.000172,0.000163,360.005249,-134.999130,480.006287,0.000274,-18.126453,0.000019,0.132404,0.053690,-0.000978,-0.006509,-4.916382,0.004730,
feedback,7.705445,1786353227582,7,Ry,-5.000000,-75.000000,-4.902649,0.097351,,,359.999908,-134.999466,479.998962,0.000429,20.000172,0.000163,360.006348,-134.999344,480.007141,0.000319,-18.165756,-0.000066,0.129998,-0.086287,0.197908,0.002155,-4.902649,-0.020257,
feedback,7.712305,1786353227591,7,Ry,-5.000000,-75.000000,-4.902649,0.097351,,,359.999908,-134.999466,479.998962,0.000429,20.000172,0.000163,360.007324,-134.999344,480.008270,0.000420,-18.205088,-0.000010,0.017134,-0.128472,0.175819,0.026107,-4.902649,-0.005152,
feedback,7.720951,1786353227599,7,Ry,-5.000000,-75.000000,-4.930115,0.069885,,,359.999908,-134.999466,479.998962,0.000429,20.000172,0.000163,360.006653,-134.999557,480.008148,0.000338,-18.244335,-0.000065,-0.040445,0.074782,-0.069696,-0.017402,-4.930115,-0.006104,
feedback,7.728795,1786353227608,7,Ry,-5.000000,-75.000000,-4.930115,0.069885,,,359.999908,-134.999466,479.998962,0.000429,20.000172,0.000163,360.005310,-134.998917,480.007446,0.000366,-18.283749,0.000045,-0.215048,0.118884,-0.173124,0.006541,-4.930115,0.022754,
feedback,7.737081,1786353227616,7,Ry,-5.000000,-75.000000,-4.909515,0.090485,,,359.999908,-134.999466,479.998962,0.000429,20.000172,0.000163,360.003601,-134.999161,480.005798,0.000421,-18.322998,0.000017,-0.173800,0.032597,-0.339046,0.006537,-4.909515,0.009025,
feedback,7.744804,1786353227624,7,Ry,-5.000000,-75.000000,-4.833984,0.166016,,,359.999908,-134.999466,479.998962,0.000429,20.000172,0.000163,359.998962,-134.999039,480.000580,0.000339,-18.381664,0.000017,-0.410448,0.010545,-0.302423,-0.004332,-4.833984,-0.008681,
feedback,7.754108,1786353227633,7,Ry,-5.000000,-75.000000,-4.950714,0.049286,,,359.999908,-134.999466,479.998962,0.000429,20.000172,0.000163,359.996704,-134.999481,479.997498,0.000275,-18.421875,-0.000036,-0.167153,-0.022051,-0.433325,-0.010847,-4.950714,-0.017721,
feedback,7.761292,1786353227641,7,Ry,-5.000000,-75.000000,-5.074310,-0.074310,,,359.999908,-134.999466,479.998962,0.000429,20.000172,0.000163,359.995636,-134.999344,479.995056,0.000412,-18.462688,0.000019,-0.013215,-0.031638,-0.280615,0.019556,-5.074310,0.006524,
feedback,7.770302,1786353227650,7,Ry,-5.000000,-75.000000,-5.136108,-0.136108,,,359.999908,-134.999466,479.998962,0.000429,20.000172,0.000163,359.996246,-134.999390,479.993805,0.000330,-18.503860,-0.000009,0.111428,-0.065193,-0.141206,-0.015187,-5.136108,-0.011580,
feedback,7.777940,1786353227658,7,Ry,-5.000000,-75.000000,-5.129242,-0.129242,,,359.999908,-134.999466,479.998962,0.000429,20.000172,0.000163,359.996796,-134.999298,479.992737,0.000275,-18.544922,-0.000009,0.072557,0.031639,-0.075833,-0.021699,-5.129242,-0.000042,
feedback,7.786643,1786353227662,7,Ry,-5.000000,-75.000000,-5.108643,-0.108643,,,359.999908,-134.999466,479.998962,0.000429,20.000172,0.000163,359.996765,-134.999207,479.991272,0.000339,-18.565357,-0.000011,-0.010536,0.022050,-0.368510,0.015222,-5.108643,0.004730,
feedback,7.794617,1786353227670,7,Ry,-5.000000,-75.000000,-5.101776,-0.101776,,,359.999908,-134.999466,479.998962,0.000429,20.000172,0.000163,359.995422,-134.999039,479.988037,0.000330,-18.606197,0.000046,-0.159598,0.086285,-0.384559,-0.002171,-5.101776,0.020240,
feedback,7.803422,1786353227679,7,Ry,-5.000000,-75.000000,-4.936981,0.063019,,,359.999908,-134.999466,479.998962,0.000429,20.000172,0.000163,359.993164,-134.999344,479.983948,0.000303,-18.646353,-0.000009,-0.281113,0.021091,-0.533253,-0.012998,-4.936981,-0.004391,
feedback,7.810894,1786353227687,7,Ry,-5.000000,-75.000000,-5.074310,-0.074310,,,359.999908,-134.999466,479.998962,0.000429,20.000172,0.000163,359.991516,-134.999207,479.979645,0.000321,-18.687443,0.000047,-0.208343,-0.118881,-0.641008,-0.008687,-5.074310,-0.016295,
feedback,7.819510,1786353227696,7,Ry,-5.000000,-75.000000,-5.184174,-0.184174,,,359.999908,-134.999466,479.998962,0.000429,20.000172,0.000163,359.990387,-134.999207,479.975769,0.000331,-18.728394,0.000018,-0.085427,-0.064235,-0.464951,0.013023,-5.184174,-0.002457,
feedback,7.827001,1786353227704,7,Ry,-5.000000,-75.000000,-5.142975,-0.142975,,,359.999908,-134.999466,479.998962,0.000429,20.000172,0.000163,359.991760,-134.998917,479.972473,0.000358,-18.769482,0.000073,0.257634,0.108335,-0.417119,0.013025,-5.142975,0.025018,
feedback,7.835835,1786353227713,7,Ry,-5.000000,-75.000000,-5.218506,-0.218506,,,359.999908,-134.999466,479.998962,0.000429,20.000172,0.000163,359.994049,-134.999512,479.970947,0.000413,-18.831966,-0.000009,0.270561,-0.031638,-0.167087,0.019512,-5.218506,0.006649,
feedback,7.843433,1786353227721,7,Ry,-5.000000,-75.000000,-5.149842,-0.149842,,,359.999908,-134.999466,479.998962,0.000429,20.000172,0.000163,359.995728,-134.999557,479.969055,0.000340,-18.873302,-0.000066,0.156097,-0.065193,-0.281273,-0.006319,-5.149841,-0.037667,
feedback,7.851880,1786353227729,7,Ry,-5.000000,-75.000000,-5.088043,-0.088043,,,359.999908,-134.999466,479.998962,0.000429,20.000172,0.000163,359.996216,-134.999649,479.967529,0.000386,-18.914227,-0.000037,0.002641,-0.043143,-0.362980,0.000012,-5.088043,-0.006866,
feedback,7.859697,1786353227738,7,Ry,-5.000000,-75.000000,-4.964447,0.035553,,,359.999908,-134.999466,479.998962,0.000429,20.000172,0.000163,359.996857,-134.999084,479.967438,0.000349,-18.954794,0.000075,-0.013820,-0.053689,-0.078935,0.006513,-4.964447,-0.004636,
feedback,7.868534,1786353227746,7,Ry,-5.000000,-75.000000,-5.067444,-0.067444,,,359.999908,-134.999466,479.998962,0.000429,20.000172,0.000163,359.997009,-134.998871,479.965668,0.000331,-18.995884,0.000073,-0.043810,0.064235,-0.204465,-0.015198,-5.067444,0.008889,
feedback,7.876057,1786353227755,7,Ry,-5.000000,-75.000000,-5.094910,-0.094910,,,359.999908,-134.999466,479.998962,0.000429,20.000172,0.000163,359.997681,-134.999252,479.966248,0.000359,-19.036724,0.000018,0.082415,0.021093,0.045172,-0.010725,-5.094910,-0.010970,
feedback,7.884751,1786353227763,7,Ry,-5.000000,-75.000000,-5.060577,-0.060577,,,359.999908,-134.999466,479.998962,0.000429,20.000172,0.000163,359.999725,-134.999084,479.966827,0.000359,-19.077320,0.000045,0.294391,0.022052,0.030354,0.012998,-5.060577,0.011355,
feedback,7.892501,1786353227772,7,Ry,-5.000000,-75.000000,-5.170440,-0.170440,,,359.999908,-134.999466,479.998962,0.000429,20.000172,0.000163,360.002838,-134.999176,479.970673,0.000285,-19.118710,0.000076,0.423062,0.150524,0.433444,-0.019705,-5.170441,0.035565,
feedback,7.901236,1786353227780,7,Ry,-5.000000,-75.000000,-5.129242,-0.129242,,,359.999908,-134.999466,479.998962,0.000429,20.000172,0.000163,360.005188,-134.999557,479.975128,0.000332,-19.159662,-0.000037,0.202933,-0.065195,0.502710,-0.010706,-5.129242,-0.024726,
feedback,7.909075,1786353227789,7,Ry,-5.000000,-75.000000,-5.005646,-0.005646,,,359.999908,-134.999466,479.998962,0.000429,20.000172,0.000163,360.007385,-134.999344,479.980621,0.000314,-19.220224,-0.000039,0.031109,0.043144,0.588148,0.002275,-5.005646,0.000383,
feedback,7.917697,1786353227797,7,Ry,-5.000000,-75.000000,-4.971313,0.028687,,,359.999908,-134.999466,479.998962,0.000429,20.000172,0.000163,360.008118,-134.999344,479.984192,0.000305,-19.260406,-0.000010,0.176446,-0.032598,0.538105,-0.008733,-4.971313,-0.002649,
feedback,7.925590,1786353227801,7,Ry,-5.000000,-75.000000,-5.067444,-0.067444,,,359.999908,-134.999466,479.998962,0.000429,20.000172,0.000163,360.008636,-134.998825,479.986420,0.000314,-19.280676,0.000044,0.135065,0.129433,0.550400,0.002289,-5.067444,0.014118,
feedback,7.933964,1786353227810,7,Ry,-5.000000,-75.000000,-5.039978,-0.039978,,,359.999908,-134.999466,479.998962,0.000429,20.000172,0.000163,360.009735,-134.998871,479.990997,0.000332,-19.320942,0.000073,0.218024,0.193670,0.593019,-0.012938,-5.039978,0.022922,
feedback,7.941583,1786353227818,7,Ry,-5.000000,-75.000000,-5.177307,-0.177307,,,359.999908,-134.999466,479.998962,0.000429,20.000172,0.000163,360.011261,-134.999084,479.997742,0.000360,-19.361700,0.000045,0.262234,0.032599,0.963629,0.006498,-5.177307,0.009143,
feedback,7.949982,1786353227826,7,Ry,-5.000000,-75.000000,-5.094910,-0.094910,,,359.999908,-134.999466,479.998962,0.000429,20.000172,0.000163,360.013824,-134.998871,480.002777,0.000362,-19.402487,-0.000015,0.244062,-0.010545,0.703145,0.008780,-5.094910,-0.004195,
feedback,7.958488,1786353227835,7,Ry,-5.000000,-75.000000,-5.088043,-0.088043,,,359.999908,-134.999466,479.998962,0.000429,20.000172,0.000163,360.015717,-134.999603,480.008240,0.000370,-19.443329,-0.000067,0.188170,-0.108342,0.683898,-0.010652,-5.088043,-0.031646,
feedback,7.966126,1786353227843,7,Ry,-5.000000,-75.000000,-5.046845,-0.046845,,,359.999908,-134.999466,479.998962,0.000429,20.000172,0.000163,360.016388,-134.999603,480.013214,0.000370,-19.483704,-0.000067,0.054600,-0.129435,0.657505,-0.002278,-5.046844,-0.014126,
feedback,7.975150,1786353227852,7,Ry,-5.000000,-75.000000,-5.019379,-0.019379,,,359.999908,-134.999466,479.998962,0.000429,20.000172,0.000163,360.015961,-134.999176,480.017242,0.000315,-19.523777,-0.000012,-0.043239,0.107382,0.525924,-0.010632,-5.019379,0.002672,
feedback,7.982995,1786353227860,7,Ry,-5.000000,-75.000000,-5.012512,-0.012512,,,359.999908,-134.999466,479.998962,0.000429,20.000172,0.000163,360.014374,-134.999176,480.018677,0.000306,-19.563766,0.000017,-0.222262,0.010545,0.222546,-0.006453,-5.012512,-0.002299,
feedback,7.991497,1786353227868,7,Ry,-5.000000,-75.000000,-5.142975,-0.142975,,,359.999908,-134.999466,479.998962,0.000429,20.000172,0.000163,360.014221,-134.999298,480.020996,0.000408,-19.604416,-0.000041,0.077724,-0.043145,0.295155,0.004625,-5.142975,-0.019803,
feedback,7.998587,1786353227877,7,Ry,-5.000000,-75.000000,-5.101776,-0.101776,,,359.999908,-134.999466,479.998962,0.000429,20.000172,0.000163,360.013672,-134.999344,480.022156,0.000465,-19.665857,-0.000129,-0.076309,-0.010546,-0.029952,0.015726,-5.101776,-0.023553,
feedback,8.008628,1786353227887,7,Ry,-5.000000,-75.000000,-5.108643,-0.108643,,,359.999908,-134.999466,479.998962,0.000429,20.000172,0.000163,360.014557,-134.998917,480.021576,0.000381,-19.706699,0.000014,0.121879,0.064238,-0.111416,-0.008276,-5.108643,-0.010693,
feedback,8.018619,1786353227895,7,Ry,-5.000000,-75.000000,-5.108642,-0.108642,,,359.999908,-134.999466,479.998962,0.000429,20.000172,0.000163,360.015198,-134.998611,480.019531,0.000399,-19.747595,0.000098,0.146265,0.205179,-0.314791,0.004170,-5.108643,0.043115,
feedback,8.026340,1786353227904,7,Ry,-5.000000,-75.000000,-5.088043,-0.088043,,,359.999908,-134.999466,479.998962,0.000429,20.000172,0.000163,360.014679,-134.999207,480.017426,0.000344,-19.788548,-0.000012,-0.090411,0.032598,-0.332522,0.006478,-5.088043,0.009191,
feedback,8.034845,1786353227912,7,Ry,-5.000000,-75.000000,-4.991913,0.008087,,,359.999908,-134.999466,479.998962,0.000429,20.000172,0.000163,360.014038,-134.999466,480.014618,0.000409,-19.828619,-0.000069,-0.092396,-0.053691,-0.296497,0.004145,-4.991913,0.001922,
feedback,8.042743,1786353227921,7,Ry,-5.000000,-75.000000,-5.026245,-0.026245,,,359.999908,-134.999466,479.998962,0.000429,20.000172,0.000163,360.011658,-134.999344,480.006927,0.000427,-19.888935,-0.000012,-0.248035,-0.053692,-0.668016,0.006474,-5.026245,-0.004531,
feedback,8.051635,1786353227929,7,Ry,-5.000000,-75.000000,-4.978180,0.021820,,,359.999908,-134.999466,479.998962,0.000429,20.000172,0.000163,360.009521,-134.998993,480.000427,0.000407,-19.928568,0.000101,-0.286551,0.065195,-0.702385,0.010592,-4.978180,0.024869,
feedback,8.058833,1786353227937,7,Ry,-5.000000,-75.000000,-5.039978,-0.039978,,,359.999908,-134.999466,479.998962,0.000429,20.000172,0.000163,360.007385,-134.999420,479.993713,0.000502,-19.968832,-0.000071,-0.239209,-0.096835,-0.764790,0.011160,-5.039978,-0.024295,
feedback,8.067485,1786353227946,7,Ry,-5.000000,-75.000000,-5.088043,-0.088043,,,359.999908,-134.999466,479.998962,0.000429,20.000172,0.000163,360.006927,-134.999207,479.988068,0.000455,-20.009647,0.000015,0.040708,0.054650,-0.710976,0.014676,-5.088043,0.033685,
feedback,8.075626,1786353227954,7,Ry,-5.000000,-75.000000,-5.142975,-0.142975,,,359.999908,-134.999466,479.998962,0.000429,20.000172,0.000163,360.006653,-134.999420,479.984375,0.000502,-20.050350,-0.000071,-0.008575,0.054650,-0.334324,0.024076,-5.142975,0.007895,
feedback,8.083139,1786353227963,7,Ry,-5.000000,-75.000000,-5.115509,-0.115509,,,359.999908,-134.999466,479.998962,0.000429,20.000172,0.000163,360.006989,-134.999634,479.980682,0.000520,-20.091330,-0.000069,0.050580,-0.064236,-0.316270,0.017629,-5.115509,-0.015046,
feedback,8.092389,1786353227971,7,Ry,-5.000000,-75.000000,-5.094910,-0.094910,,,359.999908,-134.999466,479.998962,0.000429,20.000172,0.000163,360.007050,-134.999344,479.978821,0.000417,-20.132198,0.000017,-0.052253,-0.053690,-0.191782,0.008827,-5.094910,-0.010950,
feedback,8.099893,1786353227979,7,Ry,-5.000000,-75.000000,-5.067444,-0.067444,,,359.999908,-134.999466,479.998962,0.000429,20.000172,0.000163,360.007233,-134.999512,479.974792,0.000408,-20.172573,0.000018,0.009954,-0.064236,-0.376253,0.010537,-5.067444,0.004315,
feedback,8.108983,1786353227988,7,Ry,-5.000000,-75.000000,-4.978180,0.021820,,,359.999908,-134.999466,479.998962,0.000429,20.000172,0.000163,360.005981,-134.999161,479.971924,0.000428,-20.212702,0.000015,-0.107270,-0.000000,-0.354164,0.000019,-4.978180,0.000000,
feedback,8.116149,1786353227996,7,Ry,-5.000000,-75.000000,-4.895782,0.104218,,,359.999908,-134.999466,479.998962,0.000429,20.000172,0.000163,360.003296,-134.999207,479.967590,0.000335,-20.252087,0.000017,-0.284327,0.010545,-0.647741,-0.006426,-4.895782,-0.002377,
feedback,8.125269,1786353228000,7,Ry,-5.000000,-75.000000,-4.888916,0.111084,,,359.999908,-134.999466,479.998962,0.000429,20.000172,0.000163,359.999664,-134.998779,479.963287,0.000391,-20.291529,0.000099,-0.282761,0.075739,-0.606961,0.004082,-4.888916,0.022555,
feedback,8.132833,1786353228009,7,Ry,-5.000000,-75.000000,-4.930115,0.069885,,,359.999908,-134.999466,479.998962,0.000429,20.000172,0.000163,359.997406,-134.999252,479.961090,0.000373,-20.331024,-0.000013,-0.241425,-0.032598,-0.365773,-0.004036,-4.930115,-0.015691,
feedback,8.141867,1786353228017,7,Ry,-5.000000,-75.000000,-4.936981,0.063019,,,359.999908,-134.999466,479.998962,0.000429,20.000172,0.000163,359.996887,-134.999084,479.960266,0.000384,-20.370823,-0.000015,-0.053775,0.064235,-0.063431,-0.015245,-4.936981,0.008523,
feedback,8.149384,1786353228026,7,Ry,-5.000000,-75.000000,-5.012512,-0.012512,,,359.999908,-134.999466,479.998962,0.000429,20.000172,0.000163,359.997467,-134.999466,479.962128,0.000391,-20.411005,-0.000011,0.097529,0.032597,0.270225,0.006450,-5.012512,0.009261,
feedback,8.157209,1786353228034,7,Ry,-5.000000,-75.000000,-5.033112,-0.033112,,,359.999908,-134.999466,479.998962,0.000429,20.000172,0.000163,359.997955,-134.999725,479.964905,0.000357,-20.451214,-0.000125,0.016612,-0.139975,0.313847,0.008843,-5.033112,-0.024634,
feedback,8.165499,1786353228042,7,Ry,-5.000000,-75.000000,-4.998779,0.001221,,,359.999908,-134.999466,479.998962,0.000429,20.000172,0.000163,359.997955,-134.999680,479.968140,0.000429,-20.491232,-0.000068,-0.079382,-0.032597,0.401656,-0.006420,-4.998779,-0.009270,
feedback,8.174444,1786353228051,7,Ry,-5.000000,-75.000000,-5.019379,-0.019379,,,359.999908,-134.999466,479.998962,0.000429,20.000172,0.000163,359.996399,-134.999039,479.970856,0.000347,-20.530893,0.000014,-0.156849,0.128469,0.327436,-0.023294,-5.019379,-0.002330,
feedback,8.181906,1786353228059,7,Ry,-5.000000,-75.000000,-4.964447,0.035553,,,359.999908,-134.999466,479.998962,0.000429,20.000172,0.000163,359.994659,-134.999084,479.973450,0.000374,-20.570169,0.000014,-0.237517,0.150519,0.502355,-0.017663,-4.964447,0.028632,
feedback,8.190140,1786353228068,7,Ry,-5.000000,-75.000000,-4.909515,0.090485,,,359.999908,-134.999466,479.998962,0.000429,20.000172,0.000163,359.993591,-134.999039,479.975464,0.000326,-20.609501,0.000073,-0.116066,0.010546,0.241384,-0.008825,-4.909515,0.004010,
feedback,8.198734,1786353228076,7,Ry,-5.000000,-75.000000,-4.923248,0.076752,,,359.999908,-134.999466,479.998962,0.000429,20.000172,0.000163,359.993164,-134.999130,479.978546,0.000303,-20.648777,-0.000043,0.006018,0.031638,0.359775,-0.014417,-4.923248,-0.020115,
feedback,8.206319,1786353228085,7,Ry,-5.000000,-75.000000,-4.957581,0.042419,,,359.999908,-134.999466,479.998962,0.000429,20.000172,0.000163,359.996185,-134.999176,479.982178,0.000320,-20.708431,-0.000013,0.372111,0.064236,0.374255,-0.010401,-4.957581,-0.004413,
feedback,8.214532,1786353228093,7,Ry,-5.000000,-75.000000,-5.026245,-0.026245,,,359.999908,-134.999466,479.998962,0.000429,20.000172,0.000163,359.999634,-134.999557,479.985168,0.000337,-20.749081,-0.000039,0.463869,-0.010545,0.294984,0.004001,-5.026245,0.008854,
feedback,8.222796,1786353228101,7,Ry,-5.000000,-75.000000,-5.019379,-0.019379,,,359.999908,-134.999466,479.998962,0.000429,20.000172,0.000163,360.002350,-134.999084,479.986908,0.000286,-20.789236,-0.000072,0.304154,0.128472,0.111150,-0.018349,-5.019379,-0.015274,
feedback,8.230871,1786353228110,7,Ry,-5.000000,-75.000000,-4.998779,0.001221,,,359.999908,-134.999466,479.998962,0.000429,20.000172,0.000163,360.003479,-134.999039,479.987305,0.000348,-20.829281,0.000014,0.073712,0.086287,0.082264,0.002461,-4.998779,0.007315,
feedback,8.239667,1786353228118,7,Ry,-5.000000,-75.000000,-4.998779,0.001221,,,359.999908,-134.999466,479.998962,0.000429,20.000172,0.000163,360.004761,-134.998825,479.986847,0.000320,-20.869162,0.000041,0.192987,0.043145,-0.088566,0.000022,-4.998779,0.006866,
feedback,8.246984,1786353228127,7,Ry,-5.000000,-75.000000,-5.012512,-0.012512,,,359.999908,-134.999466,479.998962,0.000429,20.000172,0.000163,360.006531,-134.998917,479.985291,0.000365,-20.909317,0.000071,0.222067,0.075743,-0.088116,-0.000916,-5.012512,0.035426,
feedback,8.255175,1786353228135,7,Ry,-5.000000,-75.000000,-5.108643,-0.108643,,,359.999908,-134.999466,479.998962,0.000429,20.000172,0.000163,360.008698,-134.999252,479.984650,0.000365,-20.950048,0.000016,0.299668,0.031639,0.027071,-0.021676,-5.108643,-0.000953,
feedback,8.263448,1786353228143,7,Ry,-5.000000,-75.000000,-5.307770,-0.307770,,,359.999908,-134.999466,479.998962,0.000429,20.000172,0.000163,360.012146,-134.999512,479.983826,0.000332,-20.991604,-0.000098,0.447430,-0.054650,-0.154091,-0.014300,-5.307770,-0.033934,
feedback,8.271632,1786353228148,7,Ry,-5.000000,-75.000000,-5.294037,-0.294037,,,359.999908,-134.999466,479.998962,0.000429,20.000172,0.000163,360.015564,-134.999390,479.984375,0.000448,-21.033819,0.000016,0.479981,0.043147,0.035883,-0.002447,-5.294037,0.013275,
feedback,8.280019,1786353228156,7,Ry,-5.000000,-75.000000,-5.273438,-0.273438,,,359.999908,-134.999466,479.998962,0.000429,20.000172,0.000163,360.016876,-134.999649,479.985016,0.000404,-21.054913,-0.000069,0.324994,-0.065197,0.161081,-0.010337,-5.273438,-0.025075,
feedback,8.287845,1786353228165,7,Ry,-5.000000,-75.000000,-5.218506,-0.218506,,,359.999908,-134.999466,479.998962,0.000429,20.000172,0.000163,360.018066,-134.999298,479.986023,0.000393,-21.117619,0.000016,0.001722,0.075745,0.052733,0.008897,-5.218506,0.009801,
feedback,8.296080,1786353228173,7,Ry,-5.000000,-75.000000,-5.252838,-0.252838,,,359.999908,-134.999466,479.998962,0.000429,20.000172,0.000163,360.017853,-134.999176,479.985260,0.000322,-21.159256,-0.000014,-0.009779,0.021092,-0.286766,-0.010311,-5.252838,-0.011361,
feedback,8.304209,1786353228182,7,Ry,-5.000000,-75.000000,-5.259705,-0.259705,,,359.999908,-134.999466,479.998962,0.000429,20.000172,0.000163,360.017273,-134.999130,479.986755,0.000404,-21.201115,0.000014,-0.059700,-0.107383,0.211227,0.017790,-5.259705,-0.021570,
feedback,8.312391,1786353228190,7,Ry,-5.000000,-75.000000,-5.294037,-0.294037,,,359.999908,-134.999466,479.998962,0.000429,20.000172,0.000163,360.016785,-134.999298,479.987946,0.000394,-21.243219,0.000015,-0.009175,-0.096836,0.267118,0.003930,-5.294037,-0.004845,
feedback,8.320494,1786353228199,7,Ry,-5.000000,-75.000000,-5.321503,-0.321503,,,359.999908,-134.999466,479.998962,0.000429,20.000172,0.000163,360.016846,-134.999466,479.989746,0.000404,-21.285763,-0.000042,-0.004857,-0.117929,0.233080,0.016717,-5.321503,0.000143,
feedback,8.328862,1786353228207,7,Ry,-5.000000,-75.000000,-5.383301,-0.383301,,,359.999908,-134.999466,479.998962,0.000429,20.000172,0.000163,360.017487,-134.999435,479.993286,0.000366,-21.328747,-0.000012,0.104168,-0.053691,0.459128,0.001417,-5.383301,0.008423,
feedback,8.336843,1786353228216,7,Ry,-5.000000,-75.000000,-5.397033,-0.397033,,,359.999908,-134.999466,479.998962,0.000429,20.000172,0.000163,360.017609,-134.998566,479.997528,0.000367,-21.371485,0.000125,0.048797,0.291471,0.486689,0.003921,-5.397034,0.056962,
feedback,8.345105,1786353228224,7,Ry,-5.000000,-75.000000,-5.259705,-0.259705,,,359.999908,-134.999466,479.998962,0.000429,20.000172,0.000163,360.015656,-134.999252,480.001709,0.000378,-21.413671,-0.000014,-0.168805,0.032598,0.593966,0.006410,-5.259705,0.009373,
feedback,8.353249,1786353228233,7,Ry,-5.000000,-75.000000,-5.191040,-0.191040,,,359.999908,-134.999466,479.998962,0.000429,20.000172,0.000163,360.010010,-134.999252,480.006622,0.000399,-21.476185,-0.000073,-0.565392,-0.085331,0.327420,0.030604,-5.191040,-0.009590,
feedback,8.361583,1786353228241,7,Ry,-5.000000,-75.000000,-5.136108,-0.136108,,,359.999908,-134.999466,479.998962,0.000429,20.000172,0.000163,360.006805,-134.999466,480.008301,0.000384,-21.517273,0.000017,-0.368583,-0.043145,0.234070,-0.005022,-5.136108,0.005909,
feedback,8.370987,1786353228250,7,Ry,-5.000000,-75.000000,-5.163574,-0.163574,,,359.999908,-134.999466,479.998962,0.000429,20.000172,0.000163,360.004639,-134.999252,480.010468,0.000389,-21.558773,-0.000044,-0.306929,-0.010547,0.175352,0.008927,-5.163574,-0.003863,
feedback,8.378555,1786353228258,7,Ry,-5.000000,-75.000000,-5.170441,-0.170441,,,359.999908,-134.999466,479.998962,0.000429,20.000172,0.000163,360.003357,-134.999176,480.012726,0.000323,-21.600302,-0.000015,-0.237662,-0.032598,0.336102,-0.001311,-5.170441,-0.022163,
feedback,8.387252,1786353228266,7,Ry,-5.000000,-75.000000,-5.053711,-0.053711,,,359.999908,-134.999466,479.998962,0.000429,20.000172,0.000163,360.002563,-134.999130,480.014160,0.000406,-21.640842,0.000013,0.037699,0.087246,0.230502,0.030614,-5.053711,0.017963,
feedback,8.394702,1786353228275,7,Ry,-5.000000,-75.000000,-5.039978,-0.039978,,,359.999908,-134.999466,479.998962,0.000429,20.000172,0.000163,360.002472,-134.999603,480.015991,0.000389,-21.681244,-0.000099,-0.029625,-0.032597,0.228509,0.001242,-5.039978,-0.028545,
feedback,8.403418,1786353228279,7,Ry,-5.000000,-75.000000,-5.033111,-0.033111,,,359.999908,-134.999466,479.998962,0.000429,20.000172,0.000163,360.002747,-134.999252,480.017792,0.000379,-21.701376,-0.000015,0.069081,0.086287,0.448946,-0.002522,-5.033112,0.020113,
feedback,8.411068,1786353228287,7,Ry,-5.000000,-75.000000,-5.019379,-0.019379,,,359.999908,-134.999466,479.998962,0.000429,20.000172,0.000163,360.002380,-134.999435,480.020721,0.000401,-21.741421,-0.000101,-0.025283,-0.022051,0.243453,-0.007655,-5.019379,-0.024709,
feedback,8.419600,1786353228296,7,Ry,-5.000000,-75.000000,-4.888916,0.111084,,,359.999908,-134.999466,479.998962,0.000429,20.000172,0.000163,360.003632,-134.998871,480.020386,0.000362,-21.780560,0.000011,0.174141,0.129431,-0.006384,0.002569,-4.888916,0.014223,
feedback,8.427345,1786353228304,7,Ry,-5.000000,-75.000000,-4.861450,0.138550,,,359.999908,-134.999466,479.998962,0.000429,20.000172,0.000163,360.002899,-134.998657,480.019897,0.000302,-21.819809,0.000127,0.014490,0.086287,-0.067766,-0.005081,-4.861450,0.026482,
feedback,8.436270,1786353228313,7,Ry,-5.000000,-75.000000,-4.792785,0.207215,,,359.999908,-134.999466,479.998962,0.000429,20.000172,0.000163,360.000610,-134.998993,480.017090,0.000423,-21.877239,0.000070,-0.211742,0.086286,-0.600998,-0.005096,-4.792786,0.026477,
feedback,8.443710,1786353228321,7,Ry,-5.000000,-75.000000,-4.765320,0.234680,,,359.999908,-134.999466,479.998962,0.000429,20.000172,0.000163,360.000244,-134.999084,480.013885,0.000379,-21.915253,0.000012,0.134805,0.032598,-0.369278,0.003826,-4.765320,0.015800,
feedback,8.452490,1786353228329,7,Ry,-5.000000,-75.000000,-4.827118,0.172882,,,359.999908,-134.999466,479.998962,0.000429,20.000172,0.000163,360.000000,-134.999481,480.012482,0.000308,-21.953623,-0.000100,-0.036664,-0.065194,-0.151769,-0.010158,-4.827118,-0.025236,
feedback,8.460081,1786353228338,7,Ry,-5.000000,-75.000000,-4.861450,0.138550,,,359.999908,-134.999466,479.998962,0.000429,20.000172,0.000163,360.001465,-134.999084,480.012360,0.000369,-21.992542,0.000042,0.127857,0.108338,-0.023969,0.010181,-4.861450,0.032109,
feedback,8.468831,1786353228346,7,Ry,-5.000000,-75.000000,-4.909515,0.090485,,,359.999908,-134.999466,479.998962,0.000429,20.000172,0.000163,360.002655,-134.999252,480.013184,0.000369,-22.031652,0.000014,0.186182,0.031639,-0.087385,-0.019079,-4.909515,-0.007727,
feedback,8.476561,1786353228355,7,Ry,-5.000000,-75.000000,-4.971313,0.028687,,,359.999908,-134.999466,479.998962,0.000429,20.000172,0.000163,360.003174,-134.999435,480.013275,0.000380,-22.071232,-0.000043,0.013271,0.000000,0.022662,0.000014,-4.971313,0.000000,
feedback,8.484621,1786353228363,7,Ry,-5.000000,-75.000000,-5.005646,-0.005646,,,359.999908,-134.999466,479.998962,0.000429,20.000172,0.000163,360.002960,-134.998871,480.013611,0.000342,-22.111057,0.000069,-0.029361,0.108338,-0.111574,0.010160,-5.005646,0.032130,
feedback,8.492838,1786353228371,7,Ry,-5.000000,-75.000000,-4.943848,0.056152,,,359.999908,-134.999466,479.998962,0.000429,20.000172,0.000163,360.001556,-134.999130,480.012970,0.000309,-22.150772,-0.000045,-0.174390,0.009587,-0.111248,-0.031782,-4.943848,-0.019811,
feedback,8.500989,1786353228380,7,Ry,-5.000000,-75.000000,-4.950714,0.049286,,,359.999908,-134.999466,479.998962,0.000429,20.000172,0.000163,359.999481,-134.999084,480.011841,0.000369,-22.190460,0.000042,-0.273486,0.022050,-0.187640,0.004955,-4.950714,0.031127,
feedback,8.509119,1786353228388,7,Ry,-5.000000,-75.000000,-4.916382,0.083618,,,359.999908,-134.999466,479.998962,0.000429,20.000172,0.000163,359.996002,-134.999130,480.008453,0.000276,-22.229626,0.000044,-0.462606,-0.022052,-0.496264,-0.017891,-4.916382,0.000650,
feedback,8.518087,1786353228396,7,Ry,-5.000000,-75.000000,-5.033112,-0.033112,,,359.999908,-134.999466,479.998962,0.000429,20.000172,0.000163,359.991882,-134.999725,480.003906,0.000353,-22.289557,-0.000098,-0.334639,-0.151477,-0.386082,-0.017906,-5.033112,-0.019968,
feedback,8.526181,1786353228405,7,Ry,-5.000000,-75.000000,-5.101776,-0.101776,,,359.999908,-134.999466,479.998962,0.000429,20.000172,0.000163,359.991150,-134.999680,480.001465,0.000425,-22.330206,-0.000041,-0.033157,-0.085327,-0.275172,0.022810,-5.101776,0.009921,
feedback,8.534255,1786353228413,7,Ry,-5.000000,-75.000000,-5.129242,-0.129242,,,359.999908,-134.999466,479.998962,0.000429,20.000172,0.000163,359.991516,-134.999084,480.000336,0.000370,-22.371349,0.000042,0.111265,0.129427,-0.262182,0.002633,-5.129242,0.014250,
feedback,8.542054,1786353228422,7,Ry,-5.000000,-75.000000,-5.170441,-0.170441,,,359.999908,-134.999466,479.998962,0.000429,20.000172,0.000163,359.991760,-134.999176,479.997986,0.000326,-22.412577,-0.000016,0.051687,0.021092,-0.234647,-0.012678,-5.170441,-0.005236,
feedback,8.550769,1786353228430,7,Ry,-5.000000,-75.000000,-5.074310,-0.074310,,,359.999908,-134.999466,479.998962,0.000429,20.000172,0.000163,359.991577,-134.999435,479.994781,0.000370,-22.453308,-0.000014,0.007894,-0.032596,-0.533091,-0.008954,-5.074310,-0.003143,
feedback,8.558649,1786353228438,7,Ry,-5.000000,-75.000000,-5.108643,-0.108643,,,359.999908,-134.999466,479.998962,0.000429,20.000172,0.000163,359.990845,-134.999039,479.990631,0.000354,-22.493765,0.000012,-0.156889,-0.010547,-0.750731,0.003737,-5.108643,0.008971,
feedback,8.567276,1786353228447,7,Ry,-5.000000,-75.000000,-5.026245,-0.026245,,,359.999908,-134.999466,479.998962,0.000429,20.000172,0.000163,359.989838,-134.999207,479.985931,0.000343,-22.534058,0.000014,-0.067864,0.021092,-0.700496,-0.017930,-5.026245,0.007422,
feedback,8.575781,1786353228451,7,Ry,-5.000000,-75.000000,-5.101776,-0.101776,,,359.999908,-134.999466,479.998962,0.000429,20.000172,0.000163,359.989349,-134.998871,479.984314,0.000366,-22.554464,0.000009,-0.118682,0.086283,-0.409716,0.005289,-5.101776,0.001050,
feedback,8.583090,1786353228459,7,Ry,-5.000000,-75.000000,-5.163574,-0.163574,,,359.999908,-134.999466,479.998962,0.000429,20.000172,0.000163,359.988892,-134.999390,479.978973,0.000366,-22.595608,-0.000073,-0.140625,-0.129426,-0.483401,0.000015,-5.163574,-0.020599,
feedback,8.592246,1786353228468,7,Ry,-5.000000,-75.000000,-5.149841,-0.149841,,,359.999908,-134.999466,479.998962,0.000429,20.000172,0.000163,359.989960,-134.999298,479.974335,0.000288,-22.636944,-0.000014,0.128453,-0.043142,-0.536529,-0.005271,-5.149841,0.005809,
feedback,8.599793,1786353228476,7,Ry,-5.000000,-75.000000,-5.218506,-0.218506,,,359.999908,-134.999466,479.998962,0.000429,20.000172,0.000163,359.991272,-134.999344,479.973389,0.000305,-22.678665,0.000016,0.266282,0.096831,-0.098362,-0.008968,-5.218506,0.017421,
feedback,8.608777,1786353228484,7,Ry,-5.000000,-75.000000,-5.163574,-0.163574,,,359.999908,-134.999466,479.998962,0.000429,20.000172,0.000163,359.993652,-134.999207,479.972107,0.000355,-22.740738,-0.000016,0.127683,-0.011504,-0.019249,-0.024289,-5.163574,-0.002164,
feedback,8.615472,1786353228493,7,Ry,-5.000000,-75.000000,-5.053711,-0.053711,,,359.999908,-134.999466,479.998962,0.000429,20.000172,0.000163,359.993652,-134.999084,479.971802,0.000383,-22.781469,0.000011,-0.089675,-0.021093,-0.063793,0.007363,-5.053711,0.017979,
feedback,8.624665,1786353228501,7,Ry,-5.000000,-75.000000,-5.101776,-0.101776,,,359.999908,-134.999466,479.998962,0.000429,20.000172,0.000163,359.993011,-134.998825,479.971313,0.000450,-22.822092,0.000036,-0.113477,0.065192,-0.029010,0.012682,-5.101776,0.019060,
feedback,8.632063,1786353228510,7,Ry,-5.000000,-75.000000,-5.115509,-0.115509,,,359.999908,-134.999466,479.998962,0.000429,20.000172,0.000163,359.991486,-134.999252,479.971954,0.000395,-22.863016,-0.000046,-0.222034,-0.043143,0.152992,0.000017,-5.115509,-0.006866,
feedback,8.640659,1786353228518,7,Ry,-5.000000,-75.000000,-5.101776,-0.101776,,,359.999908,-134.999466,479.998962,0.000429,20.000172,0.000163,359.990875,-134.999649,479.973877,0.000422,-22.903912,-0.000101,-0.018695,-0.064234,0.257068,0.015335,-5.101776,-0.007847,
feedback,8.648302,1786353228527,7,Ry,-5.000000,-75.000000,-5.149841,-0.149841,,,359.999908,-134.999466,479.998962,0.000429,20.000172,0.000163,359.990845,-134.999603,479.978058,0.000384,-22.945139,-0.000071,-0.041562,-0.053688,0.592594,0.009012,-5.149841,-0.010513,
feedback,8.656988,1786353228535,7,Ry,-5.000000,-75.000000,-5.163574,-0.163574,,,359.999908,-134.999466,479.998962,0.000429,20.000172,0.000163,359.992493,-134.999084,479.984375,0.000285,-22.986584,-0.000046,0.210432,0.085327,0.699330,-0.027949,-5.163574,0.002462,
feedback,8.665054,1786353228543,7,Ry,-5.000000,-75.000000,-5.191040,-0.191040,,,359.999908,-134.999466,479.998962,0.000429,20.000172,0.000163,359.994537,-134.998871,479.992188,0.000356,-23.028194,0.000038,0.232430,0.064236,0.930167,-0.009930,-5.191040,-0.004825,
feedback,8.673404,1786353228552,7,Ry,-5.000000,-75.000000,-5.081177,-0.081177,,,359.999908,-134.999466,479.998962,0.000429,20.000172,0.000163,359.994781,-134.999649,479.999390,0.000325,-23.069284,-0.000159,-0.033871,-0.108335,0.728753,-0.009934,-5.081177,-0.032298,
feedback,8.681050,1786353228561,7,Ry,-5.000000,-75.000000,-5.012512,-0.012512,,,359.999908,-134.999466,479.998962,0.000429,20.000172,0.000163,359.993408,-134.999649,480.010162,0.000423,-23.129765,-0.000102,-0.191595,-0.171612,0.795544,0.027967,-5.012512,-0.016125,
feedback,8.689660,1786353228569,7,Ry,-5.000000,-75.000000,-4.991913,0.008087,,,359.999908,-134.999466,479.998962,0.000429,20.000172,0.000163,359.992676,-134.999252,480.016449,0.000396,-23.170029,-0.000047,-0.043578,-0.031638,0.798063,0.016253,-4.991913,0.014418,
feedback,8.697437,1786353228577,7,Ry,-5.000000,-75.000000,-4.991913,0.008087,,,359.999908,-134.999466,479.998962,0.000429,20.000172,0.000163,359.992462,-134.999207,480.022125,0.000381,-23.210377,-0.000077,0.093350,-0.043142,0.892376,0.002723,-4.991913,-0.013177,
feedback,8.706593,1786353228581,7,Ry,-5.000000,-75.000000,-5.088043,-0.088043,,,359.999908,-134.999466,479.998962,0.000429,20.000172,0.000163,359.992645,-134.999252,480.024200,0.000396,-23.230728,-0.000047,0.047679,-0.010546,0.516432,0.003618,-5.088043,0.009018,
feedback,8.713759,1786353228590,7,Ry,-5.000000,-75.000000,-5.136108,-0.136108,,,359.999908,-134.999466,479.998962,0.000429,20.000172,0.000163,359.994171,-134.999039,480.029388,0.000381,-23.271296,-0.000049,0.213800,0.053689,0.428614,-0.003575,-5.136108,-0.002154,
feedback,8.722540,1786353228598,7,Ry,-5.000000,-75.000000,-5.129242,-0.129242,,,359.999908,-134.999466,479.998962,0.000429,20.000172,0.000163,359.996552,-134.999130,480.034882,0.000412,-23.311752,0.000010,0.264092,-0.021091,0.685977,0.009914,-5.129242,0.011740,
feedback,8.730074,1786353228607,7,Ry,-5.000000,-75.000000,-5.108643,-0.108643,,,359.999908,-134.999466,479.998962,0.000429,20.000172,0.000163,359.998627,-135.000031,480.039764,0.000464,-23.352621,-0.000187,0.191308,-0.107378,0.726241,0.015337,-5.108643,-0.014593,
feedback,8.739393,1786353228615,7,Ry,-5.000000,-75.000000,-5.101776,-0.101776,,,359.999908,-134.999466,479.998962,0.000429,20.000172,0.000163,359.999908,-134.999435,480.042816,0.000397,-23.393326,-0.000075,0.044439,-0.032597,0.479740,-0.009014,-5.101776,-0.003291,
feedback,8.746535,1786353228623,7,Ry,-5.000000,-75.000000,-5.026245,-0.026245,,,359.999908,-134.999466,479.998962,0.000429,20.000172,0.000163,360.000488,-134.999512,480.043335,0.000562,-23.433893,-0.000047,0.020737,-0.031638,-0.100174,0.021648,-5.026245,0.001892,
feedback,8.755265,1786353228632,7,Ry,-5.000000,-75.000000,-5.053711,-0.053711,,,359.999908,-134.999466,479.998962,0.000429,20.000172,0.000163,359.999939,-134.998947,480.043457,0.000413,-23.474405,0.000038,-0.088471,0.032597,-0.193291,0.009055,-5.053711,0.003303,
feedback,8.762855,1786353228640,7,Ry,-5.000000,-75.000000,-5.026245,-0.026245,,,359.999908,-134.999466,479.998962,0.000429,20.000172,0.000163,360.000000,-134.999863,480.041718,0.000453,-23.514532,-0.000130,-0.007832,-0.269405,-0.089896,0.009045,-5.026245,-0.044755,
feedback,8.771270,1786353228649,7,Ry,-5.000000,-75.000000,-5.142975,-0.142975,,,359.999908,-134.999466,479.998962,0.000429,20.000172,0.000163,360.000732,-134.999649,480.039398,0.000425,-23.575754,-0.000102,-0.018355,-0.054648,-0.193447,-0.016121,-5.142975,-0.028265,
feedback,8.779146,1786353228657,7,Ry,-5.000000,-75.000000,-4.998779,0.001221,,,359.999908,-134.999466,479.998962,0.000429,20.000172,0.000163,360.000916,-134.999466,480.037262,0.000426,-23.615826,-0.000075,-0.102706,-0.032597,-0.128305,-0.009028,-4.998779,-0.003326,
feedback,8.787853,1786353228665,7,Ry,-5.000000,-75.000000,-5.149841,-0.149841,,,359.999908,-134.999466,479.998962,0.000429,20.000172,0.000163,360.000366,-134.999512,480.035309,0.000441,-23.657135,-0.000045,-0.109610,-0.053690,-0.235121,0.003549,-5.149841,0.002178,
feedback,8.795381,1786353228674,7,Ry,-5.000000,-75.000000,-5.225372,-0.225372,,,359.999908,-134.999466,479.998962,0.000429,20.000172,0.000163,359.999969,-134.999207,480.033936,0.000371,-23.698416,-0.000048,-0.081338,0.042184,-0.319147,-0.022372,-5.225372,-0.017327,
feedback,8.804014,1786353228682,7,Ry,-5.000000,-75.000000,-5.177307,-0.177307,,,359.999908,-134.999466,479.998962,0.000429,20.000172,0.000163,359.999176,-134.999130,480.032654,0.000438,-23.739889,-0.000050,-0.073449,0.107378,-0.209459,-0.018080,-5.177307,0.020775,
feedback,8.811489,1786353228691,7,Ry,-5.000000,-75.000000,-5.122376,-0.122376,,,359.999908,-134.999466,479.998962,0.000429,20.000172,0.000163,359.997559,-134.999466,480.030731,0.000426,-23.781088,-0.000075,-0.240550,0.031638,-0.334630,-0.016067,-5.122375,-0.014590,
feedback,8.820337,1786353228699,7,Ry,-5.000000,-75.000000,-5.060577,-0.060577,,,359.999908,-134.999466,479.998962,0.000429,20.000172,0.000163,359.995667,-134.998947,480.027557,0.000427,-23.821766,0.000007,-0.215473,0.064234,-0.479922,-0.012541,-5.060577,0.001320,
feedback,8.828149,1786353228707,7,Ry,-5.000000,-75.000000,-4.991913,0.008087,,,359.999908,-134.999466,479.998962,0.000429,20.000172,0.000163,359.992828,-134.999298,480.022247,0.000427,-23.861866,-0.000048,-0.341497,-0.010547,-0.763566,0.009074,-4.991913,-0.003502,
feedback,8.836814,1786353228716,7,Ry,-5.000000,-75.000000,-4.971313,0.028687,,,359.999908,-134.999466,479.998962,0.000429,20.000172,0.000163,359.989777,-134.999298,480.016327,0.000427,-23.901800,-0.000048,-0.390467,0.043141,-0.663022,0.000017,-4.971313,0.006866,
feedback,8.844414,1786353228724,7,Ry,-5.000000,-75.000000,-5.019379,-0.019379,,,359.999908,-134.999466,479.998962,0.000429,20.000172,0.000163,359.987701,-134.999207,480.011230,0.000372,-23.941956,-0.000048,-0.305107,0.021091,-0.629899,-0.018107,-5.019379,0.006978,
feedback,8.852998,1786353228732,7,Ry,-5.000000,-75.000000,-5.094910,-0.094910,,,359.999908,-134.999466,479.998962,0.000429,20.000172,0.000163,359.986572,-134.999603,480.007385,0.000388,-23.982550,-0.000073,-0.202269,-0.118879,-0.522183,-0.011843,-5.094910,-0.010843,
feedback,8.860650,1786353228741,7,Ry,-5.000000,-75.000000,-5.101776,-0.101776,,,359.999908,-134.999466,479.998962,0.000429,20.000172,0.000163,359.986267,-134.999649,480.004425,0.000428,-24.043304,-0.000103,0.013344,-0.086283,-0.107683,0.000012,-5.101776,-0.013733,
feedback,8.869332,1786353228745,7,Ry,-5.000000,-75.000000,-5.005646,-0.005646,,,359.999908,-134.999466,479.998962,0.000429,20.000172,0.000163,359.986389,-134.999435,480.002808,0.000413,-24.063328,-0.000106,0.030332,0.053688,-0.406390,-0.003456,-5.005646,-0.002203,
feedback,8.876971,1786353228753,7,Ry,-5.000000,-75.000000,-5.039978,-0.039978,,,359.999908,-134.999466,479.998962,0.000429,20.000172,0.000163,359.986542,-134.999176,480.001770,0.000345,-24.103756,-0.000048,0.031918,0.043142,-0.228656,-0.002787,-5.039978,0.013134,
feedback,8.885731,1786353228762,7,Ry,-5.000000,-75.000000,-4.895782,0.104218,,,359.999908,-134.999466,479.998962,0.000429,20.000172,0.000163,359.986237,-134.999390,479.999603,0.000495,-24.143528,-0.000079,-0.053184,-0.021092,-0.320544,0.012548,-4.895782,0.005617,
feedback,8.893348,1786353228770,7,Ry,-5.000000,-75.000000,-4.936981,0.063019,,,359.999908,-134.999466,479.998962,0.000429,20.000172,0.000163,359.985657,-134.999298,479.998352,0.000416,-24.183544,-0.000018,-0.087860,0.021092,-0.232389,-0.020950,-4.936981,0.013166,
feedback,8.902544,1786353228779,7,Ry,-5.000000,-75.000000,-4.833985,0.166015,,,359.999908,-134.999466,479.998962,0.000429,20.000172,0.000163,359.983612,-134.999680,479.996124,0.000468,-24.222656,-0.000134,-0.245767,-0.032596,-0.307767,-0.000616,-4.833984,-0.022207,
feedback,8.909881,1786353228787,7,Ry,-5.000000,-75.000000,-4.888916,0.111084,,,359.999908,-134.999466,479.998962,0.000429,20.000172,0.000163,359.981598,-134.999344,479.994751,0.000456,-24.261658,-0.000049,-0.313036,-0.096829,-0.157832,0.006276,-4.888916,-0.010911,
feedback,8.918576,1786353228795,7,Ry,-5.000000,-75.000000,-4.895782,0.104218,,,359.999908,-134.999466,479.998962,0.000429,20.000172,0.000163,359.979584,-134.999649,479.994934,0.000429,-24.300632,-0.000104,-0.214597,-0.032595,0.004700,-0.011898,-4.895782,0.002824,
feedback,8.926577,1786353228804,7,Ry,-5.000000,-75.000000,-4.950714,0.049286,,,359.999908,-134.999466,479.998962,0.000429,20.000172,0.000163,359.978973,-134.999161,479.996826,0.000444,-24.340017,0.000009,-0.054122,0.032594,0.322395,0.003445,-4.950714,0.015953,
feedback,8.934268,1786353228812,7,Ry,-5.000000,-75.000000,-5.012512,-0.012512,,,359.999908,-134.999466,479.998962,0.000429,20.000172,0.000163,359.978851,-134.999252,480.001465,0.000402,-24.379953,-0.000049,0.054049,0.000000,0.622748,0.002851,-5.012512,-0.006254,
feedback,8.942369,1786353228821,7,Ry,-5.000000,-75.000000,-4.943848,0.056152,,,359.999908,-134.999466,479.998962,0.000429,20.000172,0.000163,359.978394,-134.998871,480.007507,0.000375,-24.439718,0.000006,-0.129080,0.043140,0.484488,0.000021,-4.943848,0.006866,
feedback,8.951212,1786353228829,7,Ry,-5.000000,-75.000000,-4.964447,0.035553,,,359.999908,-134.999466,479.998962,0.000429,20.000172,0.000163,359.976440,-134.999252,480.011963,0.000365,-24.479462,0.000041,-0.201331,0.010545,0.552893,-0.017614,-4.964447,0.022152,
feedback,8.959249,1786353228837,7,Ry,-5.000000,-75.000000,-4.916382,0.083618,,,359.999908,-134.999466,479.998962,0.000429,20.000172,0.000163,359.974152,-134.999512,480.014801,0.000482,-24.518902,-0.000137,-0.347925,-0.086281,0.349514,0.002864,-4.916382,-0.019980,
feedback,8.967510,1786353228846,7,Ry,-5.000000,-75.000000,-4.936981,0.063019,,,359.999908,-134.999466,479.998962,0.000429,20.000172,0.000163,359.971100,-134.999557,480.018677,0.000375,-24.558399,-0.000104,-0.430963,-0.000001,0.635816,0.000012,-4.936981,-0.000000,
feedback,8.976193,1786353228854,7,Ry,-5.000000,-75.000000,-5.019378,-0.019378,,,359.999908,-134.999466,479.998962,0.000429,20.000172,0.000163,359.969421,-134.999039,480.021393,0.000363,-24.598087,0.000008,-0.221488,0.107370,0.206708,-0.018184,-5.019379,0.020503,
feedback,8.984160,1786353228863,7,Ry,-5.000000,-75.000000,-5.081177,-0.081177,,,359.999908,-134.999466,479.998962,0.000429,20.000172,0.000163,359.968140,-134.999176,480.024628,0.000361,-24.638351,-0.000080,-0.117965,0.064231,0.144688,-0.006740,-5.081177,-0.011341,
feedback,8.992237,1786353228871,7,Ry,-5.000000,-75.000000,-5.136108,-0.136108,,,359.999908,-134.999466,479.998962,0.000429,20.000172,0.000163,359.968781,-134.999252,480.026672,0.000403,-24.679111,-0.000050,0.085869,0.096825,0.244754,-0.009089,-5.136108,0.017105,
feedback,9.000188,1786353228880,7,Ry,-5.000000,-75.000000,-5.170441,-0.170441,,,359.999908,-134.999466,479.998962,0.000429,20.000172,0.000163,359.970734,-134.999039,480.027863,0.000376,-24.720364,-0.000022,0.304834,0.053687,0.010225,-0.006217,-5.170441,0.003995,
feedback,9.008586,1786353228884,7,Ry,-5.000000,-75.000000,-5.177307,-0.177307,,,359.999908,-134.999466,479.998962,0.000429,20.000172,0.000163,359.971527,-134.999512,480.027771,0.000471,-24.741074,-0.000107,0.198360,-0.117917,-0.019161,0.021597,-5.177307,-0.011348,
feedback,9.016220,1786353228892,7,Ry,-5.000000,-75.000000,-5.184174,-0.184174,,,359.999908,-134.999466,479.998962,0.000429,20.000172,0.000163,359.973206,-134.999557,480.027161,0.000351,-24.782299,-0.000044,0.159174,-0.118873,0.023545,-0.011978,-5.184174,-0.011009,
feedback,9.025492,1786353228901,7,Ry,-5.000000,-75.000000,-5.081177,-0.081177,,,359.999908,-134.999466,479.998962,0.000429,20.000172,0.000163,359.974792,-134.999466,480.023926,0.000406,-24.822565,-0.000017,0.108718,-0.032594,-0.269948,-0.006217,-5.081177,-0.009749,
feedback,9.032803,1786353228910,7,Ry,-5.000000,-75.000000,-5.088043,-0.088043,,,359.999908,-134.999466,479.998962,0.000429,20.000172,0.000163,359.975586,-134.999603,480.018311,0.000391,-24.883429,-0.000075,0.049703,-0.117919,-0.396689,0.015810,-5.088043,0.001164,
feedback,9.040803,1786353228918,7,Ry,-5.000000,-75.000000,-5.067444,-0.067444,,,359.999908,-134.999466,479.998962,0.000429,20.000172,0.000163,359.977661,-134.999390,480.013916,0.000377,-24.923832,-0.000077,0.297830,0.010547,-0.599941,-0.006212,-5.067444,-0.002894,
feedback,9.049541,1786353228927,7,Ry,-5.000000,-75.000000,-5.149841,-0.149841,,,359.999908,-134.999466,479.998962,0.000429,20.000172,0.000163,359.980286,-134.999207,480.010376,0.000364,-24.965057,-0.000020,0.322995,-0.010545,-0.435733,0.000446,-5.149841,0.015348,
feedback,9.057281,1786353228935,7,Ry,-5.000000,-75.000000,-5.232239,-0.232239,,,359.999908,-134.999466,479.998962,0.000429,20.000172,0.000163,359.983582,-134.999130,480.008118,0.000309,-25.006832,-0.000020,0.487720,-0.011501,-0.272437,-0.024456,-5.232239,-0.003129,
feedback,9.065525,1786353228943,7,Ry,-5.000000,-75.000000,-5.335235,-0.335235,,,359.999908,-134.999466,479.998962,0.000429,20.000172,0.000163,359.987244,-134.999176,480.006989,0.000337,-25.049295,-0.000020,0.544466,0.053690,-0.257442,-0.012017,-5.335236,0.016400,
feedback,9.074236,1786353228952,7,Ry,-5.000000,-75.000000,-5.280304,-0.280304,,,359.999908,-134.999466,479.998962,0.000429,20.000172,0.000163,359.990784,-134.998825,480.006378,0.000324,-25.091648,0.000065,0.429671,0.150520,-0.056303,-0.015326,-5.280304,0.020994,
feedback,9.082105,1786353228960,7,Ry,-5.000000,-75.000000,-5.191040,-0.191040,,,359.999908,-134.999466,479.998962,0.000429,20.000172,0.000163,359.992981,-134.999252,480.004333,0.000418,-25.133450,-0.000081,0.215524,0.010547,-0.203025,-0.000366,-5.191040,-0.015349,
feedback,9.090685,1786353228969,7,Ry,-5.000000,-75.000000,-5.149841,-0.149841,,,359.999908,-134.999466,479.998962,0.000429,20.000172,0.000163,359.994263,-134.999435,480.002167,0.000405,-25.195469,-0.000078,0.105546,0.053689,-0.097773,-0.012045,-5.149841,0.016370,
feedback,9.098321,1786353228977,7,Ry,-5.000000,-75.000000,-5.218506,-0.218506,,,359.999908,-134.999466,479.998962,0.000429,20.000172,0.000163,359.994293,-134.999725,480.001282,0.000475,-25.237024,-0.000075,-0.136757,-0.214755,-0.103096,0.021929,-5.218506,-0.009544,
feedback,9.107086,1786353228985,7,Ry,-5.000000,-75.000000,-5.142975,-0.142975,,,359.999908,-134.999466,479.998962,0.000429,20.000172,0.000163,359.995056,-134.999130,480.000793,0.000433,-25.278360,-0.000023,0.104745,0.053689,-0.117332,-0.006189,-5.142975,0.003934,
feedback,9.114651,1786353228994,7,Ry,-5.000000,-75.000000,-5.156708,-0.156708,,,359.999908,-134.999466,479.998962,0.000429,20.000172,0.000163,359.996368,-134.998871,480.001404,0.000392,-25.319559,-0.000026,0.198933,0.053690,0.064612,0.002625,-5.156708,-0.014691,
feedback,9.123360,1786353229002,7,Ry,-5.000000,-75.000000,-5.245972,-0.245972,,,359.999908,-134.999466,479.998962,0.000429,20.000172,0.000163,359.997131,-134.999557,480.002930,0.000366,-25.361059,-0.000075,0.146801,-0.139974,0.308408,0.006217,-5.245972,-0.017658,
feedback,9.131411,1786353229011,7,Ry,-5.000000,-75.000000,-5.204773,-0.204773,,,359.999908,-134.999466,479.998962,0.000429,20.000172,0.000163,359.998352,-134.999466,480.006531,0.000421,-25.402533,-0.000048,0.121823,-0.118882,0.534503,-0.009133,-5.204773,-0.017342,
feedback,9.139168,1786353229019,7,Ry,-5.000000,-75.000000,-5.149841,-0.149841,,,359.999908,-134.999466,479.998962,0.000429,20.000172,0.000163,360.000214,-134.999435,480.009521,0.000407,-25.443813,-0.000079,0.199781,0.000001,0.311178,-0.002935,-5.149841,0.006200,
feedback,9.147475,1786353229027,7,Ry,-5.000000,-75.000000,-5.067444,-0.067444,,,359.999908,-134.999466,479.998962,0.000429,20.000172,0.000163,360.001617,-134.999130,480.011841,0.000311,-25.484354,-0.000021,0.159591,-0.011504,0.242980,-0.021532,-5.067444,-0.009531,
feedback,9.155809,1786353229032,7,Ry,-5.000000,-75.000000,-5.039978,-0.039978,,,359.999908,-134.999466,479.998962,0.000429,20.000172,0.000163,360.002350,-134.999390,480.012726,0.000366,-25.504513,-0.000048,0.185224,-0.064235,0.216002,0.012409,-5.039978,-0.000953,
feedback,9.163608,1786353229040,7,Ry,-5.000000,-75.000000,-4.985046,0.014954,,,359.999908,-134.999466,479.998962,0.000429,20.000172,0.000163,360.003113,-134.999176,480.013489,0.000339,-25.544338,-0.000021,0.081768,0.074782,0.090268,-0.021530,-4.985046,0.004179,
feedback,9.172749,1786353229049,7,Ry,-5.000000,-75.000000,-4.950714,0.049286,,,359.999908,-134.999466,479.998962,0.000429,20.000172,0.000163,360.006104,-134.999298,480.014130,0.000325,-25.603720,-0.000079,0.366363,0.107381,0.261093,-0.018305,-4.950714,0.020183,
feedback,9.179859,1786353229057,7,Ry,-5.000000,-75.000000,-4.916382,0.083618,,,359.999908,-134.999466,479.998962,0.000429,20.000172,0.000163,360.008209,-134.998962,480.014252,0.000312,-25.642887,0.000006,0.302581,0.053691,0.070216,-0.009143,-4.916382,0.010085,
feedback,9.188657,1786353229065,7,Ry,-5.000000,-75.000000,-4.813385,0.186615,,,359.999908,-134.999466,479.998962,0.000429,20.000172,0.000163,360.010223,-134.999176,480.013336,0.000340,-25.681559,-0.000021,0.208447,0.010547,-0.090469,-0.006172,-4.813385,-0.002976,
feedback,9.196257,1786353229074,7,Ry,-5.000000,-75.000000,-4.930115,0.069885,,,359.999908,-134.999466,479.998962,0.000429,20.000172,0.000163,360.012268,-134.999176,480.013947,0.000340,-25.720999,-0.000021,0.230315,0.086290,0.180360,0.005976,-4.930115,0.001361,
feedback,9.204821,1786353229082,7,Ry,-5.000000,-75.000000,-4.923248,0.076752,,,359.999908,-134.999466,479.998962,0.000429,20.000172,0.000163,360.014282,-134.999084,480.013947,0.000395,-25.760357,0.000006,0.283396,0.000961,-0.020696,0.021771,-4.923248,0.024987,
feedback,9.212563,1786353229091,7,Ry,-5.000000,-75.000000,-4.936981,0.063019,,,359.999908,-134.999466,479.998962,0.000429,20.000172,0.000163,360.015930,-134.999039,480.013885,0.000368,-25.799826,0.000006,0.247757,0.182167,0.029028,-0.033880,-4.936981,0.011839,
feedback,9.221572,1786353229099,7,Ry,-5.000000,-75.000000,-4.847717,0.152283,,,359.999908,-134.999466,479.998962,0.000429,20.000172,0.000163,360.016266,-134.999466,480.015015,0.000436,-25.838856,-0.000079,0.084729,-0.053691,0.160406,0.006194,-4.847717,-0.003874,
feedback,9.229209,1786353229107,7,Ry,-5.000000,-75.000000,-4.827118,0.172882,,,359.999908,-134.999466,479.998962,0.000429,20.000172,0.000163,360.015198,-134.999176,480.014465,0.000367,-25.878103,-0.000082,-0.156294,-0.075744,-0.101412,-0.003165,-4.827118,-0.022908,
feedback,9.237619,1786353229116,7,Ry,-5.000000,-75.000000,-4.888916,0.111084,,,359.999908,-134.999466,479.998962,0.000429,20.000172,0.000163,360.013092,-134.999130,480.012726,0.000340,-25.917490,-0.000083,-0.229947,0.042184,-0.210903,-0.021686,-4.888916,-0.018181,
feedback,9.245478,1786353229124,7,Ry,-5.000000,-75.000000,-4.923248,0.076752,,,359.999908,-134.999466,479.998962,0.000429,20.000172,0.000163,360.009857,-134.999344,480.011993,0.000464,-25.956684,-0.000052,-0.399278,0.043143,-0.104485,-0.005994,-4.923248,0.019214,
feedback,9.254249,1786353229133,7,Ry,-5.000000,-75.000000,-5.108643,-0.108643,,,359.999908,-134.999466,479.998962,0.000429,20.000172,0.000163,360.004944,-134.999130,480.012512,0.000327,-26.017191,-0.000052,-0.267980,-0.000960,0.098988,-0.027677,-5.108643,-0.012743,
feedback,9.261509,1786353229141,7,Ry,-5.000000,-75.000000,-5.156708,-0.156708,,,359.999908,-134.999466,479.998962,0.000429,20.000172,0.000163,360.001892,-134.999557,480.013885,0.000396,-26.058115,-0.000138,-0.289078,-0.086287,0.242392,0.000012,-5.156708,-0.013733,
feedback,9.270514,1786353229149,7,Ry,-5.000000,-75.000000,-5.163574,-0.163574,,,359.999908,-134.999466,479.998962,0.000429,20.000172,0.000163,360.000122,-134.999435,480.014679,0.000396,-26.099478,-0.000049,-0.203859,-0.107379,0.175722,0.006306,-5.163574,0.004641,
feedback,9.278059,1786353229158,7,Ry,-5.000000,-75.000000,-5.108643,-0.108643,,,359.999908,-134.999466,479.998962,0.000429,20.000172,0.000163,359.998352,-134.998993,480.014923,0.000382,-26.140732,-0.000086,-0.131947,-0.010547,-0.144912,0.009209,-5.108643,-0.003139,
feedback,9.287058,1786353229166,7,Ry,-5.000000,-75.000000,-5.163574,-0.163574,,,359.999908,-134.999466,479.998962,0.000429,20.000172,0.000163,359.994476,-134.999252,480.016174,0.000410,-26.182095,-0.000053,-0.367984,-0.053690,-0.030541,0.003150,-5.163574,0.002325,
feedback,9.294641,1786353229170,7,Ry,-5.000000,-75.000000,-5.108643,-0.108643,,,359.999908,-134.999466,479.998962,0.000429,20.000172,0.000163,359.993011,-134.999176,480.015259,0.000355,-26.202530,-0.000053,-0.366397,0.021091,-0.229651,-0.012305,-5.108643,-0.006064,
feedback,9.303229,1786353229179,7,Ry,-5.000000,-75.000000,-5.122375,-0.122375,,,359.999908,-134.999466,479.998962,0.000429,20.000172,0.000163,359.989929,-134.999298,480.013641,0.000424,-26.243618,-0.000022,-0.340418,0.032595,-0.362241,0.003140,-5.122375,0.016061,
feedback,9.310841,1786353229187,7,Ry,-5.000000,-75.000000,-5.115509,-0.115509,,,359.999908,-134.999466,479.998962,0.000429,20.000172,0.000163,359.986816,-134.999176,480.011230,0.000369,-26.284489,-0.000083,-0.503144,-0.053689,-0.308354,0.003133,-5.115509,0.002331,
feedback,9.319549,1786353229196,7,Ry,-5.000000,-75.000000,-5.060577,-0.060577,,,359.999908,-134.999466,479.998962,0.000429,20.000172,0.000163,359.983276,-134.999435,480.006073,0.000438,-26.324917,-0.000142,-0.478362,-0.031640,-0.701870,0.024568,-5.060577,-0.003174,
feedback,9.327347,1786353229204,7,Ry,-5.000000,-75.000000,-5.101776,-0.101776,,,359.999908,-134.999466,479.998962,0.000429,20.000172,0.000163,359.981812,-134.999725,480.001526,0.000356,-26.365347,-0.000074,-0.167476,-0.193657,-0.626783,0.006216,-5.101776,-0.009063,
feedback,9.335936,1786353229213,7,Ry,-5.000000,-75.000000,-5.108643,-0.108643,,,359.999908,-134.999466,479.998962,0.000429,20.000172,0.000163,359.981750,-134.999344,479.996246,0.000384,-26.426596,-0.000142,0.167791,0.032595,-0.427175,0.009220,-5.108643,0.003773,
feedback,9.343588,1786353229221,7,Ry,-5.000000,-75.000000,-5.149841,-0.149841,,,359.999908,-134.999466,479.998962,0.000429,20.000172,0.000163,359.983917,-134.998962,479.993195,0.000315,-26.467493,0.000005,0.294908,-0.010545,-0.169335,0.003106,-5.149841,0.009207,
feedback,9.352768,1786353229229,7,Ry,-5.000000,-75.000000,-5.108643,-0.108643,,,359.999908,-134.999466,479.998962,0.000429,20.000172,0.000163,359.985535,-134.999603,479.990479,0.000425,-26.508389,-0.000139,0.146598,-0.128467,-0.391419,0.024591,-5.108643,-0.001474,
feedback,9.359759,1786353229238,7,Ry,-5.000000,-75.000000,-5.039978,-0.039978,,,359.999908,-134.999466,479.998962,0.000429,20.000172,0.000163,359.986572,-134.998993,479.988281,0.000371,-26.548985,-0.000057,0.012659,-0.043141,-0.288350,0.003088,-5.039978,-0.013009,
feedback,9.367992,1786353229246,7,Ry,-5.000000,-75.000000,-4.964447,0.035553,,,359.999908,-134.999466,479.998962,0.000429,20.000172,0.000163,359.986481,-134.998734,479.985107,0.000440,-26.589138,-0.000032,-0.081159,0.054644,-0.398289,0.021518,-4.964447,0.016813,
feedback,9.376158,1786353229255,7,Ry,-5.000000,-75.000000,-5.019379,-0.019379,,,359.999908,-134.999466,479.998962,0.000429,20.000172,0.000163,359.985077,-134.999176,479.981964,0.000357,-26.629293,-0.000054,-0.177301,0.022049,-0.320744,0.012293,-5.019379,0.013022,
feedback,9.384287,1786353229263,7,Ry,-5.000000,-75.000000,-4.916382,0.083618,,,359.999908,-134.999466,479.998962,0.000429,20.000172,0.000163,359.983948,-134.999298,479.979919,0.000330,-26.668844,-0.000081,-0.155082,-0.075737,-0.251519,-0.006122,-4.916382,-0.016815,
feedback,9.392266,1786353229271,7,Ry,-5.000000,-75.000000,-5.005646,-0.005646,,,359.999908,-134.999466,479.998962,0.000429,20.000172,0.000163,359.983887,-134.998779,479.978943,0.000330,-26.708889,0.000001,-0.051613,0.053687,-0.031502,-0.009198,-5.005646,0.009914,
feedback,9.400562,1786353229280,7,Ry,-5.000000,-75.000000,-4.998779,0.001221,,,359.999908,-134.999466,479.998962,0.000429,20.000172,0.000163,359.984314,-134.999512,479.979797,0.000372,-26.748798,-0.000139,0.130923,-0.085325,0.228302,0.024539,-4.998779,0.005495,
feedback,9.408823,1786353229288,7,Ry,-5.000000,-75.000000,-5.039978,-0.039978,,,359.999908,-134.999466,479.998962,0.000429,20.000172,0.000163,359.986023,-134.999481,479.981781,0.000372,-26.789145,-0.000201,0.122430,-0.129424,0.328911,0.009296,-5.039978,-0.038988,
feedback,9.416921,1786353229297,7,Ry,-5.000000,-75.000000,-5.019379,-0.019379,,,359.999908,-134.999466,479.998962,0.000429,20.000172,0.000163,359.989532,-134.998993,479.986450,0.000372,-26.849762,-0.000057,0.317472,0.053689,0.405640,-0.003006,-5.019379,-0.002361,
feedback,9.425175,1786353229305,7,Ry,-5.000000,-75.000000,-4.957581,0.042419,,,359.999908,-134.999466,479.998962,0.000429,20.000172,0.000163,359.992004,-134.998611,479.988647,0.000249,-26.889587,-0.000061,0.388071,0.257897,0.260382,-0.018264,-4.957581,0.009662,
feedback,9.433202,1786353229313,7,Ry,-5.000000,-75.000000,-4.909515,0.090485,,,359.999908,-134.999466,479.998962,0.000429,20.000172,0.000163,359.993591,-134.999252,479.989777,0.000442,-26.929028,-0.000116,0.225352,0.032597,0.092139,0.009248,-4.909515,0.003854,
feedback,9.441609,1786353229322,7,Ry,-5.000000,-75.000000,-4.902649,0.097351,,,359.999908,-134.999466,479.998962,0.000429,20.000172,0.000163,359.995178,-134.999130,479.991028,0.000346,-26.968140,-0.000085,0.175938,0.000001,0.133917,0.003130,-4.902649,-0.006120,
feedback,9.449682,1786353229330,7,Ry,-5.000000,-75.000000,-4.909515,0.090485,,,359.999908,-134.999466,479.998962,0.000429,20.000172,0.000163,359.996674,-134.998962,479.991333,0.000318,-27.007252,0.000004,0.204947,0.032597,0.018993,-0.000100,-4.909515,0.022220,
feedback,9.458141,1786353229334,7,Ry,-5.000000,-75.000000,-4.936981,0.063019,,,359.999908,-134.999466,479.998962,0.000429,20.000172,0.000163,359.997711,-134.999344,479.991211,0.000359,-27.026999,-0.000082,0.261055,-0.096831,-0.027294,0.009251,-4.936981,-0.016729,
feedback,9.466139,1786353229343,7,Ry,-5.000000,-75.000000,-4.957581,0.042419,,,359.999908,-134.999466,479.998962,0.000429,20.000172,0.000163,360.000092,-134.999298,479.991241,0.000360,-27.066660,-0.000144,0.346924,0.021093,-0.068145,-0.005966,-4.957581,-0.018478,
feedback,9.474756,1786353229351,7,Ry,-5.000000,-75.000000,-5.046844,-0.046844,,,359.999908,-134.999466,479.998962,0.000429,20.000172,0.000163,360.002991,-134.998779,479.993256,0.000304,-27.106731,0.000062,0.292704,-0.043142,0.298064,-0.006236,-5.046844,0.005358,
feedback,9.482698,1786353229360,7,Ry,-5.000000,-75.000000,-5.074310,-0.074310,,,359.999908,-134.999466,479.998962,0.000429,20.000172,0.000163,360.006409,-134.999344,479.994446,0.000346,-27.147354,-0.000051,0.440757,-0.086287,0.263910,0.000015,-5.074310,-0.013733,
feedback,9.491310,1786353229368,7,Ry,-5.000000,-75.000000,-5.163574,-0.163574,,,359.999908,-134.999466,479.998962,0.000429,20.000172,0.000163,360.010284,-134.998749,479.997162,0.000305,-27.188608,0.000000,0.399748,0.010548,0.423706,-0.006085,-5.163574,-0.003137,
feedback,9.498966,1786353229376,7,Ry,-5.000000,-75.000000,-5.094910,-0.094910,,,359.999908,-134.999466,479.998962,0.000429,20.000172,0.000163,360.012451,-134.999435,479.998810,0.000305,-27.229532,-0.000110,0.206968,-0.011506,0.223152,-0.021446,-5.094910,-0.010186,
feedback,9.508098,1786353229385,7,Ry,-5.000000,-75.000000,-5.170441,-0.170441,,,359.999908,-134.999466,479.998962,0.000429,20.000172,0.000163,360.014191,-134.999176,479.999969,0.000346,-27.291193,-0.000024,0.035822,0.010546,0.126407,-0.009233,-5.170441,0.002954,
feedback,9.515409,1786353229393,7,Ry,-5.000000,-75.000000,-5.204773,-0.204773,,,359.999908,-134.999466,479.998962,0.000429,20.000172,0.000163,360.014130,-134.998993,479.999481,0.000361,-27.332529,-0.000028,-0.044931,-0.043145,0.025975,-0.003133,-5.204773,-0.000767,
feedback,9.524280,1786353229402,7,Ry,-5.000000,-75.000000,-5.177307,-0.177307,,,359.999908,-134.999466,479.998962,0.000429,20.000172,0.000163,360.014404,-134.999344,480.000214,0.000347,-27.374111,-0.000052,-0.079112,-0.010546,0.181339,0.002955,-5.177307,0.009255,
feedback,9.531950,1786353229410,7,Ry,-5.000000,-75.000000,-5.177307,-0.177307,,,359.999908,-134.999466,479.998962,0.000429,20.000172,0.000163,360.014648,-134.999207,480.000916,0.000403,-27.415640,-0.000086,-0.035598,0.053691,-0.013303,0.003407,-5.177307,-0.014581,
feedback,9.540618,1786353229418,7,Ry,-5.000000,-75.000000,-5.225372,-0.225372,,,359.999908,-134.999466,479.998962,0.000429,20.000172,0.000163,360.014343,-134.999130,480.002716,0.000320,-27.457525,-0.000024,0.017862,0.075744,0.106287,0.006111,-5.225372,0.016899,
feedback,9.548046,1786353229427,7,Ry,-5.000000,-75.000000,-5.266571,-0.266571,,,359.999908,-134.999466,479.998962,0.000429,20.000172,0.000163,360.014252,-134.999130,480.005859,0.000444,-27.499630,-0.000028,-0.005887,0.011506,0.498816,0.018292,-5.266571,0.016378,
feedback,9.557006,1786353229435,7,Ry,-5.000000,-75.000000,-5.294037,-0.294037,,,359.999908,-134.999466,479.998962,0.000429,20.000172,0.000163,360.014435,-134.999512,480.007629,0.000333,-27.541790,-0.000049,-0.048471,-0.086290,0.330933,-0.006337,-5.294037,-0.001556,
feedback,9.564704,1786353229444,7,Ry,-5.000000,-75.000000,-5.245972,-0.245972,,,359.999908,-134.999466,479.998962,0.000429,20.000172,0.000163,360.014130,-134.998871,480.008667,0.000418,-27.583841,-0.000063,-0.096165,0.044105,0.125805,0.030725,-5.245972,0.014279,
feedback,9.573300,1786353229452,7,Ry,-5.000000,-75.000000,-5.184174,-0.184174,,,359.999908,-134.999466,479.998962,0.000429,20.000172,0.000163,360.012970,-134.999222,480.009186,0.000280,-27.625589,-0.000083,-0.216693,-0.097796,-0.129182,-0.015052,-5.184174,-0.036235,
feedback,9.580989,1786353229460,7,Ry,-5.000000,-75.000000,-5.191040,-0.191040,,,359.999908,-134.999466,479.998962,0.000429,20.000172,0.000163,360.011322,-134.999298,480.007751,0.000335,-27.666815,-0.000083,-0.225698,0.010545,-0.293029,-0.002878,-5.191040,-0.009270,
feedback,9.589758,1786353229469,7,Ry,-5.000000,-75.000000,-5.149841,-0.149841,,,359.999908,-134.999466,479.998962,0.000429,20.000172,0.000163,360.009766,-134.999557,480.006927,0.000280,-27.728668,-0.000138,-0.008809,-0.140939,-0.065626,-0.018224,-5.149841,-0.037050,
feedback,9.597420,1786353229477,7,Ry,-5.000000,-75.000000,-5.053711,-0.053711,,,359.999908,-134.999466,479.998962,0.000429,20.000172,0.000163,360.010101,-134.998962,480.006775,0.000350,-27.769674,-0.000060,0.112468,0.129434,-0.025650,0.003219,-5.053711,0.014524,
feedback,9.606193,1786353229486,7,Ry,-5.000000,-75.000000,-5.026245,-0.026245,,,359.999908,-134.999466,479.998962,0.000429,20.000172,0.000163,360.009613,-134.999481,480.005280,0.000336,-27.810873,-0.000111,-0.077910,-0.054650,-0.381155,-0.018208,-5.026245,-0.023344,
feedback,9.613794,1786353229490,7,Ry,-5.000000,-75.000000,-5.074310,-0.074310,,,359.999908,-134.999466,479.998962,0.000429,20.000172,0.000163,360.009766,-134.999435,480.005066,0.000418,-27.831171,-0.000084,0.039625,0.011506,-0.054521,0.018231,-5.074310,0.016484,
feedback,9.622451,1786353229498,7,Ry,-5.000000,-75.000000,-5.122376,-0.122376,,,359.999908,-134.999466,479.998962,0.000429,20.000172,0.000163,360.009521,-134.999512,480.002777,0.000363,-27.872314,-0.000111,-0.004442,-0.118887,-0.470104,-0.009268,-5.122375,-0.017740,
feedback,9.630707,1786353229507,7,Ry,-5.000000,-75.000000,-5.012512,-0.012512,,,359.999908,-134.999466,479.998962,0.000429,20.000172,0.000163,360.009796,-134.999390,480.001007,0.000377,-27.912745,-0.000053,0.033889,-0.053690,-0.163694,0.002868,-5.012512,0.002416,
feedback,9.638953,1786353229515,7,Ry,-5.000000,-75.000000,-4.998779,0.001221,,,359.999908,-134.999466,479.998962,0.000429,20.000172,0.000163,360.009888,-134.999039,480.000427,0.000296,-27.952734,-0.000088,-0.006687,0.031638,-0.043478,-0.018179,-4.998779,-0.009656,
feedback,9.646794,1786353229523,7,Ry,-5.000000,-75.000000,-4.916382,0.083618,,,359.999908,-134.999466,479.998962,0.000429,20.000172,0.000163,360.008881,-134.999390,480.000183,0.000391,-27.992229,-0.000084,-0.206623,-0.086289,-0.075574,0.000014,-4.916382,-0.013733,
feedback,9.655048,1786353229532,7,Ry,-5.000000,-75.000000,-4.902649,0.097351,,,359.999908,-134.999466,479.998962,0.000429,20.000172,0.000163,360.007263,-134.999649,479.999237,0.000432,-28.031204,-0.000080,-0.252587,-0.086289,-0.052714,0.000012,-4.902649,-0.013733,
feedback,9.662856,1786353229540,7,Ry,-5.000000,-75.000000,-4.854584,0.145416,,,359.999908,-134.999466,479.998962,0.000429,20.000172,0.000163,360.004944,-134.999298,479.997894,0.000337,-28.070042,-0.000084,-0.359401,0.052730,-0.197402,-0.027049,-4.854584,-0.022214,
feedback,9.671388,1786353229549,7,Ry,-5.000000,-75.000000,-4.806519,0.193481,,,359.999908,-134.999466,479.998962,0.000429,20.000172,0.000163,360.001495,-134.999649,479.998230,0.000432,-28.128241,-0.000081,-0.325806,-0.139977,-0.061789,0.002830,-4.806519,-0.011307,
feedback,9.679778,1786353229557,7,Ry,-5.000000,-75.000000,-4.902649,0.097351,,,359.999908,-134.999466,479.998962,0.000429,20.000172,0.000163,360.000763,-134.999298,479.999451,0.000418,-28.167627,0.000005,-0.167264,-0.031639,0.153770,0.011694,-4.902649,0.021831,
feedback,9.688506,1786353229566,7,Ry,-5.000000,-75.000000,-4.882050,0.117950,,,359.999908,-134.999466,479.998962,0.000429,20.000172,0.000163,360.001068,-134.999466,480.000702,0.000462,-28.206875,-0.000116,-0.032597,-0.075741,0.207044,0.000454,-4.882050,-0.029080,
feedback,9.695692,1786353229574,7,Ry,-5.000000,-75.000000,-4.950714,0.049286,,,359.999908,-134.999466,479.998962,0.000429,20.000172,0.000163,360.002747,-134.999084,480.001892,0.000405,-28.246042,0.000001,0.150538,0.032598,0.030805,0.002818,-4.950714,0.016165,
feedback,9.704370,1786353229582,7,Ry,-5.000000,-75.000000,-4.875183,0.124817,,,359.999908,-134.999466,479.998962,0.000429,20.000172,0.000163,360.004028,-134.999039,480.002655,0.000393,-28.285290,-0.000030,0.150221,0.096834,-0.018594,-0.006028,-4.875183,0.010479,
feedback,9.711968,1786353229591,7,Ry,-5.000000,-75.000000,-4.847717,0.152283,,,359.999908,-134.999466,479.998962,0.000429,20.000172,0.000163,360.004822,-134.998993,480.002747,0.000366,-28.324238,-0.000030,0.014094,-0.086287,-0.033469,0.003276,-4.847717,-0.019777,
feedback,9.720121,1786353229599,7,Ry,-5.000000,-75.000000,-4.888916,0.111084,,,359.999908,-134.999466,479.998962,0.000429,20.000172,0.000163,360.004700,-134.999390,480.001038,0.000393,-28.363293,-0.000085,-0.081757,-0.086288,-0.225031,0.000014,-4.888916,-0.013733,
feedback,9.728537,1786353229607,7,Ry,-5.000000,-75.000000,-4.930115,0.069885,,,359.999908,-134.999466,479.998962,0.000429,20.000172,0.000163,360.004578,-134.999298,479.999268,0.000368,-28.402735,-0.000147,-0.055920,-0.011506,-0.160595,-0.011573,-4.930115,-0.028745,
feedback,9.736948,1786353229616,7,Ry,-5.000000,-75.000000,-4.909515,0.090485,,,359.999908,-134.999466,479.998962,0.000429,20.000172,0.000163,360.003448,-134.998962,479.996338,0.000324,-28.441792,0.000001,-0.186205,0.086286,-0.449313,-0.006522,-4.909515,0.025808,
feedback,9.744895,1786353229624,7,Ry,-5.000000,-75.000000,-4.895782,0.104218,,,359.999908,-134.999466,479.998962,0.000429,20.000172,0.000163,360.001221,-134.999344,479.992859,0.000366,-28.481039,-0.000085,-0.223113,0.010545,-0.450738,-0.006021,-4.895782,-0.003274,
feedback,9.753106,1786353229632,7,Ry,-5.000000,-75.000000,-4.978180,0.021820,,,359.999908,-134.999466,479.998962,0.000429,20.000172,0.000163,359.998322,-134.999176,479.988800,0.000382,-28.540558,-0.000089,-0.206075,-0.000001,-0.321866,0.006578,-4.978180,-0.012064,
feedback,9.761132,1786353229641,7,Ry,-5.000000,-75.000000,-5.060577,-0.060577,,,359.999908,-134.999466,479.998962,0.000429,20.000172,0.000163,359.997437,-134.999176,479.986786,0.000367,-28.581125,-0.000058,-0.140085,-0.022051,-0.277904,-0.008758,-5.060577,-0.019466,
feedback,9.769965,1786353229649,7,Ry,-5.000000,-75.000000,-5.149841,-0.149841,,,359.999908,-134.999466,479.998962,0.000429,20.000172,0.000163,359.996765,-134.999344,479.987854,0.000367,-28.622517,-0.000086,-0.012815,-0.075739,0.028869,-0.009302,-5.149841,-0.010995,
feedback,9.777542,1786353229658,7,Ry,-5.000000,-75.000000,-5.170441,-0.170441,,,359.999908,-134.999466,479.998962,0.000429,20.000172,0.000163,359.996399,-134.998993,479.987823,0.000367,-28.664072,-0.000031,-0.010266,0.053689,-0.134035,-0.006005,-5.170441,0.003573,
feedback,9.786531,1786353229662,7,Ry,-5.000000,-75.000000,-5.191040,-0.191040,,,359.999908,-134.999466,479.998962,0.000429,20.000172,0.000163,359.995605,-134.999176,479.987610,0.000382,-28.684835,-0.000090,-0.197163,-0.043143,-0.053655,0.003313,-5.191040,-0.012890,
feedback,9.794048,1786353229670,7,Ry,-5.000000,-75.000000,-5.122376,-0.122376,,,359.999908,-134.999466,479.998962,0.000429,20.000172,0.000163,359.993835,-134.999222,479.988007,0.000270,-28.726063,-0.000054,-0.184970,0.042184,-0.084221,-0.024071,-5.122375,-0.013201,
feedback,9.802695,1786353229679,7,Ry,-5.000000,-75.000000,-5.115509,-0.115509,,,359.999908,-134.999466,479.998962,0.000429,20.000172,0.000163,359.992462,-134.998749,479.987305,0.000283,-28.767206,0.000059,-0.116632,0.161065,-0.164075,-0.021339,-5.115509,0.016705,
feedback,9.810453,1786353229687,7,Ry,-5.000000,-75.000000,-5.122375,-0.122375,,,359.999908,-134.999466,479.998962,0.000429,20.000172,0.000163,359.989655,-134.999176,479.986084,0.000368,-28.808130,-0.000059,-0.440863,-0.043143,-0.073276,-0.003292,-5.122375,-0.000850,
feedback,9.818938,1786353229695,7,Ry,-5.000000,-75.000000,-5.129242,-0.129242,,,359.999908,-134.999466,479.998962,0.000429,20.000172,0.000163,359.987610,-134.999176,479.982605,0.000338,-28.848888,0.000004,-0.203349,0.096829,-0.516889,-0.012623,-5.129242,0.022448,
feedback,9.827658,1786353229704,7,Ry,-5.000000,-75.000000,-5.088043,-0.088043,,,359.999908,-134.999466,479.998962,0.000429,20.000172,0.000163,359.986511,-134.998871,479.978638,0.000271,-28.889978,0.000000,-0.168531,0.117921,-0.374282,-0.021334,-5.088043,0.009793,
feedback,9.835037,1786353229712,7,Ry,-5.000000,-75.000000,-5.184174,-0.184174,,,359.999908,-134.999466,479.998962,0.000429,20.000172,0.000163,359.988159,-134.998749,479.971924,0.000314,-28.952051,-0.000004,0.327026,0.086285,-0.607547,0.003346,-5.184174,0.007725,
feedback,9.843559,1786353229721,7,Ry,-5.000000,-75.000000,-5.184174,-0.184174,,,359.999908,-134.999466,479.998962,0.000429,20.000172,0.000163,359.990509,-134.999298,479.969696,0.000341,-28.993387,-0.000086,0.351986,0.000001,-0.229406,0.000015,-5.184174,-0.000000,
feedback,9.851745,1786353229729,7,Ry,-5.000000,-75.000000,-5.115509,-0.115509,,,359.999908,-134.999466,479.998962,0.000429,20.000172,0.000163,359.993835,-134.999298,479.967621,0.000326,-29.034256,-0.000055,0.340266,-0.129426,-0.284054,-0.003318,-5.115509,-0.014596,
feedback,9.859701,1786353229738,7,Ry,-5.000000,-75.000000,-5.101776,-0.101776,,,359.999908,-134.999466,479.998962,0.000429,20.000172,0.000163,359.996399,-134.999176,479.966431,0.000354,-29.075125,-0.000028,0.331235,-0.010545,-0.163605,0.002681,-5.101776,0.009338,
feedback,9.868603,1786353229746,7,Ry,-5.000000,-75.000000,-5.026245,-0.026245,,,359.999908,-134.999466,479.998962,0.000429,20.000172,0.000163,359.998932,-134.999252,479.963104,0.000315,-29.115829,-0.000087,0.378589,0.021093,-0.432212,-0.008642,-5.026245,-0.012681,
feedback,9.876543,1786353229755,7,Ry,-5.000000,-75.000000,-5.074310,-0.074310,,,359.999908,-134.999466,479.998962,0.000429,20.000172,0.000163,360.000641,-134.998993,479.960846,0.000354,-29.156178,-0.000000,0.153417,-0.010546,-0.203516,0.006016,-5.074310,0.003345,
feedback,9.884946,1786353229763,7,Ry,-5.000000,-75.000000,-5.039978,-0.039978,,,359.999908,-134.999466,479.998962,0.000429,20.000172,0.000163,360.002136,-134.999298,479.958801,0.000296,-29.196386,0.000007,0.051946,-0.096833,-0.200823,-0.000690,-5.039978,0.001605,
feedback,9.893477,1786353229771,7,Ry,-5.000000,-75.000000,-4.964447,0.035553,,,359.999908,-134.999466,479.998962,0.000429,20.000172,0.000163,360.004120,-134.998871,479.957947,0.000352,-29.236074,0.000090,0.212896,0.032598,-0.054453,-0.004048,-4.964447,0.028195,
feedback,9.901287,1786353229780,7,Ry,-5.000000,-75.000000,-5.005646,-0.005646,,,359.999908,-134.999466,479.998962,0.000429,20.000172,0.000163,360.005066,-134.999039,479.959991,0.000288,-29.275982,-0.000060,0.105049,0.064236,0.351166,-0.008604,-5.005646,-0.005839,
feedback,9.910155,1786353229788,7,Ry,-5.000000,-75.000000,-5.060577,-0.060577,,,359.999908,-134.999466,479.998962,0.000429,20.000172,0.000163,360.006683,-134.999084,479.963379,0.000300,-29.316357,-0.000028,0.235448,-0.011505,0.515574,-0.014582,-5.060577,-0.022940,
feedback,9.917208,1786353229797,7,Ry,-5.000000,-75.000000,-5.088043,-0.088043,,,359.999908,-134.999466,479.998962,0.000429,20.000172,0.000163,360.009216,-134.999481,479.966888,0.000328,-29.356924,-0.000083,0.228150,-0.172577,0.554964,-0.003354,-5.088043,-0.021481,
feedback,9.926131,1786353229805,7,Ry,-5.000000,-75.000000,-5.136108,-0.136108,,,359.999908,-134.999466,479.998962,0.000429,20.000172,0.000163,360.012878,-134.999207,479.974396,0.000399,-29.418009,-0.000060,0.322912,0.022054,0.736443,0.008607,-5.136108,0.019593,
feedback,9.933548,1786353229814,7,Ry,-5.000000,-75.000000,-5.053711,-0.053711,,,359.999908,-134.999466,479.998962,0.000429,20.000172,0.000163,360.013702,-134.998825,479.979584,0.000402,-29.458164,-0.000068,0.127569,0.086290,0.728066,0.003399,-5.053711,0.007754,
feedback,9.942995,1786353229822,7,Ry,-5.000000,-75.000000,-5.012512,-0.012512,,,359.999908,-134.999466,479.998962,0.000429,20.000172,0.000163,360.014099,-134.998993,479.983368,0.000356,-29.498154,-0.000001,0.190371,0.096837,0.310013,-0.009338,-5.012512,0.016328,
feedback,9.950444,1786353229826,7,Ry,-5.000000,-75.000000,-4.964447,0.035553,,,359.999908,-134.999466,479.998962,0.000429,20.000172,0.000163,360.014221,-134.999084,479.984833,0.000301,-29.518011,-0.000029,0.032156,-0.022053,0.372257,-0.011934,-4.964447,-0.013633,
feedback,9.957962,1786353229835,7,Ry,-5.000000,-75.000000,-4.985046,0.014954,,,359.999908,-134.999466,479.998962,0.000429,20.000172,0.000163,360.015228,-134.999344,479.988159,0.000341,-29.557919,-0.000025,0.106357,0.010546,0.466059,-0.009346,-4.985046,0.002586,
feedback,9.966327,1786353229843,7,Ry,-5.000000,-75.000000,-4.923248,0.076752,,,359.999908,-134.999466,479.998962,0.000429,20.000172,0.000163,360.017059,-134.999176,479.991516,0.000356,-29.597553,-0.000029,0.182378,0.011507,0.332928,0.014537,-4.923248,0.023011,
feedback,9.975395,1786353229851,7,Ry,-5.000000,-75.000000,-5.074310,-0.074310,,,359.999908,-134.999466,479.998962,0.000429,20.000172,0.000163,360.019592,-134.999390,479.992676,0.000415,-29.638340,-0.000120,0.324230,-0.021091,0.054467,0.015346,-5.074310,0.000823,
feedback,9.982994,1786353229860,7,Ry,-5.000000,-75.000000,-5.074310,-0.074310,,,359.999908,-134.999466,479.998962,0.000429,20.000172,0.000163,360.022705,-134.999176,479.992676,0.000388,-29.678934,-0.000092,0.440968,0.032601,-0.091262,0.012782,-5.074310,-0.001665,
feedback,9.991131,1786353229868,7,Ry,-5.000000,-75.000000,-5.163574,-0.163574,,,359.999908,-134.999466,479.998962,0.000429,20.000172,0.000163,360.025635,-134.999344,479.991791,0.000263,-29.719666,-0.000116,0.333053,-0.054653,-0.163006,-0.021281,-5.163574,-0.017982,
feedback,9.999060,1786353229877,7,Ry,-5.000000,-75.000000,-5.108642,-0.108642,,,359.999908,-134.999466,479.998962,0.000429,20.000172,0.000163,360.030334,-134.999390,479.991241,0.000448,-29.781134,-0.000183,0.390838,0.033564,-0.228820,0.046865,-5.108642,0.000987,
feedback,10.007092,1786353229885,7,Ry,-5.000000,-75.000000,-5.074310,-0.074310,,,359.999908,-134.999466,479.998962,0.000429,20.000172,0.000163,360.031128,-134.999390,479.989380,0.000401,-29.821674,-0.000088,0.100529,-0.107386,-0.361577,0.008514,-5.074310,-0.000946,
feedback,10.015261,1786353229893,7,Ry,-5.000000,-75.000000,-5.115509,-0.115509,,,359.999908,-134.999466,479.998962,0.000429,20.000172,0.000163,360.030609,-134.999084,479.987701,0.000334,-29.862377,-0.000093,-0.145844,0.042184,-0.127861,-0.016964,-5.115509,-0.025585,
feedback,10.023998,1786353229902,7,Ry,-5.000000,-75.000000,-5.177307,-0.177307,,,359.999908,-134.999466,479.998962,0.000429,20.000172,0.000163,360.028778,-134.998917,479.986664,0.000319,-29.903137,-0.000034,-0.247652,0.010545,0.127219,-0.009356,-5.177307,0.002529,
feedback,10.034456,1786353229910,7,Ry,-5.000000,-75.000000,-5.245972,-0.245972,,,359.999908,-134.999466,479.998962,0.000429,20.000172,0.000163,360.027405,-134.998962,479.987427,0.000330,-29.945187,-0.000002,-0.078363,-0.010546,0.024624,0.002542,-5.245972,0.009377,
feedback,10.043003,1786353229918,7,Ry,-5.000000,-75.000000,-5.218506,-0.218506,,,359.999908,-134.999466,479.998962,0.000429,20.000172,0.000163,360.025574,-134.999481,479.989197,0.000347,-29.987127,-0.000116,-0.123573,-0.086293,0.156487,0.003444,-5.218506,-0.019680,
feedback,10.050149,1786353229927,7,Ry,-5.000000,-75.000000,-5.287170,-0.287170,,,359.999908,-134.999466,479.998962,0.000429,20.000172,0.000163,360.023651,-134.999298,479.991333,0.000315,-30.029150,-0.000026,-0.309987,-0.075747,0.442171,-0.009366,-5.287170,-0.011224,
feedback,10.059349,1786353229935,7,Ry,-5.000000,-75.000000,-5.218506,-0.218506,,,359.999908,-134.999466,479.998962,0.000429,20.000172,0.000163,360.020813,-134.999084,479.993561,0.000304,-30.070898,-0.000030,-0.379677,0.043144,0.386354,0.003458,-5.218506,0.000924,
feedback,10.067261,1786353229944,7,Ry,-5.000000,-75.000000,-5.280304,-0.280304,,,359.999908,-134.999466,479.998962,0.000429,20.000172,0.000163,360.018097,-134.999344,479.995667,0.000375,-30.113031,-0.000089,-0.336324,0.010545,0.276258,0.000965,-5.280304,-0.015324,
feedback,10.075021,1786353229952,7,Ry,-5.000000,-75.000000,-5.184173,-0.184173,,,359.999908,-134.999466,479.998962,0.000429,20.000172,0.000163,360.015137,-134.999512,479.998260,0.000485,-30.154669,-0.000089,-0.496916,-0.009587,0.510723,0.029701,-5.184174,0.024113,
feedback,10.083086,1786353229961,7,Ry,-5.000000,-75.000000,-5.094910,-0.094910,,,359.999908,-134.999466,479.998962,0.000429,20.000172,0.000163,360.012390,-134.999084,479.995850,0.000336,-30.216522,-0.000094,-0.066235,0.010546,-0.403918,-0.009372,-5.094910,0.002478,
feedback,10.092225,1786353229969,7,Ry,-5.000000,-75.000000,-5.033112,-0.033112,,,359.999908,-134.999466,479.998962,0.000429,20.000172,0.000163,360.010193,-134.999344,479.992889,0.000375,-30.256870,-0.000090,-0.273333,-0.064237,-0.527070,0.011877,-5.033112,0.000053,
feedback,10.099572,1786353229978,7,Ry,-5.000000,-75.000000,-4.971313,0.028687,,,359.999908,-134.999466,479.998962,0.000429,20.000172,0.000163,360.008026,-134.999390,479.989563,0.000419,-30.296503,-0.000121,-0.240519,-0.074783,-0.599548,0.017800,-4.971313,0.003525,
feedback,10.107926,1786353229986,7,Ry,-5.000000,-75.000000,-4.902649,0.097351,,,359.999908,-134.999466,479.998962,0.000429,20.000172,0.000163,360.006683,-134.998962,479.984406,0.000222,-30.335861,-0.000031,-0.105254,0.074782,-0.739272,-0.021230,-4.902649,0.002389,
feedback,10.115696,1786353229994,7,Ry,-5.000000,-75.000000,-4.909515,0.090485,,,359.999908,-134.999466,479.998962,0.000429,20.000172,0.000163,360.006470,-134.999222,479.979401,0.000261,-30.375111,-0.000026,-0.086373,0.021092,-0.548951,-0.018778,-4.909515,0.004904,
feedback,10.124599,1786353230003,7,Ry,-5.000000,-75.000000,-4.978180,0.021820,,,359.999908,-134.999466,479.998962,0.000429,20.000172,0.000163,360.006775,-134.999130,479.975525,0.000349,-30.414799,-0.000063,0.022657,0.065196,-0.371070,0.015336,-4.978180,0.014764,
feedback,10.132239,1786353230011,7,Ry,-5.000000,-75.000000,-4.985046,0.014954,,,359.999908,-134.999466,479.998962,0.000429,20.000172,0.000163,360.007599,-134.999390,479.972717,0.000404,-30.454432,-0.000090,0.095669,0.010546,-0.131128,-0.016346,-4.985046,0.014277,
feedback,10.140999,1786353230019,7,Ry,-5.000000,-75.000000,-4.909515,0.090485,,,359.999908,-134.999466,479.998962,0.000429,20.000172,0.000163,360.009033,-134.999084,479.970825,0.000338,-30.493900,-0.000095,0.034122,0.021092,-0.156623,-0.015301,-4.909515,-0.001052,
feedback,10.149469,1786353230028,7,Ry,-5.000000,-75.000000,-4.916382,0.083618,,,359.999908,-134.999466,479.998962,0.000429,20.000172,0.000163,360.010010,-134.999207,479.971649,0.000437,-30.533533,-0.000127,0.083210,-0.021092,0.070707,0.022310,-4.916382,-0.010766,
feedback,10.157371,1786353230036,7,Ry,-5.000000,-75.000000,-4.902649,0.097351,,,359.999908,-134.999466,479.998962,0.000429,20.000172,0.000163,360.010193,-134.999176,479.972717,0.000283,-30.572836,-0.000122,-0.008648,-0.065197,0.191339,-0.008317,-4.902649,-0.026630,
feedback,10.165187,1786353230045,7,Ry,-5.000000,-75.000000,-4.888916,0.111084,,,359.999908,-134.999466,479.998962,0.000429,20.000172,0.000163,360.009003,-134.999130,479.975739,0.000350,-30.631613,-0.000063,-0.184749,0.043144,0.273827,0.000016,-4.888916,0.006866,
feedback,10.173915,1786353230053,7,Ry,-5.000000,-75.000000,-4.888916,0.111084,,,359.999908,-134.999466,479.998962,0.000429,20.000172,0.000163,360.007355,-134.998917,479.977692,0.000355,-30.670696,-0.000100,-0.166824,0.032597,0.176252,0.016432,-4.888916,-0.007349,
feedback,10.181453,1786353230062,7,Ry,-5.000000,-75.000000,-4.792786,0.207214,,,359.999908,-134.999466,479.998962,0.000429,20.000172,0.000163,360.004944,-134.998917,479.978180,0.000433,-30.709177,-0.000008,-0.278059,0.045061,-0.017037,0.047249,-4.792786,0.048652,
feedback,10.190608,1786353230070,7,Ry,-5.000000,-75.000000,-4.806519,0.193481,,,359.999908,-134.999466,479.998962,0.000429,20.000172,0.000163,360.002502,-134.999390,479.977264,0.000328,-30.747656,-0.000182,-0.232679,-0.096834,-0.124657,0.019955,-4.806519,-0.033827,
feedback,10.198054,1786353230074,7,Ry,-5.000000,-75.000000,-4.765320,0.234680,,,359.999908,-134.999466,479.998962,0.000429,20.000172,0.000163,360.001923,-134.999344,479.976410,0.000378,-30.766718,-0.000091,-0.145957,0.011505,-0.213553,0.010689,-4.765320,0.029204,
feedback,10.207009,1786353230083,7,Ry,-5.000000,-75.000000,-4.827118,0.172882,,,359.999908,-134.999466,479.998962,0.000429,20.000172,0.000163,360.001556,-134.999557,479.975891,0.000406,-30.805252,-0.000118,-0.015519,-0.074782,0.068810,0.021221,-4.827118,-0.002215,
feedback,10.214416,1786353230091,7,Ry,-5.000000,-75.000000,-4.902649,0.097351,,,359.999908,-134.999466,479.998962,0.000429,20.000172,0.000163,360.002625,-134.998611,479.974945,0.000367,-30.844528,-0.000013,0.176549,0.108339,-0.027073,0.015335,-4.902649,0.021745,
feedback,10.223268,1786353230099,7,Ry,-5.000000,-75.000000,-5.039978,-0.039978,,,359.999908,-134.999466,479.998962,0.000429,20.000172,0.000163,360.003845,-134.998871,479.973572,0.000313,-30.884710,-0.000068,0.263777,0.161070,-0.087237,-0.014134,-5.039978,0.004133,
feedback,10.230802,1786353230108,7,Ry,-5.000000,-75.000000,-5.170441,-0.170441,,,359.999908,-134.999466,479.998962,0.000429,20.000172,0.000163,360.004791,-134.999435,479.973846,0.000340,-30.925333,-0.000151,0.053858,-0.022051,0.051558,-0.011768,-5.170441,-0.013924,
feedback,10.239560,1786353230116,7,Ry,-5.000000,-75.000000,-5.136108,-0.136108,,,359.999908,-134.999466,479.998962,0.000429,20.000172,0.000163,360.005402,-134.998779,479.973816,0.000385,-30.986746,-0.000073,-0.001176,0.172575,0.139108,0.003557,-5.136108,0.021579,
feedback,10.247154,1786353230125,7,Ry,-5.000000,-75.000000,-5.163574,-0.163574,,,359.999908,-134.999466,479.998962,0.000429,20.000172,0.000163,360.003174,-134.999176,479.975433,0.000270,-31.027973,-0.000092,-0.315248,0.052730,0.212530,-0.036484,-5.163574,-0.005929,
feedback,10.255837,1786353230133,7,Ry,-5.000000,-75.000000,-5.136108,-0.136108,,,359.999908,-134.999466,479.998962,0.000429,20.000172,0.000163,359.999908,-134.998138,479.977325,0.000429,-31.069199,0.000004,-0.398401,0.301999,0.269299,0.007119,-5.136108,0.036302,
feedback,10.263301,1786353230142,7,Ry,-5.000000,-75.000000,-5.177307,-0.177307,,,359.999908,-134.999466,479.998962,0.000429,20.000172,0.000163,359.995331,-134.999344,479.980316,0.000380,-31.110590,-0.000092,-0.485166,-0.031640,0.371235,0.010556,-5.177307,0.022401,
feedback,10.272037,1786353230150,7,Ry,-5.000000,-75.000000,-5.211639,-0.211639,,,359.999908,-134.999466,479.998962,0.000429,20.000172,0.000163,359.990997,-134.999252,479.982819,0.000358,-31.152145,-0.000156,-0.485172,0.064233,0.245694,-0.008185,-5.211639,-0.006114,
feedback,10.279625,1786353230159,7,Ry,-5.000000,-75.000000,-5.259704,-0.259704,,,359.999908,-134.999466,479.998962,0.000429,20.000172,0.000163,359.987549,-134.998779,479.985992,0.000369,-31.194195,-0.000042,-0.327150,0.183111,0.416508,-0.005851,-5.259705,0.023909,
feedback,10.288681,1786353230167,7,Ry,-5.000000,-75.000000,-5.294037,-0.294037,,,359.999908,-134.999466,479.998962,0.000429,20.000172,0.000163,359.985321,-134.999252,479.988647,0.000342,-31.236685,-0.000124,-0.227510,0.010545,0.231789,0.001266,-5.294037,-0.015303,
feedback,10.296287,1786353230175,7,Ry,-5.000000,-75.000000,-5.335235,-0.335235,,,359.999908,-134.999466,479.998962,0.000429,20.000172,0.000163,359.984833,-134.999039,479.991089,0.000425,-31.279230,-0.000070,-0.013966,0.065190,0.470260,0.011757,-5.335236,0.020863,
feedback,10.305450,1786353230184,7,Ry,-5.000000,-75.000000,-5.287170,-0.287170,,,359.999908,-134.999466,479.998962,0.000429,20.000172,0.000163,359.984863,-134.999298,479.993317,0.000480,-31.321665,-0.000097,0.022545,-0.010546,0.203745,0.005883,-5.287170,0.003569,
feedback,10.312447,1786353230192,7,Ry,-5.000000,-75.000000,-5.218506,-0.218506,,,359.999908,-134.999466,479.998962,0.000429,20.000172,0.000163,359.984406,-134.999481,479.994781,0.000370,-31.363605,-0.000152,-0.131533,-0.129424,0.184367,0.003586,-5.218506,-0.026463,
feedback,10.321370,1786353230201,7,Ry,-5.000000,-75.000000,-5.108643,-0.108643,,,359.999908,-134.999466,479.998962,0.000429,20.000172,0.000163,359.984680,-134.999084,479.993195,0.000327,-31.425594,-0.000065,0.070655,0.064234,-0.313426,-0.011701,-5.108643,-0.000294,
feedback,10.328927,1786353230209,7,Ry,-5.000000,-75.000000,-5.142975,-0.142975,,,359.999908,-134.999466,479.998962,0.000429,20.000172,0.000163,359.983917,-134.999344,479.992279,0.000382,-31.466793,-0.000093,-0.140889,-0.064234,-0.073494,0.004560,-5.142975,0.012016,
feedback,10.337140,1786353230217,7,Ry,-5.000000,-75.000000,-5.115509,-0.115509,,,359.999908,-134.999466,479.998962,0.000429,20.000172,0.000163,359.984253,-134.999298,479.991425,0.000405,-31.507690,-0.000190,0.048142,-0.086282,-0.159108,0.000015,-5.115509,-0.013733,
feedback,10.345099,1786353230221,7,Ry,-5.000000,-75.000000,-5.074310,-0.074310,,,359.999908,-134.999466,479.998962,0.000429,20.000172,0.000163,359.984283,-134.999252,479.991943,0.000327,-31.527988,-0.000093,0.010398,0.010546,0.130404,-0.016610,-5.074310,0.013968,
feedback,10.353994,1786353230230,7,Ry,-5.000000,-75.000000,-5.177307,-0.177307,,,359.999908,-134.999466,479.998962,0.000429,20.000172,0.000163,359.984467,-134.999390,479.992096,0.000443,-31.569626,-0.000158,0.008893,-0.095872,0.207387,0.036456,-5.177307,-0.000593,
feedback,10.361443,1786353230238,7,Ry,-5.000000,-75.000000,-5.191040,-0.191040,,,359.999908,-134.999466,479.998962,0.000429,20.000172,0.000163,359.986176,-134.999298,479.993896,0.000389,-31.611073,-0.000158,0.196239,-0.010546,0.345683,0.005863,-5.191040,0.003599,
feedback,10.369677,1786353230247,7,Ry,-5.000000,-75.000000,-5.204773,-0.204773,,,359.999908,-134.999466,479.998962,0.000429,20.000172,0.000163,359.988220,-134.999039,479.998016,0.000334,-31.652683,-0.000130,0.245790,0.053689,0.653896,-0.009431,-5.204773,0.009108,
feedback,10.377976,1786353230255,7,Ry,-5.000000,-75.000000,-5.129242,-0.129242,,,359.999908,-134.999466,479.998962,0.000429,20.000172,0.000163,359.990021,-134.999039,480.002838,0.000317,-31.694157,-0.000098,0.323874,0.128469,0.691106,-0.019745,-5.129242,-0.006540,
feedback,10.387145,1786353230264,7,Ry,-5.000000,-75.000000,-5.115509,-0.115509,,,359.999908,-134.999466,479.998962,0.000429,20.000172,0.000163,359.991119,-134.998917,480.007355,0.000362,-31.735052,-0.000103,0.097595,0.139973,0.601442,-0.002209,-5.115509,0.011148,
feedback,10.394503,1786353230272,7,Ry,-5.000000,-75.000000,-5.046845,-0.046845,,,359.999908,-134.999466,479.998962,0.000429,20.000172,0.000163,359.990814,-134.999390,480.011658,0.000335,-31.775537,-0.000186,-0.046517,-0.032596,0.521043,-0.002209,-5.046844,-0.016320,
feedback,10.402973,1786353230280,7,Ry,-5.000000,-75.000000,-5.012512,-0.012512,,,359.999908,-134.999466,479.998962,0.000429,20.000172,0.000163,359.990295,-134.999039,480.015564,0.000318,-31.815500,-0.000099,-0.016730,0.085326,0.438532,-0.026942,-5.012512,-0.001778,
feedback,10.411003,1786353230289,7,Ry,-5.000000,-75.000000,-4.923248,0.076752,,,359.999908,-134.999466,479.998962,0.000429,20.000172,0.000163,359.990570,-134.999298,480.022400,0.000408,-31.875265,-0.000191,0.058999,-0.032596,0.487440,-0.002191,-4.923248,-0.016323,
feedback,10.419339,1786353230297,7,Ry,-5.000000,-75.000000,-5.108642,-0.108642,,,359.999908,-134.999466,479.998962,0.000429,20.000172,0.000163,359.992279,-134.998962,480.026703,0.000357,-31.915695,-0.000039,0.218238,0.054647,0.512032,0.013875,-5.108643,0.030452,
feedback,10.428021,1786353230305,7,Ry,-5.000000,-75.000000,-5.108643,-0.108643,,,359.999908,-134.999466,479.998962,0.000429,20.000172,0.000163,359.993683,-134.999695,480.031616,0.000419,-31.956097,-0.000214,0.102136,-0.129427,0.671261,0.000010,-5.108643,-0.020599,
feedback,10.436409,1786353230314,7,Ry,-5.000000,-75.000000,-5.067444,-0.067444,,,359.999908,-134.999466,479.998962,0.000429,20.000172,0.000163,359.995941,-134.999039,480.035980,0.000354,-31.996693,-0.000164,0.271147,-0.022050,0.436808,-0.011630,-5.067444,-0.014143,
feedback,10.444625,1786353230322,7,Ry,-5.000000,-75.000000,-5.129242,-0.129242,,,359.999908,-134.999466,479.998962,0.000429,20.000172,0.000163,359.997803,-134.999039,480.042694,0.000371,-32.037670,-0.000197,0.211984,-0.022050,0.803622,-0.004339,-5.129242,-0.025793,
feedback,10.453105,1786353230331,7,Ry,-5.000000,-75.000000,-5.094910,-0.094910,,,359.999908,-134.999466,479.998962,0.000429,20.000172,0.000163,359.998779,-134.999603,480.047150,0.000474,-32.078457,-0.000187,0.044181,-0.031638,0.510316,0.017467,-5.094910,0.010940,
feedback,10.461361,1786353230339,7,Ry,-5.000000,-75.000000,-5.101776,-0.101776,,,359.999908,-134.999466,479.998962,0.000429,20.000172,0.000163,359.998138,-134.999252,480.051788,0.000347,-32.119381,-0.000127,-0.173059,0.021092,0.575731,-0.018918,-5.101776,0.004329,
feedback,10.468847,1786353230347,7,Ry,-5.000000,-75.000000,-5.108643,-0.108643,,,359.999908,-134.999466,479.998962,0.000429,20.000172,0.000163,359.995911,-134.999084,480.055084,0.000348,-32.160141,-0.000100,-0.335797,-0.000001,0.384323,-0.003638,-5.108643,0.005813,
feedback,10.476709,1786353230356,7,Ry,-5.000000,-75.000000,-5.108643,-0.108643,,,359.999908,-134.999466,479.998962,0.000429,20.000172,0.000163,359.992432,-134.999252,480.057831,0.000348,-32.200764,-0.000127,-0.512768,-0.022051,0.345513,-0.015265,-5.108643,-0.008374,
feedback,10.484741,1786353230364,7,Ry,-5.000000,-75.000000,-5.142975,-0.142975,,,359.999908,-134.999466,479.998962,0.000429,20.000172,0.000163,359.989960,-134.999176,480.059692,0.000455,-32.241798,-0.000197,-0.275251,-0.000001,0.174086,0.007344,-5.142975,-0.011615,
feedback,10.494338,1786353230372,7,Ry,-5.000000,-75.000000,-5.218506,-0.218506,,,359.999908,-134.999466,479.998962,0.000429,20.000172,0.000163,359.988861,-134.999222,480.061920,0.000321,-32.283188,-0.000128,-0.201031,-0.053689,0.237636,0.005820,-5.218506,-0.003199,
feedback,10.501062,1786353230381,7,Ry,-5.000000,-75.000000,-5.149841,-0.149841,,,359.999908,-134.999466,479.998962,0.000429,20.000172,0.000163,359.987488,-134.999344,480.063660,0.000404,-32.345314,-0.000128,-0.011762,-0.000000,0.148397,-0.003659,-5.149841,0.005801,
feedback,10.510741,1786353230389,7,Ry,-5.000000,-75.000000,-5.136108,-0.136108,,,359.999908,-134.999466,479.998962,0.000429,20.000172,0.000163,359.988098,-134.999512,480.061188,0.000439,-32.385910,-0.000220,0.059508,-0.107376,-0.501211,0.015287,-5.136108,-0.012176,
feedback,10.517856,1786353230393,7,Ry,-5.000000,-75.000000,-5.136108,-0.136108,,,359.999908,-134.999466,479.998962,0.000429,20.000172,0.000163,359.988861,-134.999390,480.058228,0.000449,-32.427162,-0.000161,0.181214,-0.084368,-0.548758,0.042699,-5.136108,0.035252,
feedback,10.525949,1786353230402,7,Ry,-5.000000,-75.000000,-5.149841,-0.149841,,,359.999908,-134.999466,479.998962,0.000429,20.000172,0.000163,359.989471,-134.999130,480.056519,0.000377,-32.447762,-0.000101,0.156945,0.064235,-0.425304,-0.015256,-5.149841,0.005293,
feedback,10.533846,1786353230410,7,Ry,-5.000000,-75.000000,-5.129242,-0.129242,,,359.999908,-134.999466,479.998962,0.000429,20.000172,0.000163,359.990112,-134.999298,480.053162,0.000412,-32.488907,-0.000193,0.194039,0.022050,-0.567480,0.015287,-5.129242,0.008451,
feedback,10.542520,1786353230419,7,Ry,-5.000000,-75.000000,-5.094910,-0.094910,,,359.999908,-134.999466,479.998962,0.000429,20.000172,0.000163,359.991730,-134.999252,480.046387,0.000350,-32.529667,-0.000128,0.203139,0.010547,-0.846070,-0.002082,-5.094910,-0.009482,
feedback,10.549928,1786353230427,7,Ry,-5.000000,-75.000000,-5.019379,-0.019379,,,359.999908,-134.999466,479.998962,0.000429,20.000172,0.000163,359.992737,-134.999481,480.039185,0.000378,-32.569904,-0.000156,0.094478,-0.064234,-0.946159,0.007889,-5.019379,0.006313,
feedback,10.558967,1786353230436,7,Ry,-5.000000,-75.000000,-4.943848,0.056152,,,359.999908,-134.999466,479.998962,0.000429,20.000172,0.000163,359.993378,-134.998962,480.032074,0.000395,-32.609783,-0.000106,0.048288,0.043143,-0.874294,0.000019,-4.943848,0.006866,
feedback,10.566376,1786353230444,7,Ry,-5.000000,-75.000000,-4.957581,0.042419,,,359.999908,-134.999466,479.998962,0.000429,20.000172,0.000163,359.992798,-134.999481,480.025269,0.000343,-32.649418,-0.000091,-0.091007,-0.053689,-0.800876,0.002089,-4.957581,0.002619,
feedback,10.574692,1786353230453,7,Ry,-5.000000,-75.000000,-4.957581,0.042419,,,359.999908,-134.999466,479.998962,0.000429,20.000172,0.000163,359.991180,-134.999130,480.016724,0.000378,-32.709045,-0.000102,-0.234136,-0.032597,-0.532838,-0.005761,-4.957581,-0.010577,
feedback,10.582935,1786353230461,7,Ry,-5.000000,-75.000000,-4.971314,0.028686,,,359.999908,-134.999466,479.998962,0.000429,20.000172,0.000163,359.989777,-134.999298,480.012024,0.000414,-32.749119,-0.000194,-0.133328,-0.000958,-0.578968,-0.019371,-4.971313,-0.027499,
feedback,10.591088,1786353230470,7,Ry,-5.000000,-75.000000,-5.067444,-0.067444,,,359.999908,-134.999466,479.998962,0.000429,20.000172,0.000163,359.989075,-134.999390,480.008301,0.000487,-32.789246,-0.000227,0.012470,0.010546,-0.322504,0.001679,-5.067444,-0.015263,
feedback,10.599377,1786353230478,7,Ry,-5.000000,-75.000000,-5.046845,-0.046845,,,359.999908,-134.999466,479.998962,0.000429,20.000172,0.000163,359.989227,-134.999252,480.005981,0.000479,-32.829620,-0.000135,0.019385,-0.064234,-0.096682,0.011557,-5.046844,0.000579,
feedback,10.607494,1786353230486,7,Ry,-5.000000,-75.000000,-5.046844,-0.046844,,,359.999908,-134.999466,479.998962,0.000429,20.000172,0.000163,359.989441,-134.999390,480.005493,0.000434,-32.869831,-0.000130,0.108360,-0.053688,-0.144096,0.002055,-5.046844,0.002627,
feedback,10.615668,1786353230495,7,Ry,-5.000000,-75.000000,-4.964447,0.035553,,,359.999908,-134.999466,479.998962,0.000429,20.000172,0.000163,359.989838,-134.999649,480.005493,0.000433,-32.909546,-0.000283,0.126733,-0.053688,-0.200148,0.009505,-4.964447,-0.008900,
feedback,10.623939,1786353230503,7,Ry,-5.000000,-75.000000,-4.902649,0.097351,,,359.999908,-134.999466,479.998962,0.000429,20.000172,0.000163,359.991058,-134.999298,480.004608,0.000416,-32.948875,-0.000195,0.157829,0.021093,-0.039522,-0.007775,-4.902649,-0.013231,
feedback,10.632024,1786353230511,7,Ry,-5.000000,-75.000000,-4.936981,0.063019,,,359.999908,-134.999466,479.998962,0.000429,20.000172,0.000163,359.991608,-134.999435,480.003632,0.000371,-32.988289,-0.000190,0.042728,-0.065192,0.054690,-0.011507,-4.936981,-0.021210,
feedback,10.640157,1786353230520,7,Ry,-5.000000,-75.000000,-4.806519,0.193481,,,359.999908,-134.999466,479.998962,0.000429,20.000172,0.000163,359.992157,-134.999390,480.002106,0.000489,-33.027073,-0.000228,0.100449,-0.021092,-0.281971,0.015270,-4.806519,0.001728,
feedback,10.648477,1786353230528,7,Ry,-5.000000,-75.000000,-4.758453,0.241547,,,359.999908,-134.999466,479.998962,0.000429,20.000172,0.000163,359.992950,-134.999390,479.999512,0.000361,-33.065441,-0.000223,0.043858,0.021092,-0.342297,-0.007751,-4.758453,-0.013247,
feedback,10.656695,1786353230536,7,Ry,-5.000000,-75.000000,-4.689789,0.310211,,,359.999908,-134.999466,479.998962,0.000429,20.000172,0.000163,359.993378,-134.999207,479.994873,0.000418,-33.103291,-0.000070,0.133829,0.075739,-0.728136,-0.001733,-4.689789,0.028987,
feedback,10.664834,1786353230545,7,Ry,-5.000000,-75.000000,-4.758453,0.241547,,,359.999908,-134.999466,479.998962,0.000429,20.000172,0.000163,359.993011,-134.999390,479.991180,0.000454,-33.160309,-0.000163,-0.055797,-0.032596,-0.330800,-0.001979,-4.758453,-0.016370,
feedback,10.672985,1786353230553,7,Ry,-5.000000,-75.000000,-4.861450,0.138550,,,359.999908,-134.999466,479.998962,0.000429,20.000172,0.000163,359.993469,-134.999390,479.989227,0.000472,-33.199226,-0.000196,0.061667,0.000000,-0.300953,0.000014,-4.861450,-0.000000,
feedback,10.681294,1786353230558,7,Ry,-5.000000,-75.000000,-4.882050,0.117950,,,359.999908,-134.999466,479.998962,0.000429,20.000172,0.000163,359.993988,-134.999344,479.989655,0.000427,-33.218758,-0.000164,0.129734,0.010546,0.101439,-0.009492,-4.882050,0.001983,
feedback,10.690588,1786353230566,7,Ry,-5.000000,-75.000000,-5.101776,-0.101776,,,359.999908,-134.999466,479.998962,0.000429,20.000172,0.000163,359.994507,-134.999222,479.991425,0.000381,-33.258446,-0.000229,0.094123,0.128470,0.366572,-0.022952,-5.101776,-0.001330,
feedback,10.697766,1786353230574,7,Ry,-5.000000,-75.000000,-5.053711,-0.053711,,,359.999908,-134.999466,479.998962,0.000429,20.000172,0.000163,359.994598,-134.999344,479.993744,0.000410,-33.298763,-0.000131,-0.151786,-0.086285,0.377887,-0.003755,-5.053711,-0.007994,
feedback,10.706397,1786353230583,7,Ry,-5.000000,-75.000000,-5.101776,-0.101776,,,359.999908,-134.999466,479.998962,0.000429,20.000172,0.000163,359.993713,-134.998825,479.997467,0.000428,-33.339439,-0.000082,-0.058608,0.129427,0.561039,-0.003752,-5.101776,0.026336,
feedback,10.714082,1786353230591,7,Ry,-5.000000,-75.000000,-5.108642,-0.108642,,,359.999908,-134.999466,479.998962,0.000429,20.000172,0.000163,359.991455,-134.998444,480.001282,0.000437,-33.379898,-0.000093,-0.272462,0.162021,0.453645,0.013316,-5.108643,0.019776,
feedback,10.722217,1786353230600,7,Ry,-5.000000,-75.000000,-5.129242,-0.129242,,,359.999908,-134.999466,479.998962,0.000429,20.000172,0.000163,359.987335,-134.999512,480.005219,0.000465,-33.420547,-0.000258,-0.458254,-0.010547,0.337034,0.013307,-5.129242,-0.007680,
feedback,10.730372,1786353230608,7,Ry,-5.000000,-75.000000,-5.074310,-0.074310,,,359.999908,-134.999466,479.998962,0.000429,20.000172,0.000163,359.984009,-134.999344,480.006592,0.000429,-33.461281,-0.000164,-0.358114,0.043140,-0.010368,0.000015,-5.074310,0.006866,
feedback,10.739731,1786353230616,7,Ry,-5.000000,-75.000000,-5.026245,-0.026245,,,359.999908,-134.999466,479.998962,0.000429,20.000172,0.000163,359.981384,-134.999725,480.006409,0.000475,-33.502010,-0.000252,-0.225228,-0.043141,-0.152964,-0.007570,-5.026245,0.004585,
feedback,10.747089,1786353230625,7,Ry,-5.000000,-75.000000,-5.122375,-0.122375,,,359.999908,-134.999466,479.998962,0.000429,20.000172,0.000163,359.979858,-134.999390,480.005646,0.000329,-33.563835,-0.000159,-0.075047,0.021092,-0.030608,-0.015227,-5.122375,-0.001871,
feedback,10.755568,1786353230633,7,Ry,-5.000000,-75.000000,-5.163574,-0.163574,,,359.999908,-134.999466,479.998962,0.000429,20.000172,0.000163,359.980499,-134.999130,480.004089,0.000384,-33.605007,-0.000105,0.096932,0.086282,-0.171428,-0.003783,-5.163574,0.019452,
feedback,10.763255,1786353230642,7,Ry,-5.000000,-75.000000,-5.122375,-0.122375,,,359.999908,-134.999466,479.998962,0.000429,20.000172,0.000163,359.983154,-134.999435,480.001282,0.000503,-33.646179,-0.000198,0.469383,0.054645,-0.450871,0.020968,-5.122375,0.019430,
feedback,10.772231,1786353230650,7,Ry,-5.000000,-75.000000,-5.163574,-0.163574,,,359.999908,-134.999466,479.998962,0.000429,20.000172,0.000163,359.985474,-134.999435,479.999237,0.000485,-33.687706,-0.000165,0.324787,-0.085325,-0.411489,0.015251,-5.163574,0.019795,
feedback,10.779582,1786353230658,7,Ry,-5.000000,-75.000000,-5.204773,-0.204773,,,359.999908,-134.999466,479.998962,0.000429,20.000172,0.000163,359.987549,-134.998825,479.996368,0.000431,-33.729454,-0.000083,0.266371,0.129426,-0.446380,-0.003790,-5.204773,0.026310,
feedback,10.788280,1786353230667,7,Ry,-5.000000,-75.000000,-5.170441,-0.170441,,,359.999908,-134.999466,479.998962,0.000429,20.000172,0.000163,359.987854,-134.999176,479.993988,0.000431,-33.770927,-0.000138,0.120259,0.053688,-0.420550,-0.013324,-5.170441,0.014465,
feedback,10.795833,1786353230675,7,Ry,-5.000000,-75.000000,-5.142975,-0.142975,,,359.999908,-134.999466,479.998962,0.000429,20.000172,0.000163,359.987915,-134.999298,479.990906,0.000532,-33.812157,-0.000171,0.049037,0.044099,-0.338304,0.019017,-5.142975,0.034722,
feedback,10.804538,1786353230684,7,Ry,-5.000000,-75.000000,-5.060577,-0.060577,,,359.999908,-134.999466,479.998962,0.000429,20.000172,0.000163,359.986877,-134.999344,479.990021,0.000395,-33.852859,-0.000100,-0.108320,-0.032596,-0.187812,-0.013338,-5.060577,0.000713,
feedback,10.812330,1786353230692,7,Ry,-5.000000,-75.000000,-5.074310,-0.074310,,,359.999908,-134.999466,479.998962,0.000429,20.000172,0.000163,359.986664,-134.999298,479.989471,0.000423,-33.893757,-0.000199,-0.006946,-0.032595,-0.233464,0.001973,-5.074310,-0.022095,
feedback,10.821117,1786353230700,7,Ry,-5.000000,-75.000000,-5.115509,-0.115509,,,359.999908,-134.999466,479.998962,0.000429,20.000172,0.000163,359.988098,-134.999512,479.988556,0.000432,-33.955418,-0.000194,0.118258,-0.086283,-0.103376,0.003848,-5.115509,-0.019428,
feedback,10.828934,1786353230709,7,Ry,-5.000000,-75.000000,-5.177307,-0.177307,,,359.999908,-134.999466,479.998962,0.000429,20.000172,0.000163,359.990448,-134.999390,479.988220,0.000369,-33.996727,-0.000227,0.251865,-0.108333,0.010241,-0.011373,-5.177307,-0.028278,
feedback,10.836789,1786353230713,7,Ry,-5.000000,-75.000000,-5.225372,-0.225372,,,359.999908,-134.999466,479.998962,0.000429,20.000172,0.000163,359.991730,-134.999695,479.988739,0.000433,-34.017628,-0.000222,0.322084,-0.074780,0.132558,0.013243,-5.225372,0.010349,
feedback,10.844812,1786353230722,7,Ry,-5.000000,-75.000000,-5.129242,-0.129242,,,359.999908,-134.999466,479.998962,0.000429,20.000172,0.000163,359.995758,-134.999695,479.989929,0.000433,-34.058769,-0.000222,0.482059,-0.215712,0.128404,-0.003836,-5.129242,-0.028644,
feedback,10.853761,1786353230730,7,Ry,-5.000000,-75.000000,-5.142975,-0.142975,,,359.999908,-134.999466,479.998962,0.000429,20.000172,0.000163,360.000214,-134.999298,479.990753,0.000387,-34.099915,-0.000134,0.595639,0.010548,0.032473,-0.013370,-5.142975,0.007522,
feedback,10.862012,1786353230738,7,Ry,-5.000000,-75.000000,-5.026245,-0.026245,,,359.999908,-134.999466,479.998962,0.000429,20.000172,0.000163,360.004211,-134.999176,479.991913,0.000415,-34.140373,-0.000106,0.395948,0.022053,0.110141,0.007530,-5.026245,0.020257,
feedback,10.870132,1786353230747,7,Ry,-5.000000,-75.000000,-5.005646,-0.005646,,,359.999908,-134.999466,479.998962,0.000429,20.000172,0.000163,360.006805,-134.999252,479.991150,0.000379,-34.180336,-0.000167,0.290274,-0.053689,-0.058832,0.001837,-5.005646,0.002672,
feedback,10.877834,1786353230755,7,Ry,-5.000000,-75.000000,-5.019379,-0.019379,,,359.999908,-134.999466,479.998962,0.000429,20.000172,0.000163,360.008179,-134.999481,479.990234,0.000425,-34.220299,-0.000228,0.241233,0.021093,-0.009159,-0.003620,-5.019379,-0.019079,
feedback,10.886294,1786353230764,7,Ry,-5.000000,-75.000000,-4.957581,0.042419,,,359.999908,-134.999466,479.998962,0.000429,20.000172,0.000163,360.008942,-134.999527,479.991425,0.000306,-34.260014,-0.000189,0.022852,-0.108340,0.345108,-0.015206,-4.957581,-0.022655,
feedback,10.894774,1786353230772,7,Ry,-5.000000,-75.000000,-4.998779,0.001221,,,359.999908,-134.999466,479.998962,0.000429,20.000172,0.000163,360.010498,-134.999603,479.994476,0.000361,-34.299976,-0.000189,0.133697,-0.118887,0.400902,-0.005663,-4.998779,-0.024469,
feedback,10.902587,1786353230780,7,Ry,-5.000000,-75.000000,-4.978180,0.021820,,,359.999908,-134.999466,479.998962,0.000429,20.000172,0.000163,360.011505,-134.999207,479.999542,0.000444,-34.340019,-0.000107,0.296970,-0.064236,0.519004,0.007483,-4.978180,0.006550,
feedback,10.910863,1786353230789,7,Ry,-5.000000,-75.000000,-5.033112,-0.033112,,,359.999908,-134.999466,479.998962,0.000429,20.000172,0.000163,360.011536,-134.999298,480.008575,0.000370,-34.400116,-0.000102,-0.036430,-0.011506,0.973654,-0.016982,-5.033112,-0.018504,
feedback,10.919062,1786353230797,7,Ry,-5.000000,-75.000000,-5.081177,-0.081177,,,359.999908,-134.999466,479.998962,0.000429,20.000172,0.000163,360.011749,-134.999084,480.015717,0.000362,-34.440765,-0.000107,0.024285,0.053691,0.923946,-0.009529,-5.081177,0.008646,
feedback,10.928118,1786353230806,7,Ry,-5.000000,-75.000000,-5.197906,-0.197906,,,359.999908,-134.999466,479.998962,0.000429,20.000172,0.000163,360.012115,-134.999207,480.022797,0.000463,-34.481880,-0.000141,0.102373,0.022053,0.709450,0.015225,-5.197906,0.008981,
feedback,10.934835,1786353230814,7,Ry,-5.000000,-75.000000,-5.122375,-0.122375,,,359.999908,-134.999466,479.998962,0.000429,20.000172,0.000163,360.011658,-134.999298,480.027863,0.000428,-34.522915,-0.000202,0.018937,-0.021092,0.547580,0.015221,-5.122375,0.002126,
feedback,10.943745,1786353230822,7,Ry,-5.000000,-75.000000,-5.046844,-0.046844,,,359.999908,-134.999466,479.998962,0.000429,20.000172,0.000163,360.011200,-134.998962,480.030304,0.000409,-34.563564,-0.000114,-0.041346,0.107381,0.175817,-0.011290,-5.046844,0.005942,
feedback,10.951519,1786353230831,7,Ry,-5.000000,-75.000000,-5.094910,-0.094910,,,359.999908,-134.999466,479.998962,0.000429,20.000172,0.000163,360.009674,-134.999435,480.031830,0.000382,-34.604408,-0.000196,-0.188321,-0.087249,0.000927,-0.018695,-5.094910,-0.041849,
feedback,10.960207,1786353230839,7,Ry,-5.000000,-75.000000,-5.046845,-0.046845,,,359.999908,-134.999466,479.998962,0.000429,20.000172,0.000163,360.008209,-134.999435,480.032379,0.000492,-34.644646,-0.000169,-0.300958,-0.096835,0.160290,0.005664,-5.046844,-0.009829,
feedback,10.967417,1786353230847,7,Ry,-5.000000,-75.000000,-5.067444,-0.067444,,,359.999908,-134.999466,479.998962,0.000429,20.000172,0.000163,360.007751,-134.999512,480.031464,0.000437,-34.684937,-0.000197,-0.082664,0.010546,-0.085841,-0.001727,-5.067444,-0.009554,
feedback,10.975481,1786353230856,7,Ry,-5.000000,-75.000000,-5.101776,-0.101776,,,359.999908,-134.999466,479.998962,0.000429,20.000172,0.000163,360.009277,-134.999649,480.028839,0.000558,-34.726219,-0.000264,0.193967,-0.161071,-0.537010,0.024766,-5.101776,-0.020152,
feedback,10.983820,1786353230864,7,Ry,-5.000000,-75.000000,-5.088043,-0.088043,,,359.999908,-134.999466,479.998962,0.000429,20.000172,0.000163,360.010590,-134.998993,480.025238,0.000457,-34.766949,-0.000148,0.227047,0.107382,-0.514263,0.000485,-5.088043,-0.011020,
feedback,10.991885,1786353230868,7,Ry,-5.000000,-75.000000,-5.136108,-0.136108,,,359.999908,-134.999466,479.998962,0.000429,20.000172,0.000163,360.010834,-134.999252,480.023804,0.000326,-34.787495,-0.000069,0.062374,-0.065197,-0.357646,-0.026934,-5.136108,0.000989,
feedback,11.000397,1786353230877,7,Ry,-5.000000,-75.000000,-5.053711,-0.053711,,,359.999908,-134.999466,479.998962,0.000429,20.000172,0.000163,360.011078,-134.999298,480.017944,0.000540,-34.848385,-0.000176,0.021840,0.065197,-0.477992,0.019134,-5.053711,0.010310,
feedback,11.008898,1786353230885,7,Ry,-5.000000,-75.000000,-5.149841,-0.149841,,,359.999908,-134.999466,479.998962,0.000429,20.000172,0.000163,360.010895,-134.999176,480.015778,0.000400,-34.889366,-0.000076,-0.014255,0.043144,-0.222458,-0.015693,-5.149841,0.029396,
feedback,11.016985,1786353230894,7,Ry,-5.000000,-75.000000,-5.163574,-0.163574,,,359.999908,-134.999466,479.998962,0.000429,20.000172,0.000163,360.010803,-134.999390,480.013184,0.000357,-34.930481,-0.000198,-0.044015,-0.054651,-0.220284,-0.016876,-5.163574,-0.025528,
feedback,11.024695,1786353230902,7,Ry,-5.000000,-75.000000,-5.163574,-0.163574,,,359.999908,-134.999466,479.998962,0.000429,20.000172,0.000163,360.011200,-134.999298,480.010925,0.000373,-34.971764,-0.000103,-0.005332,0.021092,-0.219680,-0.026981,-5.163574,0.014635,
feedback,11.032991,1786353230910,7,Ry,-5.000000,-75.000000,-5.184174,-0.184174,,,359.999908,-134.999466,479.998962,0.000429,20.000172,0.000163,360.011353,-134.999130,480.007477,0.000451,-35.013206,-0.000210,0.098311,0.000000,-0.418237,0.011837,-5.184174,-0.016871,
feedback,11.042090,1786353230919,7,Ry,-5.000000,-75.000000,-5.122375,-0.122375,,,359.999908,-134.999466,479.998962,0.000429,20.000172,0.000163,360.009613,-134.999481,480.002777,0.000393,-35.054298,-0.000165,-0.130439,0.075742,-0.595859,-0.002254,-5.122375,0.028919,
feedback,11.049183,1786353230928,7,Ry,-5.000000,-75.000000,-5.005646,-0.005646,,,359.999908,-134.999466,479.998962,0.000429,20.000172,0.000163,360.009430,-134.999130,479.997101,0.000413,-35.094452,-0.000143,-0.003529,0.032598,-0.769849,0.001687,-5.005646,0.016432,
feedback,11.058612,1786353230936,7,Ry,-5.000000,-75.000000,-4.998779,0.001221,,,359.999908,-134.999466,479.998962,0.000429,20.000172,0.000163,360.007874,-134.999512,479.992340,0.000421,-35.134525,-0.000165,-0.201856,-0.150525,-0.582137,0.007291,-4.998779,-0.007081,
feedback,11.066828,1786353230945,7,Ry,-5.000000,-75.000000,-5.019379,-0.019379,,,359.999908,-134.999466,479.998962,0.000429,20.000172,0.000163,360.006226,-134.999557,479.984497,0.000468,-35.193851,-0.000199,-0.132937,-0.074783,-0.695846,0.020803,-5.019379,-0.000605,
feedback,11.074456,1786353230953,7,Ry,-5.000000,-75.000000,-4.991913,0.008087,,,359.999908,-134.999466,479.998962,0.000429,20.000172,0.000163,360.005249,-134.999481,479.980591,0.000433,-35.233730,-0.000233,-0.155963,-0.022052,-0.427505,-0.003282,-4.991913,-0.026006,
feedback,11.082500,1786353230962,7,Ry,-5.000000,-75.000000,-4.978180,0.021820,,,359.999908,-134.999466,479.998962,0.000429,20.000172,0.000163,360.005463,-134.999222,479.977814,0.000359,-35.273693,-0.000172,0.073155,-0.021092,-0.374254,0.007261,-4.978180,0.013536,
feedback,11.090872,1786353230970,7,Ry,-5.000000,-75.000000,-5.046844,-0.046844,,,359.999908,-134.999466,479.998962,0.000429,20.000172,0.000163,360.004913,-134.999344,479.976807,0.000422,-35.313904,-0.000138,-0.028596,-0.021092,0.000276,0.011221,-5.046844,0.007938,
feedback,11.098799,1786353230978,7,Ry,-5.000000,-75.000000,-4.985046,0.014954,,,359.999908,-134.999466,479.998962,0.000429,20.000172,0.000163,360.003571,-134.999298,479.978790,0.000415,-35.353977,-0.000172,-0.144349,0.032597,0.330723,0.005615,-4.985046,0.010840,
feedback,11.107606,1786353230987,7,Ry,-5.000000,-75.000000,-4.964447,0.035553,,,359.999908,-134.999466,479.998962,0.000429,20.000172,0.000163,360.002686,-134.999298,479.982086,0.000395,-35.393803,-0.000138,-0.143910,-0.043144,0.459431,-0.003963,-4.964447,-0.001269,
feedback,11.115194,1786353230995,7,Ry,-5.000000,-75.000000,-5.026245,-0.026245,,,359.999908,-134.999466,479.998962,0.000429,20.000172,0.000163,360.001587,-134.999130,479.985107,0.000415,-35.433601,-0.000145,-0.125766,0.032597,0.533412,0.001631,-5.026245,0.016442,
feedback,11.123326,1786353230999,7,Ry,-5.000000,-75.000000,-4.943848,0.056152,,,359.999908,-134.999466,479.998962,0.000429,20.000172,0.000163,360.000092,-134.999039,479.987396,0.000470,-35.472958,-0.000118,-0.243653,0.065193,0.202244,0.011203,-4.943848,0.021702,
feedback,11.131326,1786353231008,7,Ry,-5.000000,-75.000000,-4.820252,0.179748,,,359.999908,-134.999466,479.998962,0.000429,20.000172,0.000163,359.999084,-134.999481,479.989136,0.000435,-35.492241,-0.000234,-0.247351,-0.108338,0.438863,-0.007183,-4.820251,-0.034163,
feedback,11.140315,1786353231016,7,Ry,-5.000000,-75.000000,-4.888916,0.111084,,,359.999908,-134.999466,479.998962,0.000429,20.000172,0.000163,359.997955,-134.999130,479.990540,0.000416,-35.531544,-0.000145,-0.221945,-0.000001,0.186551,-0.003974,-4.888916,0.005588,
feedback,11.147708,1786353231025,7,Ry,-5.000000,-75.000000,-4.758454,0.241546,,,359.999908,-134.999466,479.998962,0.000429,20.000172,0.000163,359.996246,-134.999557,479.988037,0.000491,-35.589195,-0.000234,-0.134887,-0.118882,-0.260011,0.006416,-4.758453,-0.041347,
feedback,11.156618,1786353231033,7,Ry,-5.000000,-75.000000,-4.737854,0.262146,,,359.999908,-134.999466,479.998962,0.000429,20.000172,0.000163,359.995941,-134.999512,479.986267,0.000444,-35.627342,-0.000201,-0.045505,-0.129428,-0.253290,0.008011,-4.737854,-0.031762,
feedback,11.164291,1786353231042,7,Ry,-5.000000,-75.000000,-4.785919,0.214081,,,359.999908,-134.999466,479.998962,0.000429,20.000172,0.000163,359.996613,-134.999130,479.983826,0.000527,-35.665657,-0.000118,0.075087,-0.031638,-0.326583,0.020757,-4.785919,0.006432,
feedback,11.172837,1786353231050,7,Ry,-5.000000,-75.000000,-4.847717,0.152283,,,359.999908,-134.999466,479.998962,0.000429,20.000172,0.000163,359.998871,-134.999084,479.980072,0.000480,-35.704441,-0.000085,0.329959,-0.009586,-0.530140,0.027898,-4.847717,0.026903,
feedback,11.180416,1786353231058,7,Ry,-5.000000,-75.000000,-4.923248,0.076752,,,359.999908,-134.999466,479.998962,0.000429,20.000172,0.000163,360.001831,-134.999344,479.976074,0.000425,-35.743965,-0.000140,0.520770,-0.053688,-0.670999,0.001576,-4.923248,0.002718,
feedback,11.188726,1786353231067,7,Ry,-5.000000,-75.000000,-4.985046,0.014954,,,359.999908,-134.999466,479.998962,0.000429,20.000172,0.000163,360.005157,-134.999084,479.972992,0.000410,-35.783733,-0.000180,0.338783,-0.021091,-0.268334,0.011157,-4.985046,0.008030,
feedback,11.196692,1786353231075,7,Ry,-5.000000,-75.000000,-4.936981,0.063019,,,359.999908,-134.999466,479.998962,0.000429,20.000172,0.000163,360.007629,-134.999084,479.969116,0.000520,-35.823723,-0.000153,0.298349,-0.021091,-0.563355,0.011154,-4.936981,0.008038,
feedback,11.205521,1786353231083,7,Ry,-5.000000,-75.000000,-5.026245,-0.026245,,,359.999908,-134.999466,479.998962,0.000429,20.000172,0.000163,360.008942,-134.999008,479.967102,0.000356,-35.864208,-0.000181,0.154556,0.042185,-0.218339,-0.022242,-5.026245,-0.016091,
feedback,11.213078,1786353231092,7,Ry,-5.000000,-75.000000,-5.067444,-0.067444,,,359.999908,-134.999466,479.998962,0.000429,20.000172,0.000163,360.009216,-134.998993,479.964630,0.000426,-35.904446,-0.000085,0.041667,0.129433,-0.230073,0.000019,-5.067444,0.020599,
feedback,11.221937,1786353231100,7,Ry,-5.000000,-75.000000,-5.039978,-0.039978,,,359.999908,-134.999466,479.998962,0.000429,20.000172,0.000163,360.008270,-134.999435,479.961670,0.000461,-35.944767,-0.000107,-0.165135,-0.074783,-0.297480,0.008630,-5.039978,0.016343,
feedback,11.229416,1786353231109,7,Ry,-5.000000,-75.000000,-5.184174,-0.184174,,,359.999908,-134.999466,479.998962,0.000429,20.000172,0.000163,360.006927,-134.999466,479.956573,0.000529,-36.005821,-0.000175,-0.066278,-0.074783,-0.409627,0.016679,-5.184174,0.005243,
feedback,11.238921,1786353231117,7,Ry,-5.000000,-75.000000,-5.074310,-0.074310,,,359.999908,-134.999466,479.998962,0.000429,20.000172,0.000163,360.006958,-134.999435,479.953278,0.000372,-36.046719,-0.000168,0.045581,-0.000959,-0.540523,-0.022195,-5.074310,-0.023029,
feedback,11.245830,1786353231126,7,Ry,-5.000000,-75.000000,-5.225372,-0.225372,,,359.999908,-134.999466,479.998962,0.000429,20.000172,0.000163,360.008026,-134.999084,479.950073,0.000372,-36.088028,-0.000114,0.172445,0.150525,-0.338385,-0.011080,-5.225372,0.012510,
feedback,11.254214,1786353231134,7,Ry,-5.000000,-75.000000,-5.184174,-0.184174,,,359.999908,-134.999466,479.998962,0.000429,20.000172,0.000163,360.010071,-134.999603,479.946564,0.000393,-36.129253,-0.000230,0.325254,-0.075742,-0.582758,-0.001487,-5.184174,-0.023327,
feedback,11.262009,1786353231143,7,Ry,-5.000000,-75.000000,-5.252838,-0.252838,,,359.999908,-134.999466,479.998962,0.000429,20.000172,0.000163,360.013092,-134.999039,479.943787,0.000346,-36.170837,-0.000114,0.325516,-0.097795,-0.587249,-0.016611,-5.252838,-0.032757,
feedback,11.270969,1786353231147,7,Ry,-5.000000,-75.000000,-5.245972,-0.245972,,,359.999908,-134.999466,479.998962,0.000429,20.000172,0.000163,360.014404,-134.999344,479.942291,0.000448,-36.191822,-0.000176,0.329691,-0.074782,-0.372334,0.020694,-5.245972,-0.000244,
feedback,11.278831,1786353231155,7,Ry,-5.000000,-75.000000,-5.204773,-0.204773,,,359.999908,-134.999466,479.998962,0.000429,20.000172,0.000163,360.016968,-134.999344,479.940521,0.000448,-36.233513,-0.000176,0.291295,-0.096836,-0.203523,0.009612,-5.204773,-0.015213,
feedback,11.286604,1786353231163,7,Ry,-5.000000,-75.000000,-5.170441,-0.170441,,,359.999908,-134.999466,479.998962,0.000429,20.000172,0.000163,360.018158,-134.999130,479.939636,0.000381,-36.274986,-0.000080,0.114879,0.086291,-0.107566,-0.004045,-5.170441,0.019269,
feedback,11.295057,1786353231172,7,Ry,-5.000000,-75.000000,-5.184173,-0.184173,,,359.999908,-134.999466,479.998962,0.000429,20.000172,0.000163,360.017914,-134.999130,479.939087,0.000401,-36.316517,-0.000115,-0.131952,0.096836,0.134919,-0.009582,-5.184174,0.015199,
feedback,11.303528,1786353231180,7,Ry,-5.000000,-75.000000,-5.156708,-0.156708,,,359.999908,-134.999466,479.998962,0.000429,20.000172,0.000163,360.015778,-134.999512,479.940155,0.000449,-36.357658,-0.000204,-0.184089,-0.000000,0.132251,0.000012,-5.156708,0.000000,
feedback,11.312136,1786353231189,7,Ry,-5.000000,-75.000000,-5.122375,-0.122375,,,359.999908,-134.999466,479.998962,0.000429,20.000172,0.000163,360.010651,-134.999298,479.946411,0.000382,-36.419239,-0.000108,-0.460306,-0.000001,0.696573,-0.008138,-5.122375,0.011051,
feedback,11.320037,1786353231197,7,Ry,-5.000000,-75.000000,-5.184174,-0.184174,,,359.999908,-134.999466,479.998962,0.000429,20.000172,0.000163,360.006744,-134.999512,479.952789,0.000430,-36.461040,-0.000170,-0.418037,0.010545,0.784720,-0.013671,-5.184174,0.006964,
feedback,11.328948,1786353231206,7,Ry,-5.000000,-75.000000,-5.191040,-0.191040,,,359.999908,-134.999466,479.998962,0.000429,20.000172,0.000163,360.003784,-134.998917,479.959351,0.000396,-36.502789,-0.000122,-0.389690,-0.033558,0.781476,-0.019408,-5.191040,-0.045195,
feedback,11.335999,1786353231214,7,Ry,-5.000000,-75.000000,-5.245972,-0.245972,,,359.999908,-134.999466,479.998962,0.000429,20.000172,0.000163,360.000977,-134.999039,479.968201,0.000478,-36.544483,-0.000122,-0.475116,0.053688,1.389183,-0.001408,-5.245972,-0.002739,
feedback,11.344707,1786353231222,7,Ry,-5.000000,-75.000000,-5.197906,-0.197906,,,359.999908,-134.999466,479.998962,0.000429,20.000172,0.000163,359.999664,-134.999207,479.977509,0.000458,-36.586094,-0.000116,-0.149050,0.022050,1.288854,0.002859,-5.197906,0.026079,
feedback,11.352972,1786353231231,7,Ry,-5.000000,-75.000000,-5.074310,-0.074310,,,359.999908,-134.999466,479.998962,0.000429,20.000172,0.000163,359.999878,-134.999039,479.985718,0.000479,-36.626991,-0.000123,0.008669,0.118883,1.095324,0.005530,-5.074310,0.024696,
feedback,11.361992,1786353231239,7,Ry,-5.000000,-75.000000,-5.129242,-0.129242,,,359.999908,-134.999466,479.998962,0.000429,20.000172,0.000163,360.001343,-134.999252,479.992981,0.000507,-36.668190,-0.000150,0.172268,-0.010546,0.971503,0.005525,-5.129242,0.004101,
feedback,11.368823,1786353231248,7,Ry,-5.000000,-75.000000,-4.991913,0.008087,,,359.999908,-134.999466,479.998962,0.000429,20.000172,0.000163,360.003418,-134.999344,479.998016,0.000432,-36.708454,-0.000144,0.261821,0.010547,0.565611,-0.009595,-4.991913,0.001400,
feedback,11.377824,1786353231256,7,Ry,-5.000000,-75.000000,-4.964447,0.035553,,,359.999908,-134.999466,479.998962,0.000429,20.000172,0.000163,360.004303,-134.999695,480.000671,0.000452,-36.748116,-0.000233,0.106213,-0.043143,0.362091,0.004118,-4.964447,-0.012368,
feedback,11.385426,1786353231264,7,Ry,-5.000000,-75.000000,-4.943848,0.056152,,,359.999908,-134.999466,479.998962,0.000429,20.000172,0.000163,360.004517,-134.999252,480.003876,0.000377,-36.787773,-0.000144,0.063454,0.064236,0.327732,-0.010984,-4.943848,-0.001358,
feedback,11.393292,1786353231273,7,Ry,-5.000000,-75.000000,-4.998779,0.001221,,,359.999908,-134.999466,479.998962,0.000429,20.000172,0.000163,360.005951,-134.999298,480.007263,0.000426,-36.847347,-0.000178,0.050431,-0.011505,0.359533,-0.012352,-4.998779,-0.024714,
feedback,11.401259,1786353231281,7,Ry,-5.000000,-75.000000,-4.991913,0.008087,,,359.999908,-134.999466,479.998962,0.000429,20.000172,0.000163,360.007080,-134.999344,480.009338,0.000474,-36.887173,-0.000213,0.184549,0.000001,0.270121,0.004136,-4.991913,-0.005492,
feedback,11.410355,1786353231290,7,Ry,-5.000000,-75.000000,-5.012512,-0.012512,,,359.999908,-134.999466,479.998962,0.000429,20.000172,0.000163,360.007660,-134.999557,480.010193,0.000419,-36.927109,-0.000103,0.065686,-0.107380,0.091308,-0.001386,-5.012512,0.010985,
feedback,11.417865,1786353231298,7,Ry,-5.000000,-75.000000,-5.067444,-0.067444,,,359.999908,-134.999466,479.998962,0.000429,20.000172,0.000163,360.009064,-134.999298,480.011292,0.000426,-36.967648,-0.000179,0.095446,-0.065196,0.160195,-0.006828,-5.067444,-0.027478,
feedback,11.426713,1786353231302,7,Ry,-5.000000,-75.000000,-5.115509,-0.115509,,,359.999908,-134.999466,479.998962,0.000429,20.000172,0.000163,360.009766,-134.999252,480.011719,0.000530,-36.988110,-0.000186,0.174111,0.011507,0.110671,0.020602,-5.115509,0.013775,
feedback,11.434265,1786353231311,7,Ry,-5.000000,-75.000000,-5.136108,-0.136108,,,359.999908,-134.999466,479.998962,0.000429,20.000172,0.000163,360.011719,-134.998825,480.012054,0.000475,-37.029198,-0.000131,0.351251,0.151487,0.123293,0.006850,-5.136108,0.041218,
feedback,11.442632,1786353231319,7,Ry,-5.000000,-75.000000,-5.191040,-0.191040,,,359.999908,-134.999466,479.998962,0.000429,20.000172,0.000163,360.014526,-134.999390,480.012024,0.000482,-37.070534,-0.000179,0.355092,-0.107381,0.107795,0.010972,-5.191040,-0.005455,
feedback,11.450546,1786353231327,7,Ry,-5.000000,-75.000000,-5.170441,-0.170441,,,359.999908,-134.999466,479.998962,0.000429,20.000172,0.000163,360.017242,-134.999390,480.010742,0.000482,-37.111542,-0.000180,0.377851,0.065199,-0.123399,0.010966,-5.170441,0.022019,
feedback,11.459350,1786353231336,7,Ry,-5.000000,-75.000000,-5.129242,-0.129242,,,359.999908,-134.999466,479.998962,0.000429,20.000172,0.000163,360.018738,-134.999176,480.009216,0.000435,-37.152714,-0.000118,0.238929,0.096838,-0.291540,-0.009602,-5.129242,0.015059,
feedback,11.466981,1786353231344,7,Ry,-5.000000,-75.000000,-5.163574,-0.163574,,,359.999908,-134.999466,479.998962,0.000429,20.000172,0.000163,360.019501,-134.999390,480.007874,0.000483,-37.193966,-0.000180,0.072870,-0.032599,-0.309241,0.002847,-5.163574,-0.021957,
feedback,11.475388,1786353231353,7,Ry,-5.000000,-75.000000,-5.170441,-0.170441,,,359.999908,-134.999466,479.998962,0.000429,20.000172,0.000163,360.018524,-134.999039,480.005615,0.000463,-37.255791,-0.000091,-0.186679,0.139982,-0.137633,-0.005445,-5.170441,0.016443,
feedback,11.483309,1786353231361,7,Ry,-5.000000,-75.000000,-5.245972,-0.245972,,,359.999908,-134.999466,479.998962,0.000429,20.000172,0.000163,360.017273,-134.999725,480.006317,0.000484,-37.297649,-0.000235,-0.179728,-0.118890,0.238532,-0.005452,-5.245972,-0.024760,
feedback,11.491789,1786353231369,7,Ry,-5.000000,-75.000000,-5.300903,-0.300903,,,359.999908,-134.999466,479.998962,0.000429,20.000172,0.000163,360.016113,-134.999680,480.007141,0.000567,-37.339809,-0.000208,-0.205339,-0.074784,0.045377,0.020555,-5.300903,0.000169,
feedback,11.499781,1786353231378,7,Ry,-5.000000,-75.000000,-5.294037,-0.294037,,,359.999908,-134.999466,479.998962,0.000429,20.000172,0.000163,360.013611,-134.999344,480.009186,0.000436,-37.381721,-0.000146,-0.346592,0.053690,0.120655,-0.009610,-5.294037,0.008154,
feedback,11.508739,1786353231386,7,Ry,-5.000000,-75.000000,-5.342102,-0.342102,,,359.999908,-134.999466,479.998962,0.000429,20.000172,0.000163,360.011108,-134.999252,480.011383,0.000512,-37.423744,-0.000154,-0.341654,0.054649,0.231069,0.012204,-5.342102,0.031704,
feedback,11.515819,1786353231395,7,Ry,-5.000000,-75.000000,-5.163574,-0.163574,,,359.999908,-134.999466,479.998962,0.000429,20.000172,0.000163,360.007507,-134.999725,480.012665,0.000506,-37.465137,-0.000271,-0.428955,-0.010547,0.100359,0.005460,-5.163574,0.004177,
feedback,11.524468,1786353231403,7,Ry,-5.000000,-75.000000,-5.211639,-0.211639,,,359.999908,-134.999466,479.998962,0.000429,20.000172,0.000163,360.004730,-134.999390,480.015198,0.000464,-37.506775,-0.000147,-0.260581,0.010545,0.154254,-0.013793,-5.211639,0.006713,
feedback,11.532216,1786353231411,7,Ry,-5.000000,-75.000000,-5.163574,-0.163574,,,359.999908,-134.999466,479.998962,0.000429,20.000172,0.000163,360.003235,-134.999725,480.016327,0.000486,-37.548412,-0.000237,-0.018209,-0.086287,-0.095396,-0.004175,-5.163574,-0.008289,
feedback,11.541188,1786353231420,7,Ry,-5.000000,-75.000000,-5.101776,-0.101776,,,359.999908,-134.999466,479.998962,0.000429,20.000172,0.000163,360.001648,-134.999649,480.017365,0.000562,-37.589283,-0.000244,-0.191913,-0.053690,0.084925,0.005453,-5.101776,-0.002678,
feedback,11.549297,1786353231428,7,Ry,-5.000000,-75.000000,-5.053711,-0.053711,,,359.999908,-134.999466,479.998962,0.000429,20.000172,0.000163,360.000610,-134.999649,480.016907,0.000431,-37.630096,-0.000237,-0.200106,-0.162027,-0.122283,-0.005428,-5.053711,-0.031658,
feedback,11.557755,1786353231437,7,Ry,-5.000000,-75.000000,-5.005646,-0.005646,,,359.999908,-134.999466,479.998962,0.000429,20.000172,0.000163,359.998718,-134.999435,480.015076,0.000557,-37.690163,-0.000252,-0.192343,-0.031639,-0.183717,0.024711,-5.005646,0.001727,
feedback,11.565895,1786353231445,7,Ry,-5.000000,-75.000000,-4.943848,0.056152,,,359.999908,-134.999466,479.998962,0.000429,20.000172,0.000163,359.996857,-134.999344,480.013916,0.000502,-37.729744,-0.000252,-0.328480,-0.010547,0.010452,0.013849,-4.943848,-0.006660,
feedback,11.574277,1786353231454,7,Ry,-5.000000,-75.000000,-4.902649,0.097351,,,359.999908,-134.999466,479.998962,0.000429,20.000172,0.000163,359.994690,-134.999084,480.012360,0.000405,-37.768799,-0.000155,-0.288560,0.064234,-0.116261,-0.006634,-4.902649,-0.006972,
feedback,11.582154,1786353231462,7,Ry,-5.000000,-75.000000,-4.868317,0.131683,,,359.999908,-134.999466,479.998962,0.000429,20.000172,0.000163,359.992767,-134.999649,480.011230,0.000433,-37.807747,-0.000238,-0.150397,-0.032596,-0.120230,-0.005416,-4.868317,-0.011076,
feedback,11.592434,1786353231471,7,Ry,-5.000000,-75.000000,-4.840851,0.159149,,,359.999908,-134.999466,479.998962,0.000429,20.000172,0.000163,359.990631,-134.999084,480.012207,0.000448,-37.846775,-0.000225,-0.285764,0.043141,0.181694,0.008442,-4.840851,-0.003978,
feedback,11.599113,1786353231475,7,Ry,-5.000000,-75.000000,-4.882049,0.117951,,,359.999908,-134.999466,479.998962,0.000429,20.000172,0.000163,359.990204,-134.999130,480.012970,0.000412,-37.866302,-0.000121,-0.108068,-0.010546,0.192295,-0.007207,-4.882050,0.020477,
feedback,11.607075,1786353231484,7,Ry,-5.000000,-75.000000,-4.854584,0.145416,,,359.999908,-134.999466,479.998962,0.000429,20.000172,0.000163,359.989197,-134.999222,480.015656,0.000357,-37.905277,-0.000148,-0.133896,0.052730,0.325411,-0.031294,-4.854584,-0.015674,
feedback,11.615359,1786353231492,7,Ry,-5.000000,-75.000000,-4.854584,0.145416,,,359.999908,-134.999466,479.998962,0.000429,20.000172,0.000163,359.988892,-134.999771,480.018219,0.000495,-37.944221,-0.000204,-0.042713,-0.172567,0.330937,0.000009,-4.854584,-0.027466,
feedback,11.623766,1786353231501,7,Ry,-5.000000,-75.000000,-5.005646,-0.005646,,,359.999908,-134.999466,479.998962,0.000429,20.000172,0.000163,359.988129,-134.999344,480.022125,0.000483,-38.003742,-0.000219,-0.013292,0.065191,0.123017,0.010836,-5.005646,0.022188,
feedback,11.631595,1786353231509,7,Ry,-5.000000,-75.000000,-4.909515,0.090485,,,359.999908,-134.999466,479.998962,0.000429,20.000172,0.000163,359.987427,-134.999435,480.023621,0.000407,-38.043098,-0.000211,-0.113838,-0.011504,0.223360,-0.020443,-4.909515,-0.014153,
feedback,11.640273,1786353231518,7,Ry,-5.000000,-75.000000,-4.971313,0.028687,,,359.999908,-134.999466,479.998962,0.000429,20.000172,0.000163,359.986298,-134.999344,480.025238,0.000484,-38.082817,-0.000219,-0.137460,0.053687,0.012198,-0.005390,-4.971313,0.002631,
feedback,11.647835,1786353231526,7,Ry,-5.000000,-75.000000,-4.957580,0.042420,,,359.999908,-134.999466,479.998962,0.000429,20.000172,0.000163,359.985352,-134.999176,480.025269,0.000463,-38.122368,-0.000157,-0.029273,0.108332,-0.035695,0.010820,-4.957581,0.029077,
feedback,11.656608,1786353231534,7,Ry,-5.000000,-75.000000,-4.950714,0.049286,,,359.999908,-134.999466,479.998962,0.000429,20.000172,0.000163,359.983002,-134.998962,480.025085,0.000436,-38.161972,-0.000130,-0.257323,0.086281,-0.073433,-0.004224,-4.950714,0.019132,
feedback,11.664363,1786353231543,7,Ry,-5.000000,-75.000000,-5.039978,-0.039978,,,359.999908,-134.999466,479.998962,0.000429,20.000172,0.000163,359.980621,-134.999008,480.024628,0.000397,-38.202156,-0.000227,-0.264131,0.064232,-0.168263,-0.002282,-5.039978,-0.012418,
feedback,11.672671,1786353231551,7,Ry,-5.000000,-75.000000,-4.998779,0.001221,,,359.999908,-134.999466,479.998962,0.000429,20.000172,0.000163,359.977722,-134.999298,480.023682,0.000458,-38.242310,-0.000220,-0.423772,-0.000001,-0.201342,0.004265,-4.998779,-0.005393,
feedback,11.680328,1786353231560,7,Ry,-5.000000,-75.000000,-5.012512,-0.012512,,,359.999908,-134.999466,479.998962,0.000429,20.000172,0.000163,359.974579,-134.999390,480.022400,0.000513,-38.282410,-0.000220,-0.434180,0.022047,-0.039167,0.006540,-5.012512,0.020764,
feedback,11.689606,1786353231568,7,Ry,-5.000000,-75.000000,-5.108643,-0.108643,,,359.999908,-134.999466,479.998962,0.000429,20.000172,0.000163,359.972382,-134.999603,480.021332,0.000541,-38.323471,-0.000248,-0.325507,-0.161059,-0.109365,0.016173,-5.108643,-0.007826,
feedback,11.696826,1786353231576,7,Ry,-5.000000,-75.000000,-5.081177,-0.081177,,,359.999908,-134.999466,479.998962,0.000429,20.000172,0.000163,359.972443,-134.999344,480.019318,0.000508,-38.364311,-0.000256,0.006263,0.032594,-0.140075,0.001137,-5.081177,0.016512,
feedback,11.705798,1786353231585,7,Ry,-5.000000,-75.000000,-5.149841,-0.149841,,,359.999908,-134.999466,479.998962,0.000429,20.000172,0.000163,359.973785,-134.999695,480.016174,0.000487,-38.425945,-0.000276,0.078558,-0.108328,-0.250969,-0.010749,-5.149841,-0.029134,
feedback,11.713278,1786353231589,7,Ry,-5.000000,-75.000000,-5.149841,-0.149841,,,359.999908,-134.999466,479.998962,0.000429,20.000172,0.000163,359.975647,-134.999390,480.014648,0.000515,-38.446545,-0.000221,0.467882,0.075736,-0.376720,0.005393,-5.149841,0.018002,
feedback,11.722498,1786353231598,7,Ry,-5.000000,-75.000000,-5.149841,-0.149841,,,359.999908,-134.999466,479.998962,0.000429,20.000172,0.000163,359.978058,-134.999130,480.010742,0.000438,-38.487663,-0.000159,0.261231,0.097784,-0.469882,0.016141,-5.149841,0.033419,
feedback,11.729590,1786353231606,7,Ry,-5.000000,-75.000000,-5.060577,-0.060577,,,359.999908,-134.999466,479.998962,0.000429,20.000172,0.000163,359.980194,-134.998993,480.005890,0.000531,-38.528587,-0.000237,0.331631,0.150516,-0.767413,-0.002170,-5.060577,0.001302,
feedback,11.738517,1786353231615,7,Ry,-5.000000,-75.000000,-5.088043,-0.088043,,,359.999908,-134.999466,479.998962,0.000429,20.000172,0.000163,359.982452,-134.999252,479.999481,0.000543,-38.569592,-0.000194,0.166927,-0.031638,-0.767535,0.016123,-5.088043,0.012843,
feedback,11.746418,1786353231623,7,Ry,-5.000000,-75.000000,-5.046845,-0.046845,,,359.999908,-134.999466,479.998962,0.000429,20.000172,0.000163,359.982941,-134.999512,479.995361,0.000467,-38.610077,-0.000214,-0.017501,-0.118877,-0.627077,-0.005353,-5.046844,-0.024884,
feedback,11.754819,1786353231631,7,Ry,-5.000000,-75.000000,-5.053711,-0.053711,,,359.999908,-134.999466,479.998962,0.000429,20.000172,0.000163,359.982758,-134.999298,479.991455,0.000439,-38.650562,-0.000187,-0.092265,0.052730,-0.437706,-0.035375,-5.053711,-0.010718,
feedback,11.762385,1786353231640,7,Ry,-5.000000,-75.000000,-5.094910,-0.094910,,,359.999908,-134.999466,479.998962,0.000429,20.000172,0.000163,359.981934,-134.999130,479.988220,0.000440,-38.691128,-0.000160,-0.169979,0.010546,-0.360813,-0.013927,-5.094910,0.006427,
feedback,11.771089,1786353231648,7,Ry,-5.000000,-75.000000,-5.122376,-0.122376,,,359.999908,-134.999466,479.998962,0.000429,20.000172,0.000163,359.981110,-134.999176,479.986176,0.000512,-38.731941,-0.000230,-0.012441,0.117920,-0.229032,-0.007460,-5.122375,-0.009868,
feedback,11.778903,1786353231657,7,Ry,-5.000000,-75.000000,-5.026245,-0.026245,,,359.999908,-134.999466,479.998962,0.000429,20.000172,0.000163,359.980530,-134.999222,479.984619,0.000386,-38.792946,-0.000188,0.096350,0.010546,-0.146786,-0.005337,-5.026245,-0.004302,
feedback,11.787034,1786353231665,7,Ry,-5.000000,-75.000000,-5.081177,-0.081177,,,359.999908,-134.999466,479.998962,0.000429,20.000172,0.000163,359.982605,-134.999176,479.983429,0.000535,-38.833813,-0.000266,0.377462,0.086283,-0.020080,0.004323,-5.081177,0.008384,
feedback,11.795178,1786353231674,7,Ry,-5.000000,-75.000000,-5.019379,-0.019379,,,359.999908,-134.999466,479.998962,0.000429,20.000172,0.000163,359.984161,-134.999512,479.984192,0.000491,-38.874271,-0.000251,0.236625,-0.043141,0.014330,-0.012916,-5.019379,0.009171,
feedback,11.803345,1786353231682,7,Ry,-5.000000,-75.000000,-4.978180,0.021820,,,359.999908,-134.999466,479.998962,0.000429,20.000172,0.000163,359.987549,-134.999176,479.984467,0.000469,-38.914371,-0.000161,0.432306,0.053689,0.164997,-0.005326,-4.978180,0.002553,
feedback,11.811505,1786353231690,7,Ry,-5.000000,-75.000000,-4.964447,0.035553,,,359.999908,-134.999466,479.998962,0.000429,20.000172,0.000163,359.991058,-134.999252,479.984711,0.000569,-38.954525,-0.000232,0.467190,-0.021091,0.042215,0.010696,-4.964447,0.008634,
feedback,11.819703,1786353231699,7,Ry,-5.000000,-75.000000,-4.971313,0.028687,,,359.999908,-134.999466,479.998962,0.000429,20.000172,0.000163,359.993500,-134.999481,479.984711,0.000464,-38.994572,-0.000251,0.365628,0.010547,-0.003013,-0.005325,-4.971313,-0.004321,
feedback,11.828148,1786353231707,7,Ry,-5.000000,-75.000000,-4.909515,0.090485,,,359.999908,-134.999466,479.998962,0.000429,20.000172,0.000163,359.995514,-134.999130,479.985474,0.000465,-39.033985,-0.000197,0.263243,0.096832,0.054629,-0.000993,-4.909515,0.004075,
feedback,11.836141,1786353231716,7,Ry,-5.000000,-75.000000,-4.930115,0.069885,,,359.999908,-134.999466,479.998962,0.000429,20.000172,0.000163,359.995880,-134.999252,479.986694,0.000570,-39.073288,-0.000232,0.124565,0.011505,0.208412,0.024665,-4.930115,0.009189,
feedback,11.844509,1786353231724,7,Ry,-5.000000,-75.000000,-4.964447,0.035553,,,359.999908,-134.999466,479.998962,0.000429,20.000172,0.000163,359.995209,-134.999298,479.990082,0.000421,-39.112865,-0.000154,-0.089089,-0.010546,0.547051,-0.003321,-4.964447,0.014987,
feedback,11.852629,1786353231733,7,Ry,-5.000000,-75.000000,-5.026245,-0.026245,,,359.999908,-134.999466,479.998962,0.000429,20.000172,0.000163,359.993103,-134.999512,479.996490,0.000516,-39.172661,-0.000288,-0.189872,-0.022051,0.533530,-0.006297,-5.026245,-0.020864,
feedback,11.861166,1786353231741,7,Ry,-5.000000,-75.000000,-5.026245,-0.026245,,,359.999908,-134.999466,479.998962,0.000429,20.000172,0.000163,359.991028,-134.999344,480.002808,0.000494,-39.213005,-0.000225,-0.269213,-0.000001,0.679804,0.004355,-5.026245,-0.005320,
feedback,11.869133,1786353231750,7,Ry,-5.000000,-75.000000,-5.067444,-0.067444,,,359.999908,-134.999466,479.998962,0.000429,20.000172,0.000163,359.989075,-134.999603,480.009064,0.000417,-39.253464,-0.000245,-0.313109,-0.107377,0.808772,-0.002390,-5.067444,0.010908,
feedback,11.877261,1786353231754,7,Ry,-5.000000,-75.000000,-5.115509,-0.115509,,,359.999908,-134.999466,479.998962,0.000429,20.000172,0.000163,359.988708,-134.999390,480.011810,0.000522,-39.273926,-0.000225,-0.088919,0.054645,0.689934,0.020308,-5.115509,0.021457,
feedback,11.885640,1786353231762,7,Ry,-5.000000,-75.000000,-5.115509,-0.115509,,,359.999908,-134.999466,479.998962,0.000429,20.000172,0.000163,359.988922,-134.999252,480.018005,0.000395,-39.314823,-0.000155,0.091234,0.096830,0.771632,-0.013999,-5.115509,0.020007,
feedback,11.893611,1786353231771,7,Ry,-5.000000,-75.000000,-5.177307,-0.177307,,,359.999908,-134.999466,479.998962,0.000429,20.000172,0.000163,359.989166,-134.999298,480.023254,0.000468,-39.356377,-0.000226,0.010012,-0.053688,0.772078,0.009678,-5.177307,-0.007821,
feedback,11.902032,1786353231779,7,Ry,-5.000000,-75.000000,-5.156708,-0.156708,,,359.999908,-134.999466,479.998962,0.000429,20.000172,0.000163,359.992065,-134.999130,480.025604,0.000445,-39.397686,-0.000163,0.429298,0.139974,0.231546,-0.014005,-5.156708,0.026853,
feedback,11.910467,1786353231787,7,Ry,-5.000000,-75.000000,-5.129242,-0.129242,,,359.999908,-134.999466,479.998962,0.000429,20.000172,0.000163,359.994476,-134.999695,480.026398,0.000496,-39.438831,-0.000281,0.396823,-0.086284,-0.165663,0.000010,-5.129242,-0.013733,
feedback,11.918429,1786353231796,7,Ry,-5.000000,-75.000000,-5.142975,-0.142975,,,359.999908,-134.999466,479.998962,0.000429,20.000172,0.000163,359.996399,-134.999207,480.025269,0.000478,-39.480030,-0.000128,0.253788,0.096832,-0.257470,-0.014014,-5.142975,0.019967,
feedback,11.926846,1786353231804,7,Ry,-5.000000,-75.000000,-5.122375,-0.122375,,,359.999908,-134.999466,479.998962,0.000429,20.000172,0.000163,359.998016,-134.999390,480.023071,0.000501,-39.521118,-0.000191,0.258604,0.011505,-0.301518,0.011535,-5.122375,0.025272,
feedback,11.934771,1786353231813,7,Ry,-5.000000,-75.000000,-5.163574,-0.163574,,,359.999908,-134.999466,479.998962,0.000429,20.000172,0.000163,360.000061,-134.999680,480.019409,0.000539,-39.582726,-0.000148,0.124334,-0.117924,-0.261460,0.011513,-5.163574,0.004685,
feedback,11.942861,1786353231821,7,Ry,-5.000000,-75.000000,-5.156708,-0.156708,,,359.999908,-134.999466,479.998962,0.000429,20.000172,0.000163,360.002167,-134.999344,480.017151,0.000497,-39.623867,-0.000227,0.253850,-0.053689,-0.213780,0.009683,-5.156708,-0.007776,
feedback,11.951044,1786353231829,7,Ry,-5.000000,-75.000000,-5.115509,-0.115509,,,359.999908,-134.999466,479.998962,0.000429,20.000172,0.000163,360.003204,-134.999390,480.015228,0.000525,-39.664818,-0.000228,0.062085,-0.074782,-0.087993,0.020255,-5.115509,0.000996,
feedback,11.959886,1786353231838,7,Ry,-5.000000,-75.000000,-5.136108,-0.136108,,,359.999908,-134.999466,479.998962,0.000429,20.000172,0.000163,360.004791,-134.999252,480.012299,0.000466,-39.706429,-0.000264,0.327531,0.161071,-0.468258,-0.002673,-5.136108,-0.008408,
feedback,11.967596,1786353231846,7,Ry,-5.000000,-75.000000,-5.177307,-0.177307,,,359.999908,-134.999466,479.998962,0.000429,20.000172,0.000163,360.006348,-134.999130,480.010498,0.000471,-39.747902,-0.000201,0.166843,0.000001,-0.193845,0.008798,-5.177307,-0.010559,
feedback,11.976327,1786353231855,7,Ry,-5.000000,-75.000000,-5.197906,-0.197906,,,359.999908,-134.999466,479.998962,0.000429,20.000172,0.000163,360.008636,-134.999390,480.007416,0.000526,-39.789433,-0.000228,0.220190,-0.074782,-0.367949,0.015844,-5.197906,0.006316,
feedback,11.984104,1786353231863,7,Ry,-5.000000,-75.000000,-5.211639,-0.211639,,,359.999908,-134.999466,479.998962,0.000429,20.000172,0.000163,360.011597,-134.999344,480.005707,0.000476,-39.831070,-0.000193,0.389116,0.010547,-0.260514,-0.009656,-5.211639,0.000875,
feedback,11.992680,1786353231872,7,Ry,-5.000000,-75.000000,-5.225372,-0.225372,,,359.999908,-134.999466,479.998962,0.000429,20.000172,0.000163,360.014282,-134.999680,480.004730,0.000564,-39.872627,-0.000185,0.360428,-0.020131,0.000989,0.027229,-5.225372,0.038548,
feedback,12.000342,1786353231880,7,Ry,-5.000000,-75.000000,-5.142975,-0.142975,,,359.999908,-134.999466,479.998962,0.000429,20.000172,0.000163,360.016296,-134.999176,480.002106,0.000500,-39.913769,-0.000202,0.256829,0.064238,-0.395937,-0.001705,-5.142975,-0.012478,
feedback,12.008982,1786353231889,7,Ry,-5.000000,-75.000000,-5.129242,-0.129242,,,359.999908,-134.999466,479.998962,0.000429,20.000172,0.000163,360.016663,-134.999298,479.999695,0.000450,-39.975182,-0.000194,0.038337,0.010546,-0.242329,-0.009659,-5.129242,0.000851,
feedback,12.016861,1786353231897,7,Ry,-5.000000,-75.000000,-5.026245,-0.026245,,,359.999908,-134.999466,479.998962,0.000429,20.000172,0.000163,360.015472,-134.999252,479.998810,0.000423,-40.015556,-0.000194,-0.114305,0.096836,-0.055288,-0.014075,-5.026245,0.019835,
feedback,12.025605,1786353231905,7,Ry,-5.000000,-75.000000,-5.019379,-0.019379,,,359.999908,-134.999466,479.998962,0.000429,20.000172,0.000163,360.013580,-134.999390,480.000793,0.000506,-40.055824,-0.000194,-0.249637,-0.010547,0.245027,0.009689,-5.019379,-0.000837,
feedback,12.033335,1786353231910,7,Ry,-5.000000,-75.000000,-5.088043,-0.088043,,,359.999908,-134.999466,479.998962,0.000429,20.000172,0.000163,360.012726,-134.999557,480.002747,0.000483,-40.076176,-0.000186,-0.215085,-0.043145,0.491056,-0.004408,-5.088043,-0.001612,
feedback,12.041978,1786353231919,7,Ry,-5.000000,-75.000000,-5.067444,-0.067444,,,359.999908,-134.999466,479.998962,0.000429,20.000172,0.000163,360.012115,-134.999603,480.006348,0.000557,-40.116577,-0.000258,-0.093047,-0.043145,0.612185,0.000012,-5.067444,-0.006866,
feedback,12.049514,1786353231927,7,Ry,-5.000000,-75.000000,-5.012512,-0.012512,,,359.999908,-134.999466,479.998962,0.000429,20.000172,0.000163,360.010132,-134.999481,480.010895,0.000451,-40.157005,-0.000222,-0.192532,-0.043145,0.454081,0.000012,-5.012512,-0.006866,
feedback,12.058178,1786353231936,7,Ry,-5.000000,-75.000000,-5.012512,-0.012512,,,359.999908,-134.999466,479.998962,0.000429,20.000172,0.000163,360.009216,-134.999725,480.014587,0.000484,-40.197243,-0.000214,-0.077116,-0.096835,0.385512,0.000823,-5.012512,-0.004056,
feedback,12.066132,1786353231944,7,Ry,-5.000000,-75.000000,-4.923249,0.076751,,,359.999908,-134.999466,479.998962,0.000429,20.000172,0.000163,360.007629,-134.999298,480.017700,0.000499,-40.236931,-0.000267,-0.211010,-0.097794,0.278553,-0.006840,-4.923248,-0.044389,
feedback,12.074701,1786353231953,7,Ry,-5.000000,-75.000000,-4.916382,0.083618,,,359.999908,-134.999466,479.998962,0.000429,20.000172,0.000163,360.006195,-134.999130,480.021973,0.000429,-40.296120,-0.000132,-0.123766,-0.022052,0.448810,-0.014899,-4.916382,-0.010511,
feedback,12.082242,1786353231962,7,Ry,-5.000000,-75.000000,-4.895782,0.104218,,,359.999908,-134.999466,479.998962,0.000429,20.000172,0.000163,360.006287,-134.999298,480.023987,0.000453,-40.335369,-0.000196,0.014330,0.010546,0.259556,-0.005220,-4.895782,-0.004444,
feedback,12.090705,1786353231970,7,Ry,-5.000000,-75.000000,-4.840851,0.159149,,,359.999908,-134.999466,479.998962,0.000429,20.000172,0.000163,360.007141,-134.999344,480.023895,0.000527,-40.374180,-0.000268,0.112328,-0.010546,-0.052569,0.014141,-4.840851,-0.006014,
feedback,12.098994,1786353231979,7,Ry,-5.000000,-75.000000,-4.888916,0.111084,,,359.999908,-134.999466,479.998962,0.000429,20.000172,0.000163,360.007507,-134.999481,480.022980,0.000477,-40.413155,-0.000259,0.049436,0.021092,-0.265941,-0.014896,-4.888916,-0.003675,
feedback,12.106896,1786353231987,7,Ry,-5.000000,-75.000000,-5.026245,-0.026245,,,359.999908,-134.999466,479.998962,0.000429,20.000172,0.000163,360.006836,-134.999725,480.022125,0.000509,-40.452400,-0.000251,-0.121562,-0.064236,-0.118628,0.010460,-5.026245,0.002044,
feedback,12.115089,1786353231995,7,Ry,-5.000000,-75.000000,-4.882050,0.117950,,,359.999908,-134.999466,479.998962,0.000429,20.000172,0.000163,360.006378,-134.999344,480.018921,0.000505,-40.491402,-0.000232,-0.049052,0.032598,-0.486905,0.009695,-4.882050,0.006103,
feedback,12.123956,1786353232004,7,Ry,-5.000000,-75.000000,-4.923248,0.076752,,,359.999908,-134.999466,479.998962,0.000429,20.000172,0.000163,360.005463,-134.999557,480.016907,0.000486,-40.530708,-0.000188,-0.196340,-0.031639,-0.113807,0.002282,-4.923248,0.029043,
feedback,12.131580,1786353232008,7,Ry,-5.000000,-75.000000,-4.950714,0.049286,,,359.999908,-134.999466,479.998962,0.000429,20.000172,0.000163,360.004700,-134.999344,480.015320,0.000506,-40.550510,-0.000233,-0.189136,0.053689,-0.396266,0.003725,-4.950714,-0.008032,
feedback,12.139774,1786353232017,7,Ry,-5.000000,-75.000000,-4.943848,0.056152,,,359.999908,-134.999466,479.998962,0.000429,20.000172,0.000163,360.003906,-134.999649,480.010742,0.000588,-40.590061,-0.000261,-0.105898,0.032597,-0.597945,0.018629,-4.943848,-0.004309,
feedback,12.147689,1786353232025,7,Ry,-5.000000,-75.000000,-5.081177,-0.081177,,,359.999908,-134.999466,479.998962,0.000429,20.000172,0.000163,360.002716,-134.999603,480.005676,0.000562,-40.650127,-0.000261,-0.185709,-0.096834,-0.383165,0.005222,-5.081177,-0.009260,
feedback,12.156564,1786353232034,7,Ry,-5.000000,-75.000000,-5.074310,-0.074310,,,359.999908,-134.999466,479.998962,0.000429,20.000172,0.000163,360.002686,-134.999466,480.002075,0.000566,-40.690475,-0.000197,0.009836,0.065195,-0.433798,0.001474,-5.074310,0.033099,
feedback,12.164185,1786353232042,7,Ry,-5.000000,-75.000000,-5.149841,-0.149841,,,359.999908,-134.999466,479.998962,0.000429,20.000172,0.000163,360.002472,-134.999344,479.999298,0.000484,-40.731373,-0.000198,-0.116171,-0.021093,-0.210353,0.005941,-5.149841,0.014164,
feedback,12.172887,1786353232050,7,Ry,-5.000000,-75.000000,-5.115509,-0.115509,,,359.999908,-134.999466,479.998962,0.000429,20.000172,0.000163,360.001862,-134.999512,479.997803,0.000484,-40.772488,-0.000225,-0.177095,-0.139977,-0.158012,0.000728,-5.115509,-0.010915,
feedback,12.180535,1786353232059,7,Ry,-5.000000,-75.000000,-5.218506,-0.218506,,,359.999908,-134.999466,479.998962,0.000429,20.000172,0.000163,360.000977,-134.999390,479.998291,0.000512,-40.813908,-0.000198,-0.195106,0.032597,0.168567,0.000724,-5.218506,0.016551,
feedback,12.189140,1786353232067,7,Ry,-5.000000,-75.000000,-5.204773,-0.204773,,,359.999908,-134.999466,479.998962,0.000429,20.000172,0.000163,359.999664,-134.999298,479.999023,0.000481,-40.855408,-0.000235,-0.147329,0.010546,0.083520,-0.005179,-5.204773,-0.004492,
feedback,12.196684,1786353232076,7,Ry,-5.000000,-75.000000,-5.218506,-0.218506,,,359.999908,-134.999466,479.998962,0.000429,20.000172,0.000163,359.997894,-134.999252,479.999329,0.000540,-40.896690,-0.000171,-0.294820,0.011504,-0.032351,0.011093,-5.218506,0.025543,
feedback,12.204889,1786353232084,7,Ry,-5.000000,-75.000000,-5.218506,-0.218506,,,359.999908,-134.999466,479.998962,0.000429,20.000172,0.000163,359.995728,-134.999466,479.998444,0.000544,-40.938408,-0.000162,-0.339677,-0.031639,-0.144422,0.002078,-5.218506,0.029059,
feedback,12.213213,1786353232093,7,Ry,-5.000000,-75.000000,-5.149841,-0.149841,,,359.999908,-134.999466,479.998962,0.000429,20.000172,0.000163,359.994110,-134.999222,479.996277,0.000403,-40.979965,-0.000199,-0.182539,-0.022051,-0.330983,-0.010353,-5.149841,-0.015872,
feedback,12.221242,1786353232101,7,Ry,-5.000000,-75.000000,-5.060577,-0.060577,,,359.999908,-134.999466,479.998962,0.000429,20.000172,0.000163,359.992279,-134.999344,479.992157,0.000486,-41.041161,-0.000199,-0.062291,0.022050,-0.417367,0.005864,-5.060577,0.021062,
feedback,12.229459,1786353232109,7,Ry,-5.000000,-75.000000,-4.978180,0.021820,,,359.999908,-134.999466,479.998962,0.000429,20.000172,0.000163,359.992279,-134.999344,479.988403,0.000463,-41.081398,-0.000163,-0.004289,0.021092,-0.559914,-0.014849,-4.978180,-0.003849,
feedback,12.238628,1786353232118,7,Ry,-5.000000,-75.000000,-4.882050,0.117950,,,359.999908,-134.999466,479.998962,0.000429,20.000172,0.000163,359.992493,-134.999512,479.981995,0.000463,-41.120728,-0.000191,0.068651,-0.010546,-0.977683,0.000669,-4.882050,0.009688,
feedback,12.245995,1786353232126,7,Ry,-5.000000,-75.000000,-4.950714,0.049286,,,359.999908,-134.999466,479.998962,0.000429,20.000172,0.000163,359.993042,-134.999039,479.976349,0.000491,-41.160664,-0.000109,0.197155,0.139974,-0.965358,-0.014189,-4.950714,0.026419,
feedback,12.254759,1786353232134,7,Ry,-5.000000,-75.000000,-4.957581,0.042419,,,359.999908,-134.999466,479.998962,0.000429,20.000172,0.000163,359.994446,-134.999481,479.969910,0.000436,-41.200241,-0.000191,0.266476,-0.086284,-0.839329,-0.004511,-4.957581,-0.008567,
feedback,12.262579,1786353232139,7,Ry,-5.000000,-75.000000,-4.964447,0.035553,,,359.999908,-134.999466,479.998962,0.000429,20.000172,0.000163,359.995392,-134.999344,479.967377,0.000536,-41.220100,-0.000273,0.240432,0.032597,-0.635989,0.018753,-4.964447,-0.004103,
feedback,12.270799,1786353232147,7,Ry,-5.000000,-75.000000,-4.930115,0.069885,,,359.999908,-134.999466,479.998962,0.000429,20.000172,0.000163,359.996948,-134.999344,479.963898,0.000488,-41.259651,-0.000201,0.196967,0.021093,-0.310791,-0.010309,-4.930115,-0.009056,
feedback,12.279152,1786353232156,7,Ry,-5.000000,-75.000000,-4.902649,0.097351,,,359.999908,-134.999466,479.998962,0.000429,20.000172,0.000163,359.998688,-134.999512,479.962524,0.000464,-41.298954,-0.000192,0.213362,-0.129429,-0.186063,-0.004520,-4.902649,-0.015441,
feedback,12.286808,1786353232164,7,Ry,-5.000000,-75.000000,-5.005646,-0.005646,,,359.999908,-134.999466,479.998962,0.000429,20.000172,0.000163,359.999817,-134.999481,479.964508,0.000486,-41.338642,-0.000265,0.167745,-0.032597,0.315195,-0.000608,-5.005646,-0.016557,
feedback,12.296332,1786353232172,7,Ry,-5.000000,-75.000000,-4.991913,0.008087,,,359.999908,-134.999466,479.998962,0.000429,20.000172,0.000163,360.000580,-134.999512,479.966949,0.000513,-41.378384,-0.000265,0.107050,0.043143,0.360435,0.004551,-4.991913,0.001714,
feedback,12.304463,1786353232181,7,Ry,-5.000000,-75.000000,-4.964447,0.035553,,,359.999908,-134.999466,479.998962,0.000429,20.000172,0.000163,360.001038,-134.999390,479.970917,0.000541,-41.437874,-0.000238,0.093088,0.065195,0.009182,0.019398,-4.964447,0.012526,
feedback,12.312185,1786353232189,7,Ry,-5.000000,-75.000000,-4.964447,0.035553,,,359.999908,-134.999466,479.998962,0.000429,20.000172,0.000163,360.001190,-134.999084,479.972687,0.000349,-41.477123,-0.000238,0.045763,-0.044102,0.048212,-0.020564,-4.964447,-0.031924,
feedback,12.320202,1786353232198,7,Ry,-5.000000,-75.000000,-4.868317,0.131683,,,359.999908,-134.999466,479.998962,0.000429,20.000172,0.000163,360.000916,-134.999771,479.973907,0.000570,-41.516182,-0.000294,-0.071448,-0.128471,0.132123,0.016024,-4.868317,0.009614,
feedback,12.329594,1786353232206,7,Ry,-5.000000,-75.000000,-4.833984,0.166016,,,359.999908,-134.999466,479.998962,0.000429,20.000172,0.000163,360.000946,-134.999176,479.973999,0.000491,-41.554989,-0.000175,-0.025346,0.065194,0.009955,0.005738,-4.833984,0.027981,
feedback,12.337058,1786353232214,7,Ry,-5.000000,-75.000000,-4.847717,0.152283,,,359.999908,-134.999466,479.998962,0.000429,20.000172,0.000163,360.000305,-134.999435,479.973236,0.000546,-41.593964,-0.000202,-0.064663,-0.010546,-0.236541,0.000591,-4.847717,0.009693,
feedback,12.344546,1786353232223,7,Ry,-5.000000,-75.000000,-4.964447,0.035553,,,359.999908,-134.999466,479.998962,0.000429,20.000172,0.000163,360.000061,-134.999557,479.973419,0.000543,-41.633568,-0.000267,-0.071085,0.010546,-0.028900,-0.005120,-4.964447,-0.004562,
feedback,12.353393,1786353232231,7,Ry,-5.000000,-75.000000,-5.039978,-0.039978,,,359.999908,-134.999466,479.998962,0.000429,20.000172,0.000163,359.999146,-134.999390,479.973328,0.000385,-41.673668,-0.000194,-0.165988,-0.054648,0.134075,-0.019940,-5.039978,-0.022300,
feedback,12.361225,1786353232239,7,Ry,-5.000000,-75.000000,-5.108643,-0.108643,,,359.999908,-134.999466,479.998962,0.000429,20.000172,0.000163,359.997375,-134.999557,479.975342,0.000568,-41.714127,-0.000304,-0.358074,-0.193665,0.323181,0.014833,-5.108643,-0.023453,
feedback,12.369055,1786353232248,7,Ry,-5.000000,-75.000000,-5.218506,-0.218506,,,359.999908,-134.999466,479.998962,0.000429,20.000172,0.000163,359.995392,-134.999435,479.978546,0.000486,-41.755325,-0.000304,-0.295381,-0.054648,0.351358,-0.010782,-5.218506,-0.032573,
feedback,12.377513,1786353232256,7,Ry,-5.000000,-75.000000,-5.225372,-0.225372,,,359.999908,-134.999466,479.998962,0.000429,20.000172,0.000163,359.992798,-134.999298,479.983704,0.000465,-41.796963,-0.000204,-0.426358,-0.021093,0.738135,0.001100,-5.225372,0.019391,
feedback,12.386258,1786353232265,7,Ry,-5.000000,-75.000000,-5.335236,-0.335236,,,359.999908,-134.999466,479.998962,0.000429,20.000172,0.000163,359.990417,-134.999695,479.990051,0.000542,-41.839344,-0.000333,-0.407732,-0.064235,0.940851,0.014822,-5.335236,-0.002822,
feedback,12.393869,1786353232273,7,Ry,-5.000000,-75.000000,-5.287170,-0.287170,,,359.999908,-134.999466,479.998962,0.000429,20.000172,0.000163,359.987854,-134.999222,479.998352,0.000387,-41.902927,-0.000167,-0.273372,-0.011504,0.550564,-0.019902,-5.287170,-0.015514,
feedback,12.401739,1786353232281,7,Ry,-5.000000,-75.000000,-5.259705,-0.259705,,,359.999908,-134.999466,479.998962,0.000429,20.000172,0.000163,359.987671,-134.999176,480.000458,0.000384,-41.945030,-0.000204,-0.002037,0.021092,0.173717,-0.014789,-5.259705,-0.004072,
feedback,12.410355,1786353232290,7,Ry,-5.000000,-75.000000,-5.218506,-0.218506,,,359.999908,-134.999466,479.998962,0.000429,20.000172,0.000163,359.987305,-134.999130,480.001282,0.000442,-41.986862,-0.000140,-0.031296,0.086283,0.092399,-0.009169,-5.218506,0.023941,
feedback,12.418025,1786353232298,7,Ry,-5.000000,-75.000000,-5.191040,-0.191040,,,359.999908,-134.999466,479.998962,0.000429,20.000172,0.000163,359.988098,-134.999512,479.998657,0.000470,-42.028309,-0.000195,0.115160,0.000000,-0.374961,-0.013779,-5.191040,0.015301,
feedback,12.427092,1786353232302,7,Ry,-5.000000,-75.000000,-5.170441,-0.170441,,,359.999908,-134.999466,479.998962,0.000429,20.000172,0.000163,359.988434,-134.999298,479.997070,0.000468,-42.069698,-0.000205,0.211859,0.000001,-0.328571,-0.004586,-5.170441,0.005097,
feedback,12.434205,1786353232311,7,Ry,-5.000000,-75.000000,-5.177307,-0.177307,,,359.999908,-134.999466,479.998962,0.000429,20.000172,0.000163,359.988953,-134.999084,479.995026,0.000465,-42.090408,-0.000215,0.133784,0.053688,-0.511827,-0.000476,-5.177307,-0.002832,
feedback,12.443121,1786353232319,7,Ry,-5.000000,-75.000000,-5.204773,-0.204773,,,359.999908,-134.999466,479.998962,0.000429,20.000172,0.000163,359.990143,-134.998962,479.991943,0.000383,-42.131935,-0.000215,0.127658,0.021093,-0.270362,-0.010167,-5.204773,-0.009213,
feedback,12.450784,1786353232328,7,Ry,-5.000000,-75.000000,-5.177307,-0.177307,,,359.999908,-134.999466,479.998962,0.000429,20.000172,0.000163,359.991302,-134.999084,479.988983,0.000466,-42.173164,-0.000215,0.176628,0.010547,-0.357615,0.004148,-5.177307,-0.014788,
feedback,12.459391,1786353232337,7,Ry,-5.000000,-75.000000,-5.129242,-0.129242,,,359.999908,-134.999466,479.998962,0.000429,20.000172,0.000163,359.993164,-134.999084,479.986023,0.000516,-42.214088,-0.000290,0.244570,0.086285,-0.255065,0.004631,-5.129242,0.008647,
feedback,12.467092,1786353232345,7,Ry,-5.000000,-75.000000,-5.156708,-0.156708,,,359.999908,-134.999466,479.998962,0.000429,20.000172,0.000163,359.995972,-134.999435,479.984558,0.000467,-42.275501,-0.000271,0.301377,-0.021092,0.077779,0.010174,-5.156708,0.009238,
feedback,12.475801,1786353232353,7,Ry,-5.000000,-75.000000,-5.170441,-0.170441,,,359.999908,-134.999466,479.998962,0.000429,20.000172,0.000163,359.998352,-134.999344,479.985168,0.000497,-42.316643,-0.000207,0.245365,-0.064234,0.203416,0.010169,-5.170441,0.002379,
feedback,12.483242,1786353232362,7,Ry,-5.000000,-75.000000,-5.184174,-0.184174,,,359.999908,-134.999466,479.998962,0.000429,20.000172,0.000163,360.000763,-134.999298,479.987213,0.000495,-42.357979,-0.000244,0.275125,0.000001,0.343947,-0.004611,-5.184174,0.005074,
feedback,12.492069,1786353232370,7,Ry,-5.000000,-75.000000,-5.163574,-0.163574,,,359.999908,-134.999466,479.998962,0.000429,20.000172,0.000163,360.002869,-134.999390,479.989563,0.000365,-42.399345,-0.000160,0.220492,-0.075740,0.322920,-0.018948,-5.163574,-0.003151,
feedback,12.499800,1786353232379,7,Ry,-5.000000,-75.000000,-5.067444,-0.067444,,,359.999908,-134.999466,479.998962,0.000429,20.000172,0.000163,360.004028,-134.998871,479.992371,0.000441,-42.439938,-0.000190,0.223685,0.139978,0.383232,-0.000414,-5.067444,0.010898,
feedback,12.508094,1786353232387,7,Ry,-5.000000,-75.000000,-5.074310,-0.074310,,,359.999908,-134.999466,479.998962,0.000429,20.000172,0.000163,360.003723,-134.999252,479.996033,0.000469,-42.480450,-0.000245,-0.033591,0.107379,0.679400,-0.019388,-5.074310,0.014587,
feedback,12.516267,1786353232395,7,Ry,-5.000000,-75.000000,-4.998779,0.001221,,,359.999908,-134.999466,479.998962,0.000429,20.000172,0.000163,360.002472,-134.999130,480.000092,0.000497,-42.520496,-0.000218,-0.140033,0.086286,0.572722,-0.009265,-4.998779,0.023855,
feedback,12.524965,1786353232404,7,Ry,-5.000000,-75.000000,-4.991913,0.008087,,,359.999908,-134.999466,479.998962,0.000429,20.000172,0.000163,360.000793,-134.999481,480.005432,0.000497,-42.560650,-0.000273,-0.252738,-0.010547,0.637770,0.009714,-4.991913,-0.000413,
feedback,12.533117,1786353232412,7,Ry,-5.000000,-75.000000,-5.012512,-0.012512,,,359.999908,-134.999466,479.998962,0.000429,20.000172,0.000163,359.999512,-134.999313,480.010986,0.000388,-42.600750,-0.000273,-0.166657,-0.023010,0.615770,-0.030314,-5.012512,-0.041620,
feedback,12.541250,1786353232420,7,Ry,-5.000000,-75.000000,-5.019379,-0.019379,,,359.999908,-134.999466,479.998962,0.000429,20.000172,0.000163,359.997864,-134.999695,480.017700,0.000500,-42.640961,-0.000264,-0.244731,-0.150521,0.857810,0.010112,-5.019379,-0.011297,
feedback,12.549303,1786353232429,7,Ry,-5.000000,-75.000000,-5.060577,-0.060577,,,359.999908,-134.999466,479.998962,0.000429,20.000172,0.000163,359.996216,-134.999557,480.026428,0.000528,-42.701275,-0.000236,-0.068750,-0.043143,0.510123,0.000012,-5.060577,-0.006866,
feedback,12.557772,1786353232437,7,Ry,-5.000000,-75.000000,-5.088043,-0.088043,,,359.999908,-134.999466,479.998962,0.000429,20.000172,0.000163,359.995361,-134.999512,480.032104,0.000526,-42.741432,-0.000274,-0.116439,-0.085327,0.562385,0.029504,-5.088043,0.001689,
feedback,12.565417,1786353232446,7,Ry,-5.000000,-75.000000,-5.108643,-0.108643,,,359.999908,-134.999466,479.998962,0.000429,20.000172,0.000163,359.995331,-134.999390,480.036804,0.000529,-42.781971,-0.000209,-0.010810,-0.107377,0.715136,0.005430,-5.108643,0.000634,
feedback,12.574316,1786353232450,7,Ry,-5.000000,-75.000000,-5.108643,-0.108643,,,359.999908,-134.999466,479.998962,0.000429,20.000172,0.000163,359.995361,-134.999222,480.039520,0.000419,-42.802406,-0.000210,0.013223,0.042185,0.677979,-0.020137,-5.108643,-0.018662,
feedback,12.581731,1786353232458,7,Ry,-5.000000,-75.000000,-5.108643,-0.108643,,,359.999908,-134.999466,479.998962,0.000429,20.000172,0.000163,359.995270,-134.999130,480.043732,0.000525,-42.843330,-0.000257,0.058285,0.010546,0.481934,-0.000348,-5.108643,-0.009704,
feedback,12.590395,1786353232467,7,Ry,-5.000000,-75.000000,-5.067444,-0.067444,,,359.999908,-134.999466,479.998962,0.000429,20.000172,0.000163,359.995453,-134.999008,480.046844,0.000392,-42.884144,-0.000183,0.086288,0.139974,0.377204,-0.009687,-5.067444,0.020958,
feedback,12.598074,1786353232475,7,Ry,-5.000000,-75.000000,-5.149841,-0.149841,,,359.999908,-134.999466,479.998962,0.000429,20.000172,0.000163,359.995300,-134.999435,480.046936,0.000499,-42.925533,-0.000313,-0.021687,0.032596,0.136176,0.000364,-5.149841,0.016571,
feedback,12.606781,1786353232483,7,Ry,-5.000000,-75.000000,-5.088043,-0.088043,,,359.999908,-134.999466,479.998962,0.000429,20.000172,0.000163,359.994720,-134.999512,480.046356,0.000529,-42.966183,-0.000276,-0.098177,-0.010546,-0.029254,0.000357,-5.088043,0.009705,
feedback,12.614435,1786353232492,7,Ry,-5.000000,-75.000000,-5.088043,-0.088043,,,359.999908,-134.999466,479.998962,0.000429,20.000172,0.000163,359.993958,-134.998871,480.044525,0.000447,-43.006943,-0.000193,-0.207630,0.064234,-0.308277,-0.014706,-5.088043,0.002521,
feedback,12.622661,1786353232500,7,Ry,-5.000000,-75.000000,-5.046844,-0.046844,,,359.999908,-134.999466,479.998962,0.000429,20.000172,0.000163,359.993317,-134.999557,480.041992,0.000531,-43.047455,-0.000239,-0.069451,-0.043143,-0.429059,-0.009362,-5.046844,0.003169,
feedback,12.630956,1786353232509,7,Ry,-5.000000,-75.000000,-5.122375,-0.122375,,,359.999908,-134.999466,479.998962,0.000429,20.000172,0.000163,359.993073,-134.999298,480.037445,0.000528,-43.108650,-0.000287,-0.017552,-0.000000,-0.447100,-0.009370,-5.122375,0.010026,
feedback,12.639949,1786353232517,7,Ry,-5.000000,-75.000000,-5.197906,-0.197906,,,359.999908,-134.999466,479.998962,0.000429,20.000172,0.000163,359.994263,-134.999039,480.035736,0.000609,-43.150204,-0.000270,0.140700,0.043143,-0.261068,-0.004676,-5.197906,0.011876,
feedback,12.647342,1786353232526,7,Ry,-5.000000,-75.000000,-5.252838,-0.252838,,,359.999908,-134.999466,479.998962,0.000429,20.000172,0.000163,359.994293,-134.999390,480.034607,0.000610,-43.192173,-0.000325,0.066829,-0.010546,-0.180685,0.005021,-5.252838,0.004700,
feedback,12.655972,1786353232534,7,Ry,-5.000000,-75.000000,-5.218506,-0.218506,,,359.999908,-134.999466,479.998962,0.000429,20.000172,0.000163,359.994843,-134.999252,480.033081,0.000502,-43.233864,-0.000288,0.072668,0.117924,-0.166501,-0.024400,-5.218506,0.009628,
feedback,12.664262,1786353232542,7,Ry,-5.000000,-75.000000,-5.287171,-0.287171,,,359.999908,-134.999466,479.998962,0.000429,20.000172,0.000163,359.994263,-134.999481,480.032684,0.000530,-43.275642,-0.000315,-0.027988,-0.129428,-0.007684,0.004720,-5.287170,-0.025599,
feedback,12.672819,1786353232551,7,Ry,-5.000000,-75.000000,-5.177307,-0.177307,,,359.999908,-134.999466,479.998962,0.000429,20.000172,0.000163,359.993256,-134.999603,480.032776,0.000477,-43.317032,-0.000305,-0.187841,-0.129427,-0.003610,0.000010,-5.177307,-0.020599,
feedback,12.680618,1786353232559,7,Ry,-5.000000,-75.000000,-5.218506,-0.218506,,,359.999908,-134.999466,479.998962,0.000429,20.000172,0.000163,359.991943,-134.999435,480.033112,0.000503,-43.358452,-0.000316,-0.037943,-0.043142,0.058529,0.004727,-5.218506,-0.011859,
feedback,12.689785,1786353232567,7,Ry,-5.000000,-75.000000,-5.177307,-0.177307,,,359.999908,-134.999466,479.998962,0.000429,20.000172,0.000163,359.991455,-134.999344,480.032959,0.000585,-43.399815,-0.000327,-0.045809,0.011504,0.052386,0.024418,-5.177307,0.011042,
feedback,12.697071,1786353232576,7,Ry,-5.000000,-75.000000,-5.074310,-0.074310,,,359.999908,-134.999466,479.998962,0.000429,20.000172,0.000163,359.991333,-134.999481,480.031860,0.000480,-43.440380,-0.000241,0.058447,-0.043142,-0.121636,-0.004709,-5.074310,-0.001881,
feedback,12.705521,1786353232584,7,Ry,-5.000000,-75.000000,-5.033112,-0.033112,,,359.999908,-134.999466,479.998962,0.000429,20.000172,0.000163,359.991791,-134.999344,480.028900,0.000534,-43.480755,-0.000252,0.163195,0.053689,-0.409169,-0.009693,-5.033112,0.007124,
feedback,12.713533,1786353232593,7,Ry,-5.000000,-75.000000,-4.943848,0.056152,,,359.999908,-134.999466,479.998962,0.000429,20.000172,0.000163,359.992249,-134.999557,480.026031,0.000588,-43.520500,-0.000317,0.068351,0.000000,-0.367541,0.004740,-4.943848,-0.004979,
feedback,12.721281,1786353232601,7,Ry,-5.000000,-75.000000,-4.861450,0.138550,,,359.999908,-134.999466,479.998962,0.000429,20.000172,0.000163,359.993988,-134.999512,480.019012,0.000561,-43.579330,-0.000318,0.081380,-0.139973,-0.548364,0.009719,-4.861450,-0.020840,
feedback,12.729748,1786353232609,7,Ry,-5.000000,-75.000000,-4.806519,0.193481,,,359.999908,-134.999466,479.998962,0.000429,20.000172,0.000163,359.995178,-134.999176,480.013580,0.000399,-43.617836,-0.000215,0.065901,-0.032596,-0.694138,-0.009694,-4.806519,-0.006632,
feedback,12.738187,1786353232618,7,Ry,-5.000000,-75.000000,-4.792785,0.207215,,,359.999908,-134.999466,479.998962,0.000429,20.000172,0.000163,359.996063,-134.999344,480.008850,0.000535,-43.656261,-0.000253,0.090585,0.011505,-0.520690,0.010177,-4.792786,0.026055,
feedback,12.746173,1786353232626,7,Ry,-5.000000,-75.000000,-4.813385,0.186615,,,359.999908,-134.999466,479.998962,0.000429,20.000172,0.000163,359.995758,-134.999298,480.005463,0.000482,-43.694633,-0.000215,-0.058051,0.086285,-0.344237,-0.004730,-4.813385,0.018698,
feedback,12.754600,1786353232630,7,Ry,-5.000000,-75.000000,-4.724121,0.275879,,,359.999908,-134.999466,479.998962,0.000429,20.000172,0.000163,359.995789,-134.999298,480.004059,0.000509,-43.713528,-0.000253,0.006626,0.000000,-0.357018,0.004759,-4.724121,-0.004963,
feedback,12.763079,1786353232639,7,Ry,-5.000000,-75.000000,-4.820252,0.179748,,,359.999908,-134.999466,479.998962,0.000429,20.000172,0.000163,359.996216,-134.999222,480.003113,0.000480,-43.751842,-0.000291,0.037833,0.021092,-0.291729,-0.005158,-4.820251,-0.014457,
feedback,12.770329,1786353232647,7,Ry,-5.000000,-75.000000,-4.895783,0.104217,,,359.999908,-134.999466,479.998962,0.000429,20.000172,0.000163,359.995483,-134.999222,480.003601,0.000428,-43.790489,-0.000216,-0.084258,0.031638,-0.005993,-0.014856,-4.895782,-0.014255,
feedback,12.778177,1786353232656,7,Ry,-5.000000,-75.000000,-4.820251,0.179749,,,359.999908,-134.999466,479.998962,0.000429,20.000172,0.000163,359.995880,-134.999466,480.003143,0.000593,-43.829296,-0.000216,0.038914,-0.117924,-0.213048,0.010119,-4.820251,0.005486,
feedback,12.787309,1786353232664,7,Ry,-5.000000,-75.000000,-4.854584,0.145416,,,359.999908,-134.999466,479.998962,0.000429,20.000172,0.000163,359.996063,-134.999252,480.004242,0.000483,-43.868324,-0.000254,0.056883,0.150520,0.095167,-0.009887,-4.854584,0.011082,
feedback,12.794936,1786353232672,7,Ry,-5.000000,-75.000000,-4.998779,0.001221,,,359.999908,-134.999466,479.998962,0.000429,20.000172,0.000163,359.997681,-134.999222,480.003418,0.000456,-43.907932,-0.000255,0.276653,-0.010545,-0.213953,0.004961,-4.998779,0.004762,
feedback,12.802951,1786353232681,7,Ry,-5.000000,-75.000000,-4.978180,0.021820,,,359.999908,-134.999466,479.998962,0.000429,20.000172,0.000163,360.000244,-134.998871,480.002411,0.000430,-43.967697,-0.000162,0.295906,0.161069,-0.097833,-0.019574,-4.978180,0.011240,
feedback,12.811772,1786353232689,7,Ry,-5.000000,-75.000000,-5.005646,-0.005646,,,359.999908,-134.999466,479.998962,0.000429,20.000172,0.000163,360.000671,-134.999313,480.001495,0.000349,-44.007385,-0.000206,0.063186,0.021092,-0.014909,-0.014636,-5.005646,-0.004602,
feedback,12.819652,1786353232698,7,Ry,-5.000000,-75.000000,-4.957581,0.042419,,,359.999908,-134.999466,479.998962,0.000429,20.000172,0.000163,360.001007,-134.999603,479.998566,0.000458,-44.047157,-0.000272,-0.138328,-0.226263,-0.269682,0.000171,-4.957581,-0.024623,
feedback,12.828079,1786353232706,7,Ry,-5.000000,-75.000000,-5.033112,-0.033112,,,359.999908,-134.999466,479.998962,0.000429,20.000172,0.000163,360.001312,-134.999176,479.996277,0.000430,-44.087776,-0.000256,-0.075363,-0.075741,-0.188932,-0.014472,-5.033112,-0.008646,
feedback,12.835606,1786353232714,7,Ry,-5.000000,-75.000000,-5.094910,-0.094910,,,359.999908,-134.999466,479.998962,0.000429,20.000172,0.000163,359.999847,-134.999557,479.994629,0.000405,-44.128399,-0.000235,-0.184548,-0.075741,-0.316002,-0.009700,-5.094910,-0.013585,
feedback,12.844379,1786353232723,7,Ry,-5.000000,-75.000000,-5.101776,-0.101776,,,359.999908,-134.999466,479.998962,0.000429,20.000172,0.000163,359.997650,-134.999298,479.992889,0.000513,-44.169159,-0.000256,-0.311977,-0.021093,-0.240967,0.009865,-5.101776,0.009569,
feedback,12.851785,1786353232731,7,Ry,-5.000000,-75.000000,-5.067444,-0.067444,,,359.999908,-134.999466,479.998962,0.000429,20.000172,0.000163,359.995361,-134.999176,479.992432,0.000431,-44.209919,-0.000257,-0.323177,-0.043144,-0.113176,0.004802,-5.067444,-0.011788,
feedback,12.860763,1786353232740,7,Ry,-5.000000,-75.000000,-5.156708,-0.156708,,,359.999908,-134.999466,479.998962,0.000429,20.000172,0.000163,359.992249,-134.999390,479.991241,0.000459,-44.250870,-0.000284,-0.378282,-0.032597,-0.158884,-0.004906,-5.156708,-0.011658,
feedback,12.868221,1786353232748,7,Ry,-5.000000,-75.000000,-5.142975,-0.142975,,,359.999908,-134.999466,479.998962,0.000429,20.000172,0.000163,359.989685,-134.999130,479.989532,0.000431,-44.291740,-0.000296,-0.322981,0.139971,-0.160088,-0.000105,-5.142975,0.010889,
feedback,12.876922,1786353232757,7,Ry,-5.000000,-75.000000,-5.115509,-0.115509,,,359.999908,-134.999466,479.998962,0.000429,20.000172,0.000163,359.988678,-134.999008,479.985413,0.000432,-44.332691,-0.000230,-0.013419,0.064234,-0.581896,-0.009806,-5.115509,-0.002730,
feedback,12.885323,1786353232765,7,Ry,-5.000000,-75.000000,-4.998779,0.001221,,,359.999908,-134.999466,479.998962,0.000429,20.000172,0.000163,359.989044,-134.999557,479.977905,0.000434,-44.393581,-0.000275,0.160501,-0.000957,-0.803854,-0.024420,-4.998779,-0.021175,
feedback,12.893258,1786353232769,7,Ry,-5.000000,-75.000000,-5.211639,-0.211639,,,359.999908,-134.999466,479.998962,0.000429,20.000172,0.000163,359.989990,-134.999298,479.975098,0.000543,-44.414429,-0.000297,0.232379,0.065192,-0.704158,0.019435,-5.211639,0.013534,
feedback,12.901073,1786353232778,7,Ry,-5.000000,-75.000000,-5.053711,-0.053711,,,359.999908,-134.999466,479.998962,0.000429,20.000172,0.000163,359.991913,-134.999481,479.969666,0.000379,-44.455051,-0.000275,0.250589,-0.044099,-0.676565,-0.024404,-5.053711,-0.028067,
feedback,12.909165,1786353232787,7,Ry,-5.000000,-75.000000,-5.088043,-0.088043,,,359.999908,-134.999466,479.998962,0.000429,20.000172,0.000163,359.994385,-134.998962,479.964844,0.000434,-44.495674,-0.000270,0.293654,0.107378,-0.565580,-0.019403,-5.088043,0.013904,
feedback,12.917298,1786353232795,7,Ry,-5.000000,-75.000000,-5.129242,-0.129242,,,359.999908,-134.999466,479.998962,0.000429,20.000172,0.000163,359.997681,-134.999130,479.960510,0.000490,-44.536705,-0.000193,0.369087,-0.117923,-0.426387,0.009885,-5.129242,0.005609,
feedback,12.925522,1786353232803,7,Ry,-5.000000,-75.000000,-5.046844,-0.046844,,,359.999908,-134.999466,479.998962,0.000429,20.000172,0.000163,360.000214,-134.999298,479.957581,0.000517,-44.577385,-0.000259,0.291303,-0.031638,-0.342329,0.014688,-5.046844,0.014458,
feedback,12.933531,1786353232812,7,Ry,-5.000000,-75.000000,-5.088043,-0.088043,,,359.999908,-134.999466,479.998962,0.000429,20.000172,0.000163,360.002197,-134.999176,479.956024,0.000435,-44.618172,-0.000260,0.235462,-0.011504,-0.150091,-0.009825,-5.088043,-0.026223,
feedback,12.941708,1786353232820,7,Ry,-5.000000,-75.000000,-4.998779,0.001221,,,359.999908,-134.999466,479.998962,0.000429,20.000172,0.000163,360.004272,-134.999344,479.954254,0.000382,-44.658573,-0.000210,0.273781,-0.096833,-0.314385,0.000070,-4.998779,-0.004022,
feedback,12.949903,1786353232829,7,Ry,-5.000000,-75.000000,-5.005646,-0.005646,,,359.999908,-134.999466,479.998962,0.000429,20.000172,0.000163,360.005280,-134.999344,479.953339,0.000409,-44.698589,-0.000249,0.077970,-0.032597,-0.079843,-0.019358,-5.005646,0.002946,
feedback,12.958102,1786353232837,7,Ry,-5.000000,-75.000000,-4.943848,0.056152,,,359.999908,-134.999466,479.998962,0.000429,20.000172,0.000163,360.005402,-134.999390,479.953827,0.000464,-44.758217,-0.000288,-0.131579,-0.010546,0.194932,0.004888,-4.943848,0.004835,
feedback,12.966386,1786353232845,7,Ry,-5.000000,-75.000000,-4.916382,0.083618,,,359.999908,-134.999466,479.998962,0.000429,20.000172,0.000163,360.004730,-134.999130,479.954865,0.000410,-44.797630,-0.000261,-0.174129,-0.032598,0.190890,0.009656,-4.916382,-0.026322,
feedback,12.974567,1786353232854,7,Ry,-5.000000,-75.000000,-4.943848,0.056152,,,359.999908,-134.999466,479.998962,0.000429,20.000172,0.000163,360.003876,-134.999039,479.957733,0.000465,-44.837292,-0.000234,-0.108224,-0.021093,0.410935,0.004913,-4.943848,0.014552,
feedback,12.982707,1786353232862,7,Ry,-5.000000,-75.000000,-4.964447,0.035553,,,359.999908,-134.999466,479.998962,0.000429,20.000172,0.000163,360.002014,-134.999298,479.962036,0.000575,-44.876926,-0.000339,-0.157355,-0.042185,0.481120,0.034012,-4.964447,0.004782,
feedback,12.990823,1786353232871,7,Ry,-5.000000,-75.000000,-4.964447,0.035553,,,359.999908,-134.999466,479.998962,0.000429,20.000172,0.000163,360.000305,-134.999435,479.966431,0.000494,-44.916504,-0.000289,-0.310635,-0.107379,0.550816,0.009737,-4.964447,-0.004036,
feedback,12.999029,1786353232879,7,Ry,-5.000000,-75.000000,-4.991913,0.008087,,,359.999908,-134.999466,479.998962,0.000429,20.000172,0.000163,359.998413,-134.999344,479.971405,0.000466,-44.956356,-0.000328,-0.230388,-0.086287,0.535238,0.004864,-4.991913,-0.018592,
feedback,13.007266,1786353232887,7,Ry,-5.000000,-75.000000,-5.005646,-0.005646,,,359.999908,-134.999466,479.998962,0.000429,20.000172,0.000163,359.997040,-134.999222,479.976837,0.000412,-44.996456,-0.000185,-0.186064,-0.000001,0.676513,-0.004841,-5.005646,0.004856,
feedback,13.015717,1786353232896,7,Ry,-5.000000,-75.000000,-5.026245,-0.026245,,,359.999908,-134.999466,479.998962,0.000429,20.000172,0.000163,359.996033,-134.999084,479.983002,0.000522,-45.036831,-0.000274,-0.071507,0.064235,0.579845,-0.009688,-5.026245,-0.002850,
feedback,13.023652,1786353232904,7,Ry,-5.000000,-75.000000,-5.122376,-0.122376,,,359.999908,-134.999466,479.998962,0.000429,20.000172,0.000163,359.995361,-134.999176,479.989227,0.000550,-45.077866,-0.000236,-0.136611,-0.000000,0.867019,0.004879,-5.122375,-0.004849,
feedback,13.031577,1786353232908,7,Ry,-5.000000,-75.000000,-5.156708,-0.156708,,,359.999908,-134.999466,479.998962,0.000429,20.000172,0.000163,359.995697,-134.999695,479.991791,0.000550,-45.098492,-0.000318,0.084904,-0.129428,0.643601,0.000010,-5.156708,-0.020599,
feedback,13.040008,1786353232917,7,Ry,-5.000000,-75.000000,-5.094910,-0.094910,,,359.999908,-134.999466,479.998962,0.000429,20.000172,0.000163,359.995758,-134.999390,479.995483,0.000468,-45.139500,-0.000291,0.017523,-0.096831,0.400531,-0.000011,-5.094910,-0.004022,
feedback,13.048177,1786353232925,7,Ry,-5.000000,-75.000000,-5.067444,-0.067444,,,359.999908,-134.999466,479.998962,0.000429,20.000172,0.000163,359.996613,-134.999252,479.998688,0.000497,-45.200474,-0.000264,0.015283,0.000000,0.184340,-0.004858,-5.067444,0.004838,
feedback,13.056487,1786353232934,7,Ry,-5.000000,-75.000000,-5.108642,-0.108642,,,359.999908,-134.999466,479.998962,0.000429,20.000172,0.000163,359.996765,-134.999039,479.998871,0.000442,-45.241287,-0.000198,0.059363,0.086286,-0.132742,-0.009734,-5.108643,0.023403,
feedback,13.064653,1786353232942,7,Ry,-5.000000,-75.000000,-5.191040,-0.191040,,,359.999908,-134.999466,479.998962,0.000429,20.000172,0.000163,359.997040,-134.999176,479.996948,0.000552,-45.282211,-0.000237,0.062617,0.118882,-0.357820,0.004849,-5.191040,0.025479,
feedback,13.073160,1786353232950,7,Ry,-5.000000,-75.000000,-5.115509,-0.115509,,,359.999908,-134.999466,479.998962,0.000429,20.000172,0.000163,359.997589,-134.999557,479.994415,0.000580,-45.323109,-0.000292,-0.005540,-0.074781,-0.261237,0.009613,-5.115509,0.012609,
feedback,13.080777,1786353232959,7,Ry,-5.000000,-75.000000,-5.108642,-0.108642,,,359.999908,-134.999466,479.998962,0.000429,20.000172,0.000163,359.999115,-134.999252,479.991425,0.000443,-45.363895,-0.000187,0.151635,-0.021092,-0.271850,-0.000109,-5.108643,0.019421,
feedback,13.089564,1786353232967,7,Ry,-5.000000,-75.000000,-5.108642,-0.108642,,,359.999908,-134.999466,479.998962,0.000429,20.000172,0.000163,360.000732,-134.999649,479.988525,0.000636,-45.404819,-0.000293,0.152969,0.011505,-0.346306,0.014475,-5.108643,0.021535,
feedback,13.097060,1786353232976,7,Ry,-5.000000,-75.000000,-5.177307,-0.177307,,,359.999908,-134.999466,479.998962,0.000429,20.000172,0.000163,360.002869,-134.999481,479.985931,0.000527,-45.446209,-0.000293,0.294039,0.064236,-0.314713,-0.009622,-5.177307,-0.002920,
feedback,13.105980,1786353232984,7,Ry,-5.000000,-75.000000,-5.294037,-0.294037,,,359.999908,-134.999466,479.998962,0.000429,20.000172,0.000163,360.003845,-134.998993,479.984680,0.000555,-45.488094,-0.000211,0.138858,0.053690,0.026190,0.000103,-5.294037,-0.002844,
feedback,13.113733,1786353232993,7,Ry,-5.000000,-75.000000,-5.314636,-0.314636,,,359.999908,-134.999466,479.998962,0.000429,20.000172,0.000163,360.004761,-134.999084,479.985718,0.000472,-45.551292,-0.000200,0.136706,0.043144,0.250056,-0.004884,-5.314636,0.011675,
feedback,13.122280,1786353233001,7,Ry,-5.000000,-75.000000,-5.397034,-0.397034,,,359.999908,-134.999466,479.998962,0.000429,20.000172,0.000163,360.004852,-134.999466,479.987335,0.000666,-45.593864,-0.000306,-0.022518,0.011505,0.192083,0.024240,-5.397034,0.011973,
feedback,13.130325,1786353233010,7,Ry,-5.000000,-75.000000,-5.294037,-0.294037,,,359.999908,-134.999466,479.998962,0.000429,20.000172,0.000163,360.005646,-134.999252,479.990967,0.000501,-45.636436,-0.000267,0.072416,0.010546,0.466235,-0.004786,-5.294037,-0.004909,
feedback,13.138227,1786353233018,7,Ry,-5.000000,-75.000000,-5.300903,-0.300903,,,359.999908,-134.999466,479.998962,0.000429,20.000172,0.000163,360.005554,-134.999298,479.994690,0.000557,-45.678871,-0.000307,0.002293,-0.043144,0.396953,-0.004897,-5.300903,-0.002069,
feedback,13.147263,1786353233026,7,Ry,-5.000000,-75.000000,-5.204773,-0.204773,,,359.999908,-134.999466,479.998962,0.000429,20.000172,0.000163,360.005280,-134.999176,479.997894,0.000557,-45.720650,-0.000240,-0.068931,-0.021092,0.454529,0.009605,-5.204773,0.009832,
feedback,13.155610,1786353233035,7,Ry,-5.000000,-75.000000,-5.156708,-0.156708,,,359.999908,-134.999466,479.998962,0.000429,20.000172,0.000163,360.004883,-134.999603,479.998260,0.000641,-45.762123,-0.000335,-0.030207,-0.042185,0.069721,0.029013,-5.156708,0.010097,
feedback,13.163621,1786353233043,7,Ry,-5.000000,-75.000000,-5.026245,-0.026245,,,359.999908,-134.999466,479.998962,0.000429,20.000172,0.000163,360.005493,-134.999481,479.997772,0.000502,-45.802662,-0.000257,0.068035,0.000000,-0.111237,-0.004911,-5.026245,0.004787,
feedback,13.171488,1786353233048,7,Ry,-5.000000,-75.000000,-5.039978,-0.039978,,,359.999908,-134.999466,479.998962,0.000429,20.000172,0.000163,360.005554,-134.999130,479.997925,0.000474,-45.822823,-0.000162,0.014214,0.086288,0.036625,-0.004908,-5.039978,0.018518,
feedback,13.179922,1786353233056,7,Ry,-5.000000,-75.000000,-4.950714,0.049286,,,359.999908,-134.999466,479.998962,0.000429,20.000172,0.000163,360.006439,-134.998962,479.997162,0.000531,-45.862701,-0.000214,0.251691,0.129433,-0.218926,-0.009837,-4.950714,0.030163,
feedback,13.187699,1786353233064,7,Ry,-5.000000,-75.000000,-4.957581,0.042419,,,359.999908,-134.999466,479.998962,0.000429,20.000172,0.000163,360.007935,-134.999481,479.997375,0.000503,-45.902363,-0.000257,0.254192,0.021093,-0.082332,-0.014476,-4.957581,-0.005084,
feedback,13.195525,1786353233073,7,Ry,-5.000000,-75.000000,-4.943848,0.056152,,,359.999908,-134.999466,479.998962,0.000429,20.000172,0.000163,360.011047,-134.999344,479.996368,0.000421,-45.961716,-0.000258,0.314954,-0.032598,-0.127939,0.005111,-4.943848,-0.021349,
feedback,13.204617,1786353233081,7,Ry,-5.000000,-75.000000,-4.957580,0.042420,,,359.999908,-134.999466,479.998962,0.000429,20.000172,0.000163,360.013062,-134.999222,479.997284,0.000506,-46.001350,-0.000310,0.237512,0.086290,0.218489,-0.004925,-4.957581,0.018503,
feedback,13.211985,1786353233090,7,Ry,-5.000000,-75.000000,-4.943848,0.056152,,,359.999908,-134.999466,479.998962,0.000429,20.000172,0.000163,360.014679,-134.999084,479.998413,0.000506,-46.040707,-0.000243,0.215701,-0.021092,0.118361,0.004607,-4.943848,0.014652,
feedback,13.220906,1786353233098,7,Ry,-5.000000,-75.000000,-4.950714,0.049286,,,359.999908,-134.999466,479.998962,0.000429,20.000172,0.000163,360.015778,-134.999222,480.001282,0.000479,-46.080315,-0.000271,0.176729,0.074784,0.399060,-0.009329,-4.950714,-0.012734,
feedback,13.228983,1786353233106,7,Ry,-5.000000,-75.000000,-4.936981,0.063019,,,359.999908,-134.999466,479.998962,0.000429,20.000172,0.000163,360.017303,-134.999344,480.004242,0.000561,-46.119671,-0.000271,0.091195,-0.064237,0.420360,0.014482,-4.936981,-0.001727,
feedback,13.236978,1786353233115,7,Ry,-5.000000,-75.000000,-4.991913,0.008087,,,359.999908,-134.999466,479.998962,0.000429,20.000172,0.000163,360.019653,-134.999298,480.007385,0.000534,-46.159470,-0.000271,0.395661,-0.011506,0.397538,-0.019206,-4.991913,-0.016968,
feedback,13.244877,1786353233123,7,Ry,-5.000000,-75.000000,-4.998779,0.001221,,,359.999908,-134.999466,479.998962,0.000429,20.000172,0.000163,360.022430,-134.999435,480.008514,0.000479,-46.199486,-0.000259,0.437957,0.053693,0.031509,-0.014652,-4.998779,0.011416,
feedback,13.253170,1786353233132,7,Ry,-5.000000,-75.000000,-5.060578,-0.060578,,,359.999908,-134.999466,479.998962,0.000429,20.000172,0.000163,360.024689,-134.999557,480.009705,0.000480,-46.239998,-0.000327,0.354340,-0.011507,0.095536,-0.014238,-5.060577,-0.021744,
feedback,13.261334,1786353233140,7,Ry,-5.000000,-75.000000,-5.019379,-0.019379,,,359.999908,-134.999466,479.998962,0.000429,20.000172,0.000163,360.025635,-134.999481,480.009705,0.000593,-46.280182,-0.000379,0.057816,0.032600,0.109171,0.014683,-5.019379,0.002338,
feedback,13.269945,1786353233149,7,Ry,-5.000000,-75.000000,-5.012512,-0.012512,,,359.999908,-134.999466,479.998962,0.000429,20.000172,0.000163,360.025543,-134.999252,480.009094,0.000480,-46.320419,-0.000233,-0.098305,-0.108347,-0.039738,-0.009470,-5.012512,-0.030531,
feedback,13.277929,1786353233157,7,Ry,-5.000000,-75.000000,-5.101776,-0.101776,,,359.999908,-134.999466,479.998962,0.000429,20.000172,0.000163,360.023682,-134.999557,480.008789,0.000592,-46.380791,-0.000301,-0.164386,-0.085331,-0.098912,0.018960,-5.101776,0.013017,
feedback,13.285994,1786353233165,7,Ry,-5.000000,-75.000000,-5.101776,-0.101776,,,359.999908,-134.999466,479.998962,0.000429,20.000172,0.000163,360.021729,-134.999435,480.008118,0.000539,-46.421577,-0.000341,-0.242630,-0.064239,-0.052098,0.009479,-5.101776,0.003082,
feedback,13.294557,1786353233174,7,Ry,-5.000000,-75.000000,-5.163574,-0.163574,,,359.999908,-134.999466,479.998962,0.000429,20.000172,0.000163,360.018616,-134.999222,480.008789,0.000512,-46.462776,-0.000314,-0.377357,0.043144,0.117689,-0.004963,-5.163574,0.011596,
feedback,13.302091,1786353233182,7,Ry,-5.000000,-75.000000,-5.300903,-0.300903,,,359.999908,-134.999466,479.998962,0.000429,20.000172,0.000163,360.016083,-134.999390,480.010773,0.000454,-46.504551,-0.000262,-0.326434,-0.086291,0.233341,0.000013,-5.300903,-0.013733,
feedback,13.310159,1786353233190,7,Ry,-5.000000,-75.000000,-5.211639,-0.211639,,,359.999908,-134.999466,479.998962,0.000429,20.000172,0.000163,360.014221,-134.999252,480.013947,0.000511,-46.546516,-0.000274,-0.175806,-0.022053,0.373216,-0.009430,-5.211639,-0.016836,
feedback,13.318502,1786353233199,7,Ry,-5.000000,-75.000000,-5.232239,-0.232239,,,359.999908,-134.999466,479.998962,0.000429,20.000172,0.000163,360.012512,-134.999084,480.016571,0.000512,-46.588348,-0.000247,-0.158967,0.150526,0.443824,-0.014408,-5.232239,0.015342,
feedback,13.326549,1786353233207,7,Ry,-5.000000,-75.000000,-5.259705,-0.259705,,,359.999908,-134.999466,479.998962,0.000429,20.000172,0.000163,360.011810,-134.999695,480.016479,0.000596,-46.630013,-0.000370,-0.001174,-0.043145,-0.125618,0.000010,-5.259705,-0.006866,
feedback,13.334962,1786353233211,7,Ry,-5.000000,-75.000000,-5.211639,-0.211639,,,359.999908,-134.999466,479.998962,0.000429,20.000172,0.000163,360.011841,-134.999084,480.016022,0.000541,-46.650860,-0.000288,0.013345,0.150526,-0.116401,-0.009409,-5.211639,0.010613,
feedback,13.343356,1786353233220,7,Ry,-5.000000,-75.000000,-5.287171,-0.287171,,,359.999908,-134.999466,479.998962,0.000429,20.000172,0.000163,360.011078,-134.999557,480.015411,0.000485,-46.693020,-0.000331,-0.201449,-0.097796,-0.004012,-0.009122,-5.287170,-0.040299,
feedback,13.351207,1786353233228,7,Ry,-5.000000,-75.000000,-5.184173,-0.184173,,,359.999908,-134.999466,479.998962,0.000429,20.000172,0.000163,360.010193,-134.999084,480.013336,0.000513,-46.734741,-0.000249,-0.106655,0.086288,-0.249057,0.000017,-5.184174,0.013733,
feedback,13.360046,1786353233237,7,Ry,-5.000000,-75.000000,-5.191040,-0.191040,,,359.999908,-134.999466,479.998962,0.000429,20.000172,0.000163,360.009491,-134.999481,480.012115,0.000541,-46.776299,-0.000304,-0.045551,-0.021092,-0.134519,-0.000590,-5.191040,0.019412,
feedback,13.367578,1786353233245,7,Ry,-5.000000,-75.000000,-5.115509,-0.115509,,,359.999908,-134.999466,479.998962,0.000429,20.000172,0.000163,360.010132,-134.999344,480.008423,0.000518,-46.837410,-0.000385,0.072202,-0.011506,-0.242288,0.000946,-5.115509,-0.035983,
feedback,13.376257,1786353233253,7,Ry,-5.000000,-75.000000,-5.053711,-0.053711,,,359.999908,-134.999466,479.998962,0.000429,20.000172,0.000163,360.011749,-134.999176,480.005127,0.000401,-46.877838,-0.000197,0.204875,0.031639,-0.462434,-0.014066,-5.053711,-0.015035,
feedback,13.384212,1786353233262,7,Ry,-5.000000,-75.000000,-5.019379,-0.019379,,,359.999908,-134.999466,479.998962,0.000429,20.000172,0.000163,360.013123,-134.998795,480.001312,0.000404,-46.918102,-0.000182,0.254781,0.129435,-0.510040,0.000019,-5.019379,0.020599,
feedback,13.392624,1786353233270,7,Ry,-5.000000,-75.000000,-5.012512,-0.012512,,,359.999908,-134.999466,479.998962,0.000429,20.000172,0.000163,360.013824,-134.999130,479.997711,0.000514,-46.958038,-0.000210,0.103003,0.044105,-0.286252,0.018763,-5.012512,0.033806,
feedback,13.400343,1786353233279,7,Ry,-5.000000,-75.000000,-4.895783,0.104217,,,359.999908,-134.999466,479.998962,0.000429,20.000172,0.000163,360.013489,-134.998825,479.996033,0.000461,-46.997643,-0.000223,-0.014851,0.085329,-0.177619,-0.013692,-4.895782,-0.017903,
feedback,13.409223,1786353233287,7,Ry,-5.000000,-75.000000,-4.895783,0.104217,,,359.999908,-134.999466,479.998962,0.000429,20.000172,0.000163,360.011780,-134.999344,479.996124,0.000491,-47.037361,-0.000346,-0.248679,-0.096836,0.012802,0.009716,-4.895782,-0.013388,
feedback,13.417002,1786353233295,7,Ry,-5.000000,-75.000000,-4.943848,0.056152,,,359.999908,-134.999466,479.998962,0.000429,20.000172,0.000163,360.008881,-134.999557,479.998962,0.000490,-47.076744,-0.000334,-0.350677,-0.065197,0.485003,-0.004315,-4.943848,-0.028465,
feedback,13.425654,1786353233304,7,Ry,-5.000000,-75.000000,-4.868317,0.131683,,,359.999908,-134.999466,479.998962,0.000429,20.000172,0.000163,360.005341,-134.999512,480.001099,0.000543,-47.115940,-0.000266,-0.419711,-0.000001,0.236627,0.000012,-4.868317,0.000000,
feedback,13.433080,1786353233312,7,Ry,-5.000000,-75.000000,-4.902649,0.097351,,,359.999908,-134.999466,479.998962,0.000429,20.000172,0.000163,360.000580,-134.999313,480.005280,0.000406,-47.155132,-0.000267,-0.610431,0.021091,0.438183,-0.009327,-4.902649,-0.010069,
feedback,13.441234,1786353233321,7,Ry,-5.000000,-75.000000,-4.882050,0.117950,,,359.999908,-134.999466,479.998962,0.000429,20.000172,0.000163,359.994415,-134.999557,480.010986,0.000491,-47.213882,-0.000335,-0.490989,-0.032597,0.463987,0.005424,-4.882050,-0.021234,
feedback,13.449458,1786353233330,7,Ry,-5.000000,-75.000000,-4.882050,0.117950,,,359.999908,-134.999466,479.998962,0.000429,20.000172,0.000163,359.991608,-134.999390,480.014313,0.000432,-47.253132,-0.000227,-0.332066,-0.117923,0.375877,0.008951,-4.882050,0.006055,
feedback,13.458350,1786353233338,7,Ry,-5.000000,-75.000000,-4.895783,0.104217,,,359.999908,-134.999466,479.998962,0.000429,20.000172,0.000163,359.989655,-134.999222,480.016479,0.000492,-47.292023,-0.000281,-0.122154,-0.032596,0.115728,0.005448,-4.895782,-0.021227,
feedback,13.465913,1786353233342,7,Ry,-5.000000,-75.000000,-4.943848,0.056152,,,359.999908,-134.999466,479.998962,0.000429,20.000172,0.000163,359.988220,-134.999298,480.017944,0.000488,-47.331547,-0.000200,-0.199104,-0.032596,0.138652,-0.004640,-4.943848,-0.011915,
feedback,13.474496,1786353233351,7,Ry,-5.000000,-75.000000,-4.902649,0.097351,,,359.999908,-134.999466,479.998962,0.000429,20.000172,0.000163,359.988159,-134.999039,480.017883,0.000463,-47.351158,-0.000213,-0.013254,0.064234,-0.020474,-0.004237,-4.902649,-0.007886,
feedback,13.481989,1786353233359,7,Ry,-5.000000,-75.000000,-5.005646,-0.005646,,,359.999908,-134.999466,479.998962,0.000429,20.000172,0.000163,359.986908,-134.999435,480.018585,0.000431,-47.391201,-0.000187,-0.116682,0.053687,0.022016,-0.014744,-5.005646,0.011110,
feedback,13.491025,1786353233367,7,Ry,-5.000000,-75.000000,-5.033112,-0.033112,,,359.999908,-134.999466,479.998962,0.000429,20.000172,0.000163,359.986603,-134.999039,480.019348,0.000404,-47.431465,-0.000133,-0.082481,0.010546,0.068512,-0.014742,-5.033112,0.004233,
feedback,13.498475,1786353233376,7,Ry,-5.000000,-75.000000,-5.067444,-0.067444,,,359.999908,-134.999466,479.998962,0.000429,20.000172,0.000163,359.986267,-134.999084,480.019531,0.000522,-47.472061,-0.000255,-0.032631,0.053688,0.021119,-0.009685,-5.067444,0.006448,
feedback,13.507258,1786353233385,7,Ry,-5.000000,-75.000000,-5.081177,-0.081177,,,359.999908,-134.999466,479.998962,0.000429,20.000172,0.000163,359.985962,-134.998657,480.019928,0.000437,-47.512821,-0.000159,0.071388,0.117922,-0.095025,-0.013891,-5.081177,-0.001458,
feedback,13.514903,1786353233393,7,Ry,-5.000000,-75.000000,-5.074310,-0.074310,,,359.999908,-134.999466,479.998962,0.000429,20.000172,0.000163,359.985504,-134.999390,480.018372,0.000465,-47.573769,-0.000270,-0.098423,-0.108332,-0.068150,-0.009253,-5.074310,-0.030736,
feedback,13.523560,1786353233402,7,Ry,-5.000000,-75.000000,-5.108642,-0.108642,,,359.999908,-134.999466,479.998962,0.000429,20.000172,0.000163,359.985901,-134.998993,480.015808,0.000548,-47.614662,-0.000188,0.103253,0.044099,-0.335560,0.018535,-5.108643,0.034020,
feedback,13.531952,1786353233410,7,Ry,-5.000000,-75.000000,-5.156708,-0.156708,,,359.999908,-134.999466,479.998962,0.000429,20.000172,0.000163,359.985931,-134.999344,480.012787,0.000469,-47.655617,-0.000311,0.021323,-0.022049,-0.334771,-0.004163,-5.156708,-0.021642,
feedback,13.539631,1786353233418,7,Ry,-5.000000,-75.000000,-5.129242,-0.129242,,,359.999908,-134.999466,479.998962,0.000429,20.000172,0.000163,359.985413,-134.999390,480.010864,0.000637,-47.696594,-0.000325,-0.028617,0.043141,-0.179929,0.010171,-5.129242,-0.002377,
feedback,13.547921,1786353233427,7,Ry,-5.000000,-75.000000,-5.129242,-0.129242,,,359.999908,-134.999466,479.998962,0.000429,20.000172,0.000163,359.983948,-134.999008,480.008759,0.000470,-47.737904,-0.000257,-0.199655,0.064233,-0.302099,-0.004137,-5.129242,-0.007915,
feedback,13.556164,1786353233435,7,Ry,-5.000000,-75.000000,-5.163574,-0.163574,,,359.999908,-134.999466,479.998962,0.000429,20.000172,0.000163,359.982086,-134.999008,480.007599,0.000440,-47.779182,-0.000216,-0.209724,0.074779,-0.151624,-0.023995,-5.163574,0.000840,
feedback,13.564187,1786353233443,7,Ry,-5.000000,-75.000000,-5.177307,-0.177307,,,359.999908,-134.999466,479.998962,0.000429,20.000172,0.000163,359.979309,-134.999222,480.005005,0.000468,-47.820328,-0.000244,-0.294805,-0.021093,-0.315312,0.014324,-5.177307,0.005566,
feedback,13.572487,1786353233452,7,Ry,-5.000000,-75.000000,-5.136108,-0.136108,,,359.999908,-134.999466,479.998962,0.000429,20.000172,0.000163,359.977173,-134.998917,480.003845,0.000557,-47.861664,-0.000272,-0.176359,0.139967,-0.253326,0.000504,-5.136108,0.010901,
feedback,13.580941,1786353233460,7,Ry,-5.000000,-75.000000,-5.060577,-0.060577,,,359.999908,-134.999466,479.998962,0.000429,20.000172,0.000163,359.975494,-134.999313,480.001984,0.000414,-47.902313,-0.000272,-0.167078,-0.011502,-0.202893,-0.018893,-5.060577,-0.017548,
feedback,13.589033,1786353233469,7,Ry,-5.000000,-75.000000,-5.088043,-0.088043,,,359.999908,-134.999466,479.998962,0.000429,20.000172,0.000163,359.976593,-134.999313,479.995850,0.000415,-47.963177,-0.000273,0.192417,-0.054642,-0.585804,-0.018881,-5.088043,-0.024435,
feedback,13.597160,1786353233477,7,Ry,-5.000000,-75.000000,-4.950714,0.049286,,,359.999908,-134.999466,479.998962,0.000429,20.000172,0.000163,359.977814,-134.999390,479.991730,0.000561,-48.002922,-0.000396,0.241845,-0.043140,-0.591872,0.010218,-4.950714,-0.016055,
feedback,13.605646,1786353233481,7,Ry,-5.000000,-75.000000,-4.991913,0.008087,,,359.999908,-134.999466,479.998962,0.000429,20.000172,0.000163,359.978973,-134.999084,479.990051,0.000498,-48.022888,-0.000218,0.290566,0.075736,-0.421445,-0.010705,-4.991913,0.032615,
feedback,13.613948,1786353233490,7,Ry,-5.000000,-75.000000,-4.930115,0.069885,,,359.999908,-134.999466,479.998962,0.000429,20.000172,0.000163,359.982117,-134.999008,479.985352,0.000535,-48.062550,-0.000342,0.484613,0.074781,-0.648347,-0.008643,-4.930115,-0.013046,
feedback,13.621942,1786353233498,7,Ry,-5.000000,-75.000000,-4.985046,0.014954,,,359.999908,-134.999466,479.998962,0.000429,20.000172,0.000163,359.985199,-134.999344,479.981232,0.000505,-48.102428,-0.000356,0.430383,0.043142,-0.390615,0.000012,-4.985046,0.006866,
feedback,13.630334,1786353233507,7,Ry,-5.000000,-75.000000,-5.033112,-0.033112,,,359.999908,-134.999466,479.998962,0.000429,20.000172,0.000163,359.988312,-134.999481,479.979706,0.000588,-48.142418,-0.000357,0.382508,-0.053687,-0.137698,0.004594,-5.033112,-0.001752,
feedback,13.637526,1786353233515,7,Ry,-5.000000,-75.000000,-4.998779,0.001221,,,359.999908,-134.999466,479.998962,0.000429,20.000172,0.000163,359.990082,-134.999481,479.979858,0.000465,-48.182163,-0.000192,0.174201,0.000000,0.063120,-0.025575,-4.998779,0.022892,
feedback,13.645708,1786353233523,7,Ry,-5.000000,-75.000000,-4.943848,0.056152,,,359.999908,-134.999466,479.998962,0.000429,20.000172,0.000163,359.991333,-134.999557,479.980865,0.000472,-48.221493,-0.000302,0.170554,-0.096830,0.220552,0.004584,-4.943848,-0.008612,
feedback,13.653973,1786353233532,7,Ry,-5.000000,-75.000000,-4.868317,0.131683,,,359.999908,-134.999466,479.998962,0.000429,20.000172,0.000163,359.992615,-134.999481,479.981384,0.000558,-48.260468,-0.000316,0.176791,-0.053688,0.140045,0.004583,-4.868317,-0.001743,
feedback,13.662806,1786353233540,7,Ry,-5.000000,-75.000000,-4.888916,0.111084,,,359.999908,-134.999466,479.998962,0.000429,20.000172,0.000163,359.993805,-134.999313,479.981262,0.000418,-48.299358,-0.000276,0.105197,-0.065192,-0.002953,-0.014251,-4.888916,-0.019418,
feedback,13.670141,1786353233549,7,Ry,-5.000000,-75.000000,-4.806518,0.193482,,,359.999908,-134.999466,479.998962,0.000429,20.000172,0.000163,359.994873,-134.998825,479.982635,0.000477,-48.357368,-0.000235,0.028850,0.086285,0.177079,0.000018,-4.806519,0.013733,
feedback,13.678713,1786353233557,7,Ry,-5.000000,-75.000000,-4.820251,0.179749,,,359.999908,-134.999466,479.998962,0.000429,20.000172,0.000163,359.994781,-134.999390,479.982483,0.000474,-48.396423,-0.000276,-0.117654,-0.000000,0.210892,-0.015392,-4.820251,0.013677,
feedback,13.686614,1786353233565,7,Ry,-5.000000,-75.000000,-4.936981,0.063019,,,359.999908,-134.999466,479.998962,0.000429,20.000172,0.000163,359.994354,-134.999390,479.983887,0.000506,-48.436085,-0.000318,-0.105862,0.021092,0.251226,-0.019375,-4.936981,-0.001164,
feedback,13.694650,1786353233574,7,Ry,-5.000000,-75.000000,-5.039978,-0.039978,,,359.999908,-134.999466,479.998962,0.000429,20.000172,0.000163,359.993469,-134.999344,479.985809,0.000479,-48.476021,-0.000318,-0.078701,-0.021092,0.227664,0.014257,-5.039978,0.005730,
feedback,13.702793,1786353233582,7,Ry,-5.000000,-75.000000,-5.115509,-0.115509,,,359.999908,-134.999466,479.998962,0.000429,20.000172,0.000163,359.991699,-134.998825,479.988251,0.000479,-48.516533,-0.000236,-0.252504,0.053687,0.423594,0.010903,-5.115509,-0.011923,
feedback,13.711874,1786353233591,7,Ry,-5.000000,-75.000000,-5.129242,-0.129242,,,359.999908,-134.999466,479.998962,0.000429,20.000172,0.000163,359.988739,-134.999176,479.991455,0.000480,-48.557400,-0.000292,-0.327006,-0.021093,0.298090,0.009104,-5.129242,0.010294,
feedback,13.719878,1786353233599,7,Ry,-5.000000,-75.000000,-5.191040,-0.191040,,,359.999908,-134.999466,479.998962,0.000429,20.000172,0.000163,359.986298,-134.999008,479.994904,0.000370,-48.598793,-0.000292,-0.377176,0.031637,0.538705,-0.008457,-5.191040,-0.019993,
feedback,13.727859,1786353233607,7,Ry,-5.000000,-75.000000,-5.287170,-0.287170,,,359.999908,-134.999466,479.998962,0.000429,20.000172,0.000163,359.985229,-134.999039,479.997864,0.000508,-48.640404,-0.000265,-0.108204,0.065190,0.421585,0.009092,-5.287170,0.024041,
feedback,13.736500,1786353233616,7,Ry,-5.000000,-75.000000,-5.239105,-0.239105,,,359.999908,-134.999466,479.998962,0.000429,20.000172,0.000163,359.984802,-134.999039,479.999664,0.000508,-48.682316,-0.000265,0.034509,0.075737,0.242846,-0.005763,-5.239105,0.027957,
feedback,13.744404,1786353233624,7,Ry,-5.000000,-75.000000,-5.197906,-0.197906,,,359.999908,-134.999466,479.998962,0.000429,20.000172,0.000163,359.985626,-134.999130,480.000946,0.000423,-48.723953,-0.000252,0.210781,0.000001,0.101049,0.000015,-5.197906,-0.000000,
feedback,13.751818,1786353233628,7,Ry,-5.000000,-75.000000,-5.239105,-0.239105,,,359.999908,-134.999466,479.998962,0.000429,20.000172,0.000163,359.986053,-134.999481,480.000946,0.000454,-48.744911,-0.000348,0.110086,-0.086283,0.003859,0.005172,-5.239105,-0.018261,
feedback,13.761021,1786353233637,7,Ry,-5.000000,-75.000000,-5.218506,-0.218506,,,359.999908,-134.999466,479.998962,0.000429,20.000172,0.000163,359.989075,-134.999222,479.999420,0.000479,-48.807449,-0.000252,0.267848,0.032597,-0.259467,0.004537,-5.218506,0.012033,
feedback,13.768481,1786353233645,7,Ry,-5.000000,-75.000000,-5.273437,-0.273437,,,359.999908,-134.999466,479.998962,0.000429,20.000172,0.000163,359.990997,-134.999344,479.996002,0.000452,-48.849113,-0.000280,0.155457,0.043142,-0.230967,0.000013,-5.273438,0.006866,
feedback,13.777090,1786353233654,7,Ry,-5.000000,-75.000000,-5.115509,-0.115509,,,359.999908,-134.999466,479.998962,0.000429,20.000172,0.000163,359.993164,-134.999222,479.992035,0.000401,-48.890232,-0.000322,0.402324,0.074782,-0.609496,-0.008358,-5.115509,-0.013169,
feedback,13.785345,1786353233662,7,Ry,-5.000000,-75.000000,-5.136108,-0.136108,,,359.999908,-134.999466,479.998962,0.000429,20.000172,0.000163,359.995575,-134.999008,479.987183,0.000484,-48.931099,-0.000268,0.303034,0.022051,-0.554596,0.009039,-5.136108,0.017220,
feedback,13.793327,1786353233671,7,Ry,-5.000000,-75.000000,-5.115509,-0.115509,,,359.999908,-134.999466,479.998962,0.000429,20.000172,0.000163,359.998230,-134.999039,479.980408,0.000512,-48.971695,-0.000268,0.418500,0.118884,-0.720253,0.004525,-5.115509,0.025779,
feedback,13.801159,1786353233679,7,Ry,-5.000000,-75.000000,-5.108643,-0.108643,,,359.999908,-134.999466,479.998962,0.000429,20.000172,0.000163,360.001556,-134.999222,479.972656,0.000544,-49.012096,-0.000338,0.477131,0.043145,-0.920700,0.010381,-5.108643,-0.002141,
feedback,13.809883,1786353233687,7,Ry,-5.000000,-75.000000,-5.149841,-0.149841,,,359.999908,-134.999466,479.998962,0.000429,20.000172,0.000163,360.004913,-134.998871,479.966064,0.000545,-49.052582,-0.000283,0.546197,0.108341,-0.809119,0.019392,-5.149841,0.021972,
feedback,13.817503,1786353233696,7,Ry,-5.000000,-75.000000,-5.026245,-0.026245,,,359.999908,-134.999466,479.998962,0.000429,20.000172,0.000163,360.007965,-134.999390,479.960754,0.000513,-49.092735,-0.000324,0.407316,-0.139978,-0.592879,0.009698,-5.026245,-0.019906,
feedback,13.826241,1786353233705,7,Ry,-5.000000,-75.000000,-5.115509,-0.115509,,,359.999908,-134.999466,479.998962,0.000429,20.000172,0.000163,360.010223,-134.999390,479.958160,0.000482,-49.133247,-0.000282,0.307358,0.075743,-0.431417,-0.000688,-5.115509,0.023418,
feedback,13.833861,1786353233713,7,Ry,-5.000000,-75.000000,-5.026245,-0.026245,,,359.999908,-134.999466,479.998962,0.000429,20.000172,0.000163,360.011871,-134.999435,479.958160,0.000542,-49.193893,-0.000325,0.131226,-0.075743,0.094239,-0.004475,-5.026245,-0.018930,
feedback,13.842651,1786353233721,7,Ry,-5.000000,-75.000000,-5.108643,-0.108643,,,359.999908,-134.999466,479.998962,0.000429,20.000172,0.000163,360.011169,-134.999481,479.961517,0.000570,-49.234901,-0.000325,-0.077084,-0.021092,0.432481,0.008979,-5.108643,0.010401,
feedback,13.850092,1786353233730,7,Ry,-5.000000,-75.000000,-5.108643,-0.108643,,,359.999908,-134.999466,479.998962,0.000429,20.000172,0.000163,360.010834,-134.999344,479.966827,0.000488,-49.275742,-0.000326,-0.071788,0.053690,0.747288,0.000736,-5.108643,-0.002817,
feedback,13.858486,1786353233738,7,Ry,-5.000000,-75.000000,-5.101776,-0.101776,,,359.999908,-134.999466,479.998962,0.000429,20.000172,0.000163,360.009827,-134.999130,479.973450,0.000539,-49.316582,-0.000229,-0.148379,0.086288,0.772774,0.000017,-5.101776,0.013733,
feedback,13.866419,1786353233747,7,Ry,-5.000000,-75.000000,-5.026245,-0.026245,,,359.999908,-134.999466,479.998962,0.000429,20.000172,0.000163,360.009369,-134.999039,479.980988,0.000549,-49.356956,-0.000314,-0.075229,-0.043145,0.838878,0.005227,-5.026245,-0.011339,
feedback,13.875178,1786353233755,7,Ry,-5.000000,-75.000000,-5.053711,-0.053711,,,359.999908,-134.999466,479.998962,0.000429,20.000172,0.000163,360.009155,-134.999222,479.987976,0.000549,-49.397362,-0.000342,-0.011206,0.032598,0.809828,0.004483,-5.053711,0.012080,
feedback,13.882841,1786353233763,7,Ry,-5.000000,-75.000000,-4.991913,0.008087,,,359.999908,-134.999466,479.998962,0.000429,20.000172,0.000163,360.009583,-134.999008,479.994324,0.000490,-49.437489,-0.000272,0.164609,0.053691,0.643482,-0.004448,-4.991913,0.001650,
feedback,13.891850,1786353233767,7,Ry,-5.000000,-75.000000,-5.053711,-0.053711,,,359.999908,-134.999466,479.998962,0.000429,20.000172,0.000163,360.010315,-134.998795,479.996674,0.000399,-49.457703,-0.000161,0.181016,0.053691,0.587130,-0.014880,-5.053711,0.010575,
feedback,13.899047,1786353233776,7,Ry,-5.000000,-75.000000,-5.012512,-0.012512,,,359.999908,-134.999466,479.998962,0.000429,20.000172,0.000163,360.010559,-134.999084,480.000702,0.000404,-49.497803,-0.000258,0.170104,0.095876,0.342281,-0.022284,-5.012512,-0.019239,
feedback,13.907889,1786353233784,7,Ry,-5.000000,-75.000000,-4.978180,0.021820,,,359.999908,-134.999466,479.998962,0.000429,20.000172,0.000163,360.010132,-134.999222,480.003906,0.000519,-49.537544,-0.000301,-0.088663,-0.000000,0.289591,-0.005210,-4.978180,0.004456,
feedback,13.915484,1786353233793,7,Ry,-5.000000,-75.000000,-4.985046,0.014954,,,359.999908,-134.999466,479.998962,0.000429,20.000172,0.000163,360.009216,-134.999084,480.006897,0.000579,-49.577454,-0.000316,-0.088821,0.075742,0.296376,0.004469,-4.985046,0.018960,
feedback,13.924282,1786353233801,7,Ry,-5.000000,-75.000000,-5.005646,-0.005646,,,359.999908,-134.999466,479.998962,0.000429,20.000172,0.000163,360.009338,-134.998917,480.007721,0.000548,-49.637466,-0.000247,0.087356,0.107381,-0.093477,-0.008875,-5.005646,0.003269,
feedback,13.931649,1786353233810,7,Ry,-5.000000,-75.000000,-5.067444,-0.067444,,,359.999908,-134.999466,479.998962,0.000429,20.000172,0.000163,360.010681,-134.999222,480.006470,0.000553,-49.677814,-0.000345,0.254865,-0.021092,-0.198830,0.014136,-5.067444,0.006027,
feedback,13.940754,1786353233818,7,Ry,-5.000000,-75.000000,-5.129242,-0.129242,,,359.999908,-134.999466,479.998962,0.000429,20.000172,0.000163,360.012726,-134.999176,480.004395,0.000461,-49.718269,-0.000260,0.451347,0.139981,-0.320307,-0.014901,-5.129242,0.024240,
feedback,13.948590,1786353233826,7,Ry,-5.000000,-75.000000,-5.156708,-0.156708,,,359.999908,-134.999466,479.998962,0.000429,20.000172,0.000163,360.015015,-134.999222,480.001099,0.000489,-49.759003,-0.000260,0.327696,0.118890,-0.397835,0.004451,-5.156708,0.025841,
feedback,13.956804,1786353233835,7,Ry,-5.000000,-75.000000,-5.136108,-0.136108,,,359.999908,-134.999466,479.998962,0.000429,20.000172,0.000163,360.016541,-134.999176,479.999115,0.000560,-49.800201,-0.000388,0.152201,0.053692,-0.315629,0.006072,-5.136108,-0.007242,
feedback,13.964561,1786353233843,7,Ry,-5.000000,-75.000000,-5.163574,-0.163574,,,359.999908,-134.999466,479.998962,0.000429,20.000172,0.000163,360.017273,-134.999557,479.998077,0.000458,-49.841400,-0.000273,0.031072,-0.139982,-0.124604,-0.006057,-5.163574,-0.006495,
feedback,13.973294,1786353233852,7,Ry,-5.000000,-75.000000,-5.191040,-0.191040,,,359.999908,-134.999466,479.998962,0.000429,20.000172,0.000163,360.017395,-134.999435,479.998413,0.000583,-49.882874,-0.000374,-0.038493,-0.010546,0.011808,0.004437,-5.191040,0.005251,
feedback,13.981062,1786353233860,7,Ry,-5.000000,-75.000000,-5.273438,-0.273438,,,359.999908,-134.999466,479.998962,0.000429,20.000172,0.000163,360.016968,-134.999435,479.999695,0.000584,-49.924843,-0.000375,-0.064811,-0.096837,0.179389,0.009687,-5.273438,-0.012899,
feedback,13.989797,1786353233868,7,Ry,-5.000000,-75.000000,-5.273438,-0.273438,,,359.999908,-134.999466,479.998962,0.000429,20.000172,0.000163,360.016449,-134.999557,480.000916,0.000492,-49.967030,-0.000317,-0.034692,-0.086290,0.082824,-0.005247,-5.273438,-0.009316,
feedback,13.997586,1786353233877,7,Ry,-5.000000,-75.000000,-5.287170,-0.287170,,,359.999908,-134.999466,479.998962,0.000429,20.000172,0.000163,360.016754,-134.999252,480.002106,0.000487,-50.009407,-0.000220,0.107508,-0.021092,0.044696,-0.006941,-5.287170,0.023760,
feedback,14.006516,1786353233885,7,Ry,-5.000000,-75.000000,-5.191040,-0.191040,,,359.999908,-134.999466,479.998962,0.000429,20.000172,0.000163,360.019135,-134.999298,480.000793,0.000691,-50.072304,-0.000278,0.276722,-0.009584,-0.247754,0.022053,-5.191040,0.033194,
feedback,14.014761,1786353233893,7,Ry,-5.000000,-75.000000,-5.177307,-0.177307,,,359.999908,-134.999466,479.998962,0.000429,20.000172,0.000163,360.021027,-134.999039,479.999756,0.000526,-50.113777,-0.000279,0.317329,0.053693,-0.232912,-0.014923,-5.177307,0.010404,
feedback,14.021773,1786353233902,7,Ry,-5.000000,-75.000000,-5.142975,-0.142975,,,359.999908,-134.999466,479.998962,0.000429,20.000172,0.000163,360.022888,-134.999481,479.996796,0.000549,-50.154922,-0.000291,0.203571,-0.043145,-0.412802,-0.010532,-5.142975,0.001932,
feedback,14.031255,1786353233910,7,Ry,-5.000000,-75.000000,-5.074310,-0.074310,,,359.999908,-134.999466,479.998962,0.000429,20.000172,0.000163,360.025146,-134.999557,479.992493,0.000527,-50.195461,-0.000362,0.189268,-0.151492,-0.534043,-0.014057,-5.074310,-0.033620,
feedback,14.038240,1786353233914,7,Ry,-5.000000,-75.000000,-5.081177,-0.081177,,,359.999908,-134.999466,479.998962,0.000429,20.000172,0.000163,360.026459,-134.999252,479.989044,0.000588,-50.235809,-0.000350,0.190456,0.129440,-0.268990,0.000015,-5.081177,0.020599,
feedback,14.047304,1786353233923,7,Ry,-5.000000,-75.000000,-5.074310,-0.074310,,,359.999908,-134.999466,479.998962,0.000429,20.000172,0.000163,360.026764,-134.998962,479.988068,0.000616,-50.256107,-0.000296,0.078541,0.075747,-0.244886,0.004410,-5.074310,0.019013,
feedback,14.054315,1786353233931,7,Ry,-5.000000,-75.000000,-4.971313,0.028687,,,359.999908,-134.999466,479.998962,0.000429,20.000172,0.000163,360.026642,-134.999252,479.986389,0.000589,-50.295876,-0.000351,0.000914,0.044108,-0.060067,0.012277,-4.971313,0.039250,
feedback,14.062709,1786353233940,7,Ry,-5.000000,-75.000000,-4.957580,0.042420,,,359.999908,-134.999466,479.998962,0.000429,20.000172,0.000163,360.025879,-134.999222,479.985962,0.000529,-50.335674,-0.000309,-0.020657,0.065200,-0.100220,0.014066,-4.957581,0.019922,
feedback,14.071406,1786353233948,7,Ry,-5.000000,-75.000000,-4.909515,0.090485,,,359.999908,-134.999466,479.998962,0.000429,20.000172,0.000163,360.025757,-134.998917,479.985779,0.000524,-50.374870,-0.000211,-0.104681,0.129438,0.105344,-0.010559,-4.909515,0.029358,
feedback,14.079095,1786353233956,7,Ry,-5.000000,-75.000000,-4.916382,0.083618,,,359.999908,-134.999466,479.998962,0.000429,20.000172,0.000163,360.026215,-134.999313,479.984497,0.000475,-50.414200,-0.000337,0.037531,-0.065200,-0.020110,-0.003448,-4.916382,-0.028692,
feedback,14.088229,1786353233965,7,Ry,-5.000000,-75.000000,-4.923248,0.076752,,,359.999908,-134.999466,479.998962,0.000429,20.000172,0.000163,360.027924,-134.999344,479.986206,0.000503,-50.473473,-0.000337,0.090352,-0.022054,0.256584,-0.014025,-4.923248,-0.013089,
feedback,14.095969,1786353233973,7,Ry,-5.000000,-75.000000,-4.902649,0.097351,,,359.999908,-134.999466,479.998962,0.000429,20.000172,0.000163,360.028717,-134.999084,479.987549,0.000592,-50.512829,-0.000326,0.136364,0.065201,0.134859,0.008749,-4.902649,0.024332,
feedback,14.104279,1786353233982,7,Ry,-5.000000,-75.000000,-4.861450,0.138550,,,359.999908,-134.999466,479.998962,0.000429,20.000172,0.000163,360.027008,-134.999222,479.991272,0.000532,-50.551994,-0.000311,-0.224205,-0.000001,0.356283,0.000014,-4.861450,0.000000,
feedback,14.112914,1786353233990,7,Ry,-5.000000,-75.000000,-4.971314,0.028686,,,359.999908,-134.999466,479.998962,0.000429,20.000172,0.000163,360.024780,-134.999084,479.994934,0.000450,-50.591740,-0.000311,-0.243739,0.139022,0.537599,-0.021781,-4.971313,-0.012794,
feedback,14.120608,1786353233999,7,Ry,-5.000000,-75.000000,-5.033112,-0.033112,,,359.999908,-134.999466,479.998962,0.000429,20.000172,0.000163,360.020660,-134.999222,480.000458,0.000500,-50.631565,-0.000268,-0.441628,0.053690,0.631416,-0.004341,-5.033112,0.001558,
feedback,14.129415,1786353234007,7,Ry,-5.000000,-75.000000,-5.067444,-0.067444,,,359.999908,-134.999466,479.998962,0.000429,20.000172,0.000163,360.017395,-134.999039,480.005524,0.000500,-50.671913,-0.000241,-0.434728,-0.000001,0.722785,0.005328,-5.067444,-0.004352,
feedback,14.137511,1786353234016,7,Ry,-5.000000,-75.000000,-5.033112,-0.033112,,,359.999908,-134.999466,479.998962,0.000429,20.000172,0.000163,360.012695,-134.999008,480.010895,0.000507,-50.712315,-0.000285,-0.484335,0.107380,0.542249,-0.003365,-5.033112,-0.001244,
feedback,14.145530,1786353234024,7,Ry,-5.000000,-75.000000,-5.046844,-0.046844,,,359.999908,-134.999466,479.998962,0.000429,20.000172,0.000163,360.009979,-134.999130,480.014038,0.000590,-50.752552,-0.000285,-0.299040,0.086288,0.421823,0.000017,-5.046844,0.013733,
feedback,14.153308,1786353234032,7,Ry,-5.000000,-75.000000,-5.053711,-0.053711,,,359.999908,-134.999466,479.998962,0.000429,20.000172,0.000163,360.008575,-134.999390,480.016083,0.000679,-50.792843,-0.000357,-0.110415,0.011506,0.219915,0.023677,-5.053711,0.014147,
feedback,14.162693,1786353234041,7,Ry,-5.000000,-75.000000,-5.101776,-0.101776,,,359.999908,-134.999466,479.998962,0.000429,20.000172,0.000163,360.008118,-134.999252,480.015625,0.000563,-50.853653,-0.000314,-0.026159,-0.043144,0.019993,-0.005311,-5.101776,-0.002532,
feedback,14.169878,1786353234049,7,Ry,-5.000000,-75.000000,-5.088043,-0.088043,,,359.999908,-134.999466,479.998962,0.000429,20.000172,0.000163,360.008270,-134.999176,480.013641,0.000441,-50.894604,-0.000227,0.015690,0.107381,-0.157384,-0.013976,-5.088043,0.007407,
feedback,14.178474,1786353234058,7,Ry,-5.000000,-75.000000,-5.081177,-0.081177,,,359.999908,-134.999466,479.998962,0.000429,20.000172,0.000163,360.007843,-134.999084,480.011658,0.000564,-50.935585,-0.000287,-0.029030,0.096834,-0.330079,0.001021,-5.081177,0.004074,
feedback,14.186019,1786353234066,7,Ry,-5.000000,-75.000000,-5.074310,-0.074310,,,359.999908,-134.999466,479.998962,0.000429,20.000172,0.000163,360.007446,-134.999039,480.009369,0.000504,-50.976372,-0.000244,-0.046694,0.204214,-0.327111,-0.018288,-5.074310,0.015786,
feedback,14.194786,1786353234074,7,Ry,-5.000000,-75.000000,-5.088043,-0.088043,,,359.999908,-134.999466,479.998962,0.000429,20.000172,0.000163,360.008026,-134.999084,480.005432,0.000422,-51.016911,-0.000272,0.075528,-0.044104,-0.507606,-0.022601,-5.088043,-0.030763,
feedback,14.202455,1786353234083,7,Ry,-5.000000,-75.000000,-5.074310,-0.074310,,,359.999908,-134.999466,479.998962,0.000429,20.000172,0.000163,360.008789,-134.998917,480.000580,0.000566,-51.057560,-0.000261,0.141617,0.053691,-0.783859,0.001044,-5.074310,-0.002790,
feedback,14.211198,1786353234087,7,Ry,-5.000000,-75.000000,-5.088043,-0.088043,,,359.999908,-134.999466,479.998962,0.000429,20.000172,0.000163,360.009155,-134.999298,479.997864,0.000526,-51.077911,-0.000229,0.090766,-0.096834,-0.679959,-0.006356,-5.088043,0.000237,
feedback,14.218645,1786353234095,7,Ry,-5.000000,-75.000000,-5.142975,-0.142975,,,359.999908,-134.999466,479.998962,0.000429,20.000172,0.000163,360.009369,-134.999008,479.993500,0.000444,-51.118645,-0.000202,0.082457,0.064237,-0.634477,-0.013948,-5.142975,0.000486,
feedback,14.227370,1786353234104,7,Ry,-5.000000,-75.000000,-5.115509,-0.115509,,,359.999908,-134.999466,479.998962,0.000429,20.000172,0.000163,360.008514,-134.999344,479.989655,0.000622,-51.159706,-0.000317,-0.082551,-0.042185,-0.535932,0.022588,-5.115509,0.017087,
feedback,14.235049,1786353234112,7,Ry,-5.000000,-75.000000,-5.156708,-0.156708,,,359.999908,-134.999466,479.998962,0.000429,20.000172,0.000163,360.006012,-134.999039,479.988434,0.000541,-51.200794,-0.000290,-0.275003,0.053689,-0.252933,0.006418,-5.156708,-0.007090,
feedback,14.244171,1786353234121,7,Ry,-5.000000,-75.000000,-5.149841,-0.149841,,,359.999908,-134.999466,479.998962,0.000429,20.000172,0.000163,360.000610,-134.999084,479.990723,0.000603,-51.262371,-0.000334,-0.407729,0.096831,0.322043,0.011788,-5.149841,-0.004513,
feedback,14.251865,1786353234129,7,Ry,-5.000000,-75.000000,-5.163574,-0.163574,,,359.999908,-134.999466,479.998962,0.000429,20.000172,0.000163,359.996887,-134.999344,479.993073,0.000590,-51.303955,-0.000275,-0.467056,-0.052732,0.311727,0.010761,-5.163574,0.035381,
feedback,14.260192,1786353234138,7,Ry,-5.000000,-75.000000,-5.273437,-0.273437,,,359.999908,-134.999466,479.998962,0.000429,20.000172,0.000163,359.993011,-134.998993,479.996338,0.000659,-51.345619,-0.000308,-0.510544,0.118879,0.515982,0.015034,-5.273438,0.017384,
feedback,14.267756,1786353234146,7,Ry,-5.000000,-75.000000,-5.026245,-0.026245,,,359.999908,-134.999466,479.998962,0.000429,20.000172,0.000163,359.989563,-134.999252,479.999695,0.000536,-51.386299,-0.000275,-0.436966,-0.086285,0.457466,-0.010716,-5.026245,-0.005163,
feedback,14.276420,1786353234155,7,Ry,-5.000000,-75.000000,-5.005646,-0.005646,,,359.999908,-134.999466,479.998962,0.000429,20.000172,0.000163,359.986969,-134.999130,480.002167,0.000454,-51.426918,-0.000276,-0.269722,-0.087241,0.110671,-0.022479,-5.005646,-0.037791,
feedback,14.284178,1786353234163,7,Ry,-5.000000,-75.000000,-5.012512,-0.012512,,,359.999908,-134.999466,479.998962,0.000429,20.000172,0.000163,359.985291,-134.999039,480.005188,0.000579,-51.467018,-0.000337,-0.139089,0.043141,0.326385,0.010759,-5.012512,-0.001689,
feedback,14.292191,1786353234171,7,Ry,-5.000000,-75.000000,-4.985046,0.014954,,,359.999908,-134.999466,479.998962,0.000429,20.000172,0.000163,359.984070,-134.999008,480.007172,0.000483,-51.506927,-0.000249,-0.103380,0.074779,0.199754,-0.012805,-4.985046,-0.009256,
feedback,14.300676,1786353234180,7,Ry,-5.000000,-75.000000,-5.019379,-0.019379,,,359.999908,-134.999466,479.998962,0.000429,20.000172,0.000163,359.983032,-134.999252,480.009888,0.000573,-51.546864,-0.000321,-0.092733,0.010546,0.505865,0.006499,-5.019379,-0.013917,
feedback,14.308862,1786353234188,7,Ry,-5.000000,-75.000000,-4.964447,0.035553,,,359.999908,-134.999466,479.998962,0.000429,20.000172,0.000163,359.981842,-134.999435,480.012939,0.000573,-51.586304,-0.000349,-0.109512,0.010546,0.508351,-0.004254,-4.964447,-0.005380,
feedback,14.316945,1786353234197,7,Ry,-5.000000,-75.000000,-4.957581,0.042419,,,359.999908,-134.999466,479.998962,0.000429,20.000172,0.000163,359.980835,-134.999527,480.015442,0.000519,-51.625801,-0.000377,-0.145134,-0.000000,0.373819,0.000010,-4.957581,-0.000000,
feedback,14.325142,1786353234205,7,Ry,-5.000000,-75.000000,-4.895782,0.104218,,,359.999908,-134.999466,479.998962,0.000429,20.000172,0.000163,359.979279,-134.999252,480.020569,0.000575,-51.684441,-0.000323,-0.089040,0.054643,0.372586,0.012786,-4.895782,0.029895,
feedback,14.333376,1786353234214,7,Ry,-5.000000,-75.000000,-4.936981,0.063019,,,359.999908,-134.999466,479.998962,0.000429,20.000172,0.000163,359.977661,-134.999222,480.024017,0.000582,-51.723881,-0.000367,-0.214212,0.053686,0.474413,0.001151,-4.936981,-0.002777,
feedback,14.341491,1786353234222,7,Ry,-5.000000,-75.000000,-4.943848,0.056152,,,359.999908,-134.999466,479.998962,0.000429,20.000172,0.000163,359.975494,-134.999390,480.027405,0.000623,-51.763485,-0.000279,-0.271669,-0.042185,0.442719,0.011620,-4.943848,0.025823,
feedback,14.349694,1786353234230,7,Ry,-5.000000,-75.000000,-5.053711,-0.053711,,,359.999908,-134.999466,479.998962,0.000429,20.000172,0.000163,359.972717,-134.999222,480.029999,0.000474,-51.804108,-0.000396,-0.432871,-0.066144,0.356154,-0.020067,-5.053711,-0.057223,
feedback,14.357858,1786353234235,7,Ry,-5.000000,-75.000000,-5.053711,-0.053711,,,359.999908,-134.999466,479.998962,0.000429,20.000172,0.000163,359.971405,-134.998871,480.031555,0.000549,-51.824322,-0.000269,-0.323643,0.087233,0.395727,0.011597,-5.053711,0.046435,
feedback,14.365806,1786353234243,7,Ry,-5.000000,-75.000000,-5.122376,-0.122376,,,359.999908,-134.999466,479.998962,0.000429,20.000172,0.000163,359.968292,-134.999176,480.034912,0.000557,-51.864998,-0.000369,-0.383184,-0.064233,0.423772,0.013896,-5.122375,-0.000305,
feedback,14.374003,1786353234251,7,Ry,-5.000000,-75.000000,-5.108643,-0.108643,,,359.999908,-134.999466,479.998962,0.000429,20.000172,0.000163,359.964905,-134.999435,480.037842,0.000613,-51.905731,-0.000397,-0.343938,-0.032594,0.438526,-0.004224,-5.108643,-0.012270,
feedback,14.382285,1786353234260,7,Ry,-5.000000,-75.000000,-5.142975,-0.142975,,,359.999908,-134.999466,479.998962,0.000429,20.000172,0.000163,359.962219,-134.999313,480.039520,0.000496,-51.946434,-0.000353,-0.233046,0.021092,0.020051,-0.013859,-5.142975,-0.006581,
feedback,14.390369,1786353234268,7,Ry,-5.000000,-75.000000,-5.081177,-0.081177,,,359.999908,-134.999466,479.998962,0.000429,20.000172,0.000163,359.961578,-134.998917,480.037323,0.000544,-51.987003,-0.000226,-0.137737,0.032592,-0.141371,-0.011982,-5.081177,0.024962,
feedback,14.398728,1786353234277,7,Ry,-5.000000,-75.000000,-5.074310,-0.074310,,,359.999908,-134.999466,479.998962,0.000429,20.000172,0.000163,359.961426,-134.999603,480.033783,0.000579,-52.027489,-0.000381,0.059636,-0.096823,-0.505541,0.004235,-5.074310,-0.008320,
feedback,14.406935,1786353234285,7,Ry,-5.000000,-75.000000,-5.019378,-0.019378,,,359.999908,-134.999466,479.998962,0.000429,20.000172,0.000163,359.964417,-134.998871,480.024933,0.000517,-52.088188,-0.000227,0.344818,0.183103,-0.863853,-0.009617,-5.019379,0.026268,
feedback,14.415351,1786353234293,7,Ry,-5.000000,-75.000000,-4.957581,0.042419,,,359.999908,-134.999466,479.998962,0.000429,20.000172,0.000163,359.966919,-134.998917,480.017944,0.000545,-52.128094,-0.000228,0.282759,-0.010545,-0.943247,-0.001186,-4.957581,0.009636,
feedback,14.423295,1786353234302,7,Ry,-5.000000,-75.000000,-5.053711,-0.053711,,,359.999908,-134.999466,479.998962,0.000429,20.000172,0.000163,359.969513,-134.999298,480.011353,0.000609,-52.168495,-0.000328,0.328441,-0.095869,-0.829460,0.021072,-5.053711,0.020250,
feedback,14.431346,1786353234310,7,Ry,-5.000000,-75.000000,-5.142975,-0.142975,,,359.999908,-134.999466,479.998962,0.000429,20.000172,0.000163,359.971710,-134.999130,480.004852,0.000535,-52.209339,-0.000373,0.256969,-0.075733,-0.770332,-0.004193,-5.142975,-0.019159,
feedback,14.439637,1786353234319,7,Ry,-5.000000,-75.000000,-5.197906,-0.197906,,,359.999908,-134.999466,479.998962,0.000429,20.000172,0.000163,359.974152,-134.998993,479.998291,0.000673,-52.250675,-0.000319,0.343692,0.076691,-0.668942,0.021038,-5.197906,0.047746,
feedback,14.447762,1786353234327,7,Ry,-5.000000,-75.000000,-5.136108,-0.136108,,,359.999908,-134.999466,479.998962,0.000429,20.000172,0.000163,359.977173,-134.999222,479.992065,0.000556,-52.291847,-0.000329,0.349651,-0.010545,-0.731537,0.009647,-5.136108,0.001233,
feedback,14.455975,1786353234335,7,Ry,-5.000000,-75.000000,-5.136109,-0.136109,,,359.999908,-134.999466,479.998962,0.000429,20.000172,0.000163,359.980377,-134.999268,479.987427,0.000545,-52.332909,-0.000447,0.360489,-0.011502,-0.437735,-0.007140,-5.136108,-0.027368,
feedback,14.464116,1786353234344,7,Ry,-5.000000,-75.000000,-5.088043,-0.088043,,,359.999908,-134.999466,479.998962,0.000429,20.000172,0.000163,359.983307,-134.999176,479.983521,0.000529,-52.373501,-0.000330,0.457291,0.107376,-0.397387,-0.008369,-5.088043,0.002856,
feedback,14.472931,1786353234352,7,Ry,-5.000000,-75.000000,-5.149841,-0.149841,,,359.999908,-134.999466,479.998962,0.000429,20.000172,0.000163,359.986420,-134.999481,479.980255,0.000612,-52.414314,-0.000358,0.340720,-0.074779,-0.445294,0.012577,-5.149841,0.009457,
feedback,14.481527,1786353234361,7,Ry,-5.000000,-75.000000,-5.108643,-0.108643,,,359.999908,-134.999466,479.998962,0.000429,20.000172,0.000163,359.987732,-134.999130,479.978912,0.000539,-52.455185,-0.000376,0.095206,0.010546,-0.132532,0.001275,-5.108643,-0.009629,
feedback,14.488767,1786353234369,7,Ry,-5.000000,-75.000000,-5.060578,-0.060578,,,359.999908,-134.999466,479.998962,0.000429,20.000172,0.000163,359.987030,-134.999313,479.979065,0.000540,-52.515800,-0.000404,-0.277540,-0.075738,0.280367,0.001282,-5.060577,-0.023360,
feedback,14.497916,1786353234373,7,Ry,-5.000000,-75.000000,-5.060577,-0.060577,,,359.999908,-134.999466,479.998962,0.000429,20.000172,0.000163,359.984955,-134.999008,479.982544,0.000532,-52.556011,-0.000305,-0.373550,0.086281,0.798269,-0.010886,-5.060577,0.022082,
feedback,14.505568,1786353234382,7,Ry,-5.000000,-75.000000,-4.950714,0.049286,,,359.999908,-134.999466,479.998962,0.000429,20.000172,0.000163,359.984009,-134.999039,479.983734,0.000524,-52.575813,-0.000260,-0.232942,-0.010547,0.299793,-0.001264,-4.950714,0.009626,
feedback,14.514188,1786353234390,7,Ry,-5.000000,-75.000000,-5.067444,-0.067444,,,359.999908,-134.999466,479.998962,0.000429,20.000172,0.000163,359.981049,-134.999222,479.988800,0.000632,-52.615887,-0.000423,-0.258665,0.011502,0.466471,0.017978,-5.067444,0.019065,
feedback,14.522530,1786353234399,7,Ry,-5.000000,-75.000000,-4.909515,0.090485,,,359.999908,-134.999466,479.998962,0.000429,20.000172,0.000163,359.978119,-134.999390,479.993042,0.000561,-52.655384,-0.000361,-0.360430,-0.096828,0.488815,0.004177,-4.909515,-0.008274,
feedback,14.530059,1786353234407,7,Ry,-5.000000,-75.000000,-4.868317,0.131683,,,359.999908,-134.999466,479.998962,0.000429,20.000172,0.000163,359.975098,-134.999176,479.997650,0.000570,-52.694603,-0.000379,-0.397129,0.032593,0.538246,0.009637,-4.868317,0.008167,
feedback,14.537936,1786353234415,7,Ry,-5.000000,-75.000000,-4.868317,0.131683,,,359.999908,-134.999466,479.998962,0.000429,20.000172,0.000163,359.973969,-134.999176,479.999603,0.000534,-52.733990,-0.000334,-0.211972,-0.053687,0.217483,0.004172,-4.868317,-0.001402,
feedback,14.546814,1786353234424,7,Ry,-5.000000,-75.000000,-4.909516,0.090484,,,359.999908,-134.999466,479.998962,0.000429,20.000172,0.000163,359.973541,-134.999176,480.002441,0.000607,-52.773460,-0.000425,-0.079804,-0.086280,0.189284,0.005482,-4.909515,-0.017887,
feedback,14.554775,1786353234432,7,Ry,-5.000000,-75.000000,-4.916382,0.083618,,,359.999908,-134.999466,479.998962,0.000429,20.000172,0.000163,359.972961,-134.999252,480.005219,0.000627,-52.812927,-0.000381,-0.111569,-0.064232,0.333433,0.019255,-4.916382,-0.004226,
feedback,14.562868,1786353234441,7,Ry,-5.000000,-75.000000,-4.902649,0.097351,,,359.999908,-134.999466,479.998962,0.000429,20.000172,0.000163,359.972992,-134.999008,480.006897,0.000536,-52.852394,-0.000308,0.050199,0.086280,0.051873,-0.005457,-4.902649,0.017879,
feedback,14.570571,1786353234449,7,Ry,-5.000000,-75.000000,-4.978180,0.021820,,,359.999908,-134.999466,479.998962,0.000429,20.000172,0.000163,359.974182,-134.999130,480.007629,0.000619,-52.912354,-0.000309,0.175810,0.065188,-0.077221,0.013776,-4.978180,0.020547,
feedback,14.579312,1786353234457,7,Ry,-5.000000,-75.000000,-4.998779,0.001221,,,359.999908,-134.999466,479.998962,0.000429,20.000172,0.000163,359.977173,-134.998611,480.004272,0.000546,-52.952343,-0.000300,0.425677,0.139969,-0.448875,0.006845,-4.998779,0.006845,
feedback,14.587491,1786353234466,7,Ry,-5.000000,-75.000000,-5.019379,-0.019379,,,359.999908,-134.999466,479.998962,0.000429,20.000172,0.000163,359.979950,-134.999298,480.001984,0.000621,-52.992638,-0.000337,0.357565,-0.042183,-0.261601,0.011063,-5.019379,0.026066,
feedback,14.595378,1786353234474,7,Ry,-5.000000,-75.000000,-5.081177,-0.081177,,,359.999908,-134.999466,479.998962,0.000429,20.000172,0.000163,359.983063,-134.999390,479.999847,0.000530,-53.033150,-0.000319,0.234822,-0.150515,-0.133390,-0.002702,-5.081177,-0.001369,
feedback,14.603792,1786353234483,7,Ry,-5.000000,-75.000000,-5.122376,-0.122376,,,359.999908,-134.999466,479.998962,0.000429,20.000172,0.000163,359.986206,-134.998917,479.997803,0.000484,-53.073936,-0.000311,0.372266,0.021093,-0.216417,-0.008233,-5.122375,-0.010978,
feedback,14.612220,1786353234491,7,Ry,-5.000000,-75.000000,-5.245972,-0.245972,,,359.999908,-134.999466,479.998962,0.000429,20.000172,0.000163,359.988129,-134.999313,479.996033,0.000439,-53.115078,-0.000275,0.311091,-0.032595,-0.318781,-0.020585,-5.245972,0.000005,
feedback,14.620214,1786353234500,7,Ry,-5.000000,-75.000000,-5.252838,-0.252838,,,359.999908,-134.999466,479.998962,0.000429,20.000172,0.000163,359.989136,-134.999008,479.996796,0.000541,-53.156883,-0.000312,0.119152,0.000000,0.165332,0.011008,-5.252838,-0.008235,
feedback,14.628354,1786353234508,7,Ry,-5.000000,-75.000000,-5.245972,-0.245972,,,359.999908,-134.999466,479.998962,0.000429,20.000172,0.000163,359.989777,-134.999435,479.998413,0.000596,-53.198986,-0.000367,0.086606,-0.031638,0.245237,0.023349,-5.245972,0.008268,
feedback,14.636233,1786353234516,7,Ry,-5.000000,-75.000000,-5.280304,-0.280304,,,359.999908,-134.999466,479.998962,0.000429,20.000172,0.000163,359.989258,-134.999298,479.999908,0.000661,-53.241341,-0.000386,-0.035623,0.011503,0.249156,0.023345,-5.280304,0.015152,
feedback,14.644775,1786353234525,7,Ry,-5.000000,-75.000000,-5.280304,-0.280304,,,359.999908,-134.999466,479.998962,0.000429,20.000172,0.000163,359.988983,-134.999084,480.001007,0.000561,-53.304482,-0.000267,0.032173,0.065192,0.017029,-0.008293,-5.280304,0.037054,
feedback,14.652793,1786353234529,7,Ry,-5.000000,-75.000000,-5.197907,-0.197907,,,359.999908,-134.999466,479.998962,0.000429,20.000172,0.000163,359.988861,-134.999557,480.000732,0.000570,-53.325275,-0.000396,-0.032562,-0.118879,-0.073348,0.001416,-5.197906,-0.030208,
feedback,14.661318,1786353234537,7,Ry,-5.000000,-75.000000,-5.197906,-0.197906,,,359.999908,-134.999466,479.998962,0.000429,20.000172,0.000163,359.988770,-134.999390,479.999390,0.000571,-53.367050,-0.000369,0.030306,0.000000,-0.246654,-0.005498,-5.197906,0.004097,
feedback,14.668811,1786353234546,7,Ry,-5.000000,-75.000000,-5.081177,-0.081177,,,359.999908,-134.999466,479.998962,0.000429,20.000172,0.000163,359.989868,-134.998871,479.995544,0.000609,-53.408138,-0.000333,0.054931,0.022050,-0.602421,0.008206,-5.081177,0.017893,
feedback,14.677772,1786353234554,7,Ry,-5.000000,-75.000000,-5.074310,-0.074310,,,359.999908,-134.999466,479.998962,0.000429,20.000172,0.000163,359.990601,-134.999039,479.993103,0.000609,-53.448872,-0.000361,0.057120,0.053688,-0.368478,0.001444,-5.074310,-0.002739,
feedback,14.685428,1786353234563,7,Ry,-5.000000,-75.000000,-5.053711,-0.053711,,,359.999908,-134.999466,479.998962,0.000429,20.000172,0.000163,359.990936,-134.999176,479.991974,0.000583,-53.489326,-0.000389,0.064722,0.107377,-0.100483,-0.008156,-5.053711,0.002695,
feedback,14.693924,1786353234571,7,Ry,-5.000000,-75.000000,-5.060578,-0.060578,,,359.999908,-134.999466,479.998962,0.000429,20.000172,0.000163,359.991791,-134.999313,479.989807,0.000593,-53.529758,-0.000463,0.072248,-0.108334,-0.196833,0.002893,-5.060577,-0.039806,
feedback,14.702003,1786353234579,7,Ry,-5.000000,-75.000000,-5.060577,-0.060577,,,359.999908,-134.999466,479.998962,0.000429,20.000172,0.000163,359.992981,-134.999039,479.987823,0.000649,-53.569939,-0.000409,0.202193,0.054647,-0.215973,0.017774,-5.060577,0.026229,
feedback,14.710107,1786353234588,7,Ry,-5.000000,-75.000000,-5.012512,-0.012512,,,359.999908,-134.999466,479.998962,0.000429,20.000172,0.000163,359.994751,-134.999268,479.985596,0.000455,-53.610039,-0.000326,0.232361,0.000001,-0.313413,-0.016570,-5.012512,0.012221,
feedback,14.718145,1786353234596,7,Ry,-5.000000,-75.000000,-4.888916,0.111084,,,359.999908,-134.999466,479.998962,0.000429,20.000172,0.000163,359.996552,-134.999344,479.984589,0.000660,-53.649536,-0.000511,0.244745,-0.010546,-0.185146,0.020672,-4.888916,-0.006679,
feedback,14.726869,1786353234604,7,Ry,-5.000000,-75.000000,-4.985046,0.014954,,,359.999908,-134.999466,479.998962,0.000429,20.000172,0.000163,359.996765,-134.999527,479.986145,0.000586,-53.689583,-0.000447,0.004812,-0.150521,0.274773,0.002609,-4.985046,-0.005467,
feedback,14.734203,1786353234613,7,Ry,-5.000000,-75.000000,-5.026245,-0.026245,,,359.999908,-134.999466,479.998962,0.000429,20.000172,0.000163,359.996460,-134.999008,479.991211,0.000549,-53.748936,-0.000319,-0.128429,0.032596,0.597361,0.004077,-5.026245,0.012404,
feedback,14.743051,1786353234621,7,Ry,-5.000000,-75.000000,-5.026245,-0.026245,,,359.999908,-134.999466,479.998962,0.000429,20.000172,0.000163,359.996063,-134.999344,479.995392,0.000587,-53.788734,-0.000421,-0.009752,-0.032597,0.397760,0.007036,-5.026245,-0.020520,
feedback,14.750514,1786353234630,7,Ry,-5.000000,-75.000000,-5.060577,-0.060577,,,359.999908,-134.999466,479.998962,0.000429,20.000172,0.000163,359.995239,-134.999039,480.000366,0.000578,-53.828751,-0.000320,-0.091648,0.118881,0.577318,0.009613,-5.060577,0.022090,
feedback,14.758829,1786353234638,7,Ry,-5.000000,-75.000000,-4.985047,0.014953,,,359.999908,-134.999466,479.998962,0.000429,20.000172,0.000163,359.994995,-134.999313,480.005524,0.000524,-53.868740,-0.000375,0.140867,-0.011504,0.418417,-0.012134,-4.985046,-0.023504,
feedback,14.766730,1786353234646,7,Ry,-5.000000,-75.000000,-5.005646,-0.005646,,,359.999908,-134.999466,479.998962,0.000429,20.000172,0.000163,359.995605,-134.999252,480.010101,0.000607,-53.908867,-0.000348,0.126934,0.000959,0.490182,0.010645,-5.005646,0.033106,
feedback,14.776086,1786353234655,7,Ry,-5.000000,-75.000000,-4.985047,0.014953,,,359.999908,-134.999466,479.998962,0.000429,20.000172,0.000163,359.997223,-134.999573,480.012939,0.000508,-53.949051,-0.000478,0.240771,-0.140933,0.182859,-0.012116,-4.985046,-0.044120,
feedback,14.783356,1786353234663,7,Ry,-5.000000,-75.000000,-5.046845,-0.046845,,,359.999908,-134.999466,479.998962,0.000429,20.000172,0.000163,360.000458,-134.999557,480.013519,0.000618,-53.989452,-0.000451,0.354685,-0.139975,0.011000,-0.001508,-5.046844,-0.011008,
feedback,14.792109,1786353234672,7,Ry,-5.000000,-75.000000,-5.067444,-0.067444,,,359.999908,-134.999466,479.998962,0.000429,20.000172,0.000163,360.005035,-134.999222,480.011292,0.000619,-54.029827,-0.000396,0.632059,-0.053688,-0.320902,0.009605,-5.067444,-0.005342,
feedback,14.799790,1786353234680,7,Ry,-5.000000,-75.000000,-5.005646,-0.005646,,,359.999908,-134.999466,479.998962,0.000429,20.000172,0.000163,360.009521,-134.999176,480.006866,0.000592,-54.069874,-0.000397,0.544074,0.053692,-0.512863,0.001545,-5.005646,-0.002723,
feedback,14.808655,1786353234688,7,Ry,-5.000000,-75.000000,-5.005646,-0.005646,,,359.999908,-134.999466,479.998962,0.000429,20.000172,0.000163,360.012360,-134.998795,480.003082,0.000489,-54.110138,-0.000249,0.283709,0.096836,-0.496994,-0.015132,-5.005646,0.016221,
feedback,14.816159,1786353234697,7,Ry,-5.000000,-75.000000,-5.039978,-0.039978,,,359.999908,-134.999466,479.998962,0.000429,20.000172,0.000163,360.016449,-134.999130,479.996307,0.000528,-54.170753,-0.000351,0.338712,0.074784,-0.638148,-0.000910,-5.039978,-0.017874,
feedback,14.825198,1786353234701,7,Ry,-5.000000,-75.000000,-5.060577,-0.060577,,,359.999908,-134.999466,479.998962,0.000429,20.000172,0.000163,360.017426,-134.998962,479.994110,0.000567,-54.190998,-0.000371,0.247049,0.043146,-0.546042,0.005585,-5.060577,0.002849,
feedback,14.832515,1786353234710,7,Ry,-5.000000,-75.000000,-5.108642,-0.108642,,,359.999908,-134.999466,479.998962,0.000429,20.000172,0.000163,360.019775,-134.999176,479.989471,0.000519,-54.231647,-0.000305,0.368216,0.065200,-0.606498,0.008042,-5.108643,0.024876,
feedback,14.841484,1786353234718,7,Ry,-5.000000,-75.000000,-5.122376,-0.122376,,,359.999908,-134.999466,479.998962,0.000429,20.000172,0.000163,360.022614,-134.999084,479.984406,0.000502,-54.272514,-0.000353,0.336325,0.042185,-0.500459,-0.021598,-5.122375,-0.018287,
feedback,14.849088,1786353234726,7,Ry,-5.000000,-75.000000,-5.156708,-0.156708,,,359.999908,-134.999466,479.998962,0.000429,20.000172,0.000163,360.025238,-134.999176,479.979706,0.000596,-54.313522,-0.000400,0.284844,0.000001,-0.539598,0.000015,-5.156708,-0.000000,
feedback,14.858367,1786353234735,7,Ry,-5.000000,-75.000000,-5.184174,-0.184174,,,359.999908,-134.999466,479.998962,0.000429,20.000172,0.000163,360.027100,-134.999176,479.976257,0.000597,-54.354885,-0.000401,0.209747,0.043147,-0.287108,-0.005565,-5.184174,0.010868,
feedback,14.865594,1786353234743,7,Ry,-5.000000,-75.000000,-5.204773,-0.204773,,,359.999908,-134.999466,479.998962,0.000429,20.000172,0.000163,360.027679,-134.999252,479.974976,0.000614,-54.396442,-0.000354,0.071051,-0.010546,-0.133505,0.004012,-5.204773,0.005583,
feedback,14.873621,1786353234752,7,Ry,-5.000000,-75.000000,-5.280304,-0.280304,,,359.999908,-134.999466,479.998962,0.000429,20.000172,0.000163,360.027161,-134.999390,479.975372,0.000587,-54.438465,-0.000382,-0.134793,-0.053693,0.240769,0.009592,-5.280304,-0.005274,
feedback,14.882189,1786353234760,7,Ry,-5.000000,-75.000000,-5.204773,-0.204773,,,359.999908,-134.999466,479.998962,0.000429,20.000172,0.000163,360.025299,-134.999222,479.976776,0.000588,-54.480213,-0.000355,-0.266514,-0.032601,0.296766,-0.009563,-5.204773,-0.008466,
feedback,14.890176,1786353234768,7,Ry,-5.000000,-75.000000,-5.266571,-0.266571,,,359.999908,-134.999466,479.998962,0.000429,20.000172,0.000163,360.023315,-134.998657,479.979279,0.000561,-54.522511,-0.000273,-0.310167,0.205182,0.546111,-0.001584,-5.266571,0.043909,
feedback,14.898922,1786353234777,7,Ry,-5.000000,-75.000000,-5.108643,-0.108643,,,359.999908,-134.999466,479.998962,0.000429,20.000172,0.000163,360.020599,-134.998749,479.982147,0.000468,-54.563683,-0.000254,-0.299343,0.053691,0.324461,-0.009556,-5.108643,0.005253,
feedback,14.906987,1786353234785,7,Ry,-5.000000,-75.000000,-4.737854,0.262146,,,359.999908,-134.999466,479.998962,0.000429,20.000172,0.000163,360.018707,-134.998703,479.986145,0.000590,-54.622349,-0.000275,-0.070539,0.086290,0.302360,-0.005578,-4.737854,0.017708,
feedback,14.915430,1786353234793,7,Ry,-5.000000,-75.000000,-4.497528,0.502472,,,359.999908,-134.999466,479.998962,0.000429,20.000172,0.000163,360.018311,-134.999008,479.987976,0.000563,-54.658657,-0.000330,-0.010793,-0.010546,0.240256,0.003987,-4.497528,0.005601,
feedback,14.923130,1786353234802,7,Ry,-5.000000,-75.000000,-4.147339,0.852661,,,359.999908,-134.999466,479.998962,0.000429,20.000172,0.000163,360.018097,-134.998917,479.990814,0.000658,-54.692661,-0.000351,0.004868,0.118890,0.294010,0.015191,-4.147339,0.018266,
feedback,14.932143,1786353234810,7,Ry,-5.000000,-75.000000,-3.934479,1.065521,,,359.999908,-134.999466,479.998962,0.000429,20.000172,0.000163,360.017090,-134.998825,479.994446,0.000526,-54.724712,-0.000256,-0.062621,0.118889,0.425256,0.003981,-3.934479,0.026205,
feedback,14.939713,1786353234819,7,Ry,-5.000000,-75.000000,-3.735352,1.264648,,,359.999908,-134.999466,479.998962,0.000429,20.000172,0.000163,360.016632,-134.999344,479.996674,0.000604,-54.754871,-0.000434,-0.054168,-0.096837,0.320823,0.003971,-3.735352,-0.008125,
feedback,14.949189,1786353234827,7,Ry,-5.000000,-75.000000,-3.632355,1.367645,,,359.999908,-134.999466,479.998962,0.000429,20.000172,0.000163,360.016937,-134.999557,479.997223,0.000671,-54.783928,-0.000509,-0.034136,0.010546,0.241126,-0.009562,-3.632355,-0.001650,
feedback,14.955641,1786353234835,7,Ry,-5.000000,-75.000000,-3.543091,1.456909,,,359.999908,-134.999466,479.998962,0.000429,20.000172,0.000163,360.017914,-134.999130,479.997375,0.000538,-54.812412,-0.000359,0.160137,0.107383,0.003216,-0.019127,-3.543091,0.010423,
feedback,14.964459,1786353234844,7,Ry,-5.000000,-75.000000,-3.543091,1.456909,,,359.999908,-134.999466,479.998962,0.000429,20.000172,0.000163,360.019867,-134.999344,479.996796,0.000566,-54.840893,-0.000387,0.336835,0.021093,-0.141182,-0.007900,-3.543091,-0.011227,
feedback,14.972324,1786353234852,7,Ry,-5.000000,-75.000000,-3.316498,1.683502,,,359.999908,-134.999466,479.998962,0.000429,20.000172,0.000163,360.021027,-134.999222,479.997162,0.000672,-54.868084,-0.000456,0.152625,0.053692,-0.088676,0.007289,-3.316498,-0.006652,
feedback,14.980451,1786353234860,7,Ry,-5.000000,-75.000000,-2.931976,2.068024,,,359.999908,-134.999466,479.998962,0.000429,20.000172,0.000163,360.021606,-134.999130,479.999146,0.000540,-54.892418,-0.000361,0.027191,0.010546,0.283796,-0.003941,-2.931976,-0.005617,
feedback,14.988006,1786353234865,7,Ry,-5.000000,-75.000000,-2.753448,2.246552,,,359.999908,-134.999466,479.998962,0.000429,20.000172,0.000163,360.021149,-134.999344,480.001343,0.000677,-54.903435,-0.000361,-0.110977,-0.052731,0.547567,0.019747,-2.753448,0.028090,
feedback,14.996213,1786353234873,7,Ry,-5.000000,-75.000000,-2.094269,2.905731,,,359.999908,-134.999466,479.998962,0.000429,20.000172,0.000163,360.018005,-134.999222,480.008636,0.000673,-54.931118,-0.000457,-0.309219,-0.000001,0.711548,0.000006,-2.094269,0.000000,
feedback,15.004832,1786353234882,7,Ry,-5.000000,-75.000000,-1.661682,3.338318,,,359.999908,-134.999466,479.998962,0.000429,20.000172,0.000163,360.014313,-134.999390,480.014374,0.000595,-54.945210,-0.000389,-0.459201,-0.010547,0.772098,0.003948,-1.661682,0.005621,
feedback,15.013234,1786353234890,7,Ry,-5.000000,-75.000000,-1.318359,3.681641,,,359.999908,-134.999466,479.998962,0.000429,20.000172,0.000163,360.010834,-134.999527,480.019531,0.000646,-54.956497,-0.000512,-0.398174,0.010545,0.587315,0.012925,-1.318359,-0.017450,
feedback,15.020895,1786353234898,7,Ry,-5.000000,-75.000000,-1.201630,3.798370,,,359.999908,-134.999466,479.998962,0.000429,20.000172,0.000163,360.007477,-134.999649,480.023529,0.000541,-54.966248,-0.000444,-0.335887,-0.129433,0.299776,-0.005621,-1.201630,-0.016658,
feedback,15.029550,1786353234907,7,Ry,-5.000000,-75.000000,-1.132965,3.867035,,,359.999908,-134.999466,479.998962,0.000429,20.000172,0.000163,360.005554,-134.999603,480.024292,0.000623,-54.975502,-0.000417,-0.195568,-0.064236,-0.084622,0.013507,-1.132965,0.000439,
feedback,15.037325,1786353234915,7,Ry,-5.000000,-75.000000,-1.043701,3.956299,,,359.999908,-134.999466,479.998962,0.000429,20.000172,0.000163,360.005188,-134.999176,480.023743,0.000608,-54.984264,-0.000410,0.053908,0.117926,-0.130603,-0.006193,-1.043701,-0.007078,
feedback,15.045948,1786353234923,7,Ry,-5.000000,-75.000000,-0.844574,4.155426,,,359.999908,-134.999466,479.998962,0.000429,20.000172,0.000163,360.004639,-134.999222,480.022644,0.000635,-54.991131,-0.000410,-0.040644,0.032597,-0.112743,0.009566,-0.844574,0.008551,
feedback,15.053736,1786353234932,7,Ry,-5.000000,-75.000000,-0.652313,4.347687,,,359.999908,-134.999466,479.998962,0.000429,20.000172,0.000163,360.004517,-134.999222,480.021820,0.000447,-54.996761,-0.000341,-0.112132,-0.022052,0.042760,-0.019125,-0.652313,-0.010238,
feedback,15.062840,1786353234940,7,Ry,-5.000000,-75.000000,-0.446320,4.553680,,,359.999908,-134.999466,479.998962,0.000429,20.000172,0.000163,360.004089,-134.998871,480.020844,0.000604,-55.000553,-0.000478,-0.095097,0.064236,-0.042641,0.014624,-0.446319,-0.020136,
feedback,15.070997,1786353234949,7,Ry,-5.000000,-75.000000,-0.151062,4.848938,,,359.999908,-134.999466,479.998962,0.000429,20.000172,0.000163,360.002747,-134.999130,480.022339,0.000502,-55.003410,-0.000314,-0.151375,0.032597,0.246047,-0.001686,-0.151062,0.016429,
feedback,15.078479,1786353234957,7,Ry,-5.000000,-75.000000,-0.020599,4.979401,,,359.999908,-134.999466,479.998962,0.000429,20.000172,0.000163,360.001526,-134.999222,480.023376,0.000596,-55.003876,-0.000362,-0.180503,-0.063277,0.133557,0.018003,-0.020599,0.037688,
feedback,15.086559,1786353234966,7,Ry,-5.000000,-75.000000,-0.013733,4.986267,,,359.999908,-134.999466,479.998962,0.000429,20.000172,0.000163,360.000824,-134.999313,480.024261,0.000620,-55.004097,-0.000485,-0.063794,-0.086287,-0.012388,0.016875,-0.013733,-0.025547,
feedback,15.094873,1786353234974,7,Ry,-5.000000,-75.000000,-0.006866,4.993134,,,359.999908,-134.999466,479.998962,0.000429,20.000172,0.000163,360.000427,-134.999222,480.025299,0.000596,-55.004288,-0.000362,-0.089986,0.032597,0.124559,-0.007312,-0.006867,0.020367,
feedback,15.103966,1786353234982,7,Ry,-5.000000,-75.000000,-0.000000,5.000000,,,359.999908,-134.999466,479.998962,0.000429,20.000172,0.000163,360.000275,-134.999390,480.025238,0.000557,-55.004509,-0.000342,-0.000630,0.064235,-0.077289,-0.007876,-0.000000,-0.004384,
feedback,15.112237,1786353234991,7,Ry,-5.000000,-75.000000,0.000000,5.000000,,,359.999908,-134.999466,479.998962,0.000429,20.000172,0.000163,360.000427,-134.999008,480.025116,0.000530,-55.004562,-0.000287,0.023953,0.107379,-0.038645,-0.013501,-0.000000,0.006421,
feedback,15.120295,1786353234999,7,Ry,-5.000000,-75.000000,-0.013733,4.986267,,,359.999908,-134.999466,479.998962,0.000429,20.000172,0.000163,360.000488,-134.998871,480.024994,0.000596,-55.004700,-0.000307,0.035418,0.086287,-0.072419,-0.011250,-0.013733,0.021609,
feedback,15.129093,1786353235007,5,Ry,-5.000000,-75.000000,0.006866,5.006866,,,359.999908,-134.999466,479.998962,0.000429,20.000172,0.000163,360.000366,-134.999130,480.024933,0.000541,-55.004726,-0.000362,-0.021911,-0.032597,0.016887,-0.003938,0.006866,-0.012491,
feedback,15.136728,1786353235016,5,Ry,-5.000000,-75.000000,-0.041199,4.958801,,,359.999908,-134.999466,479.998962,0.000429,20.000172,0.000163,360.000519,-134.999222,480.025116,0.000636,-55.004948,-0.000410,0.033516,0.000000,0.113287,0.000000,-0.041199,-0.000000,
feedback,15.145084,1786353235024,5,Ry,-5.000000,-75.000000,0.013733,5.013733,,,359.999908,-134.999466,479.998962,0.000429,20.000172,0.000163,360.000305,-134.999176,480.024475,0.000569,-55.004890,-0.000362,-0.028905,0.043143,-0.120804,-0.011250,0.013733,0.014742,
feedback,15.152773,1786353235033,5,Ry,-5.000000,-75.000000,-0.034332,4.965668,,,359.999908,-134.999466,479.998962,0.000429,20.000172,0.000163,360.000092,-134.999176,480.025208,0.000530,-55.005165,-0.000314,-0.015749,0.043143,0.074270,0.005625,-0.034332,0.002929,
feedback,15.161721,1786353235041,5,Ry,-5.000000,-75.000000,-0.027466,4.972534,,,359.999908,-134.999466,479.998962,0.000429,20.000172,0.000163,360.000061,-134.999252,480.025055,0.000545,-55.005165,-0.000266,-0.088337,-0.074782,0.151187,-0.005061,-0.027466,0.021822,
feedback,15.169283,1786353235050,5,Ry,-5.000000,-75.000000,0.000000,5.000000,,,359.999908,-134.999466,479.998962,0.000429,20.000172,0.000163,359.999908,-134.999344,480.024811,0.000608,-55.005138,-0.000437,0.000000,0.000000,0.000000,0.000000,0.000000,0.000000,
feedback,15.178014,1786353235058,5,Ry,-5.000000,-75.000000,-0.020600,4.979400,,,359.999908,-134.999466,479.998962,0.000429,20.000172,0.000163,359.999725,-134.999435,480.025055,0.000632,-55.005302,-0.000561,-0.108738,-0.118884,0.030755,0.007312,-0.020599,-0.034100,
