event,pc_time_s,controller_timestamp,robot_mode,axis,target_speed_deg_s,target_delta_deg,selected_actual_deg_s,speed_error_deg_s,command_interval_ms,command_latency_ms,target_x,target_y,target_z,target_rx,target_ry,target_rz,actual_x,actual_y,actual_z,actual_rx,actual_ry,actual_rz,tcp_vx,tcp_vy,tcp_vz,tcp_wx,tcp_wy,tcp_wz,response
feedback,0.002020,1786440531837,5,Ry,0.000000,0.000000,-0.004864,-0.004864,,,385.458557,-55.387100,186.447464,90.998009,45.765270,91.732979,385.458008,-55.387386,186.447342,90.998085,45.765285,91.732948,-0.134715,-0.058887,0.009933,0.004849,0.006688,-0.013815,
feedback,0.010060,1786440531845,5,Ry,0.000000,0.000000,0.014282,0.014282,,,385.458557,-55.387100,186.447464,90.998009,45.765270,91.732979,385.458984,-55.386631,186.447800,90.997932,45.765259,91.732979,0.029456,0.052579,-0.070242,-0.010565,0.013103,0.006950,
command,0.000010,,,Ry,5.000000,15.000000,,,,11.085,385.458557,-55.387100,186.447464,90.998009,45.765270,91.732979,,,,,,,,,,,,,"0,{1485},RelMovLTool(0.000000,0.000000,0.000000,0.000000,15.000000,0.000000,a=30,v=23,cp=0);"
feedback,0.017450,1786440531854,7,Ry,5.000000,15.000000,0.000016,-4.999984,,,385.458557,-55.387100,186.447464,90.998009,45.765270,91.732979,385.458069,-55.386932,186.447342,90.998085,45.765339,91.733063,-0.120153,-0.067359,-0.012818,-0.006782,-0.000099,0.000083,
feedback,0.025695,1786440531862,7,Ry,5.000000,15.000000,-0.000059,-5.000059,,,385.458557,-55.387100,186.447464,90.998009,45.765270,91.732979,385.458160,-55.387341,186.447571,90.998047,45.765251,91.732918,-0.084142,-0.034140,-0.040295,0.004932,0.006711,-0.006949,
feedback,0.034233,1786440531871,7,Ry,5.000000,15.000000,0.018458,-4.981542,,,385.458557,-55.387100,186.447464,90.998009,45.765270,91.732979,485.435394,-53.610664,185.232330,-96.892448,84.188637,-95.839485,-0.056873,0.096843,-0.112684,-0.019280,0.019594,0.013900,
feedback,0.042161,1786440531879,7,Ry,5.000000,15.000000,-0.008662,-5.008662,,,385.458557,-55.387100,186.447464,90.998009,45.765270,91.732979,485.435394,-53.610565,185.232544,-96.892258,84.188698,-95.839272,0.061739,0.152670,0.036700,0.001933,-0.006589,0.020599,
feedback,0.050640,1786440531887,7,Ry,5.000000,15.000000,0.019795,-4.980205,,,385.458557,-55.387100,186.447464,90.998009,45.765270,91.732979,485.435272,-53.610561,185.232269,-96.892410,84.188606,-95.839447,-0.040489,0.056149,-0.177888,-0.012581,0.019669,0.000085,
feedback,0.058516,1786440531896,7,Ry,5.000000,15.000000,0.003917,-4.996083,,,385.458557,-55.387100,186.447464,90.998009,45.765270,91.732979,485.435242,-53.610481,185.232391,-96.892410,84.188606,-95.839424,-0.008890,0.121807,-0.021833,0.005264,0.006804,0.027381,
feedback,0.067439,1786440531904,7,Ry,5.000000,15.000000,0.005319,-4.994681,,,385.458557,-55.387100,186.447464,90.998009,45.765270,91.732979,485.435242,-53.610882,185.232376,-96.892769,84.188683,-95.839775,-0.001178,-0.022530,0.025921,0.012212,0.006949,0.013564,
feedback,0.075314,1786440531912,7,Ry,5.000000,15.000000,0.261793,-4.738207,,,385.458557,-55.387100,186.447464,90.998009,45.765270,91.732979,485.433746,-53.611076,185.228714,-96.908943,84.188065,-95.855927,-0.145885,0.117215,-0.617711,-0.053246,0.264912,0.027214,
feedback,0.085015,1786440531921,7,Ry,5.000000,15.000000,0.825934,-4.174066,,,385.458557,-55.387100,186.447464,90.998009,45.765270,91.732979,485.426361,-53.614414,185.214371,-96.960815,84.186127,-95.907913,-0.998925,-0.382036,-2.150254,-0.202970,0.820155,-0.062129,
feedback,0.091552,1786440531929,7,Ry,5.000000,15.000000,1.227397,-3.772603,,,385.458557,-55.387100,186.447464,90.998009,45.765270,91.732979,485.415588,-53.619240,185.191559,-97.048195,84.183014,-95.995567,-1.349959,-0.672470,-2.942454,-0.280182,1.217366,-0.110622,
feedback,0.099692,1786440531938,7,Ry,5.000000,15.000000,1.471508,-3.528492,,,385.458557,-55.387100,186.447464,90.998009,45.765270,91.732979,485.406586,-53.625694,185.167450,-97.155205,84.180260,-96.103279,-1.157700,-0.889895,-3.124354,-0.175797,1.458280,-0.174595,
feedback,0.107762,1786440531946,7,Ry,5.000000,15.000000,1.647323,-3.352677,,,385.458557,-55.387100,186.447464,90.998009,45.765270,91.732979,485.398163,-53.631008,185.143433,-97.280708,84.177780,-96.229347,-1.000284,-0.687827,-2.830523,-0.122649,1.638672,-0.148507,
feedback,0.115801,1786440531954,7,Ry,5.000000,15.000000,1.649207,-3.350793,,,385.458557,-55.387100,186.447464,90.998009,45.765270,91.732979,485.391571,-53.633446,185.124481,-97.410255,84.175629,-96.358978,-0.762514,-0.395367,-2.241874,-0.130965,1.645271,-0.100433,
feedback,0.124231,1786440531963,7,Ry,5.000000,15.000000,1.560601,-3.439399,,,385.458557,-55.387100,186.447464,90.998009,45.765270,91.732979,485.388123,-53.636051,185.111176,-97.530991,84.173653,-96.480118,-0.470829,-0.415850,-1.647927,-0.112599,1.552381,-0.141607,
feedback,0.132765,1786440531967,7,Ry,5.000000,15.000000,1.463298,-3.536702,,,385.458557,-55.387100,186.447464,90.998009,45.765270,91.732979,485.385620,-53.636501,185.101715,-97.646729,84.172119,-96.595871,-0.364921,-0.160284,-0.919529,-0.003903,1.461374,-0.094724,
feedback,0.140469,1786440531975,7,Ry,5.000000,15.000000,1.553751,-3.446249,,,385.458557,-55.387100,186.447464,90.998009,45.765270,91.732979,485.384460,-53.636108,185.096680,-97.707283,84.171204,-96.656410,-0.288512,0.097672,-1.260617,-0.050613,1.553524,-0.073887,
feedback,0.148697,1786440531984,7,Ry,5.000000,15.000000,1.873148,-3.126852,,,385.458557,-55.387100,186.447464,90.998009,45.765270,91.732979,485.380157,-53.637558,185.087097,-97.846268,84.168762,-96.795822,-0.444111,-0.172713,-1.085901,-0.063552,1.865217,-0.164283,
feedback,0.156787,1786440531993,7,Ry,5.000000,15.000000,2.536855,-2.463145,,,385.458557,-55.387100,186.447464,90.998009,45.765270,91.732979,485.371918,-53.639740,185.070709,-98.119316,84.164101,-97.069801,-0.702066,-0.099366,-1.242197,-0.126308,2.528258,-0.193740,
feedback,0.165869,1786440532001,7,Ry,5.000000,15.000000,2.967968,-2.032032,,,385.458557,-55.387100,186.447464,90.998009,45.765270,91.732979,485.367554,-53.639637,185.061905,-98.343430,84.160812,-97.294243,-0.506819,-0.090015,-0.999431,-0.095977,2.960588,-0.209934,
feedback,0.173100,1786440532010,7,Ry,5.000000,15.000000,3.340105,-1.659895,,,385.458557,-55.387100,186.447464,90.998009,45.765270,91.732979,485.364349,-53.640358,185.057236,-98.593773,84.157150,-97.545502,-0.474208,-0.206541,-0.575152,-0.028268,3.326655,-0.302121,
feedback,0.181616,1786440532018,7,Ry,5.000000,15.000000,3.692251,-1.307749,,,385.458557,-55.387100,186.447464,90.998009,45.765270,91.732979,485.359283,-53.641613,185.054703,-98.874397,84.152710,-97.827393,-0.696839,-0.066966,-0.161486,-0.121041,3.676754,-0.323272,
feedback,0.190078,1786440532027,7,Ry,5.000000,15.000000,3.623122,-1.376878,,,385.458557,-55.387100,186.447464,90.998009,45.765270,91.732979,485.361389,-53.638878,185.064133,-99.152390,84.148590,-98.106728,0.526064,0.443189,1.360001,0.020805,3.605549,-0.366912,
feedback,0.197757,1786440532035,7,Ry,5.000000,15.000000,3.582782,-1.417218,,,385.458557,-55.387100,186.447464,90.998009,45.765270,91.732979,485.368683,-53.635551,185.080032,-99.431664,84.143929,-98.387634,1.041887,0.249068,2.226841,-0.042786,3.557605,-0.427959,
feedback,0.206374,1786440532043,7,Ry,5.000000,15.000000,3.718791,-1.281209,,,385.458557,-55.387100,186.447464,90.998009,45.765270,91.732979,485.375732,-53.630936,185.097412,-99.715179,84.139404,-98.672447,0.898839,0.627208,2.199753,-0.123916,3.702534,-0.331615,
feedback,0.214224,1786440532052,7,Ry,5.000000,15.000000,4.025344,-0.974656,,,385.458557,-55.387100,186.447464,90.998009,45.765270,91.732979,485.379578,-53.627537,185.109558,-100.019264,84.133774,-98.977936,0.395912,0.530783,1.464887,-0.176262,4.006819,-0.360183,
feedback,0.222355,1786440532060,7,Ry,5.000000,15.000000,4.543686,-0.456314,,,385.458557,-55.387100,186.447464,90.998009,45.765270,91.732979,485.376068,-53.627552,185.108261,-100.363777,84.126564,-99.324066,-0.417269,-0.148868,-0.216234,-0.149143,4.518313,-0.460052,
feedback,0.230780,1786440532069,7,Ry,5.000000,15.000000,5.070790,0.070790,,,385.458557,-55.387100,186.447464,90.998009,45.765270,91.732979,485.363678,-53.629028,185.090302,-100.927933,84.112541,-99.890816,-1.000604,0.002705,-1.532050,-0.354174,5.045676,-0.446394,
feedback,0.240142,1786440532077,7,Ry,5.000000,15.000000,5.113109,0.113109,,,385.458557,-55.387100,186.447464,90.998009,45.765270,91.732979,485.355194,-53.630939,185.080841,-101.316467,84.103050,-100.281021,-0.793366,-0.232200,-0.689211,-0.255972,5.087011,-0.476832,
feedback,0.248002,1786440532085,7,Ry,5.000000,15.000000,5.100957,0.100957,,,385.458557,-55.387100,186.447464,90.998009,45.765270,91.732979,485.354340,-53.632393,185.076996,-101.702309,84.093529,-100.669022,0.193476,0.032904,-0.306658,-0.280916,5.072903,-0.490815,
feedback,0.255514,1786440532094,7,Ry,5.000000,15.000000,4.738948,-0.261052,,,385.458557,-55.387100,186.447464,90.998009,45.765270,91.732979,485.363983,-53.630363,185.084732,-102.065575,84.085808,-101.034584,1.250152,0.362574,1.232354,-0.070772,4.710588,-0.514528,
feedback,0.264362,1786440532102,7,Ry,5.000000,15.000000,4.553502,-0.446498,,,385.458557,-55.387100,186.447464,90.998009,45.765270,91.732979,485.374603,-53.625973,185.099731,-102.416916,84.078270,-101.387894,1.716102,0.594602,2.391505,-0.033804,4.524814,-0.515021,
feedback,0.272105,1786440532110,7,Ry,5.000000,15.000000,4.680938,-0.319062,,,385.458557,-55.387100,186.447464,90.998009,45.765270,91.732979,485.383331,-53.620808,185.115921,-102.767738,84.070343,-101.740494,1.223416,0.648751,1.971024,-0.043283,4.657468,-0.468390,
feedback,0.280857,1786440532119,7,Ry,5.000000,15.000000,4.750958,-0.249042,,,385.458557,-55.387100,186.447464,90.998009,45.765270,91.732979,485.391296,-53.615635,185.127319,-103.127464,84.062012,-102.101860,1.114231,0.641326,1.574328,-0.063497,4.730169,-0.441772,
feedback,0.288033,1786440532123,7,Ry,5.000000,15.000000,5.138268,0.138268,,,385.458557,-55.387100,186.447464,90.998009,45.765270,91.732979,485.393036,-53.614506,185.127808,-103.318855,84.056854,-102.294151,0.436083,0.281573,0.127012,-0.213470,5.112550,-0.482427,
feedback,0.296693,1786440532131,7,Ry,5.000000,15.000000,5.321808,0.321808,,,385.458557,-55.387100,186.447464,90.998009,45.765270,91.732979,485.398254,-53.610867,185.130417,-103.701920,84.047119,-102.678764,0.254455,0.343419,-0.275114,-0.190739,5.298611,-0.471417,
feedback,0.304808,1786440532140,7,Ry,5.000000,15.000000,5.360118,0.360118,,,385.458557,-55.387100,186.447464,90.998009,45.765270,91.732979,485.403137,-53.607224,185.130890,-104.085976,84.036865,-103.064331,0.066105,0.234680,-0.771823,-0.167527,5.338775,-0.459490,
feedback,0.312709,1786440532148,7,Ry,5.000000,15.000000,5.204710,0.204710,,,385.458557,-55.387100,186.447464,90.998009,45.765270,91.732979,485.403870,-53.607231,185.127609,-104.471954,84.025963,-103.452103,-0.026407,-0.073099,-0.406992,-0.199273,5.178560,-0.492819,
feedback,0.321327,1786440532157,7,Ry,5.000000,15.000000,4.900098,-0.099902,,,385.458557,-55.387100,186.447464,90.998009,45.765270,91.732979,485.407013,-53.608715,185.131943,-105.030037,84.009995,-104.013588,0.692577,0.263792,1.001962,-0.081457,4.874360,-0.495052,
feedback,0.329298,1786440532165,7,Ry,5.000000,15.000000,4.636684,-0.363316,,,385.458557,-55.387100,186.447464,90.998009,45.765270,91.732979,485.416229,-53.602684,185.144958,-105.377594,84.000519,-104.362747,1.390990,0.809796,1.984808,0.031920,4.617082,-0.442109,
feedback,0.337681,1786440532174,7,Ry,5.000000,15.000000,4.639857,-0.360143,,,385.458557,-55.387100,186.447464,90.998009,45.765270,91.732979,485.427551,-53.597462,185.159714,-105.720024,83.991402,-104.707031,1.437382,0.608625,1.824524,0.010213,4.616352,-0.476704,
feedback,0.346126,1786440532182,7,Ry,5.000000,15.000000,4.646168,-0.353832,,,385.458557,-55.387100,186.447464,90.998009,45.765270,91.732979,485.441132,-53.592144,185.173447,-106.064453,83.982140,-105.053551,1.732098,0.759096,1.966431,0.062113,4.623442,-0.479137,
feedback,0.353622,1786440532190,7,Ry,5.000000,15.000000,5.130645,0.130645,,,385.458557,-55.387100,186.447464,90.998009,45.765270,91.732979,485.449432,-53.588806,185.182281,-106.418182,83.971657,-105.409264,0.188296,0.156341,0.045527,-0.122291,5.104925,-0.499222,
feedback,0.362092,1786440532199,7,Ry,5.000000,15.000000,5.125047,0.125047,,,385.458557,-55.387100,186.447464,90.998009,45.765270,91.732979,485.452118,-53.586323,185.184998,-106.786575,83.959694,-105.779495,0.270000,0.167841,0.236031,-0.149333,5.097382,-0.513034,
feedback,0.371080,1786440532207,7,Ry,5.000000,15.000000,5.338825,0.338825,,,385.458557,-55.387100,186.447464,90.998009,45.765270,91.732979,485.449432,-53.585926,185.184402,-107.160805,83.947006,-106.155418,-0.828495,-0.151228,-0.371489,-0.174625,5.316471,-0.467002,
feedback,0.378477,1786440532215,7,Ry,5.000000,15.000000,5.136761,0.136761,,,385.458557,-55.387100,186.447464,90.998009,45.765270,91.732979,485.446869,-53.586491,185.185898,-107.531555,83.934052,-106.528023,-0.069999,0.016331,0.455176,-0.167349,5.110059,-0.500724,
feedback,0.386568,1786440532224,7,Ry,5.000000,15.000000,5.266604,0.266604,,,385.458557,-55.387100,186.447464,90.998009,45.765270,91.732979,485.444061,-53.589703,185.184006,-107.903229,83.920738,-106.902115,-0.630558,-0.694678,-0.457358,-0.190545,5.228189,-0.618769,
feedback,0.394857,1786440532232,7,Ry,5.000000,15.000000,5.084430,0.084430,,,385.458557,-55.387100,186.447464,90.998009,45.765270,91.732979,485.443726,-53.594929,185.182175,-108.264832,83.907623,-107.266930,-0.126290,-0.665988,-0.300393,-0.161055,5.042115,-0.653296,
feedback,0.402654,1786440532241,7,Ry,5.000000,15.000000,4.901746,-0.098254,,,385.458557,-55.387100,186.447464,90.998009,45.765270,91.732979,485.445251,-53.597824,185.181396,-108.789185,83.888298,-107.795441,0.238604,0.001214,0.052174,-0.125378,4.870189,-0.544293,
feedback,0.413949,1786440532249,7,Ry,5.000000,15.000000,4.811699,-0.188301,,,385.458557,-55.387100,186.447464,90.998009,45.765270,91.732979,485.449158,-53.595535,185.182999,-109.131104,83.875565,-108.139496,0.767836,0.353430,0.359431,-0.066753,4.784750,-0.505148,
feedback,0.419375,1786440532258,7,Ry,5.000000,15.000000,5.095037,0.095037,,,385.458557,-55.387100,186.447464,90.998009,45.765270,91.732979,485.445618,-53.594532,185.176651,-109.488182,83.862144,-108.498489,-0.542753,0.041039,-0.803101,-0.092668,5.069502,-0.501139,
feedback,0.427864,1786440532266,7,Ry,5.000000,15.000000,5.194665,0.194665,,,385.458557,-55.387100,186.447464,90.998009,45.765270,91.732979,485.439453,-53.595627,185.170944,-109.852821,83.847763,-108.865227,-0.632508,-0.040630,-0.328734,-0.100837,5.168633,-0.509720,
feedback,0.436595,1786440532271,7,Ry,5.000000,15.000000,5.216912,0.216912,,,385.458557,-55.387100,186.447464,90.998009,45.765270,91.732979,485.437286,-53.594467,185.170425,-110.034004,83.840370,-109.047234,-0.545315,0.288362,-0.124558,-0.170215,5.194028,-0.466743,
feedback,0.443785,1786440532279,7,Ry,5.000000,15.000000,5.286674,0.286674,,,385.458557,-55.387100,186.447464,90.998009,45.765270,91.732979,485.431580,-53.595512,185.171097,-110.396759,83.826126,-109.411819,-0.949603,-0.309779,-0.280490,-0.057756,5.262235,-0.506928,
feedback,0.452747,1786440532287,7,Ry,5.000000,15.000000,5.316759,0.316759,,,385.458557,-55.387100,186.447464,90.998009,45.765270,91.732979,485.423401,-53.601082,185.166092,-110.768585,83.812454,-109.785942,-1.042680,-0.934226,-0.682335,0.050167,5.282856,-0.622250,
feedback,0.460127,1786440532296,7,Ry,5.000000,15.000000,5.283056,0.283056,,,385.458557,-55.387100,186.447464,90.998009,45.765270,91.732979,485.413544,-53.607403,185.157730,-111.139503,83.797935,-110.159225,-1.094121,-0.598670,-0.773810,-0.016549,5.255530,-0.544958,
feedback,0.469995,1786440532304,7,Ry,5.000000,15.000000,5.109616,0.109616,,,385.458557,-55.387100,186.447464,90.998009,45.765270,91.732979,485.405548,-53.611935,185.154388,-111.495346,83.784134,-110.517380,-1.136778,-0.498014,-0.394956,0.044795,5.083573,-0.532810,
feedback,0.476354,1786440532313,7,Ry,5.000000,15.000000,4.992789,-0.007211,,,385.458557,-55.387100,186.447464,90.998009,45.765270,91.732979,485.397614,-53.612476,185.152481,-111.842407,83.770493,-110.866005,-0.877299,0.128307,-0.253562,0.035954,4.977837,-0.415515,
feedback,0.485600,1786440532321,7,Ry,5.000000,15.000000,4.768180,-0.231820,,,385.458557,-55.387100,186.447464,90.998009,45.765270,91.732979,485.403473,-53.605286,185.168076,-112.334969,83.752075,-111.360733,0.336328,0.730242,1.487821,0.181203,4.761267,-0.351727,
feedback,0.492741,1786440532329,7,Ry,5.000000,15.000000,4.880337,-0.119663,,,385.458557,-55.387100,186.447464,90.998009,45.765270,91.732979,485.406250,-53.596977,185.177338,-112.667542,83.738899,-111.693558,0.048753,0.864366,0.943591,0.123013,4.880555,-0.276139,
feedback,0.501485,1786440532338,7,Ry,5.000000,15.000000,5.210569,0.210569,,,385.458557,-55.387100,186.447464,90.998009,45.765270,91.732979,485.403137,-53.595940,185.177368,-113.014061,83.723869,-112.041679,-0.697838,-0.103763,-0.481981,-0.029109,5.187544,-0.494370,
feedback,0.508985,1786440532346,7,Ry,5.000000,15.000000,5.333298,0.333298,,,385.458557,-55.387100,186.447464,90.998009,45.765270,91.732979,485.394287,-53.597775,185.170517,-113.369583,83.707489,-112.398720,-1.346906,-0.342368,-1.009584,-0.082905,5.313341,-0.460263,
feedback,0.517256,1786440532354,7,Ry,5.000000,15.000000,5.316982,0.316982,,,385.458557,-55.387100,186.447464,90.998009,45.765270,91.732979,485.386475,-53.601215,185.164078,-113.722725,83.690369,-112.753960,-0.965714,-0.585814,-0.669705,-0.122797,5.284460,-0.576084,
feedback,0.525686,1786440532363,7,Ry,5.000000,15.000000,5.159967,0.159967,,,385.458557,-55.387100,186.447464,90.998009,45.765270,91.732979,485.383545,-53.604954,185.163773,-114.066711,83.673454,-113.100464,-0.135189,-0.419500,0.202955,-0.086669,5.125158,-0.597337,
feedback,0.535984,1786440532371,7,Ry,5.000000,15.000000,5.025654,0.025654,,,385.458557,-55.387100,186.447464,90.998009,45.765270,91.732979,485.385712,-53.605724,185.169174,-114.394386,83.656197,-113.430565,0.285306,-0.199263,0.711451,-0.200480,4.990639,-0.570805,
feedback,0.542193,1786440532380,7,Ry,5.000000,15.000000,4.834496,-0.165504,,,385.458557,-55.387100,186.447464,90.998009,45.765270,91.732979,485.388000,-53.605331,185.177322,-114.715340,83.640030,-113.753876,0.460346,0.222446,1.240976,-0.010651,4.807626,-0.516218,
feedback,0.550490,1786440532388,7,Ry,5.000000,15.000000,4.738482,-0.261518,,,385.458557,-55.387100,186.447464,90.998009,45.765270,91.732979,485.392395,-53.602226,185.188843,-115.028122,83.625443,-114.068748,0.424711,0.426786,1.292689,0.111333,4.716363,-0.487296,
feedback,0.558777,1786440532396,7,Ry,5.000000,15.000000,4.632719,-0.367281,,,385.458557,-55.387100,186.447464,90.998009,45.765270,91.732979,485.400604,-53.597626,185.200272,-115.337456,83.611252,-114.379967,1.106233,0.551724,1.613115,0.175358,4.611005,-0.489879,
feedback,0.566614,1786440532405,7,Ry,5.000000,15.000000,4.949417,-0.050583,,,385.458557,-55.387100,186.447464,90.998009,45.765270,91.732979,485.416107,-53.595478,185.209183,-115.814285,83.588058,-114.860802,1.210972,0.220339,0.355495,0.064006,4.920259,-0.558977,
feedback,0.574656,1786440532413,7,Ry,5.000000,15.000000,5.088345,0.088345,,,385.458557,-55.387100,186.447464,90.998009,45.765270,91.732979,485.423950,-53.596855,185.211868,-116.140465,83.571518,-115.189880,0.715269,-0.303249,0.259497,0.023548,5.051418,-0.635457,
feedback,0.583160,1786440532422,7,Ry,5.000000,15.000000,5.310231,0.310231,,,385.458557,-55.387100,186.447464,90.998009,45.765270,91.732979,485.423706,-53.600292,185.205688,-116.478706,83.553711,-115.531021,-0.267609,-0.422725,-1.027462,0.042221,5.277080,-0.613189,
feedback,0.591708,1786440532426,7,Ry,5.000000,15.000000,5.386750,0.386750,,,385.458557,-55.387100,186.447464,90.998009,45.765270,91.732979,485.422668,-53.601208,185.200333,-116.650536,83.544418,-115.704094,-0.265120,-0.230317,-1.335352,-0.007702,5.355906,-0.584918,
feedback,0.599153,1786440532434,7,Ry,5.000000,15.000000,5.258978,0.258978,,,385.458557,-55.387100,186.447464,90.998009,45.765270,91.732979,485.422699,-53.601086,185.192291,-116.987946,83.526077,-116.043793,0.105648,0.009751,-0.831405,-0.000218,5.229714,-0.564026,
feedback,0.607207,1786440532443,7,Ry,5.000000,15.000000,4.990744,-0.009256,,,385.458557,-55.387100,186.447464,90.998009,45.765270,91.732979,485.427795,-53.601746,185.195480,-117.306725,83.508308,-116.365242,0.754634,-0.099797,0.731339,0.000762,4.957602,-0.588624,
feedback,0.615588,1786440532451,7,Ry,5.000000,15.000000,4.659106,-0.340894,,,385.458557,-55.387100,186.447464,90.998009,45.765270,91.732979,485.439117,-53.598610,185.210709,-117.608948,83.492111,-116.669762,1.705491,0.609079,2.326289,0.135103,4.634779,-0.509383,
feedback,0.623635,1786440532459,7,Ry,5.000000,15.000000,4.537596,-0.462404,,,385.458557,-55.387100,186.447464,90.998009,45.765270,91.732979,485.452850,-53.594074,185.229416,-117.898666,83.476501,-116.961861,1.880505,0.466653,2.481873,0.105960,4.507468,-0.555014,
feedback,0.631849,1786440532468,7,Ry,5.000000,15.000000,4.624193,-0.375807,,,385.458557,-55.387100,186.447464,90.998009,45.765270,91.732979,485.464020,-53.591576,185.242737,-118.190636,83.460602,-117.256226,1.414861,0.211384,1.631569,0.129677,4.593927,-0.565370,
feedback,0.640293,1786440532476,7,Ry,5.000000,15.000000,4.868896,-0.131104,,,385.458557,-55.387100,186.447464,90.998009,45.765270,91.732979,485.470337,-53.590710,185.250183,-118.488831,83.443367,-117.556847,0.605298,0.027577,0.646838,0.031284,4.837410,-0.571654,
feedback,0.650534,1786440532484,7,Ry,5.000000,15.000000,5.094574,0.094574,,,385.458557,-55.387100,186.447464,90.998009,45.765270,91.732979,485.471436,-53.590546,185.249054,-118.798561,83.424507,-117.868896,0.186330,0.146502,-0.382801,-0.059311,5.068831,-0.509406,
feedback,0.656692,1786440532493,7,Ry,5.000000,15.000000,5.430735,0.430735,,,385.458557,-55.387100,186.447464,90.998009,45.765270,91.732979,485.468842,-53.593769,185.234344,-119.279228,83.392685,-118.353424,-0.389313,-0.309874,-1.474399,-0.218722,5.397008,-0.576020,
feedback,0.664637,1786440532501,7,Ry,5.000000,15.000000,5.512672,0.512672,,,385.458557,-55.387100,186.447464,90.998009,45.765270,91.732979,485.464294,-53.597240,185.224014,-119.600998,83.371094,-118.677567,-0.951587,-0.728088,-1.635302,-0.166206,5.477069,-0.608779,
feedback,0.673116,1786440532510,7,Ry,5.000000,15.000000,5.304440,0.304440,,,385.458557,-55.387100,186.447464,90.998009,45.765270,91.732979,485.457367,-53.603951,185.215500,-119.921066,83.350128,-119.000389,-0.738672,-0.949709,-0.861346,-0.018122,5.266469,-0.649290,
feedback,0.681350,1786440532518,7,Ry,5.000000,15.000000,5.226445,0.226445,,,385.458557,-55.387100,186.447464,90.998009,45.765270,91.732979,485.451935,-53.609383,185.209610,-120.233597,83.329659,-119.315666,-0.654370,-0.609977,-0.728070,-0.003635,5.193808,-0.595072,
feedback,0.689262,1786440532527,7,Ry,5.000000,15.000000,5.039002,0.039002,,,385.458557,-55.387100,186.447464,90.998009,45.765270,91.732979,485.446228,-53.614346,185.206772,-120.531517,83.309296,-119.616127,-0.706593,-0.568060,-0.492943,-0.121389,5.006831,-0.558535,
feedback,0.697269,1786440532535,7,Ry,5.000000,15.000000,4.888972,-0.111028,,,385.458557,-55.387100,186.447464,90.998009,45.765270,91.732979,485.444305,-53.615993,185.209015,-120.818001,83.289467,-119.905022,-0.058784,0.054612,0.271258,-0.116501,4.860385,-0.516116,
feedback,0.705264,1786440532543,7,Ry,5.000000,15.000000,4.896619,-0.103381,,,385.458557,-55.387100,186.447464,90.998009,45.765270,91.732979,485.446838,-53.616779,185.212540,-121.100853,83.269455,-120.190376,0.256298,-0.081269,0.270080,-0.096486,4.867542,-0.525143,
feedback,0.714409,1786440532552,7,Ry,5.000000,15.000000,4.997410,-0.002590,,,385.458557,-55.387100,186.447464,90.998009,45.765270,91.732979,485.448059,-53.616318,185.215332,-121.384895,83.248718,-120.476562,-0.047619,-0.122713,0.015262,-0.149188,4.965142,-0.552112,
feedback,0.721723,1786440532560,7,Ry,5.000000,15.000000,5.357510,0.357510,,,385.458557,-55.387100,186.447464,90.998009,45.765270,91.732979,485.441681,-53.617905,185.205795,-121.683571,83.225594,-120.777328,-0.972172,-0.203890,-1.526247,-0.299578,5.327951,-0.515763,
feedback,0.730196,1786440532569,7,Ry,5.000000,15.000000,5.324846,0.324846,,,385.458557,-55.387100,186.447464,90.998009,45.765270,91.732979,485.431213,-53.622566,185.189102,-122.129761,83.188744,-121.226646,-1.514412,-0.432766,-1.291035,-0.318893,5.294095,-0.522247,
feedback,0.738156,1786440532577,7,Ry,5.000000,15.000000,5.429789,0.429789,,,385.458557,-55.387100,186.447464,90.998009,45.765270,91.732979,485.405334,-53.628578,185.172928,-122.436821,83.163559,-121.535721,-2.103992,-0.704493,-1.487645,-0.305504,5.400863,-0.512159,
feedback,0.746352,1786440532581,7,Ry,5.000000,15.000000,5.326939,0.326939,,,385.458557,-55.387100,186.447464,90.998009,45.765270,91.732979,485.399872,-53.630562,185.169418,-122.580673,83.151016,-121.680725,-1.369433,-0.497228,-0.870726,-0.424246,5.291964,-0.544397,
feedback,0.754731,1786440532590,7,Ry,5.000000,15.000000,5.146136,0.146136,,,385.458557,-55.387100,186.447464,90.998009,45.765270,91.732979,485.396973,-53.630001,185.166092,-122.866440,83.127594,-121.968277,-0.156098,0.253051,-0.360878,-0.219911,5.123399,-0.452184,
feedback,0.762674,1786440532598,7,Ry,5.000000,15.000000,4.983749,-0.016251,,,385.458557,-55.387100,186.447464,90.998009,45.765270,91.732979,485.397095,-53.628761,185.167206,-123.138405,83.104836,-122.242065,0.037188,0.161030,0.062380,-0.244166,4.956602,-0.482797,
feedback,0.771584,1786440532606,7,Ry,5.000000,15.000000,4.739347,-0.260653,,,385.458557,-55.387100,186.447464,90.998009,45.765270,91.732979,485.399994,-53.626461,185.170441,-123.399651,83.082993,-122.505180,0.425632,0.203656,0.512533,-0.174729,4.712147,-0.483601,
feedback,0.779541,1786440532615,7,Ry,5.000000,15.000000,4.951280,-0.048720,,,385.458557,-55.387100,186.447464,90.998009,45.765270,91.732979,485.397644,-53.623978,185.167587,-123.670753,83.060265,-122.777664,-0.203392,0.319003,-0.439651,-0.165075,4.931762,-0.420472,
feedback,0.787310,1786440532623,7,Ry,5.000000,15.000000,4.965651,-0.034349,,,385.458557,-55.387100,186.447464,90.998009,45.765270,91.732979,485.398621,-53.622181,185.166229,-123.937706,83.037445,-123.046501,0.237919,0.127565,-0.011212,-0.208389,4.935842,-0.514890,
feedback,0.795523,1786440532632,7,Ry,5.000000,15.000000,4.865597,-0.134403,,,385.458557,-55.387100,186.447464,90.998009,45.765270,91.732979,485.402863,-53.620178,185.170273,-124.203705,83.014915,-123.314552,0.800930,0.231227,0.959256,-0.123925,4.837781,-0.505813,
feedback,0.803889,1786440532640,7,Ry,5.000000,15.000000,5.139667,0.139667,,,385.458557,-55.387100,186.447464,90.998009,45.765270,91.732979,485.402283,-53.621628,185.172897,-124.476555,82.990532,-123.589752,-0.130731,-0.168522,0.336409,-0.238554,5.107116,-0.545428,
feedback,0.812295,1786440532648,7,Ry,5.000000,15.000000,5.195290,0.195290,,,385.458557,-55.387100,186.447464,90.998009,45.765270,91.732979,485.399109,-53.622765,185.176819,-124.747650,82.966621,-123.863045,-0.544115,-0.082607,0.152573,-0.206352,5.167377,-0.508515,
feedback,0.819857,1786440532657,7,Ry,5.000000,15.000000,5.321876,0.321876,,,385.458557,-55.387100,186.447464,90.998009,45.765270,91.732979,485.394012,-53.622887,185.173325,-125.157120,82.929672,-124.275070,-0.409426,-0.269480,-0.607408,-0.227001,5.293298,-0.517813,
feedback,0.827973,1786440532665,7,Ry,5.000000,15.000000,4.997090,-0.002910,,,385.458557,-55.387100,186.447464,90.998009,45.765270,91.732979,485.397980,-53.625423,185.175995,-125.418449,82.906097,-124.539116,0.567241,-0.252218,0.452464,-0.158974,4.961219,-0.585718,
feedback,0.838104,1786440532674,7,Ry,5.000000,15.000000,4.686906,-0.313094,,,385.458557,-55.387100,186.447464,90.998009,45.765270,91.732979,485.412537,-53.622215,185.188324,-125.664482,82.884094,-124.787750,1.847609,0.584568,1.578900,-0.079864,4.657115,-0.524258,
feedback,0.844342,1786440532682,7,Ry,5.000000,15.000000,4.793367,-0.206633,,,385.458557,-55.387100,186.447464,90.998009,45.765270,91.732979,485.423431,-53.620987,185.196777,-125.910461,82.861900,-125.036415,1.035529,0.230465,0.776189,-0.075340,4.763191,-0.534480,
feedback,0.853639,1786440532690,7,Ry,5.000000,15.000000,4.795458,-0.204542,,,385.458557,-55.387100,186.447464,90.998009,45.765270,91.732979,485.431396,-53.622032,185.204803,-126.154785,82.839577,-125.283875,0.889564,-0.172550,0.941565,-0.089083,4.753915,-0.644357,
feedback,0.860981,1786440532699,7,Ry,5.000000,15.000000,4.799072,-0.200928,,,385.458557,-55.387100,186.447464,90.998009,45.765270,91.732979,485.439606,-53.621754,185.214661,-126.400780,82.816772,-125.532852,1.133177,0.122127,1.451168,-0.084923,4.760269,-0.618239,
feedback,0.870969,1786440532707,7,Ry,5.000000,15.000000,4.986995,-0.013005,,,385.458557,-55.387100,186.447464,90.998009,45.765270,91.732979,485.446289,-53.622211,185.224289,-126.651039,82.792984,-125.785866,0.753232,-0.312264,1.184492,-0.136706,4.945332,-0.646633,
feedback,0.877111,1786440532716,7,Ry,5.000000,15.000000,4.966799,-0.033201,,,385.458557,-55.387100,186.447464,90.998009,45.765270,91.732979,485.454559,-53.622349,185.235703,-126.901062,82.769211,-126.038490,1.041441,0.074681,1.381849,-0.080139,4.933957,-0.568968,
feedback,0.886270,1786440532724,7,Ry,5.000000,15.000000,5.170703,0.170703,,,385.458557,-55.387100,186.447464,90.998009,45.765270,91.732979,485.457977,-53.623692,185.239731,-127.156631,82.743980,-126.296394,0.330504,-0.183146,0.324646,-0.184356,5.138624,-0.552616,
feedback,0.893967,1786440532732,7,Ry,5.000000,15.000000,5.163356,0.163356,,,385.458557,-55.387100,186.447464,90.998009,45.765270,91.732979,485.457092,-53.625843,185.239746,-127.411789,82.718491,-126.553879,-0.219107,-0.316592,-0.061490,-0.148477,5.132248,-0.549327,
feedback,0.901969,1786440532737,7,Ry,5.000000,15.000000,5.072759,0.072759,,,385.458557,-55.387100,186.447464,90.998009,45.765270,91.732979,485.455048,-53.629856,185.239151,-127.661285,82.692963,-126.805939,-0.184672,-0.475858,0.060172,-0.177704,5.038874,-0.566583,
feedback,0.910034,1786440532745,7,Ry,5.000000,15.000000,4.923787,-0.076213,,,385.458557,-55.387100,186.447464,90.998009,45.765270,91.732979,485.453308,-53.632339,185.240311,-127.907013,82.668358,-127.054184,0.094331,-0.114829,0.379624,-0.116621,4.893491,-0.534734,
feedback,0.918627,1786440532754,7,Ry,5.000000,15.000000,4.702495,-0.297505,,,385.458557,-55.387100,186.447464,90.998009,45.765270,91.732979,485.461029,-53.630058,185.252319,-128.138672,82.645493,-127.287895,0.804193,0.188786,1.533464,-0.044762,4.676401,-0.495068,
feedback,0.926397,1786440532762,7,Ry,5.000000,15.000000,4.593555,-0.406445,,,385.458557,-55.387100,186.447464,90.998009,45.765270,91.732979,485.470001,-53.628731,185.269623,-128.363480,82.623001,-127.515068,1.171888,0.202639,2.230066,-0.045785,4.562161,-0.541550,
feedback,0.935069,1786440532770,7,Ry,5.000000,15.000000,4.793404,-0.206596,,,385.458557,-55.387100,186.447464,90.998009,45.765270,91.732979,485.474792,-53.627502,185.283783,-128.594162,82.599472,-127.747749,0.368944,0.144223,1.692134,-0.058106,4.768646,-0.484124,
feedback,0.942667,1786440532779,7,Ry,5.000000,15.000000,4.933036,-0.066964,,,385.458557,-55.387100,186.447464,90.998009,45.765270,91.732979,485.474823,-53.627724,185.290344,-128.830887,82.574669,-127.986443,0.026473,0.001715,0.708914,-0.119847,4.906546,-0.497027,
feedback,0.951560,1786440532787,7,Ry,5.000000,15.000000,5.337168,0.337168,,,385.458557,-55.387100,186.447464,90.998009,45.765270,91.732979,485.465576,-53.630573,185.283539,-129.083633,82.547424,-128.241074,-1.237435,-0.470292,-1.046161,-0.173522,5.309804,-0.516757,
feedback,0.959547,1786440532796,7,Ry,5.000000,15.000000,5.447051,0.447051,,,385.458557,-55.387100,186.447464,90.998009,45.765270,91.732979,485.453522,-53.633511,185.270767,-129.336060,82.519150,-128.495300,-1.406396,-0.315613,-1.555825,-0.206782,5.421627,-0.497139,
feedback,0.969797,1786440532804,7,Ry,5.000000,15.000000,5.281818,0.281818,,,385.458557,-55.387100,186.447464,90.998009,45.765270,91.732979,485.445282,-53.635807,185.261353,-129.586990,82.491714,-128.748047,-0.775548,-0.248703,-0.800101,-0.068800,5.257954,-0.498825,
feedback,0.975585,1786440532812,7,Ry,5.000000,15.000000,5.347855,0.347855,,,385.458557,-55.387100,186.447464,90.998009,45.765270,91.732979,485.437439,-53.638847,185.251968,-129.840897,82.465652,-129.003983,-1.224412,-0.410140,-1.428314,0.035418,5.325146,-0.510281,
feedback,0.984919,1786440532821,7,Ry,5.000000,15.000000,5.026153,0.026153,,,385.458557,-55.387100,186.447464,90.998009,45.765270,91.732979,485.429199,-53.641670,185.238983,-130.206345,82.427162,-129.372604,-0.416216,-0.192107,-0.714801,0.039621,4.998912,-0.539049,
feedback,0.991930,1786440532829,7,Ry,5.000000,15.000000,4.923013,-0.076987,,,385.458557,-55.387100,186.447464,90.998009,45.765270,91.732979,485.424713,-53.642456,185.236069,-130.439484,82.402443,-129.607697,-0.597685,-0.051798,-0.059285,0.097956,4.900836,-0.494506,
feedback,1.000185,1786440532838,7,Ry,5.000000,15.000000,4.890622,-0.109378,,,385.458557,-55.387100,186.447464,90.998009,45.765270,91.732979,485.419647,-53.644028,185.237076,-130.669067,82.377853,-129.839264,-0.465717,-0.183003,0.384940,0.000175,4.867271,-0.486162,
feedback,1.008512,1786440532846,7,Ry,5.000000,15.000000,4.806399,-0.193601,,,385.458557,-55.387100,186.447464,90.998009,45.765270,91.732979,485.419983,-53.644291,185.243805,-130.893738,82.353310,-130.066055,0.241755,-0.004600,1.090977,0.040893,4.780337,-0.516185,
feedback,1.017019,1786440532854,7,Ry,5.000000,15.000000,5.116909,0.116909,,,385.458557,-55.387100,186.447464,90.998009,45.765270,91.732979,485.419434,-53.642509,185.245850,-131.127884,82.327377,-130.301956,-0.277919,-0.028944,-0.005864,0.009177,5.089870,-0.536134,
feedback,1.025031,1786440532863,7,Ry,5.000000,15.000000,5.451227,0.451227,,,385.458557,-55.387100,186.447464,90.998009,45.765270,91.732979,485.410614,-53.644215,185.236710,-131.369781,82.299210,-130.545563,-1.345290,-0.365909,-1.523875,-0.067137,5.428411,-0.497559,
feedback,1.033115,1786440532871,7,Ry,5.000000,15.000000,5.291693,0.291693,,,385.458557,-55.387100,186.447464,90.998009,45.765270,91.732979,485.402130,-53.645725,185.226654,-131.605698,82.270935,-130.783173,-1.218882,-0.239914,-1.256774,-0.139632,5.268306,-0.481330,
feedback,1.041159,1786440532880,7,Ry,5.000000,15.000000,5.238307,0.238307,,,385.458557,-55.387100,186.447464,90.998009,45.765270,91.732979,485.392365,-53.648361,185.214325,-131.842102,82.242035,-131.021286,-0.888838,-0.235791,-1.138776,-0.080595,5.216647,-0.472505,
feedback,1.049372,1786440532888,7,Ry,5.000000,15.000000,5.246847,0.246847,,,385.458557,-55.387100,186.447464,90.998009,45.765270,91.732979,485.389526,-53.649311,185.204727,-132.067581,82.212616,-131.248520,-0.220400,-0.135879,-1.000843,-0.283953,5.220346,-0.482806,
feedback,1.057929,1786440532896,7,Ry,5.000000,15.000000,4.921344,-0.078656,,,385.458557,-55.387100,186.447464,90.998009,45.765270,91.732979,485.392914,-53.647846,185.202698,-132.281982,82.185257,-131.464676,0.521224,0.255507,0.151179,-0.077497,4.897260,-0.480525,
feedback,1.066362,1786440532901,7,Ry,5.000000,15.000000,4.933080,-0.066920,,,385.458557,-55.387100,186.447464,90.998009,45.765270,91.732979,485.394318,-53.646877,185.202118,-132.389206,82.172104,-131.572754,0.350649,0.241005,-0.139618,-0.044899,4.911381,-0.463653,
feedback,1.073936,1786440532909,7,Ry,5.000000,15.000000,4.859166,-0.140834,,,385.458557,-55.387100,186.447464,90.998009,45.765270,91.732979,485.396973,-53.643898,185.207397,-132.710907,82.134300,-131.897217,0.128465,0.301597,0.533626,0.110252,4.839285,-0.470835,
feedback,1.082661,1786440532918,7,Ry,5.000000,15.000000,4.858666,-0.141334,,,385.458557,-55.387100,186.447464,90.998009,45.765270,91.732979,485.403839,-53.640354,185.213898,-132.923874,82.109459,-132.112030,0.732192,0.462510,0.533305,0.124526,4.839509,-0.466310,
feedback,1.090497,1786440532926,7,Ry,5.000000,15.000000,4.921639,-0.078361,,,385.458557,-55.387100,186.447464,90.998009,45.765270,91.732979,485.412018,-53.636311,185.221176,-133.140152,82.083908,-132.329987,1.131391,0.678181,1.045576,0.184740,4.907270,-0.433479,
feedback,1.098679,1786440532934,7,Ry,5.000000,15.000000,5.131733,0.131733,,,385.458557,-55.387100,186.447464,90.998009,45.765270,91.732979,485.420013,-53.631100,185.226593,-133.356964,82.056938,-132.548264,0.731941,0.270986,0.432246,0.024838,5.109346,-0.493866,
feedback,1.106576,1786440532943,7,Ry,5.000000,15.000000,5.215027,0.215027,,,385.458557,-55.387100,186.447464,90.998009,45.765270,91.732979,485.424316,-53.627838,185.227844,-133.576294,82.029526,-132.769226,-0.121247,0.185755,-0.302412,0.021464,5.195476,-0.469491,
feedback,1.114691,1786440532951,7,Ry,5.000000,15.000000,5.216608,0.216608,,,385.458557,-55.387100,186.447464,90.998009,45.765270,91.732979,485.424438,-53.627262,185.225983,-133.796295,82.001427,-132.991028,-0.031398,0.031202,-0.209057,0.022078,5.195573,-0.484377,
feedback,1.122984,1786440532960,7,Ry,5.000000,15.000000,5.111444,0.111444,,,385.458557,-55.387100,186.447464,90.998009,45.765270,91.732979,485.425476,-53.626465,185.224869,-134.010818,81.973312,-133.207489,0.177782,0.113160,0.000934,0.007842,5.088509,-0.495048,
feedback,1.131225,1786440532968,7,Ry,5.000000,15.000000,4.847809,-0.152191,,,385.458557,-55.387100,186.447464,90.998009,45.765270,91.732979,485.432159,-53.624420,185.229431,-134.217056,81.946907,-133.415695,1.044076,0.303880,0.887208,0.082477,4.824107,-0.502906,
feedback,1.139390,1786440532976,7,Ry,5.000000,15.000000,4.621048,-0.378952,,,385.458557,-55.387100,186.447464,90.998009,45.765270,91.732979,485.445526,-53.619068,185.242722,-134.412277,81.921783,-133.612717,1.755814,0.675998,1.958028,0.063851,4.598604,-0.475147,
feedback,1.147459,1786440532985,7,Ry,5.000000,15.000000,4.647741,-0.352259,,,385.458557,-55.387100,186.447464,90.998009,45.765270,91.732979,485.464050,-53.610146,185.264725,-134.701859,81.884537,-133.904785,1.328875,0.904242,1.703932,0.113567,4.633285,-0.406684,
feedback,1.156141,1786440532993,7,Ry,5.000000,15.000000,4.859944,-0.140056,,,385.458557,-55.387100,186.447464,90.998009,45.765270,91.732979,485.470886,-53.604496,185.273697,-134.896042,81.857872,-134.100327,0.681215,0.674397,0.821845,-0.037531,4.843165,-0.412375,
feedback,1.163921,1786440533001,7,Ry,5.000000,15.000000,5.048227,0.048227,,,385.458557,-55.387100,186.447464,90.998009,45.765270,91.732979,485.471771,-53.600582,185.273209,-135.096466,81.829346,-134.302185,0.111988,0.353873,-0.164478,-0.068463,5.026656,-0.463885,
feedback,1.171880,1786440533010,7,Ry,5.000000,15.000000,5.247228,0.247228,,,385.458557,-55.387100,186.447464,90.998009,45.765270,91.732979,485.469940,-53.597710,185.265427,-135.303329,81.798714,-134.510056,-0.085654,0.422446,-0.783981,-0.121936,5.234591,-0.375620,
feedback,1.180169,1786440533018,7,Ry,5.000000,15.000000,5.365620,0.365620,,,385.458557,-55.387100,186.447464,90.998009,45.765270,91.732979,485.466858,-53.598808,185.254776,-135.509903,81.767624,-134.718582,-0.270830,-0.262760,-1.134020,-0.134662,5.335682,-0.550923,
feedback,1.188527,1786440533027,7,Ry,5.000000,15.000000,5.308439,0.308439,,,385.458557,-55.387100,186.447464,90.998009,45.765270,91.732979,485.461609,-53.600616,185.244614,-135.716263,81.736954,-134.926880,-0.645586,-0.155237,-1.020275,-0.108580,5.284033,-0.498002,
feedback,1.196646,1786440533035,7,Ry,5.000000,15.000000,5.283845,0.283845,,,385.458557,-55.387100,186.447464,90.998009,45.765270,91.732979,485.454193,-53.603268,185.233673,-135.922760,81.706902,-135.135468,-0.903525,-0.319280,-1.353908,-0.029477,5.257165,-0.534165,
feedback,1.204689,1786440533043,7,Ry,5.000000,15.000000,5.351883,0.351883,,,385.458557,-55.387100,186.447464,90.998009,45.765270,91.732979,485.444580,-53.604065,185.220154,-136.122498,81.676559,-135.336914,-1.437666,-0.144941,-2.029552,-0.179291,5.328819,-0.473639,
feedback,1.213769,1786440533052,7,Ry,5.000000,15.000000,5.020049,0.020049,,,385.458557,-55.387100,186.447464,90.998009,45.765270,91.732979,485.440216,-53.603642,185.215439,-136.312790,81.647720,-135.529053,-0.660888,0.144576,-0.578941,-0.056275,4.999259,-0.456980,
feedback,1.221089,1786440533060,7,Ry,5.000000,15.000000,4.723315,-0.276685,,,385.458557,-55.387100,186.447464,90.998009,45.765270,91.732979,485.445374,-53.601845,185.221924,-136.493073,81.620293,-135.711411,0.618352,0.081218,1.194978,-0.044988,4.692857,-0.539519,
feedback,1.229622,1786440533068,7,Ry,5.000000,15.000000,4.988959,-0.011041,,,385.458557,-55.387100,186.447464,90.998009,45.765270,91.732979,485.444702,-53.602669,185.224899,-136.676392,81.591530,-135.897232,-0.285920,0.172472,0.213538,-0.127660,4.963838,-0.484869,
feedback,1.237966,1786440533077,7,Ry,5.000000,15.000000,5.300647,0.300647,,,385.458557,-55.387100,186.447464,90.998009,45.765270,91.732979,485.437592,-53.602009,185.223709,-136.954437,81.545486,-136.177917,-1.035085,-0.188010,-0.744152,-0.209847,5.273998,-0.500762,
feedback,1.246164,1786440533081,7,Ry,5.000000,15.000000,5.439231,0.439231,,,385.458557,-55.387100,186.447464,90.998009,45.765270,91.732979,485.430145,-53.603703,185.217087,-137.051178,81.529144,-136.275604,-1.863257,-0.424667,-1.650317,-0.256669,5.412446,-0.500511,
feedback,1.254356,1786440533090,7,Ry,5.000000,15.000000,5.690097,0.690097,,,385.458557,-55.387100,186.447464,90.998009,45.765270,91.732979,485.415436,-53.608086,185.201477,-137.240631,81.495331,-136.466995,-2.277569,-0.621821,-2.537247,-0.387578,5.663396,-0.488092,
feedback,1.262376,1786440533098,7,Ry,5.000000,15.000000,5.327029,0.327029,,,385.458557,-55.387100,186.447464,90.998009,45.765270,91.732979,485.407288,-53.610580,185.191284,-137.428940,81.462593,-136.657242,-0.572166,-0.123409,-0.923197,-0.306515,5.299410,-0.493538,
feedback,1.270965,1786440533106,7,Ry,5.000000,15.000000,5.339224,0.339224,,,385.458557,-55.387100,186.447464,90.998009,45.765270,91.732979,485.402374,-53.612747,185.186066,-137.607712,81.430382,-136.837997,-0.895494,-0.249305,-0.883592,-0.408841,5.312833,-0.462750,
feedback,1.279151,1786440533115,7,Ry,5.000000,15.000000,5.137755,0.137755,,,385.458557,-55.387100,186.447464,90.998009,45.765270,91.732979,485.397522,-53.614853,185.180725,-137.781540,81.398537,-137.013870,-0.757573,-0.368048,-0.664931,-0.363137,5.106346,-0.510528,
feedback,1.287599,1786440533123,7,Ry,5.000000,15.000000,4.916796,-0.083204,,,385.458557,-55.387100,186.447464,90.998009,45.765270,91.732979,485.396332,-53.614014,185.177887,-137.948990,81.367836,-137.182999,-0.083925,-0.039941,-0.141405,-0.290134,4.889592,-0.471127,
feedback,1.295685,1786440533132,7,Ry,5.000000,15.000000,4.889400,-0.110600,,,385.458557,-55.387100,186.447464,90.998009,45.765270,91.732979,485.393280,-53.611996,185.176346,-138.115173,81.337410,-137.350693,-0.270711,0.041627,0.056415,-0.259028,4.862273,-0.474778,
feedback,1.303769,1786440533140,7,Ry,5.000000,15.000000,4.813038,-0.186962,,,385.458557,-55.387100,186.447464,90.998009,45.765270,91.732979,485.399261,-53.607574,185.186295,-138.278503,81.308578,-137.515671,0.617640,0.487565,1.163702,-0.179714,4.791147,-0.433938,
feedback,1.312148,1786440533148,7,Ry,5.000000,15.000000,4.870123,-0.129877,,,385.458557,-55.387100,186.447464,90.998009,45.765270,91.732979,485.404694,-53.606865,185.198013,-138.443481,81.279160,-137.682755,0.628658,0.163928,1.449621,-0.196987,4.843275,-0.482707,
feedback,1.320120,1786440533157,7,Ry,5.000000,15.000000,5.155256,0.155256,,,385.458557,-55.387100,186.447464,90.998009,45.765270,91.732979,485.403809,-53.606678,185.205948,-138.698761,81.232491,-137.940659,-0.204169,-0.142013,0.333012,-0.254231,5.126308,-0.507560,
feedback,1.328069,1786440533165,7,Ry,5.000000,15.000000,5.238856,0.238856,,,385.458557,-55.387100,186.447464,90.998009,45.765270,91.732979,485.400269,-53.607140,185.205276,-138.874664,81.200737,-138.118500,-0.365456,-0.019158,-0.073772,-0.156721,5.212762,-0.502080,
feedback,1.336093,1786440533174,7,Ry,5.000000,15.000000,5.015805,0.015805,,,385.458557,-55.387100,186.447464,90.998009,45.765270,91.732979,485.401459,-53.604671,185.207581,-139.046509,81.169533,-138.291870,0.631894,0.480935,0.785563,-0.099214,4.997273,-0.426504,
feedback,1.344392,1786440533182,7,Ry,5.000000,15.000000,5.019202,0.019202,,,385.458557,-55.387100,186.447464,90.998009,45.765270,91.732979,485.409698,-53.600594,185.217102,-139.210861,81.139626,-138.457886,0.813613,0.341145,1.045345,-0.145549,4.995368,-0.470369,
feedback,1.352825,1786440533190,7,Ry,5.000000,15.000000,4.748791,-0.251209,,,385.458557,-55.387100,186.447464,90.998009,45.765270,91.732979,485.420715,-53.597111,185.230789,-139.370697,81.110756,-138.619568,1.320651,0.418848,1.648045,-0.087559,4.724782,-0.468904,
feedback,1.360646,1786440533199,7,Ry,5.000000,15.000000,4.648452,-0.351548,,,385.458557,-55.387100,186.447464,90.998009,45.765270,91.732979,485.430756,-53.593998,185.245346,-139.527664,81.082916,-138.778549,1.103803,0.435807,1.636357,0.002362,4.626193,-0.463323,
feedback,1.370128,1786440533207,7,Ry,5.000000,15.000000,4.543419,-0.456581,,,385.458557,-55.387100,186.447464,90.998009,45.765270,91.732979,485.442810,-53.588779,185.260498,-139.684189,81.055466,-138.936981,1.630220,0.620099,2.283156,0.047574,4.519083,-0.486898,
feedback,1.377001,1786440533215,7,Ry,5.000000,15.000000,4.688727,-0.311273,,,385.458557,-55.387100,186.447464,90.998009,45.765270,91.732979,485.453888,-53.584747,185.274506,-139.841644,81.027473,-139.096375,1.411976,0.479071,1.925081,-0.004998,4.664907,-0.479475,
feedback,1.385368,1786440533224,7,Ry,5.000000,15.000000,4.788282,-0.211718,,,385.458557,-55.387100,186.447464,90.998009,45.765270,91.732979,485.464752,-53.581661,185.288086,-139.998016,80.998306,-139.254471,1.340642,0.312566,1.811031,-0.076740,4.764774,-0.468049,
feedback,1.393279,1786440533232,7,Ry,5.000000,15.000000,5.034572,0.034572,,,385.458557,-55.387100,186.447464,90.998009,45.765270,91.732979,485.471344,-53.579357,185.297165,-140.156799,80.967667,-139.415070,0.592343,0.109035,0.862029,-0.150373,5.005992,-0.517179,
feedback,1.402851,1786440533236,7,Ry,5.000000,15.000000,5.207544,0.207544,,,385.458557,-55.387100,186.447464,90.998009,45.765270,91.732979,485.471161,-53.579918,185.297668,-140.238815,80.951447,-139.498230,-0.045543,-0.141381,0.128416,-0.188723,5.176864,-0.539739,
feedback,1.409855,1786440533245,7,Ry,5.000000,15.000000,5.310385,0.310385,,,385.458557,-55.387100,186.447464,90.998009,45.765270,91.732979,485.467560,-53.579380,185.291763,-140.484543,80.901970,-139.746765,-0.645170,-0.166441,-0.812513,-0.182667,5.283247,-0.511230,
feedback,1.418801,1786440533253,7,Ry,5.000000,15.000000,5.170192,0.170192,,,385.458557,-55.387100,186.447464,90.998009,45.765270,91.732979,485.465179,-53.580044,185.285065,-140.647446,80.869331,-139.911530,-0.304255,-0.090885,-0.799738,-0.163350,5.146347,-0.474995,
feedback,1.426602,1786440533262,7,Ry,5.000000,15.000000,5.085139,0.085139,,,385.458557,-55.387100,186.447464,90.998009,45.765270,91.732979,485.467224,-53.579132,185.281891,-140.807007,80.836884,-140.072998,0.353032,0.142117,-0.271453,-0.180250,5.058123,-0.498711,
feedback,1.435151,1786440533271,7,Ry,5.000000,15.000000,4.904957,-0.095043,,,385.458557,-55.387100,186.447464,90.998009,45.765270,91.732979,485.470184,-53.579937,185.282684,-140.959900,80.806046,-140.228210,0.341487,-0.210605,0.146849,-0.116864,4.872398,-0.556044,
feedback,1.443168,1786440533279,7,Ry,5.000000,15.000000,4.917726,-0.082274,,,385.458557,-55.387100,186.447464,90.998009,45.765270,91.732979,485.472412,-53.579063,185.283127,-141.109985,80.775482,-140.380219,0.172009,0.169489,-0.130555,-0.129134,4.894065,-0.466452,
feedback,1.451702,1786440533287,7,Ry,5.000000,15.000000,5.063496,0.063496,,,385.458557,-55.387100,186.447464,90.998009,45.765270,91.732979,485.470428,-53.575912,185.278687,-141.264679,80.744339,-140.536072,-0.583124,0.291601,-0.899465,-0.096578,5.048543,-0.394137,
feedback,1.459563,1786440533296,7,Ry,5.000000,15.000000,5.106179,0.106179,,,385.458557,-55.387100,186.447464,90.998009,45.765270,91.732979,485.465271,-53.577835,185.271744,-141.419571,80.712303,-140.693115,-0.638089,-0.277133,-0.768963,-0.100903,5.077217,-0.534015,
feedback,1.468709,1786440533304,7,Ry,5.000000,15.000000,5.150839,0.150839,,,385.458557,-55.387100,186.447464,90.998009,45.765270,91.732979,485.461395,-53.580467,185.265839,-141.574234,80.679558,-140.850266,-0.400889,-0.096478,-0.642831,-0.182957,5.122719,-0.512542,
feedback,1.476078,1786440533313,7,Ry,5.000000,15.000000,5.368038,0.368038,,,385.458557,-55.387100,186.447464,90.998009,45.765270,91.732979,485.453979,-53.585289,185.258469,-141.732956,80.645348,-141.011688,-1.241821,-0.664938,-1.041023,-0.145753,5.331301,-0.616059,
feedback,1.484979,1786440533321,7,Ry,5.000000,15.000000,5.414919,0.414919,,,385.458557,-55.387100,186.447464,90.998009,45.765270,91.732979,485.440094,-53.594234,185.246552,-141.982895,80.596008,-141.265915,-1.569160,-0.893885,-1.276648,0.068065,5.379380,-0.647014,
feedback,1.492221,1786440533329,7,Ry,5.000000,15.000000,5.411689,0.411689,,,385.458557,-55.387100,186.447464,90.998009,45.765270,91.732979,485.426086,-53.599495,185.236267,-142.146942,80.562790,-141.432129,-2.070065,-0.529625,-1.555469,0.001430,5.390281,-0.494594,
feedback,1.501056,1786440533338,7,Ry,5.000000,15.000000,5.126394,0.126394,,,385.458557,-55.387100,186.447464,90.998009,45.765270,91.732979,485.413391,-53.604164,185.227081,-142.305420,80.530106,-141.592911,-1.037625,-0.459689,-0.647491,0.016211,5.095437,-0.576888,
feedback,1.508588,1786440533346,7,Ry,5.000000,15.000000,4.808951,-0.191049,,,385.458557,-55.387100,186.447464,90.998009,45.765270,91.732979,485.414642,-53.605774,185.230835,-142.453964,80.499855,-141.744095,0.514754,-0.036746,0.798941,0.082752,4.779210,-0.560816,
feedback,1.516966,1786440533355,7,Ry,5.000000,15.000000,4.856880,-0.143120,,,385.458557,-55.387100,186.447464,90.998009,45.765270,91.732979,485.418060,-53.606903,185.237930,-142.598389,80.470093,-141.891006,0.122552,-0.329368,0.548151,0.002594,4.825280,-0.566613,
feedback,1.525575,1786440533363,7,Ry,5.000000,15.000000,4.897659,-0.102341,,,385.458557,-55.387100,186.447464,90.998009,45.765270,91.732979,485.420959,-53.606823,185.242371,-142.742233,80.439850,-142.037262,0.152391,0.096122,0.296232,-0.003599,4.871516,-0.513584,
feedback,1.533389,1786440533371,7,Ry,5.000000,15.000000,5.213565,0.213565,,,385.458557,-55.387100,186.447464,90.998009,45.765270,91.732979,485.415192,-53.604092,185.234894,-142.892136,80.407471,-142.188446,-0.989980,0.253203,-1.328914,-0.034465,5.197320,-0.426337,
feedback,1.541655,1786440533380,7,Ry,5.000000,15.000000,5.376191,0.376191,,,385.458557,-55.387100,186.447464,90.998009,45.765270,91.732979,485.406464,-53.605141,185.221710,-143.044785,80.373329,-142.342834,-1.084068,-0.100670,-1.652381,-0.116456,5.354752,-0.470763,
feedback,1.549733,1786440533388,7,Ry,5.000000,15.000000,5.264321,0.264321,,,385.458557,-55.387100,186.447464,90.998009,45.765270,91.732979,485.402588,-53.606869,185.212326,-143.193848,80.339027,-142.493759,-0.215982,-0.403673,-0.826564,-0.112075,5.235023,-0.543519,
feedback,1.558703,1786440533397,7,Ry,5.000000,15.000000,5.433863,0.433863,,,385.458557,-55.387100,186.447464,90.998009,45.765270,91.732979,485.399597,-53.609650,185.207062,-143.339447,80.304581,-142.641739,-0.797823,-0.729238,-0.809977,-0.250676,5.394839,-0.622448,
feedback,1.565727,1786440533401,7,Ry,5.000000,15.000000,5.227640,0.227640,,,385.458557,-55.387100,186.447464,90.998009,45.765270,91.732979,485.396362,-53.611912,185.204147,-143.482666,80.270653,-142.787064,-0.452025,-0.234710,-0.331361,-0.135146,5.202118,-0.499894,
feedback,1.574284,1786440533409,7,Ry,5.000000,15.000000,5.125552,0.125552,,,385.458557,-55.387100,186.447464,90.998009,45.765270,91.732979,485.393066,-53.612392,185.201248,-143.627762,80.237740,-142.933960,-0.493253,-0.032421,-0.349507,-0.010264,5.103902,-0.479796,
feedback,1.582157,1786440533418,7,Ry,5.000000,15.000000,4.808750,-0.191250,,,385.458557,-55.387100,186.447464,90.998009,45.765270,91.732979,485.399414,-53.609741,185.207230,-143.769165,80.207245,-143.077179,0.993623,0.405685,1.009006,0.119014,4.786543,-0.493159,
feedback,1.590571,1786440533426,7,Ry,5.000000,15.000000,4.728722,-0.271278,,,385.458557,-55.387100,186.447464,90.998009,45.765270,91.732979,485.411774,-53.605190,185.217972,-143.906601,80.177895,-143.216492,1.600467,0.636364,1.300710,0.147954,4.707144,-0.488215,
feedback,1.598662,1786440533435,7,Ry,5.000000,15.000000,4.680176,-0.319824,,,385.458557,-55.387100,186.447464,90.998009,45.765270,91.732979,485.424866,-53.598835,185.230698,-144.041214,80.148926,-143.352463,1.390257,0.632911,1.241188,0.129316,4.663250,-0.436123,
feedback,1.606811,1786440533443,7,Ry,5.000000,15.000000,4.948388,-0.051612,,,385.458557,-55.387100,186.447464,90.998009,45.765270,91.732979,485.432037,-53.595860,185.235397,-144.180176,80.118256,-143.493240,0.506832,0.153466,0.256104,0.104594,4.924574,-0.513660,
feedback,1.615510,1786440533451,7,Ry,5.000000,15.000000,5.041233,0.041233,,,385.458557,-55.387100,186.447464,90.998009,45.765270,91.732979,485.439117,-53.587799,185.237396,-144.321716,80.086601,-143.635376,0.718755,1.003958,0.095999,0.113165,5.035552,-0.340525,
feedback,1.624775,1786440533460,7,Ry,5.000000,15.000000,5.205039,0.205039,,,385.458557,-55.387100,186.447464,90.998009,45.765270,91.732979,485.441925,-53.583412,185.234634,-144.464081,80.053329,-143.778885,0.236421,0.515808,-0.447641,-0.022195,5.191126,-0.405009,
feedback,1.631354,1786440533468,7,Ry,5.000000,15.000000,5.211381,0.211381,,,385.458557,-55.387100,186.447464,90.998009,45.765270,91.732979,485.447144,-53.581669,185.232849,-144.603912,80.019806,-143.920685,0.539650,0.219363,-0.221218,-0.041209,5.187517,-0.500337,
feedback,1.639565,1786440533476,7,Ry,5.000000,15.000000,5.240592,0.240592,,,385.458557,-55.387100,186.447464,90.998009,45.765270,91.732979,485.447296,-53.583591,185.229507,-144.742859,79.985733,-144.062073,-0.149950,-0.136807,-0.458533,-0.090241,5.211534,-0.544056,
feedback,1.647632,1786440533485,7,Ry,5.000000,15.000000,5.027757,0.027757,,,385.458557,-55.387100,186.447464,90.998009,45.765270,91.732979,485.447754,-53.583099,185.229370,-144.946838,79.936157,-144.269287,0.319734,0.110858,0.367471,0.010188,5.000137,-0.537712,
feedback,1.656131,1786440533493,7,Ry,5.000000,15.000000,4.724238,-0.275762,,,385.458557,-55.387100,186.447464,90.998009,45.765270,91.732979,485.453766,-53.581852,185.236298,-145.077209,79.905121,-144.402054,0.966382,0.263019,1.094419,0.043407,4.696348,-0.530866,
feedback,1.664344,1786440533502,7,Ry,5.000000,15.000000,4.718179,-0.281821,,,385.458557,-55.387100,186.447464,90.998009,45.765270,91.732979,485.460724,-53.580872,185.244980,-145.205185,79.874313,-144.532410,1.061174,0.234008,1.316587,0.031088,4.689436,-0.536675,
feedback,1.673024,1786440533510,7,Ry,5.000000,15.000000,4.675686,-0.324314,,,385.458557,-55.387100,186.447464,90.998009,45.765270,91.732979,485.469574,-53.580963,185.254654,-145.329483,79.843971,-144.659378,1.294407,-0.003107,1.446245,0.042772,4.642704,-0.578694,
feedback,1.680614,1786440533518,7,Ry,5.000000,15.000000,5.035673,0.035673,,,385.458557,-55.387100,186.447464,90.998009,45.765270,91.732979,485.469391,-53.583206,185.254013,-145.456650,79.811104,-144.789062,0.035782,-0.150770,-0.161090,-0.080606,5.005883,-0.542474,
feedback,1.691101,1786440533527,7,Ry,5.000000,15.000000,5.175926,0.175926,,,385.458557,-55.387100,186.447464,90.998009,45.765270,91.732979,485.463898,-53.584808,185.246979,-145.586136,79.777046,-144.920563,-0.890769,-0.135101,-1.097269,-0.085815,5.153804,-0.472735,
feedback,1.696939,1786440533535,7,Ry,5.000000,15.000000,5.503588,0.503588,,,385.458557,-55.387100,186.447464,90.998009,45.765270,91.732979,485.451141,-53.589188,185.229980,-145.723389,79.740738,-145.060120,-1.666869,-0.561753,-2.304183,-0.091711,5.473244,-0.570225,
feedback,1.705305,1786440533543,7,Ry,5.000000,15.000000,5.426569,0.426569,,,385.458557,-55.387100,186.447464,90.998009,45.765270,91.732979,485.440460,-53.592194,185.212601,-145.856262,79.703796,-145.195160,-0.761190,-0.030667,-1.647991,-0.159579,5.402022,-0.495910,
feedback,1.713894,1786440533552,7,Ry,5.000000,15.000000,5.215287,0.215287,,,385.458557,-55.387100,186.447464,90.998009,45.765270,91.732979,485.434174,-53.594437,185.201614,-145.983139,79.667786,-145.324326,-0.494419,-0.360107,-0.886707,-0.185577,5.179883,-0.587642,
feedback,1.721514,1786440533560,7,Ry,5.000000,15.000000,5.154926,0.154926,,,385.458557,-55.387100,186.447464,90.998009,45.765270,91.732979,485.427582,-53.597801,185.192459,-146.109161,79.632217,-145.452835,-0.623133,-0.408112,-0.800281,-0.134907,5.122370,-0.565819,
feedback,1.729893,1786440533564,7,Ry,5.000000,15.000000,5.400395,0.400395,,,385.458557,-55.387100,186.447464,90.998009,45.765270,91.732979,485.422577,-53.600391,185.186096,-146.169327,79.613632,-145.514282,-1.261483,-0.648323,-1.584268,-0.400726,5.364191,-0.564574,
feedback,1.739397,1786440533573,7,Ry,5.000000,15.000000,5.022196,0.022196,,,385.458557,-55.387100,186.447464,90.998009,45.765270,91.732979,485.410034,-53.607372,185.172882,-146.350403,79.561829,-145.699097,-0.838757,-0.447641,-0.847890,-0.097266,4.990147,-0.560966,
feedback,1.745989,1786440533581,7,Ry,5.000000,15.000000,4.908858,-0.091142,,,385.458557,-55.387100,186.447464,90.998009,45.765270,91.732979,485.406006,-53.610226,185.169449,-146.464523,79.528229,-145.815781,-0.168644,-0.164760,-0.231145,-0.175279,4.877017,-0.538289,
feedback,1.753926,1786440533590,7,Ry,5.000000,15.000000,4.850343,-0.149657,,,385.458557,-55.387100,186.447464,90.998009,45.765270,91.732979,485.411652,-53.609352,185.176788,-146.576416,79.496162,-145.929977,0.675336,-0.068016,0.850212,-0.193280,4.819042,-0.526485,
feedback,1.762291,1786440533598,7,Ry,5.000000,15.000000,4.990912,-0.009088,,,385.458557,-55.387100,186.447464,90.998009,45.765270,91.732979,485.413086,-53.611084,185.183090,-146.692444,79.463326,-146.048538,-0.104739,-0.394185,0.559978,-0.166451,4.955518,-0.579430,
feedback,1.770863,1786440533606,7,Ry,5.000000,15.000000,5.100374,0.100374,,,385.458557,-55.387100,186.447464,90.998009,45.765270,91.732979,485.408691,-53.614624,185.185562,-146.802933,79.428146,-146.161499,-0.594445,-0.354777,0.385092,-0.359089,5.067796,-0.520950,
feedback,1.778272,1786440533615,7,Ry,5.000000,15.000000,5.321166,0.321166,,,385.458557,-55.387100,186.447464,90.998009,45.765270,91.732979,485.397217,-53.616699,185.182388,-146.915222,79.391235,-146.275635,-1.564180,-0.352383,-0.443456,-0.431145,5.291873,-0.486367,
feedback,1.787194,1786440533623,7,Ry,5.000000,15.000000,5.196890,0.196890,,,385.458557,-55.387100,186.447464,90.998009,45.765270,91.732979,485.392242,-53.617168,185.182037,-147.028488,79.355354,-146.390900,-0.370857,-0.132687,0.026927,-0.257940,5.167294,-0.515483,
feedback,1.795925,1786440533632,7,Ry,5.000000,15.000000,5.065134,0.065134,,,385.458557,-55.387100,186.447464,90.998009,45.765270,91.732979,485.393066,-53.617809,185.185638,-147.140274,79.320282,-146.504837,0.307881,-0.027090,0.571846,-0.234537,5.036858,-0.499957,
feedback,1.803606,1786440533640,7,Ry,5.000000,15.000000,5.167836,0.167836,,,385.458557,-55.387100,186.447464,90.998009,45.765270,91.732979,485.393341,-53.620773,185.186951,-147.252289,79.285393,-146.619370,-0.246582,-0.423630,-0.181431,-0.285771,5.133084,-0.559738,
feedback,1.812057,1786440533648,7,Ry,5.000000,15.000000,4.765927,-0.234073,,,385.458557,-55.387100,186.447464,90.998009,45.765270,91.732979,485.399811,-53.619537,185.194122,-147.414169,79.235474,-146.784485,0.897055,0.333993,1.014004,-0.120925,4.738207,-0.500218,
feedback,1.819500,1786440533657,7,Ry,5.000000,15.000000,4.671442,-0.328558,,,385.458557,-55.387100,186.447464,90.998009,45.765270,91.732979,485.410034,-53.615940,185.201828,-147.520752,79.203461,-146.893066,1.577760,0.643002,1.322933,-0.082726,4.647182,-0.468254,
feedback,1.827388,1786440533665,7,Ry,5.000000,15.000000,4.771560,-0.228440,,,385.458557,-55.387100,186.447464,90.998009,45.765270,91.732979,485.424347,-53.610947,185.211060,-147.627380,79.171539,-147.001862,1.706556,0.623694,1.050859,-0.090149,4.744433,-0.500433,
feedback,1.835809,1786440533674,7,Ry,5.000000,15.000000,5.031167,0.031167,,,385.458557,-55.387100,186.447464,90.998009,45.765270,91.732979,485.431702,-53.609436,185.214676,-147.735123,79.138039,-147.111893,0.472250,0.065455,0.137899,-0.184152,5.001775,-0.518716,
feedback,1.844220,1786440533682,7,Ry,5.000000,15.000000,5.131227,0.131227,,,385.458557,-55.387100,186.447464,90.998009,45.765270,91.732979,485.433136,-53.610085,185.213348,-147.845810,79.102829,-147.224792,0.226727,-0.140269,-0.054309,-0.175026,5.101852,-0.525489,
feedback,1.852371,1786440533690,7,Ry,5.000000,15.000000,5.151433,0.151433,,,385.458557,-55.387100,186.447464,90.998009,45.765270,91.732979,485.436005,-53.610313,185.214111,-147.956345,79.067307,-147.337631,0.401890,-0.089968,0.180697,-0.180095,5.119828,-0.547640,
feedback,1.860050,1786440533699,7,Ry,5.000000,15.000000,5.128185,0.128185,,,385.458557,-55.387100,186.447464,90.998009,45.765270,91.732979,485.442993,-53.609001,185.217728,-148.065140,79.032341,-147.448654,0.720495,0.227400,0.379202,-0.189837,5.101328,-0.497652,
feedback,1.868641,1786440533703,7,Ry,5.000000,15.000000,4.930835,-0.069165,,,385.458557,-55.387100,186.447464,90.998009,45.765270,91.732979,485.447784,-53.607765,185.221817,-148.119003,79.015617,-147.503586,1.197273,0.308516,1.029647,-0.085662,4.903389,-0.512733,
feedback,1.876421,1786440533712,7,Ry,5.000000,15.000000,5.103497,0.103497,,,385.458557,-55.387100,186.447464,90.998009,45.765270,91.732979,485.451691,-53.607430,185.225037,-148.228592,78.980568,-147.615448,0.325760,0.000858,0.396085,-0.148078,5.073067,-0.539535,
feedback,1.885413,1786440533721,7,Ry,5.000000,15.000000,5.003988,0.003988,,,385.458557,-55.387100,186.447464,90.998009,45.765270,91.732979,485.453888,-53.607132,185.231323,-148.335892,78.946960,-147.724945,0.193958,-0.014534,0.768002,-0.071649,4.974284,-0.541513,
feedback,1.892755,1786440533729,7,Ry,5.000000,15.000000,4.665896,-0.334104,,,385.458557,-55.387100,186.447464,90.998009,45.765270,91.732979,485.463226,-53.604156,185.248184,-148.489258,78.898605,-147.881439,1.011856,0.255470,1.664861,-0.006078,4.640275,-0.495801,
feedback,1.902012,1786440533737,7,Ry,5.000000,15.000000,4.737804,-0.262196,,,385.458557,-55.387100,186.447464,90.998009,45.765270,91.732979,485.471344,-53.601616,185.258453,-148.590469,78.866486,-147.984726,1.055769,0.346905,1.118903,-0.052401,4.711285,-0.499740,
feedback,1.911260,1786440533746,7,Ry,5.000000,15.000000,4.869652,-0.130348,,,385.458557,-55.387100,186.447464,90.998009,45.765270,91.732979,485.478241,-53.600235,185.266205,-148.692657,78.833832,-148.089157,0.651844,0.230497,0.651286,-0.057173,4.843077,-0.506289,
feedback,1.918177,1786440533754,7,Ry,5.000000,15.000000,5.192316,0.192316,,,385.458557,-55.387100,186.447464,90.998009,45.765270,91.732979,485.479950,-53.600887,185.269287,-148.797058,78.799644,-148.195694,-0.348996,-0.069101,-0.123715,-0.176880,5.168361,-0.474769,
feedback,1.925767,1786440533763,7,Ry,5.000000,15.000000,5.301025,0.301025,,,385.458557,-55.387100,186.447464,90.998009,45.765270,91.732979,485.473083,-53.604458,185.263962,-148.902039,78.762993,-148.302856,-0.948992,-0.467659,-0.704249,-0.220404,5.272028,-0.522128,
feedback,1.934578,1786440533771,7,Ry,5.000000,15.000000,5.471183,0.471183,,,385.458557,-55.387100,186.447464,90.998009,45.765270,91.732979,485.459412,-53.608780,185.253479,-149.007004,78.725166,-148.409897,-2.032600,-0.645234,-1.604337,-0.342817,5.441870,-0.511174,
feedback,1.942592,1786440533780,7,Ry,5.000000,15.000000,5.314554,0.314554,,,385.458557,-55.387100,186.447464,90.998009,45.765270,91.732979,485.449005,-53.610184,185.245468,-149.110260,78.687622,-148.514786,-1.173925,-0.081867,-0.912775,-0.262256,5.292931,-0.442130,
feedback,1.950053,1786440533788,7,Ry,5.000000,15.000000,5.242547,0.242547,,,385.458557,-55.387100,186.447464,90.998009,45.765270,91.732979,485.442291,-53.612278,185.241089,-149.213470,78.650909,-148.620102,-0.786836,-0.443967,-0.436352,-0.211195,5.208256,-0.573068,
feedback,1.958763,1786440533797,7,Ry,5.000000,15.000000,5.035451,0.035451,,,385.458557,-55.387100,186.447464,90.998009,45.765270,91.732979,485.438934,-53.614346,185.241196,-149.316101,78.615799,-148.724930,-0.275862,-0.205908,0.208756,-0.082420,5.008274,-0.516147,
feedback,1.967135,1786440533805,7,Ry,5.000000,15.000000,5.015189,0.015189,,,385.458557,-55.387100,186.447464,90.998009,45.765270,91.732979,485.431183,-53.619587,185.240585,-149.467209,78.564552,-148.879532,-1.052365,-0.385043,-0.456412,-0.101376,4.987096,-0.520578,
feedback,1.975581,1786440533813,7,Ry,5.000000,15.000000,4.860204,-0.139796,,,385.458557,-55.387100,186.447464,90.998009,45.765270,91.732979,485.424927,-53.621239,185.240509,-149.572159,78.531334,-148.986710,-0.409558,0.059453,0.263733,0.170635,4.835103,-0.533943,
feedback,1.983494,1786440533822,7,Ry,5.000000,15.000000,4.835067,-0.164933,,,385.458557,-55.387100,186.447464,90.998009,45.765270,91.732979,485.426422,-53.620235,185.246399,-149.676727,78.498833,-149.093475,0.414656,0.184693,0.969570,0.123512,4.808399,-0.539275,
feedback,1.992070,1786440533830,7,Ry,5.000000,15.000000,5.044906,0.044906,,,385.458557,-55.387100,186.447464,90.998009,45.765270,91.732979,485.426300,-53.620106,185.250748,-149.782410,78.465240,-149.201340,-0.265315,0.022585,0.411106,0.072612,5.022341,-0.500126,
feedback,2.000145,1786440533839,7,Ry,5.000000,15.000000,5.291096,0.291096,,,385.458557,-55.387100,186.447464,90.998009,45.765270,91.732979,485.419861,-53.621986,185.247284,-149.888458,78.429329,-149.309464,-0.921859,-0.302348,-0.632674,-0.032645,5.264106,-0.536992,
feedback,2.008618,1786440533847,7,Ry,5.000000,15.000000,5.515719,0.515719,,,385.458557,-55.387100,186.447464,90.998009,45.765270,91.732979,485.408905,-53.624676,185.238190,-149.994522,78.392189,-149.417694,-1.787760,-0.552571,-1.494251,-0.117569,5.486408,-0.555741,
feedback,2.017055,1786440533851,7,Ry,5.000000,15.000000,5.417363,0.417363,,,385.458557,-55.387100,186.447464,90.998009,45.765270,91.732979,485.403992,-53.626469,185.232422,-150.046707,78.373367,-149.471024,-1.236405,-0.449744,-1.434728,-0.129914,5.387276,-0.555964,
feedback,2.024656,1786440533859,7,Ry,5.000000,15.000000,5.250069,0.250069,,,385.458557,-55.387100,186.447464,90.998009,45.765270,91.732979,485.399017,-53.627247,185.224060,-150.151489,78.336578,-149.577698,-0.210217,-0.051654,-0.735136,-0.027986,5.226306,-0.503825,
feedback,2.032728,1786440533868,7,Ry,5.000000,15.000000,5.300704,0.300704,,,385.458557,-55.387100,186.447464,90.998009,45.765270,91.732979,485.395599,-53.629875,185.215668,-150.255875,78.300392,-149.684357,-0.736449,-0.530511,-1.150363,-0.043602,5.269817,-0.573969,
feedback,2.041119,1786440533876,7,Ry,5.000000,15.000000,5.023467,0.023467,,,385.458557,-55.387100,186.447464,90.998009,45.765270,91.732979,485.395111,-53.632465,185.214584,-150.356644,78.265732,-149.787674,-0.093324,-0.333611,-0.094416,0.046895,4.991812,-0.584067,
feedback,2.049068,1786440533885,7,Ry,5.000000,15.000000,4.654127,-0.345873,,,385.458557,-55.387100,186.447464,90.998009,45.765270,91.732979,485.402496,-53.629326,185.224640,-150.498734,78.216362,-149.932663,1.489428,0.585635,1.466263,0.038895,4.631372,-0.475266,
feedback,2.056996,1786440533893,7,Ry,5.000000,15.000000,4.575210,-0.424790,,,385.458557,-55.387100,186.447464,90.998009,45.765270,91.732979,485.418152,-53.622524,185.239319,-150.586884,78.184525,-150.022430,2.102340,0.751398,2.013809,-0.064063,4.550874,-0.467475,
feedback,2.065272,1786440533901,7,Ry,5.000000,15.000000,4.734838,-0.265162,,,385.458557,-55.387100,186.447464,90.998009,45.765270,91.732979,485.432281,-53.617332,185.249603,-150.677078,78.151802,-150.114609,1.642840,0.517333,1.153502,-0.038491,4.708322,-0.502176,
feedback,2.073687,1786440533910,7,Ry,5.000000,15.000000,5.007658,0.007658,,,385.458557,-55.387100,186.447464,90.998009,45.765270,91.732979,485.437256,-53.615829,185.251129,-150.775436,78.116982,-150.215286,0.774781,0.097486,0.335980,0.031967,4.976851,-0.572079,
feedback,2.082761,1786440533918,7,Ry,5.000000,15.000000,5.194384,0.194384,,,385.458557,-55.387100,186.447464,90.998009,45.765270,91.732979,485.438629,-53.614098,185.249863,-150.875336,78.081253,-150.317032,0.206702,0.249099,-0.141054,0.027689,5.171145,-0.506134,
feedback,2.090959,1786440533927,7,Ry,5.000000,15.000000,5.198058,0.198058,,,385.458557,-55.387100,186.447464,90.998009,45.765270,91.732979,485.442474,-53.614170,185.250900,-150.973907,78.045578,-150.417999,0.336715,-0.006275,0.078663,0.043611,5.169833,-0.558653,
feedback,2.098096,1786440533935,7,Ry,5.000000,15.000000,5.066230,0.066230,,,385.458557,-55.387100,186.447464,90.998009,45.765270,91.732979,485.447632,-53.614822,185.253036,-151.071899,78.010223,-150.518723,0.937291,-0.306338,0.673546,0.022555,5.025272,-0.673872,
feedback,2.106711,1786440533943,7,Ry,5.000000,15.000000,5.055496,0.055496,,,385.458557,-55.387100,186.447464,90.998009,45.765270,91.732979,485.452087,-53.614094,185.256531,-151.170166,77.975632,-150.619263,0.309241,0.234043,0.275325,0.116416,5.034789,-0.490423,
feedback,2.114618,1786440533952,7,Ry,5.000000,15.000000,4.836844,-0.163156,,,385.458557,-55.387100,186.447464,90.998009,45.765270,91.732979,485.455200,-53.615326,185.262543,-151.266281,77.942169,-150.718048,0.525514,-0.098184,0.973529,0.155102,4.804833,-0.598214,
feedback,2.122973,1786440533960,7,Ry,5.000000,15.000000,4.710702,-0.289298,,,385.458557,-55.387100,186.447464,90.998009,45.765270,91.732979,485.461121,-53.613995,185.271667,-151.359314,77.909386,-150.813339,0.867806,0.034722,1.362028,0.148518,4.680720,-0.570311,
feedback,2.130964,1786440533968,7,Ry,5.000000,15.000000,4.661346,-0.338654,,,385.458557,-55.387100,186.447464,90.998009,45.765270,91.732979,485.470123,-53.611317,185.282379,-151.449844,77.877106,-150.905960,1.302672,0.385939,1.492322,0.113630,4.636155,-0.513730,
feedback,2.141618,1786440533977,7,Ry,5.000000,15.000000,4.897633,-0.102367,,,385.458557,-55.387100,186.447464,90.998009,45.765270,91.732979,485.483429,-53.606457,185.294891,-151.585007,77.827728,-151.044418,0.866565,0.361249,0.474408,0.060557,4.872188,-0.518609,
feedback,2.147308,1786440533985,7,Ry,5.000000,15.000000,5.134455,0.134455,,,385.458557,-55.387100,186.447464,90.998009,45.765270,91.732979,485.482758,-53.607620,185.292892,-151.676590,77.792023,-151.138641,-0.175694,-0.368583,-0.345965,-0.078657,5.097652,-0.617471,
feedback,2.155304,1786440533994,7,Ry,5.000000,15.000000,5.434459,0.434459,,,385.458557,-55.387100,186.447464,90.998009,45.765270,91.732979,485.475494,-53.610321,185.283371,-151.769806,77.754555,-151.234161,-1.362684,-0.475017,-1.629303,-0.136609,5.403772,-0.561599,
feedback,2.163632,1786440534002,7,Ry,5.000000,15.000000,5.445229,0.445229,,,385.458557,-55.387100,186.447464,90.998009,45.765270,91.732979,485.461182,-53.615963,185.269699,-151.861359,77.715538,-151.328262,-1.729264,-0.885588,-1.563345,-0.241034,5.406042,-0.626882,
feedback,2.172136,1786440534010,7,Ry,5.000000,15.000000,5.375082,0.375082,,,385.458557,-55.387100,186.447464,90.998009,45.765270,91.732979,485.449921,-53.621441,185.258148,-151.950058,77.676666,-151.419693,-1.127059,-0.418360,-1.133669,-0.232580,5.342797,-0.556397,
feedback,2.180359,1786440534019,7,Ry,5.000000,15.000000,5.293301,0.293301,,,385.458557,-55.387100,186.447464,90.998009,45.765270,91.732979,485.441162,-53.628006,185.247757,-152.037735,77.638420,-151.510269,-0.811344,-0.664988,-0.952759,-0.221912,5.256795,-0.595973,
feedback,2.188874,1786440534027,7,Ry,5.000000,15.000000,5.106889,0.106889,,,385.458557,-55.387100,186.447464,90.998009,45.765270,91.732979,485.434113,-53.633308,185.240341,-152.125214,77.601540,-151.600281,-0.648460,-0.527483,-0.832640,-0.103460,5.075218,-0.560486,
feedback,2.196592,1786440534035,7,Ry,5.000000,15.000000,5.024195,0.024195,,,385.458557,-55.387100,186.447464,90.998009,45.765270,91.732979,485.427979,-53.636944,185.233170,-152.215912,77.565598,-151.693481,-0.558687,-0.231150,-0.548710,0.049533,4.996497,-0.545386,
feedback,2.205175,1786440534040,7,Ry,5.000000,15.000000,5.082502,0.082502,,,385.458557,-55.387100,186.447464,90.998009,45.765270,91.732979,485.423981,-53.638065,185.228561,-152.259933,77.547737,-151.738556,-1.007287,-0.282062,-1.147407,-0.027296,5.056171,-0.520523,
feedback,2.213108,1786440534048,7,Ry,5.000000,15.000000,4.962812,-0.037188,,,385.458557,-55.387100,186.447464,90.998009,45.765270,91.732979,485.419556,-53.638462,185.223297,-152.346924,77.512642,-151.827667,-0.226404,0.033723,-0.371484,-0.014905,4.934949,-0.531798,
feedback,2.221247,1786440534057,7,Ry,5.000000,15.000000,5.033290,0.033290,,,385.458557,-55.387100,186.447464,90.998009,45.765270,91.732979,485.419037,-53.636730,185.219604,-152.431427,77.477196,-151.914093,-0.126978,0.209043,-0.535193,-0.044736,5.008809,-0.496363,
feedback,2.229456,1786440534065,7,Ry,5.000000,15.000000,5.244018,0.244018,,,385.458557,-55.387100,186.447464,90.998009,45.765270,91.732979,485.413910,-53.635082,185.213989,-152.553406,77.421616,-152.038559,-0.793237,0.016396,-0.662050,-0.221389,5.221581,-0.454085,
feedback,2.237323,1786440534074,7,Ry,5.000000,15.000000,5.371439,0.371439,,,385.458557,-55.387100,186.447464,90.998009,45.765270,91.732979,485.403198,-53.637032,185.205765,-152.637085,77.382919,-152.123856,-1.408654,-0.353081,-1.010715,-0.293340,5.348274,-0.454485,
feedback,2.245590,1786440534082,7,Ry,5.000000,15.000000,5.175754,0.175754,,,385.458557,-55.387100,186.447464,90.998009,45.765270,91.732979,485.396057,-53.639740,185.201340,-152.718979,77.344879,-152.207703,-0.271369,-0.204258,0.016200,-0.200209,5.148993,-0.497333,
feedback,2.253693,1786440534090,7,Ry,5.000000,15.000000,5.004191,0.004191,,,385.458557,-55.387100,186.447464,90.998009,45.765270,91.732979,485.396057,-53.641106,185.202240,-152.798706,77.307983,-152.289459,0.447465,-0.007385,0.606292,-0.195568,4.978135,-0.482279,
feedback,2.261859,1786440534099,7,Ry,5.000000,15.000000,5.177865,0.177865,,,385.458557,-55.387100,186.447464,90.998009,45.765270,91.732979,485.392609,-53.644600,185.198746,-152.878983,77.270180,-152.372055,-0.463819,-0.440261,-0.332601,-0.279391,5.147506,-0.518275,
feedback,2.269999,1786440534108,7,Ry,5.000000,15.000000,5.005168,0.005168,,,385.458557,-55.387100,186.447464,90.998009,45.765270,91.732979,485.390015,-53.647026,185.197144,-152.952118,77.233192,-152.447266,-0.251777,-0.288824,-0.037888,-0.332620,4.975565,-0.491842,
feedback,2.278224,1786440534116,7,Ry,5.000000,15.000000,4.805223,-0.194777,,,385.458557,-55.387100,186.447464,90.998009,45.765270,91.732979,485.394287,-53.646214,185.201202,-153.022797,77.197876,-152.519821,0.801595,0.162687,0.694853,-0.297362,4.779114,-0.453417,
feedback,2.286703,1786440534124,7,Ry,5.000000,15.000000,4.540560,-0.459440,,,385.458557,-55.387100,186.447464,90.998009,45.765270,91.732979,485.407440,-53.642242,185.211914,-153.094254,77.164223,-152.593201,2.352522,0.668094,2.080590,-0.120508,4.514956,-0.467660,
feedback,2.294511,1786440534133,7,Ry,5.000000,15.000000,4.846553,-0.153447,,,385.458557,-55.387100,186.447464,90.998009,45.765270,91.732979,485.430237,-53.632504,185.227234,-153.202377,77.113220,-152.703674,1.346150,0.681132,0.664231,-0.169198,4.826989,-0.414755,
feedback,2.303202,1786440534141,7,Ry,5.000000,15.000000,5.078042,0.078042,,,385.458557,-55.387100,186.447464,90.998009,45.765270,91.732979,485.434784,-53.628948,185.228119,-153.278687,77.076851,-152.781540,0.254944,0.308867,-0.023900,-0.176018,5.057541,-0.434827,
feedback,2.311410,1786440534150,7,Ry,5.000000,15.000000,5.106557,0.106557,,,385.458557,-55.387100,186.447464,90.998009,45.765270,91.732979,485.439087,-53.626408,185.230255,-153.354492,77.039886,-152.858978,0.533944,0.220593,0.347612,-0.238153,5.081825,-0.466551,
feedback,2.319815,1786440534158,7,Ry,5.000000,15.000000,5.138504,0.138504,,,385.458557,-55.387100,186.447464,90.998009,45.765270,91.732979,485.442932,-53.627472,185.231659,-153.430832,77.002769,-152.937607,0.571366,-0.219216,0.279742,-0.212860,5.105932,-0.550489,
feedback,2.328058,1786440534167,7,Ry,5.000000,15.000000,5.209834,0.209834,,,385.458557,-55.387100,186.447464,90.998009,45.765270,91.732979,485.444946,-53.629654,185.230576,-153.507767,76.965118,-153.016861,0.106290,-0.274876,-0.238214,-0.212672,5.180647,-0.520762,
feedback,2.336097,1786440534175,7,Ry,5.000000,15.000000,5.014681,0.014681,,,385.458557,-55.387100,186.447464,90.998009,45.765270,91.732979,485.449493,-53.628166,185.232544,-153.584213,76.928734,-153.095169,0.403140,0.115266,0.197541,-0.109350,4.989493,-0.490358,
feedback,2.344135,1786440534179,7,Ry,5.000000,15.000000,5.192443,0.192443,,,385.458557,-55.387100,186.447464,90.998009,45.765270,91.732979,485.449432,-53.628094,185.231415,-153.622162,76.909904,-153.134018,-0.012621,0.017391,-0.276760,-0.213607,5.167979,-0.472983,
feedback,2.353073,1786440534188,7,Ry,5.000000,15.000000,4.797263,-0.202737,,,385.458557,-55.387100,186.447464,90.998009,45.765270,91.732979,485.453766,-53.627033,185.235626,-153.695755,76.874725,-153.209686,0.905220,0.238048,0.958071,-0.089092,4.769193,-0.511291,
feedback,2.360888,1786440534196,7,Ry,5.000000,15.000000,4.734718,-0.265282,,,385.458557,-55.387100,186.447464,90.998009,45.765270,91.732979,485.462616,-53.623489,185.245026,-153.768707,76.840881,-153.284576,1.064487,0.521011,1.223902,-0.034346,4.712824,-0.457205,
feedback,2.371191,1786440534205,7,Ry,5.000000,15.000000,4.610644,-0.389356,,,385.458557,-55.387100,186.447464,90.998009,45.765270,91.732979,485.480530,-53.616066,185.265152,-153.876999,76.791222,-153.395370,1.591402,0.561148,1.874681,-0.025661,4.587310,-0.466592,
feedback,2.377176,1786440534213,7,Ry,5.000000,15.000000,4.979251,-0.020749,,,385.458557,-55.387100,186.447464,90.998009,45.765270,91.732979,485.480072,-53.618374,185.268188,-153.949692,76.754944,-153.470505,0.093259,-0.335125,0.471928,-0.156352,4.944539,-0.573880,
feedback,2.385381,1786440534222,7,Ry,5.000000,15.000000,5.243711,0.243711,,,385.458557,-55.387100,186.447464,90.998009,45.765270,91.732979,485.473114,-53.620312,185.264999,-154.024139,76.717247,-153.546860,-1.016803,-0.194651,-0.554689,-0.210178,5.220043,-0.468440,
feedback,2.393540,1786440534230,7,Ry,5.000000,15.000000,5.335207,0.335207,,,385.458557,-55.387100,186.447464,90.998009,45.765270,91.732979,485.461151,-53.622166,185.257477,-154.100006,76.678711,-153.624252,-1.412530,-0.252931,-0.784044,-0.203519,5.314172,-0.448436,
feedback,2.401853,1786440534238,7,Ry,5.000000,15.000000,5.323089,0.323089,,,385.458557,-55.387100,186.447464,90.998009,45.765270,91.732979,485.450806,-53.625038,185.251022,-154.175949,76.639587,-153.702057,-1.101322,-0.253001,-0.659330,-0.192509,5.299096,-0.479107,
feedback,2.409995,1786440534247,7,Ry,5.000000,15.000000,5.338206,0.338206,,,385.458557,-55.387100,186.447464,90.998009,45.765270,91.732979,485.441101,-53.628860,185.243591,-154.249649,76.600517,-153.777893,-1.254873,-0.455434,-0.950212,-0.213625,5.309188,-0.525592,
feedback,2.418053,1786440534255,7,Ry,5.000000,15.000000,5.290615,0.290615,,,385.458557,-55.387100,186.447464,90.998009,45.765270,91.732979,485.430573,-53.630974,185.234589,-154.322128,76.561737,-153.851959,-1.299252,-0.366774,-1.083564,-0.257918,5.265915,-0.472142,
feedback,2.428034,1786440534264,7,Ry,5.000000,15.000000,5.116944,0.116944,,,385.458557,-55.387100,186.447464,90.998009,45.765270,91.732979,485.423370,-53.631992,185.226974,-154.393036,76.523918,-153.924637,-0.809752,-0.055975,-0.889782,-0.215468,5.094270,-0.451013,
feedback,2.434854,1786440534272,7,Ry,5.000000,15.000000,5.032202,0.032202,,,385.458557,-55.387100,186.447464,90.998009,45.765270,91.732979,485.417572,-53.632652,185.220001,-154.464386,76.487228,-153.997818,-0.524989,-0.063510,-0.760486,-0.135999,5.008612,-0.470515,
feedback,2.443264,1786440534281,7,Ry,5.000000,15.000000,4.738527,-0.261473,,,385.458557,-55.387100,186.447464,90.998009,45.765270,91.732979,485.421967,-53.631615,185.221771,-154.534409,76.452415,-154.069946,1.140993,0.160243,0.747577,-0.050090,4.707829,-0.541454,
feedback,2.451309,1786440534289,7,Ry,5.000000,15.000000,5.100922,0.100922,,,385.458557,-55.387100,186.447464,90.998009,45.765270,91.732979,485.423401,-53.631214,185.219971,-154.639969,76.398422,-154.178589,-0.385050,0.269975,-0.678068,-0.180782,5.082025,-0.419371,
feedback,2.459334,1786440534298,7,Ry,5.000000,15.000000,5.321705,0.321705,,,385.458557,-55.387100,186.447464,90.998009,45.765270,91.732979,485.414490,-53.633179,185.210587,-154.713715,76.360329,-154.254242,-1.391814,-0.281159,-1.405657,-0.075847,5.297219,-0.505763,
feedback,2.467537,1786440534306,7,Ry,5.000000,15.000000,5.392367,0.392367,,,385.458557,-55.387100,186.447464,90.998009,45.765270,91.732979,485.402771,-53.635868,185.199280,-154.793350,76.321915,-154.335892,-1.346141,-0.121446,-1.416350,0.062666,5.370757,-0.506999,
feedback,2.475751,1786440534315,7,Ry,5.000000,15.000000,5.170784,0.170784,,,385.458557,-55.387100,186.447464,90.998009,45.765270,91.732979,485.399231,-53.636944,185.194687,-154.871429,76.284515,-154.416107,-0.122920,0.007922,-0.222361,0.045990,5.144429,-0.539164,
feedback,2.483926,1786440534323,7,Ry,5.000000,15.000000,5.244901,0.244901,,,385.458557,-55.387100,186.447464,90.998009,45.765270,91.732979,485.395355,-53.638988,185.190140,-154.948822,76.246376,-154.495850,-0.395643,-0.206355,-0.380906,0.029586,5.216295,-0.562205,
feedback,2.491958,1786440534327,7,Ry,5.000000,15.000000,5.210490,0.210490,,,385.458557,-55.387100,186.447464,90.998009,45.765270,91.732979,485.393921,-53.639320,185.188309,-154.986694,76.227707,-154.534836,-0.360986,-0.083694,-0.453297,0.025442,5.183256,-0.546068,
feedback,2.500167,1786440534336,7,Ry,5.000000,15.000000,5.155997,0.155997,,,385.458557,-55.387100,186.447464,90.998009,45.765270,91.732979,485.389954,-53.638901,185.184067,-155.060883,76.190460,-154.610779,-0.545004,-0.001771,-0.417401,-0.051496,5.133222,-0.484735,
feedback,2.508589,1786440534344,7,Ry,5.000000,15.000000,4.817996,-0.182004,,,385.458557,-55.387100,186.447464,90.998009,45.765270,91.732979,485.394684,-53.634697,185.187607,-155.130783,76.155029,-154.682220,0.875459,0.534138,0.801453,0.022451,4.795922,-0.474025,
feedback,2.516463,1786440534353,7,Ry,5.000000,15.000000,4.561902,-0.438098,,,385.458557,-55.387100,186.447464,90.998009,45.765270,91.732979,485.410645,-53.628372,185.200012,-155.200012,76.122070,-154.753387,2.556067,0.920400,2.054014,0.140484,4.537516,-0.505644,
feedback,2.525035,1786440534361,7,Ry,5.000000,15.000000,4.859543,-0.140457,,,385.458557,-55.387100,186.447464,90.998009,45.765270,91.732979,485.430847,-53.622253,185.214157,-155.303284,76.071747,-154.860001,0.759222,0.320299,0.379758,0.078901,4.833437,-0.526631,
feedback,2.535453,1786440534369,7,Ry,5.000000,15.000000,4.866264,-0.133736,,,385.458557,-55.387100,186.447464,90.998009,45.765270,91.732979,485.440216,-53.618378,185.221146,-155.371902,76.037025,-154.930435,0.856683,0.337558,0.740200,-0.006809,4.843249,-0.480343,
feedback,2.540972,1786440534378,7,Ry,5.000000,15.000000,5.044219,0.044219,,,385.458557,-55.387100,186.447464,90.998009,45.765270,91.732979,485.445099,-53.616112,185.223892,-155.439133,76.000465,-154.999527,0.610265,0.265942,0.365581,-0.133522,5.019178,-0.485900,
feedback,2.549157,1786440534386,7,Ry,5.000000,15.000000,5.171526,0.171526,,,385.458557,-55.387100,186.447464,90.998009,45.765270,91.732979,485.448517,-53.615311,185.225784,-155.504303,75.962692,-155.066605,0.395690,0.034755,0.251149,-0.197201,5.144383,-0.501382,
feedback,2.557375,1786440534394,7,Ry,5.000000,15.000000,5.267953,0.267953,,,385.458557,-55.387100,186.447464,90.998009,45.765270,91.732979,485.452637,-53.612907,185.228577,-155.573181,75.925240,-155.137177,0.085272,0.147513,-0.020306,-0.073059,5.244289,-0.495298,
feedback,2.565784,1786440534403,7,Ry,5.000000,15.000000,5.286968,0.286968,,,385.458557,-55.387100,186.447464,90.998009,45.765270,91.732979,485.449341,-53.613247,185.227386,-155.643219,75.887260,-155.209213,-0.875974,-0.075191,-0.523906,-0.065964,5.263818,-0.492536,
feedback,2.574406,1786440534411,7,Ry,5.000000,15.000000,5.015771,0.015771,,,385.458557,-55.387100,186.447464,90.998009,45.765270,91.732979,485.452148,-53.610950,185.234711,-155.713638,75.851379,-155.281570,0.097042,0.263566,0.694822,0.078914,4.992984,-0.501984,
feedback,2.582438,1786440534420,7,Ry,5.000000,15.000000,4.829904,-0.170096,,,385.458557,-55.387100,186.447464,90.998009,45.765270,91.732979,485.456665,-53.607395,185.243881,-155.784836,75.816269,-155.354584,0.866643,0.588551,1.526898,0.189551,4.811076,-0.473890,
feedback,2.591343,1786440534428,7,Ry,5.000000,15.000000,4.692134,-0.307866,,,385.458557,-55.387100,186.447464,90.998009,45.765270,91.732979,485.466461,-53.601448,185.257660,-155.855148,75.783096,-155.426376,1.266502,0.648500,1.635706,0.223568,4.674723,-0.459060,
feedback,2.598910,1786440534436,7,Ry,5.000000,15.000000,4.763481,-0.236519,,,385.458557,-55.387100,186.447464,90.998009,45.765270,91.732979,485.472443,-53.599991,185.266953,-155.925095,75.749390,-155.498550,0.554716,-0.031576,1.025250,0.165919,4.733386,-0.577569,
feedback,2.608485,1786440534445,7,Ry,5.000000,15.000000,5.024232,0.024232,,,385.458557,-55.387100,186.447464,90.998009,45.765270,91.732979,485.471008,-53.599659,185.268204,-156.029419,75.696335,-155.605911,-0.477125,-0.071897,-0.347012,0.062314,5.001079,-0.502918,
feedback,2.615762,1786440534453,7,Ry,5.000000,15.000000,5.241502,0.241502,,,385.458557,-55.387100,186.447464,90.998009,45.765270,91.732979,485.463531,-53.600929,185.261978,-156.098083,75.658653,-155.676575,-0.957091,-0.200211,-0.907015,-0.032349,5.215421,-0.525460,
feedback,2.624559,1786440534462,7,Ry,5.000000,15.000000,5.323536,0.323536,,,385.458557,-55.387100,186.447464,90.998009,45.765270,91.732979,485.457825,-53.603096,185.255814,-156.165436,75.620102,-155.746353,-0.745897,-0.409515,-0.776285,-0.067924,5.288867,-0.608171,
feedback,2.631659,1786440534470,7,Ry,5.000000,15.000000,5.372981,0.372981,,,385.458557,-55.387100,186.447464,90.998009,45.765270,91.732979,485.449371,-53.604923,185.246719,-156.232315,75.580704,-155.815247,-1.118455,-0.224588,-1.233909,-0.117055,5.347541,-0.510029,
feedback,2.640943,1786440534478,7,Ry,5.000000,15.000000,5.550241,0.550241,,,385.458557,-55.387100,186.447464,90.998009,45.765270,91.732979,485.437439,-53.607773,185.235062,-156.297867,75.540794,-155.882706,-1.941469,-0.396025,-1.814684,-0.204744,5.526930,-0.481683,
feedback,2.648020,1786440534487,7,Ry,5.000000,15.000000,5.545677,0.545677,,,385.458557,-55.387100,186.447464,90.998009,45.765270,91.732979,485.423676,-53.611954,185.222137,-156.362961,75.500854,-155.949783,-2.130490,-0.631258,-1.937631,-0.188046,5.518672,-0.521200,
feedback,2.657203,1786440534491,7,Ry,5.000000,15.000000,5.255711,0.255711,,,385.458557,-55.387100,186.447464,90.998009,45.765270,91.732979,485.417206,-53.614025,185.216522,-156.393982,75.481430,-155.981888,-1.627768,-0.519156,-1.400952,-0.203914,5.227058,-0.519437,
feedback,2.664366,1786440534500,7,Ry,5.000000,15.000000,5.049984,0.049984,,,385.458557,-55.387100,186.447464,90.998009,45.765270,91.732979,485.409393,-53.615356,185.209457,-156.456360,75.443130,-156.046188,-0.282064,-0.026877,-0.389467,-0.121892,5.023269,-0.504934,
feedback,2.672629,1786440534508,7,Ry,5.000000,15.000000,4.683546,-0.316454,,,385.458557,-55.387100,186.447464,90.998009,45.765270,91.732979,485.413696,-53.615826,185.213608,-156.518005,75.408073,-156.110260,1.147291,0.140600,1.051515,0.043425,4.653065,-0.554241,
feedback,2.681205,1786440534517,7,Ry,5.000000,15.000000,4.853008,-0.146992,,,385.458557,-55.387100,186.447464,90.998009,45.765270,91.732979,485.414276,-53.615215,185.215042,-156.581650,75.372322,-156.175751,0.188745,0.053883,0.329785,0.043985,4.829234,-0.496716,
feedback,2.689564,1786440534525,7,Ry,5.000000,15.000000,5.085985,0.085985,,,385.458557,-55.387100,186.447464,90.998009,45.765270,91.732979,485.407990,-53.615070,185.209610,-156.681137,75.317932,-156.277985,-0.810189,0.124023,-0.739631,0.049329,5.066437,-0.467950,
feedback,2.697407,1786440534533,7,Ry,5.000000,15.000000,5.166895,0.166895,,,385.458557,-55.387100,186.447464,90.998009,45.765270,91.732979,485.403839,-53.615791,185.204590,-156.743378,75.279922,-156.342133,-0.301908,0.125326,-0.538496,-0.112787,5.146576,-0.449320,
feedback,2.705315,1786440534542,7,Ry,5.000000,15.000000,5.252809,0.252809,,,385.458557,-55.387100,186.447464,90.998009,45.765270,91.732979,485.401794,-53.615360,185.199539,-156.804886,75.241150,-156.405350,-0.185349,0.136640,-0.576015,-0.159824,5.231761,-0.452166,
feedback,2.713779,1786440534550,7,Ry,5.000000,15.000000,5.187954,0.187954,,,385.458557,-55.387100,186.447464,90.998009,45.765270,91.732979,485.400146,-53.614811,185.195435,-156.863678,75.202461,-156.465805,-0.237286,0.008797,-0.525169,-0.256004,5.163886,-0.460640,
feedback,2.721684,1786440534559,7,Ry,5.000000,15.000000,5.233589,0.233589,,,385.458557,-55.387100,186.447464,90.998009,45.765270,91.732979,485.394623,-53.616150,185.189133,-156.924164,75.162849,-156.528183,-0.369164,0.004212,-0.529284,-0.198139,5.208992,-0.479148,
feedback,2.730526,1786440534567,7,Ry,5.000000,15.000000,5.095233,0.095233,,,385.458557,-55.387100,186.447464,90.998009,45.765270,91.732979,485.393005,-53.616230,185.187531,-156.979660,75.124069,-156.585648,0.182982,0.130788,0.164578,-0.358394,5.069522,-0.452802,
feedback,2.738588,1786440534576,7,Ry,5.000000,15.000000,4.856357,-0.143643,,,385.458557,-55.387100,186.447464,90.998009,45.765270,91.732979,485.401917,-53.612476,185.194595,-157.034103,75.087486,-156.641724,1.454795,0.658453,1.101597,-0.183656,4.837173,-0.408594,
feedback,2.746257,1786440534584,7,Ry,5.000000,15.000000,4.795592,-0.204408,,,385.458557,-55.387100,186.447464,90.998009,45.765270,91.732979,485.411621,-53.610832,185.203217,-157.087540,75.052010,-156.697296,0.838360,-0.005277,0.827913,-0.141039,4.764181,-0.534572,
feedback,2.754229,1786440534592,7,Ry,5.000000,15.000000,4.779608,-0.220392,,,385.458557,-55.387100,186.447464,90.998009,45.765270,91.732979,485.420776,-53.607819,185.211914,-157.141281,75.016792,-156.752808,0.876963,0.276561,0.922571,-0.218108,4.757101,-0.431031,
feedback,2.763998,1786440534601,7,Ry,5.000000,15.000000,4.734021,-0.265979,,,385.458557,-55.387100,186.447464,90.998009,45.765270,91.732979,485.440857,-53.602573,185.232864,-157.214569,74.964577,-156.828766,1.529090,0.398554,1.547587,-0.283558,4.709725,-0.434046,
feedback,2.770947,1786440534609,7,Ry,5.000000,15.000000,4.845624,-0.154376,,,385.458557,-55.387100,186.447464,90.998009,45.765270,91.732979,485.455017,-53.599014,185.246674,-157.266663,74.929054,-156.882812,1.544833,0.448279,1.511587,-0.186617,4.821870,-0.452755,
feedback,2.779032,1786440534618,7,Ry,5.000000,15.000000,5.087758,0.087758,,,385.458557,-55.387100,186.447464,90.998009,45.765270,91.732979,485.459930,-53.596958,185.253128,-157.321030,74.891685,-156.938889,0.242445,0.227381,0.505500,-0.194714,5.066270,-0.441436,
feedback,2.787171,1786440534622,7,Ry,5.000000,15.000000,5.134115,0.134115,,,385.458557,-55.387100,186.447464,90.998009,45.765270,91.732979,485.459991,-53.596401,185.254425,-157.348663,74.872536,-156.967346,0.009884,0.137220,0.330220,-0.216686,5.111902,-0.446886,
feedback,2.794973,1786440534631,7,Ry,5.000000,15.000000,5.218846,0.218846,,,385.458557,-55.387100,186.447464,90.998009,45.765270,91.732979,485.457153,-53.595974,185.254272,-157.404724,74.833786,-157.025116,-0.423973,0.078594,-0.002825,-0.198769,5.196200,-0.458973,
feedback,2.803486,1786440534639,7,Ry,5.000000,15.000000,5.181316,0.181316,,,385.458557,-55.387100,186.447464,90.998009,45.765270,91.732979,485.456512,-53.594589,185.255615,-157.461029,74.795219,-157.083023,-0.223836,-0.020816,0.074096,-0.196107,5.158002,-0.464124,
feedback,2.812068,1786440534647,7,Ry,5.000000,15.000000,5.064272,0.064272,,,385.458557,-55.387100,186.447464,90.998009,45.765270,91.732979,485.458771,-53.594482,185.258484,-157.516327,74.757477,-157.140488,0.360021,-0.031409,0.331669,-0.135437,5.035021,-0.528201,
feedback,2.820396,1786440534656,7,Ry,5.000000,15.000000,5.044406,0.044406,,,385.458557,-55.387100,186.447464,90.998009,45.765270,91.732979,485.459167,-53.595718,185.258972,-157.570496,74.719688,-157.196869,-0.140743,-0.177026,0.161251,-0.163487,5.015266,-0.520774,
feedback,2.828145,1786440534664,7,Ry,5.000000,15.000000,4.974705,-0.025295,,,385.458557,-55.387100,186.447464,90.998009,45.765270,91.732979,485.457855,-53.598045,185.257904,-157.624283,74.682686,-157.253128,-0.198853,-0.453044,-0.328941,-0.149592,4.940604,-0.568834,
feedback,2.837244,1786440534673,7,Ry,5.000000,15.000000,4.809760,-0.190240,,,385.458557,-55.387100,186.447464,90.998009,45.765270,91.732979,485.455658,-53.599331,185.258835,-157.704117,74.628288,-157.336227,0.095792,0.207199,0.388700,-0.090875,4.786003,-0.468968,
feedback,2.844250,1786440534681,7,Ry,5.000000,15.000000,4.856394,-0.143606,,,385.458557,-55.387100,186.447464,90.998009,45.765270,91.732979,485.458130,-53.597717,185.262451,-157.758453,74.592270,-157.392441,0.590497,0.328668,0.650434,-0.051438,4.833645,-0.468852,
feedback,2.852691,1786440534689,7,Ry,5.000000,15.000000,5.073062,0.073062,,,385.458557,-55.387100,186.447464,90.998009,45.765270,91.732979,485.457855,-53.596676,185.264145,-157.812866,74.554932,-157.448700,-0.185507,0.181812,0.085209,-0.126826,5.051633,-0.452911,
feedback,2.860761,1786440534698,7,Ry,5.000000,15.000000,5.305135,0.305135,,,385.458557,-55.387100,186.447464,90.998009,45.765270,91.732979,485.450775,-53.598602,185.260468,-157.865845,74.515854,-157.503586,-1.301220,-0.266709,-0.802536,-0.266059,5.281190,-0.463676,
feedback,2.869042,1786440534706,7,Ry,5.000000,15.000000,5.459440,0.459440,,,385.458557,-55.387100,186.447464,90.998009,45.765270,91.732979,485.436646,-53.602997,185.250626,-157.920502,74.475388,-157.560242,-2.244104,-0.777610,-1.601139,-0.275871,5.430897,-0.515349,
feedback,2.877083,1786440534715,7,Ry,5.000000,15.000000,5.490340,0.490340,,,385.458557,-55.387100,186.447464,90.998009,45.765270,91.732979,485.417450,-53.608356,185.237213,-157.974869,74.434105,-157.616501,-2.310623,-0.616776,-1.648242,-0.274229,5.465120,-0.484424,
feedback,2.885715,1786440534723,7,Ry,5.000000,15.000000,5.136751,0.136751,,,385.458557,-55.387100,186.447464,90.998009,45.765270,91.732979,485.410065,-53.611599,185.232437,-158.028473,74.395035,-157.672424,-0.717559,-0.401218,-0.304199,-0.154823,5.105735,-0.545751,
feedback,2.894010,1786440534732,7,Ry,5.000000,15.000000,5.142972,0.142972,,,385.458557,-55.387100,186.447464,90.998009,45.765270,91.732979,485.406342,-53.614586,185.230988,-158.081985,74.356407,-157.728439,-0.544308,-0.339610,-0.200561,-0.173993,5.111228,-0.549667,
feedback,2.903037,1786440534740,7,Ry,5.000000,15.000000,4.937437,-0.062563,,,385.458557,-55.387100,186.447464,90.998009,45.765270,91.732979,485.403290,-53.616695,185.230011,-158.133194,74.318825,-157.782043,-0.174240,-0.119210,0.113388,-0.146323,4.909440,-0.507109,
feedback,2.909992,1786440534748,7,Ry,5.000000,15.000000,4.935669,-0.064331,,,385.458557,-55.387100,186.447464,90.998009,45.765270,91.732979,485.400482,-53.617966,185.230423,-158.183167,74.282288,-157.834137,-0.560022,-0.062440,-0.142972,-0.164754,4.911970,-0.461073,
feedback,2.918472,1786440534757,7,Ry,5.000000,15.000000,4.660375,-0.339625,,,385.458557,-55.387100,186.447464,90.998009,45.765270,91.732979,485.413422,-53.613811,185.242050,-158.258347,74.229729,-157.912552,1.776863,0.414720,1.505674,-0.040642,4.629846,-0.537546,
feedback,2.926825,1786440534765,7,Ry,5.000000,15.000000,4.882442,-0.117558,,,385.458557,-55.387100,186.447464,90.998009,45.765270,91.732979,485.422180,-53.611496,185.249496,-158.309235,74.193855,-157.965622,0.795531,0.343300,0.650060,-0.100860,4.857415,-0.483453,
feedback,2.934816,1786440534774,7,Ry,5.000000,15.000000,5.161030,0.161030,,,385.458557,-55.387100,186.447464,90.998009,45.765270,91.732979,485.420563,-53.612110,185.248810,-158.361740,74.155876,-158.020218,-0.524269,-0.164623,-0.311635,-0.145244,5.134910,-0.500451,
feedback,2.943225,1786440534778,7,Ry,5.000000,15.000000,5.155289,0.155289,,,385.458557,-55.387100,186.447464,90.998009,45.765270,91.732979,485.419250,-53.612854,185.248199,-158.387665,74.136620,-158.047195,-0.331542,-0.187384,-0.148309,-0.158592,5.127823,-0.510933,
feedback,2.951064,1786440534786,7,Ry,5.000000,15.000000,5.300610,0.300610,,,385.458557,-55.387100,186.447464,90.998009,45.765270,91.732979,485.416504,-53.613705,185.244614,-158.442719,74.097351,-158.104309,-0.148790,-0.145411,-0.384125,-0.005262,5.272244,-0.556285,
feedback,2.959768,1786440534794,7,Ry,5.000000,15.000000,5.135492,0.135492,,,385.458557,-55.387100,186.447464,90.998009,45.765270,91.732979,485.421448,-53.612492,185.248016,-158.500229,74.059601,-158.164078,0.599634,0.094986,0.456580,0.063864,5.107597,-0.556023,
feedback,2.967389,1786440534803,7,Ry,5.000000,15.000000,5.207473,0.207473,,,385.458557,-55.387100,186.447464,90.998009,45.765270,91.732979,485.422943,-53.612068,185.248245,-158.556534,74.021385,-158.222504,-0.067538,-0.065445,-0.214217,0.000658,5.179735,-0.546337,
feedback,2.975446,1786440534811,7,Ry,5.000000,15.000000,5.088457,0.088457,,,385.458557,-55.387100,186.447464,90.998009,45.765270,91.732979,485.423737,-53.611439,185.249069,-158.612228,73.983727,-158.280411,0.232909,-0.000643,0.234357,0.070555,5.057437,-0.585723,
feedback,2.984087,1786440534819,7,Ry,5.000000,15.000000,4.725814,-0.274186,,,385.458557,-55.387100,186.447464,90.998009,45.765270,91.732979,485.432617,-53.608452,185.257965,-158.665970,73.948151,-158.336441,1.635777,0.419104,1.647400,0.114534,4.696712,-0.556099,
feedback,2.992024,1786440534828,7,Ry,5.000000,15.000000,4.500290,-0.499710,,,385.458557,-55.387100,186.447464,90.998009,45.765270,91.732979,485.451569,-53.602356,185.273529,-158.718201,73.914558,-158.390854,3.031852,0.949542,2.511482,0.197894,4.473830,-0.533884,
feedback,3.000514,1786440534836,7,Ry,5.000000,15.000000,4.663767,-0.336233,,,385.458557,-55.387100,186.447464,90.998009,45.765270,91.732979,485.469208,-53.595512,185.289062,-158.772827,73.881187,-158.447372,1.873624,0.804088,1.519380,0.228669,4.643700,-0.484965,
feedback,3.007805,1786440534845,7,Ry,5.000000,15.000000,4.993022,-0.006978,,,385.458557,-55.387100,186.447464,90.998009,45.765270,91.732979,485.476562,-53.592072,185.295822,-158.826126,73.845848,-158.502640,0.261151,0.300678,0.174005,0.023384,4.969268,-0.499987,
feedback,3.016195,1786440534853,7,Ry,5.000000,15.000000,5.062717,0.062717,,,385.458557,-55.387100,186.447464,90.998009,45.765270,91.732979,485.479828,-53.591526,185.300507,-158.903839,73.790161,-158.583664,0.305305,-0.046958,0.478678,-0.060298,5.032249,-0.554338,
feedback,3.025372,1786440534861,7,Ry,5.000000,15.000000,5.232165,0.232165,,,385.458557,-55.387100,186.447464,90.998009,45.765270,91.732979,485.478058,-53.592098,185.300217,-158.953949,73.751106,-158.635742,-0.242198,0.007737,0.062637,-0.190976,5.207904,-0.477132,
feedback,3.032815,1786440534870,7,Ry,5.000000,15.000000,5.146896,0.146896,,,385.458557,-55.387100,186.447464,90.998009,45.765270,91.732979,485.475464,-53.592720,185.297638,-159.001602,73.711975,-158.685226,-0.379169,-0.065921,-0.236818,-0.164690,5.122563,-0.478349,
feedback,3.042747,1786440534878,7,Ry,5.000000,15.000000,5.043242,0.043242,,,385.458557,-55.387100,186.447464,90.998009,45.765270,91.732979,485.470093,-53.594692,185.292648,-159.050659,73.674385,-158.736328,-0.787603,-0.365123,-0.669241,-0.073568,5.014791,-0.530851,
feedback,3.049194,1786440534886,7,Ry,5.000000,15.000000,4.678418,-0.321582,,,385.458557,-55.387100,186.447464,90.998009,45.765270,91.732979,485.462708,-53.596802,185.285736,-159.099426,73.639046,-158.787109,-0.861003,-0.183724,-0.677256,0.005676,4.654428,-0.482588,
feedback,3.057279,1786440534895,7,Ry,5.000000,15.000000,4.353520,-0.646480,,,385.458557,-55.387100,186.447464,90.998009,45.765270,91.732979,485.454224,-53.599190,185.277985,-159.145309,73.605843,-158.835114,-0.900134,-0.071308,-0.726631,0.042741,4.330647,-0.461554,
feedback,3.065864,1786440534903,7,Ry,5.000000,15.000000,3.916300,-1.083700,,,385.458557,-55.387100,186.447464,90.998009,45.765270,91.732979,485.456207,-53.600380,185.278503,-159.188187,73.576538,-158.880371,0.227153,-0.182331,0.166091,0.092115,3.885687,-0.524673,
feedback,3.073853,1786440534912,7,Ry,5.000000,15.000000,3.638781,-1.361219,,,385.458557,-55.387100,186.447464,90.998009,45.765270,91.732979,485.459503,-53.600006,185.282181,-159.229065,73.549782,-158.923248,0.248109,-0.074723,0.367159,0.132171,3.612846,-0.471415,
feedback,3.081700,1786440534920,7,Ry,5.000000,15.000000,3.611710,-1.388290,,,385.458557,-55.387100,186.447464,90.998009,45.765270,91.732979,485.459167,-53.600960,185.280350,-159.268738,73.523102,-158.964706,0.128650,0.048390,-0.211637,0.148163,3.592851,-0.402911,
feedback,3.090600,1786440534928,7,Ry,5.000000,15.000000,3.737315,-1.262685,,,385.458557,-55.387100,186.447464,90.998009,45.765270,91.732979,485.455811,-53.602123,185.274857,-159.309418,73.496025,-159.007050,-0.531217,-0.188899,-0.915709,0.121013,3.716840,-0.420373,
feedback,3.098264,1786440534937,7,Ry,5.000000,15.000000,3.849545,-1.150455,,,385.458557,-55.387100,186.447464,90.998009,45.765270,91.732979,485.442932,-53.606060,185.258499,-159.368317,73.453316,-159.068344,-1.376632,-0.457713,-1.509559,-0.006526,3.829063,-0.402314,
feedback,3.106260,1786440534945,7,Ry,5.000000,15.000000,3.537357,-1.462643,,,385.458557,-55.387100,186.447464,90.998009,45.765270,91.732979,485.433746,-53.607113,185.249039,-159.404602,73.425987,-159.105911,-0.850638,-0.113062,-0.849779,-0.007345,3.520495,-0.350016,
feedback,3.115223,1786440534954,7,Ry,5.000000,15.000000,2.984303,-2.015697,,,385.458557,-55.387100,186.447464,90.998009,45.765270,91.732979,485.431488,-53.607819,185.246582,-159.435318,73.402710,-159.138016,-0.097486,0.061346,-0.086849,-0.006135,2.969754,-0.298498,
feedback,3.123652,1786440534958,7,Ry,5.000000,15.000000,2.778659,-2.221341,,,385.458557,-55.387100,186.447464,90.998009,45.765270,91.732979,485.431091,-53.607224,185.246368,-159.448303,73.392281,-159.151505,-0.105366,0.149114,-0.052898,-0.060989,2.765845,-0.260286,
feedback,3.131419,1786440534966,7,Ry,5.000000,15.000000,2.311179,-2.688821,,,385.458557,-55.387100,186.447464,90.998009,45.765270,91.732979,485.430206,-53.606941,185.244858,-159.471375,73.374176,-159.175537,-0.147777,0.114322,-0.289160,-0.043096,2.301024,-0.212937,
feedback,3.139360,1786440534975,7,Ry,5.000000,15.000000,1.857747,-3.142253,,,385.458557,-55.387100,186.447464,90.998009,45.765270,91.732979,485.429626,-53.607475,185.243118,-159.489456,73.359596,-159.194489,-0.195902,-0.000981,-0.439766,-0.057277,1.849114,-0.171568,
feedback,3.147408,1786440534983,7,Ry,5.000000,15.000000,1.503518,-3.496482,,,385.458557,-55.387100,186.447464,90.998009,45.765270,91.732979,485.426270,-53.609440,185.238678,-159.502792,73.347710,-159.208679,-0.571514,-0.290641,-0.684021,-0.091430,1.492704,-0.168322,
feedback,3.155380,1786440534991,7,Ry,5.000000,15.000000,1.391978,-3.608022,,,385.458557,-55.387100,186.447464,90.998009,45.765270,91.732979,485.420135,-53.612083,185.231720,-159.513535,73.337067,-159.220016,-1.057978,-0.432254,-1.034474,-0.102514,1.383790,-0.134404,
feedback,3.163714,1786440535000,7,Ry,5.000000,15.000000,1.339748,-3.660252,,,385.458557,-55.387100,186.447464,90.998009,45.765270,91.732979,485.413818,-53.614697,185.224960,-159.524612,73.326828,-159.231705,-0.757642,-0.378519,-0.787387,-0.078720,1.331517,-0.136580,
feedback,3.171621,1786440535008,7,Ry,5.000000,15.000000,1.250413,-3.749587,,,385.458557,-55.387100,186.447464,90.998009,45.765270,91.732979,485.406799,-53.617146,185.217972,-159.535248,73.316795,-159.242889,-0.665157,-0.047533,-0.706595,-0.091614,1.246709,-0.084631,
feedback,3.180145,1786440535017,7,Ry,5.000000,15.000000,0.895909,-4.104091,,,385.458557,-55.387100,186.447464,90.998009,45.765270,91.732979,485.399323,-53.619686,185.209625,-159.546463,73.304665,-159.254684,-0.288613,-0.039111,-0.455566,-0.074969,0.893179,-0.059641,
feedback,3.188482,1786440535025,7,Ry,5.000000,15.000000,0.560457,-4.439543,,,385.458557,-55.387100,186.447464,90.998009,45.765270,91.732979,485.400024,-53.619576,185.209091,-159.551819,73.299873,-159.260345,0.074795,-0.012081,0.005964,-0.025164,0.556854,-0.060173,
feedback,3.196500,1786440535033,7,Ry,5.000000,15.000000,0.343056,-4.656944,,,385.458557,-55.387100,186.447464,90.998009,45.765270,91.732979,485.402588,-53.618191,185.210587,-159.555328,73.297058,-159.263916,0.150506,0.021305,0.106899,-0.002532,0.341348,-0.034329,
feedback,3.204710,1786440535042,7,Ry,5.000000,15.000000,0.123060,-4.876940,,,385.458557,-55.387100,186.447464,90.998009,45.765270,91.732979,485.406189,-53.616879,185.213501,-159.556946,73.296143,-159.265579,0.109750,0.223417,0.058453,0.018257,0.125304,0.012396,
feedback,3.212636,1786440535050,7,Ry,5.000000,15.000000,0.026698,-4.973302,,,385.458557,-55.387100,186.447464,90.998009,45.765270,91.732979,485.406952,-53.616924,185.214981,-159.557404,73.296112,-159.266144,-0.163439,-0.092701,-0.034307,-0.004767,0.025231,-0.015031,
feedback,3.220737,1786440535059,7,Ry,5.000000,15.000000,-0.011810,-5.011810,,,385.458557,-55.387100,186.447464,90.998009,45.765270,91.732979,485.407684,-53.616894,185.215973,-159.557388,73.296288,-159.266190,-0.075157,-0.134497,0.099948,0.023679,-0.013368,-0.019281,
feedback,3.228957,1786440535067,7,Ry,5.000000,15.000000,0.033132,-4.966868,,,385.458557,-55.387100,186.447464,90.998009,45.765270,91.732979,485.406921,-53.616978,185.214981,-159.557144,73.296120,-159.265930,-0.219387,-0.086458,-0.172895,-0.024676,0.032546,-0.002892,
feedback,3.237378,1786440535075,7,Ry,5.000000,15.000000,-0.019622,-5.019622,,,385.458557,-55.387100,186.447464,90.998009,45.765270,91.732979,485.407959,-53.616676,185.215805,-159.557175,73.296318,-159.265976,0.132433,0.016040,0.060142,0.010526,-0.020377,-0.008440,
feedback,3.246303,1786440535084,7,Ry,5.000000,15.000000,0.014889,-4.985111,,,385.458557,-55.387100,186.447464,90.998009,45.765270,91.732979,485.407806,-53.617756,185.216171,-159.556885,73.296356,-159.265869,-0.050443,-0.172382,-0.029974,-0.014150,0.012169,-0.025066,
feedback,3.253541,1786440535092,7,Ry,5.000000,15.000000,-0.007651,-5.007651,,,385.458557,-55.387100,186.447464,90.998009,45.765270,91.732979,485.408203,-53.617195,185.216248,-159.556702,73.296387,-159.265610,0.032496,0.076983,0.020254,-0.008388,-0.007608,0.002400,
feedback,3.261606,1786440535101,7,Ry,5.000000,15.000000,-0.006433,-5.006433,,,385.458557,-55.387100,186.447464,90.998009,45.765270,91.732979,485.408813,-53.617100,185.217361,-159.556107,73.296524,-159.265030,0.006586,-0.020624,0.055809,-0.046215,-0.006702,0.006354,
feedback,3.270645,1786440535109,5,Ry,5.000000,15.000000,-0.026537,-5.026537,,,385.458557,-55.387100,186.447464,90.998009,45.765270,91.732979,485.409149,-53.617229,185.217651,-159.555481,73.296539,-159.264404,0.050481,0.037249,0.139837,-0.010307,-0.025647,0.012139,
feedback,3.278778,1786440535113,5,Ry,5.000000,15.000000,-0.006272,-5.006272,,,385.458557,-55.387100,186.447464,90.998009,45.765270,91.732979,485.409210,-53.617393,185.217346,-159.554565,73.296471,-159.263504,0.014127,-0.040969,-0.077101,-0.067901,-0.007057,0.005310,
feedback,3.286792,1786440535122,5,Ry,5.000000,15.000000,-0.032488,-5.032488,,,385.458557,-55.387100,186.447464,90.998009,45.765270,91.732979,485.410065,-53.617008,185.218201,-159.553467,73.296494,-159.262375,0.145604,-0.025208,0.171760,-0.042229,-0.034149,-0.006829,
feedback,3.294433,1786440535130,5,Ry,5.000000,15.000000,-0.001218,-5.001218,,,385.458557,-55.387100,186.447464,90.998009,45.765270,91.732979,485.410492,-53.616344,185.218292,-159.552887,73.296448,-159.261673,0.044203,0.102937,0.024490,-0.021686,-0.000355,0.012689,
feedback,3.302690,1786440535139,5,Ry,5.000000,15.000000,-0.027066,-5.027066,,,385.458557,-55.387100,186.447464,90.998009,45.765270,91.732979,485.411102,-53.616619,185.219437,-159.552139,73.296623,-159.260956,0.113809,0.089457,0.089707,-0.025380,-0.026063,0.016112,
feedback,3.310763,1786440535147,5,Ry,5.000000,15.000000,-0.045469,-5.045469,,,385.458557,-55.387100,186.447464,90.998009,45.765270,91.732979,485.412476,-53.616261,185.220352,-159.551788,73.296806,-159.260559,0.282468,0.025992,0.230874,0.013444,-0.046147,-0.006866,
