event,pc_time_s,controller_timestamp,robot_mode,axis,target_speed_deg_s,target_delta_deg,selected_actual_deg_s,speed_error_deg_s,command_interval_ms,command_latency_ms,target_x,target_y,target_z,target_rx,target_ry,target_rz,actual_x,actual_y,actual_z,actual_rx,actual_ry,actual_rz,tcp_vx,tcp_vy,tcp_vz,tcp_wx,tcp_wy,tcp_wz,response
feedback,0.002051,1786357871635,5,Ry,0.000000,0.000000,0.020599,0.020599,,,360.000244,-134.999054,479.998749,179.998993,73.983063,179.999146,360.000092,-134.999481,479.998383,179.998947,73.982979,179.998993,-0.039438,-0.107379,-0.094957,0.002811,0.020599,-0.028827,
command,0.000000,,,Ry,-50.000000,-200.000000,,,,5.196,360.000244,-134.999054,479.998749,179.998993,73.983063,179.999146,,,,,,,,,,,,,"0,{},MoveJog(Ry-,coordtype=2,user=0,tool=0);"
feedback,0.009564,1786357871643,8,Ry,-50.000000,-200.000000,-0.013733,49.986267,,,360.000244,-134.999054,479.998749,179.998993,73.983063,179.999146,360.000336,-134.999481,479.998566,179.998947,73.983002,179.998993,-0.009652,-0.021092,0.088788,0.002811,-0.013733,-0.015094,
feedback,0.018100,1786357871652,8,Ry,-50.000000,-200.000000,-0.000000,50.000000,,,360.000244,-134.999054,479.998749,179.998993,73.983063,179.999146,360.000031,-134.999313,479.998718,179.999146,73.983002,179.999207,-0.045495,-0.010546,0.036975,-0.015094,-0.000000,-0.002811,
feedback,0.026339,1786357871660,8,Ry,-50.000000,-200.000000,0.006867,50.006867,,,360.000244,-134.999054,479.998749,179.998993,73.983063,179.999146,360.000275,-134.999359,479.998383,179.998764,73.982979,179.998886,0.058078,-0.000959,-0.080118,0.020778,0.006867,0.015744,
feedback,0.034690,1786357871669,8,Ry,-50.000000,-200.000000,-0.006866,49.993134,,,360.000244,-134.999054,479.998749,179.998993,73.983063,179.999146,360.000336,-134.999008,479.999084,179.998871,73.983086,179.999039,0.019110,0.000000,0.045645,-0.006600,-0.006866,0.001895,
feedback,0.042700,1786357871677,8,Ry,-50.000000,-200.000000,-0.006866,49.993134,,,360.000244,-134.999054,479.998749,179.998993,73.983063,179.999146,360.000305,-134.999176,479.998749,179.998962,73.983032,179.999115,-0.026385,0.010546,0.082620,0.001895,-0.006866,0.006600,
feedback,0.050633,1786357871685,8,Ry,-50.000000,-200.000000,-0.013733,49.986267,,,360.000244,-134.999054,479.998749,179.998993,73.983063,179.999146,360.000366,-134.999146,479.998779,179.998932,73.983063,179.999115,0.052021,0.032597,0.051814,-0.001895,-0.013733,0.000267,
feedback,0.059402,1786357871694,8,Ry,-50.000000,-200.000000,-0.006867,49.993133,,,360.000244,-134.999054,479.998749,179.998993,73.983063,179.999146,360.000244,-134.999741,479.998627,179.998886,73.983086,179.998932,0.013691,-0.129430,-0.030806,0.006600,-0.006866,-0.022494,
feedback,0.066948,1786357871702,8,Ry,-50.000000,-200.000000,-0.116730,49.883270,,,360.000244,-134.999054,479.998749,179.998993,73.983063,179.999146,360.001312,-134.999527,479.999146,179.998871,73.983665,179.998962,0.222781,-0.043143,0.141845,0.000000,-0.116730,-0.006866,
feedback,0.074966,1786357871711,8,Ry,-50.000000,-200.000000,-0.315857,49.684143,,,360.000244,-134.999054,479.998749,179.998993,73.983063,179.999146,360.005524,-134.999359,480.000275,179.998962,73.985695,179.999084,0.575828,-0.010545,0.234310,-0.015094,-0.315857,-0.002811,
feedback,0.083144,1786357871719,8,Ry,-50.000000,-200.000000,-0.645447,49.354553,,,360.000244,-134.999054,479.998749,179.998993,73.983063,179.999146,360.014435,-134.999527,480.002747,179.998672,73.990120,179.998764,1.257509,-0.032598,0.367653,0.008495,-0.645447,-0.002160,
feedback,0.093092,1786357871727,8,Ry,-50.000000,-200.000000,-0.940704,49.059296,,,360.000244,-134.999054,479.998749,179.998993,73.983063,179.999146,360.027740,-134.999313,480.004547,179.998840,73.997070,179.998993,1.725166,0.031641,0.147040,0.025481,-0.940704,0.014122,
feedback,0.099888,1786357871736,8,Ry,-50.000000,-200.000000,-1.194763,48.805237,,,360.000244,-134.999054,479.998749,179.998993,73.983063,179.999146,360.042694,-134.999222,480.000153,179.998795,74.006073,179.998917,1.958490,0.032606,-0.746977,0.004711,-1.194763,-0.001626,
feedback,0.108463,1786357871744,8,Ry,-50.000000,-200.000000,-1.599884,48.400116,,,360.000244,-134.999054,479.998749,179.998993,73.983063,179.999146,360.057007,-134.999359,479.992310,179.998962,74.018158,179.999084,1.739601,-0.010544,-1.113049,-0.015090,-1.599884,-0.002820,
feedback,0.116081,1786357871753,8,Ry,-50.000000,-200.000000,-2.066803,47.933197,,,360.000244,-134.999054,479.998749,179.998993,73.983063,179.999146,360.068298,-134.999435,479.983002,179.998718,74.033875,179.998779,1.284320,0.022061,-1.248102,0.009429,-2.066803,-0.010114,
feedback,0.125275,1786357871761,8,Ry,-50.000000,-200.000000,-2.705383,47.294617,,,360.000244,-134.999054,479.998749,179.998993,73.983063,179.999146,360.079620,-134.999527,479.973755,179.998962,74.054527,179.999054,1.202891,-0.043152,-1.148658,0.000003,-2.705383,-0.006866,
feedback,0.132467,1786357871769,8,Ry,-50.000000,-200.000000,-3.879547,46.120453,,,360.000244,-134.999054,479.998749,179.998993,73.983063,179.999146,360.094543,-134.999481,479.965851,179.998840,74.096161,179.998886,1.271518,-0.074791,-0.428138,0.000964,-3.879547,-0.028559,
feedback,0.140956,1786357871778,8,Ry,-50.000000,-200.000000,-4.662323,45.337677,,,360.000244,-134.999054,479.998749,179.998993,73.983063,179.999146,360.103851,-134.999222,479.966278,179.998978,74.132034,179.999100,1.136768,0.022066,-0.021788,0.002859,-4.662323,-0.008221,
feedback,0.148817,1786357871782,8,Ry,-50.000000,-200.000000,-5.177307,44.822693,,,360.000244,-134.999054,479.998749,179.998993,73.983063,179.999146,360.107086,-134.999054,479.968353,179.998871,74.152740,179.999100,0.802430,0.042186,0.521695,0.007510,-5.177307,0.026422,
feedback,0.157676,1786357871791,8,Ry,-50.000000,-200.000000,-6.042480,43.957520,,,360.000244,-134.999054,479.998749,179.998993,73.983063,179.999146,360.111481,-134.999008,479.973969,179.999039,74.199356,179.999237,0.553913,-0.043155,0.599524,-0.013200,-6.042480,-0.003127,
feedback,0.165210,1786357871799,8,Ry,-50.000000,-200.000000,-6.825256,43.174744,,,360.000244,-134.999054,479.998749,179.998993,73.983063,179.999146,360.115784,-134.998749,479.978607,179.998795,74.252304,179.999054,0.438617,0.043158,0.621224,0.000020,-6.825256,0.006866,
feedback,0.173822,1786357871808,8,Ry,-50.000000,-200.000000,-7.608032,42.391968,,,360.000244,-134.999054,479.998749,179.998993,73.983063,179.999146,360.118103,-134.998962,479.984009,179.998917,74.311714,179.999115,0.181666,-0.010546,0.720316,-0.008449,-7.608032,-0.004754,
feedback,0.181705,1786357871816,8,Ry,-50.000000,-200.000000,-8.418274,41.581726,,,360.000244,-134.999054,479.998749,179.998993,73.983063,179.999146,360.117279,-134.999008,479.989441,179.998932,74.376862,179.999115,-0.056610,-0.000000,1.395655,-0.006593,-8.418274,0.001849,
feedback,0.189828,1786357871824,8,Ry,-50.000000,-200.000000,-9.022522,40.977478,,,360.000244,-134.999054,479.998749,179.998993,73.983063,179.999146,360.112091,-134.999222,480.000427,179.998962,74.447014,179.999084,-0.577659,0.021091,1.582966,-0.002916,-9.022522,0.015071,
feedback,0.198237,1786357871833,8,Ry,-50.000000,-200.000000,-9.276581,40.723419,,,360.000244,-134.999054,479.998749,179.998993,73.983063,179.999146,360.099152,-134.999268,480.006714,179.998978,74.520210,179.999084,-1.760215,-0.010549,0.673686,-0.008432,-9.276581,-0.004785,
feedback,0.206746,1786357871842,8,Ry,-50.000000,-200.000000,-9.619903,40.380097,,,360.000244,-134.999054,479.998749,179.998993,73.983063,179.999146,360.076447,-134.998749,479.994415,179.998871,74.633888,179.999130,-1.649679,0.074786,-1.381592,0.005486,-9.619904,0.026729,
feedback,0.214505,1786357871850,8,Ry,-50.000000,-200.000000,-10.615540,39.384460,,,360.000244,-134.999054,479.998749,179.998993,73.983063,179.999146,360.070465,-134.999359,479.994781,179.998718,74.718262,179.998825,-0.754642,-0.075758,-0.083850,0.001825,-10.615540,-0.007109,
feedback,0.223239,1786357871859,8,Ry,-50.000000,-200.000000,-11.061859,38.938141,,,360.000244,-134.999054,479.998749,179.998993,73.983063,179.999146,360.066925,-134.999313,479.990417,179.998779,74.806595,179.998932,-0.837950,-0.086304,-1.240769,-0.013237,-11.061859,-0.010134,
feedback,0.230727,1786357871867,8,Ry,-50.000000,-200.000000,-11.357117,38.642883,,,360.000244,-134.999054,479.998749,179.998993,73.983063,179.999146,360.056183,-134.999146,479.984772,179.998672,74.897453,179.998840,-1.337812,0.010544,-0.771530,0.008440,-11.357117,0.004840,
feedback,0.239655,1786357871875,8,Ry,-50.000000,-200.000000,-11.727905,38.272095,,,360.000244,-134.999054,479.998749,179.998993,73.983063,179.999146,360.054321,-134.999359,479.986328,179.998688,74.992867,179.998810,-0.173994,-0.107392,-0.649556,0.003093,-11.727905,-0.028775,
feedback,0.246980,1786357871884,8,Ry,-50.000000,-200.000000,-11.185455,38.814545,,,360.000244,-134.999054,479.998749,179.998993,73.983063,179.999146,360.046875,-134.999313,479.966370,179.999069,75.083862,179.999146,-1.170687,0.011508,-3.396394,-0.018551,-11.185455,-0.009504,
feedback,0.255944,1786357871892,8,Ry,-50.000000,-200.000000,-11.679840,38.320160,,,360.000244,-134.999054,479.998749,179.998993,73.983063,179.999146,360.035156,-134.999405,479.961334,179.998810,75.176643,179.998901,-1.272974,-0.053695,0.015376,-0.001740,-11.679840,-0.013504,
feedback,0.263554,1786357871900,8,Ry,-50.000000,-200.000000,-11.604309,38.395691,,,360.000244,-134.999054,479.998749,179.998993,73.983063,179.999146,360.023895,-134.999649,479.961945,179.998749,75.270027,179.998764,-1.444351,-0.074786,-0.300675,0.001414,-11.604309,-0.028535,
feedback,0.272364,1786357871909,8,Ry,-50.000000,-200.000000,-11.981964,38.018036,,,360.000244,-134.999054,479.998749,179.998993,73.983063,179.999146,360.021912,-134.999268,479.956970,179.998917,75.365059,179.999023,0.308676,0.032600,-0.370041,-0.014999,-11.981964,0.003693,
feedback,0.280463,1786357871917,8,Ry,-50.000000,-200.000000,-12.160492,37.839508,,,360.000244,-134.999054,479.998749,179.998993,73.983063,179.999146,360.025726,-134.999832,479.960663,179.998840,75.462616,179.998825,0.117447,-0.150531,0.392004,0.003205,-12.160492,-0.035616,
feedback,0.289350,1786357871926,8,Ry,-50.000000,-200.000000,-12.538147,37.461853,,,360.000244,-134.999054,479.998749,179.998993,73.983063,179.999146,360.030212,-134.999313,479.972015,179.998611,75.611893,179.998749,0.783617,0.043148,1.695981,0.013320,-12.538147,0.003454,
feedback,0.296949,1786357871934,8,Ry,-50.000000,-200.000000,-12.023163,37.976837,,,360.000244,-134.999054,479.998749,179.998993,73.983063,179.999146,360.037872,-134.999359,479.980560,179.998734,75.709206,179.998856,0.770379,-0.032600,0.407039,-0.004942,-12.023163,0.001482,
feedback,0.305014,1786357871942,8,Ry,-50.000000,-200.000000,-11.769104,38.230896,,,360.000244,-134.999054,479.998749,179.998993,73.983063,179.999146,360.038849,-134.999695,479.977539,179.998718,75.803360,179.998718,0.027366,-0.052731,-1.034687,0.004905,-11.769104,-0.036652,
feedback,0.313088,1786357871951,8,Ry,-50.000000,-200.000000,-11.968231,38.031769,,,360.000244,-134.999054,479.998749,179.998993,73.983063,179.999146,360.034088,-134.999176,479.984924,179.998489,75.897865,179.998642,-0.540787,0.010545,1.720067,0.021675,-11.968231,0.001640,
feedback,0.322493,1786357871959,8,Ry,-50.000000,-200.000000,-12.119293,37.880707,,,360.000244,-134.999054,479.998749,179.998993,73.983063,179.999146,360.029419,-134.999435,479.994263,179.998764,75.994957,179.998840,-0.343847,0.033562,0.631662,-0.014954,-12.119293,-0.017917,
feedback,0.329694,1786357871963,8,Ry,-50.000000,-200.000000,-11.872101,38.127899,,,360.000244,-134.999054,479.998749,179.998993,73.983063,179.999146,360.028961,-134.999146,479.988983,179.998459,76.042450,179.998627,-0.123879,0.074785,-1.309988,0.018319,-11.872101,0.023545,
feedback,0.338383,1786357871972,8,Ry,-50.000000,-200.000000,-12.325287,37.674713,,,360.000244,-134.999054,479.998749,179.998993,73.983063,179.999146,360.034943,-134.999313,479.982269,179.998444,76.139542,179.998596,1.193316,-0.032600,-0.142135,0.014996,-12.325287,-0.003490,
feedback,0.345884,1786357871980,8,Ry,-50.000000,-200.000000,-12.510681,37.489319,,,360.000244,-134.999054,479.998749,179.998993,73.983063,179.999146,360.039276,-134.999481,479.984406,179.998550,76.237946,179.998672,0.690131,-0.053693,0.488145,-0.008291,-12.510681,-0.011902,
feedback,0.354712,1786357871989,8,Ry,-50.000000,-200.000000,-11.851502,38.148498,,,360.000244,-134.999054,479.998749,179.998993,73.983063,179.999146,360.030853,-134.999481,479.978912,179.998764,76.333939,179.998886,-1.860502,-0.086296,-1.258155,-0.006661,-11.851501,-0.012111,
feedback,0.362257,1786357871997,8,Ry,-50.000000,-200.000000,-11.707306,38.292694,,,360.000244,-134.999054,479.998749,179.998993,73.983063,179.999146,360.020264,-134.999054,479.970947,179.998688,76.427269,179.998856,-1.546807,0.139979,-0.232986,0.008314,-11.707306,0.025663,
feedback,0.371054,1786357872005,8,Ry,-50.000000,-200.000000,-11.611176,38.388824,,,360.000244,-134.999054,479.998749,179.998993,73.983063,179.999146,360.003876,-134.999359,479.958374,179.998703,76.566223,179.998810,-2.238651,-0.022055,-1.180338,0.003510,-11.611176,-0.008086,
feedback,0.378417,1786357872014,8,Ry,-50.000000,-200.000000,-12.091827,37.908173,,,360.000244,-134.999054,479.998749,179.998993,73.983063,179.999146,359.987244,-134.999222,479.963623,179.998672,76.663010,179.998795,-0.583874,-0.000001,0.239037,-0.006658,-12.091827,0.001584,
feedback,0.387307,1786357872023,8,Ry,-50.000000,-200.000000,-12.270355,37.729645,,,360.000244,-134.999054,479.998749,179.998993,73.983063,179.999146,359.990356,-134.999359,479.966614,179.998627,76.761337,179.998764,0.436745,-0.043141,-0.052632,-0.006666,-12.270355,-0.005294,
feedback,0.394933,1786357872031,8,Ry,-50.000000,-200.000000,-12.263489,37.736511,,,360.000244,-134.999054,479.998749,179.998993,73.983063,179.999146,359.995605,-134.999313,479.970795,179.998703,76.859421,179.998779,0.984740,-0.085325,0.918955,0.000466,-12.263489,-0.035174,
feedback,0.403630,1786357872039,8,Ry,-50.000000,-200.000000,-12.201691,37.798309,,,360.000244,-134.999054,479.998749,179.998993,73.983063,179.999146,359.996796,-134.999527,479.985687,179.998840,76.958458,179.998871,-0.274005,0.011504,1.204812,-0.004631,-12.201691,-0.013202,
feedback,0.411385,1786357872048,8,Ry,-50.000000,-200.000000,-11.714172,38.285828,,,360.000244,-134.999054,479.998749,179.998993,73.983063,179.999146,359.989624,-134.999619,479.990295,179.998657,77.053215,179.998703,-0.595557,0.032595,0.128964,-0.008219,-11.714172,0.001713,
feedback,0.419732,1786357872056,8,Ry,-50.000000,-200.000000,-11.913300,38.086700,,,360.000244,-134.999054,479.998749,179.998993,73.983063,179.999146,359.991638,-134.999405,480.000854,179.998627,77.148499,179.998718,0.663254,0.010547,1.248527,0.001544,-11.913300,0.006694,
feedback,0.427929,1786357872064,8,Ry,-50.000000,-200.000000,-11.906433,38.093567,,,360.000244,-134.999054,479.998749,179.998993,73.983063,179.999146,359.995880,-134.999786,480.003174,179.998642,77.243744,179.998657,0.363137,-0.117924,0.001149,-0.011240,-11.906433,-0.032308,
feedback,0.436284,1786357872073,8,Ry,-50.000000,-200.000000,-12.696075,37.303925,,,360.000244,-134.999054,479.998749,179.998993,73.983063,179.999146,360.002045,-134.999359,480.011108,179.998566,77.342514,179.998703,1.470013,0.064238,1.701203,-0.010372,-12.696075,0.023275,
feedback,0.444117,1786357872081,8,Ry,-50.000000,-200.000000,-12.558746,37.441254,,,360.000244,-134.999054,479.998749,179.998993,73.983063,179.999146,360.012177,-134.999313,480.025635,179.998657,77.442711,179.998825,1.551249,0.074785,0.959143,-0.008908,-12.558746,0.029959,
feedback,0.452774,1786357872090,8,Ry,-50.000000,-200.000000,-11.837769,38.162231,,,360.000244,-134.999054,479.998749,179.998993,73.983063,179.999146,360.021423,-134.999695,480.016876,179.998413,77.587151,179.998489,-0.041041,-0.022054,-1.143896,0.016370,-11.837769,0.003593,
feedback,0.460485,1786357872094,8,Ry,-50.000000,-200.000000,-11.782837,38.217163,,,360.000244,-134.999054,479.998749,179.998993,73.983063,179.999146,360.019928,-134.998978,480.015961,179.998398,77.634285,179.998703,-0.384159,0.182167,-0.224405,0.000668,-11.782837,0.055606,
feedback,0.468552,1786357872103,8,Ry,-50.000000,-200.000000,-11.686707,38.313293,,,360.000244,-134.999054,479.998749,179.998993,73.983063,179.999146,360.012451,-134.999268,480.016235,179.998352,77.728218,179.998535,-1.080230,0.032597,-0.090726,0.011976,-11.686707,-0.002762,
feedback,0.476666,1786357872111,8,Ry,-50.000000,-200.000000,-11.315918,38.684082,,,360.000244,-134.999054,479.998749,179.998993,73.983063,179.999146,360.003510,-134.998932,479.998779,179.998459,77.819733,179.998703,-1.106388,0.065192,-3.137307,0.003842,-11.315918,-0.001140,
feedback,0.485040,1786357872119,8,Ry,-50.000000,-200.000000,-11.899567,38.100433,,,360.000244,-134.999054,479.998749,179.998993,73.983063,179.999146,360.003296,-134.999146,479.984039,179.998474,77.913971,179.998672,0.171577,0.065195,-1.629912,0.010576,-11.899567,-0.002571,
feedback,0.494036,1786357872128,8,Ry,-50.000000,-200.000000,-11.981964,38.018036,,,360.000244,-134.999054,479.998749,179.998993,73.983063,179.999146,360.006561,-134.999359,479.979156,179.998260,78.010040,179.998474,0.099619,-0.000959,-0.229275,0.019151,-11.981964,0.017147,
feedback,0.501885,1786357872136,8,Ry,-50.000000,-200.000000,-12.290955,37.709045,,,360.000244,-134.999054,479.998749,179.998993,73.983063,179.999146,360.007751,-134.999359,479.974854,179.998352,78.108589,179.998489,0.174960,0.075742,-0.073846,0.005322,-12.290955,0.005599,
feedback,0.510049,1786357872145,8,Ry,-50.000000,-200.000000,-11.803436,38.196564,,,360.000244,-134.999054,479.998749,179.998993,73.983063,179.999146,360.010010,-134.999649,479.973358,179.998688,78.204773,179.998718,0.045790,-0.042184,-0.755853,-0.012325,-11.803436,-0.025482,
feedback,0.518026,1786357872153,8,Ry,-50.000000,-200.000000,-11.666107,38.333893,,,360.000244,-134.999054,479.998749,179.998993,73.983063,179.999146,360.005890,-134.999222,479.956818,179.998352,78.343231,179.998474,-0.102135,0.022051,-0.137138,0.010697,-11.666107,-0.009358,
feedback,0.526949,1786357872162,8,Ry,-50.000000,-200.000000,-12.201691,37.798309,,,360.000244,-134.999054,479.998749,179.998993,73.983063,179.999146,360.001740,-134.999054,479.965851,179.998230,78.438370,179.998459,-0.074530,0.053689,1.438518,0.001400,-12.201691,0.013594,
feedback,0.534110,1786357872170,8,Ry,-50.000000,-200.000000,-12.428284,37.571716,,,360.000244,-134.999054,479.998749,179.998993,73.983063,179.999146,360.005035,-134.999405,479.976044,179.998596,78.536453,179.998703,0.884341,-0.074781,1.796236,-0.010806,-12.428284,-0.025690,
feedback,0.544017,1786357872179,8,Ry,-50.000000,-200.000000,-12.634277,37.365723,,,360.000244,-134.999054,479.998749,179.998993,73.983063,179.999146,360.012085,-134.999359,479.993500,179.998276,78.636345,179.998413,1.167906,-0.021091,2.669223,-0.009420,-12.634277,-0.012111,
feedback,0.550655,1786357872187,8,Ry,-50.000000,-200.000000,-12.648010,37.351990,,,360.000244,-134.999054,479.998749,179.998993,73.983063,179.999146,360.015747,-134.999527,480.011230,179.998016,78.737396,179.998199,0.184400,-0.097797,2.174690,0.024232,-12.648010,-0.004420,
feedback,0.559574,1786357872196,8,Ry,-50.000000,-200.000000,-12.208557,37.791443,,,360.000244,-134.999054,479.998749,179.998993,73.983063,179.999146,360.011841,-134.999527,480.024750,179.998245,78.835693,179.998352,-0.489839,-0.086290,1.558981,0.000012,-12.208557,-0.013733,
feedback,0.567157,1786357872204,8,Ry,-50.000000,-200.000000,-11.913300,38.086700,,,360.000244,-134.999054,479.998749,179.998993,73.983063,179.999146,360.012634,-134.999435,480.035248,179.998154,78.932045,179.998230,0.045997,0.032599,0.853676,0.005438,-11.913300,-0.001190,
feedback,0.575814,1786357872213,8,Ry,-50.000000,-200.000000,-11.700439,38.299561,,,360.000244,-134.999054,479.998749,179.998993,73.983063,179.999146,360.007202,-134.999359,480.037445,179.998215,79.025894,179.998352,-0.649157,-0.000001,-0.187510,0.013499,-11.700439,-0.002614,
feedback,0.583660,1786357872217,8,Ry,-50.000000,-200.000000,-11.817169,38.182831,,,360.000244,-134.999054,479.998749,179.998993,73.983063,179.999146,360.004486,-134.999619,480.034637,179.998413,79.073166,179.998459,-0.688054,-0.064237,-0.693312,-0.009334,-11.817169,-0.019049,
feedback,0.592699,1786357872226,8,Ry,-50.000000,-200.000000,-12.236023,37.763977,,,360.000244,-134.999054,479.998749,179.998993,73.983063,179.999146,359.995392,-134.999313,480.041107,179.998306,79.219223,179.998474,-0.609944,0.064234,0.491897,-0.004159,-12.236023,0.021641,
feedback,0.599813,1786357872235,8,Ry,-50.000000,-200.000000,-11.453247,38.546753,,,360.000244,-134.999054,479.998749,179.998993,73.983063,179.999146,359.995239,-134.999313,480.018372,179.998001,79.313629,179.998154,-0.243443,0.043142,-4.282771,0.000016,-11.453247,0.006866,
feedback,0.608509,1786357872243,8,Ry,-50.000000,-200.000000,-11.920166,38.079834,,,360.000244,-134.999054,479.998749,179.998993,73.983063,179.999146,360.002350,-134.999405,480.004883,179.998184,79.409950,179.998291,0.905504,-0.053688,-1.560733,-0.001245,-11.920166,-0.013616,
feedback,0.616249,1786357872251,8,Ry,-50.000000,-200.000000,-11.274719,38.725281,,,360.000244,-134.999054,479.998749,179.998993,73.983063,179.999146,359.998413,-134.999405,479.987762,179.998199,79.502205,179.998398,-1.341647,-0.011506,-2.906014,0.003764,-11.274719,0.013388,
feedback,0.624433,1786357872260,8,Ry,-50.000000,-200.000000,-11.501312,38.498688,,,360.000244,-134.999054,479.998749,179.998993,73.983063,179.999146,359.991089,-134.998932,479.975067,179.997925,79.594574,179.998154,-0.914733,0.032594,-0.945651,0.005541,-11.501312,-0.001127,
feedback,0.632398,1786357872268,8,Ry,-50.000000,-200.000000,-11.535645,38.464355,,,360.000244,-134.999054,479.998749,179.998993,73.983063,179.999146,359.989258,-134.999146,479.963104,179.998230,79.687271,179.998428,-0.055673,-0.010546,-1.982435,-0.001207,-11.535645,-0.006756,
feedback,0.642130,1786357872277,8,Ry,-50.000000,-200.000000,-11.906433,38.093567,,,360.000244,-134.999054,479.998749,179.998993,73.983063,179.999146,359.988403,-134.999054,479.948364,179.998459,79.780983,179.998718,0.145189,-0.011503,-0.995402,-0.009838,-11.906433,0.015843,
feedback,0.648723,1786357872285,8,Ry,-50.000000,-200.000000,-12.579346,37.420654,,,360.000244,-134.999054,479.998749,179.998993,73.983063,179.999146,359.998688,-134.998978,479.963501,179.998245,79.881126,179.998550,1.315353,0.043146,1.967233,-0.006736,-12.579346,0.008073,
feedback,0.657752,1786357872293,8,Ry,-50.000000,-200.000000,-12.318420,37.681580,,,360.000244,-134.999054,479.998749,179.998993,73.983063,179.999146,360.006531,-134.998978,479.974121,179.998077,79.980247,179.998367,1.054072,0.085330,0.992067,-0.001959,-12.318420,0.035108,
feedback,0.665434,1786357872302,8,Ry,-50.000000,-200.000000,-11.865234,38.134766,,,360.000244,-134.999054,479.998749,179.998993,73.983063,179.999146,360.015320,-134.999527,479.984833,179.998184,80.125458,179.998291,0.281346,-0.064237,0.786682,-0.002344,-11.865234,-0.020396,
feedback,0.673985,1786357872310,8,Ry,-50.000000,-200.000000,-11.727905,38.272095,,,360.000244,-134.999054,479.998749,179.998993,73.983063,179.999146,360.011810,-134.999313,479.985443,179.998093,80.218956,179.998169,-0.660266,0.066156,0.051550,0.006557,-11.727905,-0.022334,
feedback,0.682019,1786357872319,8,Ry,-50.000000,-200.000000,-12.064362,37.935638,,,360.000244,-134.999054,479.998749,179.998993,73.983063,179.999146,360.006104,-134.999222,479.993195,179.998337,80.314758,179.998474,-0.495284,0.032597,1.206271,-0.014669,-12.064362,0.002408,
feedback,0.689995,1786357872327,8,Ry,-50.000000,-200.000000,-12.229157,37.770843,,,360.000244,-134.999054,479.998749,179.998993,73.983063,179.999146,360.013489,-134.999435,480.000885,179.998016,80.412399,179.998108,1.300583,-0.086288,0.429565,0.000018,-12.229156,-0.013733,
feedback,0.698505,1786357872336,8,Ry,-50.000000,-200.000000,-12.194824,37.805176,,,360.000244,-134.999054,479.998749,179.998993,73.983063,179.999146,360.020416,-134.999176,479.998230,179.998108,80.509979,179.998276,0.698355,0.074785,-0.486522,-0.003353,-12.194824,0.028316,
feedback,0.707352,1786357872344,8,Ry,-50.000000,-200.000000,-12.448883,37.551117,,,360.000244,-134.999054,479.998749,179.998993,73.983063,179.999146,360.022430,-134.999573,480.004059,179.997787,80.608833,179.997864,0.077032,-0.043146,1.503034,0.006786,-12.448883,-0.007987,
feedback,0.714957,1786357872352,8,Ry,-50.000000,-200.000000,-11.686707,38.313293,,,360.000244,-134.999054,479.998749,179.998993,73.983063,179.999146,360.015198,-134.999695,480.006317,179.997849,80.705238,179.997849,-1.714986,-0.074785,-1.201325,-0.003316,-11.686707,-0.027195,
feedback,0.723723,1786357872357,8,Ry,-50.000000,-200.000000,-11.590576,38.409424,,,360.000244,-134.999054,479.998749,179.998993,73.983063,179.999146,360.009247,-134.999435,480.000763,179.998459,80.751602,179.998550,-1.497042,0.064234,-1.379144,-0.024885,-11.590576,0.024835,
feedback,0.731234,1786357872366,8,Ry,-50.000000,-200.000000,-11.652374,38.347626,,,360.000244,-134.999054,479.998749,179.998993,73.983063,179.999146,359.992462,-134.999176,479.986572,179.998032,80.890274,179.998199,-1.227233,0.085324,-0.386769,-0.009189,-11.652374,0.036160,
feedback,0.739904,1786357872374,8,Ry,-50.000000,-200.000000,-11.878967,38.121033,,,360.000244,-134.999054,479.998749,179.998993,73.983063,179.999146,359.979736,-134.999405,479.979767,179.998047,80.985275,179.998154,-1.490657,0.043139,-1.332855,0.006799,-11.878967,0.005791,
feedback,0.747509,1786357872383,8,Ry,-50.000000,-200.000000,-12.565613,37.434387,,,360.000244,-134.999054,479.998749,179.998993,73.983063,179.999146,359.979736,-134.999435,479.984497,179.998047,81.083717,179.998138,1.069695,-0.053685,1.219475,-0.014613,-12.565613,-0.011521,
feedback,0.756480,1786357872391,8,Ry,-50.000000,-200.000000,-12.558746,37.441254,,,360.000244,-134.999054,479.998749,179.998993,73.983063,179.999146,359.986053,-134.999359,479.987366,179.998077,81.182236,179.998138,1.383872,0.000960,0.573235,-0.004186,-12.558746,-0.020275,
feedback,0.763855,1786357872399,8,Ry,-50.000000,-200.000000,-12.442017,37.557983,,,360.000244,-134.999054,479.998749,179.998993,73.983063,179.999146,359.989136,-134.999313,479.990662,179.997665,81.279770,179.997757,1.007110,0.086286,1.632868,0.006811,-12.442017,0.012692,
feedback,0.772907,1786357872408,8,Ry,-50.000000,-200.000000,-12.084961,37.915039,,,360.000244,-134.999054,479.998749,179.998993,73.983063,179.999146,359.986511,-134.999359,480.006378,179.997925,81.376801,179.998062,-0.723237,0.031637,1.859851,0.003106,-12.084961,0.020367,
feedback,0.780305,1786357872416,8,Ry,-50.000000,-200.000000,-11.645508,38.354492,,,360.000244,-134.999054,479.998749,179.998993,73.983063,179.999146,359.978424,-134.999359,480.010376,179.997833,81.470955,179.997894,-1.017079,-0.010548,-0.016577,-0.000996,-11.645508,-0.006791,
feedback,0.788368,1786357872424,8,Ry,-50.000000,-200.000000,-12.084961,37.915039,,,360.000244,-134.999054,479.998749,179.998993,73.983063,179.999146,359.983826,-134.999268,480.013519,179.997940,81.566154,179.998047,1.182186,-0.010544,0.937891,-0.000984,-12.084961,-0.006792,
feedback,0.796654,1786357872433,8,Ry,-50.000000,-200.000000,-12.187958,37.812042,,,360.000244,-134.999054,479.998749,179.998993,73.983063,179.999146,359.993835,-134.999435,480.018860,179.997910,81.663605,179.998001,1.210286,0.031640,0.610387,0.003004,-12.187958,0.020382,
feedback,0.813893,1786357872451,8,Ry,-50.000000,-200.000000,-12.016297,37.983703,,,360.000244,-134.999054,479.998749,179.998993,73.983063,179.999146,360.011353,-134.999619,480.046997,179.997650,81.911263,179.997711,0.260913,-0.117927,0.129311,-0.009685,-12.016296,-0.033161,
feedback,0.822963,1786357872455,8,Ry,-50.000000,-200.000000,-11.714172,38.285828,,,360.000244,-134.999054,479.998749,179.998993,73.983063,179.999146,360.010040,-134.999359,480.041840,179.997589,81.958115,179.997726,-0.339222,0.064236,-1.275995,0.001938,-11.714172,0.020464,
feedback,0.830884,1786357872468,8,Ry,-50.000000,-200.000000,-11.686707,38.313293,,,360.000244,-134.999054,479.998749,179.998993,73.983063,179.999146,359.998596,-134.999603,480.032104,179.998108,82.097481,179.998077,-1.047141,-0.116967,-0.188390,-0.013393,-11.686707,-0.053531,
feedback,0.839651,1786357872473,8,Ry,-50.000000,-200.000000,-11.700439,38.299561,,,360.000244,-134.999054,479.998749,179.998993,73.983063,179.999146,359.994537,-134.999313,480.032684,179.997604,82.144279,179.997696,-1.017887,0.074779,0.153879,0.016442,-11.700439,0.025396,
feedback,0.847360,1786357872481,8,Ry,-50.000000,-200.000000,-11.872101,38.127899,,,360.000244,-134.999054,479.998749,179.998993,73.983063,179.999146,359.994202,-134.999405,480.008148,179.997711,82.286171,179.997833,0.311109,-0.074780,-1.674705,0.010861,-11.872101,-0.029123,
feedback,0.856052,1786357872490,8,Ry,-50.000000,-200.000000,-12.105560,37.894440,,,360.000244,-134.999054,479.998749,179.998993,73.983063,179.999146,360.001404,-134.999268,480.003448,179.997925,82.383728,179.998032,0.704784,-0.043142,-0.971264,-0.013589,-12.105560,-0.005046,
feedback,0.863853,1786357872498,8,Ry,-50.000000,-200.000000,-11.858368,38.141632,,,360.000244,-134.999054,479.998749,179.998993,73.983063,179.999146,359.998871,-134.999146,479.987885,179.997604,82.478844,179.997803,-0.581076,0.064234,-2.024459,0.001820,-11.858368,0.020481,
feedback,0.872462,1786357872507,8,Ry,-50.000000,-200.000000,-12.002563,37.997437,,,360.000244,-134.999054,479.998749,179.998993,73.983063,179.999146,359.992889,-134.999313,479.992737,179.997360,82.575302,179.997528,-0.488300,0.074780,0.784105,0.016297,-12.002563,0.025518,
feedback,0.880028,1786357872515,8,Ry,-50.000000,-200.000000,-11.370850,38.629150,,,360.000244,-134.999054,479.998749,179.998993,73.983063,179.999146,359.988922,-134.999435,479.981873,179.997833,82.667282,179.997925,-0.511915,0.032595,-1.980165,-0.014481,-11.370850,0.001809,
feedback,0.888722,1786357872524,8,Ry,-50.000000,-200.000000,-11.803436,38.196564,,,360.000244,-134.999054,479.998749,179.998993,73.983063,179.999146,359.989777,-134.999176,479.980164,179.997543,82.761024,179.997711,0.201688,0.043142,0.757057,-0.006789,-11.803436,0.007732,
feedback,0.896413,1786357872532,8,Ry,-50.000000,-200.000000,-12.242890,37.757110,,,360.000244,-134.999054,479.998749,179.998993,73.983063,179.999146,359.990173,-134.999481,479.986603,179.996933,82.858696,179.996994,-0.338909,-0.085327,1.191386,0.003416,-12.242889,-0.034973,
feedback,0.905177,1786357872541,8,Ry,-50.000000,-200.000000,-12.455749,37.544251,,,360.000244,-134.999054,479.998749,179.998993,73.983063,179.999146,359.991272,-134.999313,479.994537,179.997223,82.957764,179.997391,0.428104,0.042185,1.096095,0.010200,-12.455750,0.026417,
feedback,0.912634,1786357872549,8,Ry,-50.000000,-200.000000,-12.469482,37.530518,,,360.000244,-134.999054,479.998749,179.998993,73.983063,179.999146,359.999146,-134.999176,480.013214,179.997437,83.057793,179.997604,0.962647,0.064237,2.218304,0.001684,-12.469482,0.020499,
feedback,0.921645,1786357872557,8,Ry,-50.000000,-200.000000,-11.981964,38.018036,,,360.000244,-134.999054,479.998749,179.998993,73.983063,179.999146,359.997009,-134.999313,480.025269,179.997467,83.203445,179.997559,-0.849688,0.022049,1.029521,-0.015239,-11.981964,-0.005145,
feedback,0.929054,1786357872566,8,Ry,-50.000000,-200.000000,-12.023163,37.976837,,,360.000244,-134.999054,479.998749,179.998993,73.983063,179.999146,359.989899,-134.999435,480.043030,179.997406,83.299797,179.997498,-0.846226,-0.075739,2.048864,0.000818,-12.023163,-0.006913,
feedback,0.937940,1786357872574,8,Ry,-50.000000,-200.000000,-11.981964,38.018036,,,360.000244,-134.999054,479.998749,179.998993,73.983063,179.999146,359.984070,-134.999435,480.042145,179.997360,83.394501,179.997452,-0.240890,-0.075737,-0.511540,-0.006014,-11.981964,-0.006122,
feedback,0.945302,1786357872583,8,Ry,-50.000000,-200.000000,-12.187958,37.812042,,,360.000244,-134.999054,479.998749,179.998993,73.983063,179.999146,359.983093,-134.999649,480.036591,179.996872,83.490379,179.996902,0.309189,-0.042184,0.184948,0.010542,-12.187958,-0.028846,
feedback,0.954488,1786357872591,8,Ry,-50.000000,-200.000000,-12.270355,37.729645,,,360.000244,-134.999054,479.998749,179.998993,73.983063,179.999146,359.987915,-134.999573,480.039886,179.997009,83.588623,179.997101,0.421156,0.021093,0.359528,0.001545,-12.270355,0.013647,
feedback,0.961704,1786357872599,8,Ry,-50.000000,-200.000000,-12.297821,37.702179,,,360.000244,-134.999054,479.998749,179.998993,73.983063,179.999146,359.985107,-134.999527,480.035248,179.996933,83.685936,179.997055,-0.203987,-0.022049,-0.967811,0.015172,-12.297821,0.005273,
feedback,0.970777,1786357872608,8,Ry,-50.000000,-200.000000,-11.604309,38.395691,,,360.000244,-134.999054,479.998749,179.998993,73.983063,179.999146,359.980286,-134.999405,480.023865,179.996918,83.780037,179.997040,-0.552648,-0.065190,-1.505616,0.008331,-11.604309,-0.000825,
feedback,0.978473,1786357872616,8,Ry,-50.000000,-200.000000,-11.453247,38.546753,,,360.000244,-134.999054,479.998749,179.998993,73.983063,179.999146,359.975586,-134.999222,480.002777,179.996872,83.870895,179.997025,-0.480819,0.021091,-2.955611,0.008315,-11.453247,0.012921,
feedback,0.987587,1786357872624,8,Ry,-50.000000,-200.000000,-11.453247,38.546753,,,360.000244,-134.999054,479.998749,179.998993,73.983063,179.999146,359.969727,-134.999435,479.978333,179.996857,83.961418,179.996948,-0.626168,-0.000001,-2.120534,0.000016,-11.453247,-0.000000,
feedback,0.994941,1786357872629,8,Ry,-50.000000,-200.000000,-11.920166,38.079834,,,360.000244,-134.999054,479.998749,179.998993,73.983063,179.999146,359.970184,-134.999405,479.978119,179.997330,84.009102,179.997452,0.110899,0.010546,-0.044431,-0.012924,-11.920166,0.008262,
feedback,1.003846,1786357872637,8,Ry,-50.000000,-200.000000,-12.160492,37.839508,,,360.000244,-134.999054,479.998749,179.998993,73.983063,179.999146,359.973907,-134.999435,479.974854,179.996780,84.105972,179.996872,0.417860,0.000001,-0.381946,0.000017,-12.160492,0.000000,
feedback,1.011709,1786357872646,8,Ry,-50.000000,-200.000000,-12.373352,37.626648,,,360.000244,-134.999054,479.998749,179.998993,73.983063,179.999146,359.990509,-134.999222,479.981201,179.996399,84.253464,179.996536,1.603734,0.000003,1.009038,0.013688,-12.373352,-0.001375,
feedback,1.020092,1786357872655,8,Ry,-50.000000,-200.000000,-11.775970,38.224030,,,360.000244,-134.999054,479.998749,179.998993,73.983063,179.999146,359.992371,-134.999176,479.982513,179.996582,84.349922,179.996765,-0.548360,0.064233,-0.811402,-0.005458,-11.775970,0.021209,
feedback,1.028057,1786357872663,8,Ry,-50.000000,-200.000000,-11.981964,38.018036,,,360.000244,-134.999054,479.998749,179.998993,73.983063,179.999146,359.991211,-134.999435,479.996185,179.996582,84.446304,179.996674,-0.282268,-0.000000,1.503651,0.006851,-11.981964,-0.000665,
feedback,1.036462,1786357872671,8,Ry,-50.000000,-200.000000,-11.624908,38.375092,,,360.000244,-134.999054,479.998749,179.998993,73.983063,179.999146,359.992615,-134.999268,480.004333,179.996811,84.540947,179.996933,0.153640,0.000000,-0.123109,-0.013648,-11.624908,0.001306,
feedback,1.044781,1786357872680,8,Ry,-50.000000,-200.000000,-11.968231,38.031769,,,360.000244,-134.999054,479.998749,179.998993,73.983063,179.999146,359.996460,-134.999222,480.000671,179.996429,84.635818,179.996582,0.662574,0.064236,-0.246702,0.008143,-11.968231,0.019897,
feedback,1.052159,1786357872688,8,Ry,-50.000000,-200.000000,-12.297821,37.702179,,,360.000244,-134.999054,479.998749,179.998993,73.983063,179.999146,360.006165,-134.999268,480.010864,179.996094,84.734146,179.996216,1.043193,0.010548,1.517930,0.007491,-12.297821,0.006207,
feedback,1.060669,1786357872696,8,Ry,-50.000000,-200.000000,-12.476349,37.523651,,,360.000244,-134.999054,479.998749,179.998993,73.983063,179.999146,360.010681,-134.999359,480.023956,179.996689,84.834229,179.996750,-0.055215,-0.000000,1.234871,0.000024,-12.476349,-0.000000,
feedback,1.069088,1786357872705,8,Ry,-50.000000,-200.000000,-12.009430,37.990570,,,360.000244,-134.999054,479.998749,179.998993,73.983063,179.999146,360.011444,-134.999222,480.026062,179.996536,84.931786,179.996689,0.040763,0.053691,-0.201620,-0.013050,-12.009430,0.014919,
feedback,1.077348,1786357872713,8,Ry,-50.000000,-200.000000,-11.652374,38.347626,,,360.000244,-134.999054,479.998749,179.998993,73.983063,179.999146,360.013367,-134.999435,480.018585,179.996185,85.025887,179.996277,0.050123,-0.096836,-1.329193,0.006262,-11.652374,-0.021169,
feedback,1.085810,1786357872722,8,Ry,-50.000000,-200.000000,-11.535644,38.464356,,,360.000244,-134.999054,479.998749,179.998993,73.983063,179.999146,360.000366,-134.999222,479.987671,179.996048,85.162224,179.996201,-1.641563,-0.032600,-2.385936,-0.013083,-11.535645,0.001134,
feedback,1.094176,1786357872730,8,Ry,-50.000000,-200.000000,-12.105560,37.894440,,,360.000244,-134.999054,479.998749,179.998993,73.983063,179.999146,359.994781,-134.999313,479.984619,179.996033,85.258133,179.996124,-0.422924,0.031638,0.127903,0.008569,-12.105560,0.019961,
feedback,1.101226,1786357872739,8,Ry,-50.000000,-200.000000,-12.242889,37.757111,,,360.000244,-134.999054,479.998749,179.998993,73.983063,179.999146,359.994110,-134.999359,479.980408,179.995636,85.355034,179.995697,-0.254646,0.032596,-0.445968,0.013155,-12.242889,-0.001090,
feedback,1.110078,1786357872747,8,Ry,-50.000000,-200.000000,-12.476349,37.523651,,,360.000244,-134.999054,479.998749,179.998993,73.983063,179.999146,359.998199,-134.999176,479.983856,179.995422,85.454025,179.995605,0.472141,0.009589,1.340868,0.002745,-12.476349,0.027358,
feedback,1.117817,1786357872755,8,Ry,-50.000000,-200.000000,-12.194824,37.805176,,,360.000244,-134.999054,479.998749,179.998993,73.983063,179.999146,359.995209,-134.999619,479.992065,179.996094,85.552017,179.996155,-0.672907,-0.117924,0.932994,-0.008432,-12.194824,-0.033738,
feedback,1.126239,1786357872764,8,Ry,-50.000000,-200.000000,-11.981964,38.018036,,,360.000244,-134.999054,479.998749,179.998993,73.983063,179.999146,359.984070,-134.999176,479.995270,179.995590,85.647247,179.995773,-0.989670,0.086281,1.425638,0.013716,-11.981964,0.012691,
feedback,1.133873,1786357872768,8,Ry,-50.000000,-200.000000,-11.734772,38.265228,,,360.000244,-134.999054,479.998749,179.998993,73.983063,179.999146,359.982086,-134.999359,479.998138,179.995178,85.694183,179.995331,-0.503221,-0.043142,0.725258,0.006864,-11.734772,-0.007382,
feedback,1.142085,1786357872776,8,Ry,-50.000000,-200.000000,-11.995697,38.004303,,,360.000244,-134.999054,479.998749,179.998993,73.983063,179.999146,359.979492,-134.999405,480.004486,179.995468,85.789818,179.995590,-0.141713,-0.032595,0.665215,0.000521,-11.995697,-0.000019,
feedback,1.150127,1786357872785,8,Ry,-50.000000,-200.000000,-12.339020,37.660980,,,360.000244,-134.999054,479.998749,179.998993,73.983063,179.999146,359.984650,-134.999222,480.014618,179.994980,85.887215,179.995132,1.050591,0.000002,1.965900,-0.006825,-12.339020,0.000492,
feedback,1.158333,1786357872793,8,Ry,-50.000000,-200.000000,-12.922668,37.077332,,,360.000244,-134.999054,479.998749,179.998993,73.983063,179.999146,359.993866,-134.999176,480.036133,179.994934,85.988098,179.995041,1.473755,0.086288,3.173231,0.013730,-12.922668,0.012772,
feedback,1.166569,1786357872802,8,Ry,-50.000000,-200.000000,-12.181091,37.818909,,,360.000244,-134.999054,479.998749,179.998993,73.983063,179.999146,359.999054,-134.999176,480.047546,179.995148,86.135666,179.995239,0.827324,0.043145,0.337765,-0.006822,-12.181091,0.007329,
feedback,1.174934,1786357872810,8,Ry,-50.000000,-200.000000,-11.556244,38.443756,,,360.000244,-134.999054,479.998749,179.998993,73.983063,179.999146,360.001007,-134.999405,480.050476,179.994949,86.230209,179.995071,-0.292943,-0.022051,-0.191043,0.007771,-11.556244,0.006385,
feedback,1.183111,1786357872818,8,Ry,-50.000000,-200.000000,-11.597443,38.402557,,,360.000244,-134.999054,479.998749,179.998993,73.983063,179.999146,359.999298,-134.999435,480.046295,179.994843,86.324005,179.994949,-0.640088,0.086285,-0.937528,-0.006836,-11.597443,0.014173,
feedback,1.191345,1786357872827,8,Ry,-50.000000,-200.000000,-11.968231,38.031769,,,360.000244,-134.999054,479.998749,179.998993,73.983063,179.999146,359.993591,-134.999435,480.042694,179.995590,86.418625,179.995682,-0.696078,-0.043143,0.215410,-0.006836,-11.968231,-0.006438,
feedback,1.199655,1786357872835,8,Ry,-50.000000,-200.000000,-11.769104,38.230896,,,360.000244,-134.999054,479.998749,179.998993,73.983063,179.999146,359.991058,-134.999786,480.035583,179.994675,86.513542,179.994629,-0.498079,-0.064235,-1.429471,-0.000824,-11.769104,-0.020574,
feedback,1.208151,1786357872843,8,Ry,-50.000000,-200.000000,-11.727905,38.272095,,,360.000244,-134.999054,479.998749,179.998993,73.983063,179.999146,359.992432,-134.999268,480.012573,179.994415,86.608604,179.994537,-0.005585,0.086285,-3.369493,0.006877,-11.727905,0.013327,
feedback,1.216262,1786357872852,8,Ry,-50.000000,-200.000000,-12.290955,37.709045,,,360.000244,-134.999054,479.998749,179.998993,73.983063,179.999146,359.996124,-134.999619,480.006531,179.994247,86.705444,179.994324,0.761612,-0.043142,-0.644928,0.013722,-12.290955,-0.007656,
feedback,1.224446,1786357872860,8,Ry,-50.000000,-200.000000,-11.432648,38.567352,,,360.000244,-134.999054,479.998749,179.998993,73.983063,179.999146,359.988678,-134.999741,479.990997,179.994049,86.798775,179.994125,-1.458077,-0.022050,-2.685146,0.000772,-11.432648,0.006845,
feedback,1.232460,1786357872869,8,Ry,-50.000000,-200.000000,-11.631775,38.368225,,,360.000244,-134.999054,479.998749,179.998993,73.983063,179.999146,359.983185,-134.999435,479.981689,179.994415,86.891693,179.994507,-0.321321,0.021092,-0.806532,-0.012951,-11.631775,0.014457,
feedback,1.240565,1786357872877,8,Ry,-50.000000,-200.000000,-11.501312,38.498688,,,360.000244,-134.999054,479.998749,179.998993,73.983063,179.999146,359.981110,-134.999313,479.964661,179.994263,86.983513,179.994370,-0.278790,0.075735,-2.437765,-0.000339,-11.501312,0.006876,
feedback,1.248585,1786357872885,8,Ry,-50.000000,-200.000000,-12.428284,37.571716,,,360.000244,-134.999054,479.998749,179.998993,73.983063,179.999146,359.989105,-134.999481,479.962524,179.992889,87.128120,179.992950,1.080384,-0.053686,1.855299,0.006532,-12.428284,-0.014068,
feedback,1.257112,1786357872894,8,Ry,-50.000000,-200.000000,-12.373352,37.626648,,,360.000244,-134.999054,479.998749,179.998993,73.983063,179.999146,359.994263,-134.999741,479.977417,179.993820,87.227432,179.993805,0.317311,-0.139015,1.968780,-0.015366,-12.373352,-0.047361,
feedback,1.265302,1786357872902,8,Ry,-50.000000,-200.000000,-12.393951,37.606049,,,360.000244,-134.999054,479.998749,179.998993,73.983063,179.999146,360.002228,-134.999481,479.990509,179.992935,87.327576,179.993011,1.133314,-0.043142,1.939468,0.000018,-12.393951,-0.006866,
feedback,1.273571,1786357872911,8,Ry,-50.000000,-200.000000,-11.824036,38.175964,,,360.000244,-134.999054,479.998749,179.998993,73.983063,179.999146,360.006714,-134.999481,479.997101,179.992676,87.423050,179.992752,0.349043,-0.053690,0.320083,0.006568,-11.824036,-0.014035,
feedback,1.281592,1786357872919,8,Ry,-50.000000,-200.000000,-11.700439,38.299561,,,360.000244,-134.999054,479.998749,179.998993,73.983063,179.999146,360.003113,-134.999146,479.993439,179.992920,87.516235,179.993134,-0.879159,0.064234,-0.068381,0.000618,-11.700439,0.020586,
feedback,1.289876,1786357872927,8,Ry,-50.000000,-200.000000,-12.332153,37.667847,,,360.000244,-134.999054,479.998749,179.998993,73.983063,179.999146,360.001343,-134.999268,480.006775,179.992065,87.612915,179.992203,0.012666,0.064236,2.567245,-0.006265,-12.332153,0.020873,
feedback,1.298022,1786357872932,8,Ry,-50.000000,-200.000000,-12.318420,37.681580,,,360.000244,-134.999054,479.998749,179.998993,73.983063,179.999146,360.002411,-134.999649,480.013611,179.993271,87.662193,179.993317,0.254500,-0.096833,1.714410,-0.013990,-12.318420,-0.020033,
feedback,1.306479,1786357872940,8,Ry,-50.000000,-200.000000,-12.222290,37.777710,,,360.000244,-134.999054,479.998749,179.998993,73.983063,179.999146,360.002472,-134.999313,480.017883,179.992279,87.760109,179.992386,-0.069700,-0.053690,0.158349,-0.007106,-12.222290,-0.013459,
feedback,1.314682,1786357872948,8,Ry,-50.000000,-200.000000,-12.524414,37.475586,,,360.000244,-134.999054,479.998749,179.998993,73.983063,179.999146,360.004333,-134.999435,480.025360,179.990417,87.859482,179.990524,0.272900,-0.097792,1.493435,0.007649,-12.524414,-0.000271,
feedback,1.323103,1786357872957,8,Ry,-50.000000,-200.000000,-12.215424,37.784576,,,360.000244,-134.999054,479.998749,179.998993,73.983063,179.999146,359.997650,-134.999359,480.030243,179.990784,87.956955,179.990860,-1.106494,-0.010548,-0.107127,-0.000221,-12.215424,-0.006862,
feedback,1.330808,1786357872965,8,Ry,-50.000000,-200.000000,-11.597442,38.402558,,,360.000244,-134.999054,479.998749,179.998993,73.983063,179.999146,359.982941,-134.999222,480.019653,179.991074,88.050255,179.991226,-1.867213,0.096825,-1.411834,-0.006607,-11.597443,0.020829,
feedback,1.339619,1786357872974,8,Ry,-50.000000,-200.000000,-11.631775,38.368225,,,360.000244,-134.999054,479.998749,179.998993,73.983063,179.999146,359.969666,-134.999832,480.008545,179.987839,88.190002,179.987854,-0.763118,-0.150511,-1.902665,0.013298,-11.631775,-0.034759,
feedback,1.346993,1786357872982,8,Ry,-50.000000,-200.000000,-11.858368,38.141632,,,360.000244,-134.999054,479.998749,179.998993,73.983063,179.999146,359.965057,-134.999573,479.994202,179.989059,88.284241,179.989075,-0.134935,-0.052731,-1.211798,-0.001011,-11.858368,-0.034317,
feedback,1.356013,1786357872990,8,Ry,-50.000000,-200.000000,-12.407684,37.592316,,,360.000244,-134.999054,479.998749,179.998993,73.983063,179.999146,359.970184,-134.999268,480.002167,179.988297,88.383331,179.988434,0.691701,-0.043138,0.833510,0.013751,-12.407684,-0.007254,
feedback,1.363588,1786357872999,8,Ry,-50.000000,-200.000000,-12.270355,37.729645,,,360.000244,-134.999054,479.998749,179.998993,73.983063,179.999146,359.971436,-134.999176,480.006989,179.986557,88.481934,179.986664,0.060372,0.183105,0.574091,0.007075,-12.270355,0.034148,
feedback,1.372556,1786357873007,8,Ry,-50.000000,-200.000000,-12.030029,37.969971,,,360.000244,-134.999054,479.998749,179.998993,73.983063,179.999146,359.979462,-134.999435,480.016083,179.985580,88.579330,179.985687,0.942827,-0.022047,0.802607,0.020951,-12.030029,0.006352,
feedback,1.380288,1786357873016,8,Ry,-50.000000,-200.000000,-11.535644,38.464356,,,360.000244,-134.999054,479.998749,179.998993,73.983063,179.999146,359.980103,-134.999741,480.010895,179.984650,88.672356,179.984650,-0.442188,0.021092,-0.680550,0.000329,-11.535645,0.013729,
feedback,1.389149,1786357873024,8,Ry,-50.000000,-200.000000,-11.940765,38.059235,,,360.000244,-134.999054,479.998749,179.998993,73.983063,179.999146,359.981781,-134.999527,480.012299,179.986099,88.766838,179.986069,0.471698,0.054645,0.890702,-0.007285,-11.940765,-0.006714,
feedback,1.396653,1786357873032,8,Ry,-50.000000,-200.000000,-12.236023,37.763977,,,360.000244,-134.999054,479.998749,179.998993,73.983063,179.999146,359.984070,-134.999481,480.023865,179.983383,88.863983,179.983459,0.117029,-0.043141,1.706914,-0.006848,-12.236023,-0.006730,
feedback,1.404768,1786357873041,8,Ry,-50.000000,-200.000000,-12.393951,37.606049,,,360.000244,-134.999054,479.998749,179.998993,73.983063,179.999146,359.992279,-134.999573,480.031647,179.980331,88.962753,179.980362,1.199304,-0.043141,0.959438,0.006883,-12.393951,-0.006991,
feedback,1.412895,1786357873049,8,Ry,-50.000000,-200.000000,-12.599945,37.400055,,,360.000244,-134.999054,479.998749,179.998993,73.983063,179.999146,360.006195,-134.999390,480.042664,179.981598,89.061905,179.981659,2.279813,0.031643,1.820747,-0.013370,-12.599945,0.020821,
feedback,1.421901,1786357873058,8,Ry,-50.000000,-200.000000,-11.638641,38.361359,,,360.000244,-134.999054,479.998749,179.998993,73.983063,179.999146,360.009064,-134.999130,480.039734,179.980194,89.205246,179.980331,-0.932775,0.021090,-1.358524,-0.020379,-11.638641,0.014017,
feedback,1.429757,1786357873067,8,Ry,-50.000000,-200.000000,-11.693573,38.306427,,,360.000244,-134.999054,479.998749,179.998993,73.983063,179.999146,359.999054,-134.999527,480.035645,179.970871,89.298355,179.970932,-1.036608,-0.053691,-0.224259,0.013665,-11.693573,-0.013901,
feedback,1.438636,1786357873075,8,Ry,-50.000000,-200.000000,-11.721039,38.278961,,,360.000244,-134.999054,479.998749,179.998993,73.983063,179.999146,359.994354,-134.999222,480.025940,179.971497,89.391663,179.971649,-0.742122,0.021091,-1.280443,-0.006698,-11.721039,0.013805,
feedback,1.446282,1786357873083,8,Ry,-50.000000,-200.000000,-11.975098,38.024902,,,360.000244,-134.999054,479.998749,179.998993,73.983063,179.999146,359.994537,-134.999176,480.007629,179.960236,89.485893,179.960342,0.322976,-0.043142,-1.558794,0.000029,-11.975098,-0.006866,
feedback,1.454814,1786357873092,8,Ry,-50.000000,-200.000000,-12.236023,37.763977,,,360.000244,-134.999054,479.998749,179.998993,73.983063,179.999146,360.002441,-134.999359,480.002899,179.947189,89.582985,179.947281,1.290133,0.032600,0.168610,0.013706,-12.236023,-0.000100,
feedback,1.462814,1786357873100,8,Ry,-50.000000,-200.000000,-12.002563,37.997437,,,360.000244,-134.999054,479.998749,179.998993,73.983063,179.999146,360.002136,-134.999268,479.990479,179.936203,89.679199,179.936340,-0.517200,0.053689,-1.610926,-0.006805,-12.002563,0.013771,
feedback,1.471469,1786357873105,8,Ry,-50.000000,-200.000000,-11.975098,38.024902,,,360.000244,-134.999054,479.998749,179.998993,73.983063,179.999146,359.999268,-134.999176,479.987701,179.930832,89.727097,179.930939,-0.722876,0.022049,-0.687623,-0.006903,-11.975098,-0.006834,
feedback,1.479173,1786357873113,8,Ry,-50.000000,-200.000000,-11.535645,38.464355,,,360.000244,-134.999054,479.998749,179.998993,73.983063,179.999146,359.994934,-134.999344,479.981750,179.877502,89.820343,179.877502,-0.551940,-0.042186,-1.130088,-0.000058,-11.535645,-0.027466,
feedback,1.487537,1786357873122,8,Ry,-50.000000,-200.000000,-12.112427,37.887573,,,360.000244,-134.999054,479.998749,179.998993,73.983063,179.999146,359.991608,-134.999527,479.965393,179.494720,89.959511,179.494766,0.242459,-0.096830,0.603224,0.013745,-12.112427,-0.020609,
feedback,1.495276,1786357873130,8,Ry,-50.000000,-200.000000,-12.435150,37.564850,,,360.000244,-134.999054,479.998749,179.998993,73.983063,179.999146,359.997284,-134.999313,479.976532,0.355022,89.942375,0.355132,0.836534,0.032598,1.970352,-0.006836,-12.435150,-0.000007,
feedback,1.504069,1786357873139,8,Ry,-50.000000,-200.000000,-12.462616,37.537384,,,360.000244,-134.999054,479.998749,179.998993,73.983063,179.999146,359.997223,-134.999435,479.984283,0.130779,89.843475,0.130807,0.228461,-0.010546,1.572436,0.000043,-12.462616,-0.006866,
feedback,1.511508,1786357873147,8,Ry,-50.000000,-200.000000,-12.689209,37.310791,,,360.000244,-134.999054,479.998749,179.998993,73.983063,179.999146,360.006683,-134.999222,480.011322,0.067081,89.741737,0.067164,1.269104,0.053693,3.472889,-0.006867,-12.689209,0.013702,
feedback,1.520554,1786357873155,8,Ry,-50.000000,-200.000000,-12.057495,37.942505,,,360.000244,-134.999054,479.998749,179.998993,73.983063,179.999146,360.005585,-134.999695,480.019135,0.048888,89.644920,0.048834,-0.288781,0.000959,1.106456,-0.020411,-12.057495,-0.020726,
feedback,1.528286,1786357873164,8,Ry,-50.000000,-200.000000,-12.023163,37.976837,,,360.000244,-134.999054,479.998749,179.998993,73.983063,179.999146,359.998444,-134.999390,480.026581,0.038482,89.549530,0.038538,-0.788760,0.010545,1.880359,-0.013763,-12.023163,0.006758,
feedback,1.536141,1786357873172,8,Ry,-50.000000,-200.000000,-11.672974,38.327026,,,360.000244,-134.999054,479.998749,179.998993,73.983063,179.999146,359.988770,-134.999435,480.035034,0.034628,89.455109,0.034739,-1.405283,-0.011506,0.305966,-0.000179,-11.672974,0.013732,
feedback,1.544458,1786357873181,8,Ry,-50.000000,-200.000000,-11.865234,38.134766,,,360.000244,-134.999054,479.998749,179.998993,73.983063,179.999146,359.985657,-134.999313,480.029968,0.029449,89.358780,0.029561,-0.380404,0.043141,-1.670523,-0.006843,-11.865234,0.006790,
feedback,1.552595,1786357873189,8,Ry,-50.000000,-200.000000,-12.387085,37.612915,,,360.000244,-134.999054,479.998749,179.998993,73.983063,179.999146,359.991455,-134.999741,480.033875,0.027737,89.261002,0.027739,1.114525,-0.107376,1.104710,0.000189,-12.387085,-0.027465,
feedback,1.560944,1786357873198,8,Ry,-50.000000,-200.000000,-11.734772,38.265228,,,360.000244,-134.999054,479.998749,179.998993,73.983063,179.999146,359.992798,-134.999390,480.019165,0.023219,89.116920,0.023277,-0.587291,-0.000001,-2.350984,0.000023,-11.734772,0.000000,
feedback,1.569019,1786357873206,8,Ry,-50.000000,-200.000000,-11.775970,38.224030,,,360.000244,-134.999054,479.998749,179.998993,73.983063,179.999146,359.985291,-134.999390,480.009583,0.019374,89.022629,0.019432,-0.846690,0.021091,-0.871903,-0.007077,-11.775970,0.013614,
feedback,1.577753,1786357873214,8,Ry,-50.000000,-200.000000,-11.137390,38.862610,,,360.000244,-134.999054,479.998749,179.998993,73.983063,179.999146,359.973297,-134.999481,479.992584,0.019145,88.931549,0.019231,-1.525767,-0.032596,-3.563388,0.006753,-11.137390,0.000127,
feedback,1.585934,1786357873223,8,Ry,-50.000000,-200.000000,-11.769104,38.230896,,,360.000244,-134.999054,479.998749,179.998993,73.983063,179.999146,359.970551,-134.999130,479.973724,0.016263,88.838966,0.016403,0.375340,0.010547,-1.636684,-0.000111,-11.769104,0.006865,
feedback,1.594286,1786357873231,8,Ry,-50.000000,-200.000000,-12.098694,37.901306,,,360.000244,-134.999054,479.998749,179.998993,73.983063,179.999146,359.978668,-134.999222,479.966583,0.016337,88.743767,0.016424,1.550627,-0.043137,-0.771146,0.000029,-12.098694,-0.006866,
feedback,1.601969,1786357873240,8,Ry,-50.000000,-200.000000,-12.359619,37.640381,,,360.000244,-134.999054,479.998749,179.998993,73.983063,179.999146,359.985382,-134.999649,479.965240,0.015211,88.645554,0.015188,1.011126,-0.064232,0.371732,0.007207,-12.359619,-0.020433,
feedback,1.610530,1786357873248,8,Ry,-50.000000,-200.000000,-12.339020,37.660980,,,360.000244,-134.999054,479.998749,179.998993,73.983063,179.999146,359.993073,-134.999130,479.980194,0.012986,88.546066,0.013127,0.731775,0.096833,1.456184,-0.007009,-12.339020,0.020423,
feedback,1.618167,1786357873252,8,Ry,-50.000000,-200.000000,-12.023163,37.976837,,,360.000244,-134.999054,479.998749,179.998993,73.983063,179.999146,359.993408,-134.999786,479.980682,0.013699,88.497978,0.013677,0.073276,-0.161065,0.134189,0.007416,-12.023163,-0.041012,
feedback,1.626612,1786357873261,8,Ry,-50.000000,-200.000000,-11.748505,38.251495,,,360.000244,-134.999054,479.998749,179.998993,73.983063,179.999146,359.993835,-134.999481,479.981659,0.012920,88.403465,0.012925,0.191370,-0.064234,0.408868,0.000405,-11.748505,-0.020594,
feedback,1.634895,1786357873269,8,Ry,-50.000000,-200.000000,-12.023163,37.976837,,,360.000244,-134.999054,479.998749,179.998993,73.983063,179.999146,359.997833,-134.999435,479.993378,0.012170,88.307968,0.012202,0.156061,-0.011504,1.642994,-0.007449,-12.023163,0.013521,
feedback,1.642937,1786357873278,8,Ry,-50.000000,-200.000000,-12.318420,37.681580,,,360.000244,-134.999054,479.998749,179.998993,73.983063,179.999146,359.999420,-134.999313,480.005219,0.010384,88.162590,0.010417,0.363524,0.010547,1.492256,-0.007054,-12.318420,0.006643,
feedback,1.651303,1786357873286,8,Ry,-50.000000,-200.000000,-12.517548,37.482452,,,360.000244,-134.999054,479.998749,179.998993,73.983063,179.999146,360.007751,-134.999557,480.021027,0.009908,88.062645,0.009859,1.241688,-0.095872,1.963940,0.008047,-12.517548,-0.040947,
feedback,1.659402,1786357873294,8,Ry,-50.000000,-200.000000,-12.284088,37.715912,,,360.000244,-134.999054,479.998749,179.998993,73.983063,179.999146,360.015625,-134.999390,480.025940,0.010102,87.964615,0.010163,1.063398,0.000002,0.783760,0.000024,-12.284088,-0.000000,
feedback,1.667555,1786357873303,8,Ry,-50.000000,-200.000000,-11.817169,38.182831,,,360.000244,-134.999054,479.998749,179.998993,73.983063,179.999146,360.015320,-134.999527,480.018341,0.008260,87.869942,0.008238,-0.063779,0.032599,-0.462018,-0.013446,-11.817169,-0.000506,
feedback,1.675881,1786357873311,8,Ry,-50.000000,-200.000000,-11.611176,38.388824,,,360.000244,-134.999054,479.998749,179.998993,73.983063,179.999146,360.011017,-134.999527,480.014252,0.010042,87.776672,0.010022,-1.218888,-0.032601,-0.905476,0.013478,-11.611176,0.000528,
feedback,1.683686,1786357873319,8,Ry,-50.000000,-200.000000,-11.563110,38.436890,,,360.000244,-134.999054,479.998749,179.998993,73.983063,179.999146,359.998657,-134.999222,480.001038,0.008313,87.683754,0.008320,-1.630300,0.053684,-2.390426,0.006617,-11.563110,0.014005,
feedback,1.692086,1786357873328,8,Ry,-50.000000,-200.000000,-11.968231,38.031769,,,360.000244,-134.999054,479.998749,179.998993,73.983063,179.999146,359.994110,-134.999130,479.988922,0.006523,87.588913,0.006666,0.114080,0.052731,-1.322891,-0.021997,-11.968231,0.033435,
feedback,1.700311,1786357873336,8,Ry,-50.000000,-200.000000,-11.947632,38.052368,,,360.000244,-134.999054,479.998749,179.998993,73.983063,179.999146,359.997070,-134.999603,479.977142,0.007610,87.493027,0.007617,0.200055,-0.010546,-1.877189,0.000318,-11.947632,-0.006860,
feedback,1.708616,1786357873345,8,Ry,-50.000000,-200.000000,-12.387085,37.612915,,,360.000244,-134.999054,479.998749,179.998993,73.983063,179.999146,360.001953,-134.999481,479.972809,0.007959,87.395584,0.007968,0.665706,0.021094,0.700096,-0.000600,-12.387085,0.013719,
feedback,1.717165,1786357873353,8,Ry,-50.000000,-200.000000,-11.913299,38.086701,,,360.000244,-134.999054,479.998749,179.998993,73.983063,179.999146,360.000763,-134.999527,479.976532,0.007124,87.299232,0.007105,-0.709406,0.107377,0.396136,-0.007483,-11.913300,0.027127,
feedback,1.725650,1786357873361,8,Ry,-50.000000,-200.000000,-11.762237,38.237763,,,360.000244,-134.999054,479.998749,179.998993,73.983063,179.999146,359.993347,-134.999390,479.974121,0.007932,87.205406,0.007997,-0.999437,0.009586,0.232525,0.025782,-11.762238,0.028764,
feedback,1.733571,1786357873370,8,Ry,-50.000000,-200.000000,-11.899567,38.100433,,,360.000244,-134.999054,479.998749,179.998993,73.983063,179.999146,359.991699,-134.999695,479.977448,0.007097,87.062973,0.007051,0.140210,-0.074780,-0.355670,0.014787,-11.899567,-0.026735,
feedback,1.741879,1786357873378,8,Ry,-50.000000,-200.000000,-12.469482,37.530518,,,360.000244,-134.999054,479.998749,179.998993,73.983063,179.999146,359.994965,-134.999573,479.989349,0.006269,86.963875,0.006305,0.788232,-0.065192,1.930746,0.013004,-12.469482,0.000708,
feedback,1.749674,1786357873387,8,Ry,-50.000000,-200.000000,-12.716675,37.283325,,,360.000244,-134.999054,479.998749,179.998993,73.983063,179.999146,360.000946,-134.999268,480.021088,0.005592,86.861290,0.005655,0.546262,0.074783,3.102914,-0.001097,-12.716675,0.027435,
feedback,1.757616,1786357873395,8,Ry,-50.000000,-200.000000,-12.222290,37.777710,,,360.000244,-134.999054,479.998749,179.998993,73.983063,179.999146,360.001892,-134.999390,480.039856,0.005504,86.761505,0.005485,-0.131610,0.011505,1.413671,-0.005662,-12.222290,-0.014088,
feedback,1.766123,1786357873404,8,Ry,-50.000000,-200.000000,-11.947632,38.052368,,,360.000244,-134.999054,479.998749,179.998993,73.983063,179.999146,360.001099,-134.999313,480.047729,0.006238,86.665649,0.006276,-0.025140,-0.000000,1.102578,-0.006826,-11.947632,-0.000399,
feedback,1.773910,1786357873408,8,Ry,-50.000000,-200.000000,-11.693573,38.306427,,,360.000244,-134.999054,479.998749,179.998993,73.983063,179.999146,359.996399,-134.999390,480.050140,0.005557,86.571800,0.005622,-0.711248,0.043141,0.186011,0.000022,-11.693573,0.006866,
feedback,1.782448,1786357873416,8,Ry,-50.000000,-200.000000,-11.714172,38.285828,,,360.000244,-134.999054,479.998749,179.998993,73.983063,179.999146,359.994049,-134.999313,480.046967,0.005428,86.524940,0.005547,-0.599148,0.021091,-0.787378,-0.000810,-11.714172,0.013708,
feedback,1.791118,1786357873425,8,Ry,-50.000000,-200.000000,-12.174225,37.825775,,,360.000244,-134.999054,479.998749,179.998993,73.983063,179.999146,359.991058,-134.999435,480.042816,0.004924,86.428925,0.004960,-0.031368,-0.010546,0.112342,-0.006402,-12.174225,-0.007281,
feedback,1.798786,1786357873433,8,Ry,-50.000000,-200.000000,-12.373352,37.626648,,,360.000244,-134.999054,479.998749,179.998993,73.983063,179.999146,359.988831,-134.999313,480.049133,0.005249,86.330566,0.005287,-0.082686,0.064234,0.793408,-0.000849,-12.373352,0.020571,
feedback,1.807489,1786357873442,8,Ry,-50.000000,-200.000000,-11.549377,38.450623,,,360.000244,-134.999054,479.998749,179.998993,73.983063,179.999146,359.986359,-134.999390,480.024628,0.005415,86.188705,0.005481,-0.019891,0.010546,-1.905589,0.006417,-11.549377,0.007308,
feedback,1.815303,1786357873450,8,Ry,-50.000000,-200.000000,-11.501312,38.498688,,,360.000244,-134.999054,479.998749,179.998993,73.983063,179.999146,359.985260,-134.999481,480.008728,0.004829,86.095100,0.004922,-0.302384,-0.010547,-2.403292,-0.013217,-11.501312,-0.007786,
feedback,1.823879,1786357873459,8,Ry,-50.000000,-200.000000,-11.315918,38.684082,,,360.000244,-134.999054,479.998749,179.998993,73.983063,179.999146,359.976562,-134.999817,479.983398,0.005616,86.005013,0.005574,-0.891490,-0.031639,-2.677594,0.015146,-11.315918,-0.019593,
feedback,1.831561,1786357873467,8,Ry,-50.000000,-200.000000,-11.968231,38.031769,,,360.000244,-134.999054,479.998749,179.998993,73.983063,179.999146,359.974091,-135.000000,479.981293,0.005487,85.909760,0.005418,-0.196070,-0.117919,-0.214795,0.008324,-11.968231,-0.033790,
feedback,1.840443,1786357873476,8,Ry,-50.000000,-200.000000,-12.036895,37.963105,,,360.000244,-134.999054,479.998749,179.998993,73.983063,179.999146,359.973053,-134.999176,479.972778,0.004906,85.814041,0.005029,-0.117426,0.128464,-1.080510,-0.008824,-12.036896,0.040624,
feedback,1.847897,1786357873484,8,Ry,-50.000000,-200.000000,-12.503815,37.496185,,,360.000244,-134.999054,479.998749,179.998993,73.983063,179.999146,359.983185,-134.999268,479.985291,0.004480,85.714317,0.004548,1.521746,0.000004,1.943515,-0.020512,-12.503815,-0.001539,
feedback,1.856420,1786357873493,8,Ry,-50.000000,-200.000000,-12.229156,37.770844,,,360.000244,-134.999054,479.998749,179.998993,73.983063,179.999146,359.989746,-134.999130,479.993286,0.005016,85.615990,0.005168,0.543944,0.020136,0.721375,0.003726,-12.229156,0.034737,
feedback,1.864151,1786357873501,8,Ry,-50.000000,-200.000000,-12.318420,37.681580,,,360.000244,-134.999054,479.998749,179.998993,73.983063,179.999146,359.989960,-134.999313,480.002808,0.003965,85.519394,0.004005,0.111395,0.043142,1.997100,-0.020507,-12.318420,0.005257,
feedback,1.873116,1786357873509,8,Ry,-50.000000,-200.000000,-11.844635,38.155365,,,360.000244,-134.999054,479.998749,179.998993,73.983063,179.999146,359.985291,-134.999481,480.015808,0.004755,85.376762,0.004853,-0.130495,0.009589,0.099227,0.010938,-11.844635,0.028461,
feedback,1.880435,1786357873518,8,Ry,-50.000000,-200.000000,-12.064361,37.935639,,,360.000244,-134.999054,479.998749,179.998993,73.983063,179.999146,359.988953,-134.999054,480.016296,0.004048,85.281067,0.004171,0.777858,0.096832,0.542645,-0.007373,-12.064362,0.020011,
feedback,1.889247,1786357873526,8,Ry,-50.000000,-200.000000,-12.448883,37.551117,,,360.000244,-134.999054,479.998749,179.998993,73.983063,179.999146,359.999512,-134.999603,480.028534,0.004318,85.181755,0.004333,1.282777,-0.064234,1.435967,-0.005671,-12.448883,-0.021128,
feedback,1.897182,1786357873535,8,Ry,-50.000000,-200.000000,-12.098694,37.901306,,,360.000244,-134.999054,479.998749,179.998993,73.983063,179.999146,360.005798,-134.999435,480.027405,0.004234,85.084358,0.004277,0.441201,0.010547,-0.494040,0.006276,-12.098694,0.007430,
feedback,1.905237,1786357873543,8,Ry,-50.000000,-200.000000,-11.954498,38.045502,,,360.000244,-134.999054,479.998749,179.998993,73.983063,179.999146,360.005585,-134.999176,480.027222,0.003472,84.987930,0.003595,-0.324828,0.074781,0.020167,-0.015451,-11.954498,0.026187,
feedback,1.913281,1786357873547,8,Ry,-50.000000,-200.000000,-11.370850,38.629150,,,360.000244,-134.999054,479.998749,179.998993,73.983063,179.999146,359.997437,-134.999649,480.014862,0.004415,84.895805,0.004404,-1.135614,-0.075741,-2.379390,-0.000595,-11.370850,-0.006894,
feedback,1.922136,1786357873555,8,Ry,-50.000000,-200.000000,-11.350250,38.649750,,,360.000244,-134.999054,479.998749,179.998993,73.983063,179.999146,359.994751,-134.999176,480.003387,0.003989,84.850403,0.004115,-0.681977,0.117922,-2.863416,-0.008660,-11.350250,0.033633,
feedback,1.929691,1786357873564,8,Ry,-50.000000,-200.000000,-11.762237,38.237763,,,360.000244,-134.999054,479.998749,179.998993,73.983063,179.999146,359.992310,-134.999130,479.985779,0.003403,84.757927,0.003472,0.099007,0.075739,-0.934219,-0.013014,-11.762238,0.005640,
feedback,1.937945,1786357873572,8,Ry,-50.000000,-200.000000,-12.043762,37.956238,,,360.000244,-134.999054,479.998749,179.998993,73.983063,179.999146,359.993164,-134.999649,479.978027,0.004225,84.662018,0.004216,0.027119,-0.096831,-1.155800,0.000656,-12.043762,-0.020570,
feedback,1.946007,1786357873581,8,Ry,-50.000000,-200.000000,-12.757874,37.242126,,,360.000244,-134.999054,479.998749,179.998993,73.983063,179.999146,359.991577,-134.999573,479.977692,0.004096,84.563995,0.004141,0.453589,-0.043142,2.138265,0.006854,-12.757874,-0.006216,
feedback,1.954116,1786357873589,8,Ry,-50.000000,-200.000000,-12.242889,37.757111,,,360.000244,-134.999054,479.998749,179.998993,73.983063,179.999146,359.991150,-134.999222,479.985046,0.003740,84.465416,0.003839,-0.022643,0.075738,0.639069,-0.006143,-12.242889,0.006236,
feedback,1.962433,1786357873597,8,Ry,-50.000000,-200.000000,-11.810303,38.189697,,,360.000244,-134.999054,479.998749,179.998993,73.983063,179.999146,359.987030,-134.999084,479.981537,0.003426,84.370964,0.003525,-0.327542,0.022048,-0.172638,-0.005452,-11.810303,-0.007474,
feedback,1.971164,1786357873606,8,Ry,-50.000000,-200.000000,-11.913300,38.086700,,,360.000244,-134.999054,479.998749,179.998993,73.983063,179.999146,359.984314,-134.999527,479.993988,0.003941,84.227951,0.003933,-0.241121,-0.085326,0.928887,0.009617,-11.913300,-0.033502,
feedback,1.978690,1786357873614,8,Ry,-50.000000,-200.000000,-12.400818,37.599182,,,360.000244,-134.999054,479.998749,179.998993,73.983063,179.999146,359.979889,-134.999390,480.009857,0.003260,84.129288,0.003332,-0.329389,-0.074780,2.024676,-0.004700,-12.400818,-0.028060,
feedback,1.988519,1786357873623,8,Ry,-50.000000,-200.000000,-12.565613,37.434387,,,360.000244,-134.999054,479.998749,179.998993,73.983063,179.999146,359.981781,-134.999054,480.036713,0.003096,84.028053,0.003305,0.304384,0.150516,2.816681,-0.001399,-12.565613,0.034258,
feedback,1.995544,1786357873631,8,Ry,-50.000000,-200.000000,-12.229156,37.770844,,,360.000244,-134.999054,479.998749,179.998993,73.983063,179.999146,359.986206,-134.999130,480.051300,0.003357,83.928871,0.003513,0.616355,0.053689,1.365670,-0.000697,-12.229156,0.013694,
feedback,2.004049,1786357873639,8,Ry,-50.000000,-200.000000,-11.810303,38.189697,,,360.000244,-134.999054,479.998749,179.998993,73.983063,179.999146,359.989105,-134.999390,480.058228,0.003359,83.831917,0.003433,0.217468,0.000000,0.666214,0.000023,-11.810303,0.000000,
feedback,2.012071,1786357873648,8,Ry,-50.000000,-200.000000,-11.830902,38.169098,,,360.000244,-134.999054,479.998749,179.998993,73.983063,179.999146,359.991760,-134.999435,480.066895,0.003335,83.735626,0.003382,0.126913,-0.021092,0.411333,0.001521,-11.830902,-0.013651,
feedback,2.020058,1786357873656,8,Ry,-50.000000,-200.000000,-11.597443,38.402557,,,360.000244,-134.999054,479.998749,179.998993,73.983063,179.999146,359.986938,-134.999222,480.056274,0.003013,83.643143,0.003114,-0.578352,-0.021094,-1.576480,-0.005276,-11.597443,-0.014409,
feedback,2.028470,1786357873664,8,Ry,-50.000000,-200.000000,-12.249756,37.750244,,,360.000244,-134.999054,479.998749,179.998993,73.983063,179.999146,359.986542,-134.999481,480.059631,0.003509,83.546356,0.003531,0.073692,-0.107375,1.196402,-0.005256,-12.249756,-0.028151,
feedback,2.036796,1786357873673,8,Ry,-50.000000,-200.000000,-11.988831,38.011169,,,360.000244,-134.999054,479.998749,179.998993,73.983063,179.999146,359.986023,-134.999313,480.048157,0.003220,83.450691,0.003268,0.103140,0.000000,-1.702688,-0.006793,-11.988831,-0.000783,
feedback,2.045504,1786357873681,8,Ry,-50.000000,-200.000000,-11.968231,38.031769,,,360.000244,-134.999054,479.998749,179.998993,73.983063,179.999146,359.988068,-134.999313,480.029724,0.003175,83.355301,0.003223,0.576578,0.011505,-1.805613,-0.004408,-11.968231,-0.014389,
feedback,2.052896,1786357873690,8,Ry,-50.000000,-200.000000,-11.453247,38.546753,,,360.000244,-134.999054,479.998749,179.998993,73.983063,179.999146,359.988434,-134.999344,480.009888,0.003369,83.214874,0.003392,-0.471411,-0.074781,-2.820950,0.009280,-11.453247,-0.026510,
feedback,2.062392,1786357873698,8,Ry,-50.000000,-200.000000,-11.556244,38.443756,,,360.000244,-134.999054,479.998749,179.998993,73.983063,179.999146,359.980682,-134.999313,479.992798,0.002843,83.123413,0.002890,-0.728680,-0.074781,-1.267600,-0.011140,-11.556244,-0.028962,
feedback,2.068810,1786357873707,8,Ry,-50.000000,-200.000000,-11.927032,38.072968,,,360.000244,-134.999054,479.998749,179.998993,73.983063,179.999146,359.979248,-134.999527,479.992493,0.003057,83.028160,0.003051,-0.212738,-0.032595,-0.298444,-0.007626,-11.927032,-0.000884,
feedback,2.078658,1786357873715,8,Ry,-50.000000,-200.000000,-11.872101,38.127899,,,360.000244,-134.999054,479.998749,179.998993,73.983063,179.999146,359.979034,-134.999695,479.983826,0.003018,82.933235,0.002985,-0.037498,-0.128466,-0.918274,-0.003418,-11.872101,-0.041835,
feedback,2.085855,1786357873719,8,Ry,-50.000000,-200.000000,-12.586212,37.413788,,,360.000244,-134.999054,479.998749,179.998993,73.983063,179.999146,359.987213,-134.999390,479.988800,0.003024,82.882889,0.003019,2.029953,0.075742,1.254294,0.000881,-12.586212,0.006919,
feedback,2.095251,1786357873732,8,Ry,-50.000000,-200.000000,-12.119293,37.880707,,,360.000244,-134.999054,479.998749,179.998993,73.983063,179.999146,359.995728,-134.999222,479.996216,0.003181,82.735924,0.003206,0.211413,0.075740,0.164095,0.000903,-12.119293,0.006922,
feedback,2.103119,1786357873737,8,Ry,-50.000000,-200.000000,-12.160492,37.839508,,,360.000244,-134.999054,479.998749,179.998993,73.983063,179.999146,359.997040,-134.999313,480.002594,0.003106,82.687279,0.003158,0.318105,-0.022050,1.607576,-0.001719,-12.160492,0.006755,
feedback,2.111724,1786357873745,8,Ry,-50.000000,-200.000000,-11.844635,38.155365,,,360.000244,-134.999054,479.998749,179.998993,73.983063,179.999146,359.994995,-134.999222,480.015076,0.002993,82.544785,0.003101,-0.032079,0.021092,0.526810,-0.008562,-11.844635,0.012726,
feedback,2.119174,1786357873754,8,Ry,-50.000000,-200.000000,-11.878967,38.121033,,,360.000244,-134.999054,479.998749,179.998993,73.983063,179.999146,359.996735,-134.999176,480.012146,0.002831,82.450142,0.002882,0.483299,0.076699,-0.142609,-0.002262,-11.878967,-0.014337,
feedback,2.128642,1786357873762,8,Ry,-50.000000,-200.000000,-12.284088,37.715912,,,360.000244,-134.999054,479.998749,179.998993,73.983063,179.999146,360.007385,-134.999084,480.019318,0.002946,82.352196,0.003054,1.276568,0.128476,0.635436,0.003185,-12.284088,0.041868,
feedback,2.136106,1786357873771,8,Ry,-50.000000,-200.000000,-12.098694,37.901306,,,360.000244,-134.999054,479.998749,179.998993,73.983063,179.999146,360.011383,-134.999435,480.013092,0.002506,82.255516,0.002556,0.331545,-0.031638,-1.705153,-0.004005,-12.098694,-0.021337,
feedback,2.144541,1786357873779,8,Ry,-50.000000,-200.000000,-12.160492,37.839508,,,360.000244,-134.999054,479.998749,179.998993,73.983063,179.999146,360.013214,-134.999603,480.011322,0.002875,82.158752,0.002901,0.223956,-0.096835,0.624606,0.014559,-12.160492,-0.018662,
feedback,2.152370,1786357873787,8,Ry,-50.000000,-200.000000,-11.748505,38.251495,,,360.000244,-134.999054,479.998749,179.998993,73.983063,179.999146,360.005249,-134.999268,480.013153,0.003235,82.063835,0.003320,-1.369856,0.053687,-0.125224,0.012681,-11.748505,0.015563,
feedback,2.160944,1786357873796,8,Ry,-50.000000,-200.000000,-11.370850,38.629150,,,360.000244,-134.999054,479.998749,179.998993,73.983063,179.999146,359.992737,-134.999313,479.991608,0.002532,81.972534,0.002667,-1.508228,-0.096834,-3.258050,0.000981,-11.370850,-0.020532,
feedback,2.168602,1786357873804,8,Ry,-50.000000,-200.000000,-11.707306,38.292694,,,360.000244,-134.999054,479.998749,179.998993,73.983063,179.999146,359.989594,-134.999313,479.977173,0.002612,81.879181,0.002665,-0.212668,-0.095873,-1.616989,0.004878,-11.707306,-0.040854,
feedback,2.176862,1786357873813,8,Ry,-50.000000,-200.000000,-11.865234,38.134766,,,360.000244,-134.999054,479.998749,179.998993,73.983063,179.999146,359.988312,-134.999481,479.960724,0.002773,81.783928,0.002801,-0.412805,-0.010547,-2.602901,-0.005792,-11.865234,-0.007777,
feedback,2.184736,1786357873821,8,Ry,-50.000000,-200.000000,-12.448883,37.551117,,,360.000244,-134.999054,479.998749,179.998993,73.983063,179.999146,359.993225,-134.999268,479.961304,0.002526,81.685959,0.002607,1.103466,0.031641,1.474803,-0.016537,-12.448883,0.018397,
feedback,2.193438,1786357873830,8,Ry,-50.000000,-200.000000,-11.741638,38.258362,,,360.000244,-134.999054,479.998749,179.998993,73.983063,179.999146,359.990143,-134.999176,479.962158,0.002244,81.541214,0.002378,-0.590872,0.074779,-0.820855,-0.009794,-11.741638,0.026232,
feedback,2.200997,1786357873838,8,Ry,-50.000000,-200.000000,-11.638641,38.361359,,,360.000244,-134.999054,479.998749,179.998993,73.983063,179.999146,359.988678,-134.999313,479.966064,0.002374,81.447227,0.002511,-0.287576,-0.011504,0.379285,-0.009831,-11.638641,0.012483,
feedback,2.210174,1786357873846,8,Ry,-50.000000,-200.000000,-11.782837,38.217163,,,360.000244,-134.999054,479.998749,179.998993,73.983063,179.999146,359.987457,-134.999008,479.963074,0.002736,81.352440,0.002905,-0.344432,-0.000001,-0.713710,0.020399,-11.782837,0.003097,
feedback,2.217271,1786357873855,8,Ry,-50.000000,-200.000000,-12.627411,37.372589,,,360.000244,-134.999054,479.998749,179.998993,73.983063,179.999146,359.989868,-134.999344,479.978210,0.002458,81.253540,0.002485,0.662567,-0.074779,3.178179,0.009949,-12.627411,-0.026182,
feedback,2.225325,1786357873863,8,Ry,-50.000000,-200.000000,-12.510681,37.489319,,,360.000244,-134.999054,479.998749,179.998993,73.983063,179.999146,359.993713,-134.999222,480.006714,0.002349,81.152626,0.002459,0.143106,-0.053688,3.101708,0.001086,-12.510681,-0.013651,
feedback,2.233698,1786357873872,8,Ry,-50.000000,-200.000000,-12.531281,37.468719,,,360.000244,-134.999054,479.998749,179.998993,73.983063,179.999146,359.997009,-134.999313,480.027832,0.002377,81.051003,0.002433,0.111279,-0.031638,2.290472,0.003234,-12.531281,-0.020349,
feedback,2.242083,1786357873880,8,Ry,-50.000000,-200.000000,-12.112427,37.887573,,,360.000244,-134.999054,479.998749,179.998993,73.983063,179.999146,359.997833,-134.998917,480.045593,0.002152,80.953529,0.002288,0.276215,0.086287,2.026346,0.000041,-12.112427,0.013733,
feedback,2.250511,1786357873888,8,Ry,-50.000000,-200.000000,-11.700440,38.299560,,,360.000244,-134.999054,479.998749,179.998993,73.983063,179.999146,359.993195,-134.999573,480.047852,0.002274,80.859238,0.002330,-0.780104,-0.118882,-0.222310,-0.001074,-11.700439,-0.013820,
feedback,2.258522,1786357873893,8,Ry,-50.000000,-200.000000,-11.515045,38.484955,,,360.000244,-134.999054,479.998749,179.998993,73.983063,179.999146,359.988983,-134.999222,480.042877,0.002263,80.813179,0.002374,-1.069310,0.086281,-1.238028,0.000028,-11.515045,0.013733,
feedback,2.266805,1786357873901,8,Ry,-50.000000,-200.000000,-12.098694,37.901306,,,360.000244,-134.999054,479.998749,179.998993,73.983063,179.999146,359.988403,-134.999313,480.040131,0.002294,80.717346,0.002351,0.214439,0.075738,0.111796,-0.005640,-12.098694,0.005849,
feedback,2.274876,1786357873909,8,Ry,-50.000000,-200.000000,-12.270355,37.729645,,,360.000244,-134.999054,479.998749,179.998993,73.983063,179.999146,359.990997,-134.999344,480.041229,0.002465,80.620064,0.002497,0.301025,-0.010545,0.396620,0.001149,-12.270355,-0.006775,
feedback,2.283118,1786357873918,8,Ry,-50.000000,-200.000000,-12.112427,37.887573,,,360.000244,-134.999054,479.998749,179.998993,73.983063,179.999146,359.985535,-134.999130,480.026978,0.002402,80.475540,0.002489,-0.470859,0.096828,-0.997609,-0.007873,-12.112427,0.019369,
feedback,2.291247,1786357873926,8,Ry,-50.000000,-200.000000,-11.604309,38.395691,,,360.000244,-134.999054,479.998749,179.998993,73.983063,179.999146,359.983582,-134.999527,480.015259,0.002406,80.381851,0.002411,-0.330709,-0.031639,-1.969560,0.010234,-11.604309,-0.019163,
feedback,2.299546,1786357873935,8,Ry,-50.000000,-200.000000,-11.556244,38.443756,,,360.000244,-134.999054,479.998749,179.998993,73.983063,179.999146,359.976318,-134.999084,479.990997,0.002330,80.291519,0.002445,-0.391989,0.032593,-2.287533,0.001191,-11.556244,0.000098,
feedback,2.307510,1786357873943,8,Ry,-50.000000,-200.000000,-11.885834,38.114166,,,360.000244,-134.999054,479.998749,179.998993,73.983063,179.999146,359.977753,-134.999130,479.984680,0.002335,80.197174,0.002423,0.272505,0.032595,-0.595360,0.007969,-11.885834,0.001269,
feedback,2.315756,1786357873951,8,Ry,-50.000000,-200.000000,-12.339020,37.660980,,,360.000244,-134.999054,479.998749,179.998993,73.983063,179.999146,359.979553,-134.999435,479.979828,0.002128,80.100937,0.002187,0.347575,0.000001,-0.260434,0.000024,-12.339020,0.000000,
feedback,2.323963,1786357873960,8,Ry,-50.000000,-200.000000,-12.387085,37.612915,,,360.000244,-134.999054,479.998749,179.998993,73.983063,179.999146,359.988861,-134.999557,479.994476,0.002190,80.001038,0.002166,0.810295,-0.074779,1.235776,0.003600,-12.387085,-0.027153,
feedback,2.332451,1786357873968,8,Ry,-50.000000,-200.000000,-12.194824,37.805176,,,360.000244,-134.999054,479.998749,179.998993,73.983063,179.999146,359.994690,-134.999481,480.000092,0.001961,79.903343,0.001990,0.645075,0.000001,0.490844,0.000023,-12.194824,0.000000,
feedback,2.341072,1786357873976,8,Ry,-50.000000,-200.000000,-11.981964,38.018036,,,360.000244,-134.999054,479.998749,179.998993,73.983063,179.999146,360.001282,-134.999344,480.004883,0.002123,79.807655,0.002155,1.123701,0.021095,1.240222,-0.009159,-11.981964,0.012301,
feedback,2.348609,1786357873985,8,Ry,-50.000000,-200.000000,-11.824035,38.175965,,,360.000244,-134.999054,479.998749,179.998993,73.983063,179.999146,360.004181,-134.999176,480.010406,0.002297,79.713310,0.002444,0.294610,0.042185,0.384703,0.008636,-11.824036,0.029477,
feedback,2.357458,1786357873993,8,Ry,-50.000000,-200.000000,-11.933899,38.066101,,,360.000244,-134.999054,479.998749,179.998993,73.983063,179.999146,360.004333,-134.999313,480.012085,0.002059,79.618088,0.002119,-0.080172,0.032597,0.367699,0.001266,-11.933899,0.000112,
feedback,2.365130,1786357874002,8,Ry,-50.000000,-200.000000,-12.483215,37.516785,,,360.000244,-134.999054,479.998749,179.998993,73.983063,179.999146,360.012726,-134.999222,480.034943,0.002085,79.468887,0.002118,0.796746,-0.021090,1.944317,0.002546,-12.483215,-0.013502,
feedback,2.373260,1786357874010,8,Ry,-50.000000,-200.000000,-12.050629,37.949371,,,360.000244,-134.999054,479.998749,179.998993,73.983063,179.999146,360.016418,-134.999268,480.035065,0.001985,79.371605,0.002073,0.485107,0.010547,-0.870479,-0.007986,-12.050629,0.005482,
feedback,2.382164,1786357874018,8,Ry,-50.000000,-200.000000,-11.858368,38.141632,,,360.000244,-134.999054,479.998749,179.998993,73.983063,179.999146,360.017731,-134.999222,480.028564,0.001940,79.276741,0.002056,0.194561,0.031639,-0.011861,-0.010551,-11.858368,0.018962,
feedback,2.389973,1786357874027,8,Ry,-50.000000,-200.000000,-11.521912,38.478088,,,360.000244,-134.999054,479.998749,179.998993,73.983063,179.999146,360.012115,-134.999222,480.013824,0.001924,79.184921,0.002040,-0.744582,-0.011508,-1.548335,-0.003838,-11.521912,0.013367,
feedback,2.397706,1786357874035,8,Ry,-50.000000,-200.000000,-11.501312,38.498688,,,360.000244,-134.999054,479.998749,179.998993,73.983063,179.999146,360.000885,-134.999313,479.983551,0.002106,79.094231,0.002170,-0.972727,-0.000002,-2.879195,-0.006715,-11.501312,-0.001299,
feedback,2.406399,1786357874044,8,Ry,-50.000000,-200.000000,-12.428284,37.571716,,,360.000244,-134.999054,479.998749,179.998993,73.983063,179.999146,359.997925,-134.999435,479.981049,0.002170,78.998016,0.002152,0.129737,0.022051,0.639389,0.009391,-12.428284,-0.005304,
feedback,2.413889,1786357874052,8,Ry,-50.000000,-200.000000,-12.016296,37.983704,,,360.000244,-134.999054,479.998749,179.998993,73.983063,179.999146,359.992065,-134.999649,479.969849,0.002070,78.901337,0.002080,-0.975367,0.010545,-1.804518,-0.001305,-12.016296,0.006738,
feedback,2.422321,1786357874056,8,Ry,-50.000000,-200.000000,-12.256622,37.743378,,,360.000244,-134.999054,479.998749,179.998993,73.983063,179.999146,359.993591,-134.999603,479.970642,0.002004,78.852310,0.001957,0.370259,0.011505,0.211801,-0.002731,-12.256622,-0.014672,
feedback,2.430863,1786357874064,8,Ry,-50.000000,-200.000000,-11.727905,38.272095,,,360.000244,-134.999054,479.998749,179.998993,73.983063,179.999146,359.997131,-134.999527,479.966553,0.001933,78.756401,0.001941,0.153872,-0.042184,-1.339270,-0.001357,-11.727905,-0.028277,
feedback,2.438598,1786357874073,8,Ry,-50.000000,-200.000000,-11.549377,38.450623,,,360.000244,-134.999054,479.998749,179.998993,73.983063,179.999146,359.993195,-134.999344,479.951569,0.002192,78.664062,0.002233,-0.518520,-0.032597,-1.521151,0.005411,-11.549377,0.001216,
feedback,2.446914,1786357874081,8,Ry,-50.000000,-200.000000,-11.824036,38.175964,,,360.000244,-134.999054,479.998749,179.998993,73.983063,179.999146,359.993927,-134.999313,479.958588,0.001876,78.569107,0.001939,-0.012158,-0.000000,0.785522,-0.013432,-11.824036,-0.002722,
feedback,2.455795,1786357874090,8,Ry,-50.000000,-200.000000,-12.249756,37.750244,,,360.000244,-134.999054,479.998749,179.998993,73.983063,179.999146,359.993683,-134.999222,479.971191,0.001932,78.423126,0.002053,-0.071968,0.064234,1.807222,0.004000,-12.249756,0.021698,
feedback,2.463270,1786357874098,8,Ry,-50.000000,-200.000000,-12.565613,37.434387,,,360.000244,-134.999054,479.998749,179.998993,73.983063,179.999146,360.001740,-134.999390,479.996246,0.002158,78.321342,0.002173,0.818278,0.000961,2.599644,0.025763,-12.565613,-0.015861,
feedback,2.471871,1786357874107,8,Ry,-50.000000,-200.000000,-12.160492,37.839508,,,360.000244,-134.999054,479.998749,179.998993,73.983063,179.999146,360.003998,-134.999268,480.007812,0.001795,78.222519,0.001887,-0.112536,0.085328,0.756798,-0.019021,-12.160492,0.030951,
feedback,2.479534,1786357874115,8,Ry,-50.000000,-200.000000,-12.126160,37.873840,,,360.000244,-134.999054,479.998749,179.998993,73.983063,179.999146,360.001892,-134.999344,480.019623,0.001966,78.125870,0.002006,-0.268085,0.086286,1.992677,0.013468,-12.126160,0.016559,
feedback,2.488227,1786357874124,8,Ry,-50.000000,-200.000000,-11.858368,38.141632,,,360.000244,-134.999054,479.998749,179.998993,73.983063,179.999146,359.995117,-134.999741,480.033539,0.001979,78.030067,0.001936,-1.211499,-0.010548,1.273831,0.008158,-11.858368,-0.005293,
feedback,2.496074,1786357874132,8,Ry,-50.000000,-200.000000,-12.023163,37.976837,,,360.000244,-134.999054,479.998749,179.998993,73.983063,179.999146,359.984863,-134.999435,480.037567,0.001753,77.933884,0.001818,-1.292549,-0.011505,0.051919,-0.010998,-12.023163,0.011842,
feedback,2.504709,1786357874140,8,Ry,-50.000000,-200.000000,-12.373352,37.626648,,,360.000244,-134.999054,479.998749,179.998993,73.983063,179.999146,359.979797,-134.999557,480.049103,0.002076,77.835060,0.002065,-0.454070,-0.032596,1.648403,0.005289,-12.373352,0.001293,
feedback,2.513167,1786357874149,8,Ry,-50.000000,-200.000000,-12.009430,37.990570,,,360.000244,-134.999054,479.998749,179.998993,73.983063,179.999146,359.977814,-134.999557,480.043182,0.001934,77.737915,0.001920,-0.598128,-0.032596,-1.868824,0.005275,-12.009430,0.001302,
feedback,2.521101,1786357874157,8,Ry,-50.000000,-200.000000,-11.947632,38.052368,,,360.000244,-134.999054,479.998749,179.998993,73.983063,179.999146,359.976044,-134.999344,480.030518,0.001516,77.642937,0.001549,0.148174,0.107373,-0.659327,-0.023032,-11.947632,0.022739,
feedback,2.529291,1786357874165,8,Ry,-50.000000,-200.000000,-11.590576,38.409424,,,360.000244,-134.999054,479.998749,179.998993,73.983063,179.999146,359.974091,-134.999435,480.022461,0.001934,77.549194,0.001921,-0.582515,0.010545,-1.560717,0.011957,-11.590576,0.009666,
feedback,2.536744,1786357874174,8,Ry,-50.000000,-200.000000,-12.112427,37.887573,,,360.000244,-134.999054,479.998749,179.998993,73.983063,179.999146,359.966431,-134.999344,479.998016,0.001613,77.410873,0.001650,0.391724,0.031639,0.134999,-0.017864,-12.112427,0.017111,
feedback,2.546063,1786357874182,8,Ry,-50.000000,-200.000000,-12.105560,37.894440,,,360.000244,-134.999054,479.998749,179.998993,73.983063,179.999146,359.966583,-134.999649,479.997498,0.001696,77.314529,0.001708,-0.009428,-0.075732,-0.059763,-0.001490,-12.105560,-0.007034,
feedback,2.553236,1786357874191,8,Ry,-50.000000,-200.000000,-12.400818,37.599182,,,360.000244,-134.999054,479.998749,179.998993,73.983063,179.999146,359.968964,-134.999603,479.999695,0.001656,77.216118,0.001696,0.587059,-0.087233,0.959059,0.000637,-12.400818,0.007705,
feedback,2.562735,1786357874199,8,Ry,-50.000000,-200.000000,-12.325287,37.674713,,,360.000244,-134.999054,479.998749,179.998993,73.983063,179.999146,359.980743,-134.999557,480.014404,0.001726,77.117020,0.001711,1.677485,-0.010543,1.613208,0.014942,-12.325287,-0.003632,
feedback,2.569572,1786357874203,8,Ry,-50.000000,-200.000000,-12.030029,37.969971,,,360.000244,-134.999054,479.998749,179.998993,73.983063,179.999146,359.983002,-134.999527,480.015228,0.001573,77.068901,0.001583,0.556157,0.010547,0.214172,-0.008206,-12.030029,0.005156,
feedback,2.578796,1786357874212,8,Ry,-50.000000,-200.000000,-11.666107,38.333893,,,360.000244,-134.999054,479.998749,179.998993,73.983063,179.999146,359.986145,-134.998962,480.015564,0.001653,76.974915,0.001777,0.315195,0.192702,0.129589,-0.009246,-11.666107,0.060738,
feedback,2.585945,1786357874220,8,Ry,-50.000000,-200.000000,-11.906433,38.093567,,,360.000244,-134.999054,479.998749,179.998993,73.983063,179.999146,359.990601,-134.999649,480.024323,0.001752,76.879471,0.001683,0.451858,-0.010545,0.672845,0.001582,-11.906433,-0.006687,
feedback,2.595294,1786357874229,8,Ry,-50.000000,-200.000000,-12.023163,37.976837,,,360.000244,-134.999054,479.998749,179.998993,73.983063,179.999146,359.991821,-134.999603,480.026001,0.001713,76.783615,0.001672,0.259998,-0.021092,-0.001216,0.003163,-12.023163,-0.013369,
feedback,2.602233,1786357874237,8,Ry,-50.000000,-200.000000,-12.366486,37.633514,,,360.000244,-134.999054,479.998749,179.998993,73.983063,179.999146,360.001587,-134.999344,480.047150,0.001756,76.634338,0.001801,0.768788,0.000002,1.554092,0.006710,-12.366486,0.001587,
feedback,2.610550,1786357874246,8,Ry,-50.000000,-200.000000,-11.988831,38.011169,,,360.000244,-134.999054,479.998749,179.998993,73.983063,179.999146,360.005005,-134.999741,480.046448,0.001771,76.537407,0.001734,0.005507,-0.086288,-0.752648,0.006695,-11.988831,-0.012134,
feedback,2.618627,1786357874255,8,Ry,-50.000000,-200.000000,-11.425781,38.574219,,,360.000244,-134.999054,479.998749,179.998993,73.983063,179.999146,360.001465,-134.999084,480.035797,0.001673,76.444901,0.001716,-0.635661,0.032595,-1.140487,0.008323,-11.425781,0.001801,
feedback,2.626706,1786357874263,8,Ry,-50.000000,-200.000000,-11.583710,38.416290,,,360.000244,-134.999054,479.998749,179.998993,73.983063,179.999146,360.000549,-134.999176,480.029022,0.001608,76.351166,0.001678,-0.431920,0.032596,-1.403522,0.008326,-11.583710,0.001814,
feedback,2.634909,1786357874272,8,Ry,-50.000000,-200.000000,-11.645508,38.354492,,,360.000244,-134.999054,479.998749,179.998993,73.983063,179.999146,359.992645,-134.999695,480.010956,0.001822,76.258110,0.001817,-1.025211,-0.000001,-2.545908,0.013357,-11.645508,0.003262,
feedback,2.642668,1786357874280,8,Ry,-50.000000,-200.000000,-12.236023,37.763977,,,360.000244,-134.999054,479.998749,179.998993,73.983063,179.999146,359.992371,-134.999344,480.008789,0.001698,76.160713,0.001745,0.170206,-0.043142,-0.005832,-0.006638,-12.236023,-0.008509,
feedback,2.650940,1786357874289,8,Ry,-50.000000,-200.000000,-11.940766,38.059234,,,360.000244,-134.999054,479.998749,179.998993,73.983063,179.999146,359.989532,-134.999557,480.000427,0.001714,76.064255,0.001706,-0.692976,-0.096831,-1.791002,0.008341,-11.940765,-0.018744,
feedback,2.659107,1786357874297,8,Ry,-50.000000,-200.000000,-11.872101,38.127899,,,360.000244,-134.999054,479.998749,179.998993,73.983063,179.999146,359.989990,-134.999435,479.989868,0.001621,75.969139,0.001610,0.121055,0.043142,-0.470081,0.000028,-11.872101,0.006866,
feedback,2.667415,1786357874301,8,Ry,-50.000000,-200.000000,-11.748505,38.251495,,,360.000244,-134.999054,479.998749,179.998993,73.983063,179.999146,359.991852,-134.999344,479.987823,0.001780,75.922150,0.001831,0.453036,0.021093,-0.510210,0.010008,-11.748505,0.016661,
feedback,2.675600,1786357874310,8,Ry,-50.000000,-200.000000,-11.652374,38.347626,,,360.000244,-134.999054,479.998749,179.998993,73.983063,179.999146,359.990692,-134.999222,479.972076,0.001574,75.783089,0.001619,-0.151244,0.022049,-0.814368,0.003406,-11.652374,-0.006446,
feedback,2.683536,1786357874318,8,Ry,-50.000000,-200.000000,-12.187958,37.812042,,,360.000244,-134.999054,479.998749,179.998993,73.983063,179.999146,359.995331,-134.999344,479.978912,0.001644,75.686020,0.001693,0.609673,-0.096830,0.659653,0.008380,-12.187958,-0.018689,
feedback,2.692234,1786357874326,8,Ry,-50.000000,-200.000000,-12.194824,37.805176,,,360.000244,-134.999054,479.998749,179.998993,73.983063,179.999146,359.998260,-134.999130,479.979156,0.001606,75.588577,0.001710,0.259126,0.043144,-0.044543,0.000035,-12.194824,0.006866,
feedback,2.700001,1786357874335,8,Ry,-50.000000,-200.000000,-12.579346,37.420654,,,360.000244,-134.999054,479.998749,179.998993,73.983063,179.999146,360.004852,-134.999390,479.998474,0.001650,75.488190,0.001672,0.632818,-0.010545,2.747920,-0.004897,-12.579346,-0.008368,
feedback,2.708337,1786357874343,8,Ry,-50.000000,-200.000000,-12.064362,37.935638,,,360.000244,-134.999054,479.998749,179.998993,73.983063,179.999146,360.006927,-134.999527,480.008118,0.001507,75.391342,0.001526,0.152997,-0.032598,1.117329,0.004936,-12.064362,0.001510,
feedback,2.716159,1786357874352,8,Ry,-50.000000,-200.000000,-11.810303,38.189697,,,360.000244,-134.999054,479.998749,179.998993,73.983063,179.999146,360.008026,-134.999176,480.009552,0.001603,75.296753,0.001680,0.210448,-0.010546,0.175469,0.008418,-11.810303,-0.004899,
feedback,2.724777,1786357874360,8,Ry,-50.000000,-200.000000,-12.119293,37.880707,,,360.000244,-134.999054,479.998749,179.998993,73.983063,179.999146,360.009857,-134.999344,480.015594,0.001489,75.201859,0.001535,0.451256,-0.096834,0.565940,0.008422,-12.119293,-0.018618,
feedback,2.732927,1786357874369,8,Ry,-50.000000,-200.000000,-11.961365,38.038635,,,360.000244,-134.999054,479.998749,179.998993,73.983063,179.999146,360.006592,-134.999603,480.008545,0.001535,75.106110,0.001499,-0.670350,-0.064237,-1.318651,-0.003083,-11.961365,-0.021903,
feedback,2.740994,1786357874377,8,Ry,-50.000000,-200.000000,-12.318420,37.681580,,,360.000244,-134.999054,479.998749,179.998993,73.983063,179.999146,360.007172,-134.999313,480.011108,0.001546,75.007973,0.001624,-0.128649,0.031638,0.670587,0.007966,-12.318420,0.023451,
feedback,2.749411,1786357874385,8,Ry,-50.000000,-200.000000,-11.830902,38.169098,,,360.000244,-134.999054,479.998749,179.998993,73.983063,179.999146,360.001129,-134.999603,480.010132,0.001199,74.862793,0.001239,-1.083675,-0.022053,-1.411680,-0.023454,-11.830902,0.001011,
feedback,2.757319,1786357874394,8,Ry,-50.000000,-200.000000,-11.528778,38.471222,,,360.000244,-134.999054,479.998749,179.998993,73.983063,179.999146,359.992035,-134.999130,479.993958,0.001522,74.770309,0.001629,-1.070813,0.053685,-1.628196,-0.001771,-11.528778,0.013492,
feedback,2.765510,1786357874402,8,Ry,-50.000000,-200.000000,-11.611176,38.388824,,,360.000244,-134.999054,479.998749,179.998993,73.983063,179.999146,359.984680,-134.999390,479.979950,0.001568,74.677948,0.001593,-0.953980,-0.021095,-1.909944,0.010279,-11.611176,-0.011430,
feedback,2.773814,1786357874411,8,Ry,-50.000000,-200.000000,-11.844635,38.155365,,,360.000244,-134.999054,479.998749,179.998993,73.983063,179.999146,359.977631,-134.999527,479.961792,0.001432,74.584366,0.001453,-0.581130,-0.000001,-1.396648,0.000023,-11.844635,0.000000,
feedback,2.782473,1786357874419,8,Ry,-50.000000,-200.000000,-12.407684,37.592316,,,360.000244,-134.999054,479.998749,179.998993,73.983063,179.999146,359.979797,-134.999481,479.969696,0.001297,74.485138,0.001342,0.232577,0.000000,1.046093,-0.013209,-12.407684,-0.003673,
feedback,2.790099,1786357874427,8,Ry,-50.000000,-200.000000,-11.975098,38.024902,,,360.000244,-134.999054,479.998749,179.998993,73.983063,179.999146,359.978638,-134.999313,479.972870,0.001388,74.387848,0.001464,-0.355236,0.075734,0.144640,-0.011350,-11.975098,0.003424,
feedback,2.798234,1786357874436,8,Ry,-50.000000,-200.000000,-12.249756,37.750244,,,360.000244,-134.999054,479.998749,179.998993,73.983063,179.999146,359.979828,-134.999222,479.991150,0.001422,74.288422,0.001557,0.083223,0.032595,2.320953,0.001889,-12.249756,0.000257,
feedback,2.806687,1786357874444,8,Ry,-50.000000,-200.000000,-11.741638,38.258362,,,360.000244,-134.999054,479.998749,179.998993,73.983063,179.999146,359.974640,-134.999084,479.992371,0.001441,74.194435,0.001577,-0.611122,0.074777,-0.226127,-0.012184,-11.741638,0.024817,
feedback,2.814901,1786357874453,8,Ry,-50.000000,-200.000000,-12.105560,37.894440,,,360.000244,-134.999054,479.998749,179.998993,73.983063,179.999146,359.977966,-134.999344,479.999420,0.001487,74.098907,0.001541,0.987224,0.043143,1.931042,-0.006575,-12.105560,0.004985,
feedback,2.823373,1786357874461,8,Ry,-50.000000,-200.000000,-12.400818,37.599182,,,360.000244,-134.999054,479.998749,179.998993,73.983063,179.999146,359.985565,-134.999054,480.013855,0.001396,74.000717,0.001560,1.193804,0.000003,2.003823,0.000036,-12.400818,0.000000,
feedback,2.831536,1786357874465,8,Ry,-50.000000,-200.000000,-12.448883,37.551117,,,360.000244,-134.999054,479.998749,179.998993,73.983063,179.999146,359.989380,-134.999603,480.018799,0.001324,73.950928,0.001374,0.941376,-0.139971,1.243461,-0.004683,-12.448883,-0.029097,
feedback,2.839247,1786357874474,8,Ry,-50.000000,-200.000000,-12.469482,37.530518,,,360.000244,-134.999054,479.998749,179.998993,73.983063,179.999146,360.001190,-134.999313,480.042786,0.001339,73.801758,0.001417,1.143277,0.064238,2.567553,0.002793,-12.469482,0.021970,
feedback,2.847696,1786357874482,8,Ry,-50.000000,-200.000000,-11.775971,38.224029,,,360.000244,-134.999054,479.998749,179.998993,73.983063,179.999146,360.002716,-134.999481,480.045685,0.001331,73.706482,0.001383,-0.041174,-0.010546,-0.143074,0.001949,-11.775970,-0.006591,
feedback,2.856344,1786357874491,8,Ry,-50.000000,-200.000000,-11.865234,38.134766,,,360.000244,-134.999054,479.998749,179.998993,73.983063,179.999146,359.996124,-134.999481,480.035980,0.001231,73.613861,0.001278,-0.520365,-0.043144,-0.719729,-0.019740,-11.865234,-0.012678,
feedback,2.864129,1786357874499,8,Ry,-50.000000,-200.000000,-11.975097,38.024903,,,360.000244,-134.999054,479.998749,179.998993,73.983063,179.999146,359.991913,-134.999054,480.037231,0.001447,73.518311,0.001617,-0.413393,0.117922,0.156966,0.000775,-11.975098,0.035434,
feedback,2.872457,1786357874508,8,Ry,-50.000000,-200.000000,-11.988830,38.011170,,,360.000244,-134.999054,479.998749,179.998993,73.983063,179.999146,359.991638,-134.999084,480.029846,0.001374,73.421631,0.001512,-0.160637,0.086284,-1.851156,0.000034,-11.988831,0.013733,
feedback,2.880857,1786357874516,8,Ry,-50.000000,-200.000000,-12.078094,37.921906,,,360.000244,-134.999054,479.998749,179.998993,73.983063,179.999146,359.990784,-134.999176,480.016418,0.001311,73.325882,0.001477,0.119194,0.021093,-0.917243,-0.010489,-12.078094,0.011185,
feedback,2.889294,1786357874524,8,Ry,-50.000000,-200.000000,-11.837769,38.162231,,,360.000244,-134.999054,479.998749,179.998993,73.983063,179.999146,359.991699,-134.999390,480.010254,0.001240,73.230141,0.001347,-0.071920,-0.032596,-0.996665,0.004616,-11.837769,0.001689,
feedback,2.897164,1786357874533,8,Ry,-50.000000,-200.000000,-11.460114,38.539886,,,360.000244,-134.999054,479.998749,179.998993,73.983063,179.999146,359.986298,-134.999390,479.990875,0.001524,73.138290,0.001558,-0.602197,0.065189,-2.373732,0.017153,-11.460114,0.004574,
feedback,2.906462,1786357874541,8,Ry,-50.000000,-200.000000,-11.597443,38.402557,,,360.000244,-134.999054,479.998749,179.998993,73.983063,179.999146,359.984985,-134.999313,479.983612,0.001281,73.045128,0.001362,-0.302441,0.010545,-0.944307,-0.001975,-11.597443,0.006568,
feedback,2.913753,1786357874550,8,Ry,-50.000000,-200.000000,-11.899567,38.100433,,,360.000244,-134.999054,479.998749,179.998993,73.983063,179.999146,359.983856,-134.999222,479.974091,0.001398,72.950233,0.001542,-0.227362,0.031638,-1.365571,0.007118,-11.899567,0.023721,
feedback,2.922106,1786357874558,8,Ry,-50.000000,-200.000000,-12.359619,37.640381,,,360.000244,-134.999054,479.998749,179.998993,73.983063,179.999146,359.993469,-134.999481,479.987549,0.001352,72.802246,0.001410,0.938492,0.053690,1.164941,0.004553,-12.359619,0.015456,
feedback,2.930086,1786357874566,8,Ry,-50.000000,-200.000000,-12.084961,37.915039,,,360.000244,-134.999054,479.998749,179.998993,73.983063,179.999146,359.999542,-134.999222,479.994751,0.001202,72.704498,0.001338,0.488892,0.000001,0.854921,-0.013083,-12.084961,-0.004083,
feedback,2.937890,1786357874575,8,Ry,-50.000000,-200.000000,-12.009430,37.990570,,,360.000244,-134.999054,479.998749,179.998993,73.983063,179.999146,360.005890,-134.999390,480.009094,0.001392,72.607849,0.001424,0.757931,-0.042183,1.824904,0.014791,-12.009430,-0.024158,
feedback,2.946331,1786357874583,8,Ry,-50.000000,-200.000000,-11.693573,38.306427,,,360.000244,-134.999054,479.998749,179.998993,73.983063,179.999146,360.009399,-134.999268,480.013763,0.001303,72.513557,0.001417,0.227620,0.021093,0.300629,-0.004098,-11.693573,0.013098,
feedback,2.954220,1786357874592,8,Ry,-50.000000,-200.000000,-12.160492,37.839508,,,360.000244,-134.999054,479.998749,179.998993,73.983063,179.999146,360.010468,-134.999176,480.015228,0.001241,72.417755,0.001410,0.776111,0.095877,1.093818,-0.023433,-12.160492,0.035447,
feedback,2.962307,1786357874600,8,Ry,-50.000000,-200.000000,-12.496948,37.503052,,,360.000244,-134.999054,479.998749,179.998993,73.983063,179.999146,360.015320,-134.999313,480.026489,0.001316,72.318741,0.001403,0.961328,0.000002,1.886580,-0.006512,-12.496948,-0.002085,
feedback,2.971025,1786357874604,8,Ry,-50.000000,-200.000000,-12.194824,37.805176,,,360.000244,-134.999054,479.998749,179.998993,73.983063,179.999146,360.019531,-134.999008,480.032410,0.001336,72.220329,0.001452,0.016039,0.118890,-0.232450,0.008676,-12.194824,0.016158,
feedback,2.979051,1786357874613,8,Ry,-50.000000,-200.000000,-11.707306,38.292694,,,360.000244,-134.999054,479.998749,179.998993,73.983063,179.999146,360.016785,-134.998871,480.026764,0.001165,72.173500,0.001359,-0.699894,0.031636,-1.407132,-0.012804,-11.707306,0.017508,
feedback,2.986843,1786357874621,8,Ry,-50.000000,-200.000000,-11.810303,38.189697,,,360.000244,-134.999054,479.998749,179.998993,73.983063,179.999146,360.016876,-134.999054,480.025940,0.001244,72.077263,0.001414,-0.310536,-0.032600,-0.539309,0.004454,-11.810303,0.001780,
feedback,2.995226,1786357874630,8,Ry,-50.000000,-200.000000,-11.501312,38.498688,,,360.000244,-134.999054,479.998749,179.998993,73.983063,179.999146,360.004364,-134.999481,479.993500,0.001289,71.940399,0.001350,-1.179762,-0.139979,-3.069582,0.008679,-11.501312,-0.024999,
feedback,3.003282,1786357874638,8,Ry,-50.000000,-200.000000,-11.961365,38.038635,,,360.000244,-134.999054,479.998749,179.998993,73.983063,179.999146,359.999359,-134.999176,479.979706,0.001116,71.846001,0.001283,-0.203124,0.074781,-0.712719,-0.012914,-11.961365,0.024301,
feedback,3.011298,1786357874646,8,Ry,-50.000000,-200.000000,-12.112427,37.887573,,,360.000244,-134.999054,479.998749,179.998993,73.983063,179.999146,360.001495,-134.999222,479.971222,0.001248,71.749016,0.001305,0.299321,0.043144,-1.405371,-0.006486,-12.112427,0.004716,
feedback,3.019234,1786357874655,8,Ry,-50.000000,-200.000000,-12.160492,37.839508,,,360.000244,-134.999054,479.998749,179.998993,73.983063,179.999146,360.004822,-134.999176,479.963013,0.001297,71.652802,0.001386,1.110136,0.065198,0.379268,-0.002160,-12.160492,-0.001463,
feedback,3.027747,1786357874663,8,Ry,-50.000000,-200.000000,-11.666107,38.333893,,,360.000244,-134.999054,479.998749,179.998993,73.983063,179.999146,360.002228,-134.999313,479.952271,0.001263,71.558899,0.001353,-0.529724,0.022050,-1.412676,0.017400,-11.666107,-0.001817,
feedback,3.035877,1786357874672,8,Ry,-50.000000,-200.000000,-11.810303,38.189697,,,360.000244,-134.999054,479.998749,179.998993,73.983063,179.999146,359.992645,-134.999390,479.944031,0.001312,71.466118,0.001347,-0.718022,0.010544,0.144771,-0.015175,-11.810303,0.002145,
feedback,3.043869,1786357874680,8,Ry,-50.000000,-200.000000,-12.091827,37.908173,,,360.000244,-134.999054,479.998749,179.998993,73.983063,179.999146,359.992188,-134.999313,479.955933,0.001169,71.369690,0.001255,-0.124074,-0.043143,1.527923,-0.006478,-12.091827,-0.009060,
feedback,3.051990,1786357874689,8,Ry,-50.000000,-200.000000,-12.332153,37.667847,,,360.000244,-134.999054,479.998749,179.998993,73.983063,179.999146,359.994843,-134.999268,479.961914,0.001136,71.271576,0.001249,0.490037,-0.032595,0.728489,-0.002175,-12.332153,-0.000364,
feedback,3.060823,1786357874697,8,Ry,-50.000000,-200.000000,-12.565613,37.434387,,,360.000244,-134.999054,479.998749,179.998993,73.983063,179.999146,360.002411,-134.999481,479.984283,0.001157,71.171112,0.001216,0.932069,-0.042183,3.249337,0.002389,-12.565613,-0.028212,
feedback,3.068881,1786357874705,8,Ry,-50.000000,-200.000000,-12.263489,37.736511,,,360.000244,-134.999054,479.998749,179.998993,73.983063,179.999146,360.008087,-134.999481,480.000793,0.001071,71.072098,0.001126,0.479645,-0.053689,1.651029,-0.004244,-12.263489,-0.015589,
feedback,3.077951,1786357874714,8,Ry,-50.000000,-200.000000,-11.872101,38.127899,,,360.000244,-134.999054,479.998749,179.998993,73.983063,179.999146,360.006989,-134.999390,480.004883,0.001167,70.930122,0.001287,0.170831,-0.022051,0.824209,-0.004464,-11.872101,0.006113,
feedback,3.085297,1786357874723,8,Ry,-50.000000,-200.000000,-12.236023,37.763977,,,360.000244,-134.999054,479.998749,179.998993,73.983063,179.999146,360.008545,-134.998917,480.011810,0.001000,70.834381,0.001252,0.458504,0.106422,1.173613,-0.019976,-12.236023,0.043527,
feedback,3.094077,1786357874731,8,Ry,-50.000000,-200.000000,-12.133026,37.866974,,,360.000244,-134.999054,479.998749,179.998993,73.983063,179.999146,360.007782,-134.999268,480.007080,0.001261,70.737892,0.001386,-0.022134,-0.011506,-0.623832,0.006198,-12.133026,0.017110,
feedback,3.101692,1786357874739,8,Ry,-50.000000,-200.000000,-12.387085,37.612915,,,360.000244,-134.999054,479.998749,179.998993,73.983063,179.999146,360.011475,-134.999313,480.014771,0.001048,70.639122,0.001132,0.730175,-0.010544,1.559430,-0.023607,-12.387085,-0.015584,
feedback,3.110634,1786357874748,8,Ry,-50.000000,-200.000000,-11.885834,38.114166,,,360.000244,-134.999054,479.998749,179.998993,73.983063,179.999146,360.007721,-134.999130,480.003174,0.001198,70.543488,0.001319,-0.663387,0.032596,-1.619231,0.002321,-11.885834,0.000392,
feedback,3.118503,1786357874752,8,Ry,-50.000000,-200.000000,-11.473846,38.526154,,,360.000244,-134.999054,479.998749,179.998993,73.983063,179.999146,360.002899,-134.999313,479.991791,0.001040,70.497589,0.001125,-1.218210,-0.043146,-2.835998,-0.012918,-11.473846,-0.011451,
feedback,3.126977,1786357874760,8,Ry,-50.000000,-200.000000,-11.727905,38.272095,,,360.000244,-134.999054,479.998749,179.998993,73.983063,179.999146,359.997314,-134.999222,479.984894,0.001212,70.404289,0.001366,-0.584851,0.031637,-0.386428,0.006057,-11.727905,0.024012,
feedback,3.134357,1786357874769,8,Ry,-50.000000,-200.000000,-11.686706,38.313294,,,360.000244,-134.999054,479.998749,179.998993,73.983063,179.999146,359.989258,-134.999176,479.972687,0.001212,70.311073,0.001306,-1.111166,0.096827,-1.728361,-0.008745,-11.686707,0.017885,
feedback,3.142808,1786357874777,8,Ry,-50.000000,-200.000000,-12.352753,37.647247,,,360.000244,-134.999054,479.998749,179.998993,73.983063,179.999146,359.985657,-134.999130,479.971405,0.001102,70.214226,0.001220,-0.035408,0.021092,1.107401,-0.011074,-12.352753,0.010598,
feedback,3.150603,1786357874786,8,Ry,-50.000000,-200.000000,-12.201691,37.798309,,,360.000244,-134.999054,479.998749,179.998993,73.983063,179.999146,359.982697,-134.999573,479.981689,0.001039,70.066437,0.001130,-0.581766,-0.033552,0.041627,-0.005232,-12.201691,0.020883,
feedback,3.159081,1786357874794,8,Ry,-50.000000,-200.000000,-12.263489,37.736511,,,360.000244,-134.999054,479.998749,179.998993,73.983063,179.999146,359.981995,-134.999344,479.995239,0.001041,69.968658,0.001100,0.142095,-0.053687,2.567948,-0.010521,-12.263489,-0.018022,
feedback,3.167791,1786357874802,8,Ry,-50.000000,-200.000000,-11.872101,38.127899,,,360.000244,-134.999054,479.998749,179.998993,73.983063,179.999146,359.981689,-134.999313,480.005096,0.001084,69.872879,0.001175,-0.089701,-0.022049,0.618643,0.001750,-11.872101,0.008391,
feedback,3.176294,1786357874811,8,Ry,-50.000000,-200.000000,-11.961365,38.038635,,,360.000244,-134.999054,479.998749,179.998993,73.983063,179.999146,359.980652,-134.999268,480.006348,0.001052,69.778427,0.001170,0.130267,-0.010546,0.610350,-0.010484,-11.961365,-0.011190,
feedback,3.183794,1786357874819,8,Ry,-50.000000,-200.000000,-12.400818,37.599182,,,360.000244,-134.999054,479.998749,179.998993,73.983063,179.999146,359.986816,-134.999344,480.023834,0.001176,69.679581,0.001245,0.723756,0.022051,2.035376,-0.001640,-12.400818,-0.008396,
feedback,3.192882,1786357874828,8,Ry,-50.000000,-200.000000,-12.393952,37.606048,,,360.000244,-134.999054,479.998749,179.998993,73.983063,179.999146,359.993500,-134.999481,480.038239,0.001179,69.579933,0.001161,0.680817,0.000960,1.540570,-0.003257,-12.393951,-0.023665,
feedback,3.200087,1786357874836,8,Ry,-50.000000,-200.000000,-12.270355,37.729645,,,360.000244,-134.999054,479.998749,179.998993,73.983063,179.999146,359.999298,-134.999008,480.050842,0.000982,69.481247,0.001183,0.793562,0.021095,1.751655,0.001653,-12.270355,0.015268,
feedback,3.208997,1786357874844,8,Ry,-50.000000,-200.000000,-11.624908,38.375092,,,360.000244,-134.999054,479.998749,179.998993,73.983063,179.999146,360.002258,-134.999054,480.054321,0.001077,69.386047,0.001257,-0.017475,0.139017,-0.478271,-0.005627,-11.624908,0.048284,
feedback,3.216443,1786357874853,8,Ry,-50.000000,-200.000000,-11.226654,38.773346,,,360.000244,-134.999054,479.998749,179.998993,73.983063,179.999146,359.997925,-134.999527,480.041840,0.001155,69.293930,0.001197,-0.954335,-0.032599,-2.373252,-0.002406,-11.226654,-0.000444,
feedback,3.225390,1786357874861,8,Ry,-50.000000,-200.000000,-11.995697,38.004303,,,360.000244,-134.999054,479.998749,179.998993,73.983063,179.999146,359.994141,-134.999222,480.038727,0.001067,69.197937,0.001220,-0.403042,-0.022051,-0.005227,0.001570,-11.995697,0.008410,
feedback,3.232851,1786357874870,8,Ry,-50.000000,-200.000000,-12.174225,37.825775,,,360.000244,-134.999054,479.998749,179.998993,73.983063,179.999146,359.990723,-134.999268,480.034058,0.001087,69.051987,0.001213,-0.283877,0.021092,-1.094408,0.001532,-12.174225,0.015280,
feedback,3.241656,1786357874878,8,Ry,-50.000000,-200.000000,-12.187958,37.812042,,,360.000244,-134.999054,479.998749,179.998993,73.983063,179.999146,359.991272,-134.999054,480.031219,0.001054,68.954834,0.001236,0.334062,0.064235,0.285970,0.007920,-12.187958,0.024615,
feedback,3.249329,1786357874886,8,Ry,-50.000000,-200.000000,-11.597443,38.402557,,,360.000244,-134.999054,479.998749,179.998993,73.983063,179.999146,359.988892,-134.999359,480.021362,0.001093,68.860901,0.001252,-0.604282,-0.086285,-1.824390,0.012831,-11.597443,-0.008780,
feedback,3.258171,1786357874895,8,Ry,-50.000000,-200.000000,-11.343384,38.656616,,,360.000244,-134.999054,479.998749,179.998993,73.983063,179.999146,359.979950,-134.999390,479.993652,0.001045,68.770844,0.001172,-1.152944,-0.053689,-3.271435,0.002508,-11.343384,-0.013267,
feedback,3.265609,1786357874903,8,Ry,-50.000000,-200.000000,-11.714172,38.285828,,,360.000244,-134.999054,479.998749,179.998993,73.983063,179.999146,359.981689,-134.999435,479.986053,0.001138,68.676910,0.001243,-0.030414,-0.043141,-1.437664,0.006419,-11.714172,-0.004370,
feedback,3.274008,1786357874911,8,Ry,-50.000000,-200.000000,-12.057495,37.942505,,,360.000244,-134.999054,479.998749,179.998993,73.983063,179.999146,359.986481,-134.999084,479.978638,0.000923,68.580589,0.001067,0.681647,0.000002,-1.217568,-0.006358,-12.057495,-0.002508,
feedback,3.282065,1786357874920,8,Ry,-50.000000,-200.000000,-12.036896,37.963104,,,360.000244,-134.999054,479.998749,179.998993,73.983063,179.999146,359.994568,-134.999176,479.984711,0.001113,68.483223,0.001213,0.796219,0.011506,0.827581,0.013978,-12.036896,-0.009779,
feedback,3.291365,1786357874928,8,Ry,-50.000000,-200.000000,-12.071228,37.928772,,,360.000244,-134.999054,479.998749,179.998993,73.983063,179.999146,360.001251,-134.999313,479.993591,0.001080,68.384644,0.001181,0.398323,0.053690,0.587848,-0.008884,-12.071228,0.010721,
feedback,3.298593,1786357874932,8,Ry,-50.000000,-200.000000,-11.734772,38.265228,,,360.000244,-134.999054,479.998749,179.998993,73.983063,179.999146,359.998627,-134.999344,479.990143,0.001036,68.337708,0.001105,-0.667565,-0.010548,-0.851843,-0.003819,-11.734772,-0.008916,
feedback,3.307577,1786357874941,8,Ry,-50.000000,-200.000000,-11.961365,38.038635,,,360.000244,-134.999054,479.998749,179.998993,73.983063,179.999146,359.998413,-134.999268,479.998932,0.001046,68.242645,0.001175,0.176978,0.010547,1.531654,-0.002517,-11.961365,0.006377,
feedback,3.314873,1786357874949,8,Ry,-50.000000,-200.000000,-11.988831,38.011169,,,360.000244,-134.999054,479.998749,179.998993,73.983063,179.999146,359.998016,-134.999481,480.004425,0.001069,68.146988,0.001143,-0.088898,-0.032597,0.577378,0.003840,-11.988831,0.002062,
feedback,3.323330,1786357874958,8,Ry,-50.000000,-200.000000,-12.558746,37.441254,,,360.000244,-134.999054,479.998749,179.998993,73.983063,179.999146,360.006165,-134.998917,480.025970,0.001034,67.997902,0.001219,0.963625,0.043147,2.760502,0.000042,-12.558746,0.006866,
feedback,3.331190,1786357874966,8,Ry,-50.000000,-200.000000,-12.263489,37.736511,,,360.000244,-134.999054,479.998749,179.998993,73.983063,179.999146,360.010376,-134.999481,480.034119,0.000989,67.899246,0.001059,0.280912,-0.107381,0.376715,0.011552,-12.263489,-0.023873,
feedback,3.340652,1786357874975,8,Ry,-50.000000,-200.000000,-11.645508,38.354492,,,360.000244,-134.999054,479.998749,179.998993,73.983063,179.999146,360.004791,-134.999130,480.023590,0.001052,67.805199,0.001183,-0.889406,0.022049,-1.401971,-0.001136,-11.645508,-0.008443,
feedback,3.347972,1786357874983,8,Ry,-50.000000,-200.000000,-11.782837,38.217163,,,360.000244,-134.999054,479.998749,179.998993,73.983063,179.999146,360.000183,-134.999390,480.023712,0.001036,67.710938,0.001079,-0.525503,0.011504,-0.029246,0.001488,-11.782837,-0.014798,
feedback,3.356094,1786357874992,8,Ry,-50.000000,-200.000000,-11.659241,38.340759,,,360.000244,-134.999054,479.998749,179.998993,73.983063,179.999146,359.990997,-134.999390,480.010437,0.001032,67.617798,0.001075,-1.313818,-0.010549,-2.122072,0.008992,-11.659241,-0.003735,
feedback,3.364301,1786357875000,8,Ry,-50.000000,-200.000000,-12.160492,37.839508,,,360.000244,-134.999054,479.998749,179.998993,73.983063,179.999146,359.984711,-134.999084,479.999176,0.001012,67.521889,0.001171,-0.490112,0.052729,-0.459127,-0.013091,-12.160492,0.031724,
feedback,3.372349,1786357875008,8,Ry,-50.000000,-200.000000,-12.208557,37.791443,,,360.000244,-134.999054,479.998749,179.998993,73.983063,179.999146,359.983795,-134.999298,479.999115,0.001145,67.424004,0.001166,-0.078822,-0.009590,-0.160790,0.013216,-12.208557,-0.024835,
feedback,3.380685,1786357875017,8,Ry,-50.000000,-200.000000,-11.679840,38.320160,,,360.000244,-134.999054,479.998749,179.998993,73.983063,179.999146,359.979034,-134.999313,479.983063,0.001030,67.329468,0.001135,-0.598245,-0.010548,-2.088619,0.015346,-11.679840,-0.001043,
feedback,3.388684,1786357875025,8,Ry,-50.000000,-200.000000,-11.556244,38.443756,,,360.000244,-134.999054,479.998749,179.998993,73.983063,179.999146,359.978485,-134.999390,479.970398,0.001079,67.189774,0.001129,-0.209088,-0.021093,-1.263346,-0.007307,-11.556244,-0.017983,
feedback,3.397083,1786357875034,8,Ry,-50.000000,-200.000000,-11.672974,38.327026,,,360.000244,-134.999054,479.998749,179.998993,73.983063,179.999146,359.977264,-134.999344,479.957642,0.001047,67.097244,0.001125,-0.045858,-0.010546,-0.888833,0.009025,-11.672974,-0.003653,
feedback,3.405348,1786357875043,8,Ry,-50.000000,-200.000000,-12.229157,37.770843,,,360.000244,-134.999054,479.998749,179.998993,73.983063,179.999146,359.985748,-134.999435,479.969055,0.001163,66.998337,0.001192,0.634834,-0.021091,0.965331,0.011716,-12.229156,-0.009958,
feedback,3.413470,1786357875051,8,Ry,-50.000000,-200.000000,-12.332153,37.667847,,,360.000244,-134.999054,479.998749,179.998993,73.983063,179.999146,359.989990,-134.999313,479.973785,0.001011,66.899925,0.001117,0.625345,-0.064233,0.734303,-0.000898,-12.332153,-0.022192,
feedback,3.421495,1786357875059,8,Ry,-50.000000,-200.000000,-12.277222,37.722778,,,360.000244,-134.999054,479.998749,179.998993,73.983063,179.999146,359.998657,-134.999344,479.991394,0.001035,66.801216,0.001113,0.872416,-0.031636,2.220688,0.008144,-12.277222,-0.018934,
feedback,3.429599,1786357875064,8,Ry,-50.000000,-200.000000,-12.084961,37.915039,,,360.000244,-134.999054,479.998749,179.998993,73.983063,179.999146,360.002441,-134.999313,479.997589,0.001005,66.752876,0.001112,0.929720,0.010548,1.554646,-0.002681,-12.084961,0.006309,
feedback,3.437772,1786357875072,8,Ry,-50.000000,-200.000000,-11.714172,38.285828,,,360.000244,-134.999054,479.998749,179.998993,73.983063,179.999146,360.003235,-134.999268,479.998230,0.000973,66.659027,0.001108,-0.085186,0.010546,0.059604,0.003612,-11.714172,0.009025,
feedback,3.446515,1786357875080,8,Ry,-50.000000,-200.000000,-12.290955,37.709045,,,360.000244,-134.999054,479.998749,179.998993,73.983063,179.999146,360.005432,-134.999435,480.010712,0.000906,66.561874,0.001008,0.319239,-0.086287,2.158338,-0.012576,-12.290955,-0.019195,
feedback,3.454280,1786357875089,8,Ry,-50.000000,-200.000000,-12.462616,37.537384,,,360.000244,-134.999054,479.998749,179.998993,73.983063,179.999146,360.008606,-134.999130,480.027313,0.000993,66.462723,0.001128,0.407836,0.043145,1.851299,0.012626,-12.462616,0.012351,
feedback,3.462649,1786357875097,8,Ry,-50.000000,-200.000000,-12.236023,37.763977,,,360.000244,-134.999054,479.998749,179.998993,73.983063,179.999146,360.008118,-134.999435,480.032532,0.000898,66.364258,0.001000,-0.154699,-0.086289,0.132824,0.000023,-12.236023,-0.013733,
feedback,3.470610,1786357875106,8,Ry,-50.000000,-200.000000,-11.968232,38.031768,,,360.000244,-134.999054,479.998749,179.998993,73.983063,179.999146,360.010162,-134.999435,480.035156,0.001065,66.219597,0.001091,0.332096,-0.106420,0.438770,0.010358,-11.968231,-0.047336,
feedback,3.478850,1786357875114,8,Ry,-50.000000,-200.000000,-11.487579,38.512421,,,360.000244,-134.999054,479.998749,179.998993,73.983063,179.999146,360.004486,-134.999557,480.017670,0.000972,66.128029,0.000992,-0.738638,-0.032599,-2.090841,-0.009036,-11.487579,-0.003366,
feedback,3.486940,1786357875122,8,Ry,-50.000000,-200.000000,-11.659241,38.340759,,,360.000244,-134.999054,479.998749,179.998993,73.983063,179.999146,359.997131,-134.999527,479.992126,0.001002,66.036293,0.001057,-0.551374,-0.096833,-2.068841,0.002811,-11.659241,-0.020007,
feedback,3.495274,1786357875131,8,Ry,-50.000000,-200.000000,-12.187958,37.812042,,,360.000244,-134.999054,479.998749,179.998993,73.983063,179.999146,359.997467,-134.999084,479.987579,0.000821,65.939941,0.000973,0.262439,0.085328,-0.232744,-0.011163,-12.187958,0.031946,
feedback,3.503350,1786357875139,8,Ry,-50.000000,-200.000000,-11.844635,38.155365,,,360.000244,-134.999054,479.998749,179.998993,73.983063,179.999146,359.996735,-134.999557,479.972015,0.001022,65.844688,0.001050,-0.032816,-0.064235,-2.014915,0.011908,-11.844635,-0.016587,
feedback,3.511378,1786357875147,8,Ry,-50.000000,-200.000000,-12.050629,37.949371,,,360.000244,-134.999054,479.998749,179.998993,73.983063,179.999146,360.000153,-134.999390,479.974762,0.000908,65.747490,0.001046,0.319918,-0.000958,0.040413,-0.011259,-12.050629,0.018175,
feedback,3.519899,1786357875156,8,Ry,-50.000000,-200.000000,-11.240387,38.759613,,,360.000244,-134.999054,479.998749,179.998993,73.983063,179.999146,359.994324,-134.999313,479.959167,0.000899,65.656029,0.001004,-1.164783,-0.000003,-2.369966,-0.006229,-11.240387,-0.002830,
feedback,3.527903,1786357875164,8,Ry,-50.000000,-200.000000,-12.016296,37.983704,,,360.000244,-134.999054,479.998749,179.998993,73.983063,179.999146,359.993439,-134.999344,479.965149,0.000983,65.559982,0.001067,-0.140330,0.010546,1.287772,0.003439,-12.016296,0.009092,
feedback,3.536422,1786357875173,8,Ry,-50.000000,-200.000000,-12.339020,37.660980,,,360.000244,-134.999054,479.998749,179.998993,73.983063,179.999146,359.993652,-134.999435,479.976257,0.000865,65.462280,0.000970,0.059124,-0.108335,1.442394,-0.024419,-12.339020,-0.016661,
feedback,3.544110,1786357875181,8,Ry,-50.000000,-200.000000,-12.510681,37.489319,,,360.000244,-134.999054,479.998749,179.998993,73.983063,179.999146,359.997040,-134.999313,479.994019,0.000888,65.362114,0.000994,0.519092,0.032598,2.497773,-0.009590,-12.510681,-0.005100,
feedback,3.552783,1786357875189,8,Ry,-50.000000,-200.000000,-12.648010,37.351990,,,360.000244,-134.999054,479.998749,179.998993,73.983063,179.999146,360.003693,-134.999390,480.023468,0.000940,65.260880,0.000991,0.758284,0.011507,3.558505,0.008651,-12.648010,-0.011842,
feedback,3.560994,1786357875198,8,Ry,-50.000000,-200.000000,-11.844635,38.155365,,,360.000244,-134.999054,479.998749,179.998993,73.983063,179.999146,360.000336,-134.999176,480.034668,0.001026,65.116928,0.001144,-0.536028,0.022049,0.422224,0.005812,-11.844635,-0.005592,
feedback,3.569218,1786357875206,8,Ry,-50.000000,-200.000000,-11.968231,38.031769,,,360.000244,-134.999054,479.998749,179.998993,73.983063,179.999146,359.998688,-134.999481,480.044006,0.000935,65.021210,0.001020,-0.155692,-0.022051,1.311795,0.000448,-11.968231,0.008482,
feedback,3.577401,1786357875215,8,Ry,-50.000000,-200.000000,-12.290954,37.709046,,,360.000244,-134.999054,479.998749,179.998993,73.983063,179.999146,359.999115,-134.999084,480.053284,0.000904,64.923622,0.001072,0.271415,0.107379,1.140887,0.000434,-12.290955,0.029082,
feedback,3.585440,1786357875223,8,Ry,-50.000000,-200.000000,-12.236023,37.763977,,,360.000244,-134.999054,479.998749,179.998993,73.983063,179.999146,359.997498,-134.999435,480.051910,0.000952,64.825958,0.000977,-0.043116,-0.021092,-0.114363,-0.012772,-12.236023,-0.021191,
feedback,3.593911,1786357875231,8,Ry,-50.000000,-200.000000,-12.153626,37.846374,,,360.000244,-134.999054,479.998749,179.998993,73.983063,179.999146,359.996643,-134.999176,480.056488,0.001010,64.727875,0.001130,-0.236122,-0.010547,0.153951,0.015385,-12.153625,-0.000346,
feedback,3.601609,1786357875236,8,Ry,-50.000000,-200.000000,-11.487579,38.512421,,,360.000244,-134.999054,479.998749,179.998993,73.983063,179.999146,359.987396,-134.999344,480.040405,0.000890,64.634766,0.000971,-1.429594,-0.043145,-3.075059,-0.012381,-11.487579,-0.012749,
feedback,3.609983,1786357875244,8,Ry,-50.000000,-200.000000,-11.412048,38.587952,,,360.000244,-134.999054,479.998749,179.998993,73.983063,179.999146,359.981110,-134.999222,480.027832,0.000974,64.589119,0.001061,-1.585307,0.032590,-3.141702,0.009181,-11.412048,0.003611,
feedback,3.618241,1786357875252,8,Ry,-50.000000,-200.000000,-11.755371,38.244629,,,360.000244,-134.999054,479.998749,179.998993,73.983063,179.999146,359.973602,-134.999344,480.017639,0.000886,64.496201,0.000967,-0.795497,-0.000002,-0.888033,0.000028,-11.755371,-0.000000,
feedback,3.626251,1786357875261,8,Ry,-50.000000,-200.000000,-11.830902,38.169098,,,360.000244,-134.999054,479.998749,179.998993,73.983063,179.999146,359.967499,-134.999268,480.003906,0.000828,64.401306,0.000964,-0.813161,-0.117919,-2.355799,0.002736,-11.830902,-0.035277,
feedback,3.634264,1786357875269,8,Ry,-50.000000,-200.000000,-12.366486,37.633514,,,360.000244,-134.999054,479.998749,179.998993,73.983063,179.999146,359.966156,-134.999390,480.006439,0.000911,64.303223,0.001060,0.084219,-0.032593,1.136731,0.009421,-12.366486,0.005276,
feedback,3.642675,1786357875278,8,Ry,-50.000000,-200.000000,-11.789703,38.210297,,,360.000244,-134.999054,479.998749,179.998993,73.983063,179.999146,359.965881,-134.999084,480.000519,0.000820,64.159111,0.000984,-0.153394,0.021092,-1.317932,-0.012132,-11.789703,0.009367,
feedback,3.650855,1786357875286,8,Ry,-50.000000,-200.000000,-11.775971,38.224029,,,360.000244,-134.999054,479.998749,179.998993,73.983063,179.999146,359.966064,-134.999695,479.998901,0.000872,64.065071,0.000899,0.236295,-0.161055,0.568120,0.009026,-11.775970,-0.039124,
feedback,3.659377,1786357875294,8,Ry,-50.000000,-200.000000,-11.878967,38.121033,,,360.000244,-134.999054,479.998749,179.998993,73.983063,179.999146,359.969238,-134.999130,480.000153,0.000731,63.970451,0.000951,0.333038,0.031639,-0.111329,-0.009011,-11.878967,0.018510,
feedback,3.667104,1786357875303,8,Ry,-50.000000,-200.000000,-12.304687,37.695313,,,360.000244,-134.999054,479.998749,179.998993,73.983063,179.999146,359.975433,-134.998795,480.005432,0.000728,63.873413,0.001003,1.178557,0.085329,1.706805,-0.012053,-12.304688,0.031526,
feedback,3.675432,1786357875311,8,Ry,-50.000000,-200.000000,-12.428284,37.571716,,,360.000244,-134.999054,479.998749,179.998993,73.983063,179.999146,359.984253,-134.999313,480.021729,0.000890,63.773354,0.001007,1.085174,0.000003,1.729516,0.000030,-12.428284,0.000000,
feedback,3.683723,1786357875319,8,Ry,-50.000000,-200.000000,-12.153625,37.846375,,,360.000244,-134.999054,479.998749,179.998993,73.983063,179.999146,359.989105,-134.999268,480.028931,0.000804,63.675495,0.000942,0.485582,-0.065190,0.434357,-0.012215,-12.153625,-0.004469,
feedback,3.691719,1786357875328,8,Ry,-50.000000,-200.000000,-12.036896,37.963104,,,360.000244,-134.999054,479.998749,179.998993,73.983063,179.999146,359.992218,-134.999130,480.031097,0.000884,63.580215,0.001029,0.464263,0.043144,0.367604,0.000035,-12.036896,0.006866,
feedback,3.700221,1786357875336,8,Ry,-50.000000,-200.000000,-11.755371,38.244629,,,360.000244,-134.999054,479.998749,179.998993,73.983063,179.999146,359.994385,-134.999054,480.032227,0.000771,63.486229,0.000965,0.198388,0.074781,-0.261226,-0.009162,-11.755371,0.025299,
feedback,3.708482,1786357875345,8,Ry,-50.000000,-200.000000,-11.837769,38.162231,,,360.000244,-134.999054,479.998749,179.998993,73.983063,179.999146,359.994965,-134.999313,480.026123,0.000877,63.391663,0.000996,0.063644,-0.043142,-0.761734,0.006168,-11.837769,-0.003791,
feedback,3.716677,1786357875353,8,Ry,-50.000000,-200.000000,-12.352753,37.647247,,,360.000244,-134.999054,479.998749,179.998993,73.983063,179.999146,359.996765,-134.999252,480.028015,0.001011,63.293663,0.001082,0.400408,0.065194,0.828178,0.012341,-12.352753,0.004551,
feedback,3.724620,1786357875361,8,Ry,-50.000000,-200.000000,-12.050629,37.949371,,,360.000244,-134.999054,479.998749,179.998993,73.983063,179.999146,359.996582,-134.999313,480.026306,0.000871,63.196819,0.000990,-0.285443,0.010545,-0.582581,-0.003067,-12.050629,0.006129,
feedback,3.733042,1786357875370,8,Ry,-50.000000,-200.000000,-11.659241,38.340759,,,360.000244,-134.999054,479.998749,179.998993,73.983063,179.999146,359.987701,-134.998917,480.005859,0.000731,63.056305,0.000920,-0.563230,0.096828,-0.672849,-0.015314,-11.659241,0.013631,
feedback,3.740926,1786357875378,8,Ry,-50.000000,-200.000000,-11.576843,38.423157,,,360.000244,-134.999054,479.998749,179.998993,73.983063,179.999146,359.982849,-134.999268,479.993225,0.000890,62.963497,0.001044,-0.757876,-0.032597,-1.986566,0.009139,-11.576843,0.005492,
feedback,3.748995,1786357875387,8,Ry,-50.000000,-200.000000,-11.837769,38.162231,,,360.000244,-134.999054,479.998749,179.998993,73.983063,179.999146,359.977448,-134.999313,479.975647,0.000914,62.869949,0.001041,-0.462119,-0.107374,-1.589674,0.024624,-11.837769,-0.016561,
feedback,3.757336,1786357875395,8,Ry,-50.000000,-200.000000,-12.304688,37.695312,,,360.000244,-134.999054,479.998749,179.998993,73.983063,179.999146,359.983002,-134.999130,479.982056,0.000857,62.771374,0.001005,0.700874,-0.043139,0.760116,0.006141,-12.304688,-0.003725,
feedback,3.765793,1786357875403,8,Ry,-50.000000,-200.000000,-12.208557,37.791443,,,360.000244,-134.999054,479.998749,179.998993,73.983063,179.999146,359.985657,-134.999222,479.983246,0.000803,62.673790,0.000883,0.287764,-0.010545,-0.070339,-0.009013,-12.208557,-0.012404,
feedback,3.773738,1786357875412,8,Ry,-50.000000,-200.000000,-12.133026,37.866974,,,360.000244,-134.999054,479.998749,179.998993,73.983063,179.999146,359.990051,-134.999527,479.993591,0.000878,62.577026,0.000945,0.694028,-0.032595,2.323119,0.009051,-12.133026,0.005553,
feedback,3.781903,1786357875420,8,Ry,-50.000000,-200.000000,-11.865234,38.134766,,,360.000244,-134.999054,479.998749,179.998993,73.983063,179.999146,359.990814,-134.999268,479.995239,0.000768,62.482460,0.000910,0.085051,-0.000957,0.304582,-0.024841,-11.865234,0.011147,
feedback,3.790240,1786357875424,8,Ry,-50.000000,-200.000000,-11.707306,38.292694,,,360.000244,-134.999054,479.998749,179.998993,73.983063,179.999146,359.989990,-134.999435,479.994049,0.000929,62.435631,0.000968,-0.217204,-0.042185,-0.291386,0.018825,-11.707306,-0.021171,
feedback,3.798250,1786357875433,8,Ry,-50.000000,-200.000000,-12.318421,37.681579,,,360.000244,-134.999054,479.998749,179.998993,73.983063,179.999146,359.993011,-134.999435,480.003601,0.000926,62.338375,0.000966,0.669307,-0.107375,1.909391,0.006405,-12.318420,-0.025896,
feedback,3.806438,1786357875441,8,Ry,-50.000000,-200.000000,-12.435150,37.564850,,,360.000244,-134.999054,479.998749,179.998993,73.983063,179.999146,360.000122,-134.999344,480.019135,0.000816,62.238564,0.000904,0.743671,0.043145,1.554604,-0.006046,-12.435150,0.003668,
feedback,3.814604,1786357875449,8,Ry,-50.000000,-200.000000,-12.304688,37.695312,,,360.000244,-134.999054,479.998749,179.998993,73.983063,179.999146,360.005920,-134.999741,480.028320,0.000840,62.139992,0.000846,0.720181,-0.108338,1.087955,-0.006400,-12.304688,-0.008458,
feedback,3.823174,1786357875458,8,Ry,-50.000000,-200.000000,-11.618042,38.381958,,,360.000244,-134.999054,479.998749,179.998993,73.983063,179.999146,360.012146,-134.998917,480.041718,0.000754,61.996620,0.000953,0.024940,0.064237,-0.057672,-0.024597,-11.618042,0.009320,
feedback,3.831306,1786357875466,8,Ry,-50.000000,-200.000000,-11.686707,38.313293,,,360.000244,-134.999054,479.998749,179.998993,73.983063,179.999146,360.009735,-134.999344,480.036499,0.000806,61.902519,0.000895,-0.502630,-0.032599,-1.139630,-0.009263,-11.686707,-0.004043,
feedback,3.839275,1786357875475,8,Ry,-50.000000,-200.000000,-12.105560,37.894440,,,360.000244,-134.999054,479.998749,179.998993,73.983063,179.999146,360.006378,-134.999481,480.027954,0.000827,61.807243,0.000924,-0.024304,-0.043144,-0.186440,0.006075,-12.105560,-0.003622,
feedback,3.847624,1786357875483,8,Ry,-50.000000,-200.000000,-12.469482,37.530518,,,360.000244,-134.999054,479.998749,179.998993,73.983063,179.999146,360.006653,-134.999130,480.028412,0.000875,61.709709,0.001034,0.296984,0.064237,0.502977,0.005620,-12.469482,0.025468,
feedback,3.855594,1786357875491,8,Ry,-50.000000,-200.000000,-11.693573,38.306427,,,360.000244,-134.999054,479.998749,179.998993,73.983063,179.999146,360.003204,-134.999313,480.012115,0.000821,61.614761,0.000946,-0.742272,0.043142,-2.675370,-0.006013,-11.693573,0.003602,
feedback,3.864024,1786357875500,8,Ry,-50.000000,-200.000000,-11.851501,38.148499,,,360.000244,-134.999054,479.998749,179.998993,73.983063,179.999146,360.002594,-134.999039,480.006256,0.000874,61.520004,0.000999,-0.099181,0.086287,-0.188713,0.000040,-11.851501,0.013733,
feedback,3.872459,1786357875508,8,Ry,-50.000000,-200.000000,-11.487579,38.512421,,,360.000244,-134.999054,479.998749,179.998993,73.983063,179.999146,359.997833,-134.999527,479.991333,0.000793,61.428078,0.000856,-0.926440,-0.096834,-2.126492,0.003306,-11.487579,-0.019763,
feedback,3.880852,1786357875517,8,Ry,-50.000000,-200.000000,-11.913300,38.086700,,,360.000244,-134.999054,479.998749,179.998993,73.983063,179.999146,359.993652,-134.999390,479.976410,0.000868,61.334282,0.000939,-0.205393,-0.043143,-0.635023,0.000029,-11.913300,-0.006866,
feedback,3.888953,1786357875526,8,Ry,-50.000000,-200.000000,-12.194824,37.805176,,,360.000244,-134.999054,479.998749,179.998993,73.983063,179.999146,359.995544,-134.999130,479.977631,0.000809,61.187752,0.000963,0.295634,0.096832,-0.159066,-0.003274,-12.194824,0.019749,
feedback,3.897015,1786357875534,8,Ry,-50.000000,-200.000000,-12.187958,37.812042,,,360.000244,-134.999054,479.998749,179.998993,73.983063,179.999146,359.997528,-134.999008,479.977020,0.000784,61.091099,0.000931,0.506514,0.129430,0.844033,-0.005970,-12.187958,0.017280,
feedback,3.905179,1786357875543,8,Ry,-50.000000,-200.000000,-11.727905,38.272095,,,360.000244,-134.999054,479.998749,179.998993,73.983063,179.999146,360.001343,-134.999176,479.980072,0.000732,60.996010,0.000845,0.103836,-0.065194,-0.120712,-0.012630,-11.727905,-0.005052,
feedback,3.914067,1786357875551,8,Ry,-50.000000,-200.000000,-11.727905,38.272095,,,360.000244,-134.999054,479.998749,179.998993,73.983063,179.999146,360.000732,-134.999222,479.974487,0.000806,60.902573,0.000899,-0.051638,0.021092,-0.553515,-0.012644,-11.727905,0.008661,
feedback,3.921852,1786357875559,8,Ry,-50.000000,-200.000000,-12.263489,37.736511,,,360.000244,-134.999054,479.998749,179.998993,73.983063,179.999146,360.004456,-134.999222,479.986237,0.000902,60.805534,0.001009,0.656874,0.000002,2.245261,0.012024,-12.263489,0.006699,
feedback,3.929943,1786357875564,8,Ry,-50.000000,-200.000000,-12.517548,37.482452,,,360.000244,-134.999054,479.998749,179.998993,73.983063,179.999146,360.007629,-134.999481,479.994843,0.000906,60.755466,0.000924,0.775511,-0.064234,2.156922,0.000748,-12.517548,-0.022204,
feedback,3.937766,1786357875572,8,Ry,-50.000000,-200.000000,-12.194824,37.805176,,,360.000244,-134.999054,479.998749,179.998993,73.983063,179.999146,360.009766,-134.999390,480.003906,0.000849,60.656780,0.000922,0.054454,0.065197,0.445076,0.006759,-12.194824,0.001762,
feedback,3.946256,1786357875580,8,Ry,-50.000000,-200.000000,-12.332153,37.667847,,,360.000244,-134.999054,479.998749,179.998993,73.983063,179.999146,360.012268,-134.999344,480.018372,0.000867,60.558041,0.000975,0.308242,0.000001,2.021397,0.017969,-12.332153,0.010125,
feedback,3.954219,1786357875589,8,Ry,-50.000000,-200.000000,-11.618042,38.381958,,,360.000244,-134.999054,479.998749,179.998993,73.983063,179.999146,360.011322,-134.999176,480.022614,0.000913,60.463310,0.001056,-0.672213,-0.000002,-0.678108,0.000033,-11.618042,0.000000,
feedback,3.962760,1786357875597,8,Ry,-50.000000,-200.000000,-11.707306,38.292694,,,360.000244,-134.999054,479.998749,179.998993,73.983063,179.999146,360.004974,-134.999435,480.012787,0.000917,60.369789,0.000971,-0.895267,-0.064238,-1.459714,0.018755,-11.707306,-0.012014,
feedback,3.970613,1786357875606,8,Ry,-50.000000,-200.000000,-12.352753,37.647247,,,360.000244,-134.999054,479.998749,179.998993,73.983063,179.999146,360.004822,-134.999603,480.016754,0.000816,60.223755,0.000829,0.175205,-0.129431,0.734180,0.000024,-12.352753,-0.020599,
feedback,3.979631,1786357875614,8,Ry,-50.000000,-200.000000,-11.899566,38.100434,,,360.000244,-134.999054,479.998749,179.998993,73.983063,179.999146,360.000305,-134.999176,480.005249,0.000759,60.127846,0.000882,-0.875950,0.064233,-2.052313,-0.018714,-11.899567,0.011935,
feedback,3.987610,1786357875623,8,Ry,-50.000000,-200.000000,-11.707306,38.292694,,,360.000244,-134.999054,479.998749,179.998993,73.983063,179.999146,359.995361,-134.999390,479.990295,0.000784,60.033363,0.000852,-0.486176,0.010545,-1.467830,-0.003402,-11.707306,0.005949,
feedback,3.995941,1786357875631,8,Ry,-50.000000,-200.000000,-11.515045,38.484955,,,360.000244,-134.999054,479.998749,179.998993,73.983063,179.999146,359.990417,-134.999313,479.978668,0.000679,59.940418,0.000795,-0.724688,0.053686,-1.862151,-0.015298,-11.515045,0.005931,
feedback,4.003850,1786357875640,8,Ry,-50.000000,-200.000000,-11.576843,38.423157,,,360.000244,-134.999054,479.998749,179.998993,73.983063,179.999146,359.983734,-134.999008,479.957642,0.000705,59.848545,0.000848,-0.652106,0.043139,-2.205334,-0.005899,-11.576843,0.003418,
feedback,4.012097,1786357875648,8,Ry,-50.000000,-200.000000,-12.126160,37.873840,,,360.000244,-134.999054,479.998749,179.998993,73.983063,179.999146,359.986115,-134.999222,479.958435,0.000777,59.752304,0.000874,0.552007,-0.022048,0.653840,-0.012815,-12.126160,0.001538,
