event,pc_time_s,controller_timestamp,robot_mode,axis,target_speed_deg_s,target_delta_deg,selected_actual_deg_s,speed_error_deg_s,command_interval_ms,command_latency_ms,target_x,target_y,target_z,target_rx,target_ry,target_rz,actual_x,actual_y,actual_z,actual_rx,actual_ry,actual_rz,tcp_vx,tcp_vy,tcp_vz,tcp_wx,tcp_wy,tcp_wz,response
feedback,0.009122,1786413380468,5,Ry,0.000000,0.000000,0.013733,0.013733,,,360.000061,-134.999191,479.999023,179.999435,-59.696136,-179.999481,359.999878,-134.999313,479.998810,179.999405,-59.696163,-179.999512,-0.035015,-0.054648,-0.095867,0.010394,0.013733,-0.031518,
feedback,0.009298,1786413380476,5,Ry,0.000000,0.000000,-0.013733,-0.013733,,,360.000061,-134.999191,479.999023,179.999435,-59.696136,-179.999481,359.999725,-134.999405,479.999298,179.999512,-59.696110,-179.999557,-0.057524,0.010546,0.086286,0.003465,-0.013733,-0.005928,
command,0.000000,,,Ry,-50.000000,-250.000000,,,,6.441,360.000061,-134.999191,479.999023,179.999435,-59.696136,-179.999481,,,,,,,,,,,,,"0,{},MoveJog(Ry-,coordtype=2,user=0,tool=0);"
feedback,0.016744,1786413380484,8,Ry,-50.000000,-250.000000,0.013733,50.013733,,,360.000061,-134.999191,479.999023,179.999435,-59.696136,-179.999481,360.000122,-134.999268,479.998779,179.999588,-59.696190,-179.999588,0.057524,-0.021092,-0.086286,-0.006929,0.013733,0.011856,
feedback,0.023050,1786413380493,8,Ry,-50.000000,-250.000000,0.006866,50.006866,,,360.000061,-134.999191,479.999023,179.999435,-59.696136,-179.999481,359.999969,-134.999359,479.998627,179.999527,-59.696247,-179.999619,-0.047599,-0.064235,-0.052724,-0.012858,0.006866,0.001525,
feedback,0.031814,1786413380501,8,Ry,-50.000000,-250.000000,-0.013733,49.986267,,,360.000061,-134.999191,479.999023,179.999435,-59.696136,-179.999481,359.999878,-134.999008,479.998993,179.999435,-59.696136,-179.999451,-0.076781,0.021092,0.051744,0.006929,-0.013733,-0.011856,
feedback,0.039713,1786413380510,8,Ry,-50.000000,-250.000000,0.006866,50.006866,,,360.000061,-134.999191,479.999023,179.999435,-59.696136,-179.999481,360.000000,-134.999222,479.998962,179.999603,-59.696163,-179.999649,0.028762,0.010546,-0.043143,-0.008392,0.006866,-0.012858,
feedback,0.048006,1786413380518,8,Ry,-50.000000,-250.000000,0.020599,50.020599,,,360.000061,-134.999191,479.999023,179.999435,-59.696136,-179.999481,360.000092,-134.999008,479.999023,179.999435,-59.696190,-179.999451,0.034384,0.075740,0.014542,0.002463,0.020599,0.023126,
feedback,0.055762,1786413380526,8,Ry,-50.000000,-250.000000,-0.034332,49.965668,,,360.000061,-134.999191,479.999023,179.999435,-59.696136,-179.999481,359.999725,-134.999710,479.999146,179.999527,-59.696083,-179.999680,-0.143523,-0.183119,0.037202,-0.009393,-0.034332,-0.025002,
feedback,0.064065,1786413380535,8,Ry,-50.000000,-250.000000,-0.034332,49.965668,,,360.000061,-134.999191,479.999023,179.999435,-59.696136,-179.999481,359.999908,-134.999222,479.999115,179.999512,-59.696136,-179.999542,-0.059551,-0.000000,0.071744,-0.011856,-0.034332,-0.006929,
feedback,0.071959,1786413380543,8,Ry,-50.000000,-250.000000,-0.034332,49.965668,,,360.000061,-134.999191,479.999023,179.999435,-59.696136,-179.999481,360.000061,-134.999405,479.998993,179.999512,-59.695889,-179.999557,0.006120,-0.064235,0.021820,0.004927,-0.034332,0.011919,
feedback,0.080940,1786413380552,8,Ry,-50.000000,-250.000000,-0.178528,49.821472,,,360.000061,-134.999191,479.999023,179.999435,-59.696136,-179.999481,359.999756,-134.999222,479.997864,179.999466,-59.694954,-179.999481,-0.030394,-0.010546,-0.149063,0.008392,-0.178528,0.012858,
feedback,0.088562,1786413380560,8,Ry,-50.000000,-250.000000,-0.405121,49.594879,,,360.000061,-134.999191,479.999023,179.999435,-59.696136,-179.999481,359.999786,-134.999222,479.996490,179.999603,-59.692291,-179.999649,0.010616,-0.043143,-0.264920,0.005929,-0.405121,-0.003401,
feedback,0.097133,1786413380568,8,Ry,-50.000000,-250.000000,-0.720978,49.279022,,,360.000061,-134.999191,479.999023,179.999435,-59.696136,-179.999481,359.999725,-134.999054,479.993988,179.999390,-59.687019,-179.999542,0.125994,0.074782,-0.480311,0.016326,-0.720978,-0.007451,
feedback,0.105357,1786413380577,8,Ry,-50.000000,-250.000000,-1.242828,48.757172,,,360.000061,-134.999191,479.999023,179.999435,-59.696136,-179.999481,360.000122,-134.999405,479.990479,179.999466,-59.678093,-179.999512,0.065189,-0.032597,-0.415112,0.015322,-1.242828,-0.005860,
feedback,0.113199,1786413380581,8,Ry,-50.000000,-250.000000,-1.428223,48.571777,,,360.000061,-134.999191,479.999023,179.999435,-59.696136,-179.999481,360.000397,-134.999359,479.987946,179.999481,-59.672379,-179.999557,0.065882,0.010546,-0.640172,-0.002458,-1.428223,-0.009394,
feedback,0.121424,1786413380589,8,Ry,-50.000000,-250.000000,-1.792145,48.207855,,,360.000061,-134.999191,479.999023,179.999435,-59.696136,-179.999481,360.001556,-134.999100,479.982910,179.999527,-59.658756,-179.999512,0.229299,0.043144,-0.669061,0.005929,-1.792145,0.010335,
feedback,0.129461,1786413380599,8,Ry,-50.000000,-250.000000,-2.362060,47.637940,,,360.000061,-134.999191,479.999023,179.999435,-59.696136,-179.999481,360.001831,-134.999313,479.976410,179.999512,-59.640930,-179.999481,0.023913,-0.074782,-0.891624,0.007367,-2.362061,0.021320,
feedback,0.137694,1786413380607,8,Ry,-50.000000,-250.000000,-3.220368,46.779632,,,360.000061,-134.999191,479.999023,179.999435,-59.696136,-179.999481,360.003723,-134.999191,479.963898,179.999481,-59.605938,-179.999542,0.137370,0.031639,-1.082719,-0.001419,-3.220367,-0.024716,
feedback,0.145831,1786413380616,8,Ry,-50.000000,-250.000000,-3.927612,46.072388,,,360.000061,-134.999191,479.999023,179.999435,-59.696136,-179.999481,360.005310,-134.998978,479.953064,179.999451,-59.576275,-179.999512,0.121791,0.021092,-1.397718,0.006962,-3.927612,-0.011842,
feedback,0.154183,1786413380624,8,Ry,-50.000000,-250.000000,-4.689789,45.310211,,,360.000061,-134.999191,479.999023,179.999435,-59.696136,-179.999481,360.007599,-134.999008,479.941833,179.999481,-59.540379,-179.999512,0.314756,0.065197,-1.429715,-0.006953,-4.689789,0.025570,
feedback,0.162522,1786413380632,8,Ry,-50.000000,-250.000000,-5.548096,44.451904,,,360.000061,-134.999191,479.999023,179.999435,-59.696136,-179.999481,360.011200,-134.999222,479.929993,179.999512,-59.497532,-179.999542,0.467609,-0.064236,-1.544042,-0.001046,-5.548096,0.008451,
feedback,0.170720,1786413380641,8,Ry,-50.000000,-250.000000,-6.440735,43.559265,,,360.000061,-134.999191,479.999023,179.999435,-59.696136,-179.999481,360.015778,-134.999359,479.919067,179.999481,-59.447517,-179.999573,0.541370,0.032599,-1.478237,-0.003484,-6.440735,0.012780,
feedback,0.178662,1786413380649,8,Ry,-50.000000,-250.000000,-7.319641,42.680359,,,360.000061,-134.999191,479.999023,179.999435,-59.696136,-179.999481,360.021057,-134.999008,479.908661,179.999390,-59.390553,-179.999405,0.546119,-0.043145,-1.321248,0.005924,-7.319641,-0.003370,
feedback,0.187058,1786413380657,8,Ry,-50.000000,-250.000000,-7.971954,42.028046,,,360.000061,-134.999191,479.999023,179.999435,-59.696136,-179.999481,360.024109,-134.999100,479.896820,179.999542,-59.328148,-179.999512,0.414206,0.032601,-1.608004,0.008324,-7.971954,0.019778,
feedback,0.195548,1786413380666,8,Ry,-50.000000,-250.000000,-8.754730,41.245270,,,360.000061,-134.999191,479.999023,179.999435,-59.696136,-179.999481,360.024963,-134.999054,479.886536,179.999512,-59.259705,-179.999512,0.092201,0.032600,-1.172131,-0.003493,-8.754730,0.012768,
feedback,0.203556,1786413380674,8,Ry,-50.000000,-250.000000,-9.674835,40.325165,,,360.000061,-134.999191,479.999023,179.999435,-59.696136,-179.999481,360.026154,-134.998978,479.881683,179.999557,-59.184147,-179.999619,0.200493,0.085331,-0.438912,0.002295,-9.674835,-0.023757,
feedback,0.211628,1786413380682,8,Ry,-50.000000,-250.000000,-10.114288,39.885712,,,360.000061,-134.999191,479.999023,179.999435,-59.696136,-179.999481,360.029327,-134.999573,479.877869,179.999512,-59.103947,-179.999603,0.437203,-0.000962,-0.438954,0.008216,-10.114288,-0.033961,
feedback,0.220027,1786413380691,8,Ry,-50.000000,-250.000000,-10.416412,39.583588,,,360.000061,-134.999191,479.999023,179.999435,-59.696136,-179.999481,360.032288,-134.999100,479.872803,179.999405,-59.021164,-179.999359,0.371754,0.085332,-0.634502,0.031818,-10.416412,-0.006079,
feedback,0.227936,1786413380699,8,Ry,-50.000000,-250.000000,-11.274719,38.725281,,,360.000061,-134.999191,479.999023,179.999435,-59.696136,-179.999481,360.037476,-134.999573,479.871124,179.999420,-58.889301,-179.999496,0.613371,-0.107387,0.319095,0.004667,-11.274719,0.005121,
feedback,0.237009,1786413380708,8,Ry,-50.000000,-250.000000,-11.274719,38.725281,,,360.000061,-134.999191,479.999023,179.999435,-59.696136,-179.999481,360.044037,-134.999268,479.875183,179.999542,-58.798744,-179.999542,0.775131,0.075752,0.544502,-0.003541,-11.274719,0.019606,
feedback,0.244714,1786413380716,8,Ry,-50.000000,-250.000000,-11.439514,38.560486,,,360.000061,-134.999191,479.999023,179.999435,-59.696136,-179.999481,360.050659,-134.999222,479.881744,179.999481,-58.707806,-179.999496,0.900912,-0.043148,1.014169,0.011752,-11.439514,0.000266,
feedback,0.252486,1786413380724,8,Ry,-50.000000,-250.000000,-11.885834,38.114166,,,360.000061,-134.999191,479.999023,179.999435,-59.696136,-179.999481,360.058502,-134.999451,479.891205,179.999496,-58.613762,-179.999527,0.959508,-0.043149,1.403012,0.000011,-11.885834,-0.006866,
feedback,0.261365,1786413380733,8,Ry,-50.000000,-250.000000,-11.933899,38.066101,,,360.000061,-134.999191,479.999023,179.999435,-59.696136,-179.999481,360.064240,-134.999451,479.899231,179.999634,-58.518044,-179.999680,0.547087,-0.010546,0.833789,-0.009430,-11.933899,0.002270,
feedback,0.268642,1786413380737,8,Ry,-50.000000,-250.000000,-11.824036,38.175964,,,360.000061,-134.999191,479.999023,179.999435,-59.696136,-179.999481,360.066315,-134.999176,479.902740,179.999557,-58.470749,-179.999466,0.526937,0.065211,0.875804,0.010400,-11.824036,0.036211,
feedback,0.276963,1786413380745,8,Ry,-50.000000,-250.000000,-12.078094,37.921906,,,360.000061,-134.999191,479.999023,179.999435,-59.696136,-179.999481,360.067871,-134.999313,479.907867,179.999573,-58.373878,-179.999557,0.358015,-0.010546,0.713179,-0.003583,-12.078094,0.005847,
feedback,0.285030,1786413380754,8,Ry,-50.000000,-250.000000,-12.297821,37.702179,,,360.000061,-134.999191,479.999023,179.999435,-59.696136,-179.999481,360.069885,-134.999268,479.912140,179.999557,-58.275906,-179.999557,0.298188,0.043152,0.478499,-0.005823,-12.297821,0.003256,
feedback,0.293746,1786413380762,8,Ry,-50.000000,-250.000000,-12.105560,37.894440,,,360.000061,-134.999191,479.999023,179.999435,-59.696136,-179.999481,360.070831,-134.999146,479.911652,179.999573,-58.178265,-179.999527,0.140351,0.011514,-0.458531,-0.005004,-12.105560,0.027990,
feedback,0.301652,1786413380770,8,Ry,-50.000000,-250.000000,-12.064362,37.935638,,,360.000061,-134.999191,479.999023,179.999435,-59.696136,-179.999481,360.067657,-134.999481,479.905182,179.999588,-58.082245,-179.999588,-0.521186,-0.096849,-0.924299,0.008038,-12.064362,-0.000644,
feedback,0.309681,1786413380779,8,Ry,-50.000000,-250.000000,-12.256622,37.743378,,,360.000061,-134.999191,479.999023,179.999435,-59.696136,-179.999481,360.065979,-134.999222,479.899139,179.999527,-57.985126,-179.999557,-0.051742,-0.032605,-0.473237,0.003658,-12.256622,-0.012689,
feedback,0.318690,1786413380787,8,Ry,-50.000000,-250.000000,-11.837769,38.162231,,,360.000061,-134.999191,479.999023,179.999435,-59.696136,-179.999481,360.063110,-134.999451,479.886963,179.999603,-57.840736,-179.999634,-0.444255,-0.032605,-1.231318,-0.002147,-11.837769,-0.016334,
feedback,0.325951,1786413380796,8,Ry,-50.000000,-250.000000,-11.933899,38.066101,,,360.000061,-134.999191,479.999023,179.999435,-59.696136,-179.999481,360.058868,-134.999481,479.877045,179.999588,-57.744911,-179.999588,-0.378544,-0.032604,-1.134545,-0.002131,-11.933899,-0.016338,
feedback,0.335241,1786413380804,8,Ry,-50.000000,-250.000000,-12.023163,37.976837,,,360.000061,-134.999191,479.999023,179.999435,-59.696136,-179.999481,360.057861,-134.999695,479.873016,179.999664,-57.648861,-179.999664,-0.148614,-0.053696,-0.423553,-0.021071,-12.023163,-0.012089,
feedback,0.342271,1786413380813,8,Ry,-50.000000,-250.000000,-11.755371,38.244629,,,360.000061,-134.999191,479.999023,179.999435,-59.696136,-179.999481,360.055847,-134.999451,479.871735,179.999603,-57.554214,-179.999634,-0.299091,-0.000000,-0.112665,0.000011,-11.755371,0.000000,
feedback,0.350710,1786413380821,8,Ry,-50.000000,-250.000000,-11.734772,38.265228,,,360.000061,-134.999191,479.999023,179.999435,-59.696136,-179.999481,360.053345,-134.999359,479.874359,179.999466,-57.460693,-179.999542,-0.351390,-0.065207,0.616561,0.001609,-11.734772,-0.029003,
feedback,0.358710,1786413380829,8,Ry,-50.000000,-250.000000,-11.892700,38.107300,,,360.000061,-134.999191,479.999023,179.999435,-59.696136,-179.999481,360.053833,-134.999146,479.882629,179.999542,-57.365852,-179.999481,0.139928,0.065207,1.048516,0.004182,-11.892700,0.032704,
feedback,0.367506,1786413380838,8,Ry,-50.000000,-250.000000,-11.686707,38.313293,,,360.000061,-134.999191,479.999023,179.999435,-59.696136,-179.999481,360.051758,-134.998932,479.892273,179.999527,-57.271564,-179.999451,-0.244908,0.117937,1.121539,0.005389,-11.686707,-0.007309,
feedback,0.374818,1786413380846,8,Ry,-50.000000,-250.000000,-11.927032,38.072968,,,360.000061,-134.999191,479.999023,179.999435,-59.696136,-179.999481,360.047791,-134.999313,479.901093,179.999588,-57.176064,-179.999557,-0.247301,-0.031639,1.363689,-0.016919,-11.927032,0.013588,
feedback,0.383970,1786413380854,8,Ry,-50.000000,-250.000000,-12.290955,37.709045,,,360.000061,-134.999191,479.999023,179.999435,-59.696136,-179.999481,360.047882,-134.999008,479.916199,179.999512,-57.078617,-179.999542,0.101417,0.074787,1.884731,0.011219,-12.290955,-0.010425,
feedback,0.391469,1786413380863,8,Ry,-50.000000,-250.000000,-12.311554,37.688446,,,360.000061,-134.999191,479.999023,179.999435,-59.696136,-179.999481,360.045898,-134.999100,479.925323,179.999603,-56.979904,-179.999588,-0.436785,0.086297,0.968338,-0.011491,-12.311554,0.006249,
feedback,0.399491,1786413380871,8,Ry,-50.000000,-250.000000,-12.407684,37.592316,,,360.000061,-134.999191,479.999023,179.999435,-59.696136,-179.999481,360.042175,-134.999527,479.935394,179.999542,-56.831726,-179.999496,-0.199523,0.000964,0.772775,-0.015015,-12.407684,0.029857,
feedback,0.407618,1786413380880,8,Ry,-50.000000,-250.000000,-12.483215,37.516785,,,360.000061,-134.999191,479.999023,179.999435,-59.696136,-179.999481,360.041473,-134.999100,479.941162,179.999573,-56.731503,-179.999542,-0.059821,0.043148,0.611070,-0.017199,-12.483215,-0.004434,
feedback,0.416516,1786413380888,8,Ry,-50.000000,-250.000000,-12.339020,37.660980,,,360.000061,-134.999191,479.999023,179.999435,-59.696136,-179.999481,360.040710,-134.999451,479.941223,179.999573,-56.632847,-179.999588,0.144225,0.010546,0.040293,0.009523,-12.339020,-0.001958,
feedback,0.424015,1786413380896,8,Ry,-50.000000,-250.000000,-12.359619,37.640381,,,360.000061,-134.999191,479.999023,179.999435,-59.696136,-179.999481,360.041138,-134.999313,479.940582,179.999603,-56.534081,-179.999573,-0.065429,0.043148,-0.058638,-0.005710,-12.359619,0.003080,
feedback,0.432951,1786413380900,8,Ry,-50.000000,-250.000000,-12.345886,37.654114,,,360.000061,-134.999191,479.999023,179.999435,-59.696136,-179.999481,360.041992,-134.999008,479.939301,179.999481,-56.435204,-179.999496,0.036593,0.139991,-0.188226,0.015263,-12.345886,0.022470,
feedback,0.440440,1786413380909,8,Ry,-50.000000,-250.000000,-12.181091,37.818909,,,360.000061,-134.999191,479.999023,179.999435,-59.696136,-179.999481,360.041443,-134.999695,479.937927,179.999664,-56.386478,-179.999680,-0.132516,-0.171629,-0.340717,-0.026636,-12.181091,-0.005328,
feedback,0.449693,1786413380917,8,Ry,-50.000000,-250.000000,-11.618042,38.381958,,,360.000061,-134.999191,479.999023,179.999435,-59.696136,-179.999481,360.038574,-134.999405,479.935760,179.999588,-56.292023,-179.999649,-0.362876,-0.043148,-0.386500,-0.011413,-11.618042,-0.014488,
feedback,0.456767,1786413380926,8,Ry,-50.000000,-250.000000,-11.803436,38.196564,,,360.000061,-134.999191,479.999023,179.999435,-59.696136,-179.999481,360.038147,-134.999451,479.936890,179.999527,-56.197430,-179.999557,-0.066368,-0.010546,0.054602,0.001897,-11.803436,0.009526,
feedback,0.466136,1786413380934,8,Ry,-50.000000,-250.000000,-11.707306,38.292694,,,360.000061,-134.999191,479.999023,179.999435,-59.696136,-179.999481,360.039093,-134.999359,479.940338,179.999634,-56.102619,-179.999573,0.164806,0.054658,0.137543,-0.017171,-11.707306,0.027002,
feedback,0.473081,1786413380942,8,Ry,-50.000000,-250.000000,-11.549378,38.450622,,,360.000061,-134.999191,479.999023,179.999435,-59.696136,-179.999481,360.037598,-134.999146,479.942383,179.999420,-56.010414,-179.999481,-0.292702,0.085332,-0.130812,0.026758,-11.549377,-0.008229,
feedback,0.482039,1786413380951,8,Ry,-50.000000,-250.000000,-11.590576,38.409424,,,360.000061,-134.999191,479.999023,179.999435,-59.696136,-179.999481,360.036255,-134.999359,479.943542,179.999527,-55.918186,-179.999603,-0.058244,0.010546,0.157688,-0.007515,-11.590576,-0.013383,
feedback,0.489366,1786413380959,8,Ry,-50.000000,-250.000000,-11.810303,38.189697,,,360.000061,-134.999191,479.999023,179.999435,-59.696136,-179.999481,360.036682,-134.999313,479.945618,179.999496,-55.776131,-179.999603,-0.121560,0.021092,-0.119965,0.007735,-11.810303,-0.011355,
feedback,0.498261,1786413380967,8,Ry,-50.000000,-250.000000,-11.714172,38.285828,,,360.000061,-134.999191,479.999023,179.999435,-59.696136,-179.999481,360.034088,-134.999313,479.939941,179.999649,-55.682255,-179.999619,-0.398650,-0.095878,-0.819635,-0.030681,-11.714172,0.013747,
feedback,0.505976,1786413380976,8,Ry,-50.000000,-250.000000,-11.988831,38.011169,,,360.000061,-134.999191,479.999023,179.999435,-59.696136,-179.999481,360.033203,-134.999481,479.937744,179.999603,-55.586235,-179.999603,0.093413,0.032601,-0.105020,0.001795,-11.988831,0.016412,
feedback,0.514656,1786413380984,8,Ry,-50.000000,-250.000000,-12.043762,37.956238,,,360.000061,-134.999191,479.999023,179.999435,-59.696136,-179.999481,360.034180,-134.999481,479.934204,179.999573,-55.488976,-179.999557,0.141814,-0.031638,-0.296753,-0.011659,-12.043762,0.016974,
feedback,0.522139,1786413380993,8,Ry,-50.000000,-250.000000,-12.091827,37.908173,,,360.000061,-134.999191,479.999023,179.999435,-59.696136,-179.999481,360.032959,-134.999313,479.926331,179.999573,-55.391994,-179.999527,-0.073790,0.108349,-0.914542,-0.007782,-12.091827,0.031902,
feedback,0.531007,1786413381001,8,Ry,-50.000000,-250.000000,-12.442017,37.557983,,,360.000061,-134.999191,479.999023,179.999435,-59.696136,-179.999481,360.033630,-134.999451,479.923279,179.999512,-55.293118,-179.999512,0.259170,0.032601,-0.134848,0.007392,-12.442017,0.020330,
feedback,0.538573,1786413381010,8,Ry,-50.000000,-250.000000,-12.448883,37.551117,,,360.000061,-134.999191,479.999023,179.999435,-59.696136,-179.999481,360.035431,-134.999573,479.924133,179.999481,-55.193336,-179.999542,0.082061,-0.139988,0.200941,0.007362,-12.448883,-0.007123,
feedback,0.547854,1786413381018,8,Ry,-50.000000,-250.000000,-12.194824,37.805176,,,360.000061,-134.999191,479.999023,179.999435,-59.696136,-179.999481,360.034149,-134.999481,479.922974,179.999573,-55.095421,-179.999557,-0.203995,-0.010546,0.107639,-0.020811,-12.194824,-0.006156,
feedback,0.555195,1786413381027,8,Ry,-50.000000,-250.000000,-12.215423,37.784577,,,360.000061,-134.999191,479.999023,179.999435,-59.696136,-179.999481,360.034241,-134.999741,479.928284,179.999512,-54.997780,-179.999451,0.099982,-0.139025,0.683951,-0.002814,-12.215424,0.026206,
feedback,0.564519,1786413381035,8,Ry,-50.000000,-250.000000,-11.961365,38.038635,,,360.000061,-134.999191,479.999023,179.999435,-59.696136,-179.999481,360.036926,-134.999359,479.943787,179.999542,-54.852154,-179.999619,0.091018,0.010546,1.247565,0.003964,-11.961365,-0.005614,
feedback,0.571922,1786413381043,8,Ry,-50.000000,-250.000000,-11.988831,38.011169,,,360.000061,-134.999191,479.999023,179.999435,-59.696136,-179.999481,360.036926,-134.999573,479.955017,179.999451,-54.756737,-179.999496,0.198707,0.053694,1.766710,0.015184,-11.988831,0.009183,
feedback,0.579634,1786413381052,8,Ry,-50.000000,-250.000000,-11.981964,38.018036,,,360.000061,-134.999191,479.999023,179.999435,-59.696136,-179.999481,360.037262,-134.999481,479.968109,179.999542,-54.661213,-179.999512,0.040065,-0.064240,1.781774,-0.007932,-11.981964,0.004336,
feedback,0.587944,1786413381060,8,Ry,-50.000000,-250.000000,-11.920166,38.079834,,,360.000061,-134.999191,479.999023,179.999435,-59.696136,-179.999481,360.036560,-134.999359,479.979797,179.999573,-54.565411,-179.999496,-0.176858,0.011509,1.388653,-0.011926,-11.920166,0.023650,
feedback,0.597248,1786413381064,8,Ry,-50.000000,-250.000000,-11.981964,38.018036,,,360.000061,-134.999191,479.999023,179.999435,-59.696136,-179.999481,360.034058,-134.999405,479.981384,179.999573,-54.517483,-179.999619,-0.615051,-0.011510,0.396677,0.000786,-11.981964,-0.031612,
feedback,0.604321,1786413381073,8,Ry,-50.000000,-250.000000,-11.824036,38.175964,,,360.000061,-134.999191,479.999023,179.999435,-59.696136,-179.999481,360.029755,-134.999451,479.985107,179.999557,-54.422947,-179.999573,-0.597430,-0.021093,0.366791,-0.007978,-11.824036,0.011169,
feedback,0.612422,1786413381081,8,Ry,-50.000000,-250.000000,-12.126160,37.873840,,,360.000061,-134.999191,479.999023,179.999435,-59.696136,-179.999481,360.027496,-134.999268,479.984863,179.999512,-54.326653,-179.999496,-0.284012,0.086293,-0.040043,-0.005561,-12.126160,0.009729,
feedback,0.620868,1786413381090,8,Ry,-50.000000,-250.000000,-12.146759,37.853241,,,360.000061,-134.999191,479.999023,179.999435,-59.696136,-179.999481,360.025085,-134.999146,479.979797,179.999619,-54.230274,-179.999557,-0.388616,-0.010547,-1.013117,-0.009562,-12.146759,0.001558,
feedback,0.628825,1786413381098,8,Ry,-50.000000,-250.000000,-11.803436,38.196564,,,360.000061,-134.999191,479.999023,179.999435,-59.696136,-179.999481,360.021729,-134.999405,479.969788,179.999527,-54.135353,-179.999573,-0.520198,-0.065200,-1.401602,0.002492,-11.803436,-0.028885,
feedback,0.637446,1786413381106,8,Ry,-50.000000,-250.000000,-12.030029,37.969971,,,360.000061,-134.999191,479.999023,179.999435,-59.696136,-179.999481,360.018555,-134.999527,479.961639,179.999725,-54.039223,-179.999710,-0.259679,0.043145,-1.035653,-0.022220,-12.030029,-0.009262,
feedback,0.645093,1786413381115,8,Ry,-50.000000,-250.000000,-11.940765,38.059235,,,360.000061,-134.999191,479.999023,179.999435,-59.696136,-179.999481,360.015625,-134.999405,479.955109,179.999603,-53.942596,-179.999664,-0.396616,-0.032599,-1.019711,-0.001498,-11.940765,-0.016459,
feedback,0.653737,1786413381123,8,Ry,-50.000000,-250.000000,-11.830902,38.169098,,,360.000061,-134.999191,479.999023,179.999435,-59.696136,-179.999481,360.010529,-134.999481,479.946320,179.999557,-53.798840,-179.999527,-0.376506,-0.043145,-0.874558,0.022175,-11.830902,0.009355,
feedback,0.661808,1786413381132,8,Ry,-50.000000,-250.000000,-12.181091,37.818909,,,360.000061,-134.999191,479.999023,179.999435,-59.696136,-179.999481,360.009949,-134.999222,479.944275,179.999573,-53.702629,-179.999588,0.190990,0.010546,0.166256,-0.001452,-12.181091,-0.009599,
feedback,0.670746,1786413381140,8,Ry,-50.000000,-250.000000,-11.885834,38.114166,,,360.000061,-134.999191,479.999023,179.999435,-59.696136,-179.999481,360.011932,-134.999405,479.946045,179.999573,-53.607101,-179.999619,0.227486,-0.043144,0.371792,0.005539,-11.885834,-0.002792,
feedback,0.677767,1786413381148,8,Ry,-50.000000,-250.000000,-11.700439,38.299561,,,360.000061,-134.999191,479.999023,179.999435,-59.696136,-179.999481,360.012939,-134.999146,479.948425,179.999634,-53.513527,-179.999573,0.318007,0.075744,0.351495,-0.004061,-11.700439,0.019254,
feedback,0.686838,1786413381157,8,Ry,-50.000000,-250.000000,-11.851502,38.148498,,,360.000061,-134.999191,479.999023,179.999435,-59.696136,-179.999481,360.016388,-134.999268,479.954468,179.999420,-53.419456,-179.999527,0.513140,0.042185,0.931526,0.032921,-11.851501,-0.009779,
feedback,0.694686,1786413381165,8,Ry,-50.000000,-250.000000,-12.091828,37.908172,,,360.000061,-134.999191,479.999023,179.999435,-59.696136,-179.999481,360.020569,-134.999527,479.962891,179.999512,-53.323353,-179.999603,0.670052,-0.054653,1.134387,0.012310,-12.091827,-0.030254,
feedback,0.703050,1786413381174,8,Ry,-50.000000,-250.000000,-11.988830,38.011170,,,360.000061,-134.999191,479.999023,179.999435,-59.696136,-179.999481,360.021942,-134.999313,479.967316,179.999557,-53.227688,-179.999512,0.106157,0.022054,0.575981,-0.008204,-11.988831,0.017867,
feedback,0.710961,1786413381182,8,Ry,-50.000000,-250.000000,-12.270355,37.729645,,,360.000061,-134.999191,479.999023,179.999435,-59.696136,-179.999481,360.024384,-134.999313,479.972137,179.999634,-53.130432,-179.999603,0.326460,-0.021092,0.722240,-0.002729,-12.270355,0.015106,
feedback,0.719945,1786413381190,8,Ry,-50.000000,-250.000000,-12.373352,37.626648,,,360.000061,-134.999191,479.999023,179.999435,-59.696136,-179.999481,360.027283,-134.999268,479.977325,179.999527,-53.031746,-179.999512,0.324354,0.043147,0.627321,0.005504,-12.373352,0.010996,
feedback,0.727577,1786413381199,8,Ry,-50.000000,-250.000000,-12.270355,37.729645,,,360.000061,-134.999191,479.999023,179.999435,-59.696136,-179.999481,360.024750,-134.999268,479.979156,179.999542,-52.884449,-179.999512,-0.286720,0.043146,0.029147,0.016444,-12.270355,0.019297,
feedback,0.735443,1786413381208,8,Ry,-50.000000,-250.000000,-12.318420,37.681580,,,360.000061,-134.999191,479.999023,179.999435,-59.696136,-179.999481,360.024139,-134.998962,479.981018,179.999603,-52.785599,-179.999496,-0.088277,0.065200,0.067256,-0.019213,-12.318420,0.016364,
feedback,0.743731,1786413381212,8,Ry,-50.000000,-250.000000,-12.469483,37.530517,,,360.000061,-134.999191,479.999023,179.999435,-59.696136,-179.999481,360.023010,-134.999268,479.982208,179.999542,-52.735722,-179.999512,-0.269054,-0.075746,0.298266,0.009640,-12.469482,-0.015040,
feedback,0.752893,1786413381220,8,Ry,-50.000000,-250.000000,-12.297821,37.702179,,,360.000061,-134.999191,479.999023,179.999435,-59.696136,-179.999481,360.020294,-134.999664,479.980164,179.999603,-52.637611,-179.999603,-0.461148,-0.096838,-0.540841,0.006754,-12.297821,0.000059,
feedback,0.759747,1786413381228,8,Ry,-50.000000,-250.000000,-12.057495,37.942505,,,360.000061,-134.999191,479.999023,179.999435,-59.696136,-179.999481,360.016449,-134.999527,479.976013,179.999527,-52.541454,-179.999619,-0.536109,-0.044106,-0.743806,0.016710,-12.057495,-0.035535,
feedback,0.768295,1786413381237,8,Ry,-50.000000,-250.000000,-12.139892,37.860108,,,360.000061,-134.999191,479.999023,179.999435,-59.696136,-179.999481,360.014862,-134.999481,479.972809,179.999634,-52.445763,-179.999634,0.009961,0.054652,-0.342641,-0.017987,-12.139893,0.025878,
feedback,0.776310,1786413381245,8,Ry,-50.000000,-250.000000,-11.872101,38.127899,,,360.000061,-134.999191,479.999023,179.999435,-59.696136,-179.999481,360.015381,-134.999619,479.973022,179.999573,-52.350239,-179.999619,0.115478,-0.043145,0.177879,-0.010867,-11.872101,-0.015255,
feedback,0.784144,1786413381254,8,Ry,-50.000000,-250.000000,-11.466980,38.533020,,,360.000061,-134.999191,479.999023,179.999435,-59.696136,-179.999481,360.016296,-134.999359,479.971771,179.999481,-52.258064,-179.999542,0.028187,0.010546,-0.124525,0.009644,-11.466980,-0.001227,
feedback,0.792858,1786413381262,8,Ry,-50.000000,-250.000000,-11.466980,38.533020,,,360.000061,-134.999191,479.999023,179.999435,-59.696136,-179.999481,360.014954,-134.999268,479.969849,179.999573,-52.166847,-179.999557,-0.127756,-0.096836,-0.222389,-0.009618,-11.466980,-0.012521,
feedback,0.800639,1786413381270,8,Ry,-50.000000,-250.000000,-11.714172,38.285828,,,360.000061,-134.999191,479.999023,179.999435,-59.696136,-179.999481,360.015076,-134.999573,479.970032,179.999481,-52.073463,-179.999527,-0.003581,-0.032599,0.012667,0.020475,-11.714172,0.000379,
feedback,0.809230,1786413381279,8,Ry,-50.000000,-250.000000,-11.693573,38.306427,,,360.000061,-134.999191,479.999023,179.999435,-59.696136,-179.999481,360.014832,-134.999619,479.968719,179.999435,-51.979805,-179.999435,-0.073806,-0.032599,-0.286050,0.015054,-11.693573,-0.003817,
feedback,0.816942,1786413381287,8,Ry,-50.000000,-250.000000,-11.906433,38.093567,,,360.000061,-134.999191,479.999023,179.999435,-59.696136,-179.999481,360.013733,-134.999405,479.965637,179.999481,-51.838768,-179.999496,0.026810,-0.053691,-0.398247,-0.004231,-11.906433,-0.001468,
feedback,0.825235,1786413381296,8,Ry,-50.000000,-250.000000,-12.236023,37.763977,,,360.000061,-134.999191,479.999023,179.999435,-59.696136,-179.999481,360.014191,-134.999619,479.964417,179.999512,-51.741074,-179.999527,0.159616,-0.021092,-0.131158,-0.013889,-12.236023,0.006532,
feedback,0.834687,1786413381304,8,Ry,-50.000000,-250.000000,-12.078094,37.921906,,,360.000061,-134.999191,479.999023,179.999435,-59.696136,-179.999481,360.013550,-134.999313,479.960175,179.999542,-51.644035,-179.999481,-0.070658,0.086290,-0.692977,0.000017,-12.078094,0.013733,
feedback,0.841569,1786413381312,8,Ry,-50.000000,-250.000000,-12.187958,37.812042,,,360.000061,-134.999191,479.999023,179.999435,-59.696136,-179.999481,360.012726,-134.999481,479.955566,179.999512,-51.546780,-179.999466,-0.008117,0.032599,-0.495959,0.011873,-12.187958,0.025054,
feedback,0.849978,1786413381321,8,Ry,-50.000000,-250.000000,-12.476349,37.523651,,,360.000061,-134.999191,479.999023,179.999435,-59.696136,-179.999481,360.015900,-134.999191,479.954865,179.999466,-51.447411,-179.999481,0.509808,0.053692,-0.347671,0.015037,-12.476349,0.010055,
feedback,0.858417,1786413381329,8,Ry,-50.000000,-250.000000,-12.229156,37.770844,,,360.000061,-134.999191,479.999023,179.999435,-59.696136,-179.999481,360.016876,-134.999268,479.950653,179.999557,-51.348614,-179.999527,0.160257,-0.064237,-0.708095,0.002165,-12.229156,0.012436,
feedback,0.866725,1786413381338,8,Ry,-50.000000,-250.000000,-12.133026,37.866974,,,360.000061,-134.999191,479.999023,179.999435,-59.696136,-179.999481,360.017334,-134.999359,479.949921,179.999496,-51.251137,-179.999557,0.236906,0.010546,0.008588,0.015020,-12.133026,0.003240,
feedback,0.874282,1786413381346,8,Ry,-50.000000,-250.000000,-12.400818,37.599182,,,360.000061,-134.999191,479.999023,179.999435,-59.696136,-179.999481,360.021179,-134.999405,479.955994,179.999557,-51.152866,-179.999588,0.721629,0.075746,1.266637,-0.009643,-12.400818,0.014774,
feedback,0.882663,1786413381354,8,Ry,-50.000000,-250.000000,-12.139893,37.860107,,,360.000061,-134.999191,479.999023,179.999435,-59.696136,-179.999481,360.023956,-134.999146,479.965607,179.999573,-51.055527,-179.999649,0.405675,0.064239,1.301540,-0.002031,-12.139893,-0.012446,
feedback,0.890470,1786413381363,8,Ry,-50.000000,-250.000000,-11.872101,38.127899,,,360.000061,-134.999191,479.999023,179.999435,-59.696136,-179.999481,360.023071,-134.999268,479.975311,179.999527,-50.960411,-179.999481,-0.097578,0.075746,1.441183,0.011692,-11.872101,0.032041,
feedback,0.899643,1786413381367,8,Ry,-50.000000,-250.000000,-11.817169,38.182831,,,360.000061,-134.999191,479.999023,179.999435,-59.696136,-179.999481,360.022614,-134.999405,479.982910,179.999557,-50.913143,-179.999603,-0.101429,-0.032600,1.901653,-0.006319,-11.817169,-0.020855,
feedback,0.906861,1786413381375,8,Ry,-50.000000,-250.000000,-12.208557,37.791443,,,360.000061,-134.999191,479.999023,179.999435,-59.696136,-179.999481,360.020569,-134.999451,480.001160,179.999664,-50.768562,-179.999680,0.037487,-0.043146,1.435462,-0.010626,-12.208557,-0.015552,
feedback,0.916001,1786413381384,8,Ry,-50.000000,-250.000000,-11.741638,38.258362,,,360.000061,-134.999191,479.999023,179.999435,-59.696136,-179.999481,360.018951,-134.999146,480.008362,179.999649,-50.673752,-179.999588,-0.208840,-0.010547,0.668487,-0.004329,-11.741638,0.005312,
feedback,0.923997,1786413381392,8,Ry,-50.000000,-250.000000,-11.858368,38.141632,,,360.000061,-134.999191,479.999023,179.999435,-59.696136,-179.999481,360.015839,-134.999313,480.010376,179.999649,-50.579323,-179.999619,-0.447126,-0.021093,0.073024,-0.019312,-11.858368,0.001888,
feedback,0.932359,1786413381401,8,Ry,-50.000000,-250.000000,-12.139893,37.860107,,,360.000061,-134.999191,479.999023,179.999435,-59.696136,-179.999481,360.013794,-134.999359,480.009186,179.999634,-50.482563,-179.999725,-0.196514,-0.032599,-0.201210,-0.016807,-12.139893,-0.029640,
feedback,0.939621,1786413381409,8,Ry,-50.000000,-250.000000,-12.084961,37.915039,,,360.000061,-134.999191,479.999023,179.999435,-59.696136,-179.999481,360.010712,-134.999741,480.007233,179.999634,-50.385445,-179.999741,-0.437526,-0.032598,-0.387702,-0.006201,-12.084961,-0.020912,
feedback,0.948653,1786413381417,8,Ry,-50.000000,-250.000000,-11.878967,38.121033,,,360.000061,-134.999191,479.999023,179.999435,-59.696136,-179.999481,360.006287,-134.999527,480.000092,179.999619,-50.289696,-179.999557,-0.638736,0.075741,-1.094168,0.006189,-11.878967,0.027789,
feedback,0.955774,1786413381426,8,Ry,-50.000000,-250.000000,-11.988831,38.011169,,,360.000061,-134.999191,479.999023,179.999435,-59.696136,-179.999481,360.002075,-134.999619,479.990204,179.999634,-50.194008,-179.999680,-0.493385,-0.000000,-1.366676,0.005281,-11.988831,0.004396,
feedback,0.965430,1786413381434,8,Ry,-50.000000,-250.000000,-12.133026,37.866974,,,360.000061,-134.999191,479.999023,179.999435,-59.696136,-179.999481,360.001129,-134.999664,479.980530,179.999664,-50.096970,-179.999680,-0.077700,-0.043143,-1.248202,0.000006,-12.133026,-0.006866,
feedback,0.972316,1786413381443,8,Ry,-50.000000,-250.000000,-11.913300,38.086700,,,360.000061,-134.999191,479.999023,179.999435,-59.696136,-179.999481,359.999786,-134.999313,479.969299,179.999512,-50.001167,-179.999603,-0.218663,0.139975,-1.391491,-0.000835,-11.913300,0.010926,
feedback,0.981499,1786413381451,8,Ry,-50.000000,-250.000000,-11.892700,38.107300,,,360.000061,-134.999191,479.999023,179.999435,-59.696136,-179.999481,359.999664,-134.999313,479.961761,179.999481,-49.859692,-179.999557,0.167501,-0.000959,0.069358,0.033465,-11.892700,-0.014584,
feedback,0.988395,1786413381459,8,Ry,-50.000000,-250.000000,-12.002563,37.997437,,,360.000061,-134.999191,479.999023,179.999435,-59.696136,-179.999481,360.001709,-134.999222,479.963867,179.999603,-49.764030,-179.999619,0.289119,-0.031638,0.665349,-0.018530,-12.002563,0.011290,
feedback,0.997451,1786413381468,8,Ry,-50.000000,-250.000000,-11.618042,38.381958,,,360.000061,-134.999191,479.999023,179.999435,-59.696136,-179.999481,360.001221,-134.999451,479.968475,179.999634,-49.670288,-179.999649,-0.135516,-0.021092,0.714567,-0.003642,-11.618042,0.014913,
feedback,1.005197,1786413381476,8,Ry,-50.000000,-250.000000,-11.803436,38.196564,,,360.000061,-134.999191,479.999023,179.999435,-59.696136,-179.999481,360.000244,-134.999451,479.978485,179.999634,-49.576355,-179.999649,-0.101851,-0.010546,1.409626,-0.004441,-11.803436,0.005227,
feedback,1.013153,1786413381485,8,Ry,-50.000000,-250.000000,-12.201691,37.798309,,,360.000061,-134.999191,479.999023,179.999435,-59.696136,-179.999481,360.001434,-134.999527,479.990967,179.999619,-49.479839,-179.999725,0.324940,0.000000,1.898190,0.000006,-12.201691,-0.000000,
feedback,1.021401,1786413381493,8,Ry,-50.000000,-250.000000,-11.981964,38.018036,,,360.000061,-134.999191,479.999023,179.999435,-59.696136,-179.999481,360.000977,-134.999573,480.000854,179.999619,-49.383217,-179.999680,-0.108259,-0.053689,1.192501,-0.009676,-11.981964,-0.006124,
feedback,1.030007,1786413381501,8,Ry,-50.000000,-250.000000,-12.181091,37.818909,,,360.000061,-134.999191,479.999023,179.999435,-59.696136,-179.999481,359.999451,-134.999313,480.007385,179.999527,-49.285931,-179.999603,-0.162423,-0.000000,0.950397,0.005216,-12.181091,0.004479,
feedback,1.038196,1786413381510,8,Ry,-50.000000,-250.000000,-12.442016,37.557984,,,360.000061,-134.999191,479.999023,179.999435,-59.696136,-179.999481,360.000214,-134.999222,480.013916,179.999695,-49.187027,-179.999557,0.184471,0.118884,0.860783,-0.004464,-12.442017,0.025796,
feedback,1.046968,1786413381518,8,Ry,-50.000000,-250.000000,-12.332153,37.667847,,,360.000061,-134.999191,479.999023,179.999435,-59.696136,-179.999481,360.000519,-134.999573,480.019928,179.999481,-49.087685,-179.999512,0.085079,-0.064235,0.389703,0.011768,-12.332153,0.021499,
feedback,1.054554,1786413381522,8,Ry,-50.000000,-250.000000,-12.284088,37.715912,,,360.000061,-134.999191,479.999023,179.999435,-59.696136,-179.999481,359.999756,-134.999313,480.020782,179.999527,-49.038548,-179.999603,-0.183628,0.064235,0.211838,-0.006541,-12.284088,-0.017008,
feedback,1.062699,1786413381531,8,Ry,-50.000000,-250.000000,-12.414551,37.585449,,,360.000061,-134.999191,479.999023,179.999435,-59.696136,-179.999481,359.997772,-134.999359,480.020447,179.999619,-48.939587,-179.999695,-0.085511,0.043143,-0.159845,-0.015520,-12.414551,-0.006664,
feedback,1.071340,1786413381539,8,Ry,-50.000000,-250.000000,-12.387085,37.612915,,,360.000061,-134.999191,479.999023,179.999435,-59.696136,-179.999481,359.996399,-134.999359,480.018799,179.999527,-48.790886,-179.999573,-0.110840,-0.032597,0.122143,-0.000630,-12.387085,-0.016556,
feedback,1.078679,1786413381548,8,Ry,-50.000000,-250.000000,-12.112427,37.887573,,,360.000061,-134.999191,479.999023,179.999435,-59.696136,-179.999481,359.994324,-134.999710,480.017517,179.999527,-48.693027,-179.999619,-0.396394,-0.053689,-0.229968,-0.004532,-12.112427,-0.001708,
feedback,1.087455,1786413381556,8,Ry,-50.000000,-250.000000,-11.769104,38.230896,,,360.000061,-134.999191,479.999023,179.999435,-59.696136,-179.999481,359.991516,-134.999924,480.014709,179.999588,-48.597610,-179.999695,-0.570460,-0.064234,-0.589632,-0.019389,-11.769104,-0.005648,
feedback,1.094951,1786413381564,8,Ry,-50.000000,-250.000000,-11.762238,38.237762,,,360.000061,-134.999191,479.999023,179.999435,-59.696136,-179.999481,359.990265,-134.999710,480.016022,179.999557,-48.503319,-179.999664,-0.204456,-0.053688,0.278672,-0.014835,-11.762238,-0.010823,
feedback,1.102914,1786413381573,8,Ry,-50.000000,-250.000000,-11.734772,38.265228,,,360.000061,-134.999191,479.999023,179.999435,-59.696136,-179.999481,359.990112,-134.999573,480.017487,179.999435,-48.409523,-179.999435,-0.011315,-0.021092,0.175455,-0.003975,-11.734772,0.014829,
feedback,1.110985,1786413381581,8,Ry,-50.000000,-250.000000,-11.631775,38.368225,,,360.000061,-134.999191,479.999023,179.999435,-59.696136,-179.999481,359.990753,-134.999222,480.019745,179.999466,-48.316883,-179.999420,-0.064602,0.043142,0.206259,0.005145,-11.631775,0.011433,
feedback,1.119169,1786413381589,8,Ry,-50.000000,-250.000000,-11.501312,38.498688,,,360.000061,-134.999191,479.999023,179.999435,-59.696136,-179.999481,359.988373,-134.999405,480.020569,179.999557,-48.225147,-179.999573,-0.345945,-0.043142,-0.126406,-0.010231,-11.501312,-0.016015,
feedback,1.127428,1786413381598,8,Ry,-50.000000,-250.000000,-11.817169,38.182831,,,360.000061,-134.999191,479.999023,179.999435,-59.696136,-179.999481,359.984802,-134.999146,480.021942,179.999481,-48.131187,-179.999512,-0.542910,-0.053688,0.107280,-0.004566,-11.817169,-0.001753,
feedback,1.135730,1786413381606,8,Ry,-50.000000,-250.000000,-11.865234,38.134766,,,360.000061,-134.999191,479.999023,179.999435,-59.696136,-179.999481,359.980927,-134.999359,480.024170,179.999496,-48.035851,-179.999527,-0.718958,-0.096829,0.080099,-0.009686,-11.865234,-0.013219,
feedback,1.143739,1786413381615,8,Ry,-50.000000,-250.000000,-11.940766,38.059234,,,360.000061,-134.999191,479.999023,179.999435,-59.696136,-179.999481,359.975769,-134.999146,480.026520,179.999481,-47.940216,-179.999512,-0.780041,0.021091,0.163620,-0.006077,-11.940765,-0.023996,
feedback,1.151804,1786413381623,8,Ry,-50.000000,-250.000000,-12.174225,37.825775,,,360.000061,-134.999191,479.999023,179.999435,-59.696136,-179.999481,359.971008,-134.999222,480.027252,179.999527,-47.843426,-179.999512,-0.581431,0.064231,0.181197,0.004144,-12.174225,-0.007922,
feedback,1.160126,1786413381631,8,Ry,-50.000000,-250.000000,-12.332153,37.667847,,,360.000061,-134.999191,479.999023,179.999435,-59.696136,-179.999481,359.966461,-134.999619,480.023682,179.999405,-47.695274,-179.999359,-0.379760,-0.021092,-0.601709,0.000919,-12.332153,0.019400,
feedback,1.168141,1786413381640,8,Ry,-50.000000,-250.000000,-12.105560,37.894440,,,360.000061,-134.999191,479.999023,179.999435,-59.696136,-179.999481,359.963837,-134.999405,480.017761,179.999420,-47.597881,-179.999374,-0.156381,-0.043139,-0.765990,-0.005059,-12.105560,-0.011497,
feedback,1.176702,1786413381648,8,Ry,-50.000000,-250.000000,-12.325286,37.674714,,,360.000061,-134.999191,479.999023,179.999435,-59.696136,-179.999481,359.965240,-134.999695,480.013580,179.999435,-47.500816,-179.999329,0.402553,0.023002,-0.582141,-0.022765,-12.325287,0.048747,
feedback,1.184683,1786413381657,8,Ry,-50.000000,-250.000000,-12.345886,37.654114,,,360.000061,-134.999191,479.999023,179.999435,-59.696136,-179.999481,359.970459,-134.999710,480.011353,179.999298,-47.402435,-179.999313,0.792947,-0.022047,-0.518512,0.004240,-12.345886,-0.021623,
feedback,1.193036,1786413381665,8,Ry,-50.000000,-250.000000,-11.892700,38.107300,,,360.000061,-134.999191,479.999023,179.999435,-59.696136,-179.999481,359.974121,-134.999405,480.010864,179.999268,-47.305866,-179.999176,0.454325,0.053687,-0.088011,0.014761,-11.892700,0.011132,
feedback,1.201055,1786413381673,8,Ry,-50.000000,-250.000000,-11.844635,38.155365,,,360.000061,-134.999191,479.999023,179.999435,-59.696136,-179.999481,359.978882,-134.999832,480.014587,179.999329,-47.211136,-179.999237,0.656822,-0.053687,0.564219,0.005414,-11.844635,0.007501,
feedback,1.209377,1786413381678,8,Ry,-50.000000,-250.000000,-11.817169,38.182831,,,360.000061,-134.999191,479.999023,179.999435,-59.696136,-179.999481,359.980957,-134.999268,480.017487,179.999298,-47.163868,-179.999146,0.527646,0.139970,0.719346,0.004686,-11.817169,0.015564,
feedback,1.217371,1786413381686,8,Ry,-50.000000,-250.000000,-11.872101,38.127899,,,360.000061,-134.999191,479.999023,179.999435,-59.696136,-179.999481,359.985718,-134.999664,480.026947,179.999329,-47.068779,-179.999207,0.683659,-0.085326,1.315152,-0.013674,-11.872101,0.017920,
feedback,1.225871,1786413381695,8,Ry,-50.000000,-250.000000,-11.762238,38.237762,,,360.000061,-134.999191,479.999023,179.999435,-59.696136,-179.999481,359.990540,-134.999619,480.030151,179.999298,-46.973804,-179.999207,0.717158,0.010546,0.492511,-0.000329,-11.762238,-0.009705,
feedback,1.233827,1786413381703,8,Ry,-50.000000,-250.000000,-11.975098,38.024902,,,360.000061,-134.999191,479.999023,179.999435,-59.696136,-179.999481,359.998138,-134.999619,480.032104,179.999313,-46.831257,-179.999207,0.622322,-0.053689,-0.222699,-0.009700,-11.975098,-0.006556,
feedback,1.242043,1786413381712,8,Ry,-50.000000,-250.000000,-12.153626,37.846374,,,360.000061,-134.999191,479.999023,179.999435,-59.696136,-179.999481,360.001068,-134.999573,480.032684,179.999084,-46.734413,-179.999115,0.295137,0.084369,0.084027,0.047649,-12.153625,-0.030588,
feedback,1.250060,1786413381720,8,Ry,-50.000000,-250.000000,-12.153626,37.846374,,,360.000061,-134.999191,479.999023,179.999435,-59.696136,-179.999481,360.002075,-134.999573,480.030914,179.999283,-46.637291,-179.999207,0.015010,0.010546,-0.280189,0.009712,-12.153625,-0.000277,
feedback,1.258506,1786413381729,8,Ry,-50.000000,-250.000000,-12.084961,37.915039,,,360.000061,-134.999191,479.999023,179.999435,-59.696136,-179.999481,359.999573,-134.999268,480.026855,179.999344,-46.540749,-179.999191,-0.457272,-0.075741,-0.674680,-0.005228,-12.084961,-0.028163,
feedback,1.266520,1786413381737,8,Ry,-50.000000,-250.000000,-12.153625,37.846375,,,360.000061,-134.999191,479.999023,179.999435,-59.696136,-179.999481,359.995453,-134.999054,480.023041,179.999252,-46.443989,-179.999100,-0.530163,-0.000001,-0.379404,0.000023,-12.153625,-0.000000,
feedback,1.274869,1786413381746,8,Ry,-50.000000,-250.000000,-12.311554,37.688446,,,360.000061,-134.999191,479.999023,179.999435,-59.696136,-179.999481,359.991211,-134.999573,480.018890,179.999237,-46.345604,-179.999130,-0.588982,-0.022050,-0.555129,0.014454,-12.311554,-0.012062,
feedback,1.283032,1786413381754,8,Ry,-50.000000,-250.000000,-12.098694,37.901306,,,360.000061,-134.999191,479.999023,179.999435,-59.696136,-179.999481,359.987762,-134.999527,480.014801,179.999237,-46.248680,-179.999176,-0.465993,-0.053688,-0.510081,-0.009703,-12.098694,-0.006655,
feedback,1.291201,1786413381762,8,Ry,-50.000000,-250.000000,-11.851501,38.148499,,,360.000061,-134.999191,479.999023,179.999435,-59.696136,-179.999481,359.983246,-134.999481,480.009338,179.999268,-46.153042,-179.999069,-0.634872,-0.010547,-1.006916,-0.009697,-11.851501,0.000195,
feedback,1.299561,1786413381771,8,Ry,-50.000000,-250.000000,-11.920166,38.079834,,,360.000061,-134.999191,479.999023,179.999435,-59.696136,-179.999481,359.980316,-134.999405,480.007324,179.999161,-46.058037,-179.999176,-0.280151,0.042184,-0.117965,0.014121,-11.920166,-0.024541,
feedback,1.307427,1786413381779,8,Ry,-50.000000,-250.000000,-11.631775,38.368225,,,360.000061,-134.999191,479.999023,179.999435,-59.696136,-179.999481,359.980164,-134.999573,480.010620,179.999237,-45.917412,-179.999146,0.025781,-0.021092,0.448007,0.000317,-11.631775,0.019419,
feedback,1.315877,1786413381788,8,Ry,-50.000000,-250.000000,-11.473846,38.526154,,,360.000061,-134.999191,479.999023,179.999435,-59.696136,-179.999481,359.980133,-134.999268,480.012634,179.999298,-45.825321,-179.999130,-0.057137,0.032595,0.147650,-0.009693,-11.473846,0.007006,
feedback,1.324593,1786413381796,8,Ry,-50.000000,-250.000000,-11.679840,38.320160,,,360.000061,-134.999191,479.999023,179.999435,-59.696136,-179.999481,359.979889,-134.998795,480.013763,179.999191,-45.732101,-179.999039,0.045356,0.139969,0.043360,0.004821,-11.679840,0.015682,
feedback,1.332628,1786413381804,8,Ry,-50.000000,-250.000000,-11.878967,38.121033,,,360.000061,-134.999191,479.999023,179.999435,-59.696136,-179.999481,359.981873,-134.999359,480.013336,179.999222,-45.637207,-179.999115,0.350331,-0.021092,-0.116482,-0.004682,-11.878967,0.014619,
feedback,1.340436,1786413381813,8,Ry,-50.000000,-250.000000,-11.782837,38.217163,,,360.000061,-134.999191,479.999023,179.999435,-59.696136,-179.999481,359.984619,-134.999741,480.011353,179.999252,-45.542503,-179.999176,0.394628,-0.150516,-0.429851,0.000184,-11.782837,-0.001179,
feedback,1.348752,1786413381821,8,Ry,-50.000000,-250.000000,-11.927032,38.072968,,,360.000061,-134.999191,479.999023,179.999435,-59.696136,-179.999481,359.988068,-134.999359,480.006531,179.999298,-45.447090,-179.999054,0.508698,0.044100,-0.655011,-0.009466,-11.927032,0.042940,
feedback,1.356955,1786413381829,8,Ry,-50.000000,-250.000000,-12.270355,37.729645,,,360.000061,-134.999191,479.999023,179.999435,-59.696136,-179.999481,359.991455,-134.999268,480.002319,179.999146,-45.349667,-179.999084,0.488961,0.031639,-0.516243,0.019373,-12.270355,-0.009829,
feedback,1.365452,1786413381834,8,Ry,-50.000000,-250.000000,-12.242889,37.757111,,,360.000061,-134.999191,479.999023,179.999435,-59.696136,-179.999481,359.992920,-134.999451,480.000824,179.999176,-45.300697,-179.999146,0.376818,-0.043142,-0.373427,-0.004875,-12.242889,-0.011696,
feedback,1.373411,1786413381842,8,Ry,-50.000000,-250.000000,-12.290954,37.709046,,,360.000061,-134.999191,479.999023,179.999435,-59.696136,-179.999481,359.996246,-134.999451,479.997467,179.999283,-45.201324,-179.999130,0.304396,0.011505,-0.291247,-0.014503,-12.290955,0.021483,
feedback,1.383144,1786413381850,8,Ry,-50.000000,-250.000000,-12.345886,37.654114,,,360.000061,-134.999191,479.999023,179.999435,-59.696136,-179.999481,359.997345,-134.999146,479.996490,179.999313,-45.102970,-179.999069,0.020676,0.022051,-0.032252,-0.014534,-12.345886,0.011748,
feedback,1.389713,1786413381859,8,Ry,-50.000000,-250.000000,-12.476349,37.523651,,,360.000061,-134.999191,479.999023,179.999435,-59.696136,-179.999481,359.998047,-134.999191,479.996185,179.999252,-45.003597,-179.999146,0.031033,0.000000,0.105968,-0.014549,-12.476349,-0.014565,
feedback,1.398495,1786413381867,8,Ry,-50.000000,-250.000000,-12.181092,37.818908,,,360.000061,-134.999191,479.999023,179.999435,-59.696136,-179.999481,359.999420,-134.999527,480.000488,179.999237,-44.856052,-179.999161,0.026784,-0.044102,0.534508,0.014633,-12.181091,-0.037973,
feedback,1.406157,1786413381876,8,Ry,-50.000000,-250.000000,-11.940766,38.059234,,,360.000061,-134.999191,479.999023,179.999435,-59.696136,-179.999481,360.000397,-134.999619,480.006409,179.999161,-44.760197,-179.999146,0.178169,-0.108338,0.762130,0.004916,-11.940765,-0.035145,
feedback,1.414977,1786413381884,8,Ry,-50.000000,-250.000000,-11.933899,38.066101,,,360.000061,-134.999191,479.999023,179.999435,-59.696136,-179.999481,360.000854,-134.999313,480.015747,179.999176,-44.664452,-179.999100,0.027970,0.053689,0.925055,0.004895,-11.933899,0.002040,
feedback,1.422503,1786413381892,8,Ry,-50.000000,-250.000000,-11.810303,38.189697,,,360.000061,-134.999191,479.999023,179.999435,-59.696136,-179.999481,360.001923,-134.999710,480.023132,179.999207,-44.569637,-179.999146,0.255633,-0.053690,0.816846,-0.004892,-11.810303,-0.002048,
feedback,1.430711,1786413381901,8,Ry,-50.000000,-250.000000,-11.721039,38.278961,,,360.000061,-134.999191,479.999023,179.999435,-59.696136,-179.999481,360.002167,-134.999451,480.028229,179.999268,-44.475677,-179.999100,-0.016133,-0.021092,0.570700,-0.000166,-11.721039,0.019420,
feedback,1.439139,1786413381909,8,Ry,-50.000000,-250.000000,-11.652374,38.347626,,,360.000061,-134.999191,479.999023,179.999435,-59.696136,-179.999481,360.001526,-134.999222,480.031097,179.999298,-44.382458,-179.999146,-0.111022,0.022051,0.344778,-0.019403,-11.652374,0.006657,
feedback,1.447941,1786413381918,8,Ry,-50.000000,-250.000000,-11.933899,38.066101,,,360.000061,-134.999191,479.999023,179.999435,-59.696136,-179.999481,360.000824,-134.999100,480.027924,179.999329,-44.287922,-179.999130,-0.177337,-0.074782,-0.537971,-0.014723,-11.933899,0.007517,
feedback,1.455561,1786413381926,8,Ry,-50.000000,-250.000000,-11.988831,38.011169,,,360.000061,-134.999191,479.999023,179.999435,-59.696136,-179.999481,360.000885,-134.999146,480.021332,179.999252,-44.191902,-179.999146,0.012422,-0.000959,-0.874361,0.019710,-11.988831,-0.026012,
feedback,1.464329,1786413381934,8,Ry,-50.000000,-250.000000,-11.954498,38.045502,,,360.000061,-134.999191,479.999023,179.999435,-59.696136,-179.999481,360.001373,-134.999405,480.015503,179.999298,-44.096703,-179.999176,0.191191,0.032597,-0.664629,-0.014476,-11.954498,0.001782,
feedback,1.471925,1786413381943,8,Ry,-50.000000,-250.000000,-11.755371,38.244629,,,360.000061,-134.999191,479.999023,179.999435,-59.696136,-179.999481,359.999908,-134.999405,480.007263,179.999283,-44.002140,-179.999146,-0.263357,0.021092,-0.970700,0.014660,-11.755371,-0.004601,
feedback,1.480563,1786413381951,8,Ry,-50.000000,-250.000000,-12.311554,37.688446,,,360.000061,-134.999191,479.999023,179.999435,-59.696136,-179.999481,359.994812,-134.999359,479.991913,179.999252,-43.856598,-179.999146,-0.425410,0.010546,-1.075920,0.000206,-12.311554,-0.009709,
feedback,1.488507,1786413381960,8,Ry,-50.000000,-250.000000,-12.146759,37.853241,,,360.000061,-134.999191,479.999023,179.999435,-59.696136,-179.999481,359.992340,-134.999222,479.986053,179.999329,-43.758984,-179.999191,-0.234456,0.086284,-0.737379,-0.014230,-12.146759,-0.001145,
feedback,1.496359,1786413381968,8,Ry,-50.000000,-250.000000,-11.933899,38.066101,,,360.000061,-134.999191,479.999023,179.999435,-59.696136,-179.999481,359.989685,-134.999313,479.982635,179.999359,-43.662964,-179.999161,-0.316877,0.054645,-0.397676,-0.010144,-11.933899,0.032922,
feedback,1.505045,1786413381976,8,Ry,-50.000000,-250.000000,-11.892700,38.107300,,,360.000061,-134.999191,479.999023,179.999435,-59.696136,-179.999481,359.987274,-134.999405,479.980896,179.999313,-43.568729,-179.999191,-0.334669,-0.011504,-0.328575,0.014937,-11.892700,-0.021064,
feedback,1.513080,1786413381985,8,Ry,-50.000000,-250.000000,-11.899567,38.100433,,,360.000061,-134.999191,479.999023,179.999435,-59.696136,-179.999481,359.987610,-134.999100,479.981720,179.999283,-43.473503,-179.999237,0.121094,0.010546,0.411402,0.000276,-11.899567,-0.009707,
feedback,1.520780,1786413381989,8,Ry,-50.000000,-250.000000,-11.714172,38.285828,,,360.000061,-134.999191,479.999023,179.999435,-59.696136,-179.999481,359.989502,-134.999481,479.984222,179.999390,-43.426647,-179.999222,0.481687,-0.095872,0.622522,-0.020203,-11.714172,0.021721,
feedback,1.529510,1786413381997,8,Ry,-50.000000,-250.000000,-11.535645,38.464355,,,360.000061,-134.999191,479.999023,179.999435,-59.696136,-179.999481,359.992523,-134.999496,479.988922,179.999313,-43.333347,-179.999298,0.480919,0.010546,0.826484,0.000288,-11.535645,-0.009707,
feedback,1.538216,1786413382006,8,Ry,-50.000000,-250.000000,-11.645508,38.354492,,,360.000061,-134.999191,479.999023,179.999435,-59.696136,-179.999481,359.995697,-134.999619,479.990540,179.999405,-43.239937,-179.999298,0.414774,0.043143,0.226187,-0.004698,-11.645508,0.001864,
feedback,1.545546,1786413382014,8,Ry,-50.000000,-250.000000,-12.009430,37.990570,,,360.000061,-134.999191,479.999023,179.999435,-59.696136,-179.999481,359.999512,-134.999527,479.991699,179.999344,-43.144600,-179.999298,0.556736,0.043143,-0.027295,0.000006,-12.009430,0.006866,
feedback,1.553911,1786413382023,8,Ry,-50.000000,-250.000000,-12.043762,37.956238,,,360.000061,-134.999191,479.999023,179.999435,-59.696136,-179.999481,360.003448,-134.999786,479.993713,179.999405,-43.048389,-179.999329,0.482125,-0.010546,0.067218,-0.009705,-12.043762,-0.000331,
feedback,1.562150,1786413382031,8,Ry,-50.000000,-250.000000,-12.064361,37.935639,,,360.000061,-134.999191,479.999023,179.999435,-59.696136,-179.999481,360.010529,-134.999008,479.990417,179.999329,-42.903973,-179.999176,0.646330,0.096836,-0.399592,0.014402,-12.064362,0.019118,
feedback,1.569573,1786413382040,8,Ry,-50.000000,-250.000000,-12.242889,37.757111,,,360.000061,-134.999191,479.999023,179.999435,-59.696136,-179.999481,360.015778,-134.999405,479.985291,179.999405,-42.806496,-179.999313,0.681101,-0.053691,-0.602716,-0.005026,-12.242889,-0.002201,
feedback,1.577808,1786413382048,8,Ry,-50.000000,-250.000000,-12.483215,37.516785,,,360.000061,-134.999191,479.999023,179.999435,-59.696136,-179.999481,360.020660,-134.999191,479.980408,179.999344,-42.706963,-179.999252,0.605477,0.032600,-0.636825,-0.009685,-12.483215,0.006478,
feedback,1.586241,1786413382056,8,Ry,-50.000000,-250.000000,-12.187958,37.812042,,,360.000061,-134.999191,479.999023,179.999435,-59.696136,-179.999481,360.022247,-134.999405,479.977509,179.999374,-42.608467,-179.999268,0.210306,0.075746,0.073190,-0.014339,-12.187958,0.008274,
feedback,1.594288,1786413382065,8,Ry,-50.000000,-250.000000,-12.332153,37.667847,,,360.000061,-134.999191,479.999023,179.999435,-59.696136,-179.999481,360.021729,-134.999222,479.976166,179.999390,-42.509537,-179.999252,0.037110,0.000000,0.005816,0.000018,-12.332153,0.000000,
feedback,1.602200,1786413382073,8,Ry,-50.000000,-250.000000,-12.345886,37.654114,,,360.000061,-134.999191,479.999023,179.999435,-59.696136,-179.999481,360.018707,-134.999619,479.978088,179.999405,-42.411125,-179.999298,-0.323682,0.000961,0.615241,-0.020273,-12.345886,0.025391,
feedback,1.610501,1786413382082,8,Ry,-50.000000,-250.000000,-12.030029,37.969971,,,360.000061,-134.999191,479.999023,179.999435,-59.696136,-179.999481,360.016541,-134.999832,479.985016,179.999435,-42.314117,-179.999329,-0.365130,-0.053691,1.235207,-0.000455,-12.030029,0.002834,
feedback,1.619415,1786413382090,8,Ry,-50.000000,-250.000000,-11.762238,38.237762,,,360.000061,-134.999191,479.999023,179.999435,-59.696136,-179.999481,360.015747,-134.999359,479.989746,179.999359,-42.219662,-179.999283,-0.039384,0.053691,0.731727,0.005096,-11.762238,0.002252,
feedback,1.626919,1786413382099,8,Ry,-50.000000,-250.000000,-11.549377,38.450623,,,360.000061,-134.999191,479.999023,179.999435,-59.696136,-179.999481,360.014252,-134.999313,479.991364,179.999329,-42.127075,-179.999283,-0.194968,0.053691,0.021435,0.014315,-11.549377,0.012446,
feedback,1.635859,1786413382103,8,Ry,-50.000000,-250.000000,-11.405182,38.594818,,,360.000061,-134.999191,479.999023,179.999435,-59.696136,-179.999481,360.014038,-134.999481,479.992432,179.999451,-42.035229,-179.999283,0.079679,0.065198,0.102992,-0.005591,-11.405182,0.028028,
feedback,1.643290,1786413382112,8,Ry,-50.000000,-250.000000,-11.851501,38.148499,,,360.000061,-134.999191,479.999023,179.999435,-59.696136,-179.999481,360.015137,-134.999054,479.995392,179.999390,-41.940170,-179.999222,0.122752,0.000000,0.394640,0.004612,-11.851501,0.005108,
feedback,1.652213,1786413382120,8,Ry,-50.000000,-250.000000,-11.762238,38.237762,,,360.000061,-134.999191,479.999023,179.999435,-59.696136,-179.999481,360.015533,-134.999146,479.996033,179.999283,-41.845688,-179.999176,0.014344,0.021092,-0.047742,0.028570,-11.762238,0.011299,
feedback,1.659471,1786413382128,8,Ry,-50.000000,-250.000000,-11.645508,38.354492,,,360.000061,-134.999191,479.999023,179.999435,-59.696136,-179.999481,360.013733,-134.999191,479.987946,179.999359,-41.752441,-179.999252,-0.257919,0.107382,-1.069735,0.014834,-11.645508,0.009711,
feedback,1.667611,1786413382137,8,Ry,-50.000000,-250.000000,-11.830902,38.169098,,,360.000061,-134.999191,479.999023,179.999435,-59.696136,-179.999481,360.010681,-134.999405,479.976959,179.999420,-41.658287,-179.999313,-0.182627,0.075743,-1.193088,-0.014247,-11.830902,0.008037,
feedback,1.675712,1786413382145,8,Ry,-50.000000,-250.000000,-12.187958,37.812042,,,360.000061,-134.999191,479.999023,179.999435,-59.696136,-179.999481,360.010681,-134.999573,479.969910,179.999420,-41.561718,-179.999344,0.263952,-0.043144,-0.580913,0.004561,-12.187958,-0.001729,
feedback,1.684644,1786413382154,8,Ry,-50.000000,-250.000000,-12.153626,37.846374,,,360.000061,-134.999191,479.999023,179.999435,-59.696136,-179.999481,360.010376,-134.999786,479.964020,179.999405,-41.464325,-179.999298,-0.074677,-0.086289,-0.776352,0.009093,-12.153625,-0.003442,
feedback,1.692372,1786413382162,8,Ry,-50.000000,-250.000000,-12.119293,37.880707,,,360.000061,-134.999191,479.999023,179.999435,-59.696136,-179.999481,360.006226,-134.999481,479.958221,179.999451,-41.367043,-179.999283,-0.599012,-0.031639,-0.791025,-0.024524,-12.119293,0.003307,
feedback,1.701069,1786413382171,8,Ry,-50.000000,-250.000000,-12.229156,37.770844,,,360.000061,-134.999191,479.999023,179.999435,-59.696136,-179.999481,360.000824,-134.999451,479.955658,179.999481,-41.269783,-179.999359,-0.577997,0.022051,-0.168755,-0.014839,-12.229156,0.010764,
feedback,1.708435,1786413382179,8,Ry,-50.000000,-250.000000,-12.332153,37.667847,,,360.000061,-134.999191,479.999023,179.999435,-59.696136,-179.999481,359.998138,-134.999573,479.959045,179.999451,-41.171265,-179.999390,-0.182303,-0.010546,0.733442,-0.009683,-12.332153,-0.000648,
feedback,1.717274,1786413382187,8,Ry,-50.000000,-250.000000,-11.899567,38.100433,,,360.000061,-134.999191,479.999023,179.999435,-59.696136,-179.999481,359.995148,-134.999359,479.972168,179.999405,-41.026878,-179.999329,-0.254010,0.010546,1.167136,0.005191,-11.899567,-0.004507,
feedback,1.725156,1786413382196,8,Ry,-50.000000,-250.000000,-11.851501,38.148499,,,360.000061,-134.999191,479.999023,179.999435,-59.696136,-179.999481,359.993256,-134.999222,479.981079,179.999435,-40.932312,-179.999298,-0.260618,-0.107377,1.121516,-0.001361,-11.851501,0.005639,
feedback,1.733803,1786413382204,8,Ry,-50.000000,-250.000000,-12.050629,37.949371,,,360.000061,-134.999191,479.999023,179.999435,-59.696136,-179.999481,359.992950,-134.999496,479.994202,179.999374,-40.836292,-179.999359,0.075832,0.021092,1.824489,0.010396,-12.050629,-0.008980,
feedback,1.741136,1786413382212,8,Ry,-50.000000,-250.000000,-11.933899,38.066101,,,360.000061,-134.999191,479.999023,179.999435,-59.696136,-179.999481,359.994049,-134.999664,480.007843,179.999420,-40.740685,-179.999451,0.196371,0.021092,1.639627,0.001442,-11.933899,-0.019368,
feedback,1.750218,1786413382221,8,Ry,-50.000000,-250.000000,-11.995697,38.004303,,,360.000061,-134.999191,479.999023,179.999435,-59.696136,-179.999481,359.994812,-134.999619,480.014008,179.999329,-40.644306,-179.999344,0.146518,0.096831,0.818599,0.014155,-11.995697,0.019680,
feedback,1.757854,1786413382229,8,Ry,-50.000000,-250.000000,-12.242889,37.757111,,,360.000061,-134.999191,479.999023,179.999435,-59.696136,-179.999481,359.996124,-134.999359,480.017914,179.999435,-40.547131,-179.999359,0.158459,0.043143,0.560884,-0.008916,-12.242889,-0.003569,
feedback,1.766482,1786413382238,8,Ry,-50.000000,-250.000000,-12.428284,37.571716,,,360.000061,-134.999191,479.999023,179.999435,-59.696136,-179.999481,359.997620,-134.999451,480.023956,179.999405,-40.448280,-179.999435,0.184740,-0.000958,1.039789,0.016453,-12.428284,-0.029911,
feedback,1.774177,1786413382246,8,Ry,-50.000000,-250.000000,-12.675476,37.324524,,,360.000061,-134.999191,479.999023,179.999435,-59.696136,-179.999481,359.998291,-134.999191,480.029297,179.999451,-40.348690,-179.999374,0.009802,0.042184,0.595402,0.016505,-12.675476,-0.023015,
feedback,1.783076,1786413382254,8,Ry,-50.000000,-250.000000,-12.407684,37.592316,,,360.000061,-134.999191,479.999023,179.999435,-59.696136,-179.999481,359.995270,-134.999191,480.032654,179.999512,-40.249676,-179.999451,-0.409499,0.010546,0.229586,0.014132,-12.407684,0.006045,
feedback,1.790354,1786413382263,8,Ry,-50.000000,-250.000000,-12.476349,37.523651,,,360.000061,-134.999191,479.999023,179.999435,-59.696136,-179.999481,359.990997,-134.999191,480.034454,179.999573,-40.150032,-179.999557,-0.540999,-0.022051,0.088303,0.010515,-12.476349,-0.015721,
feedback,1.799075,1786413382267,8,Ry,-50.000000,-250.000000,-12.387085,37.612915,,,360.000061,-134.999191,479.999023,179.999435,-59.696136,-179.999481,359.988861,-134.999268,480.034332,179.999603,-40.100483,-179.999588,-0.061499,0.010546,-0.034228,-0.004405,-12.387085,-0.005252,
feedback,1.806823,1786413382275,8,Ry,-50.000000,-250.000000,-12.187958,37.812042,,,360.000061,-134.999191,479.999023,179.999435,-59.696136,-179.999481,359.989380,-134.999359,480.036682,179.999603,-39.953045,-179.999619,0.133322,-0.021092,0.123769,-0.001697,-12.187958,0.019346,
feedback,1.815433,1786413382284,8,Ry,-50.000000,-250.000000,-11.899567,38.100433,,,360.000061,-134.999191,479.999023,179.999435,-59.696136,-179.999481,359.989838,-134.999222,480.036133,179.999649,-39.857548,-179.999634,0.076398,0.032596,-0.073806,-0.000853,-11.899567,0.016538,
feedback,1.823433,1786413382292,8,Ry,-50.000000,-250.000000,-11.473846,38.526154,,,360.000061,-134.999191,479.999023,179.999435,-59.696136,-179.999481,359.986908,-134.999191,480.035004,179.999664,-39.765205,-179.999710,-0.462092,0.064233,-0.131832,0.001788,-11.473846,-0.012474,
feedback,1.831163,1786413382301,8,Ry,-50.000000,-250.000000,-11.672974,38.327026,,,360.000061,-134.999191,479.999023,179.999435,-59.696136,-179.999481,359.985321,-134.999573,480.038361,179.999649,-39.672180,-179.999680,-0.146039,0.010546,0.512876,0.009674,-11.672974,0.000902,
feedback,1.840023,1786413382309,8,Ry,-50.000000,-250.000000,-11.851501,38.148499,,,360.000061,-134.999191,479.999023,179.999435,-59.696136,-179.999481,359.987427,-134.999527,480.040955,179.999649,-39.578712,-179.999725,0.430287,0.075737,0.146786,-0.000912,-11.851501,0.023400,
feedback,1.847879,1786413382317,8,Ry,-50.000000,-250.000000,-11.638641,38.361359,,,360.000061,-134.999191,479.999023,179.999435,-59.696136,-179.999481,359.991272,-134.999405,480.037170,179.999817,-39.485825,-179.999710,0.381603,0.000958,-0.638907,-0.025547,-11.638641,0.019032,
feedback,1.855716,1786413382326,8,Ry,-50.000000,-250.000000,-11.508179,38.491821,,,360.000061,-134.999191,479.999023,179.999435,-59.696136,-179.999481,359.991547,-134.999527,480.027283,179.999710,-39.393375,-179.999619,-0.085336,-0.128469,-1.288795,-0.008142,-11.508179,0.019617,
feedback,1.864288,1786413382334,8,Ry,-50.000000,-250.000000,-11.940765,38.059235,,,360.000061,-134.999191,479.999023,179.999435,-59.696136,-179.999481,359.990173,-134.999481,480.016541,179.999771,-39.299965,-179.999771,-0.228396,-0.161065,-1.182299,-0.024627,-11.940765,-0.018179,
feedback,1.872581,1786413382343,8,Ry,-50.000000,-250.000000,-12.084961,37.915039,,,360.000061,-134.999191,479.999023,179.999435,-59.696136,-179.999481,359.989594,-134.999710,480.011047,179.999680,-39.204216,-179.999786,-0.004288,-0.032596,-0.531574,0.005321,-12.084961,-0.011207,
feedback,1.881051,1786413382351,8,Ry,-50.000000,-250.000000,-12.064362,37.935638,,,360.000061,-134.999191,479.999023,179.999435,-59.696136,-179.999481,359.986938,-134.999191,480.002625,179.999634,-39.058594,-179.999634,-0.250002,0.031638,-0.922558,0.028993,-12.064362,0.003015,
feedback,1.889039,1786413382360,8,Ry,-50.000000,-250.000000,-12.057495,37.942505,,,360.000061,-134.999191,479.999023,179.999435,-59.696136,-179.999481,359.982513,-134.999878,479.995789,179.999695,-38.962189,-179.999847,-0.537254,-0.086282,-0.870894,-0.008641,-12.057495,-0.024411,
feedback,1.897055,1786413382368,8,Ry,-50.000000,-250.000000,-12.249756,37.750244,,,360.000061,-134.999191,479.999023,179.999435,-59.696136,-179.999481,359.980652,-134.999619,479.991211,179.999619,-38.864410,-179.999786,-0.150848,0.021092,-0.574632,-0.002233,-12.249756,-0.024656,
feedback,1.905498,1786413382376,8,Ry,-50.000000,-250.000000,-12.167358,37.832642,,,360.000061,-134.999191,479.999023,179.999435,-59.696136,-179.999481,359.981659,-134.999146,479.988678,179.999619,-38.766991,-179.999664,0.143456,0.064233,-0.132645,0.006426,-12.167358,-0.007086,
feedback,1.914580,1786413382385,8,Ry,-50.000000,-250.000000,-11.906433,38.093567,,,360.000061,-134.999191,479.999023,179.999435,-59.696136,-179.999481,359.981689,-134.999359,479.989014,179.999649,-38.671024,-179.999695,-0.040490,0.022049,0.149201,-0.006420,-11.906433,0.020808,
feedback,1.922054,1786413382393,8,Ry,-50.000000,-250.000000,-11.769104,38.230896,,,360.000061,-134.999191,479.999023,179.999435,-59.696136,-179.999481,359.982513,-134.999146,479.990875,179.999603,-38.576927,-179.999634,0.170846,0.010546,0.315009,0.009667,-11.769104,0.001086,
feedback,1.930146,1786413382402,8,Ry,-50.000000,-250.000000,-11.748505,38.251495,,,360.000061,-134.999191,479.999023,179.999435,-59.696136,-179.999481,359.984680,-134.999222,479.994019,179.999710,-38.482746,-179.999710,0.314780,-0.021092,0.398143,-0.010733,-11.748505,0.008546,
feedback,1.939537,1786413382410,8,Ry,-50.000000,-250.000000,-11.817169,38.182831,,,360.000061,-134.999191,479.999023,179.999435,-59.696136,-179.999481,359.990723,-134.999359,479.998901,179.999634,-38.387768,-179.999664,0.822241,-0.010545,0.306353,0.003157,-11.817169,0.015028,
feedback,1.946727,1786413382418,8,Ry,-50.000000,-250.000000,-11.769104,38.230896,,,360.000061,-134.999191,479.999023,179.999435,-59.696136,-179.999481,359.997406,-134.999146,480.002380,179.999634,-38.293259,-179.999680,0.750683,0.043144,0.370583,0.008527,-11.769104,0.017645,
feedback,1.954586,1786413382427,8,Ry,-50.000000,-250.000000,-11.933899,38.066101,,,360.000061,-134.999191,479.999023,179.999435,-59.696136,-179.999481,360.001038,-134.999146,480.005585,179.999680,-38.198475,-179.999741,0.402679,0.021093,0.369919,-0.001929,-11.933899,-0.024681,
feedback,1.963763,1786413382431,8,Ry,-50.000000,-250.000000,-11.927032,38.072968,,,360.000061,-134.999191,479.999023,179.999435,-59.696136,-179.999481,360.002533,-134.998978,480.006012,179.999649,-38.150764,-179.999680,0.383189,0.043144,0.105284,0.004265,-11.927032,0.012266,
feedback,1.970814,1786413382440,8,Ry,-50.000000,-250.000000,-12.524414,37.475586,,,360.000061,-134.999191,479.999023,179.999435,-59.696136,-179.999481,360.004944,-134.998886,480.011719,179.999619,-38.002094,-179.999710,0.158872,0.074782,0.573762,0.003573,-12.524414,-0.022048,
feedback,1.980226,1786413382448,8,Ry,-50.000000,-250.000000,-12.469482,37.530518,,,360.000061,-134.999191,479.999023,179.999435,-59.696136,-179.999481,360.006378,-134.998795,480.015015,179.999649,-37.903328,-179.999649,0.168064,0.108340,0.127770,-0.010806,-12.469482,0.029036,
feedback,1.988223,1786413382456,8,Ry,-50.000000,-250.000000,-12.249756,37.750244,,,360.000061,-134.999191,479.999023,179.999435,-59.696136,-179.999481,360.005707,-134.999054,480.014618,179.999680,-37.805439,-179.999649,-0.120728,0.043144,-0.154435,0.004233,-12.249756,0.012292,
feedback,1.995714,1786413382465,8,Ry,-50.000000,-250.000000,-12.339020,37.660980,,,360.000061,-134.999191,479.999023,179.999435,-59.696136,-179.999481,360.005737,-134.999191,480.012085,179.999634,-37.706837,-179.999634,-0.036215,-0.009587,-0.369348,-0.022945,-12.339020,0.033297,
feedback,2.004126,1786413382473,8,Ry,-50.000000,-250.000000,-12.332153,37.667847,,,360.000061,-134.999191,479.999023,179.999435,-59.696136,-179.999481,360.005402,-134.999054,480.009827,179.999710,-37.608562,-179.999680,0.028790,0.108339,-0.077200,-0.019236,-12.332153,0.018101,
feedback,2.011840,1786413382482,8,Ry,-50.000000,-250.000000,-12.160492,37.839508,,,360.000061,-134.999191,479.999023,179.999435,-59.696136,-179.999481,360.006012,-134.999786,480.010834,179.999680,-37.510704,-179.999695,0.104416,-0.096834,0.263721,0.002915,-12.160492,0.001342,
feedback,2.020829,1786413382490,8,Ry,-50.000000,-250.000000,-11.885834,38.114166,,,360.000061,-134.999191,479.999023,179.999435,-59.696136,-179.999481,360.007385,-134.999573,480.009918,179.999695,-37.415287,-179.999725,0.117460,-0.043144,-0.289722,0.008350,-11.885834,0.004041,
feedback,2.028517,1786413382499,8,Ry,-50.000000,-250.000000,-11.569977,38.430023,,,360.000061,-134.999191,479.999023,179.999435,-59.696136,-179.999481,360.006073,-134.999313,480.007782,179.999786,-37.322151,-179.999741,-0.155715,0.087247,-0.411483,-0.034315,-11.569977,0.020870,
feedback,2.037429,1786413382507,8,Ry,-50.000000,-250.000000,-11.446381,38.553619,,,360.000061,-134.999191,479.999023,179.999435,-59.696136,-179.999481,360.003754,-134.999664,480.010529,179.999786,-37.230305,-179.999802,-0.230718,-0.021092,0.441168,-0.023392,-11.446381,-0.008093,
feedback,2.044596,1786413382515,8,Ry,-50.000000,-250.000000,-11.858368,38.141632,,,360.000061,-134.999191,479.999023,179.999435,-59.696136,-179.999481,360.003143,-134.999405,480.013062,179.999710,-37.089542,-179.999741,0.036434,-0.053690,-0.050670,-0.013748,-11.858368,-0.013680,
feedback,2.053648,1786413382524,8,Ry,-50.000000,-250.000000,-11.714172,38.285828,,,360.000061,-134.999191,479.999023,179.999435,-59.696136,-179.999481,360.001892,-134.999268,480.012878,179.999634,-36.995663,-179.999741,-0.107229,-0.000000,-0.232121,-0.008253,-11.714172,-0.010968,
feedback,2.061059,1786413382532,8,Ry,-50.000000,-250.000000,-11.645508,38.354492,,,360.000061,-134.999191,479.999023,179.999435,-59.696136,-179.999481,360.000732,-134.999405,480.006378,179.999664,-36.901924,-179.999664,-0.308671,-0.139976,-1.152368,-0.009603,-11.645508,-0.021967,
feedback,2.070157,1786413382540,8,Ry,-50.000000,-250.000000,-11.872101,38.127899,,,360.000061,-134.999191,479.999023,179.999435,-59.696136,-179.999481,359.999023,-134.999405,479.996674,179.999695,-36.807384,-179.999710,-0.113631,0.032597,-1.303508,-0.009600,-11.872101,0.005483,
feedback,2.077635,1786413382549,8,Ry,-50.000000,-250.000000,-12.091827,37.908173,,,360.000061,-134.999191,479.999023,179.999435,-59.696136,-179.999481,360.000122,-134.999573,479.988251,179.999695,-36.711777,-179.999725,0.302312,0.000000,-1.293445,0.004110,-12.091827,0.005505,
feedback,2.085567,1786413382557,8,Ry,-50.000000,-250.000000,-12.277222,37.722778,,,360.000061,-134.999191,479.999023,179.999435,-59.696136,-179.999481,360.003021,-134.999573,479.977722,179.999695,-36.614822,-179.999741,0.316793,0.000000,-1.537162,0.000006,-12.277222,-0.000000,
feedback,2.093645,1786413382566,8,Ry,-50.000000,-250.000000,-11.988831,38.011169,,,360.000061,-134.999191,479.999023,179.999435,-59.696136,-179.999481,360.004364,-134.999878,479.963989,179.999664,-36.518059,-179.999786,0.056596,-0.043144,-1.741491,-0.004092,-11.988831,-0.012385,
feedback,2.102274,1786413382574,8,Ry,-50.000000,-250.000000,-11.940765,38.059235,,,360.000061,-134.999191,479.999023,179.999435,-59.696136,-179.999481,360.005890,-134.999527,479.951569,179.999664,-36.422176,-179.999741,0.204565,-0.043144,-1.721223,0.000006,-11.940765,-0.006866,
feedback,2.109946,1786413382582,8,Ry,-50.000000,-250.000000,-11.981964,38.018036,,,360.000061,-134.999191,479.999023,179.999435,-59.696136,-179.999481,360.009125,-134.999359,479.940277,179.999664,-36.326431,-179.999710,0.521332,0.043145,-1.250312,0.000011,-11.981964,0.006866,
feedback,2.118408,1786413382587,8,Ry,-50.000000,-250.000000,-11.995697,38.004303,,,360.000061,-134.999191,479.999023,179.999435,-59.696136,-179.999481,360.011414,-134.999237,479.938049,179.999588,-36.278450,-179.999710,0.575988,0.031639,-0.554280,0.016618,-11.995697,-0.012189,
feedback,2.126433,1786413382595,8,Ry,-50.000000,-250.000000,-11.727905,38.272095,,,360.000061,-134.999191,479.999023,179.999435,-59.696136,-179.999481,360.015411,-134.999100,479.940369,179.999634,-36.136890,-179.999710,0.181558,0.043145,0.407370,-0.008082,-11.727905,-0.004224,
feedback,2.135500,1786413382603,8,Ry,-50.000000,-250.000000,-11.734772,38.265228,,,360.000061,-134.999191,479.999023,179.999435,-59.696136,-179.999481,360.013641,-134.999100,479.946106,179.999634,-36.042957,-179.999710,-0.268193,-0.022053,0.826422,0.007081,-11.734772,-0.020499,
feedback,2.142734,1786413382612,8,Ry,-50.000000,-250.000000,-11.899567,38.100433,,,360.000061,-134.999191,479.999023,179.999435,-59.696136,-179.999481,360.010223,-134.999268,479.956665,179.999649,-35.948418,-179.999771,-0.352481,-0.053691,1.362776,-0.009578,-11.899567,-0.008394,
feedback,2.151153,1786413382620,8,Ry,-50.000000,-250.000000,-12.249756,37.750244,,,360.000061,-134.999191,479.999023,179.999435,-59.696136,-179.999481,360.009460,-134.998840,479.968994,179.999542,-35.851299,-179.999619,0.020668,0.074783,1.627100,0.024763,-12.249756,0.005933,
feedback,2.159145,1786413382629,8,Ry,-50.000000,-250.000000,-12.126160,37.873840,,,360.000061,-134.999191,479.999023,179.999435,-59.696136,-179.999481,360.011841,-134.999237,479.977478,179.999603,-35.754265,-179.999741,0.375616,0.053691,1.010778,0.005584,-12.126160,0.002854,
feedback,2.168520,1786413382637,8,Ry,-50.000000,-250.000000,-12.160492,37.839508,,,360.000061,-134.999191,479.999023,179.999435,-59.696136,-179.999481,360.011414,-134.999313,479.983704,179.999649,-35.656815,-179.999710,-0.012919,0.086289,0.370809,-0.007994,-12.160492,0.002575,
feedback,2.175430,1786413382645,8,Ry,-50.000000,-250.000000,-12.187958,37.812042,,,360.000061,-134.999191,479.999023,179.999435,-59.696136,-179.999481,360.009583,-134.999527,479.989197,179.999695,-35.558434,-179.999771,-0.216067,-0.086289,0.670119,0.000006,-12.187958,-0.013733,
feedback,2.184507,1786413382654,8,Ry,-50.000000,-250.000000,-12.387085,37.612915,,,360.000061,-134.999191,479.999023,179.999435,-59.696136,-179.999481,360.009705,-134.999268,479.989624,179.999619,-35.458897,-179.999710,0.147521,-0.010546,0.128950,-0.001598,-12.387085,0.009576,
feedback,2.191733,1786413382663,8,Ry,-50.000000,-250.000000,-12.462616,37.537384,,,360.000061,-134.999191,479.999023,179.999435,-59.696136,-179.999481,360.014557,-134.999008,479.988373,179.999634,-35.358948,-179.999588,0.807213,0.151489,-0.330442,-0.007202,-12.462616,0.041013,
feedback,2.200101,1786413382671,8,Ry,-50.000000,-250.000000,-12.263489,37.736511,,,360.000061,-134.999191,479.999023,179.999435,-59.696136,-179.999481,360.017670,-134.999573,479.985596,179.999664,-35.260674,-179.999664,0.286847,0.010546,-0.205236,0.013541,-12.263489,0.007249,
feedback,2.208035,1786413382680,8,Ry,-50.000000,-250.000000,-12.181091,37.818909,,,360.000061,-134.999191,479.999023,179.999435,-59.696136,-179.999481,360.017609,-134.999054,479.984558,179.999695,-35.114063,-179.999649,-0.145382,-0.010546,0.064010,-0.009543,-12.181091,-0.001667,
feedback,2.216378,1786413382688,8,Ry,-50.000000,-250.000000,-12.002563,37.997437,,,360.000061,-134.999191,479.999023,179.999435,-59.696136,-179.999481,360.015350,-134.999664,479.989258,179.999634,-35.017464,-179.999725,-0.299124,-0.117928,0.837371,-0.005050,-12.002563,0.014958,
feedback,2.224742,1786413382697,8,Ry,-50.000000,-250.000000,-11.885834,38.114166,,,360.000061,-134.999191,479.999023,179.999435,-59.696136,-179.999481,360.014526,-134.999451,479.999542,179.999619,-34.922188,-179.999741,-0.018630,-0.032599,1.412374,0.009567,-11.885834,-0.005167,
feedback,2.232869,1786413382701,8,Ry,-50.000000,-250.000000,-11.830902,38.169098,,,360.000061,-134.999191,479.999023,179.999435,-59.696136,-179.999481,360.013977,-134.999237,480.004517,179.999573,-34.874863,-179.999680,-0.129072,0.053691,1.243657,0.009571,-11.830902,0.008574,
feedback,2.241044,1786413382710,8,Ry,-50.000000,-250.000000,-11.672974,38.327026,,,360.000061,-134.999191,479.999023,179.999435,-59.696136,-179.999481,360.012177,-134.999313,480.013123,179.999649,-34.781178,-179.999710,-0.321491,-0.010546,0.922772,-0.005628,-11.672974,0.003917,
feedback,2.249304,1786413382718,8,Ry,-50.000000,-250.000000,-11.782837,38.217163,,,360.000061,-134.999191,479.999023,179.999435,-59.696136,-179.999481,360.006042,-134.999237,480.019012,179.999573,-34.687160,-179.999680,-0.838101,0.021091,0.464352,0.015211,-11.782837,-0.002169,
feedback,2.257479,1786413382727,8,Ry,-50.000000,-250.000000,-11.954498,38.045502,,,360.000061,-134.999191,479.999023,179.999435,-59.696136,-179.999481,360.000427,-134.999451,480.022644,179.999603,-34.592186,-179.999710,-0.674450,-0.065195,0.473468,0.011311,-11.954498,-0.021530,
feedback,2.265479,1786413382735,8,Ry,-50.000000,-250.000000,-11.830902,38.169098,,,360.000061,-134.999191,479.999023,179.999435,-59.696136,-179.999481,359.995911,-134.999664,480.027313,179.999664,-34.448402,-179.999802,-0.283008,-0.032597,0.168622,-0.002106,-11.830902,-0.022075,
feedback,2.273654,1786413382744,8,Ry,-50.000000,-250.000000,-12.126160,37.873840,,,360.000061,-134.999191,479.999023,179.999435,-59.696136,-179.999481,359.993500,-134.999054,480.026367,179.999573,-34.350624,-179.999649,-0.295893,0.022050,-0.311308,-0.011320,-12.126160,0.014615,
feedback,2.281813,1786413382752,8,Ry,-50.000000,-250.000000,-11.885834,38.114166,,,360.000061,-134.999191,479.999023,179.999435,-59.696136,-179.999481,359.987854,-134.999786,480.022034,179.999710,-34.254574,-179.999741,-0.776194,-0.064234,-0.625900,-0.011351,-11.885834,0.000863,
feedback,2.290125,1786413382760,8,Ry,-50.000000,-250.000000,-12.050629,37.949371,,,360.000061,-134.999191,479.999023,179.999435,-59.696136,-179.999481,359.982056,-134.999451,480.013367,179.999603,-34.157291,-179.999710,-0.674590,-0.096829,-0.997202,-0.005676,-12.050629,-0.009878,
feedback,2.298125,1786413382769,8,Ry,-50.000000,-250.000000,-11.988830,38.011170,,,360.000061,-134.999191,479.999023,179.999435,-59.696136,-179.999481,359.980804,-134.999527,480.006500,179.999695,-34.060665,-179.999771,0.100684,0.000956,-0.821455,-0.030440,-11.988831,0.010872,
feedback,2.306503,1786413382777,8,Ry,-50.000000,-250.000000,-11.995697,38.004303,,,360.000061,-134.999191,479.999023,179.999435,-59.696136,-179.999481,359.983215,-134.999313,480.001862,179.999649,-33.963600,-179.999710,0.322050,0.074780,-0.270344,0.020933,-11.995697,0.001053,
feedback,2.314602,1786413382786,8,Ry,-50.000000,-250.000000,-11.727905,38.272095,,,360.000061,-134.999191,479.999023,179.999435,-59.696136,-179.999481,359.984680,-134.999146,479.995728,179.999664,-33.868542,-179.999725,0.062643,-0.053687,-0.729745,-0.013338,-11.727905,-0.014443,
feedback,2.323123,1786413382794,8,Ry,-50.000000,-250.000000,-11.508179,38.491821,,,360.000061,-134.999191,479.999023,179.999435,-59.696136,-179.999481,359.982819,-134.999146,479.995789,179.999664,-33.775543,-179.999725,-0.292292,-0.031639,-0.253886,-0.024741,-11.508179,0.000037,
feedback,2.330993,1786413382802,8,Ry,-50.000000,-250.000000,-11.659241,38.340759,,,360.000061,-134.999191,479.999023,179.999435,-59.696136,-179.999481,359.980499,-134.999664,479.999207,179.999664,-33.682133,-179.999802,-0.072263,-0.085325,0.232964,-0.026663,-11.659241,0.002652,
feedback,2.339142,1786413382811,8,Ry,-50.000000,-250.000000,-11.693573,38.306427,,,360.000061,-134.999191,479.999023,179.999435,-59.696136,-179.999481,359.982819,-134.999405,480.002686,179.999619,-33.588585,-179.999771,0.432476,0.000000,0.474653,-0.003793,-11.693573,-0.005720,
feedback,2.347356,1786413382819,8,Ry,-50.000000,-250.000000,-11.899567,38.100433,,,360.000061,-134.999191,479.999023,179.999435,-59.696136,-179.999481,359.987579,-134.999451,480.007721,179.999649,-33.446117,-179.999771,0.233248,0.000000,0.323913,-0.003779,-11.899567,-0.005729,
feedback,2.356045,1786413382828,8,Ry,-50.000000,-250.000000,-12.036896,37.963104,,,360.000061,-134.999191,479.999023,179.999435,-59.696136,-179.999481,359.986420,-134.999359,480.008881,179.999573,-33.350426,-179.999741,-0.238130,0.064234,0.140698,0.011477,-12.036896,-0.000683,
feedback,2.363717,1786413382836,8,Ry,-50.000000,-250.000000,-12.112427,37.887573,,,360.000061,-134.999191,479.999023,179.999435,-59.696136,-179.999481,359.984375,-134.999146,480.009094,179.999649,-33.253693,-179.999695,-0.223000,0.032595,0.011540,-0.009490,-12.112427,0.004890,
feedback,2.372056,1786413382844,8,Ry,-50.000000,-250.000000,-12.393951,37.606049,,,360.000061,-134.999191,479.999023,179.999435,-59.696136,-179.999481,359.985413,-134.999283,480.009735,179.999649,-33.155449,-179.999741,0.254395,0.000000,0.430834,-0.003743,-12.393951,-0.005749,
feedback,2.380226,1786413382849,8,Ry,-50.000000,-250.000000,-12.462616,37.537384,,,360.000061,-134.999191,479.999023,179.999435,-59.696136,-179.999481,359.986694,-134.999100,480.009949,179.999603,-33.105598,-179.999649,0.333703,0.043142,0.058908,0.007519,-12.462616,0.018370,
feedback,2.388259,1786413382857,8,Ry,-50.000000,-250.000000,-12.414551,37.585449,,,360.000061,-134.999191,479.999023,179.999435,-59.696136,-179.999481,359.992188,-134.998886,480.006592,179.999603,-33.006664,-179.999664,0.731612,0.085328,-0.813617,0.026797,-12.414551,-0.002337,
feedback,2.396378,1786413382865,8,Ry,-50.000000,-250.000000,-12.318420,37.681580,,,360.000061,-134.999191,479.999023,179.999435,-59.696136,-179.999481,359.994598,-134.999405,480.003143,179.999603,-32.908257,-179.999741,0.236457,-0.011504,-0.376874,0.021030,-12.318420,-0.012293,
feedback,2.404665,1786413382874,8,Ry,-50.000000,-250.000000,-12.236023,37.763977,,,360.000061,-134.999191,479.999023,179.999435,-59.696136,-179.999481,359.996124,-134.999313,480.000916,179.999649,-32.810066,-179.999710,0.122082,-0.053689,-0.124595,-0.005759,-12.236023,-0.003146,
feedback,2.413209,1786413382882,8,Ry,-50.000000,-250.000000,-11.975098,38.024902,,,360.000061,-134.999191,479.999023,179.999435,-59.696136,-179.999481,359.998718,-134.999710,479.999908,179.999664,-32.713276,-179.999741,0.431954,-0.053689,-0.149792,0.001644,-11.975098,0.008399,
feedback,2.420729,1786413382891,8,Ry,-50.000000,-250.000000,-11.920166,38.079834,,,360.000061,-134.999191,479.999023,179.999435,-59.696136,-179.999481,360.003571,-134.999191,480.004822,179.999588,-32.617226,-179.999756,0.549404,0.053690,0.497817,0.002094,-11.920166,-0.002618,
feedback,2.429375,1786413382899,8,Ry,-50.000000,-250.000000,-11.803436,38.196564,,,360.000061,-134.999191,479.999023,179.999435,-59.696136,-179.999481,360.006012,-134.999527,480.013245,179.999710,-32.522003,-179.999771,0.231199,0.096834,0.955312,0.005795,-11.803436,0.010041,
feedback,2.437396,1786413382907,8,Ry,-50.000000,-250.000000,-11.892700,38.107300,,,360.000061,-134.999191,479.999023,179.999435,-59.696136,-179.999481,360.005188,-134.999054,480.022736,179.999603,-32.380581,-179.999695,-0.112322,0.096834,1.003650,0.002139,-11.892700,0.004257,
feedback,2.445878,1786413382916,8,Ry,-50.000000,-250.000000,-11.878967,38.121033,,,360.000061,-134.999191,479.999023,179.999435,-59.696136,-179.999481,360.005341,-134.999191,480.027924,179.999588,-32.285851,-179.999756,0.037346,-0.032598,0.642345,0.005816,-11.878967,-0.010534,
feedback,2.453887,1786413382924,8,Ry,-50.000000,-250.000000,-12.036896,37.963104,,,360.000061,-134.999191,479.999023,179.999435,-59.696136,-179.999481,360.005951,-134.999146,480.031189,179.999664,-32.190052,-179.999695,0.193520,-0.021092,0.329667,-0.007947,-12.036896,0.013127,
feedback,2.462158,1786413382932,8,Ry,-50.000000,-250.000000,-12.091827,37.908173,,,360.000061,-134.999191,479.999023,179.999435,-59.696136,-179.999481,360.008301,-134.999268,480.029572,179.999634,-32.093262,-179.999725,0.273179,-0.096834,-0.374561,-0.005806,-12.091827,-0.010085,
feedback,2.470725,1786413382941,8,Ry,-50.000000,-250.000000,-11.954498,38.045502,,,360.000061,-134.999191,479.999023,179.999435,-59.696136,-179.999481,360.007996,-134.999054,480.024109,179.999588,-31.997295,-179.999664,-0.175830,0.043144,-0.839476,0.007294,-11.954498,0.018513,
feedback,2.479179,1786413382949,8,Ry,-50.000000,-250.000000,-12.043762,37.956238,,,360.000061,-134.999191,479.999023,179.999435,-59.696136,-179.999481,360.005920,-134.999329,480.018188,179.999573,-31.900700,-179.999771,-0.283120,0.010546,-0.896056,-0.001422,-12.043762,-0.015287,
feedback,2.486872,1786413382958,8,Ry,-50.000000,-250.000000,-12.105560,37.894440,,,360.000061,-134.999191,479.999023,179.999435,-59.696136,-179.999481,360.003296,-134.999283,480.010071,179.999527,-31.803772,-179.999741,-0.234619,0.063277,-1.049679,0.038638,-12.105560,-0.015877,
feedback,2.494715,1786413382966,8,Ry,-50.000000,-250.000000,-12.277222,37.722778,,,360.000061,-134.999191,479.999023,179.999435,-59.696136,-179.999481,360.001373,-134.999268,480.005341,179.999649,-31.705774,-179.999756,-0.264975,0.022051,-0.448448,-0.015280,-12.277222,0.008242,
feedback,2.503438,1786413382974,8,Ry,-50.000000,-250.000000,-12.153626,37.846374,,,360.000061,-134.999191,479.999023,179.999435,-59.696136,-179.999481,359.998779,-134.999542,480.003967,179.999619,-31.607996,-179.999832,-0.340746,-0.032597,-0.136255,0.002249,-12.153625,-0.016313,
feedback,2.510718,1786413382983,8,Ry,-50.000000,-250.000000,-11.824036,38.175964,,,360.000061,-134.999191,479.999023,179.999435,-59.696136,-179.999481,359.996582,-134.999054,480.005341,179.999603,-31.512991,-179.999695,-0.187161,0.086285,0.070518,0.000017,-11.824036,0.013733,
feedback,2.519586,1786413382991,8,Ry,-50.000000,-250.000000,-11.624908,38.375092,,,360.000061,-134.999191,479.999023,179.999435,-59.696136,-179.999481,359.995178,-134.999054,480.004517,179.999603,-31.419306,-179.999695,-0.207468,-0.010546,-0.127686,-0.005843,-11.624908,0.003579,
feedback,2.527110,1786413383000,8,Ry,-50.000000,-250.000000,-11.398315,38.601685,,,360.000061,-134.999191,479.999023,179.999435,-59.696136,-179.999481,359.991638,-134.999191,480.001221,179.999557,-31.282223,-179.999695,-0.175657,-0.000000,-0.214391,0.000011,-11.398315,-0.000000,
feedback,2.536028,1786413383004,8,Ry,-50.000000,-250.000000,-11.535645,38.464355,,,360.000061,-134.999191,479.999023,179.999435,-59.696136,-179.999481,359.991669,-134.999405,480.000366,179.999603,-31.236080,-179.999741,0.013917,-0.053688,-0.211785,-0.009426,-11.535645,-0.009177,
feedback,2.543578,1786413383012,8,Ry,-50.000000,-250.000000,-11.906433,38.093567,,,360.000061,-134.999191,479.999023,179.999435,-59.696136,-179.999481,359.991577,-134.999237,480.002167,179.999603,-31.142284,-179.999725,0.058905,0.064234,0.087222,0.015316,-11.906433,0.005641,
feedback,2.553105,1786413383021,8,Ry,-50.000000,-250.000000,-11.817169,38.182831,,,360.000061,-134.999191,479.999023,179.999435,-59.696136,-179.999481,359.993286,-134.999542,480.000427,179.999542,-31.047638,-179.999710,0.196370,-0.065193,-0.388892,0.022390,-11.817169,-0.003167,
feedback,2.560014,1786413383029,8,Ry,-50.000000,-250.000000,-11.858368,38.141632,,,360.000061,-134.999191,479.999023,179.999435,-59.696136,-179.999481,359.995392,-134.999664,479.993774,179.999649,-30.953045,-179.999741,0.184443,0.011504,-0.828735,-0.010602,-11.858368,0.029239,
feedback,2.569382,1786413383038,8,Ry,-50.000000,-250.000000,-11.824036,38.175964,,,360.000061,-134.999191,479.999023,179.999435,-59.696136,-179.999481,359.994446,-134.999359,479.985291,179.999710,-30.858206,-179.999756,-0.292769,0.118881,-0.880427,-0.012927,-11.824036,0.012332,
feedback,2.576302,1786413383046,8,Ry,-50.000000,-250.000000,-12.194824,37.805176,,,360.000061,-134.999191,479.999023,179.999435,-59.696136,-179.999481,359.990356,-134.999451,479.981842,179.999634,-30.761499,-179.999756,-0.616397,0.021092,-0.418752,0.015319,-12.194824,-0.001124,
feedback,2.585624,1786413383054,8,Ry,-50.000000,-250.000000,-12.524414,37.475586,,,360.000061,-134.999191,479.999023,179.999435,-59.696136,-179.999481,359.988251,-134.999405,479.980133,179.999619,-30.661661,-179.999756,-0.376435,-0.032596,-0.013062,0.005912,-12.524414,-0.010368,
feedback,2.592668,1786413383063,8,Ry,-50.000000,-250.000000,-12.325287,37.674713,,,360.000061,-134.999191,479.999023,179.999435,-59.696136,-179.999481,359.987701,-134.999100,479.981537,179.999634,-30.562536,-179.999695,0.081850,0.054645,-0.032049,-0.017720,-12.325287,0.024207,
feedback,2.601899,1786413383071,8,Ry,-50.000000,-250.000000,-12.098694,37.901306,,,360.000061,-134.999191,479.999023,179.999435,-59.696136,-179.999481,359.990601,-134.999313,479.976624,179.999664,-30.416611,-179.999725,0.306638,-0.074780,-0.293829,-0.017753,-12.098694,0.003563,
feedback,2.609015,1786413383080,8,Ry,-50.000000,-250.000000,-11.920166,38.079834,,,360.000061,-134.999191,479.999023,179.999435,-59.696136,-179.999481,359.989532,-134.999146,479.978119,179.999573,-30.320974,-179.999756,-0.231028,-0.054646,0.276808,0.014327,-11.920166,-0.030060,
feedback,2.618047,1786413383088,8,Ry,-50.000000,-250.000000,-11.872101,38.127899,,,360.000061,-134.999191,479.999023,179.999435,-59.696136,-179.999481,359.989410,-134.999237,479.983704,179.999634,-30.226053,-179.999756,0.061970,0.000000,0.718032,0.000011,-11.872101,-0.000000,
feedback,2.625153,1786413383096,8,Ry,-50.000000,-250.000000,-11.940765,38.059235,,,360.000061,-134.999191,479.999023,179.999435,-59.696136,-179.999481,359.991150,-134.999100,479.993835,179.999542,-30.130718,-179.999756,0.281974,0.107377,1.488549,0.008442,-11.940765,0.000901,
feedback,2.633830,1786413383105,8,Ry,-50.000000,-250.000000,-11.947632,38.052368,,,360.000061,-134.999191,479.999023,179.999435,-59.696136,-179.999481,359.992004,-134.999573,480.005280,179.999619,-30.035385,-179.999771,0.000574,-0.043142,1.404403,0.006874,-11.947632,0.005022,
feedback,2.641503,1786413383113,8,Ry,-50.000000,-250.000000,-12.078094,37.921906,,,360.000061,-134.999191,479.999023,179.999435,-59.696136,-179.999481,359.990662,-134.998932,480.013855,179.999664,-29.939144,-179.999695,-0.267342,0.194618,1.092948,-0.011877,-12.078094,0.041186,
feedback,2.650994,1786413383122,8,Ry,-50.000000,-250.000000,-12.139893,37.860107,,,360.000061,-134.999191,479.999023,179.999435,-59.696136,-179.999481,359.988159,-134.999191,480.020416,179.999588,-29.842548,-179.999725,-0.284923,-0.032596,0.705933,0.005968,-12.139893,-0.010283,
feedback,2.659216,1786413383130,8,Ry,-50.000000,-250.000000,-12.229156,37.770844,,,360.000061,-134.999191,479.999023,179.999435,-59.696136,-179.999481,359.987671,-134.999023,480.024323,179.999588,-29.745235,-179.999695,0.041540,0.043142,0.444665,0.000018,-12.229156,0.006866,
feedback,2.667350,1786413383139,8,Ry,-50.000000,-250.000000,-12.606811,37.393189,,,360.000061,-134.999191,479.999023,179.999435,-59.696136,-179.999481,359.989868,-134.999100,480.027161,179.999634,-29.646717,-179.999664,0.431622,0.096831,0.236948,0.005986,-12.606812,0.010336,
feedback,2.675448,1786413383147,8,Ry,-50.000000,-250.000000,-12.448883,37.551117,,,360.000061,-134.999191,479.999023,179.999435,-59.696136,-179.999481,359.991943,-134.999146,480.028473,179.999649,-29.547428,-179.999664,0.170029,-0.074780,-0.029266,-0.011130,-12.448883,0.015239,
feedback,2.684895,1786413383155,8,Ry,-50.000000,-250.000000,-12.215424,37.784576,,,360.000061,-134.999191,479.999023,179.999435,-59.696136,-179.999481,359.991791,-134.999023,480.024780,179.999573,-29.399662,-179.999664,-0.138203,-0.053689,-0.400481,-0.005965,-12.215424,-0.003496,
feedback,2.691838,1786413383164,8,Ry,-50.000000,-250.000000,-12.284088,37.715912,,,360.000061,-134.999191,479.999023,179.999435,-59.696136,-179.999481,359.989990,-134.999191,480.026215,179.999557,-29.301662,-179.999664,-0.197179,-0.000000,0.471528,0.010093,-12.284088,0.017964,
feedback,2.700666,1786413383172,8,Ry,-50.000000,-250.000000,-12.050629,37.949371,,,360.000061,-134.999191,479.999023,179.999435,-59.696136,-179.999481,359.987091,-134.999664,480.032013,179.999542,-29.204380,-179.999771,-0.345335,0.031639,0.876952,0.021325,-12.050629,-0.004057,
feedback,2.708223,1786413383181,8,Ry,-50.000000,-250.000000,-11.947632,38.052368,,,360.000061,-134.999191,479.999023,179.999435,-59.696136,-179.999481,359.983582,-134.999573,480.042877,179.999588,-29.107370,-179.999710,-0.308807,-0.000000,1.439204,0.003340,-11.947632,0.005999,
feedback,2.717013,1786413383185,8,Ry,-50.000000,-250.000000,-11.892700,38.107300,,,360.000061,-134.999191,479.999023,179.999435,-59.696136,-179.999481,359.983063,-134.999496,480.047607,179.999695,-29.059799,-179.999786,-0.119233,0.022049,1.181917,-0.022004,-11.892700,-0.004469,
feedback,2.724713,1786413383193,8,Ry,-50.000000,-250.000000,-11.624909,38.375091,,,360.000061,-134.999191,479.999023,179.999435,-59.696136,-179.999481,359.983612,-134.999329,480.052063,179.999542,-28.966059,-179.999725,0.122765,-0.000957,0.337304,0.024036,-11.624908,-0.020168,
feedback,2.732725,1786413383202,8,Ry,-50.000000,-250.000000,-11.590576,38.409424,,,360.000061,-134.999191,479.999023,179.999435,-59.696136,-179.999481,359.984344,-134.999237,480.051910,179.999634,-28.873554,-179.999756,0.004593,0.010546,-0.097900,-0.007239,-11.590576,-0.027367,
feedback,2.740726,1786413383210,8,Ry,-50.000000,-250.000000,-11.611176,38.388824,,,360.000061,-134.999191,479.999023,179.999435,-59.696136,-179.999481,359.984192,-134.999313,480.045654,179.999664,-28.780884,-179.999695,-0.086470,-0.022049,-0.872398,0.015354,-11.611176,-0.007460,
feedback,2.749661,1786413383219,8,Ry,-50.000000,-250.000000,-11.762238,38.237762,,,360.000061,-134.999191,479.999023,179.999435,-59.696136,-179.999481,359.984467,-134.999496,480.037750,179.999664,-28.687033,-179.999725,0.138481,-0.053687,-1.109287,-0.006018,-11.762238,-0.003570,
feedback,2.757483,1786413383227,8,Ry,-50.000000,-250.000000,-11.810303,38.189697,,,360.000061,-134.999191,479.999023,179.999435,-59.696136,-179.999481,359.988342,-134.999054,480.027313,179.999634,-28.592661,-179.999725,0.659835,0.096831,-1.453157,0.002760,-11.810303,0.004418,
feedback,2.766144,1786413383235,8,Ry,-50.000000,-250.000000,-12.105560,37.894440,,,360.000061,-134.999191,479.999023,179.999435,-59.696136,-179.999481,359.994354,-134.999542,480.011963,179.999573,-28.448162,-179.999756,0.302817,-0.032596,-1.113098,0.009308,-12.105560,-0.004100,
feedback,2.773688,1786413383244,8,Ry,-50.000000,-250.000000,-12.126160,37.873840,,,360.000061,-134.999191,479.999023,179.999435,-59.696136,-179.999481,359.994110,-134.999451,480.004944,179.999634,-28.350824,-179.999725,-0.152338,-0.000000,-0.746879,0.003266,-12.126160,0.006043,
feedback,2.782458,1786413383252,8,Ry,-50.000000,-250.000000,-12.057495,37.942505,,,360.000061,-134.999191,479.999023,179.999435,-59.696136,-179.999481,359.991119,-134.999496,479.997620,179.999588,-28.254063,-179.999817,-0.410430,-0.107377,-1.048263,-0.021848,-12.057495,-0.025377,
feedback,2.790043,1786413383260,8,Ry,-50.000000,-250.000000,-11.947632,38.052368,,,360.000061,-134.999191,479.999023,179.999435,-59.696136,-179.999481,359.987457,-134.999191,479.988464,179.999573,-28.158756,-179.999695,-0.382731,0.053687,-1.494878,0.009306,-11.947632,0.009680,
feedback,2.798711,1786413383269,8,Ry,-50.000000,-250.000000,-11.851501,38.148499,,,360.000061,-134.999191,479.999023,179.999435,-59.696136,-179.999481,359.986633,-134.999023,479.980408,179.999588,-28.064713,-179.999664,-0.002148,0.044099,-0.646247,-0.020989,-11.851501,0.032714,
feedback,2.806830,1786413383277,8,Ry,-50.000000,-250.000000,-11.638641,38.361359,,,360.000061,-134.999191,479.999023,179.999435,-59.696136,-179.999481,359.988342,-134.999054,479.979279,179.999603,-27.971191,-179.999664,0.286745,0.043142,0.115009,-0.003204,-11.638641,0.000802,
feedback,2.815151,1786413383286,8,Ry,-50.000000,-250.000000,-11.741638,38.258362,,,360.000061,-134.999191,479.999023,179.999435,-59.696136,-179.999481,359.991272,-134.999146,479.981873,179.999649,-27.877588,-179.999634,0.455908,-0.043141,0.315421,0.000017,-11.741638,-0.006866,
feedback,2.822737,1786413383294,8,Ry,-50.000000,-250.000000,-11.659241,38.340759,,,360.000061,-134.999191,479.999023,179.999435,-59.696136,-179.999481,359.994720,-134.999023,479.981354,179.999603,-27.784479,-179.999695,0.485237,0.064235,-0.163737,0.012166,-11.659241,0.000465,
feedback,2.830730,1786413383302,8,Ry,-50.000000,-250.000000,-11.741638,38.258362,,,360.000061,-134.999191,479.999023,179.999435,-59.696136,-179.999481,359.993958,-134.999573,479.980927,179.999634,-27.691067,-179.999817,-0.258204,-0.075739,0.042399,0.002889,-11.741638,-0.023004,
feedback,2.839019,1786413383311,8,Ry,-50.000000,-250.000000,-11.865234,38.134766,,,360.000061,-134.999191,479.999023,179.999435,-59.696136,-179.999481,359.990753,-134.999329,479.981232,179.999573,-27.596447,-179.999756,-0.596634,0.010546,0.196494,0.006091,-11.865234,-0.003181,
feedback,2.847727,1786413383319,8,Ry,-50.000000,-250.000000,-12.139893,37.860107,,,360.000061,-134.999191,479.999023,179.999435,-59.696136,-179.999481,359.988617,-134.999191,479.983093,179.999588,-27.451153,-179.999695,0.159258,0.128468,-0.052330,0.033881,-12.139893,0.019351,
feedback,2.856018,1786413383328,8,Ry,-50.000000,-250.000000,-12.339020,37.660980,,,360.000061,-134.999191,479.999023,179.999435,-59.696136,-179.999481,359.990967,-134.999191,479.983002,179.999619,-27.352716,-179.999756,0.535144,0.064235,-0.263662,0.009054,-12.339020,-0.005542,
feedback,2.864229,1786413383332,8,Ry,-50.000000,-250.000000,-12.297821,37.702179,,,360.000061,-134.999191,479.999023,179.999435,-59.696136,-179.999481,359.992981,-134.999100,479.980682,179.999634,-27.303524,-179.999664,0.514500,0.022051,-0.579090,-0.005886,-12.297821,0.025369,
feedback,2.872197,1786413383340,8,Ry,-50.000000,-250.000000,-12.222290,37.777710,,,360.000061,-134.999191,479.999023,179.999435,-59.696136,-179.999481,359.995789,-134.999146,479.976166,179.999557,-27.205774,-179.999695,0.249651,-0.065193,-0.475224,0.015365,-12.222290,-0.013905,
feedback,2.880629,1786413383349,8,Ry,-50.000000,-250.000000,-12.098694,37.901306,,,360.000061,-134.999191,479.999023,179.999435,-59.696136,-179.999481,359.996124,-134.999237,479.971985,179.999634,-27.108326,-179.999756,-0.039959,-0.075739,-0.263849,0.002995,-12.098694,-0.022974,
feedback,2.888933,1786413383358,8,Ry,-50.000000,-250.000000,-12.153626,37.846374,,,360.000061,-134.999191,479.999023,179.999435,-59.696136,-179.999481,359.997040,-134.999054,479.967377,179.999634,-27.010244,-179.999695,-0.027776,-0.043143,-0.273549,0.000017,-12.153625,-0.006866,
feedback,2.896522,1786413383367,8,Ry,-50.000000,-250.000000,-12.112427,37.887573,,,360.000061,-134.999191,479.999023,179.999435,-59.696136,-179.999481,359.996918,-134.999451,479.973022,179.999634,-26.912907,-179.999725,-0.067167,-0.096832,0.914651,-0.009225,-12.112427,-0.016748,
feedback,2.905960,1786413383375,8,Ry,-50.000000,-250.000000,-11.920166,38.079834,,,360.000061,-134.999191,479.999023,179.999435,-59.696136,-179.999481,359.998566,-134.999451,479.989380,179.999557,-26.768436,-179.999817,0.139497,-0.032597,1.171890,0.006131,-11.920166,-0.009959,
feedback,2.912987,1786413383384,8,Ry,-50.000000,-250.000000,-11.755371,38.244629,,,360.000061,-134.999191,479.999023,179.999435,-59.696136,-179.999481,359.999176,-134.999573,479.998199,179.999634,-26.673624,-179.999786,0.112820,0.043143,0.827023,-0.000000,-11.755371,0.006866,
feedback,2.921331,1786413383392,8,Ry,-50.000000,-250.000000,-11.707306,38.292694,,,360.000061,-134.999191,479.999023,179.999435,-59.696136,-179.999481,360.000519,-134.999405,480.000305,179.999649,-26.579662,-179.999786,0.289087,-0.010546,0.031730,-0.006135,-11.707306,0.003072,
feedback,2.929018,1786413383401,8,Ry,-50.000000,-250.000000,-11.824036,38.175964,,,360.000061,-134.999191,479.999023,179.999435,-59.696136,-179.999481,360.003510,-134.999451,480.002716,179.999664,-26.485016,-179.999786,0.494608,-0.064236,-0.112030,-0.012286,-11.824036,-0.000742,
feedback,2.937230,1786413383409,8,Ry,-50.000000,-250.000000,-12.139893,37.860107,,,360.000061,-134.999191,479.999023,179.999435,-59.696136,-179.999481,360.007660,-134.998840,480.005981,179.999603,-26.387760,-179.999680,0.604483,0.043145,0.147576,-0.003028,-12.139893,0.000715,
feedback,2.945634,1786413383417,8,Ry,-50.000000,-250.000000,-12.160492,37.839508,,,360.000061,-134.999191,479.999023,179.999435,-59.696136,-179.999481,360.014435,-134.998840,480.004974,179.999634,-26.290283,-179.999741,0.941155,0.096838,-0.304002,0.003138,-12.160492,0.004535,
feedback,2.954252,1786413383426,8,Ry,-50.000000,-250.000000,-12.263489,37.736511,,,360.000061,-134.999191,479.999023,179.999435,-59.696136,-179.999481,360.020996,-134.998810,480.001740,179.999557,-26.192204,-179.999649,0.659120,0.074785,-0.414437,0.018508,-12.263489,-0.002226,
feedback,2.961903,1786413383434,8,Ry,-50.000000,-250.000000,-12.339020,37.660980,,,360.000061,-134.999191,479.999023,179.999435,-59.696136,-179.999481,360.022858,-134.999542,479.997162,179.999603,-26.094013,-179.999786,0.006604,-0.075746,-0.586629,0.006167,-12.339020,-0.016753,
feedback,2.970649,1786413383442,8,Ry,-50.000000,-250.000000,-12.229157,37.770843,,,360.000061,-134.999191,479.999023,179.999435,-59.696136,-179.999481,360.020721,-134.999878,479.994873,179.999603,-25.995823,-179.999847,-0.333902,-0.172583,-0.488178,-0.000012,-12.229156,-0.027466,
feedback,2.978751,1786413383447,8,Ry,-50.000000,-250.000000,-12.455749,37.544251,,,360.000061,-134.999191,479.999023,179.999435,-59.696136,-179.999481,360.019409,-134.999710,479.996429,179.999588,-25.945999,-179.999786,-0.315721,0.043146,0.391442,0.002998,-12.455750,0.013041,
feedback,2.987039,1786413383455,8,Ry,-50.000000,-250.000000,-12.153625,37.846375,,,360.000061,-134.999191,479.999023,179.999435,-59.696136,-179.999481,360.019196,-134.999573,479.996368,179.999634,-25.848194,-179.999786,0.065830,0.086291,0.050067,0.002994,-12.153625,0.019912,
feedback,2.994655,1786413383463,8,Ry,-50.000000,-250.000000,-12.009430,37.990570,,,360.000061,-134.999191,479.999023,179.999435,-59.696136,-179.999481,360.020416,-134.999359,480.000458,179.999603,-25.704767,-179.999756,0.052675,-0.032600,0.624539,0.006193,-12.009430,-0.009845,
feedback,3.003523,1786413383472,8,Ry,-50.000000,-250.000000,-11.789703,38.210297,,,360.000061,-134.999191,479.999023,179.999435,-59.696136,-179.999481,360.020782,-134.998978,480.007202,179.999573,-25.609791,-179.999710,-0.022196,0.021092,0.943986,0.015369,-11.789703,0.000256,
feedback,3.011220,1786413383480,8,Ry,-50.000000,-250.000000,-11.659241,38.340759,,,360.000061,-134.999191,479.999023,179.999435,-59.696136,-179.999481,360.020874,-134.998627,480.010712,179.999573,-25.516352,-179.999649,-0.003527,0.096837,0.448693,0.006225,-11.659241,0.010775,
feedback,3.019186,1786413383489,8,Ry,-50.000000,-250.000000,-11.679840,38.320160,,,360.000061,-134.999191,479.999023,179.999435,-59.696136,-179.999481,360.017548,-134.998810,480.016052,179.999573,-25.422802,-179.999649,-0.406351,0.075744,0.729273,0.002664,-11.679840,0.035285,
feedback,3.027334,1786413383497,8,Ry,-50.000000,-250.000000,-11.851502,38.148498,,,360.000061,-134.999191,479.999023,179.999435,-59.696136,-179.999481,360.010773,-134.999329,480.020111,179.999588,-25.327908,-179.999786,-0.855997,-0.139980,0.471640,-0.003263,-11.851501,-0.011455,
feedback,3.035358,1786413383505,8,Ry,-50.000000,-250.000000,-11.961365,38.038635,,,360.000061,-134.999191,479.999023,179.999435,-59.696136,-179.999481,360.003845,-134.999756,480.020447,179.999634,-25.232382,-179.999817,-0.828316,-0.129431,-0.028024,0.005848,-11.961365,-0.008177,
feedback,3.044124,1786413383514,8,Ry,-50.000000,-250.000000,-12.016296,37.983704,,,360.000061,-134.999191,479.999023,179.999435,-59.696136,-179.999481,360.001129,-134.999878,480.017731,179.999603,-25.136307,-179.999847,-0.103724,-0.075741,-0.456136,0.014955,-12.016296,0.001999,
feedback,3.051805,1786413383522,8,Ry,-50.000000,-250.000000,-12.091828,37.908172,,,360.000061,-134.999191,479.999023,179.999435,-59.696136,-179.999481,360.000031,-134.999878,480.015900,179.999619,-25.039654,-179.999878,-0.058075,-0.129430,-0.501032,-0.000012,-12.091827,-0.020599,
feedback,3.059939,1786413383530,8,Ry,-50.000000,-250.000000,-12.139893,37.860107,,,360.000061,-134.999191,479.999023,179.999435,-59.696136,-179.999481,360.001404,-134.999359,480.010345,179.999619,-24.941629,-179.999786,0.148324,0.000000,-0.794547,-0.002890,-12.139893,-0.006226,
feedback,3.068553,1786413383539,8,Ry,-50.000000,-250.000000,-12.146759,37.853241,,,360.000061,-134.999191,479.999023,179.999435,-59.696136,-179.999481,360.001251,-134.999054,480.004639,179.999649,-24.843410,-179.999741,-0.069506,0.043143,-0.743303,-0.005752,-12.146759,-0.005596,
feedback,3.076419,1786413383547,8,Ry,-50.000000,-250.000000,-11.961365,38.038635,,,360.000061,-134.999191,479.999023,179.999435,-59.696136,-179.999481,359.999115,-134.998978,480.000977,179.999603,-24.747089,-179.999771,-0.416081,-0.032598,-0.126625,0.000504,-11.961365,-0.022213,
feedback,3.085355,1786413383555,8,Ry,-50.000000,-250.000000,-11.769104,38.230896,,,360.000061,-134.999191,479.999023,179.999435,-59.696136,-179.999481,359.989441,-134.998810,479.999817,179.999573,-24.604294,-179.999649,-0.855779,0.010544,0.113405,0.003407,-11.769104,-0.009102,
feedback,3.092965,1786413383564,8,Ry,-50.000000,-250.000000,-11.659241,38.340759,,,360.000061,-134.999191,479.999023,179.999435,-59.696136,-179.999481,359.984863,-134.999329,480.000671,179.999588,-24.511404,-179.999756,-0.602182,-0.162977,0.300314,0.034093,-11.659241,-0.042328,
feedback,3.101926,1786413383572,8,Ry,-50.000000,-250.000000,-11.576843,38.423157,,,360.000061,-134.999191,479.999023,179.999435,-59.696136,-179.999481,359.983765,-134.999710,480.002625,179.999603,-24.418543,-179.999817,0.018881,-0.000000,0.229446,-0.002844,-11.576843,-0.006252,
feedback,3.109214,1786413383581,8,Ry,-50.000000,-250.000000,-11.810303,38.189697,,,360.000061,-134.999191,479.999023,179.999435,-59.696136,-179.999481,359.985413,-134.999756,480.005432,179.999634,-24.325130,-179.999817,0.016819,0.010546,0.513924,-0.002234,-11.810303,-0.021599,
feedback,3.118200,1786413383589,8,Ry,-50.000000,-250.000000,-11.652374,38.347626,,,360.000061,-134.999191,479.999023,179.999435,-59.696136,-179.999481,359.987061,-134.999832,480.005280,179.999588,-24.230923,-179.999847,0.300093,0.021092,-0.381731,0.015330,-11.652374,0.000625,
feedback,3.125854,1786413383598,8,Ry,-50.000000,-250.000000,-11.755371,38.244629,,,360.000061,-134.999191,479.999023,179.999435,-59.696136,-179.999481,359.990112,-134.999268,479.999237,179.999680,-24.136028,-179.999771,0.428114,0.075738,-0.983465,-0.006255,-11.755371,0.016541,
feedback,3.134946,1786413383606,8,Ry,-50.000000,-250.000000,-11.933899,38.066101,,,360.000061,-134.999191,479.999023,179.999435,-59.696136,-179.999481,359.990112,-134.999054,479.992310,179.999634,-24.040668,-179.999710,-0.139698,0.064234,-0.718495,0.012559,-11.933899,0.001272,
feedback,3.142080,1786413383614,8,Ry,-50.000000,-250.000000,-12.126160,37.873840,,,360.000061,-134.999191,479.999023,179.999435,-59.696136,-179.999481,359.987579,-134.998886,479.989685,179.999634,-23.943905,-179.999680,-0.292838,-0.010547,-0.222925,-0.009039,-12.126160,-0.003489,
feedback,3.151229,1786413383623,8,Ry,-50.000000,-250.000000,-12.290954,37.709046,,,360.000061,-134.999191,479.999023,179.999435,-59.696136,-179.999481,359.986206,-134.999237,479.985931,179.999634,-23.845358,-179.999710,-0.193193,-0.074780,-0.492434,-0.013277,-12.290955,0.014022,
feedback,3.158795,1786413383627,8,Ry,-50.000000,-250.000000,-12.352753,37.647247,,,360.000061,-134.999191,479.999023,179.999435,-59.696136,-179.999481,359.987030,-134.998627,479.984100,179.999588,-23.795948,-179.999649,0.215948,0.150518,-0.448166,0.009825,-12.352753,0.008776,
feedback,3.167980,1786413383635,8,Ry,-50.000000,-250.000000,-12.126160,37.873840,,,360.000061,-134.999191,479.999023,179.999435,-59.696136,-179.999481,359.992767,-134.999710,479.977173,179.999619,-23.649637,-179.999817,0.565250,-0.139973,-0.649270,-0.011804,-12.126160,-0.030424,
feedback,3.174780,1786413383644,8,Ry,-50.000000,-250.000000,-12.016296,37.983704,,,360.000061,-134.999191,479.999023,179.999435,-59.696136,-179.999481,359.995148,-134.999619,479.975800,179.999573,-23.552765,-179.999847,0.306221,-0.011504,-0.264143,0.021621,-12.016296,-0.008803,
feedback,3.184260,1786413383652,8,Ry,-50.000000,-250.000000,-11.631775,38.368225,,,360.000061,-134.999191,479.999023,179.999435,-59.696136,-179.999481,359.995972,-134.999756,479.975555,179.999649,-23.458721,-179.999847,0.083820,0.022050,-0.112095,-0.015337,-11.631775,0.006034,
feedback,3.191592,1786413383661,8,Ry,-50.000000,-250.000000,-11.542511,38.457489,,,360.000061,-134.999191,479.999023,179.999435,-59.696136,-179.999481,359.996887,-134.999542,479.977905,179.999619,-23.365887,-179.999786,0.044938,-0.032597,0.552313,0.006303,-11.542511,-0.009590,
feedback,3.199886,1786413383669,8,Ry,-50.000000,-250.000000,-11.583710,38.416290,,,360.000061,-134.999191,479.999023,179.999435,-59.696136,-179.999481,359.996521,-134.999359,479.983551,179.999603,-23.272284,-179.999741,-0.108820,-0.032597,0.959169,0.009026,-11.583710,-0.003272,
feedback,3.207503,1786413383677,8,Ry,-50.000000,-250.000000,-11.975097,38.024903,,,360.000061,-134.999191,479.999023,179.999435,-59.696136,-179.999481,359.997772,-134.999313,479.990509,179.999695,-23.176264,-179.999741,0.239471,-0.020134,0.950750,-0.040565,-11.975098,0.016768,
feedback,3.216369,1786413383686,8,Ry,-50.000000,-250.000000,-12.105560,37.894440,,,360.000061,-134.999191,479.999023,179.999435,-59.696136,-179.999481,360.000854,-134.998856,479.995178,179.999496,-23.079447,-179.999680,0.419781,0.031639,0.588423,0.018968,-12.105560,-0.008075,
feedback,3.223777,1786413383694,8,Ry,-50.000000,-250.000000,-12.112427,37.887573,,,360.000061,-134.999191,479.999023,179.999435,-59.696136,-179.999481,360.005219,-134.999191,479.996918,179.999603,-22.982630,-179.999710,0.483318,-0.011505,0.171628,0.021657,-12.112427,-0.008588,
feedback,3.232739,1786413383702,8,Ry,-50.000000,-250.000000,-12.181091,37.818909,,,360.000061,-134.999191,479.999023,179.999435,-59.696136,-179.999481,360.008850,-134.999664,479.994568,179.999695,-22.885427,-179.999756,0.329794,-0.128473,-0.268459,-0.022634,-12.181091,0.003274,
feedback,3.240328,1786413383711,8,Ry,-50.000000,-250.000000,-12.277222,37.722778,,,360.000061,-134.999191,479.999023,179.999435,-59.696136,-179.999481,360.011688,-134.999542,479.989838,179.999619,-22.787292,-179.999786,0.323870,0.031638,-0.646504,0.016332,-12.277222,-0.014309,
feedback,3.249259,1786413383719,8,Ry,-50.000000,-250.000000,-12.352753,37.647247,,,360.000061,-134.999191,479.999023,179.999435,-59.696136,-179.999481,360.015350,-134.999542,479.983887,179.999619,-22.639196,-179.999786,0.263676,0.043145,-0.378777,0.000000,-12.352753,0.006866,
feedback,3.257011,1786413383728,8,Ry,-50.000000,-250.000000,-12.325287,37.674713,,,360.000061,-134.999191,479.999023,179.999435,-59.696136,-179.999481,360.016571,-134.999268,479.984711,179.999695,-22.540594,-179.999802,0.028112,0.010546,0.477637,0.001089,-12.325287,-0.015316,
feedback,3.265784,1786413383736,8,Ry,-50.000000,-250.000000,-12.201691,37.798309,,,360.000061,-134.999191,479.999023,179.999435,-59.696136,-179.999481,360.018311,-134.999146,479.988800,179.999588,-22.442486,-179.999741,0.198127,-0.000961,0.554351,0.025397,-12.201691,-0.017352,
feedback,3.273686,1786413383744,8,Ry,-50.000000,-250.000000,-11.865234,38.134766,,,360.000061,-134.999191,479.999023,179.999435,-59.696136,-179.999481,360.020142,-134.999496,479.994110,179.999588,-22.346933,-179.999786,0.263839,-0.118891,0.580001,0.011572,-11.865234,-0.010509,
feedback,3.281906,1786413383753,8,Ry,-50.000000,-250.000000,-11.659241,38.340759,,,360.000061,-134.999191,479.999023,179.999435,-59.696136,-179.999481,360.020844,-134.999329,480.001221,179.999588,-22.253027,-179.999771,0.007732,0.021092,1.045577,0.015316,-11.659241,0.001154,
feedback,3.289501,1786413383761,8,Ry,-50.000000,-250.000000,-11.789703,38.210297,,,360.000061,-134.999191,479.999023,179.999435,-59.696136,-179.999481,360.020477,-134.999451,480.005798,179.999680,-22.158518,-179.999771,-0.094748,-0.031638,0.624719,-0.016483,-11.789703,0.014129,
feedback,3.298136,1786413383770,8,Ry,-50.000000,-250.000000,-11.686707,38.313293,,,360.000061,-134.999191,479.999023,179.999435,-59.696136,-179.999481,360.021637,-134.999451,480.004822,179.999557,-22.065052,-179.999756,0.251786,0.010546,-0.296060,0.008943,-11.686707,0.003784,
feedback,3.305675,1786413383778,8,Ry,-50.000000,-250.000000,-11.947632,38.052368,,,360.000061,-134.999191,479.999023,179.999435,-59.696136,-179.999481,360.024261,-134.999359,480.002930,179.999603,-21.970266,-179.999741,0.205177,0.086292,0.069440,0.005144,-11.947632,0.026469,
feedback,3.313785,1786413383786,8,Ry,-50.000000,-250.000000,-12.112427,37.887573,,,360.000061,-134.999191,479.999023,179.999435,-59.696136,-179.999481,360.024139,-134.999100,480.002167,179.999557,-21.873642,-179.999710,-0.067333,0.032600,0.002410,-0.003802,-12.112427,0.015797,
feedback,3.322210,1786413383795,8,Ry,-50.000000,-250.000000,-12.167359,37.832641,,,360.000061,-134.999191,479.999023,179.999435,-59.696136,-179.999481,360.021942,-134.999283,480.002045,179.999573,-21.776440,-179.999802,-0.224145,-0.054653,-0.073786,0.016588,-12.167358,-0.027751,
feedback,3.330572,1786413383803,8,Ry,-50.000000,-250.000000,-12.215423,37.784577,,,360.000061,-134.999191,479.999023,179.999435,-59.696136,-179.999481,360.022858,-134.999054,479.997223,179.999634,-21.678524,-179.999649,0.293897,-0.031638,-0.829974,-0.016588,-12.215424,0.013990,
feedback,3.339531,1786413383807,8,Ry,-50.000000,-250.000000,-12.222290,37.777710,,,360.000061,-134.999191,479.999023,179.999435,-59.696136,-179.999481,360.024963,-134.999496,479.992065,179.999603,-21.580938,-179.999817,0.105808,-0.139985,-0.395091,-0.011436,-12.222290,-0.030844,
feedback,3.347028,1786413383816,8,Ry,-50.000000,-250.000000,-12.339020,37.660980,,,360.000061,-134.999191,479.999023,179.999435,-59.696136,-179.999481,360.024933,-134.999573,479.990112,179.999634,-21.482391,-179.999771,-0.059131,-0.031638,-0.247063,-0.016654,-12.339020,0.013933,
feedback,3.355958,1786413383824,8,Ry,-50.000000,-250.000000,-12.078094,37.921906,,,360.000061,-134.999191,479.999023,179.999435,-59.696136,-179.999481,360.023346,-134.999756,479.988037,179.999649,-21.385492,-179.999817,-0.190647,-0.053692,-0.282110,-0.003896,-12.078094,0.002031,
feedback,3.363204,1786413383832,8,Ry,-50.000000,-250.000000,-11.817169,38.182831,,,360.000061,-134.999191,479.999023,179.999435,-59.696136,-179.999481,360.017975,-134.999451,479.989960,179.999557,-21.290817,-179.999771,-0.922996,0.053691,0.576333,0.013877,-11.817169,0.023567,
feedback,3.372097,1786413383841,8,Ry,-50.000000,-250.000000,-11.803436,38.196564,,,360.000061,-134.999191,479.999023,179.999435,-59.696136,-179.999481,360.009644,-134.999146,479.996490,179.999603,-21.196884,-179.999771,-1.190379,0.043143,1.204012,0.000011,-11.803436,0.006866,
feedback,3.379535,1786413383849,8,Ry,-50.000000,-250.000000,-11.679840,38.320160,,,360.000061,-134.999191,479.999023,179.999435,-59.696136,-179.999481,360.002808,-134.998856,480.003479,179.999542,-21.103199,-179.999771,-0.822056,0.085327,0.877994,0.018224,-11.679840,-0.022240,
feedback,3.388374,1786413383858,8,Ry,-50.000000,-250.000000,-11.755371,38.244629,,,360.000061,-134.999191,479.999023,179.999435,-59.696136,-179.999481,359.998657,-134.998978,480.008057,179.999603,-21.009182,-179.999741,-0.438109,-0.043144,0.486865,-0.002445,-11.755371,-0.013276,
feedback,3.395938,1786413383866,8,Ry,-50.000000,-250.000000,-12.043762,37.956238,,,360.000061,-134.999191,479.999023,179.999435,-59.696136,-179.999481,359.995728,-134.999146,480.013794,179.999603,-20.914454,-179.999771,-0.476254,-0.031639,0.786592,-0.019231,-12.043762,0.007353,
feedback,3.404025,1786413383875,8,Ry,-50.000000,-250.000000,-12.160492,37.839508,,,360.000061,-134.999191,479.999023,179.999435,-59.696136,-179.999481,359.992981,-134.999100,480.018311,179.999573,-20.817636,-179.999771,-0.317167,0.053688,0.622485,0.008870,-12.160492,0.010844,
feedback,3.412401,1786413383883,8,Ry,-50.000000,-250.000000,-12.270355,37.729645,,,360.000061,-134.999191,479.999023,179.999435,-59.696136,-179.999481,359.985168,-134.999573,480.025909,179.999664,-20.671408,-179.999817,-0.926986,-0.074780,0.815221,-0.021697,-12.270355,-0.006019,
feedback,3.420503,1786413383891,8,Ry,-50.000000,-250.000000,-12.256622,37.743378,,,360.000061,-134.999191,479.999023,179.999435,-59.696136,-179.999481,359.978546,-134.998718,480.030121,179.999557,-20.573492,-179.999710,-0.825391,0.204199,0.433921,0.021722,-12.256622,0.026656,
feedback,3.428857,1786413383900,8,Ry,-50.000000,-250.000000,-12.146759,37.853241,,,360.000061,-134.999191,479.999023,179.999435,-59.696136,-179.999481,359.973877,-134.999283,480.025848,179.999588,-20.475933,-179.999802,-0.433025,-0.043140,-0.748938,-0.002396,-12.146759,-0.013299,
feedback,3.436721,1786413383908,8,Ry,-50.000000,-250.000000,-12.064361,37.935639,,,360.000061,-134.999191,479.999023,179.999435,-59.696136,-179.999481,359.972961,-134.999191,480.015808,179.999634,-20.379391,-179.999771,-0.054334,0.065188,-1.270385,-0.012862,-12.064362,0.018515,
feedback,3.445334,1786413383917,8,Ry,-50.000000,-250.000000,-12.112427,37.887573,,,360.000061,-134.999191,479.999023,179.999435,-59.696136,-179.999481,359.972046,-134.999451,480.010651,179.999695,-20.283426,-179.999802,-0.093042,0.054641,-0.416429,-0.021697,-12.112427,0.014433,
feedback,3.453109,1786413383925,8,Ry,-50.000000,-250.000000,-11.858368,38.141632,,,360.000061,-134.999191,479.999023,179.999435,-59.696136,-179.999481,359.972015,-134.999146,480.010651,179.999603,-20.188587,-179.999741,0.186052,0.053686,-0.124355,0.006456,-11.858368,0.004497,
feedback,3.461488,1786413383933,8,Ry,-50.000000,-250.000000,-11.755371,38.244629,,,360.000061,-134.999191,479.999023,179.999435,-59.696136,-179.999481,359.973969,-134.999496,480.011292,179.999603,-20.094433,-179.999802,0.268650,-0.000000,0.333020,-0.002359,-11.755371,-0.006448,
feedback,3.469500,1786413383942,8,Ry,-50.000000,-250.000000,-11.686706,38.313294,,,360.000061,-134.999191,479.999023,179.999435,-59.696136,-179.999481,359.972565,-134.999283,480.016388,179.999695,-20.001242,-179.999771,-0.372836,0.054641,0.980287,-0.019346,-11.686707,0.020779,
feedback,3.477681,1786413383950,8,Ry,-50.000000,-250.000000,-11.755371,38.244629,,,360.000061,-134.999191,479.999023,179.999435,-59.696136,-179.999481,359.969299,-134.999191,480.021454,179.999634,-19.907364,-179.999771,-0.463320,0.053685,0.556850,0.004129,-11.755371,-0.001928,
feedback,3.485804,1786413383954,8,Ry,-50.000000,-250.000000,-11.803436,38.196564,,,360.000061,-134.999191,479.999023,179.999435,-59.696136,-179.999481,359.966980,-134.999146,480.022614,179.999588,-19.813129,-179.999710,-0.115240,0.022047,0.006250,-0.010581,-11.803436,0.017981,
feedback,3.494290,1786413383963,8,Ry,-50.000000,-250.000000,-11.851502,38.148498,,,360.000061,-134.999191,479.999023,179.999435,-59.696136,-179.999481,359.966858,-134.999542,480.019592,179.999634,-19.765722,-179.999802,-0.022251,-0.096825,-0.754992,-0.008784,-11.851501,-0.017873,
feedback,3.502005,1786413383971,8,Ry,-50.000000,-250.000000,-12.043762,37.956238,,,360.000061,-134.999191,479.999023,179.999435,-59.696136,-179.999481,359.968903,-134.999191,480.010162,179.999634,-19.622158,-179.999741,0.166556,0.107371,-0.488662,0.015253,-12.043762,0.015589,
feedback,3.510847,1786413383980,8,Ry,-50.000000,-250.000000,-12.181091,37.818909,,,360.000061,-134.999191,479.999023,179.999435,-59.696136,-179.999481,359.970337,-134.999023,480.005859,179.999634,-19.525478,-179.999710,0.272704,0.053686,-0.679299,0.006489,-12.181091,0.004572,
feedback,3.518806,1786413383988,8,Ry,-50.000000,-250.000000,-12.428284,37.571716,,,360.000061,-134.999191,479.999023,179.999435,-59.696136,-179.999481,359.974487,-134.999191,479.999847,179.999634,-19.426245,-179.999741,0.516455,0.043141,-0.773567,0.000012,-12.428284,0.006866,
feedback,3.527041,1786413383997,8,Ry,-50.000000,-250.000000,-12.387085,37.612915,,,360.000061,-134.999191,479.999023,179.999435,-59.696136,-179.999481,359.975800,-134.999329,479.999359,179.999603,-19.327286,-179.999771,0.072770,0.043140,0.087516,-0.002267,-12.387085,0.000387,
feedback,3.535105,1786413384005,8,Ry,-50.000000,-250.000000,-12.290955,37.709045,,,360.000061,-134.999191,479.999023,179.999435,-59.696136,-179.999481,359.976410,-134.999619,480.000916,179.999573,-19.228519,-179.999817,0.013036,-0.032594,0.379306,0.008739,-12.290955,-0.002644,
feedback,3.543281,1786413384013,8,Ry,-50.000000,-250.000000,-12.016296,37.983704,,,360.000061,-134.999191,479.999023,179.999435,-59.696136,-179.999481,359.977264,-134.999359,480.002808,179.999634,-19.132168,-179.999771,-0.061519,-0.043141,0.465713,0.000006,-12.016296,-0.006866,
feedback,3.551651,1786413384022,8,Ry,-50.000000,-250.000000,-11.707306,38.292694,,,360.000061,-134.999191,479.999023,179.999435,-59.696136,-179.999481,359.978058,-134.999496,480.003540,179.999588,-19.038126,-179.999771,0.048487,-0.075735,0.176541,0.008731,-11.707306,-0.009482,
feedback,3.559797,1786413384030,8,Ry,-50.000000,-250.000000,-11.686707,38.313293,,,360.000061,-134.999191,479.999023,179.999435,-59.696136,-179.999481,359.977295,-134.999329,480.004791,179.999619,-18.944798,-179.999802,-0.056266,-0.032594,0.052415,0.004271,-11.686707,-0.015590,
feedback,3.568860,1786413384039,8,Ry,-50.000000,-250.000000,-11.666107,38.333893,,,360.000061,-134.999191,479.999023,179.999435,-59.696136,-179.999481,359.977356,-134.999100,480.008240,179.999573,-18.851797,-179.999741,0.012178,0.031638,0.485267,0.021724,-11.666107,-0.000158,
feedback,3.576140,1786413384047,8,Ry,-50.000000,-250.000000,-11.981964,38.018036,,,360.000061,-134.999191,479.999023,179.999435,-59.696136,-179.999481,359.977325,-134.999146,480.011993,179.999603,-18.756491,-179.999710,0.017870,0.096827,0.472106,0.013137,-11.981964,0.031030,
feedback,3.584474,1786413384055,8,Ry,-50.000000,-250.000000,-12.098694,37.901306,,,360.000061,-134.999191,479.999023,179.999435,-59.696136,-179.999481,359.978577,-134.999191,480.017151,179.999649,-18.611774,-179.999802,0.344437,-0.064233,0.173692,-0.015195,-12.098694,-0.008991,
feedback,3.592470,1786413384064,8,Ry,-50.000000,-250.000000,-12.236023,37.763977,,,360.000061,-134.999191,479.999023,179.999435,-59.696136,-179.999481,359.983307,-134.999542,480.016083,179.999619,-18.514627,-179.999771,0.941043,-0.010546,-0.757170,-0.008691,-12.236023,-0.004331,
feedback,3.602387,1786413384072,8,Ry,-50.000000,-250.000000,-12.311554,37.688446,,,360.000061,-134.999191,479.999023,179.999435,-59.696136,-179.999481,359.991180,-134.999374,480.011078,179.999527,-18.416189,-179.999832,1.064821,0.009588,-0.950171,0.030405,-12.311554,-0.024227,
feedback,3.608674,1786413384081,8,Ry,-50.000000,-250.000000,-12.249756,37.750244,,,360.000061,-134.999191,479.999023,179.999435,-59.696136,-179.999481,359.998322,-134.999969,480.004028,179.999695,-18.318054,-179.999878,0.866025,-0.150522,-1.047937,-0.015207,-12.249756,-0.022802,
feedback,3.617236,1786413384089,8,Ry,-50.000000,-250.000000,-12.174225,37.825775,,,360.000061,-134.999191,479.999023,179.999435,-59.696136,-179.999481,360.004883,-134.999283,479.994751,179.999588,-18.220989,-179.999802,0.948964,0.139019,-1.588666,0.032617,-12.174225,0.002998,
feedback,3.625211,1786413384097,8,Ry,-50.000000,-250.000000,-12.112427,37.887573,,,360.000061,-134.999191,479.999023,179.999435,-59.696136,-179.999481,360.009613,-134.999359,479.987396,179.999649,-18.124668,-179.999832,0.439187,0.043145,-0.580008,-0.002130,-12.112427,0.000341,
feedback,3.634002,1786413384106,8,Ry,-50.000000,-250.000000,-11.961365,38.038635,,,360.000061,-134.999191,479.999023,179.999435,-59.696136,-179.999481,360.010559,-134.999100,479.988190,179.999573,-18.028646,-179.999741,-0.018161,0.107381,0.429468,0.010945,-11.961365,0.002953,
feedback,3.641443,1786413384114,8,Ry,-50.000000,-250.000000,-11.748505,38.251495,,,360.000061,-134.999191,479.999023,179.999435,-59.696136,-179.999481,360.008514,-134.998886,479.993713,179.999573,-17.934082,-179.999771,-0.156705,0.085328,0.616355,0.026148,-11.748505,-0.001591,
feedback,3.649863,1786413384118,8,Ry,-50.000000,-250.000000,-11.686706,38.313294,,,360.000061,-134.999191,479.999023,179.999435,-59.696136,-179.999481,360.008728,-134.999237,479.995209,179.999664,-17.887335,-179.999741,0.068773,-0.085329,0.372201,-0.021909,-11.686707,0.014639,
feedback,3.658258,1786413384127,8,Ry,-50.000000,-250.000000,-11.631775,38.368225,,,360.000061,-134.999191,479.999023,179.999435,-59.696136,-179.999481,360.011230,-134.999573,479.996857,179.999680,-17.794117,-179.999832,0.314802,-0.107381,0.255355,-0.015174,-11.631775,-0.016074,
feedback,3.667081,1786413384135,8,Ry,-50.000000,-250.000000,-12.023163,37.976837,,,360.000061,-134.999191,479.999023,179.999435,-59.696136,-179.999481,360.014801,-134.999237,480.001862,179.999664,-17.651239,-179.999741,0.348489,0.043145,0.364176,0.002094,-12.023163,0.013410,
feedback,3.674575,1786413384144,8,Ry,-50.000000,-250.000000,-12.133026,37.866974,,,360.000061,-134.999191,479.999023,179.999435,-59.696136,-179.999481,360.017059,-134.999359,480.005829,179.999649,-17.554586,-179.999802,0.131928,-0.032599,0.649089,0.004481,-12.133026,-0.015484,
feedback,3.683369,1786413384152,8,Ry,-50.000000,-250.000000,-12.325287,37.674713,,,360.000061,-134.999191,479.999023,179.999435,-59.696136,-179.999481,360.015015,-134.999237,480.012146,179.999680,-17.456451,-179.999771,-0.312331,0.139981,0.885436,0.006562,-12.325287,0.018540,
feedback,3.690658,1786413384161,8,Ry,-50.000000,-250.000000,-12.380218,37.619782,,,360.000061,-134.999191,479.999023,179.999435,-59.696136,-179.999481,360.012085,-134.999451,480.016083,179.999588,-17.357107,-179.999832,-0.386584,-0.053691,0.340572,-0.004505,-12.380219,0.001736,
feedback,3.699934,1786413384169,8,Ry,-50.000000,-250.000000,-12.263489,37.736511,,,360.000061,-134.999191,479.999023,179.999435,-59.696136,-179.999481,360.010590,-134.999237,480.015076,179.999680,-17.258671,-179.999802,-0.102134,-0.021092,-0.249515,-0.017177,-12.263489,-0.009040,
feedback,3.707029,1786413384177,8,Ry,-50.000000,-250.000000,-12.359619,37.640381,,,360.000061,-134.999191,479.999023,179.999435,-59.696136,-179.999481,360.010742,-134.999329,480.013153,179.999619,-17.160206,-179.999771,0.075587,-0.065197,-0.044851,0.015153,-12.359619,-0.011224,
feedback,3.715947,1786413384186,8,Ry,-50.000000,-250.000000,-12.236023,37.763977,,,360.000061,-134.999191,479.999023,179.999435,-59.696136,-179.999481,360.010223,-134.999405,480.015320,179.999680,-17.061987,-179.999832,0.014074,-0.010546,0.157853,-0.010588,-12.236023,-0.011114,
feedback,3.723515,1786413384194,8,Ry,-50.000000,-250.000000,-12.057495,37.942505,,,360.000061,-134.999191,479.999023,179.999435,-59.696136,-179.999481,360.006897,-134.999100,480.020508,179.999588,-16.965281,-179.999771,-0.525237,0.053690,0.784949,0.006579,-12.057495,0.004863,
feedback,3.732234,1786413384203,8,Ry,-50.000000,-250.000000,-11.865234,38.134766,,,360.000061,-134.999191,479.999023,179.999435,-59.696136,-179.999481,360.000305,-134.999496,480.032654,179.999741,-16.870029,-179.999832,-1.010141,-0.085328,1.771376,-0.026278,-11.865234,0.001104,
feedback,3.740559,1786413384211,8,Ry,-50.000000,-250.000000,-11.707306,38.292694,,,360.000061,-134.999191,479.999023,179.999435,-59.696136,-179.999481,359.994415,-134.999619,480.041473,179.999710,-16.775711,-179.999832,-0.426988,-0.021092,0.642187,-0.011167,-11.707306,0.010538,
feedback,3.748784,1786413384219,8,Ry,-50.000000,-250.000000,-11.824036,38.175964,,,360.000061,-134.999191,479.999023,179.999435,-59.696136,-179.999481,359.990021,-134.999283,480.052612,179.999603,-16.633823,-179.999832,-0.063444,0.064234,0.408859,0.011198,-11.824036,-0.003644,
feedback,3.756198,1786413384228,8,Ry,-50.000000,-250.000000,-11.947632,38.052368,,,360.000061,-134.999191,479.999023,179.999435,-59.696136,-179.999481,359.989441,-134.999237,480.054871,179.999695,-16.538488,-179.999832,-0.060795,0.044099,0.283649,-0.030227,-11.947632,0.008387,
feedback,3.765292,1786413384236,8,Ry,-50.000000,-250.000000,-12.002564,37.997436,,,360.000061,-134.999191,479.999023,179.999435,-59.696136,-179.999481,359.990387,-134.999191,480.052856,179.999634,-16.442907,-179.999710,0.096238,0.021092,-0.230118,0.015126,-12.002563,0.002698,
feedback,3.773483,1786413384244,8,Ry,-50.000000,-250.000000,-12.133026,37.866974,,,360.000061,-134.999191,479.999023,179.999435,-59.696136,-179.999481,359.992249,-134.999542,480.045837,179.999649,-16.346420,-179.999802,0.085555,-0.021092,-0.624625,-0.011245,-12.133026,0.010454,
feedback,3.781517,1786413384253,8,Ry,-50.000000,-250.000000,-12.181091,37.818909,,,360.000061,-134.999191,479.999023,179.999435,-59.696136,-179.999481,359.991760,-134.999329,480.038757,179.999619,-16.249054,-179.999802,-0.107101,-0.043142,-0.813991,0.003848,-12.181091,0.006318,
feedback,3.790260,1786413384261,8,Ry,-50.000000,-250.000000,-12.181091,37.818909,,,360.000061,-134.999191,479.999023,179.999435,-59.696136,-179.999481,359.990479,-134.998978,480.031250,179.999619,-16.151907,-179.999741,-0.175262,0.086284,-0.851131,0.000018,-12.181091,0.013733,
feedback,3.797148,1786413384270,8,Ry,-50.000000,-250.000000,-11.940765,38.059235,,,360.000061,-134.999191,479.999023,179.999435,-59.696136,-179.999481,359.992157,-134.999329,480.021545,179.999619,-16.055584,-179.999802,0.196351,-0.010546,-1.091820,-0.006593,-11.940765,0.001899,
feedback,3.806192,1786413384274,8,Ry,-50.000000,-250.000000,-12.043762,37.956238,,,360.000061,-134.999191,479.999023,179.999435,-59.696136,-179.999481,359.993347,-134.999542,480.015656,179.999649,-16.007410,-179.999802,0.309505,-0.053689,-1.472428,-0.004707,-12.043762,0.001627,
feedback,3.813144,1786413384282,8,Ry,-50.000000,-250.000000,-11.789703,38.210297,,,360.000061,-134.999191,479.999023,179.999435,-59.696136,-179.999481,359.994080,-134.999573,480.010529,179.999664,-15.912928,-179.999802,0.056352,0.053689,-0.366775,0.008486,-11.789703,0.011587,
feedback,3.822921,1786413384291,8,Ry,-50.000000,-250.000000,-11.693573,38.306427,,,360.000061,-134.999191,479.999023,179.999435,-59.696136,-179.999481,359.995636,-134.999405,480.008209,179.999664,-15.819571,-179.999771,0.276928,0.032597,-0.167434,-0.002857,-11.693573,0.021951,
feedback,3.829614,1786413384299,8,Ry,-50.000000,-250.000000,-11.686706,38.313294,,,360.000061,-134.999191,479.999023,179.999435,-59.696136,-179.999481,359.995667,-134.999359,480.010498,179.999649,-15.726077,-179.999802,0.007378,0.043143,0.265281,0.001867,-11.686707,0.013476,
feedback,3.839106,1786413384308,8,Ry,-50.000000,-250.000000,-11.803436,38.196564,,,360.000061,-134.999191,479.999023,179.999435,-59.696136,-179.999481,359.990570,-134.999359,480.019440,179.999649,-15.584628,-179.999771,-0.609785,-0.000000,0.929067,0.001850,-11.803436,0.006614,
feedback,3.846027,1786413384316,8,Ry,-50.000000,-250.000000,-11.899567,38.100433,,,360.000061,-134.999191,479.999023,179.999435,-59.696136,-179.999481,359.989502,-134.999405,480.019989,179.999695,-15.490091,-179.999832,-0.134502,-0.075738,0.052427,0.004789,-11.899567,-0.022184,
feedback,3.854106,1786413384325,8,Ry,-50.000000,-250.000000,-11.913300,38.086700,,,360.000061,-134.999191,479.999023,179.999435,-59.696136,-179.999481,359.991669,-134.999405,480.014465,179.999573,-15.394648,-179.999863,0.256484,0.031638,-0.757286,0.019860,-11.913300,-0.005468,
feedback,3.862615,1786413384333,8,Ry,-50.000000,-250.000000,-12.002564,37.997436,,,360.000061,-134.999191,479.999023,179.999435,-59.696136,-179.999481,359.993134,-134.999573,480.008575,179.999695,-15.298792,-179.999863,0.142662,-0.096831,-0.775453,-0.006623,-12.002563,-0.011921,
feedback,3.871362,1786413384341,8,Ry,-50.000000,-250.000000,-12.098694,37.901306,,,360.000061,-134.999191,479.999023,179.999435,-59.696136,-179.999481,359.994690,-134.999329,480.000366,179.999619,-15.202387,-179.999802,0.195652,0.107377,-0.968293,0.013258,-12.098694,0.010132,
feedback,3.878955,1786413384350,8,Ry,-50.000000,-250.000000,-12.215424,37.784576,,,360.000061,-134.999191,479.999023,179.999435,-59.696136,-179.999481,359.995331,-134.999237,479.993408,179.999695,-15.104718,-179.999802,0.063607,0.086285,-0.971487,-0.003567,-12.215424,0.000474,
feedback,3.887573,1786413384358,8,Ry,-50.000000,-250.000000,-12.242889,37.757111,,,360.000061,-134.999191,479.999023,179.999435,-59.696136,-179.999481,359.995575,-134.999146,479.983185,179.999634,-15.007929,-179.999802,0.312664,0.010546,-1.810016,0.006644,-12.242889,-0.001778,
feedback,3.895215,1786413384367,8,Ry,-50.000000,-250.000000,-11.755371,38.244629,,,360.000061,-134.999191,479.999023,179.999435,-59.696136,-179.999481,359.997131,-134.999542,479.974457,179.999664,-14.913172,-179.999863,0.177063,-0.075740,-0.898852,0.006635,-11.755371,-0.015500,
feedback,3.904044,1786413384375,8,Ry,-50.000000,-250.000000,-11.652374,38.347626,,,360.000061,-134.999191,479.999023,179.999435,-59.696136,-179.999481,360.002228,-134.999542,479.965637,179.999649,-14.820035,-179.999802,0.579461,-0.096833,-0.904068,-0.003125,-11.652374,0.001299,
feedback,3.911998,1786413384384,8,Ry,-50.000000,-250.000000,-11.398315,38.601685,,,360.000061,-134.999191,479.999023,179.999435,-59.696136,-179.999481,360.005859,-134.999573,479.964020,179.999680,-14.681250,-179.999832,0.339475,-0.043144,-0.109441,0.001740,-11.398315,-0.000224,
feedback,3.920532,1786413384392,8,Ry,-50.000000,-250.000000,-11.556244,38.443756,,,360.000061,-134.999191,479.999023,179.999435,-59.696136,-179.999481,360.007263,-134.999359,479.965607,179.999649,-14.587839,-179.999771,0.268218,0.053690,0.216881,0.006651,-11.556244,0.005137,
feedback,3.928639,1786413384400,8,Ry,-50.000000,-250.000000,-12.043762,37.956238,,,360.000061,-134.999191,479.999023,179.999435,-59.696136,-179.999481,360.004578,-134.999756,479.973663,179.999680,-14.491653,-179.999863,-0.371166,-0.096833,1.160922,-0.008372,-12.043762,-0.018663,
feedback,3.936633,1786413384405,8,Ry,-50.000000,-250.000000,-12.091827,37.908173,,,360.000061,-134.999191,479.999023,179.999435,-59.696136,-179.999481,360.002747,-134.999573,479.976868,179.999680,-14.443286,-179.999832,-0.450597,0.043144,0.805523,-0.000000,-12.091827,0.006866,
feedback,3.944334,1786413384413,8,Ry,-50.000000,-250.000000,-12.043762,37.956238,,,360.000061,-134.999191,479.999023,179.999435,-59.696136,-179.999481,360.001526,-134.999283,479.978851,179.999588,-14.346552,-179.999771,-0.001600,0.010546,-0.229352,0.008360,-12.043762,0.004951,
feedback,3.952745,1786413384422,8,Ry,-50.000000,-250.000000,-12.002563,37.997437,,,360.000061,-134.999191,479.999023,179.999435,-59.696136,-179.999481,360.003693,-134.999405,479.974426,179.999680,-14.250394,-179.999802,0.206102,-0.010546,-0.471908,-0.006649,-12.002563,0.001690,
feedback,3.960829,1786413384430,8,Ry,-50.000000,-250.000000,-12.215424,37.784576,,,360.000061,-134.999191,479.999023,179.999435,-59.696136,-179.999481,360.004700,-134.999146,479.969025,179.999619,-14.153028,-179.999741,0.164643,0.107380,-0.899092,0.013328,-12.215424,0.010375,
feedback,3.969332,1786413384438,8,Ry,-50.000000,-250.000000,-12.194824,37.805176,,,360.000061,-134.999191,479.999023,179.999435,-59.696136,-179.999481,360.007111,-134.999268,479.962311,179.999710,-14.054672,-179.999771,0.208318,0.032598,-0.853367,-0.004982,-12.194824,0.015195,
feedback,3.976851,1786413384447,8,Ry,-50.000000,-250.000000,-12.181091,37.818909,,,360.000061,-134.999191,479.999023,179.999435,-59.696136,-179.999481,360.004486,-134.999451,479.961639,179.999695,-13.957087,-179.999741,-0.493902,0.096833,0.234058,0.008326,-12.181091,0.018740,
feedback,3.985076,1786413384455,8,Ry,-50.000000,-250.000000,-12.153625,37.846375,,,360.000061,-134.999191,479.999023,179.999435,-59.696136,-179.999481,360.001221,-134.999237,479.963257,179.999680,-13.858951,-179.999741,-0.478695,0.043143,0.433039,-0.001633,-12.153625,0.000200,
feedback,3.993328,1786413384463,8,Ry,-50.000000,-250.000000,-11.796570,38.203430,,,360.000061,-134.999191,479.999023,179.999435,-59.696136,-179.999481,359.996765,-134.999573,479.969391,179.999680,-13.716596,-179.999802,-0.119436,0.032597,0.357133,-0.006671,-11.796570,0.008495,
feedback,4.001413,1786413384472,8,Ry,-50.000000,-250.000000,-11.714172,38.285828,,,360.000061,-134.999191,479.999023,179.999435,-59.696136,-179.999481,359.993958,-134.999786,479.975433,179.999710,-13.622690,-179.999863,-0.382858,-0.096831,0.692304,-0.003444,-11.714172,0.001231,
feedback,4.009695,1786413384480,8,Ry,-50.000000,-250.000000,-11.865235,38.134765,,,360.000061,-134.999191,479.999023,179.999435,-59.696136,-179.999481,359.991272,-134.999146,479.984833,179.999634,-13.528345,-179.999771,-0.253255,0.085326,1.032204,0.023503,-11.865234,-0.012910,
feedback,4.017568,1786413384489,8,Ry,-50.000000,-250.000000,-12.181091,37.818909,,,360.000061,-134.999191,479.999023,179.999435,-59.696136,-179.999481,359.987396,-134.999069,479.996460,179.999573,-13.431391,-179.999771,-0.497754,0.096829,1.520122,0.006690,-12.181091,0.012138,
feedback,4.025851,1786413384497,8,Ry,-50.000000,-250.000000,-12.201691,37.798309,,,360.000061,-134.999191,479.999023,179.999435,-59.696136,-179.999481,359.982178,-134.999329,480.008392,179.999634,-13.333969,-179.999802,-0.560529,0.053687,1.451400,0.005104,-12.201691,-0.001398,
feedback,4.034272,1786413384506,8,Ry,-50.000000,-250.000000,-12.201691,37.798309,,,360.000061,-134.999191,479.999023,179.999435,-59.696136,-179.999481,359.981201,-134.999100,480.012878,179.999603,-13.236026,-179.999771,-0.050827,0.010546,0.342144,0.009840,-12.201691,0.011796,
feedback,4.042168,1786413384514,8,Ry,-50.000000,-250.000000,-12.304688,37.695312,,,360.000061,-134.999191,479.999023,179.999435,-59.696136,-179.999481,359.983429,-134.999329,480.011261,179.999527,-13.137726,-179.999832,0.268807,0.042184,-0.184115,0.028308,-12.304688,0.000444,
feedback,4.050407,1786413384522,8,Ry,-50.000000,-250.000000,-12.325287,37.674713,,,360.000061,-134.999191,479.999023,179.999435,-59.696136,-179.999481,359.986023,-134.999664,480.007629,179.999634,-13.039014,-179.999863,0.431146,-0.032596,-0.570063,0.005134,-12.325287,-0.015105,
feedback,4.058555,1786413384531,8,Ry,-50.000000,-250.000000,-12.119293,37.880707,,,360.000061,-134.999191,479.999023,179.999435,-59.696136,-179.999481,359.988739,-134.999542,480.002258,179.999649,-12.941648,-179.999802,0.297790,-0.010546,-0.666820,-0.006692,-12.119293,0.001538,
feedback,4.066955,1786413384539,8,Ry,-50.000000,-250.000000,-12.160492,37.839508,,,360.000061,-134.999191,479.999023,179.999435,-59.696136,-179.999481,359.986420,-135.000061,480.004303,179.999649,-12.795446,-179.999863,-0.451207,-0.108332,0.531177,0.017937,-12.160492,-0.003553,
feedback,4.074881,1786413384544,8,Ry,-50.000000,-250.000000,-11.988831,38.011169,,,360.000061,-134.999191,479.999023,179.999435,-59.696136,-179.999481,359.984894,-134.999237,480.006683,179.999573,-12.747492,-179.999802,-0.377279,0.204204,0.593888,0.017067,-11.988831,0.009526,
feedback,4.083029,1786413384552,8,Ry,-50.000000,-250.000000,-11.638641,38.361359,,,360.000061,-134.999191,479.999023,179.999435,-59.696136,-179.999481,359.983704,-134.999100,480.009399,179.999603,-12.653531,-179.999771,-0.016063,0.096829,0.039122,0.003703,-11.638641,-0.001171,
feedback,4.091390,1786413384560,8,Ry,-50.000000,-250.000000,-11.576843,38.423157,,,360.000061,-134.999191,479.999023,179.999435,-59.696136,-179.999481,359.985870,-134.999527,480.008759,179.999771,-12.560779,-179.999802,0.285499,0.097786,0.135519,-0.021594,-11.576843,0.018377,
feedback,4.099887,1786413384569,8,Ry,-50.000000,-250.000000,-11.803436,38.196564,,,360.000061,-134.999191,479.999023,179.999435,-59.696136,-179.999481,359.987579,-134.999268,480.008881,179.999710,-12.467532,-179.999725,0.146872,-0.031638,0.207725,-0.020102,-11.803436,0.004447,
feedback,4.107874,1786413384577,8,Ry,-50.000000,-250.000000,-11.865234,38.134766,,,360.000061,-134.999191,479.999023,179.999435,-59.696136,-179.999481,359.990173,-134.999191,480.006805,179.999649,-12.373022,-179.999756,0.275350,0.043142,-0.098379,0.000011,-11.865234,0.006866,
feedback,4.116718,1786413384586,8,Ry,-50.000000,-250.000000,-12.119293,37.880707,,,360.000061,-134.999191,479.999023,179.999435,-59.696136,-179.999481,359.989044,-134.999542,480.010956,179.999649,-12.277084,-179.999802,-0.398705,-0.032596,0.822176,0.006709,-12.119293,-0.008327,
feedback,4.124225,1786413384594,8,Ry,-50.000000,-250.000000,-12.270355,37.729645,,,360.000061,-134.999191,479.999023,179.999435,-59.696136,-179.999481,359.989777,-134.999329,480.012024,179.999634,-12.178427,-179.999802,0.070591,-0.043142,0.182346,0.001454,-12.270355,-0.000155,
feedback,4.133399,1786413384602,8,Ry,-50.000000,-250.000000,-12.339020,37.660980,,,360.000061,-134.999191,479.999023,179.999435,-59.696136,-179.999481,359.992584,-134.999756,480.011292,179.999695,-12.079577,-179.999893,0.437720,-0.086285,-0.261297,-0.000006,-12.339020,-0.013733,
feedback,4.140874,1786413384611,8,Ry,-50.000000,-250.000000,-12.304687,37.695313,,,360.000061,-134.999191,479.999023,179.999435,-59.696136,-179.999481,359.998657,-134.999496,480.005524,179.999741,-11.981552,-179.999802,0.632137,0.054648,-0.476811,-0.015868,-12.304688,0.038160,
feedback,4.149405,1786413384619,8,Ry,-50.000000,-250.000000,-12.304687,37.695313,,,360.000061,-134.999191,479.999023,179.999435,-59.696136,-179.999481,360.004669,-134.999237,480.002441,179.999695,-11.834005,-179.999802,0.399324,0.118886,-0.051624,-0.006709,-12.304688,0.022008,
feedback,4.158107,1786413384628,8,Ry,-50.000000,-250.000000,-12.208557,37.791443,,,360.000061,-134.999191,479.999023,179.999435,-59.696136,-179.999481,360.002380,-134.999573,480.008301,179.999695,-11.736969,-179.999863,-0.319080,-0.074782,0.596967,-0.022962,-12.208557,-0.016122,
feedback,4.165271,1786413384636,8,Ry,-50.000000,-250.000000,-11.775970,38.224030,,,360.000061,-134.999191,479.999023,179.999435,-59.696136,-179.999481,359.998352,-134.999329,480.015350,179.999634,-11.642130,-179.999802,-0.468622,0.021092,0.790282,0.016227,-11.775970,0.010679,
feedback,4.173703,1786413384645,8,Ry,-50.000000,-250.000000,-11.576843,38.423157,,,360.000061,-134.999191,479.999023,179.999435,-59.696136,-179.999481,359.997925,-134.999359,480.018005,179.999664,-11.548828,-179.999802,0.107949,-0.031638,0.030386,-0.018802,-11.576843,0.010851,
feedback,4.182073,1786413384653,8,Ry,-50.000000,-250.000000,-11.748505,38.251495,,,360.000061,-134.999191,479.999023,179.999435,-59.696136,-179.999481,359.998474,-134.999329,480.020508,179.999649,-11.455170,-179.999832,0.088821,0.022051,0.311384,-0.014817,-11.748505,0.002864,
feedback,4.189868,1786413384661,8,Ry,-50.000000,-250.000000,-11.913299,38.086701,,,360.000061,-134.999191,479.999023,179.999435,-59.696136,-179.999481,359.999634,-134.999573,480.020477,179.999680,-11.361017,-179.999802,0.313452,-0.064235,-0.334162,-0.010759,-11.913300,0.009303,
feedback,4.198695,1786413384670,8,Ry,-50.000000,-250.000000,-12.050629,37.949371,,,360.000061,-134.999191,479.999023,179.999435,-59.696136,-179.999481,360.002899,-134.999619,480.017731,179.999603,-11.265216,-179.999863,0.305699,-0.150523,-0.226470,-0.013474,-12.050629,-0.017917,
feedback,4.205920,1786413384678,8,Ry,-50.000000,-250.000000,-12.236023,37.763977,,,360.000061,-134.999191,479.999023,179.999435,-59.696136,-179.999481,360.002380,-134.999359,480.019135,179.999664,-11.167850,-179.999802,-0.186696,0.065195,0.328339,-0.013467,-12.236023,0.016393,
feedback,4.214368,1786413384686,8,Ry,-50.000000,-250.000000,-12.380218,37.619782,,,360.000061,-134.999191,479.999023,179.999435,-59.696136,-179.999481,360.000885,-134.999542,480.020203,179.999664,-11.069028,-179.999832,-0.138034,0.043143,0.068967,-0.000000,-12.380219,0.006866,
feedback,4.223017,1786413384695,8,Ry,-50.000000,-250.000000,-12.105560,37.894440,,,360.000061,-134.999191,479.999023,179.999435,-59.696136,-179.999481,360.004395,-134.999268,480.013062,179.999710,-10.971689,-179.999756,0.720362,-0.031638,-1.280728,-0.020211,-12.105560,0.003921,
feedback,4.230584,1786413384699,8,Ry,-50.000000,-250.000000,-12.270355,37.729645,,,360.000061,-134.999191,479.999023,179.999435,-59.696136,-179.999481,360.006073,-134.999237,480.010040,179.999695,-10.922607,-179.999802,0.426084,0.010547,-0.750691,0.004152,-12.270355,-0.014785,
feedback,4.239376,1786413384707,8,Ry,-50.000000,-250.000000,-12.105560,37.894440,,,360.000061,-134.999191,479.999023,179.999435,-59.696136,-179.999481,360.010956,-134.999329,480.003906,179.999634,-10.776352,-179.999802,0.323947,0.010546,-0.180370,0.006751,-12.105560,-0.001284,
feedback,4.247339,1786413384716,8,Ry,-50.000000,-250.000000,-11.817169,38.182831,,,360.000061,-134.999191,479.999023,179.999435,-59.696136,-179.999481,360.009186,-134.998810,480.009491,179.999512,-10.681128,-179.999695,-0.398527,0.149565,1.068261,0.044320,-11.817169,0.026339,
feedback,4.255641,1786413384724,8,Ry,-50.000000,-250.000000,-11.933899,38.066101,,,360.000061,-134.999191,479.999023,179.999435,-59.696136,-179.999481,360.004059,-134.999405,480.020020,179.999695,-10.584970,-179.999802,-0.750642,-0.043144,1.621094,-0.002517,-11.933899,-0.020366,
feedback,4.263427,1786413384733,8,Ry,-50.000000,-250.000000,-11.892700,38.107300,,,360.000061,-134.999191,479.999023,179.999435,-59.696136,-179.999481,359.999298,-134.999023,480.030853,179.999664,-10.489801,-179.999725,-0.490822,0.032596,1.242413,-0.006735,-11.892700,0.008117,
feedback,4.271897,1786413384741,8,Ry,-50.000000,-250.000000,-11.762237,38.237763,,,360.000061,-134.999191,479.999023,179.999435,-59.696136,-179.999481,359.995544,-134.999405,480.040100,179.999695,-10.395346,-179.999771,-0.627226,0.022050,1.447753,-0.014741,-11.762238,0.002591,
feedback,4.279659,1786413384749,8,Ry,-50.000000,-250.000000,-12.002563,37.997437,,,360.000061,-134.999191,479.999023,179.999435,-59.696136,-179.999481,359.992920,-134.999313,480.046448,179.999756,-10.299380,-179.999771,-0.269244,0.000958,0.668711,-0.027012,-12.002563,0.011777,
feedback,4.288938,1786413384758,8,Ry,-50.000000,-250.000000,-12.222290,37.777710,,,360.000061,-134.999191,479.999023,179.999435,-59.696136,-179.999481,359.989258,-134.999664,480.052917,179.999634,-10.202014,-179.999832,-0.552589,-0.075737,0.963486,0.009184,-12.222290,-0.001433,
feedback,4.296182,1786413384766,8,Ry,-50.000000,-250.000000,-12.318421,37.681579,,,360.000061,-134.999191,479.999023,179.999435,-59.696136,-179.999481,359.984833,-134.999283,480.059448,179.999603,-10.103961,-179.999771,-0.629639,0.031638,0.918003,0.019081,-12.318420,-0.010374,
feedback,4.305010,1786413384775,8,Ry,-50.000000,-250.000000,-12.448883,37.551117,,,360.000061,-134.999191,479.999023,179.999435,-59.696136,-179.999481,359.983276,-134.999496,480.059814,179.999634,-10.005936,-179.999771,0.052429,-0.064233,-0.195021,-0.013524,-12.448883,-0.004480,
feedback,4.312504,1786413384783,8,Ry,-50.000000,-250.000000,-12.174225,37.825775,,,360.000061,-134.999191,479.999023,179.999435,-59.696136,-179.999481,359.987640,-134.999451,480.051453,179.999725,-9.908322,-179.999771,0.632342,-0.096829,-1.248113,-0.005577,-12.174225,-0.005787,
feedback,4.321810,1786413384791,8,Ry,-50.000000,-250.000000,-12.016296,37.983704,,,360.000061,-134.999191,479.999023,179.999435,-59.696136,-179.999481,359.993958,-134.999359,480.037659,179.999664,-9.763138,-179.999771,0.584430,0.064235,-1.204257,0.014704,-12.016296,0.011305,
feedback,4.328907,1786413384800,8,Ry,-50.000000,-250.000000,-11.844635,38.155365,,,360.000061,-134.999191,479.999023,179.999435,-59.696136,-179.999481,359.996796,-134.999786,480.032135,179.999725,-9.668546,-179.999863,0.253421,-0.053689,-0.472809,-0.007928,-11.844635,-0.012482,
feedback,4.338096,1786413384808,8,Ry,-50.000000,-250.000000,-11.824036,38.175964,,,360.000061,-134.999191,479.999023,179.999435,-59.696136,-179.999481,359.995239,-134.999329,480.035339,179.999634,-9.573980,-179.999756,-0.279746,0.010546,0.440114,0.006776,-11.824036,-0.001142,
feedback,4.345095,1786413384817,8,Ry,-50.000000,-250.000000,-11.700439,38.299561,,,360.000061,-134.999191,479.999023,179.999435,-59.696136,-179.999481,359.992828,-134.999573,480.042633,179.999695,-9.480185,-179.999771,-0.299003,0.043142,0.919045,0.002262,-11.700439,0.020412,
feedback,4.354198,1786413384825,8,Ry,-50.000000,-250.000000,-11.604309,38.395691,,,360.000061,-134.999191,479.999023,179.999435,-59.696136,-179.999481,359.994751,-134.999405,480.040833,179.999695,-9.387515,-179.999802,0.203344,-0.064235,-0.176586,-0.013543,-11.604309,-0.004626,
feedback,4.361535,1786413384833,8,Ry,-50.000000,-250.000000,-11.748505,38.251495,,,360.000061,-134.999191,479.999023,179.999435,-59.696136,-179.999481,359.998932,-134.999268,480.035553,179.999725,-9.293802,-179.999756,0.435635,-0.064235,-0.590638,-0.014650,-11.748505,-0.011425,
feedback,4.369832,1786413384842,8,Ry,-50.000000,-250.000000,-11.899567,38.100433,,,360.000061,-134.999191,479.999023,179.999435,-59.696136,-179.999481,360.003021,-134.999619,480.028656,179.999725,-9.198660,-179.999863,0.460064,-0.053690,-0.919440,-0.010071,-11.899567,-0.026103,
feedback,4.377896,1786413384850,8,Ry,-50.000000,-250.000000,-12.036896,37.963104,,,360.000061,-134.999191,479.999023,179.999435,-59.696136,-179.999481,360.004883,-134.999405,480.025391,179.999695,-9.102420,-179.999771,0.023064,-0.043144,-0.253809,0.001092,-12.036896,-0.000086,
feedback,4.387087,1786413384855,8,Ry,-50.000000,-250.000000,-12.201691,37.798309,,,360.000061,-134.999191,479.999023,179.999435,-59.696136,-179.999481,360.004242,-134.999573,480.025635,179.999802,-9.053614,-179.999802,-0.147257,-0.042185,0.063054,-0.028198,-12.201691,-0.002459,
feedback,4.394317,1786413384864,8,Ry,-50.000000,-250.000000,-12.242889,37.757111,,,360.000061,-134.999191,479.999023,179.999435,-59.696136,-179.999481,360.006500,-134.999237,480.018250,179.999695,-8.905902,-179.999756,0.220750,0.043144,-0.747507,0.002138,-12.242889,0.020434,
feedback,4.402509,1786413384872,8,Ry,-50.000000,-250.000000,-11.899567,38.100433,,,360.000061,-134.999191,479.999023,179.999435,-59.696136,-179.999481,360.010437,-134.999405,480.008911,179.999695,-8.809634,-179.999802,0.374624,0.010546,-1.153219,0.005740,-11.899567,-0.007837,
feedback,4.410714,1786413384880,8,Ry,-50.000000,-250.000000,-11.837769,38.162231,,,360.000061,-134.999191,479.999023,179.999435,-59.696136,-179.999481,360.011932,-134.999573,480.003784,179.999695,-8.713367,-179.999802,0.115204,-0.031638,-0.345309,-0.021402,-11.837769,-0.003667,
feedback,4.419376,1786413384889,8,Ry,-50.000000,-250.000000,-11.872101,38.127899,,,360.000061,-134.999191,479.999023,179.999435,-59.696136,-179.999481,360.010773,-134.999451,480.005310,179.999725,-8.617594,-179.999832,-0.270042,0.065197,0.575453,-0.014601,-11.872101,0.009002,
feedback,4.426979,1786413384897,8,Ry,-50.000000,-250.000000,-11.817169,38.182831,,,360.000061,-134.999191,479.999023,179.999435,-59.696136,-179.999481,360.005005,-134.999542,480.014130,179.999680,-8.522837,-179.999863,-0.754250,0.043144,1.212020,-0.002035,-11.817169,-0.006715,
feedback,4.435823,1786413384906,8,Ry,-50.000000,-250.000000,-11.611176,38.388824,,,360.000061,-134.999191,479.999023,179.999435,-59.696136,-179.999481,360.000854,-134.999405,480.020355,179.999695,-8.429260,-179.999802,-0.361543,0.043143,0.584295,-0.001001,-11.611176,0.000074,
feedback,4.443422,1786413384914,8,Ry,-50.000000,-250.000000,-11.727905,38.272095,,,360.000061,-134.999191,479.999023,179.999435,-59.696136,-179.999481,360.000916,-134.999146,480.019409,179.999649,-8.335492,-179.999802,0.221749,0.010546,-0.489629,0.006805,-11.727905,-0.000995,
feedback,4.451979,1786413384923,8,Ry,-50.000000,-250.000000,-11.837768,38.162232,,,360.000061,-134.999191,479.999023,179.999435,-59.696136,-179.999481,360.002625,-134.999237,480.016083,179.999695,-8.241147,-179.999725,0.128534,-0.021092,-0.310883,-0.011611,-11.837769,0.015560,
feedback,4.459623,1786413384931,8,Ry,-50.000000,-250.000000,-11.824036,38.175964,,,360.000061,-134.999191,479.999023,179.999435,-59.696136,-179.999481,360.007385,-134.999237,480.006989,179.999588,-8.146747,-179.999802,0.807527,0.052731,-1.359404,0.032045,-11.824036,-0.018460,
feedback,4.467712,1786413384939,8,Ry,-50.000000,-250.000000,-12.160492,37.839508,,,360.000061,-134.999191,479.999023,179.999435,-59.696136,-179.999481,360.008118,-134.999573,480.001984,179.999695,-8.001205,-179.999832,-0.126379,0.043144,-0.156619,-0.000956,-12.160492,0.000067,
feedback,4.475973,1786413384948,8,Ry,-50.000000,-250.000000,-12.236023,37.763977,,,360.000061,-134.999191,479.999023,179.999435,-59.696136,-179.999481,360.008087,-134.999496,479.997711,179.999649,-7.902191,-179.999863,0.183775,-0.010546,-0.818394,-0.006801,-12.236023,0.000944,
feedback,4.484494,1786413384956,8,Ry,-50.000000,-250.000000,-12.036896,37.963104,,,360.000061,-134.999191,479.999023,179.999435,-59.696136,-179.999481,360.010681,-134.999405,479.989471,179.999710,-7.805758,-179.999802,0.073510,-0.043144,-0.774218,0.000006,-12.036896,-0.006866,
feedback,4.492439,1786413384964,8,Ry,-50.000000,-250.000000,-12.064362,37.935638,,,360.000061,-134.999191,479.999023,179.999435,-59.696136,-179.999481,360.012970,-134.999573,479.983246,179.999710,-7.709216,-179.999832,0.184904,-0.000000,-0.368193,-0.000921,-12.064362,-0.006804,
feedback,4.500487,1786413384973,8,Ry,-50.000000,-250.000000,-11.576843,38.423157,,,360.000061,-134.999191,479.999023,179.999435,-59.696136,-179.999481,360.011658,-134.999237,479.983093,179.999588,-7.615640,-179.999802,-0.408867,0.021092,0.351937,0.013617,-11.576843,-0.001820,
feedback,4.508866,1786413384977,8,Ry,-50.000000,-250.000000,-11.885834,38.114166,,,360.000061,-134.999191,479.999023,179.999435,-59.696136,-179.999481,360.010254,-134.999283,479.984833,179.999619,-7.568097,-179.999771,-0.349222,-0.010546,0.440081,-0.005897,-11.885834,0.007711,
feedback,4.516789,1786413384986,8,Ry,-50.000000,-250.000000,-11.782837,38.217163,,,360.000061,-134.999191,479.999023,179.999435,-59.696136,-179.999481,360.002625,-134.998856,479.994751,179.999573,-7.473889,-179.999802,-0.919680,0.021091,1.242014,0.011847,-11.782837,-0.015403,
feedback,4.524978,1786413384994,8,Ry,-50.000000,-250.000000,-11.844635,38.155365,,,360.000061,-134.999191,479.999023,179.999435,-59.696136,-179.999481,359.995941,-134.999023,480.003387,179.999557,-7.379571,-179.999756,-0.651521,0.053688,0.845448,0.009467,-11.844635,0.026413,
feedback,4.533421,1786413385003,8,Ry,-50.000000,-250.000000,-11.920166,38.079834,,,360.000061,-134.999191,479.999023,179.999435,-59.696136,-179.999481,359.993225,-134.998978,480.005157,179.999649,-7.284650,-179.999756,-0.302607,0.065192,0.222834,-0.013605,-11.920166,0.015474,
feedback,4.541405,1786413385012,8,Ry,-50.000000,-250.000000,-12.146759,37.853241,,,360.000061,-134.999191,479.999023,179.999435,-59.696136,-179.999481,359.990082,-134.999573,480.007782,179.999710,-7.140207,-179.999893,-0.164638,-0.064234,0.265419,-0.017040,-12.146759,-0.032412,
feedback,4.549517,1786413385020,8,Ry,-50.000000,-250.000000,-12.339020,37.660980,,,360.000061,-134.999191,479.999023,179.999435,-59.696136,-179.999481,359.987762,-134.999573,480.010284,179.999710,-7.041989,-179.999832,-0.253900,0.043142,0.280563,0.000000,-12.339020,0.006866,
feedback,4.557736,1786413385029,8,Ry,-50.000000,-250.000000,-12.284088,37.715912,,,360.000061,-134.999191,479.999023,179.999435,-59.696136,-179.999481,359.986847,-134.999496,480.011047,179.999756,-6.943414,-179.999802,-0.003754,0.065191,0.053738,-0.013626,-12.284088,0.015393,
feedback,4.565890,1786413385037,8,Ry,-50.000000,-250.000000,-12.146759,37.853241,,,360.000061,-134.999191,479.999023,179.999435,-59.696136,-179.999481,359.990356,-134.999329,480.002716,179.999649,-6.845938,-179.999832,0.643339,0.000000,-1.237923,0.000824,-12.146759,0.006817,
feedback,4.574127,1786413385045,8,Ry,-50.000000,-250.000000,-12.167358,37.832642,,,360.000061,-134.999191,479.999023,179.999435,-59.696136,-179.999481,359.994415,-134.999146,479.995483,179.999664,-6.749451,-179.999832,0.580570,0.075739,-1.068393,-0.008421,-12.167358,0.000902,
feedback,4.582198,1786413385054,8,Ry,-50.000000,-250.000000,-11.769104,38.230896,,,360.000061,-134.999191,479.999023,179.999435,-59.696136,-179.999481,359.998260,-134.999054,479.989777,179.999710,-6.654447,-179.999802,0.312190,-0.064235,-0.598417,-0.015215,-11.769104,-0.018915,
feedback,4.590921,1786413385062,8,Ry,-50.000000,-250.000000,-11.830902,38.169098,,,360.000061,-134.999191,479.999023,179.999435,-59.696136,-179.999481,359.995056,-134.999374,479.994019,179.999573,-6.561007,-179.999832,-0.459635,-0.000958,0.512441,0.027286,-11.830902,-0.010005,
feedback,4.598780,1786413385071,8,Ry,-50.000000,-250.000000,-11.865234,38.134766,,,360.000061,-134.999191,479.999023,179.999435,-59.696136,-179.999481,359.988586,-134.999283,480.004150,179.999619,-6.466196,-179.999802,-0.885808,-0.043142,1.430813,0.000006,-11.865234,-0.006866,
feedback,4.606888,1786413385079,8,Ry,-50.000000,-250.000000,-11.734772,38.265228,,,360.000061,-134.999191,479.999023,179.999435,-59.696136,-179.999481,359.985107,-134.999329,480.008942,179.999649,-6.372125,-179.999786,-0.074211,0.022049,0.121971,-0.013642,-11.734772,0.008391,
feedback,4.615093,1786413385087,8,Ry,-50.000000,-250.000000,-11.940765,38.059235,,,360.000061,-134.999191,479.999023,179.999435,-59.696136,-179.999481,359.987366,-134.999710,480.004730,179.999680,-6.230072,-179.999863,0.224817,-0.107376,-0.409985,-0.013658,-11.940765,-0.012243,
feedback,4.623170,1786413385096,8,Ry,-50.000000,-250.000000,-11.947632,38.052368,,,360.000061,-134.999191,479.999023,179.999435,-59.696136,-179.999481,359.991638,-134.999451,479.999634,179.999634,-6.134738,-179.999863,0.367557,0.000000,-0.268531,-0.001468,-11.947632,-0.013654,
feedback,4.631612,1786413385104,8,Ry,-50.000000,-250.000000,-12.119293,37.880707,,,360.000061,-134.999191,479.999023,179.999435,-59.696136,-179.999481,359.995453,-134.999191,479.994598,179.999680,-6.036932,-179.999756,0.303906,0.032597,-0.399194,-0.005372,-12.119293,0.021245,
feedback,4.639651,1786413385108,8,Ry,-50.000000,-250.000000,-12.442017,37.557983,,,360.000061,-134.999191,479.999023,179.999435,-59.696136,-179.999481,359.996857,-134.999283,479.992065,179.999619,-5.987164,-179.999802,0.365821,-0.022050,-0.624652,0.012948,-12.442017,-0.015128,
feedback,4.648414,1786413385117,8,Ry,-50.000000,-250.000000,-12.297821,37.702179,,,360.000061,-134.999191,479.999023,179.999435,-59.696136,-179.999481,360.000122,-134.999237,479.985962,179.999710,-5.889112,-179.999802,0.512538,-0.031638,-0.865415,-0.020479,-12.297821,0.002114,
feedback,4.656268,1786413385125,8,Ry,-50.000000,-250.000000,-11.968231,38.031769,,,360.000061,-134.999191,479.999023,179.999435,-59.696136,-179.999481,360.006653,-134.999283,479.974823,179.999634,-5.792295,-179.999832,0.882974,-0.086288,-1.588992,-0.000687,-11.968231,-0.020564,
feedback,4.665076,1786413385134,8,Ry,-50.000000,-250.000000,-11.810303,38.189697,,,360.000061,-134.999191,479.999023,179.999435,-59.696136,-179.999481,360.010925,-134.999451,479.968628,179.999619,-5.696988,-179.999786,0.515520,-0.032598,-0.746950,0.009559,-11.810303,0.019782,
feedback,4.672259,1786413385142,8,Ry,-50.000000,-250.000000,-11.775971,38.224029,,,360.000061,-134.999191,479.999023,179.999435,-59.696136,-179.999481,360.009979,-134.999451,479.971222,179.999634,-5.602670,-179.999863,-0.162859,0.000000,0.402240,-0.000670,-11.775970,-0.006834,
feedback,4.681171,1786413385151,8,Ry,-50.000000,-250.000000,-11.803436,38.196564,,,360.000061,-134.999191,479.999023,179.999435,-59.696136,-179.999481,360.005707,-134.999329,479.979126,179.999649,-5.508298,-179.999802,-0.599409,-0.021093,1.042140,-0.013005,-11.803436,0.008153,
feedback,4.689259,1786413385159,8,Ry,-50.000000,-250.000000,-11.762238,38.237762,,,360.000061,-134.999191,479.999023,179.999435,-59.696136,-179.999481,360.001740,-134.999664,479.985321,179.999664,-5.413953,-179.999893,-0.338131,-0.128471,0.470723,-0.027349,-11.762238,-0.011141,
feedback,4.697648,1786413385168,8,Ry,-50.000000,-250.000000,-11.988831,38.011169,,,360.000061,-134.999191,479.999023,179.999435,-59.696136,-179.999481,360.001740,-134.999100,479.986694,179.999634,-5.272174,-179.999802,0.078576,0.064236,0.112773,0.013686,-11.988831,0.005605,
feedback,4.705377,1786413385176,8,Ry,-50.000000,-250.000000,-11.981964,38.018036,,,360.000061,-134.999191,479.999023,179.999435,-59.696136,-179.999481,360.004395,-134.998978,479.983887,179.999649,-5.175989,-179.999725,0.452941,0.139978,-0.533534,0.008095,-11.981964,0.033657,
feedback,4.713634,1786413385184,8,Ry,-50.000000,-250.000000,-12.187958,37.812042,,,360.000061,-134.999191,479.999023,179.999435,-59.696136,-179.999481,360.006348,-134.999283,479.981079,179.999634,-5.079117,-179.999832,0.177208,0.000000,-0.191873,-0.001210,-12.187958,-0.013679,
feedback,4.722324,1786413385193,8,Ry,-50.000000,-250.000000,-12.496948,37.503052,,,360.000061,-134.999191,479.999023,179.999435,-59.696136,-179.999481,360.004822,-134.999100,479.982758,179.999634,-4.980212,-179.999756,-0.388083,-0.032598,0.583487,0.006853,-12.496948,-0.007463,
feedback,4.730041,1786413385201,8,Ry,-50.000000,-250.000000,-12.284088,37.715912,,,360.000061,-134.999191,479.999023,179.999435,-59.696136,-179.999481,360.005341,-134.999496,479.980652,179.999664,-4.881775,-179.999893,0.242936,-0.043144,-0.519124,-0.000584,-12.284088,-0.013708,
feedback,4.738719,1786413385210,8,Ry,-50.000000,-250.000000,-12.201691,37.798309,,,360.000061,-134.999191,479.999023,179.999435,-59.696136,-179.999481,360.010010,-134.999832,479.972046,179.999649,-4.785013,-179.999863,0.338593,-0.129434,-0.821590,0.000561,-12.201691,-0.013757,
feedback,4.745927,1786413385218,8,Ry,-50.000000,-250.000000,-11.830902,38.169098,,,360.000061,-134.999191,479.999023,179.999435,-59.696136,-179.999481,360.011383,-134.999283,479.969208,179.999634,-4.689926,-179.999832,0.193698,0.032599,-0.427552,-0.007399,-11.830902,0.000584,
feedback,4.754958,1786413385226,8,Ry,-50.000000,-250.000000,-11.878967,38.121033,,,360.000061,-134.999191,479.999023,179.999435,-59.696136,-179.999481,360.009155,-134.999405,479.972900,179.999603,-4.594894,-179.999802,-0.507974,0.031638,0.828490,0.021633,-11.878967,0.012039,
feedback,4.762625,1786413385235,8,Ry,-50.000000,-250.000000,-11.975098,38.024902,,,360.000061,-134.999191,479.999023,179.999435,-59.696136,-179.999481,360.000946,-134.999191,479.985229,179.999695,-4.500412,-179.999832,-1.125883,-0.021093,1.684508,-0.015295,-11.975098,-0.019458,
feedback,4.772026,1786413385243,8,Ry,-50.000000,-250.000000,-11.830902,38.169098,,,360.000061,-134.999191,479.999023,179.999435,-59.696136,-179.999481,359.993011,-134.998978,479.995483,179.999664,-4.406012,-179.999786,-0.775539,0.096830,1.186064,0.006336,-11.830902,0.006359,
feedback,4.778805,1786413385252,8,Ry,-50.000000,-250.000000,-12.016296,37.983704,,,360.000061,-134.999191,479.999023,179.999435,-59.696136,-179.999481,359.988220,-134.999100,480.001923,179.999634,-4.262009,-179.999802,-0.463450,-0.000000,0.456400,-0.000499,-12.016296,-0.006847,
feedback,4.788025,1786413385256,8,Ry,-50.000000,-250.000000,-12.222290,37.777710,,,360.000061,-134.999191,479.999023,179.999435,-59.696136,-179.999481,359.986664,-134.999329,480.003998,179.999649,-4.213120,-179.999786,-0.385713,-0.053688,0.519413,-0.005833,-12.222290,0.007334,
feedback,4.795276,1786413385264,8,Ry,-50.000000,-250.000000,-12.325287,37.674713,,,360.000061,-134.999191,479.999023,179.999435,-59.696136,-179.999481,359.980042,-134.999542,480.014618,179.999680,-4.114682,-179.999802,-1.001876,-0.043141,1.615535,0.000493,-12.325287,-0.000018,
feedback,4.804283,1786413385273,8,Ry,-50.000000,-250.000000,-12.545013,37.454987,,,360.000061,-134.999191,479.999023,179.999435,-59.696136,-179.999481,359.974304,-134.999664,480.022064,179.999664,-4.014926,-179.999863,-0.462490,-0.053686,0.609401,-0.006375,-12.545013,0.000464,
feedback,4.811891,1786413385281,8,Ry,-50.000000,-250.000000,-12.290955,37.709045,,,360.000061,-134.999191,479.999023,179.999435,-59.696136,-179.999481,359.975433,-134.999664,480.020538,179.999664,-3.915610,-179.999893,0.188107,-0.075735,-0.402234,0.007313,-12.290955,-0.007351,
feedback,4.820778,1786413385289,8,Ry,-50.000000,-250.000000,-12.277222,37.722778,,,360.000061,-134.999191,479.999023,179.999435,-59.696136,-179.999481,359.977295,-134.999451,480.017059,179.999634,-3.817859,-179.999863,0.104617,-0.022048,-0.175458,0.013245,-12.277222,-0.014632,
feedback,4.827971,1786413385298,8,Ry,-50.000000,-250.000000,-11.755371,38.244629,,,360.000061,-134.999191,479.999023,179.999435,-59.696136,-179.999481,359.978607,-134.999496,480.015656,179.999664,-3.722470,-179.999832,0.028417,-0.053687,0.097077,-0.006406,-11.755371,0.000431,
feedback,4.837229,1786413385306,8,Ry,-50.000000,-250.000000,-11.913300,38.086700,,,360.000061,-134.999191,479.999023,179.999435,-59.696136,-179.999481,359.977600,-134.999237,480.017609,179.999603,-3.627026,-179.999786,-0.420885,-0.022048,0.740722,0.013711,-11.913300,-0.007735,
feedback,4.844548,1786413385315,8,Ry,-50.000000,-250.000000,-11.782837,38.217163,,,360.000061,-134.999191,479.999023,179.999435,-59.696136,-179.999481,359.971588,-134.999283,480.025757,179.999634,-3.532599,-179.999863,-0.771455,-0.043140,0.965323,-0.001687,-11.782837,-0.034280,
feedback,4.853293,1786413385323,8,Ry,-50.000000,-250.000000,-11.672974,38.327026,,,360.000061,-134.999191,479.999023,179.999435,-59.696136,-179.999481,359.969666,-134.999237,480.027802,179.999603,-3.439353,-179.999802,0.137077,-0.075733,-0.266234,0.006860,-11.672974,-0.014145,
feedback,4.860476,1786413385332,8,Ry,-50.000000,-250.000000,-11.755371,38.244629,,,360.000061,-134.999191,479.999023,179.999435,-59.696136,-179.999481,359.973541,-134.999405,480.021484,179.999603,-3.298590,-179.999832,0.332782,-0.043140,-0.629947,0.000395,-11.755371,-0.000011,
feedback,4.869381,1786413385340,8,Ry,-50.000000,-250.000000,-12.153625,37.846375,,,360.000061,-134.999191,479.999023,179.999435,-59.696136,-179.999481,359.976898,-134.999664,480.017456,179.999664,-3.202927,-179.999863,0.632181,-0.010546,-0.718103,-0.006862,-12.153625,0.000384,
feedback,4.876872,1786413385348,8,Ry,-50.000000,-250.000000,-12.428284,37.571716,,,360.000061,-134.999191,479.999023,179.999435,-59.696136,-179.999481,359.976746,-134.999496,480.018494,179.999557,-3.105231,-179.999832,0.076492,0.031638,0.041193,0.021307,-12.428284,0.012597,
feedback,4.886018,1786413385357,8,Ry,-50.000000,-250.000000,-12.352753,37.647247,,,360.000061,-134.999191,479.999023,179.999435,-59.696136,-179.999481,359.978180,-134.999573,480.016693,179.999725,-3.006244,-179.999863,0.163305,-0.021092,-0.297082,-0.014074,-12.352753,-0.006137,
feedback,4.893320,1786413385365,8,Ry,-50.000000,-250.000000,-11.988831,38.011169,,,360.000061,-134.999191,479.999023,179.999435,-59.696136,-179.999481,359.980957,-134.999329,480.012543,179.999664,-2.909235,-179.999802,0.217789,-0.021092,-0.297568,-0.014058,-11.988831,-0.006161,
feedback,4.901532,1786413385374,8,Ry,-50.000000,-250.000000,-12.263489,37.736511,,,360.000061,-134.999191,479.999023,179.999435,-59.696136,-179.999481,359.985962,-134.998932,480.005798,179.999741,-2.811703,-179.999695,0.825794,0.032597,-1.024465,-0.006161,-12.263489,0.020920,
feedback,4.909751,1786413385379,8,Ry,-50.000000,-250.000000,-12.071228,37.928772,,,360.000061,-134.999191,479.999023,179.999435,-59.696136,-179.999481,359.986786,-134.998978,480.005096,179.999664,-2.763419,-179.999725,0.220510,-0.011503,-0.171825,0.020593,-12.071228,-0.007860,
feedback,4.917943,1786413385388,8,Ry,-50.000000,-250.000000,-11.789703,38.210297,,,360.000061,-134.999191,479.999023,179.999435,-59.696136,-179.999481,359.981537,-134.999573,480.013123,179.999725,-2.621393,-179.999863,-0.506185,-0.064233,0.834070,-0.014033,-11.789703,-0.013098,
feedback,4.926186,1786413385397,8,Ry,-50.000000,-250.000000,-11.563110,38.436890,,,360.000061,-134.999191,479.999023,179.999435,-59.696136,-179.999481,359.979919,-134.999405,480.016083,179.999725,-2.528339,-179.999832,-0.001542,-0.043141,0.047989,-0.000600,-11.563110,-0.020586,
feedback,4.934425,1786413385405,8,Ry,-50.000000,-250.000000,-11.638641,38.361359,,,360.000061,-134.999191,479.999023,179.999435,-59.696136,-179.999481,359.983795,-134.999146,480.011566,179.999664,-2.435422,-179.999786,0.705718,0.065191,-0.730567,-0.014001,-11.638641,0.007456,
feedback,4.942613,1786413385414,8,Ry,-50.000000,-250.000000,-11.762237,38.237763,,,360.000061,-134.999191,479.999023,179.999435,-59.696136,-179.999481,359.988495,-134.999405,480.005280,179.999710,-2.341214,-179.999786,0.684820,0.043142,-0.842855,0.000286,-11.762238,0.013727,
feedback,4.950949,1786413385422,8,Ry,-50.000000,-250.000000,-12.043762,37.956238,,,360.000061,-134.999191,479.999023,179.999435,-59.696136,-179.999481,359.994537,-134.999496,479.997864,179.999664,-2.245935,-179.999863,0.495302,0.021092,-0.461295,0.013722,-12.043762,-0.000538,
feedback,4.959169,1786413385431,8,Ry,-50.000000,-250.000000,-12.174225,37.825775,,,360.000061,-134.999191,479.999023,179.999435,-59.696136,-179.999481,359.996124,-134.999191,479.997498,179.999695,-2.148898,-179.999786,-0.073204,-0.043143,0.438645,0.000012,-12.174225,-0.006866,
feedback,4.967119,1786413385439,8,Ry,-50.000000,-250.000000,-12.263489,37.736511,,,360.000061,-134.999191,479.999023,179.999435,-59.696136,-179.999481,359.999390,-134.999268,479.995575,179.999741,-2.049554,-179.999756,0.549842,0.011505,-0.366912,-0.020329,-12.263489,0.014465,
feedback,4.975803,1786413385447,8,Ry,-50.000000,-250.000000,-12.187958,37.812042,,,360.000061,-134.999191,479.999023,179.999435,-59.696136,-179.999481,360.010437,-134.999496,479.983734,179.999664,-1.903299,-179.999832,0.713318,-0.044104,-0.575122,0.027223,-12.187958,-0.021508,
feedback,4.983637,1786413385456,8,Ry,-50.000000,-250.000000,-12.043762,37.956238,,,360.000061,-134.999191,479.999023,179.999435,-59.696136,-179.999481,360.015320,-134.999573,479.980469,179.999725,-1.806482,-179.999863,0.318155,-0.021092,-0.013780,-0.013943,-12.043762,-0.006430,
feedback,4.992391,1786413385464,8,Ry,-50.000000,-250.000000,-12.139892,37.860108,,,360.000061,-134.999191,479.999023,179.999435,-59.696136,-179.999481,360.011902,-134.999573,479.989685,179.999725,-1.710379,-179.999863,-0.414706,0.022052,1.268924,-0.013522,-12.139893,0.014140,
feedback,5.000511,1786413385473,8,Ry,-50.000000,-250.000000,-11.844635,38.155365,,,360.000061,-134.999191,479.999023,179.999435,-59.696136,-179.999481,360.005981,-134.999359,480.002808,179.999695,-1.615292,-179.999802,-0.568516,0.064236,1.359809,0.013927,-11.844635,0.013343,
feedback,5.009275,1786413385477,8,Ry,-50.000000,-250.000000,-11.727905,38.272095,,,360.000061,-134.999191,479.999023,179.999435,-59.696136,-179.999481,360.003693,-134.999664,480.008423,179.999664,-1.568381,-179.999893,-0.569623,-0.075741,1.408800,0.006670,-11.727905,-0.020785,
feedback,5.016842,1786413385485,8,Ry,-50.000000,-250.000000,-11.796570,38.203430,,,360.000061,-134.999191,479.999023,179.999435,-59.696136,-179.999481,360.002136,-134.999329,480.016663,179.999664,-1.473322,-179.999786,-0.416519,-0.011505,1.322483,0.020775,-11.796570,-0.000532,
feedback,5.024865,1786413385494,8,Ry,-50.000000,-250.000000,-12.201691,37.798309,,,360.000061,-134.999191,479.999023,179.999435,-59.696136,-179.999481,360.001343,-134.999146,480.023895,179.999664,-1.376065,-179.999802,-0.135988,0.053689,1.097955,0.006711,-12.201691,-0.000163,
